link,endereco,bairro,descricao,preco,avaliacao,desconto,modalidade,foto,cidade,estado,financiamento
1444417119316,"RUA SDO, N. 324, QUADRA 03 LOTE 15",TRAV MONGUBAS-SEDE,"Casa, 76.75 de área total, 76.75 de área privativa, 150.00 de área do terreno,  2 qto(s), varanda, a.serv, WC, 2 sala(s), cozinha, 1 vaga(s) de garagem.",170000.0,170000.0,0.0,Leilão SFI - Edital Único,,ACARAU,CE,Não
8444425496245,"RUA SDO 248  RUA PROJETADA 03, N. 40, QD 2 LT 31",MORADAS DO OLIMPO,"Casa, 84.00 de área total, 84.00 de área privativa, 200.00 de área do terreno,  3 qto(s), a.serv, WC, 1 sala(s), cozinha, 1 vaga(s) de garagem.",153140.71,140000.0,0.0,Leilão SFI - Edital Único,,ACARAU,CE,Não
8555535630916,"RUA ERNESTO BENTO DE FREITA, N. 856, CS 15 VAGA 15",TAPERA,"Casa, 0.00 de área total, 77.00 de área privativa, 89.25 de área do terreno,  2 qto(s), a.serv, WC, 1 sala(s), cozinha, 1 vaga(s) de garagem.",84540.86,152000.0,44.39,Venda Direta Online,,AQUIRAZ,CE,Não
1444406878245,"RUA A, N. SN, LT 12 13 28 E 29 QD 02",PAU POMBO,"Casa, 445.00 de área total, 445.00 de área privativa, 1584.00 de área do terreno,  3 qto(s), a.serv, WC, 1 sala(s), cozinha.",392027.95,665000.0,41.05,Venda Direta Online,,AQUIRAZ,CE,Sim
8444427341532,"AVENIDA  ANCHOVA, N. 949, Apto 104,",CHACARAS DA PRAINHA,"Apartamento, 60.82 de área total, 51.05 de área privativa, 0.00 de área do terreno,  2 qto(s), WC, 1 sala(s), cozinha, 1 vaga(s) de garagem.",92444.76,156000.0,40.75,Licitação Aberta,,AQUIRAZ,CE,Não
8444417625074,"RUA A, N. 84-B, LT 09, QD B",PLANAL NOVA AQUIRAZ,"Casa, 0.00 de área total, 69.48 de área privativa, 195.18 de área do terreno,  2 qto(s), a.serv, WC, 1 sala(s), cozinha, 1 vaga(s) de garagem.",132970.97,220000.0,39.56,Licitação Aberta,,AQUIRAZ,CE,Não
8787715831708,"RUA VIA LOCAL D8, N. 428,",AQUIRAZ,"Casa, 65.18 de área total, 65.18 de área privativa, 150.00 de área do terreno,  2 qto(s), a.serv, WC, 1 sala(s), cozinha.",126926.84,210000.0,39.56,Venda Direta Online,,AQUIRAZ,CE,Não
8444426222130,"RUA ROSA, N. 53, TERRENO 07 LT 01 QD I",SANTA MARIA,"Casa, 0.00 de área total, 73.30 de área privativa, 198.00 de área do terreno.",185000.0,185000.0,0.0,Leilão SFI - Edital Único,,AQUIRAZ,CE,Não
10278239,"RODVIA CE 176(EST QUE LIGA ARATAMA A ASSARE), N. SN, VILA ARATAMA",CENTRO,"Gleba, 0.00 de área total, 0.00 de área privativa, 16333.00 de área do terreno.",265329.87,427000.0,37.87,Venda Direta Online,,ASSARE,CE,Sim
1444407360835,"QUADRA B-3, N. SN, LOTE 19",TUPINAMBA,"Casa, 0.00 de área total, 264.34 de área privativa, 365.22 de área do terreno,  2 qto(s), varanda, a.serv, WC, 3 sala(s), cozinha, 1 vaga(s) de garagem.",624568.01,980000.0,36.27,Licitação Aberta,,BARBALHA,CE,Sim
1444400213659,"RUA 13 C, N. 13, LT 13 QD 15",MORRO BRANCO,"Casa, 0.00 de área total, 242.66 de área privativa, 900.00 de área do terreno.",462594.58,725850.0,36.27,Licitação Aberta,,BEBERIBE,CE,Sim
8444411658809,"RUA LUIZ UCHOA VIANA, N. 201,",BAIRRO TIBIQUARI,"Casa, 78.00 de área total, 78.00 de área privativa, 160.00 de área do terreno,  2 qto(s), a.serv, WC, 1 sala(s), cozinha.",75305.5,130000.0,42.08,Licitação Aberta,,BOA VIAGEM,CE,Não
10284146,"RUA FREI COSMO, N. S/N, Unidade SN",CENTRO,"Terreno, 0.00 de área total, 0.00 de área privativa, 900.00 de área do terreno.",80732.2,133600.0,39.58,Venda Online,,CANINDE,CE,Não
1444413200496,"RUA JOSE PEREIRA DA CRUZ, N. 1848, LOTE 04 QUADRA 10",CACHOEIRA DA PASTA,"Casa, 83.00 de área total, 83.00 de área privativa, 150.00 de área do terreno.",162402.92,163000.0,0.37,Leilão SFI - Edital Único,,CANINDE,CE,Não
1444414598795,"RUA RAIMUNDO DE SOUSA FREITAS, N. SN, LT 16, QD E",SITIO CEDRON,"Casa, 0.00 de área total, 131.67 de área privativa, 384.53 de área do terreno,  3 qto(s), a.serv, WC, 1 sala(s), cozinha, 1 vaga(s) de garagem.",27266.42,45000.0,39.41,Venda Direta Online,,CARIRIACU,CE,Não
8444417033452,"RUA A, N. 2236-A, LOT RES JARDIM PRIMAVERA",JARDIM PRIMAVERA,"Casa, 72.35 de área total, 72.35 de área privativa, 135.57 de área do terreno,  2 qto(s), a.serv, WC, 1 sala(s), cozinha.",64878.59,128000.0,49.32,Venda Direta Online,,CASCAVEL,CE,Não
8444411872150,"ESTRADA DO FIO TELÉGRAFO, N. 932,",CORRENTES NEVES,"Casa, 99.93 de área total, 99.93 de área privativa, 183.90 de área do terreno,  2 qto(s), a.serv, WC, 1 sala(s), cozinha, 2 vaga(s) de garagem.",159199.17,260000.0,38.77,Venda Direta Online,,CASCAVEL,CE,Sim
1555527865642,"ESTRADA VACA MOTA, N. SN, ROD CE 253 A ROD A CE 040",TIJUCUSSU,"Casa, 0.00 de área total, 366.52 de área privativa, 25900.00 de área do terreno.",1463273.63,2296000.0,36.27,Licitação Aberta,,CASCAVEL,CE,Não
10203828,"RODOVIA CE-085 (RODOVIA ESTRUTURANTE), N. 00, KM 21 E 22",ALTO DO GARROTE,"Gleba Urbana, 0.00 de área total, 0.00 de área privativa, 50000.00 de área do terreno.",547402.27,1630000.0,66.42,Venda Online,,CAUCAIA,CE,Sim
1444417110548,"RUA 07, N. 755, CS 01 LOT LINO DA SILVEIRA",TOCO (JUREMA),"Casa, 0.00 de área total, 48.64 de área privativa, 0.00 de área do terreno,  2 qto(s), a.serv, WC, 1 sala(s), cozinha, 1 vaga(s) de garagem.",52538.2,150000.0,64.98,Venda Direta Online,,CAUCAIA,CE,Não
8444430072903,"RUA CAMPOS VERDES, N. 54, Apto 406, BL B, ATUAL RUA JANDAIGUABINHA",JANDAIGUABA,"Apartamento, 0.00 de área total, 50.80 de área privativa, 0.00 de área do terreno,  3 qto(s), WC, 1 sala(s), cozinha, 1 vaga(s) de garagem.",66943.55,169000.0,60.39,Venda Online,,CAUCAIA,CE,Não
8444405423919,"RUA GOV PLACIDO ADERALDO CASTELO, N. 104, Apto 103,",CAPUAN,"Apartamento, 64.44 de área total, 57.33 de área privativa, 0.00 de área do terreno,  2 qto(s), 1 vaga(s) de garagem.",84899.61,154524.33,45.06,Venda Online,,CAUCAIA,CE,Não
8787716931560,"RUA QUINZE DE NOVEMBRO, N. 941, Apto 304, BL 11",ITAMBE,"Apartamento, 64.51 de área total, 47.76 de área privativa, 0.00 de área do terreno,  2 qto(s), WC, 1 sala(s), cozinha, 1 vaga(s) de garagem.",126926.84,210000.0,39.56,Venda Online,,CAUCAIA,CE,Não
8787712419903,"RUA L, N. SN, Apto 401, BL E",CIGANA,"Apartamento, 95.86 de área total, 74.60 de área privativa, 0.00 de área do terreno,  2 qto(s), WC, 1 sala(s), cozinha, 1 vaga(s) de garagem.",129948.9,215000.0,39.56,Venda Direta Online,,CAUCAIA,CE,Não
8787714326279,"RUA L, N. SN, Apto 203, BL B TIPO A PAV 1",CIGANA,"Apartamento, 41.49 de área total, 41.49 de área privativa, 0.00 de área do terreno, 1 vaga(s) de garagem.",116999.55,193575.34,39.56,Venda Direta Online,,CAUCAIA,CE,Não
8787710670242,"RUA IDEALISTA, N. 355, Apto 403, BL 11",MARECHAL RONDON (JUREMA),"Apartamento, 84.49 de área total, 42.64 de área privativa, 0.00 de área do terreno,  2 qto(s), WC, 1 sala(s), cozinha, 1 vaga(s) de garagem.",142037.17,235000.0,39.56,Venda Direta Online,,CAUCAIA,CE,Não
8444402118007,"RUA INA FARIAS, N. 218, CS 04 TERREO",CAMURUPIM,"Casa, 70.13 de área total, 70.13 de área privativa, 70.13 de área do terreno,  3 qto(s), varanda, a.serv, WC, 1 sala(s), cozinha, 1 vaga(s) de garagem.",113025.32,187000.0,39.56,Venda Direta Online,,CAUCAIA,CE,Não
8787706743028,"RUA NORMA GUILHON MITOSO, N. 100, Apto 103, BLOCO 22 1º PAVIMENTO",PAUMIRIM,"Apartamento, 47.45 de área total, 42.64 de área privativa, 0.00 de área do terreno,  2 qto(s), WC, 1 sala(s), cozinha, 1 vaga(s) de garagem.",126001.64,170000.0,25.89,Leilão SFI - Edital Único,,CAUCAIA,CE,Não
8444424513928,"RUA SITIO NOVA CONQUISTA, N. 369, LOTE 06",CURICACA,"Casa, 71.35 de área total, 71.35 de área privativa, 144.90 de área do terreno,  2 qto(s), a.serv, WC, 1 sala(s), cozinha, Terraco, 1 vaga(s) de garagem.",150772.77,191000.0,21.07,Leilão SFI - Edital Único,,CAUCAIA,CE,Não
8787701882291,"AVENIDA CENTRAL, N. 184, Apto 404, BLOCO 34 4º PAVIMENTO",ARATURI,"Apartamento, 47.18 de área total, 42.64 de área privativa, 0.00 de área do terreno,  2 qto(s), WC, 1 sala(s), cozinha, 1 vaga(s) de garagem.",134518.47,165000.0,18.48,Leilão SFI - Edital Único,,CAUCAIA,CE,Não
1444419523823,"RUA FILGUEIRAS SAMPAIO, N. 853, CASA 01",PARQUE LEBLON,"Casa, 96.41 de área total, 96.41 de área privativa, 0.00 de área do terreno, 1 vaga(s) de garagem.",194827.16,230000.0,15.3,Leilão SFI - Edital Único,,CAUCAIA,CE,Não
8444411211758,"RUA TAMPICO, N. 2060, Apto 103, PAV TERR  TP A VG 05 LT34 QD 73",PQ POTIRA,"Apartamento, 50.58 de área total, 45.35 de área privativa, 0.00 de área do terreno,  2 qto(s), a.serv, WC, 1 sala(s), cozinha, 1 vaga(s) de garagem.",160000.0,160000.0,0.0,Leilão SFI - Edital Único,,CAUCAIA,CE,Não
8787702154397,"AVENIDA CENTRAL, N. 184, Apto 403, BL 34 TIPO 01 4º PAVIMENTO",ARATURI,"Apartamento, 47.17 de área total, 42.64 de área privativa, 0.00 de área do terreno,  2 qto(s), WC, 1 sala(s), cozinha, 1 vaga(s) de garagem.",167000.0,167000.0,0.0,Leilão SFI - Edital Único,,CAUCAIA,CE,Não
8787704011925,"AVENIDA CENTRAL, N. 184, Apto 201, BL 22 TP 1 PAV 2",ARATURI,"Apartamento, 47.18 de área total, 42.64 de área privativa, 0.00 de área do terreno,  2 qto(s), WC, 1 sala(s), cozinha, 1 vaga(s) de garagem.",160000.0,160000.0,0.0,Leilão SFI - Edital Único,,CAUCAIA,CE,Não
8787704128920,"AVENIDA CENTRAL, N. 184, Apto 402, BL 17 TP 1 PAV 4",ARATURI,"Apartamento, 47.18 de área total, 42.64 de área privativa, 0.00 de área do terreno,  2 qto(s), WC, 1 sala(s), cozinha, 1 vaga(s) de garagem.",160000.0,160000.0,0.0,Leilão SFI - Edital Único,,CAUCAIA,CE,Não
8787705174941,"AVENIDA CENTRAL, N. 184, Apto 304, BL 19 TP 1 PAV 3",ARATURI,"Apartamento, 47.18 de área total, 42.64 de área privativa, 0.00 de área do terreno,  2 qto(s), WC, 1 sala(s), cozinha, 1 vaga(s) de garagem.",160000.0,160000.0,0.0,Leilão SFI - Edital Único,,CAUCAIA,CE,Não
8787704010317,"RUA A1/ AVENIDA CENTRAL, N. 184, Apto 401, BL 17",ARATURI (JUREMA),"Apartamento, 42.64 de área total, 42.64 de área privativa, 0.00 de área do terreno,  2 qto(s), a.serv, WC, 1 sala(s), cozinha, Terraco.",172000.0,172000.0,0.0,Leilão SFI - Edital Único,,CAUCAIA,CE,Não
8787708935137,"RUA 15 DE NOVEMBRO, N. 951, Apto 501, BL 6 PAV 4 VG 86",ITAMBE,"Apartamento, 59.88 de área total, 44.04 de área privativa, 0.00 de área do terreno,  2 qto(s), WC, 1 sala(s), cozinha, 1 vaga(s) de garagem.",192913.85,187000.0,0.0,Leilão SFI - Edital Único,,CAUCAIA,CE,Não
8444437704352,"RUA ANTONIO AFRODISIO GUERRA, N. 470, CS 9 VG 9",JARDIM ICARAI,"Casa, 99.04 de área total, 98.88 de área privativa, 91.75 de área do terreno,  3 qto(s), a.serv, WC, 1 sala(s), cozinha, 1 vaga(s) de garagem.",324418.75,310000.0,0.0,Leilão SFI - Edital Único,,CAUCAIA,CE,Não
8444410663612,"RUA TAMPICO, N. 1841, Apto 101, VG 101",PARQUE POTIRA,"Apartamento, 0.00 de área total, 54.11 de área privativa, 0.00 de área do terreno, 1 vaga(s) de garagem.",190059.99,175000.0,0.0,Leilão SFI - Edital Único,,CAUCAIA,CE,Não
8787710605343,"RUA QUINZE DE NOVEMBRO, N. 951, Apto 504, BL 06 VAGA 89",ITAMBE,"Apartamento, 64.00 de área total, 47.76 de área privativa, 0.00 de área do terreno,  2 qto(s), a.serv, WC, 1 sala(s), cozinha, 1 vaga(s) de garagem.",192913.85,170500.0,0.0,Leilão SFI - Edital Único,,CAUCAIA,CE,Não
8787701572870,"AVENIDA CENTRAL, N. 184, Apto 103, BLOCO 34 1º PAVIMENTO",ARATURI,"Apartamento, 0.00 de área total, 42.64 de área privativa, 0.00 de área do terreno,  2 qto(s), WC, 1 sala(s), cozinha, 1 vaga(s) de garagem.",150625.53,110000.0,0.0,Leilão SFI - Edital Único,,CAUCAIA,CE,Não
8444430350253,"RUA 05, N. SN, QD B LT 18 CS 150",LEIROES,"Casa, 0.00 de área total, 40.27 de área privativa, 150.00 de área do terreno.",69361.21,121000.0,42.68,Venda Direta Online,,CHOROZINHO,CE,Não
8444410629589,"RUA BRASILIANA MARIA CHAVES, N. 207",IPASE,"Casa, 0.00 de área total, 117.16 de área privativa, 143.84 de área do terreno,  3 qto(s), varanda, a.serv, WC, 1 sala(s), cozinha, 1 vaga(s) de garagem.",63492.5,177000.0,64.13,Venda Direta Online,,CRATEUS,CE,Não
8444409544419,"R  BRASILIANA MARIA CHAVES, N. 213",IPASE,"Casa, 0.00 de área total, 119.18 de área privativa, 146.32 de área do terreno,  3 qto(s), a.serv, WC, 1 sala(s), cozinha.",27041.34,72000.0,62.45,Venda Direta Online,,CRATEUS,CE,Não
8444409609375,"RUA BRASILIANA MARIA CHAVES, N. 195",IPASE,"Casa, 0.00 de área total, 121.20 de área privativa, 148.80 de área do terreno,  3 qto(s), varanda, a.serv, WC, 1 sala(s), cozinha.",47405.95,122000.0,61.15,Venda Direta Online,,CRATEUS,CE,Não
1444420478526,"RUA AFONSO CHAVES, N. SN, SN, QUADRA 12 TERRENO LOTE Nº 03, LOT.",PLANALTO,"Terreno, 0.00 de área total, 0.00 de área privativa, 709.29 de área do terreno.",137384.84,250000.0,45.05,Venda Direta Online,,CRATEUS,CE,Sim
8787704390713,"ALAMEDA VERDE, N. 100, Apto 502, BL 13 VG 706",COACU,"Apartamento, 50.61 de área total, 41.85 de área privativa, 0.00 de área do terreno,  2 qto(s), a.serv, WC, 1 sala(s), cozinha, 1 vaga(s) de garagem.",107852.22,182000.0,40.75,Venda Online,,EUSEBIO,CE,Não
8787713795054,"AVENIDA BRASILIA, N. 279, Apto 506, BLOCO 11",CENTRO,"Apartamento, 67.57 de área total, 49.21 de área privativa, 0.00 de área do terreno.",116047.39,192000.0,39.56,Licitação Aberta,,EUSEBIO,CE,Não
8787702282247,"AVENIDA CORONEL CICERO SA, N. 990, Apto 307, BLOCO 02 VG 161",PARQUE HAWAI,"Apartamento, 72.50 de área total, 53.86 de área privativa, 0.00 de área do terreno, 1 vaga(s) de garagem.",150014.6,245000.0,38.77,Licitação Aberta,,EUSEBIO,CE,Não
1444407776594,"RUA BURITI, N. 58,",CENTRO,"Casa, 130.30 de área total, 130.30 de área privativa, 308.01 de área do terreno,  3 qto(s), a.serv, WC, 1 sala(s), 1 lavabo(s), cozinha.",238992.86,375000.0,36.27,Licitação Aberta,,EUSEBIO,CE,Não
1787700564930,"RUA GENTIL MONTE SILVA, N. SN, Apto 204, BL 04 TIPO 1",TAMATANDUBA,"Apartamento, 64.44 de área total, 46.75 de área privativa, 0.00 de área do terreno,  2 qto(s), WC, 1 sala(s), cozinha, 1 vaga(s) de garagem.",159328.58,250000.0,36.27,Licitação Aberta,,EUSEBIO,CE,Não
1444405681871,"RUA 02, N. 91, LT 20 QD 02",TAMATANDUBA,"Casa, 89.70 de área total, 89.70 de área privativa, 162.00 de área do terreno,  2 qto(s), a.serv, 1 sala(s), cozinha.",272000.0,272000.0,0.0,Leilão SFI - Edital Único,,EUSEBIO,CE,Não
1444400156825,"RUA SANDRA GENTIL, N. 611, .",APIRANGACOITE,"Casa, 0.00 de área total, 101.05 de área privativa, 169.00 de área do terreno,  3 qto(s), WC, WC Emp, 1 sala(s), DCE, cozinha, 2 vaga(s) de garagem.",104290.36,244000.0,57.26,Venda Online,,FORTALEZA,CE,Não
8444401373747,"RUA F, N. 101, Apto 103,",EDSON QUEIROZ,"Apartamento, 75.20 de área total, 75.20 de área privativa, 0.00 de área do terreno,  2 qto(s), a.serv, WC, WC Emp, 1 sala(s), cozinha, 1 vaga(s) de garagem.",81099.57,183000.0,55.69,Venda Direta Online,,FORTALEZA,CE,Não
8444405675128,"RUA DALLAS, N. 441,",GRANJA LISBOA,"Casa, 70.00 de área total, 70.00 de área privativa, 770.00 de área do terreno.",60906.01,125000.0,51.28,Venda Online,,FORTALEZA,CE,Não
8444405554100,"RUA TRES, N. 01",CANINDEZINHO,"Casa, 0.00 de área total, 85.91 de área privativa, 146.44 de área do terreno,  2 qto(s), a.serv, WC, 1 sala(s), cozinha, 1 vaga(s) de garagem.",96726.54,179400.77,46.09,Licitação Aberta,,FORTALEZA,CE,Não
8787715263742,"RUA A, N. 255, Apto 003, BL 10",CAJAZEIRAS,"Apartamento, 71.24 de área total, 44.28 de área privativa, 0.00 de área do terreno.",100207.74,178000.0,43.71,Venda Online,,FORTALEZA,CE,Sim
8787715962543,"RUA FRANCISCO LIMA E SILVA, N. 399, Apto 203, BL 01",JANGURUSSU,"Apartamento, 46.23 de área total, 38.40 de área privativa, 0.00 de área do terreno,  2 qto(s), WC, 1 sala(s), cozinha, 1 vaga(s) de garagem.",98222.55,170000.0,42.23,Venda Online,,FORTALEZA,CE,Não
8787716567303,"RUA DOS SOLARES, N. 255, Apto 004, BLOCO 19",CAJAZEIRAS,"Apartamento, 71.24 de área total, 44.28 de área privativa, 0.00 de área do terreno.",79360.41,137000.0,42.08,Licitação Aberta,,FORTALEZA,CE,Não
8444403760209,"RUA HERCULANO PENA, N. 101, Apto 107, BLOCO D",PARQUE PRESIDENTE VARGAS,"Apartamento, 50.99 de área total, 43.03 de área privativa, 0.00 de área do terreno, 1 vaga(s) de garagem.",73683.54,127200.0,42.08,Licitação Aberta,,FORTALEZA,CE,Não
8787709597529,"RUA DAURA, N. 151, Apto 501, BL 01 5° PAVIMENTO",BARROSO,"Apartamento, 77.46 de área total, 41.54 de área privativa, 0.00 de área do terreno,  2 qto(s), WC, 1 sala(s), cozinha, 1 vaga(s) de garagem.",84267.77,143933.56,41.46,Licitação Aberta,,FORTALEZA,CE,Não
8787715024845,"RUA FRANCISCO LIMA E SILVA, N. 399, Apto 501, BL 02 QD 21 LT 01,03,05 E 18",JANGURUSSU,"Apartamento, 46.23 de área total, 38.40 de área privativa, 0.00 de área do terreno,  2 qto(s), WC, 1 sala(s), cozinha.",93629.95,158000.0,40.75,Venda Direta Online,,FORTALEZA,CE,Não
8787715684365,"RUA FRANCISCO LIMA E SILVA, N. 399, Apto 504,  BL 03, TIPO A1, QD 21",JANGURUSSU,"Apartamento, 46.23 de área total, 38.40 de área privativa, 0.00 de área do terreno.",99555.89,168000.0,40.75,Venda Direta Online,,FORTALEZA,CE,Não
8787715757990,"RUA FRANCISCO LIMA E SILVA, N. 399, Apto 201, BL 04, TIPO A1, QD 21",JANGURUSSU,"Apartamento, 46.23 de área total, 38.40 de área privativa, 0.00 de área do terreno.",103704.06,175000.0,40.75,Venda Direta Online,,FORTALEZA,CE,Não
8787715858550,"RUA FRANCISCO LIMA E SILVA, N. 399, Apto 404, BL 03, TIPO A1, QD 21",JANGURUSSU,"Apartamento, 46.23 de área total, 38.40 de área privativa, 0.00 de área do terreno.",100148.49,169000.0,40.75,Venda Direta Online,,FORTALEZA,CE,Não
8787717441680,"VIA COLETORA A, N. 1090, Apto 201, BL 5",MONDUBIM,"Apartamento, 70.41 de área total, 44.28 de área privativa, 0.00 de área do terreno,  2 qto(s), WC, 1 sala(s), cozinha.",107852.22,182000.0,40.75,Venda Online,,FORTALEZA,CE,Não
8787715760819,"RUA  A, N. 255, Apto 301, BL10 3 PAV",CAJAZEIRAS,"Apartamento, 0.00 de área total, 44.28 de área privativa, 0.00 de área do terreno.",105481.84,178000.0,40.75,Licitação Aberta,,FORTALEZA,CE,Não
8787716910342,"RUA DOS SOLARES, N. 255, Apto 003, BL 20 LT 02 QD 02",CAJAZEIRAS,"Apartamento, 71.24 de área total, 44.28 de área privativa, 0.00 de área do terreno,  2 qto(s), WC, 1 sala(s), cozinha.",93620.75,157984.48,40.75,Licitação Aberta,,FORTALEZA,CE,Não
8787707881742,"RUA ALENCAR OLIVEIRA, N. 470, Apto 401, BLOCO 04",PASSARE,"Apartamento, 69.05 de área total, 44.28 de área privativa, 0.00 de área do terreno.",100741.08,170000.0,40.75,Licitação Aberta,,FORTALEZA,CE,Não
8444408894823,"RUA NOVA, N. 540, A,",SIQUEIRA,"Casa, 77.05 de área total, 77.05 de área privativa, 435.60 de área do terreno,  2 qto(s), a.serv, WC, 1 sala(s), cozinha.",106074.43,179000.0,40.75,Venda Direta Online,,FORTALEZA,CE,Não
8787713291587,"RUA MARIA MAIA, N. 19, Apto 405, BL A",SIQUEIRA,"Apartamento, 66.86 de área total, 44.83 de área privativa, 0.00 de área do terreno,  2 qto(s), WC, 1 sala(s), cozinha, 1 vaga(s) de garagem.",105481.84,178000.0,40.75,Venda Direta Online,,FORTALEZA,CE,Não
8787704935302,"RUA TROPICAL, N. 20, Apto 401, BL 06 BOX 259",PAUPINA,"Apartamento, 66.08 de área total, 48.04 de área privativa, 0.00 de área do terreno, 1 vaga(s) de garagem.",93037.35,157000.0,40.75,Licitação Aberta,,FORTALEZA,CE,Não
8787715592800,"RUA AMBROSIO DE CARVALHO, N. 280, Apto 401, BL 5",CURIO,"Apartamento, 89.33 de área total, 44.28 de área privativa, 0.00 de área do terreno,  2 qto(s), a.serv, WC, 1 sala(s), cozinha.",94222.54,159000.0,40.75,Venda Direta Online,,FORTALEZA,CE,Não
8787716609014,"RUA AMBROSIO DE CARVALHO, N. 280, Apto 04, BL 07",CURIO,"Apartamento, 0.00 de área total, 44.28 de área privativa, 0.00 de área do terreno.",95407.73,161000.0,40.75,Licitação Aberta,,FORTALEZA,CE,Não
8787711111441,"RUA CORONEL OLEGARIO MEMORIA, N. 1362, Apto 404, BL 13 PAV 04 QD 67 AREA RESERVADA",SAPIRANGA-COITE,"Apartamento, 0.00 de área total, 44.28 de área privativa, 0.00 de área do terreno.",101689.23,171600.0,40.75,Venda Direta Online,,FORTALEZA,CE,Não
8787709773947,"RUA C, N. 91, Apto 304, BL  06 3 ° PAVIMENTO",PARQUE DOIS IRMAOS,"Apartamento, 85.40 de área total, 42.64 de área privativa, 0.00 de área do terreno,  2 qto(s), WC, 1 sala(s), cozinha, 1 vaga(s) de garagem.",103704.06,175000.0,40.75,Licitação Aberta,,FORTALEZA,CE,Não
8787717585607,"RUA 101, N. 420, Apto 010, TR 01 QD 26",NOVO MONDUBIM,"Apartamento, 74.77 de área total, 38.40 de área privativa, 0.00 de área do terreno,  2 qto(s), WC, 1 sala(s), cozinha, 1 vaga(s) de garagem.",94815.14,160000.0,40.75,Venda Direta Online,,FORTALEZA,CE,Não
8787717647580,"RUA 101, N. 420, Apto 011, TR 04, QD 26",NOVO MONDUBIM,"Apartamento, 74.77 de área total, 38.40 de área privativa, 0.00 de área do terreno,  2 qto(s), WC, 1 sala(s), cozinha.",106667.03,180000.0,40.75,Venda Direta Online,,FORTALEZA,CE,Não
8787717771451,"RUA 101, N. 420, Apto 209, Q026",NOVO MONDUBIM,"Apartamento, 0.00 de área total, 38.56 de área privativa, 0.00 de área do terreno.",101333.68,171000.0,40.75,Venda Direta Online,,FORTALEZA,CE,Não
8787718158338,"RUA CENTO E UM (ANTIGA RUA 101 SDO), N. 420, Apto 108, Q026 TORRE 5",NOVO MONDUBIM,"Apartamento, 88.41 de área total, 38.66 de área privativa, 0.00 de área do terreno, 1 vaga(s) de garagem.",100741.08,170000.0,40.75,Venda Direta Online,,FORTALEZA,CE,Não
8787720578306,"RUA CORONEL JOSE AURELIO CAMARA, N. 1341, Apto 614, TORRE 01",VICENTE PINZON,"Apartamento, 63.39 de área total, 38.40 de área privativa, 0.00 de área do terreno,  2 qto(s), WC, 1 sala(s), cozinha.",184800.0,308000.0,40.0,Leilão SFI - Edital Único,,FORTALEZA,CE,Não
8787716815927,"RUA FRANCISCO LIMA E SILVA, N. 399, Apto 304, BL 8",JANGURUSSU,"Apartamento, 46.23 de área total, 38.40 de área privativa, 0.00 de área do terreno,  2 qto(s), WC, 1 sala(s), cozinha.",116047.39,192000.0,39.56,Venda Online,,FORTALEZA,CE,Não
8787717214340,"RUA FRANCISCO LIMA E SILVA, N. 399, Apto 401, BL 03",JANGURUSSU,"Apartamento, 46.23 de área total, 38.40 de área privativa, 0.00 de área do terreno,  2 qto(s), WC, 1 sala(s), cozinha.",114838.57,190000.0,39.56,Venda Direta Online,,FORTALEZA,CE,Não
8787717444981,"RUA FRANCISCO LIMA E SILVA, N. 399, Apto 203, BL 09",JANGURUSSU,"Apartamento, 46.23 de área total, 38.40 de área privativa, 0.00 de área do terreno,  2 qto(s), WC, 1 sala(s), cozinha.",117256.22,194000.0,39.56,Venda Direta Online,,FORTALEZA,CE,Não
8787704162460,"RUA MONTE LIBANO, N. 946, Apto 301, BL 9",MONDUBIM,"Apartamento, 52.66 de área total, 44.11 de área privativa, 0.00 de área do terreno,  2 qto(s), 1 sala(s), cozinha, 1 vaga(s) de garagem.",124514.74,206009.2,39.56,Venda Online,,FORTALEZA,CE,Não
8787714894579,"RUA MONTE LIBANO, N. 944, Apto 1601, VAGA N 52",MONDUBIM,"Apartamento, 60.80 de área total, 36.88 de área privativa, 0.00 de área do terreno,  2 qto(s), a.serv, WC, 1 sala(s), cozinha, 1 vaga(s) de garagem.",132366.56,219000.0,39.56,Licitação Aberta,,FORTALEZA,CE,Não
8787715202581,"VIA COLETORA A, N. 1090, Apto 403,",MONDUBIM,"Apartamento, 70.41 de área total, 44.28 de área privativa, 0.00 de área do terreno,  2 qto(s).",118465.05,196000.0,39.56,Venda Direta Online,,FORTALEZA,CE,Não
8787712835192,"AVENIDA GEOGRAFO ANTONIO RIBEIRO ZARANZA, N. 2598, Apto 304, BL 16",CAJAZEIRAS,"Apartamento, 0.00 de área total, 44.28 de área privativa, 0.00 de área do terreno.",120882.7,200000.0,39.56,Venda Online,,FORTALEZA,CE,Não
8787713559628,"RUA DOS SOLARES, N. 255, Apto 004, BL 03 LT 02 QD 02",CAJAZEIRAS,"Apartamento, 0.00 de área total, 44.28 de área privativa, 0.00 de área do terreno.",117127.74,193787.43,39.56,Licitação Aberta,,FORTALEZA,CE,Não
8787713577227,"RUA A, N. 255, Apto 401, BL 11",CAJAZEIRAS,"Apartamento, 71.24 de área total, 44.28 de área privativa, 0.00 de área do terreno,  2 qto(s), a.serv, WC, 1 sala(s), cozinha.",111816.5,185000.0,39.56,Venda Direta Online,,FORTALEZA,CE,Não
8555531907646,"RUA 03H, N. 97, CASA 14 BL L TIPO B7",PASSARE,"Casa, 60.10 de área total, 58.37 de área privativa, 98.94 de área do terreno,  2 qto(s), a.serv, WC, 1 sala(s), 1 lavabo(s), cozinha, 1 vaga(s) de garagem.",129344.49,214000.0,39.56,Licitação Aberta,,FORTALEZA,CE,Não
8444429946920,"RUA BRILHANTE, N. 128, LT 41 QD 17",SIQUEIRA,"Casa, 74.60 de área total, 74.60 de área privativa, 75.00 de área do terreno,  2 qto(s), a.serv, WC, 1 sala(s), cozinha, 2 vaga(s) de garagem.",117860.63,195000.0,39.56,Venda Direta Online,,FORTALEZA,CE,Não
8787713752606,"RUA MARIA MAIA, N. 19, Apto 505, BL A",SIQUEIRA,"Apartamento, 0.00 de área total, 44.83 de área privativa, 0.00 de área do terreno, 1 vaga(s) de garagem.",111212.08,184000.0,39.56,Venda Direta Online,,FORTALEZA,CE,Não
8787708280823,"RUA DAURA, N. 151, Apto 512, BL 01",BARROSO,"Apartamento, 77.46 de área total, 41.54 de área privativa, 0.00 de área do terreno,  2 qto(s), WC, 1 sala(s), cozinha, 1 vaga(s) de garagem.",111816.5,185000.0,39.56,Venda Direta Online,,FORTALEZA,CE,Não
8787709050937,"RUA DAURA, N. 151, Apto 509, BL 04",BARROSO,"Apartamento, 77.87 de área total, 41.76 de área privativa, 0.00 de área do terreno,  2 qto(s), WC, 1 sala(s), cozinha, 1 vaga(s) de garagem.",114838.57,190000.0,39.56,Venda Direta Online,,FORTALEZA,CE,Não
8787710384398,"RUA DAURA, N. 151, Apto 406, BL 01",BARROSO,"Apartamento, 77.46 de área total, 41.54 de área privativa, 0.00 de área do terreno,  2 qto(s), WC, 1 sala(s), cozinha, 1 vaga(s) de garagem.",114775.28,189895.29,39.56,Venda Online,,FORTALEZA,CE,Não
8787711125787,"RUA DAURA, N. 151, Apto 510, BL 02",BARROSO,"Apartamento, 77.87 de área total, 41.76 de área privativa, 0.00 de área do terreno,  2 qto(s), WC, 1 sala(s), cozinha, 1 vaga(s) de garagem.",111816.5,185000.0,39.56,Venda Direta Online,,FORTALEZA,CE,Não
8787705281551,"RUA A, N. 108, Apto 202, BL 09 VG 134",PAUPINA,"Apartamento, 50.78 de área total, 41.85 de área privativa, 0.00 de área do terreno,  2 qto(s), WC, 1 sala(s), cozinha, 1 vaga(s) de garagem.",119673.87,198000.0,39.56,Venda Direta Online,,FORTALEZA,CE,Não
8787718186820,"RUA 101, N. 420, Apto 406, T 03",NOVO MONDUBIM,"Apartamento, 75.28 de área total, 38.66 de área privativa, 0.00 de área do terreno,  2 qto(s), WC, 2 sala(s), cozinha.",114838.57,190000.0,39.56,Venda Direta Online,,FORTALEZA,CE,Não
8787718239540,"RUA 101, N. 420, Apto 409, TORRE 05",NOVO MONDUBIM,"Apartamento, 74.81 de área total, 38.42 de área privativa, 0.00 de área do terreno,  2 qto(s), WC, 1 sala(s), cozinha.",111816.5,185000.0,39.56,Venda Direta Online,,FORTALEZA,CE,Não
8444405699337,"RUA PAULINO ROCHA, N. 798,",TATU-MUNDE,"Casa, 63.80 de área total, 63.80 de área privativa, 134.40 de área do terreno,  2 qto(s), a.serv, WC, 1 sala(s), cozinha, 2 vaga(s) de garagem.",88518.56,145000.0,38.96,Venda Direta Online,,FORTALEZA,CE,Não
8444422501191,"RUA JUSTINO SOARES, N. 705A,",JANGURUSSU,"Casa, 96.88 de área total, 96.88 de área privativa, 108.90 de área do terreno,  2 qto(s), 1 vaga(s) de garagem.",166546.82,272000.0,38.77,Venda Online,,FORTALEZA,CE,Sim
8444409140490,"RUA NOVA, N. 264, LT C QD 22",MESSEJANA,"Casa, 85.94 de área total, 85.94 de área privativa, 217.14 de área do terreno,  3 qto(s), a.serv, WC, 1 sala(s), cozinha, 2 vaga(s) de garagem.",150014.6,245000.0,38.77,Venda Online,,FORTALEZA,CE,Não
8444434605167,"AVENIDA PRESIDENTE JUSCELINO KUBITSCHEK, N. 4950, Apto 604, BL 11 5° PAVIMENTO",PASSARE,"Apartamento, 0.00 de área total, 48.32 de área privativa, 0.00 de área do terreno, 1 vaga(s) de garagem.",168996.04,276000.0,38.77,Licitação Aberta,,FORTALEZA,CE,Não
8444401048005,"RUA ALAN CASTELO, N. 64, LT 24 QD A",ARACAPE,"Casa, 83.15 de área total, 83.15 de área privativa, 156.00 de área do terreno,  3 qto(s), a.serv, WC, 1 sala(s), cozinha.",165322.22,270000.0,38.77,Licitação Aberta,,FORTALEZA,CE,Não
1787702024436,"RUA A, N. 255, Apto 101, BL 12 LT 02 QD 02",CAJAZEIRAS,"Apartamento, 71.24 de área total, 44.28 de área privativa, 0.00 de área do terreno,  2 qto(s), WC, 1 sala(s), cozinha.",113021.61,183000.0,38.24,Venda Direta Online,,FORTALEZA,CE,Não
8444408360705,"TAVESSA RIO JORDAO, N. 1190, Apto 204, BL 01",PARQUE SANTA MARIA,"Apartamento, 0.00 de área total, 52.63 de área privativa, 0.00 de área do terreno, 1 vaga(s) de garagem.",97581.5,158000.0,38.24,Venda Direta Online,,FORTALEZA,CE,Não
10292043,"AVENIDA DOM LUIS, N. 500, LJ 253",ALDEOTA,"Loja, 0.00 de área total, 38.80 de área privativa, 0.00 de área do terreno.",139102.55,221000.0,37.06,Venda Direta Online,,FORTALEZA,CE,Não
1444421618836,"RUA CARLOS VASCONCELOS, N. 2357,",ALDEOTA,"Casa, 133.50 de área total, 133.50 de área privativa, 246.40 de área do terreno.",339051.21,532000.0,36.27,Licitação Aberta,,FORTALEZA,CE,Sim
10290969,"AVENIDA DUQUE DE CAXIAS, N. 1535, AVERBAR DEMOLIÇÃO",CENTRO,"Terreno, 0.00 de área total, 0.00 de área privativa, 219.00 de área do terreno.",350522.87,550000.0,36.27,Licitação Aberta,,FORTALEZA,CE,Sim
10290970,"AVENIDA DUQUE DE CAXIAS, N. 1545, CASA",CENTRO,"Casa, 0.00 de área total, 150.00 de área privativa, 218.06 de área do terreno.",219873.43,345000.0,36.27,Licitação Aberta,,FORTALEZA,CE,Não
1444409703047,"RUA PLINIO CAMARA, N. 150, Apto 103, BLOCO A2",TAUAPE,"Apartamento, 0.00 de área total, 112.06 de área privativa, 0.00 de área do terreno.",159328.58,250000.0,36.27,Licitação Aberta,,FORTALEZA,CE,Não
1444405276772,"RUA I, N. 210,",PREFEITO JOSE WALTER,"Terreno, 0.00 de área total, 0.00 de área privativa, 300.00 de área do terreno.",165701.72,260000.0,36.27,Licitação Aberta,,FORTALEZA,CE,Não
8787710498059,"RUA HOLANDA, N. 574, Apto 303, BLOCO 09 4º PAVIMENTO",MONDUBIM,"Apartamento, 80.26 de área total, 44.28 de área privativa, 0.00 de área do terreno,  2 qto(s), WC, 1 sala(s), cozinha.",134404.58,186000.0,27.74,Leilão SFI - Edital Único,,FORTALEZA,CE,Não
8787711720804,"AVENIDA GEOGRAFO ANTONIO RIBEIRO ZARANZA, N. 2598, Apto 303, BLOCO 04 3º PAVIMENTO",CAJAZEIRAS,"Apartamento, 0.00 de área total, 44.28 de área privativa, 0.00 de área do terreno.",96493.65,132000.0,26.9,Leilão SFI - Edital Único,,FORTALEZA,CE,Não
8555535212391,"RUA DOS SABIAS, N. 661, Apto 902, TORRE A  PAVIMENTO 9",PASSARE,"Apartamento, 0.00 de área total, 58.05 de área privativa, 0.00 de área do terreno,  3 qto(s), WC, 1 sala(s), cozinha, 2 vaga(s) de garagem.",255319.98,330000.0,22.64,Leilão SFI - Edital Único,,FORTALEZA,CE,Sim
10305210,"Rua JOAO BRIGIDO, N. 1455, Apto 1701, BL B, AP 1701, TORRE B",JOAQUIM TAVORA,"Apartamento, 0.00 de área total, 114.52 de área privativa, 0.00 de área do terreno,  3 qto(s), varanda, a.serv, WC, 1 sala(s), DCE, cozinha, 2 vaga(s) de garagem.",874918.49,1000000.0,12.51,Leilão SFI - Edital Único,,FORTALEZA,CE,Não
10286375,"AVENIDA DOM LUÍS, N. 500, SL 1305",ALDEOTA,"Sala, 0.00 de área total, 30.70 de área privativa, 0.00 de área do terreno.",250000.0,250000.0,0.0,Leilão SFI - Edital Único,,FORTALEZA,CE,Não
1444405669677,"RUA LOURDES VIDAL ALVES, N. Nº 999, CS 61 TIPO A",LAGOA REDONDA,"Casa, 90.23 de área total, 86.37 de área privativa, 83.21 de área do terreno.",350000.0,350000.0,0.0,Leilão SFI - Edital Único,,FORTALEZA,CE,Não
1444421832684,"RUA DEOCLECIO ARAUJO, N. 345, PARTE LT A QD 03",LAGOA REDONDA,"Casa, 121.99 de área total, 121.99 de área privativa, 166.75 de área do terreno.",450000.0,450000.0,0.0,Leilão SFI - Edital Único,,FORTALEZA,CE,Não
8444409158730,"RUA VERDE 3, N. 306 A,",JANGURUSSU,"Casa, 111.81 de área total, 111.81 de área privativa, 200.00 de área do terreno,  3 qto(s), a.serv, WC, 1 sala(s), 1 lavabo(s), cozinha.",290000.0,290000.0,0.0,Leilão SFI - Edital Único,,FORTALEZA,CE,Não
1555528100143,"RUA SORIANO ALBUQUERQUE, N. 155, Apto 1803",JOAQUIM TAVORA,"Apartamento, 0.00 de área total, 107.97 de área privativa, 0.00 de área do terreno, 2 vaga(s) de garagem.",479000.0,479000.0,0.0,Leilão SFI - Edital Único,,FORTALEZA,CE,Não
10309346,"RUA BRILHANTE, N. 108, QD 70, METADE LT 33 E LT 34, TERRENO B",MONDUBIM,"Casa, 0.00 de área total, 119.47 de área privativa, 120.40 de área do terreno.",244000.0,244000.0,0.0,Leilão SFI - Edital Único,,FORTALEZA,CE,Não
8787711175407,"RUA HOLANDA, N. 574, Apto 001, BL 01",MONDUBIM,"Apartamento, 80.26 de área total, 44.28 de área privativa, 0.00 de área do terreno,  2 qto(s).",185000.0,185000.0,0.0,Leilão SFI - Edital Único,,FORTALEZA,CE,Não
8787714389750,"RUA MONTE LIBANO, N. 944, Apto 612, TIPO C1 T 01 VG M51",MONDUBIM,"Apartamento, 50.49 de área total, 36.88 de área privativa, 0.00 de área do terreno,  2 qto(s), WC, 1 sala(s), cozinha, 1 vaga(s) de garagem.",175000.0,175000.0,0.0,Leilão SFI - Edital Único,,FORTALEZA,CE,Não
8787715383683,"VIA COLETORA A PARQUE SÃO MATEUS, N. 1090, Apto 304, BL 03",MONDUBIM,"Apartamento, 70.41 de área total, 44.28 de área privativa, 0.00 de área do terreno.",184000.0,184000.0,0.0,Leilão SFI - Edital Único,,FORTALEZA,CE,Não
8787716838250,"RUA VIA COLETORA A PARQUE SÃO MATEUS, N. 1090, Apto 202, BL 04",MONDUBIM,"Apartamento, 70.41 de área total, 44.28 de área privativa, 0.00 de área do terreno,  2 qto(s), WC, 1 sala(s), cozinha.",177000.0,177000.0,0.0,Leilão SFI - Edital Único,,FORTALEZA,CE,Não
8444407292978,"RUA SUICA, N. 250, Apto 101, BL 02B 1°PAVIMENTO",MARAPONGA,"Apartamento, 60.20 de área total, 60.20 de área privativa, 0.00 de área do terreno,  3 qto(s), WC, 1 sala(s), cozinha, 1 vaga(s) de garagem.",202000.0,202000.0,0.0,Leilão SFI - Edital Único,,FORTALEZA,CE,Não
8787716555100,"RUA DOS SOLARES, N. 255, Apto 004, BL 18",CAJAZEIRAS,"Apartamento, 71.24 de área total, 44.28 de área privativa, 0.00 de área do terreno.",185000.0,185000.0,0.0,Leilão SFI - Edital Único,,FORTALEZA,CE,Não
1444423607114,"RUA MAXIMO LINHARES, N. 777, Apto 204, TIPO A EDF FELICE VG 105 E 106",CAMBEBA,"Apartamento, 120.21 de área total, 73.95 de área privativa, 0.00 de área do terreno,  3 qto(s), WC, 1 sala(s), cozinha, 2 vaga(s) de garagem.",557000.0,557000.0,0.0,Leilão SFI - Edital Único,,FORTALEZA,CE,Não
8444426665954,"RUA MARANGUAPE, N. 2966, Apto AP 20,",BOM JARDIM,"Apartamento, 57.90 de área total, 46.32 de área privativa, 0.00 de área do terreno,  2 qto(s), a.serv, WC, 1 sala(s), cozinha, 1 vaga(s) de garagem.",154000.0,154000.0,0.0,Leilão SFI - Edital Único,,FORTALEZA,CE,Não
10309111,"AVENIDA PRESIDENTE CASTELO BRANCO, N. 3795",CRISTO REDENTOR,"Galpão, 0.00 de área total, 250.00 de área privativa, 336.00 de área do terreno.",518000.0,518000.0,0.0,Leilão SFI - Edital Único,,FORTALEZA,CE,Não
10309349,"RUA EDUARDO BEZERRA, N. 1065, Apto 602",TAUAPE,"Apartamento, 0.00 de área total, 119.77 de área privativa, 0.00 de área do terreno, 1 vaga(s) de garagem.",716000.0,716000.0,0.0,Venda Direta Online,,FORTALEZA,CE,Sim
1444403381145,"RUA PLINIO CAMARA, N. 150, Apto 304, BL A2",TAUAPE,"Apartamento, 0.00 de área total, 116.76 de área privativa, 0.00 de área do terreno,  2 qto(s), WC, 1 sala(s), cozinha, 1 vaga(s) de garagem.",304000.0,304000.0,0.0,Leilão SFI - Edital Único,,FORTALEZA,CE,Não
1787702203730,"RUA 05H LOTEAMENTO CIDADE JARDIM FORTALEZA, N. 270, CS 323  TP B1 BL 04",PREFEITO JOSE WALTER,"Casa, 61.60 de área total, 53.66 de área privativa, 0.00 de área do terreno.",245000.0,245000.0,0.0,Leilão SFI - Edital Único,,FORTALEZA,CE,Não
8555532171422,"AVENIDA PRESIDENTE COSTA E SILVA, N. 199, CS 14 BL N TIPO B",PASSARE,"Casa, 59.92 de área total, 58.37 de área privativa, 59.92 de área do terreno,  2 qto(s), a.serv, WC, 1 sala(s), cozinha, 1 vaga(s) de garagem.",235000.0,235000.0,0.0,Leilão SFI - Edital Único,,FORTALEZA,CE,Não
8555535816050,"RUA 08H PREFEITO JOSE WALTER, N. 201, Apto 401, BL C TP A VG 08",PASSARE,"Apartamento, 0.00 de área total, 52.66 de área privativa, 0.00 de área do terreno.",237822.55,237822.55,0.0,Leilão SFI - Edital Único,,FORTALEZA,CE,Não
8787710885850,"RUA CORONEL CHICO ALVES, N. 21, Apto 603, TORRE 01 TIPO C2 5 PAVIMENTO VG 41",PASSARE,"Apartamento, 0.00 de área total, 45.47 de área privativa, 0.00 de área do terreno, 1 vaga(s) de garagem.",267000.0,267000.0,0.0,Leilão SFI - Edital Único,,FORTALEZA,CE,Não
8787716813940,"RUA 101 (SDO), N. 420, Apto 215, TORRE 04",CONJUNTO ESPERANCA,"Apartamento, 74.77 de área total, 38.40 de área privativa, 0.00 de área do terreno,  2 qto(s), WC, 1 sala(s), cozinha, 1 vaga(s) de garagem.",190000.0,190000.0,0.0,Leilão SFI - Edital Único,,FORTALEZA,CE,Não
8787719831125,"RUA CORONEL JOSE AURELIO CAMARA, N. 1341, Apto 206, BL 01",VICENTE PINZON,"Apartamento, 0.00 de área total, 38.40 de área privativa, 0.00 de área do terreno.",280000.0,280000.0,0.0,Leilão SFI - Edital Único,,FORTALEZA,CE,Não
8787700438240,"RUA MARIO MONTENEGRO, N. 200, CS 23 BL D TP A",SIQUEIRA,"Casa, 0.00 de área total, 63.09 de área privativa, 0.00 de área do terreno, 1 vaga(s) de garagem.",178000.0,178000.0,0.0,Leilão SFI - Edital Único,,FORTALEZA,CE,Não
8787717107560,"RUA B, N. 184, Apto 304, BL 6 LT 1 QD 3",BARROSO,"Apartamento, 0.00 de área total, 45.82 de área privativa, 0.00 de área do terreno, 1 vaga(s) de garagem.",255000.0,255000.0,0.0,Leilão SFI - Edital Único,,FORTALEZA,CE,Não
8787717520785,"RUA F, N. 48, Apto 1105, T 01",BARROSO,"Apartamento, 0.00 de área total, 38.66 de área privativa, 0.00 de área do terreno.",230000.0,230000.0,0.0,Leilão SFI - Edital Único,,FORTALEZA,CE,Não
8787708493401,"RUA A, N. 30, Apto 401, PAV 4",PAUPINA,"Apartamento, 61.20 de área total, 41.85 de área privativa, 0.00 de área do terreno,  2 qto(s), WC, 1 sala(s), cozinha, 1 vaga(s) de garagem.",186000.0,186000.0,0.0,Leilão SFI - Edital Único,,FORTALEZA,CE,Não
8787712030470,"RUA C LOT MESSEJANA, N. 100, Apto 304, TIPO B BL 18 VG 65",PAUPINA,"Apartamento, 51.10 de área total, 40.82 de área privativa, 0.00 de área do terreno,  2 qto(s), a.serv, WC, 1 sala(s), cozinha, 1 vaga(s) de garagem.",195000.0,195000.0,0.0,Leilão SFI - Edital Único,,FORTALEZA,CE,Não
8787712537922,"RUA C SDO LOTEAMENTO MESSEJANA, N. 100, Apto 304, TIPO B BL 22 VG 99",PAUPINA,"Apartamento, 61.00 de área total, 40.82 de área privativa, 0.00 de área do terreno,  2 qto(s), WC, 1 sala(s), cozinha, 1 vaga(s) de garagem.",214319.29,214319.29,0.0,Leilão SFI - Edital Único,,FORTALEZA,CE,Não
8787706086264,"RUA D, N. 127, Apto 304, BL 01 3° PAVIMENTO",PARQUE DOIS IRMAOS,"Apartamento, 89.33 de área total, 42.64 de área privativa, 0.00 de área do terreno,  2 qto(s), WC, 1 sala(s), cozinha, 1 vaga(s) de garagem.",200000.0,200000.0,0.0,Leilão SFI - Edital Único,,FORTALEZA,CE,Não
8787708550189,"RUA D, N. 127, Apto 503, BL 06",PARQUE DOIS IRMAOS,"Apartamento, 89.33 de área total, 42.64 de área privativa, 0.00 de área do terreno,  2 qto(s), WC, 1 sala(s), cozinha, 1 vaga(s) de garagem.",192500.0,192500.0,0.0,Leilão SFI - Edital Único,,FORTALEZA,CE,Não
8555536928579,"RUA A, N. 90, Apto 106, BL 04 VG 185 LOT MRV MAGISDENDE",RACHEL DE QUEIROZ,"Apartamento, 43.63 de área total, 37.75 de área privativa, 0.00 de área do terreno,  2 qto(s), WC, 1 sala(s), cozinha, 1 vaga(s) de garagem.",215000.0,215000.0,0.0,Leilão SFI - Edital Único,,FORTALEZA,CE,Não
8444407365690,"RUA PEDESTRE 6, N. 50, LT 35 QD F",PARQUE SANTA MARIA,"Casa, 0.00 de área total, 76.00 de área privativa, 135.00 de área do terreno.",184000.0,184000.0,0.0,Leilão SFI - Edital Único,,FORTALEZA,CE,Não
1444404426274,"RUA 519, N. 32,  LOTE 03 QUADRA 84",CONJUNTO CEARA II,"Casa, 0.00 de área total, 242.00 de área privativa, 242.00 de área do terreno,  3 qto(s), WC, 1 sala(s), cozinha.",348900.0,348900.0,0.0,Leilão SFI - Edital Único,,FORTALEZA,CE,Não
8328100001141,"RUA 303D, N. 55, TIPO D LT 16 QD 53",CONJUNTO CEARA II,"Casa, 720.00 de área total, 57.47 de área privativa, 0.00 de área do terreno, cozinha.",642000.0,642000.0,0.0,Leilão SFI - Edital Único,,FORTALEZA,CE,Não
8444406739138,"RUA JOAQUIM MARTINS, N. 455, Apto 202, BL A",PASSARE,"Apartamento, 0.00 de área total, 45.70 de área privativa, 0.00 de área do terreno,  2 qto(s), a.serv, WC, 1 sala(s), cozinha, 1 vaga(s) de garagem.",165069.83,165000.0,0.0,Leilão SFI - Edital Único,,FORTALEZA,CE,Não
1444406845312,"AVENIDA GODOFREDO MACIEL, N. 2440, Apto 104, BL F",JARDIM CEARENSE,"Apartamento, 0.00 de área total, 56.00 de área privativa, 0.00 de área do terreno,  2 qto(s), a.serv, WC, 1 sala(s), 1 lavabo(s), cozinha.",173139.0,170000.0,0.0,Leilão SFI - Edital Único,,FORTALEZA,CE,Não
8444405602139,"RUA NOVA, N. 1259, LT 12 A 14, QD 102,",SIQUEIRA,"Casa, 0.00 de área total, 85.00 de área privativa, 167.27 de área do terreno,  1 qto(s), WC, 1 sala(s), cozinha.",182406.23,175000.0,0.0,Leilão SFI - Edital Único,,FORTALEZA,CE,Não
8787714389068,"RUA MONTE LIBANO, N. 944, Apto 711, TORRE 01",MONDUBIM,"Apartamento, 50.49 de área total, 36.88 de área privativa, 0.00 de área do terreno,  1 qto(s), WC, 1 sala(s), cozinha, 1 vaga(s) de garagem.",166506.44,159000.0,0.0,Leilão SFI - Edital Único,,FORTALEZA,CE,Não
8787713593281,"RUA CENTRAL, N. 100, Apto 103, BL 03 TIPO 2QS",PAUPINA,"Apartamento, 0.00 de área total, 47.91 de área privativa, 0.00 de área do terreno, 1 vaga(s) de garagem.",200200.0,190000.0,0.0,Leilão SFI - Edital Único,,FORTALEZA,CE,Não
8787716561429,"RUA A  ATUAL RUA DOS SOLARES, N. 255, Apto 304, BL  21",CAJAZEIRAS,"Apartamento, 71.24 de área total, 44.28 de área privativa, 0.00 de área do terreno, 1 vaga(s) de garagem.",178079.7,169000.0,0.0,Leilão SFI - Edital Único,,FORTALEZA,CE,Não
8787716688399,"RUA ITACYRA, N. 105, Apto 1, BL 01 TERREO",MONDUBIM,"Apartamento, 80.43 de área total, 44.28 de área privativa, 0.00 de área do terreno,  2 qto(s), WC, 1 sala(s), cozinha.",192571.98,179000.0,0.0,Leilão SFI - Edital Único,,FORTALEZA,CE,Não
8787714469118,"RUA A, N. 255, Apto 001, BL 01",CAJAZEIRAS,"Apartamento, 71.24 de área total, 44.28 de área privativa, 0.00 de área do terreno,  1 qto(s), WC, 1 sala(s), cozinha.",175770.0,163138.59,0.0,Leilão SFI - Edital Único,,FORTALEZA,CE,Não
1444400649414,"RUA S, N. 386, LT 02 QD 15",MONDUBIM,"Casa, 0.00 de área total, 148.53 de área privativa, 171.21 de área do terreno.",287426.38,265000.0,0.0,Leilão SFI - Edital Único,,FORTALEZA,CE,Não
8787714998854,"RUA AMBROSIO DE CARVALHO, N. 280, Apto 402, BL 08",CURIO,"Apartamento, 89.33 de área total, 44.28 de área privativa, 0.00 de área do terreno.",174668.16,153000.0,0.0,Leilão SFI - Edital Único,,FORTALEZA,CE,Não
1444422711945,"RUA JOSE FACANHA, N. 247,",DAMAS,"Casa, 192.34 de área total, 192.34 de área privativa, 165.00 de área do terreno,  4 qto(s), a.serv, WC, 1 sala(s), cozinha, 3 vaga(s) de garagem.",650089.75,550000.0,0.0,Leilão SFI - Edital Único,,FORTALEZA,CE,Não
8787717104943,"RUA B, N. 184, Apto 205, BL 07 LT 01 QD 03",BARROSO,"Apartamento, 85.57 de área total, 41.55 de área privativa, 0.00 de área do terreno,  2 qto(s), WC, 1 sala(s), cozinha.",209032.19,164476.17,0.0,Leilão SFI - Edital Único,,FORTALEZA,CE,Não
1787702052383,"RUA A, N. 227, Apto 503, BLOCO 09 5º PAVIMENTO",BARROSO,"Apartamento, 85.38 de área total, 45.92 de área privativa, 0.00 de área do terreno,  2 qto(s), WC, 1 sala(s), cozinha, 1 vaga(s) de garagem.",270214.63,210500.0,0.0,Leilão SFI - Edital Único,,FORTALEZA,CE,Não
8444404845356,"RUA CICERO BRINDERO ANTIGA RUA SDO 01, N. 269, CS A",VERTENTE,"Casa, 53.14 de área total, 53.14 de área privativa, 282.00 de área do terreno,  2 qto(s), WC, 1 sala(s), cozinha, 1 vaga(s) de garagem.",28537.19,122000.0,76.61,Venda Direta Online,,HORIZONTE,CE,Não
8444412039991,"RUA ADALTO FARIAS, N. 380, CS B",PLANALTO DA GALILÉIA,"Casa, 0.00 de área total, 62.34 de área privativa, 273.14 de área do terreno,  2 qto(s), WC, 1 sala(s), cozinha, 1 vaga(s) de garagem.",30668.38,118000.0,74.01,Venda Direta Online,,HORIZONTE,CE,Não
8444424659183,"RUA RUA DINAMARCA, N. 132B",CENTRO,"Casa, 60.70 de área total, 60.70 de área privativa, 231.00 de área do terreno,  2 qto(s), WC, 1 sala(s), cozinha, 1 vaga(s) de garagem.",33391.03,127000.0,73.71,Venda Direta Online,,HORIZONTE,CE,Não
8444406435732,"RUA ESPANHA, N. 173, CS B",VERTENTE,"Casa, 0.00 de área total, 53.14 de área privativa, 264.00 de área do terreno,  2 qto(s), WC, 1 sala(s), cozinha, 1 vaga(s) de garagem.",33391.03,127000.0,73.71,Venda Direta Online,,HORIZONTE,CE,Não
8444426057245,"RUA LUIZ NOGUEIRA LOPES, N. 307, LT 08B QD 05",CAJUEIRO DA MALHADA,"Casa, 79.66 de área total, 79.66 de área privativa, 180.00 de área do terreno,  2 qto(s), WC, 1 sala(s), cozinha.",37242.31,140000.0,73.4,Venda Direta Online,,HORIZONTE,CE,Não
8444426770901,"RUA ADAUTO FARIAS, N. 400, CS B",PLANALTO DA GALILÉIA,"Casa, 0.00 de área total, 63.15 de área privativa, 125.39 de área do terreno,  2 qto(s), WC, 1 sala(s), cozinha, 1 vaga(s) de garagem.",36440.92,126000.0,71.08,Venda Direta Online,,HORIZONTE,CE,Não
10189033,"RUA M, N. 00, QD 13, LT 05 AO 12 e 33 AO 40",DOURADO,"Terreno, 0.00 de área total, 0.00 de área privativa, 4032.00 de área do terreno.",43781.83,150000.0,70.82,Venda Direta Online,,HORIZONTE,CE,Não
8555525579403,"RUA R SDO 01, N. 136, CS B",VERTENTE,"Casa, 0.00 de área total, 53.14 de área privativa, 282.00 de área do terreno.",34498.54,111000.0,68.93,Venda Direta Online,,HORIZONTE,CE,Não
8444405261536,"RUA SDO 01, N. 185, CASA B",VERTENTE,"Casa, 53.14 de área total, 53.14 de área privativa, 282.00 de área do terreno,  2 qto(s), WC, 1 sala(s), cozinha, 1 vaga(s) de garagem.",36802.06,118000.0,68.82,Venda Direta Online,,HORIZONTE,CE,Não
8444425504302,"RUA NORUEGA, N. 55B",CARNAUBAL,"Casa, 0.00 de área total, 60.70 de área privativa, 115.50 de área do terreno,  2 qto(s), WC, 1 sala(s), cozinha, 1 vaga(s) de garagem.",42593.29,135000.0,68.45,Venda Direta Online,,HORIZONTE,CE,Não
8444425954952,"RUA NORUEGA, N. 144B",CARNAUBAL,"Casa, 0.00 de área total, 60.70 de área privativa, 231.00 de área do terreno,  2 qto(s), WC, 1 sala(s), cozinha, 1 vaga(s) de garagem.",42593.29,135000.0,68.45,Venda Direta Online,,HORIZONTE,CE,Não
8444404987029,"RUA RUA SDO 01, N. 245, CS B",VERTENTE,"Casa, 53.14 de área total, 53.14 de área privativa, 282.00 de área do terreno,  2 qto(s), WC, 1 sala(s), cozinha, 1 vaga(s) de garagem.",41331.27,131000.0,68.45,Venda Direta Online,,HORIZONTE,CE,Não
8444405204206,"RUA SDO 01 N 89 CASA B, N. 89, CS B",VERTENTE,"Casa, 0.00 de área total, 53.14 de área privativa, 282.00 de área do terreno,  2 qto(s), WC, 1 sala(s), cozinha, 1 vaga(s) de garagem.",41015.76,130000.0,68.45,Venda Direta Online,,HORIZONTE,CE,Não
8444405250240,"RUA SDO 01, N. 125-A, LT 11",VERTENTE,"Casa, 53.14 de área total, 53.14 de área privativa, 282.00 de área do terreno,  2 qto(s), WC, 1 sala(s), cozinha, 2 vaga(s) de garagem.",40384.75,128000.0,68.45,Venda Direta Online,,HORIZONTE,CE,Não
10189480,"RUA G, N. 00, QD 12, LTS 1, 2 E 3",CENTRO DIST. DOURADO,"Terreno, 0.00 de área total, 0.00 de área privativa, 1218.00 de área do terreno.",27937.09,88000.0,68.26,Venda Direta Online,,HORIZONTE,CE,Não
8444423843126,"RUA DINAMARCA, N. 66A",CARNAUBAL,"Casa, 0.00 de área total, 60.70 de área privativa, 115.50 de área do terreno,  2 qto(s), WC, 1 sala(s), cozinha, 1 vaga(s) de garagem.",45009.99,141000.0,68.08,Venda Direta Online,,HORIZONTE,CE,Não
8444423953347,"RUA DINAMARCA, N. 65B",CARNAUBAL,"Casa, 0.00 de área total, 60.70 de área privativa, 115.44 de área do terreno,  2 qto(s), WC, 1 sala(s), cozinha, Terraco, 1 vaga(s) de garagem.",44690.77,140000.0,68.08,Venda Direta Online,,HORIZONTE,CE,Não
8444424940478,"RUA DINAMARCA, N. 165, CS B",CARNAUBAL,"Casa, 182.10 de área total, 60.70 de área privativa, 230.01 de área do terreno,  2 qto(s), WC, 1 sala(s), cozinha, 1 vaga(s) de garagem.",48202.18,151000.0,68.08,Venda Direta Online,,HORIZONTE,CE,Não
8444419922858,"RUA SALVINA MACHADO DE ALMEIDA, N. 620B, QD 52 LT 15",VERTENTE,"Casa, 0.00 de área total, 64.49 de área privativa, 150.65 de área do terreno.",50330.08,155580.45,67.66,Venda Direta Online,,HORIZONTE,CE,Não
8444404304274,"RUA SDO01, N. 318, .",VERTENTE,"Casa, 0.00 de área total, 53.14 de área privativa, 444.39 de área do terreno,  2 qto(s), WC, 1 sala(s), cozinha, 1 vaga(s) de garagem.",42104.92,127000.0,66.85,Venda Direta Online,,HORIZONTE,CE,Não
8444427852219,"RUA  JOSE NARCELIO, N. 2138, CS A TERRENO 47",PLA DA GALILEIA,"Casa, 0.00 de área total, 63.53 de área privativa, 198.00 de área do terreno.",50846.06,153000.0,66.77,Venda Direta Online,,HORIZONTE,CE,Não
8444428137246,"RUA ESCARLATE, N. 46, CASA C, QUEIMADAS",ALTO ALEGRE,"Casa, 0.00 de área total, 72.16 de área privativa, 131.75 de área do terreno,  2 qto(s), a.serv, WC, 1 sala(s), cozinha, Terraco, 1 vaga(s) de garagem.",54324.44,160000.0,66.05,Venda Direta Online,,HORIZONTE,CE,Não
8444431945587,"RUA TURQUIA, N. 30A,",VERTENTE,"Casa, 0.00 de área total, 66.15 de área privativa, 0.00 de área do terreno,  2 qto(s), a.serv, WC, 1 sala(s), cozinha, 1 vaga(s) de garagem.",54324.44,160000.0,66.05,Venda Direta Online,,HORIZONTE,CE,Não
8444425003923,"RUA DINAMARCA, N. 175A, LT 54",CARNAUBAL,"Casa, 0.00 de área total, 60.70 de área privativa, 230.01 de área do terreno,  2 qto(s), WC, 1 sala(s), cozinha, Terraco, 1 vaga(s) de garagem.",53602.32,155000.0,65.42,Venda Direta Online,,HORIZONTE,CE,Não
8444417929286,"RUA PROJETADA, N. 143B, CS B",VERTENTE,"Casa, 0.00 de área total, 60.15 de área privativa, 140.86 de área do terreno,  2 qto(s), WC, 1 sala(s), cozinha, 1 vaga(s) de garagem.",53602.32,155000.0,65.42,Venda Direta Online,,HORIZONTE,CE,Não
8444423580451,"RUA FRANCISCO BRINDEIRO DA SILVA, N. 146, QD 01 LT 29-A",SAO JOSE,"Casa, 0.00 de área total, 79.67 de área privativa, 150.00 de área do terreno,  2 qto(s), a.serv, WC, 1 sala(s), cozinha, 1 vaga(s) de garagem.",62030.88,177000.0,64.96,Venda Online,,HORIZONTE,CE,Não
8444405197854,"RUA SDO 01, N. 101, CS A",VERTENTE,"Casa, 0.00 de área total, 53.14 de área privativa, 141.00 de área do terreno,  2 qto(s), a.serv, WC, 1 sala(s), cozinha, 1 vaga(s) de garagem.",35175.31,98000.0,64.11,Venda Direta Online,,HORIZONTE,CE,Não
8444419103237,"RUA SALVINA MACHADO DE ALMEIDA, N. 596B, CS B, LT 13, QD 52",VERTENTE,"Casa, 0.00 de área total, 64.49 de área privativa, 301.31 de área do terreno,  3 qto(s), WC, 1 sala(s), cozinha, Terraco.",48486.97,135000.0,64.09,Venda Direta Online,,HORIZONTE,CE,Não
8444405197455,"RUA  SDO 01, N. 149, CS B",VERTENTE,"Casa, 0.00 de área total, 53.14 de área privativa, 141.00 de área do terreno,  2 qto(s), WC, 1 sala(s), cozinha.",38072.71,105000.0,63.75,Venda Direta Online,,HORIZONTE,CE,Não
8444405811498,"AVENIDA MARINA FERREIRA DE ALMEIDA, N. 2031, CS A",VERTENTE,"Casa, 0.00 de área total, 53.14 de área privativa, 141.00 de área do terreno,  2 qto(s), WC, 1 sala(s), cozinha, 1 vaga(s) de garagem.",38435.31,106000.0,63.75,Venda Direta Online,,HORIZONTE,CE,Não
8444424956455,"RUA L DO LOTEAMENTO PARQUE DAS CACIMBAS, N. 77-B,",VERTENTE,"Casa, 0.00 de área total, 60.63 de área privativa, 312.50 de área do terreno,  2 qto(s), a.serv, WC, 1 sala(s), cozinha, 1 vaga(s) de garagem.",50482.88,139000.0,63.69,Venda Direta Online,,HORIZONTE,CE,Não
8444426655797,"A PEDRO FELICIO DE OLIVEIRA, N. 5809B,",CACHOEIRA,"Casa, 0.00 de área total, 60.70 de área privativa, 497.13 de área do terreno,  2 qto(s), varanda, a.serv, WC, 1 sala(s), cozinha, 1 vaga(s) de garagem.",50846.06,140000.0,63.69,Venda Direta Online,,HORIZONTE,CE,Não
8444411837193,"RUA JUVENAL SEMEAO N 300A, N. 300, CS A",PLANALTO DA GALILÉIA,"Casa, 0.00 de área total, 76.17 de área privativa, 198.00 de área do terreno,  2 qto(s), WC, 1 sala(s), cozinha.",45482.77,125000.0,63.62,Venda Direta Online,,HORIZONTE,CE,Não
8444405811129,"RUA ALEMANHA, N. 16, CS B",VERTENTE,"Casa, 0.00 de área total, 53.14 de área privativa, 425.47 de área do terreno,  2 qto(s), WC, 1 sala(s), cozinha.",43299.59,119000.0,63.62,Venda Direta Online,,HORIZONTE,CE,Não
8444420186701,"RUA O, N. 27B, LT 10",VERTENTE,"Casa, 0.00 de área total, 64.49 de área privativa, 300.11 de área do terreno,  2 qto(s), WC, 1 sala(s), cozinha, 1 vaga(s) de garagem.",44391.18,122000.0,63.62,Venda Direta Online,,HORIZONTE,CE,Não
8444404163409,"RUA SDO 01, N. 304A, CS A",VERTENTE,"Casa, 0.00 de área total, 53.14 de área privativa, 141.00 de área do terreno,  2 qto(s), WC, 1 sala(s), cozinha, 2 vaga(s) de garagem.",34577.09,94000.0,63.22,Venda Direta Online,,HORIZONTE,CE,Não
8444432220829,"RUA TURQUIA, N. 76-D, Apto 0, 0",VERTENTE,"Casa, 0.00 de área total, 66.15 de área privativa, 932.04 de área do terreno,  2 qto(s), a.serv, WC, 1 sala(s), cozinha, 1 vaga(s) de garagem.",65472.27,178000.0,63.22,Venda Online,,HORIZONTE,CE,Não
8444419217151,"RUA AUSTRIA, N. 125A, LT 03",CARNAUBAL,"Casa, 0.00 de área total, 60.70 de área privativa, 232.66 de área do terreno,  2 qto(s), WC, 1 sala(s), cozinha, 1 vaga(s) de garagem.",48955.99,133000.0,63.2,Venda Direta Online,,HORIZONTE,CE,Não
8444425561080,"RUA NORUEGA, N. 54B, LT 43",CARNAUBAL,"Casa, 0.00 de área total, 60.70 de área privativa, 231.00 de área do terreno,  2 qto(s), WC, 1 sala(s), cozinha, 2 vaga(s) de garagem.",47851.72,130000.0,63.2,Venda Direta Online,,HORIZONTE,CE,Não
8444426302266,"RUA NORUEGA, N. 185B, LT 65",CARNAUBAL,"Casa, 0.00 de área total, 60.70 de área privativa, 115.50 de área do terreno,  2 qto(s), WC, 1 sala(s), cozinha, 1 vaga(s) de garagem.",50428.35,137000.0,63.2,Venda Direta Online,,HORIZONTE,CE,Não
8444419253484,"RUA SDO MEXICO, N. 31, CS A PARQUE DAS CACIMBAS",VERTENTE,"Casa, 0.00 de área total, 61.07 de área privativa, 228.78 de área do terreno,  2 qto(s), WC, 1 sala(s), cozinha, Terraco, 1 vaga(s) de garagem.",46747.44,127000.0,63.2,Venda Direta Online,,HORIZONTE,CE,Não
8444425689191,"RUA NORUEGA, N. 85-B, LT 33",CARNAUBAL,"Casa, 0.00 de área total, 60.70 de área privativa, 231.00 de área do terreno,  2 qto(s), WC, 1 sala(s), cozinha, 1 vaga(s) de garagem.",51766.81,139000.0,62.76,Venda Direta Online,,HORIZONTE,CE,Não
8444426114613,"RUA NORUEGA, N. 165, CS B",CARNAUBAL,"Casa, 0.00 de área total, 60.70 de área privativa, 231.00 de área do terreno,  2 qto(s), WC, 1 sala(s), cozinha, Terraco, 1 vaga(s) de garagem.",55863.46,150000.0,62.76,Venda Direta Online,,HORIZONTE,CE,Não
8444425904580,"RUA NORUEGA, N. 134 A,",CARNAUBAL,"Casa, 0.00 de área total, 60.70 de área privativa, 231.00 de área do terreno,  2 qto(s), a.serv, WC, 1 sala(s), cozinha.",54703.25,145000.0,62.28,Venda Direta Online,,HORIZONTE,CE,Não
8444426109334,"RUA NORUEGA, N. 175-B, 0",CARNAUBAL,"Casa, 0.00 de área total, 60.70 de área privativa, 231.00 de área do terreno,  2 qto(s), WC, 1 sala(s), cozinha, 1 vaga(s) de garagem.",64029.42,169652.48,62.26,Venda Direta Online,,HORIZONTE,CE,Não
8444409744531,"RUA MINISTRO JUAREZ TAVORA, N. 32, 0",VERTENTE,"Casa, 0.00 de área total, 105.70 de área privativa, 396.00 de área do terreno,  3 qto(s), WC, 1 sala(s), cozinha, 2 vaga(s) de garagem.",67934.74,180000.0,62.26,Venda Online,,HORIZONTE,CE,Não
8444416392955,"RUA IMPERADOR DOM PEDRO II, N. 85, CS A",CAJUEIRO DA MALHADA,"Casa, 0.00 de área total, 81.60 de área privativa, 396.00 de área do terreno,  2 qto(s), WC, 1 sala(s), cozinha, 1 vaga(s) de garagem.",66425.07,176000.0,62.26,Venda Direta Online,,HORIZONTE,CE,Não
8444413819346,"RUA ADAUTO FARIAS, N. 291A, 291A,",PLANALTO DA GALILÉIA,"Casa, 0.00 de área total, 76.17 de área privativa, 396.00 de área do terreno,  2 qto(s), a.serv, WC, 1 sala(s), cozinha.",49895.99,129000.0,61.33,Venda Direta Online,,HORIZONTE,CE,Não
8444422012441,"RUA SERGIO IVAN GONDIM TEIXEIRA (ANTIGA RUA O), N. 51, CS B",VERTENTE,"Casa, 0.00 de área total, 64.49 de área privativa, 174.14 de área do terreno,  2 qto(s), WC, 1 sala(s), cozinha, 1 vaga(s) de garagem.",42734.67,110000.0,61.16,Venda Direta Online,,HORIZONTE,CE,Não
8444426924720,"LT 02 QD 01, N. 53D, RUA CROACIA",CARNAUBAL,"Casa, 0.00 de área total, 60.70 de área privativa, 115.50 de área do terreno,  2 qto(s), varanda, a.serv, WC, 1 sala(s), cozinha, 1 vaga(s) de garagem.",44781.03,114866.66,61.02,Venda Direta Online,,HORIZONTE,CE,Não
8444427954178,"RUA GRECIA, N. 36-C,",DISTRITO DOURADO,"Casa, 0.00 de área total, 60.70 de área privativa, 692.08 de área do terreno,  2 qto(s), varanda, a.serv, WC, 1 sala(s), cozinha, 1 vaga(s) de garagem.",57886.29,148000.0,60.89,Venda Direta Online,,HORIZONTE,CE,Não
8444428265503,"RUA GRÉCIA, N. 36B,",CARNAUBAL,"Casa, 0.00 de área total, 60.70 de área privativa, 114.89 de área do terreno,  2 qto(s), varanda, a.serv, WC, 1 sala(s), cozinha, 1 vaga(s) de garagem.",55539.55,142000.0,60.89,Venda Direta Online,,HORIZONTE,CE,Não
8444404300686,"RUA SDO01 ATUAL RUA ALEMANHA, N. 292, CASAA GEMINADA LT17",VERTENTE,"Casa, 0.00 de área total, 53.14 de área privativa, 141.00 de área do terreno,  2 qto(s), WC, 1 sala(s), cozinha.",39017.46,99000.0,60.59,Venda Direta Online,,HORIZONTE,CE,Não
8444413476180,"TRAVESSA SALVINA MACHADO DE ALMEIDA, N. SN, CS 33A, LT 06",VERTENTE,"Casa, 0.00 de área total, 53.11 de área privativa, 106.75 de área do terreno,  2 qto(s), 1 vaga(s) de garagem.",39411.58,100000.0,60.59,Venda Direta Online,,HORIZONTE,CE,Não
8444414626444,"TRAVESSA SALVINA MACHADO DE ALMEIDA, N. 34, CS A, QD 56, LT 03",VERTENTE,"Casa, 0.00 de área total, 53.11 de área privativa, 213.50 de área do terreno,  2 qto(s), WC, 1 sala(s), cozinha, 1 vaga(s) de garagem.",39411.58,100000.0,60.59,Venda Direta Online,,HORIZONTE,CE,Não
8444412796482,"RUA JUVENAL SEMEAO, N. 364, CS A",HORIZONTE,"Casa, 0.00 de área total, 62.19 de área privativa, 272.36 de área do terreno,  2 qto(s), WC, 1 sala(s), cozinha, 1 vaga(s) de garagem.",51269.7,130000.0,60.57,Venda Direta Online,,HORIZONTE,CE,Não
8444413136966,"TRAVESSA SALVINA MACHADO DE ALMEIDA, N. 13, 0",VERTENTE,"Casa, 0.00 de área total, 53.11 de área privativa, 180.35 de área do terreno,  2 qto(s), WC, 1 sala(s), cozinha, 1 vaga(s) de garagem.",51269.7,130000.0,60.57,Venda Direta Online,,HORIZONTE,CE,Não
8444424443237,"ADALGIZO MARTINS DE OLIVEIRA, N. 269, CS A",VERTENTE,"Casa, 0.00 de área total, 60.63 de área privativa, 562.50 de área do terreno,  2 qto(s), a.serv, WC, 1 sala(s), cozinha, 1 vaga(s) de garagem.",64962.97,164000.0,60.39,Venda Direta Online,,HORIZONTE,CE,Não
8444429933348,"RUA L, N. 180 F, QD 01 LT 01",VERTENTE,"Casa, 0.00 de área total, 66.15 de área privativa, 932.04 de área do terreno,  2 qto(s), a.serv, WC, 1 sala(s), cozinha, 1 vaga(s) de garagem.",68924.13,174000.0,60.39,Venda Direta Online,,HORIZONTE,CE,Não
8444430079959,"RUA L, N. 136-E, LT 02, QD 01",VERTENTE,"Casa, 66.15 de área total, 66.15 de área privativa, 116.50 de área do terreno,  2 qto(s), a.serv, WC, 1 sala(s), cozinha, 1 vaga(s) de garagem.",63378.51,160000.0,60.39,Venda Direta Online,,HORIZONTE,CE,Não
8444425449999,"RUA NORUEGA, N. 64 A, CARNAUBAL",CARNAUBAL,"Casa, 0.00 de área total, 60.70 de área privativa, 115.50 de área do terreno,  2 qto(s), WC, 1 sala(s), cozinha, 1 vaga(s) de garagem.",60651.76,152000.0,60.1,Venda Direta Online,,HORIZONTE,CE,Não
8444425859429,"RUA NORUEGA, N. 124 A, BAIRRO CARNAUBAL",CARNAUBAL,"Casa, 0.00 de área total, 60.70 de área privativa, 60.70 de área do terreno,  2 qto(s), WC, 1 sala(s), cozinha, 1 vaga(s) de garagem.",56661.51,142000.0,60.1,Venda Direta Online,,HORIZONTE,CE,Não
8444427438749,"RUA CROACIA, N. 0, 101  D",RESIDENCIAL DOURADO,"Casa, 0.00 de área total, 60.70 de área privativa, 1155.00 de área do terreno,  2 qto(s), a.serv, WC, 1 sala(s), cozinha, Terraco, 1 vaga(s) de garagem.",57858.59,145000.0,60.1,Venda Direta Online,,HORIZONTE,CE,Não
8444427763232,"AVENIDA PEDRO FELICIO DE OLIVEIRA, N. 5860 C",CARNAUBAL,"Casa, 0.00 de área total, 61.18 de área privativa, 132.63 de área do terreno,  2 qto(s), WC, 1 sala(s), cozinha, 1 vaga(s) de garagem.",55863.46,140000.0,60.1,Venda Direta Online,,HORIZONTE,CE,Não
8444403613788,"RUA  SDO 1 (ATUAL RUA ALEMANHA), N. 268, CASA A",VERTENTE,"Casa, 0.00 de área total, 53.14 de área privativa, 141.00 de área do terreno,  2 qto(s), WC, 1 sala(s), cozinha, 1 vaga(s) de garagem.",59055.66,148000.0,60.1,Venda Direta Online,,HORIZONTE,CE,Não
8444414275900,"TRAVESSA SALVINA MACHADO DE ALMEIDA, N. 14, LT 01",VERTENTE,"Casa, 0.00 de área total, 53.11 de área privativa, 180.35 de área do terreno,  2 qto(s), WC, 1 sala(s), cozinha, 1 vaga(s) de garagem.",56661.51,142000.0,60.1,Venda Direta Online,,HORIZONTE,CE,Não
8444425562019,"RUA NORUEGA, N. 84-A, CARNAUBAL",CANAUBAL,"Casa, 0.00 de área total, 60.70 de área privativa, 115.50 de área do terreno,  2 qto(s), WC, 1 sala(s), cozinha, 1 vaga(s) de garagem.",65912.87,163000.0,59.57,Venda Online,,HORIZONTE,CE,Não
8444409827224,"RUA JOSE MARTINS DE SOUSA, N. 222, CSA GEMINADA",CATOLE,"Casa, 0.00 de área total, 76.25 de área privativa, 352.37 de área do terreno,  2 qto(s), WC, 1 sala(s), cozinha.",69585.05,172081.16,59.57,Venda Online,,HORIZONTE,CE,Não
8444403412278,"AVENIDA MARINA FERREIRA DE ALMEIDA, N. 5201, CASA B",VERTENTE,"Casa, 0.00 de área total, 53.14 de área privativa, 141.00 de área do terreno,  2 qto(s), WC, 1 sala(s), cozinha, Terraco, 1 vaga(s) de garagem.",67530.36,167000.0,59.57,Venda Direta Online,,HORIZONTE,CE,Não
8444425462014,"FRANCISCO GILDO FEITOSA, N. 64, LT 5B",ALTO DA ESTRELA,"Casa, 0.00 de área total, 86.36 de área privativa, 186.00 de área do terreno,  2 qto(s), a.serv, WC, 1 sala(s), cozinha.",76833.9,190000.0,59.57,Venda Direta Online,,HORIZONTE,CE,Não
8444404986251,"RUA SDO 01 ALEMANHA, N. 209, CASA A",VERTENTE,"Casa, 0.00 de área total, 53.14 de área privativa, 282.00 de área do terreno,  2 qto(s), WC, cozinha, 1 vaga(s) de garagem.",83060.76,201000.0,58.68,Venda Direta Online,,HORIZONTE,CE,Sim
8444425461956,"RUA NORUEGA, N. 35B, CS 35B PARTE",CARNALBAL,"Casa, 0.00 de área total, 60.70 de área privativa, 231.00 de área do terreno,  2 qto(s), a.serv, WC, 1 sala(s), cozinha, 1 vaga(s) de garagem.",55946.5,135000.0,58.56,Venda Direta Online,,HORIZONTE,CE,Não
8444426872895,"RUA CROACIA, N. 53, CS C",CARNAUBAL,"Casa, 0.00 de área total, 60.70 de área privativa, 115.50 de área do terreno,  2 qto(s), varanda, a.serv, WC, 1 sala(s), cozinha, 1 vaga(s) de garagem.",54703.25,132000.0,58.56,Venda Online,,HORIZONTE,CE,Não
8444429392088,"R JUVENAL SEMEAO, N. 591A, TERRENO 12",PLANALTO DA GALILÉIA,"Casa, 0.00 de área total, 63.53 de área privativa, 396.00 de área do terreno, 1 vaga(s) de garagem.",53045.58,128000.0,58.56,Venda Online,,HORIZONTE,CE,Não
8444426465505,"RUA NORUEGA, N. 224-A, LT 76",CENTRO,"Casa, 0.00 de área total, 66.70 de área privativa, 231.00 de área do terreno,  1 qto(s), a.serv, WC, 1 sala(s), cozinha, 1 vaga(s) de garagem.",57189.76,138000.0,58.56,Venda Direta Online,,HORIZONTE,CE,Não
8444425658318,"RUA MANOEL FELICIANO DA SILVA, N. 1421, CS B",ALTO DA ESTRELA,"Casa, 0.00 de área total, 88.75 de área privativa, 222.00 de área do terreno,  2 qto(s), a.serv, WC, 1 sala(s), cozinha, Terraco, 1 vaga(s) de garagem.",54288.83,131000.0,58.56,Venda Direta Online,,HORIZONTE,CE,Não
8444427708215,"RUA PEDRO FELÍCIO DE OLIVEIRA, N. 5860, CS 5860-A QD 02 LT 06",CARBAUBAL,"Casa, 0.00 de área total, 63.25 de área privativa, 1297.78 de área do terreno,  2 qto(s), varanda, a.serv, WC, 1 sala(s), cozinha, 1 vaga(s) de garagem.",61182.9,146000.0,58.1,Venda Direta Online,,HORIZONTE,CE,Não
8444409727947,"RUA MINISTRO JUAREZ TAVORA, N. 38,",VERTENTE,"Casa, 0.00 de área total, 105.70 de área privativa, 396.00 de área do terreno,  1 qto(s), WC, 1 sala(s), cozinha, 1 vaga(s) de garagem.",62859.15,150000.0,58.1,Venda Direta Online,,HORIZONTE,CE,Não
8444414912382,"R SALVINA M DE ALMEIDA, N. 504-A, CS A PARTE",VERTENTE,"Casa, 0.00 de área total, 70.69 de área privativa, 163.98 de área do terreno,  2 qto(s), a.serv, WC, 1 sala(s), cozinha, 1 vaga(s) de garagem.",58668.54,140000.0,58.1,Venda Direta Online,,HORIZONTE,CE,Não
8444428617671,"RUA J, N. 135, CS A",VERTENTE,"Casa, 0.00 de área total, 66.15 de área privativa, 116.50 de área do terreno,  2 qto(s), varanda, a.serv, WC, 1 sala(s), cozinha, 1 vaga(s) de garagem.",64535.39,154000.0,58.1,Venda Direta Online,,HORIZONTE,CE,Não
8444429507705,"RUA L, N. 180-A,",VERTENTE,"Casa, 0.00 de área total, 66.15 de área privativa, 932.04 de área do terreno,  2 qto(s), a.serv, WC, 1 sala(s), cozinha.",60763.84,145000.0,58.1,Venda Online,,HORIZONTE,CE,Não
8444429969237,"RUA L, N. 136-A,",VERTENTE,"Casa, 0.00 de área total, 66.15 de área privativa, 402.84 de área do terreno,  2 qto(s), a.serv, WC, 1 sala(s), cozinha, 1 vaga(s) de garagem.",60763.84,145000.0,58.1,Venda Direta Online,,HORIZONTE,CE,Não
8444431314242,"RUA L, N. 121F, CS F QD 02 LT 08",VERTENTE,"Casa, 0.00 de área total, 66.15 de área privativa, 932.04 de área do terreno,  2 qto(s), a.serv, WC, 1 sala(s), cozinha, 1 vaga(s) de garagem.",61601.97,147000.0,58.1,Venda Online,,HORIZONTE,CE,Não
8444426309864,"RUA NORUEGA, N. 205B, .",BAIRRO CARNAUBAL,"Casa, 0.00 de área total, 60.70 de área privativa, 115.50 de área do terreno,  2 qto(s), WC, 1 sala(s), cozinha, 1 vaga(s) de garagem.",56791.05,135000.0,57.94,Venda Direta Online,,HORIZONTE,CE,Não
8444418927058,"RUA SALVINA MACHADO DE ALMEIDA, N. 584, CASA B  LT 12",VERTENTE,"Casa, 0.00 de área total, 64.49 de área privativa, 322.50 de área do terreno,  2 qto(s), WC, 1 sala(s), cozinha, 1 vaga(s) de garagem.",53425.65,127000.0,57.94,Venda Direta Online,,HORIZONTE,CE,Não
8444428659382,"RUA J, N. 135-G,",VERTENTE,"Casa, 0.00 de área total, 66.15 de área privativa, 402.84 de área do terreno,  2 qto(s), varanda, a.serv, WC, 1 sala(s), cozinha, 1 vaga(s) de garagem.",67905.55,160000.0,57.56,Venda Online,,HORIZONTE,CE,Não
8444425743374,"RUA NORUEGA, N. 114A, Apto 312, LT 49",CARNAUBAL,"Casa, 0.00 de área total, 60.70 de área privativa, 121.40 de área do terreno, 1 vaga(s) de garagem.",62567.08,147000.0,57.44,Venda Direta Online,,HORIZONTE,CE,Não
8444419108131,"RUA ADAUTO FARIAS, N. 392, CASA B",CATOLE,"Casa, 0.00 de área total, 62.89 de área privativa, 249.71 de área do terreno,  2 qto(s), a.serv, WC, 1 sala(s), cozinha, 1 vaga(s) de garagem.",52902.95,121000.0,56.28,Venda Direta Online,,HORIZONTE,CE,Não
8555525204493,"RUA SDO 01, N. 124,",VERTENTE,"Casa, 0.00 de área total, 53.14 de área privativa, 282.00 de área do terreno.",50279.66,115000.0,56.28,Venda Direta Online,,HORIZONTE,CE,Não
8444411961994,"RUA JUVENAL SEMEAO, N. 544B,",PLANALTO DA GALILÉIA,"Casa, 75.98 de área total, 75.98 de área privativa, 396.00 de área do terreno,  2 qto(s), a.serv, WC, 1 sala(s), cozinha.",68060.07,155000.0,56.1,Venda Online,,HORIZONTE,CE,Não
8444432083651,"RUA TURQUIA, N. 76, CS A QD 02 LT 05",VERTENTE,"Casa, 0.00 de área total, 66.15 de área privativa, 932.04 de área do terreno,  2 qto(s), WC, 1 sala(s), cozinha, 1 vaga(s) de garagem.",68060.07,155000.0,56.1,Venda Online,,HORIZONTE,CE,Não
8444407100394,"RUA ESPANHA, N. 197, CS A",VERTENTE,"Casa, 0.00 de área total, 53.14 de área privativa, 264.00 de área do terreno,  2 qto(s), WC, 1 sala(s), cozinha, 1 vaga(s) de garagem.",45570.71,103500.0,55.98,Venda Direta Online,,HORIZONTE,CE,Não
8444425677282,"RUA NORUEGA, N. 104 A, LT 48",DOURADO,"Casa, 0.00 de área total, 60.70 de área privativa, 115.50 de área do terreno,  2 qto(s), WC, 1 sala(s), cozinha, 1 vaga(s) de garagem.",53019.91,120000.0,55.82,Venda Direta Online,,HORIZONTE,CE,Não
8444425871984,"RUA NORUEGA, N. 134, UNIDADE B",DOURADO,"Casa, 0.00 de área total, 60.70 de área privativa, 115.50 de área do terreno, 1 vaga(s) de garagem.",53019.91,120000.0,55.82,Venda Direta Online,,HORIZONTE,CE,Não
8444426797990,"RUA CROACIA, N. 46 G, LT 05  QD 02",DOURADO,"Casa, 0.00 de área total, 60.70 de área privativa, 0.00 de área do terreno,  2 qto(s), a.serv, WC, 1 sala(s), cozinha, 1 vaga(s) de garagem.",53019.91,120000.0,55.82,Venda Direta Online,,HORIZONTE,CE,Não
8444427290369,"RUA CROACIA, N. 96 A, LT 04  QD 02",DOURADO,"Casa, 0.00 de área total, 60.70 de área privativa, 115.50 de área do terreno,  2 qto(s), a.serv, WC, 1 sala(s), sacada, cozinha, 1 vaga(s) de garagem.",50810.75,115000.0,55.82,Venda Direta Online,,HORIZONTE,CE,Não
8444428184406,"RUA MARIA ALICE DE OLIVEIRA, N. 91,  CS A  LT 08  QD 02",CENTRO,"Casa, 0.00 de área total, 62.28 de área privativa, 288.17 de área do terreno,  2 qto(s), WC, 1 sala(s), cozinha.",53019.91,120000.0,55.82,Venda Direta Online,,HORIZONTE,CE,Não
8444405229454,"RUA SDO 01 ATUAL RUA ALEMANHA, N. 27, CS A",VERTENTE,"Casa, 0.00 de área total, 53.14 de área privativa, 282.00 de área do terreno,  2 qto(s), WC, 1 sala(s), cozinha, 1 vaga(s) de garagem.",53019.91,120000.0,55.82,Venda Direta Online,,HORIZONTE,CE,Não
8444417631449,"RUA ADALTO FARIAS, N. 303, CS B",PLANALTO HORIZONTE,"Casa, 0.00 de área total, 76.17 de área privativa, 396.00 de área do terreno.",53682.66,121500.0,55.82,Venda Direta Online,,HORIZONTE,CE,Não
8444404455035,"AVENIDA MARINA FERREIRA DE ALMEIDA, N. 5297-A,  CS A",VERTENTE,"Casa, 0.00 de área total, 53.14 de área privativa, 282.00 de área do terreno.",37241.94,84000.0,55.67,Venda Direta Online,,HORIZONTE,CE,Não
8444430050144,"RUA ROMÊNIA, N. 81 H, QD 01 LT 03",VERTENTE,"Casa, 468.99 de área total, 66.15 de área privativa, 66.15 de área do terreno,  2 qto(s), a.serv, WC, 1 sala(s), cozinha, 1 vaga(s) de garagem.",72889.13,164000.0,55.56,Venda Direta Online,,HORIZONTE,CE,Não
8444414557418,"TRAVESSA SALVINA MACHADO DE ALMEIDA, N. 34B, .",VERTENTE,"Casa, 0.00 de área total, 53.11 de área privativa, 106.75 de área do terreno,  2 qto(s), WC, 1 sala(s), cozinha, 1 vaga(s) de garagem.",44666.46,100000.0,55.34,Venda Direta Online,,HORIZONTE,CE,Não
8444424897351,"RUA DINAMARCA, N. 154, CS B",CARNAUBAL,"Casa, 0.00 de área total, 60.70 de área privativa, 115.50 de área do terreno,  2 qto(s), WC, 1 sala(s), cozinha, 1 vaga(s) de garagem.",60787.46,136000.0,55.31,Venda Direta Online,,HORIZONTE,CE,Não
8444426741316,"RUA JOSE NARCELIO, N. 2138, CS B TERRENO 47",PLANALTO DA GALILÉIA,"Casa, 0.00 de área total, 63.53 de área privativa, 396.00 de área do terreno,  2 qto(s), a.serv, WC, 1 sala(s), cozinha, 1 vaga(s) de garagem.",62579.77,140000.0,55.31,Venda Direta Online,,HORIZONTE,CE,Não
8444424465206,"RUA DINAMARCA, N. 120, A",CENTRO,"Casa, 0.00 de área total, 60.70 de área privativa, 230.00 de área do terreno,  2 qto(s), WC, 1 sala(s), cozinha, Terraco, 1 vaga(s) de garagem.",61681.39,138000.0,55.31,Venda Direta Online,,HORIZONTE,CE,Não
8444413676375,"RUA MARIA DO CARMO DE SOUSA, N. 63, TERRENO 09",MAL COZINHADO,"Casa, 0.00 de área total, 89.11 de área privativa, 250.00 de área do terreno,  2 qto(s), a.serv, WC, 1 sala(s), cozinha, Terraco, 1 vaga(s) de garagem.",68390.75,153000.0,55.31,Venda Direta Online,,HORIZONTE,CE,Não
8444427017743,"RUA MARIA JOSE NASCIMENTO DE ALECIM, N. 41F, CARNAUBAL",DOURADO,"Casa, 0.00 de área total, 60.70 de área privativa, 0.00 de área do terreno,  2 qto(s), a.serv, WC, 1 sala(s), cozinha, 1 vaga(s) de garagem.",68286.43,151000.0,54.78,Venda Direta Online,,HORIZONTE,CE,Não
8444428258973,"RUA GRECIA, N. 55G, 0",CARNAUBAL,"Casa, 0.00 de área total, 60.70 de área privativa, 979.85 de área do terreno,  2 qto(s), a.serv, WC, 1 sala(s), sacada, cozinha, 1 vaga(s) de garagem.",65573.07,145000.0,54.78,Venda Direta Online,,HORIZONTE,CE,Não
8444429365978,"RUA ROMENIA, N. 82, CS 82E",VERTENTE,"Casa, 0.00 de área total, 66.15 de área privativa, 116.50 de área do terreno,  2 qto(s), a.serv, WC, 1 sala(s), cozinha, Terraco, 1 vaga(s) de garagem.",63311.92,140000.0,54.78,Venda Direta Online,,HORIZONTE,CE,Não
8444429919442,"RUA JUVENAL SEMEÃO, N. 567, CS B",PLANALTO DA GALILÉIA,"Casa, 63.53 de área total, 63.53 de área privativa, 396.00 de área do terreno,  2 qto(s), a.serv, WC, 1 sala(s), cozinha.",79675.84,176000.0,54.73,Venda Direta Online,,HORIZONTE,CE,Sim
8444408477106,"RUA SANTA RITA, N. 163-A,",DIADEMA,"Casa, 76.09 de área total, 76.09 de área privativa, 360.00 de área do terreno.",74696.1,165000.0,54.73,Venda Direta Online,,HORIZONTE,CE,Não
8444429091819,"RUA JUVENAL SEMEAO, N. 591, CS B",PLANALTO DA GALILÉIA,"Casa, 0.00 de área total, 63.53 de área privativa, 198.00 de área do terreno,  2 qto(s), WC, 1 sala(s), cozinha, Terraco.",55034.15,121000.0,54.52,Venda Direta Online,,HORIZONTE,CE,Não
8444405279052,"RUA SDO 01, N. 137-B, CS B",VERTENTE,"Casa, 0.00 de área total, 53.14 de área privativa, 141.00 de área do terreno,  2 qto(s), WC, 1 sala(s), cozinha, 1 vaga(s) de garagem.",57603.0,124000.0,53.55,Venda Direta Online,,HORIZONTE,CE,Não
8444411820258,"RUA JOSE RUFINO, N. 97, CS B",CAJUEIRO DA MALHADA,"Casa, 0.00 de área total, 71.01 de área privativa, 363.00 de área do terreno.",53886.68,116000.0,53.55,Venda Direta Online,,HORIZONTE,CE,Não
8444427835942,"RUA GRECIA, N. 55B, .",BAIRRO CARNAUBAL,"Casa, 0.00 de área total, 60.70 de área privativa, 122.48 de área do terreno,  2 qto(s), a.serv, WC, 1 sala(s), sacada, cozinha, 1 vaga(s) de garagem.",64836.45,137000.0,52.68,Venda Direta Online,,HORIZONTE,CE,Não
8444416386866,"TRAVESSA EUROPA, N. 20A, LT 07",VERTENTE,"Casa, 0.00 de área total, 61.07 de área privativa, 113.60 de área do terreno.",59630.6,126000.0,52.68,Venda Online,,HORIZONTE,CE,Não
8444417189924,"RUA SDO TRAVESSA EUROPA, N. 32B, .",VERTENTE,"Casa, 0.00 de área total, 58.02 de área privativa, 227.20 de área do terreno,  2 qto(s), WC, 1 sala(s), cozinha, 2 vaga(s) de garagem.",61996.9,131000.0,52.68,Venda Direta Online,,HORIZONTE,CE,Não
8444428388621,"RUA JUVENAL SEMEAO, N. 555-B, TERRENO 15",PLANALTO DA GALILÉIA,"Casa, 63.53 de área total, 63.53 de área privativa, 198.00 de área do terreno,  2 qto(s), a.serv, WC, 1 sala(s), cozinha.",75852.11,160000.0,52.6,Venda Direta Online,,HORIZONTE,CE,Não
8444427058911,"RUA MARIA JOSÉ NASCIMENTO DE ALECIM, N. 41-H, DISTRITO DE DOURADO",CENTRO,"Casa, 60.70 de área total, 60.70 de área privativa, 115.28 de área do terreno,  2 qto(s), a.serv, WC, 1 sala(s), cozinha, 1 vaga(s) de garagem.",73615.04,155000.0,52.51,Venda Direta Online,,HORIZONTE,CE,Não
8444426832443,"RUA VINTE DE NOVEMBRO, N. 50-B,",CAJUEIRO DA MALHADA,"Casa, 63.87 de área total, 63.87 de área privativa, 219.95 de área do terreno, a.serv, 1 vaga(s) de garagem.",73615.04,155000.0,52.51,Venda Direta Online,,HORIZONTE,CE,Não
8444406905100,"RUA SDO, N. 02,  CS B",DOURADO,"Casa, 0.00 de área total, 54.16 de área privativa, 147.16 de área do terreno,  2 qto(s), WC, 1 sala(s), cozinha, 1 vaga(s) de garagem.",56906.19,119000.0,52.18,Venda Online,,HORIZONTE,CE,Não
8444424085667,"RUA DINAMARCA, N. 109-A,",CARNAUBAL,"Casa, 60.70 de área total, 60.70 de área privativa, 115.44 de área do terreno,  2 qto(s), a.serv, WC, 1 sala(s), cozinha, 1 vaga(s) de garagem.",57862.6,121000.0,52.18,Venda Online,,HORIZONTE,CE,Não
8444427891397,"RUA GRECIA, N. 36F, .",CARNAUBAL,"Casa, 0.00 de área total, 60.70 de área privativa, 327.88 de área do terreno,  2 qto(s), a.serv, WC, 1 sala(s), sacada, cozinha, 1 vaga(s) de garagem.",71824.45,150000.0,52.12,Venda Direta Online,,HORIZONTE,CE,Não
8444425056385,"RUA DINAMARCA, N. 187A",CARNAUBAL,"Casa, 0.00 de área total, 60.70 de área privativa, 230.01 de área do terreno,  2 qto(s), WC, 1 sala(s), cozinha, 1 vaga(s) de garagem.",60102.23,125000.0,51.92,Venda Direta Online,,HORIZONTE,CE,Não
8444425829171,"RUA IMPERATRIZ TEREZA CRISTINA, N. 142, DISTRITO DE QUEIMADAS",ALTO DA BOA VISTA,"Casa, 80.97 de área total, 80.97 de área privativa, 189.00 de área do terreno,  2 qto(s), a.serv, WC, 1 sala(s), cozinha, Terraco.",77921.62,162000.0,51.91,Venda Direta Online,,HORIZONTE,CE,Sim
8444427184569,"RUA MARIA JOSÉ NASCIMENTO DE ALECRIM, N. SN, 41-D LT 02 QD 01",CARNAUBAL,"Casa, 60.70 de área total, 60.70 de área privativa, 115.28 de área do terreno,  2 qto(s), varanda, a.serv, WC, 1 sala(s), cozinha, 1 vaga(s) de garagem.",79893.71,166100.0,51.91,Venda Direta Online,,HORIZONTE,CE,Sim
8444416725644,"RUA MARIA FRANCISCA DE JESUS, N. 376, B",DIADEMA,"Casa, 75.06 de área total, 75.06 de área privativa, 180.00 de área do terreno.",86579.58,180000.0,51.91,Venda Direta Online,,HORIZONTE,CE,Sim
8444431819921,"RUA TURQUIA, N. 76-C,  CASA, RES PRISMA - DRACENA",VERTENTE,"Casa, 66.15 de área total, 66.15 de área privativa, 116.50 de área do terreno,  2 qto(s), a.serv, WC, 1 sala(s), cozinha, 1 vaga(s) de garagem.",79364.61,165000.0,51.91,Venda Direta Online,,HORIZONTE,CE,Sim
8444425338542,"RUA PEDRO FELICIO D OLIVEIRA, N. 5737-B,",CARNAUBAL,"Casa, 334.17 de área total, 60.70 de área privativa, 455.57 de área do terreno,  2 qto(s), a.serv, WC, 1 sala(s), cozinha, 1 vaga(s) de garagem.",66237.9,137000.0,51.66,Venda Direta Online,,HORIZONTE,CE,Não
8444426925204,"RUA CROACIA, N. 53-B, LT 02 QD 01",BAIRRO CARNAUBAL,"Casa, 60.70 de área total, 60.70 de área privativa, 115.50 de área do terreno,  2 qto(s), varanda, a.serv, WC, 1 sala(s), cozinha, 1 vaga(s) de garagem.",62853.48,130000.0,51.66,Venda Online,,HORIZONTE,CE,Não
8444432609815,"RUA JUVENAL SEMEÃO, N. 352, CASA B",PLANALTO DA GALILÉIA,"Casa, 60.68 de área total, 60.68 de área privativa, 259.82 de área do terreno,  2 qto(s), a.serv, WC, 1 sala(s), cozinha, Terraco, 1 vaga(s) de garagem.",65222.57,134900.0,51.66,Venda Direta Online,,HORIZONTE,CE,Não
8444430303255,"RUA ROMENIA, N. 81 F, .",VERTENTE,"Casa, 0.00 de área total, 66.15 de área privativa, 116.51 de área do terreno,  2 qto(s), a.serv, WC, 1 sala(s), cozinha, 1 vaga(s) de garagem.",64787.44,134000.0,51.66,Venda Online,,HORIZONTE,CE,Não
8444426116292,"RUA NORUEGA, N. 195-A,",CARNAUBAL,"Casa, 60.70 de área total, 60.70 de área privativa, 231.00 de área do terreno,  2 qto(s), a.serv, WC, 1 sala(s), cozinha, 1 vaga(s) de garagem.",71380.05,146000.0,51.11,Venda Online,,HORIZONTE,CE,Não
8444427492530,"RUA MARIA JOSE NASCIMENTO DE ALECIM, N. 83D,",CARNAUBAL,"Casa, 60.70 de área total, 60.70 de área privativa, 418.26 de área do terreno,  2 qto(s), varanda, a.serv, WC, 1 sala(s), cozinha, 1 vaga(s) de garagem.",72846.76,149000.0,51.11,Venda Online,,HORIZONTE,CE,Não
8444428290931,"RUA ESCARLATE, N. 46,",ALTO D ESTRELA,"Casa, 72.16 de área total, 72.16 de área privativa, 548.33 de área do terreno,  2 qto(s), a.serv, WC, 1 sala(s), cozinha.",74802.38,153000.0,51.11,Venda Direta Online,,HORIZONTE,CE,Não
8444431556610,"R JUVENAL SEMEAO, N. 579, CS B",PLANALTO DA GALILÉIA,"Casa, 63.53 de área total, 63.53 de área privativa, 198.00 de área do terreno,  2 qto(s), a.serv, WC, 1 sala(s), cozinha.",75780.19,155000.0,51.11,Venda Direta Online,,HORIZONTE,CE,Não
8444422555321,"RUA JOAO PEREIRA DE NORONHA, N. 100-A,",CATOLE,"Casa, 72.30 de área total, 72.30 de área privativa, 148.25 de área do terreno.",68446.63,140000.0,51.11,Venda Direta Online,,HORIZONTE,CE,Não
8444405864532,"AVENIDA MARINA FERREIRA ALMEIDA, N. 5019, CS A",VERTENTE,"Casa, 53.14 de área total, 53.14 de área privativa, 141.00 de área do terreno,  2 qto(s), a.serv, WC, 1 sala(s), cozinha, Terraco.",73335.67,150000.0,51.11,Venda Online,,HORIZONTE,CE,Não
8444429346108,"RUA ROMENIA, N. 82B,",VERTENTE,"Casa, 468.99 de área total, 66.15 de área privativa, 66.15 de área do terreno,  2 qto(s), varanda, a.serv, WC, 1 sala(s), cozinha, 1 vaga(s) de garagem.",75780.19,155000.0,51.11,Venda Direta Online,,HORIZONTE,CE,Não
8444430489430,"RUA L, N. 121-C,  CS 121-C",VERTENTE,"Casa, 468.99 de área total, 66.15 de área privativa, 402.84 de área do terreno,  2 qto(s), varanda, a.serv, WC, 1 sala(s), cozinha, 1 vaga(s) de garagem.",75780.19,155000.0,51.11,Venda Direta Online,,HORIZONTE,CE,Não
8444432101889,"RUA TURQUIA, N. 76, E",VERTENTE,"Casa, 468.99 de área total, 66.15 de área privativa, 492.84 de área do terreno,  4 qto(s), varanda, a.serv, WC, 1 sala(s), cozinha, 1 vaga(s) de garagem.",75780.19,155000.0,51.11,Venda Direta Online,,HORIZONTE,CE,Não
8444418178829,"RUA JOSE ALBERTO, N. 63-A,",ALTO DA ESTRELA,"Casa, 76.58 de área total, 76.58 de área privativa, 396.00 de área do terreno.",73824.58,151000.0,51.11,Venda Direta Online,,HORIZONTE,CE,Não
8444427296740,"RUA CROÁCIA, N. 96B, RESIDENCIAL DOURADO 07 - CÂNCER",CARNAUBAL,"Casa, 60.70 de área total, 60.70 de área privativa, 1155.00 de área do terreno,  2 qto(s), a.serv, WC, 1 sala(s), cozinha, 1 vaga(s) de garagem.",52700.79,107500.0,50.98,Venda Direta Online,,HORIZONTE,CE,Não
8444407729888,"RUA ESPANHA, N. 269, CASA A",VERTENTE,"Casa, 53.14 de área total, 53.14 de área privativa, 132.90 de área do terreno,  2 qto(s), a.serv, WC, 1 sala(s), cozinha.",51475.2,105000.0,50.98,Venda Direta Online,,HORIZONTE,CE,Não
8444405306831,"RUA ALEMANHA, N. 149 A,",VERTENTE,"Casa, 53.14 de área total, 53.14 de área privativa, 141.00 de área do terreno,  2 qto(s), a.serv, WC, 1 sala(s), cozinha.",60007.68,122000.0,50.82,Venda Online,,HORIZONTE,CE,Não
8444429060727,"RUA ROMENIA, N. 35-F, RESIDENCIAL PRISMA CASA 35-F",VERTENTE,"Casa, 468.99 de área total, 66.15 de área privativa, 932.04 de área do terreno,  2 qto(s), a.serv, WC, 1 sala(s), cozinha, 1 vaga(s) de garagem.",61483.28,125000.0,50.82,Venda Online,,HORIZONTE,CE,Não
8444429967420,"RUA L, N. 180H, QD 01 LT 01",VERTENTE,"Casa, 468.99 de área total, 66.15 de área privativa, 402.84 de área do terreno,  2 qto(s), varanda, a.serv, WC, 1 sala(s), cozinha, 1 vaga(s) de garagem.",59761.75,121500.0,50.82,Venda Online,,HORIZONTE,CE,Não
8444432717057,"R TURQUIA, N. 75-C, COND RES PRISMA",VERTENTE,"Casa, 468.95 de área total, 66.15 de área privativa, 932.04 de área do terreno,  2 qto(s), a.serv, WC, 1 sala(s), cozinha.",58040.22,118000.0,50.82,Venda Online,,HORIZONTE,CE,Não
8444426191600,"RU L, N. 77-A,",VERTENTE,"Casa, 60.63 de área total, 60.63 de área privativa, 156.25 de área do terreno,  2 qto(s), a.serv, WC, 1 sala(s), cozinha.",64009.67,130000.0,50.77,Venda Online,,HORIZONTE,CE,Não
8444433166666,"RUA TURQUIA, N. 75-E, QD 01, LT 03",VERTENTE,"Casa, 65.15 de área total, 65.15 de área privativa, 134.64 de área do terreno,  2 qto(s), a.serv, WC, 1 sala(s), cozinha, 1 vaga(s) de garagem.",66471.58,135000.0,50.77,Venda Direta Online,,HORIZONTE,CE,Não
8444431202282,"RUA JOÃO HENRIQUE SOARES, N. 172-B,",ALTO DA ESTRELA,"Casa, 56.50 de área total, 56.50 de área privativa, 110.00 de área do terreno,  2 qto(s), a.serv, WC, 1 sala(s), cozinha.",62532.52,127000.0,50.77,Venda Direta Online,,HORIZONTE,CE,Não
8444429663901,"RUA ROMENIA, N. 32-C,",VERTENTE,"Casa, 66.15 de área total, 66.15 de área privativa, 116.50 de área do terreno,  2 qto(s), varanda, a.serv, WC, 1 sala(s), cozinha, 1 vaga(s) de garagem.",78232.85,158000.0,50.49,Venda Direta Online,,HORIZONTE,CE,Não
8444427055718,"RUA MARIA JOSE NACIMENTO DE ALECIM, N. SN, CS 41-G LT 02 QD 01",CARNAUBAL,"Casa, 60.70 de área total, 60.70 de área privativa, 115.28 de área do terreno,  2 qto(s), varanda, a.serv, WC, 1 sala(s), cozinha, 1 vaga(s) de garagem.",63654.69,128000.0,50.27,Venda Online,,HORIZONTE,CE,Não
8444430180153,"RUA ROMÊNIA, N. 81-E,",VERTENTE,"Casa, 66.15 de área total, 66.15 de área privativa, 66.15 de área do terreno,  2 qto(s), varanda, a.serv, WC, 1 sala(s), cozinha, 1 vaga(s) de garagem.",63406.04,127500.0,50.27,Venda Online,,HORIZONTE,CE,Não
8444431395404,"RUA L, N. 121 B, QD 02 LT 08",VERTENTE,"Casa, 66.15 de área total, 66.15 de área privativa, 134.64 de área do terreno,  2 qto(s), a.serv, WC, 1 sala(s), cozinha.",69670.09,140000.0,50.24,Venda Online,,HORIZONTE,CE,Não
8444406058211,"AV MARINA FERREIRA DE ALMEIDA, N. 5019-B,",VERTENTE,"Casa, 53.14 de área total, 53.14 de área privativa, 141.00 de área do terreno,  2 qto(s), a.serv, WC, 1 sala(s), cozinha.",52499.77,105000.0,50.01,Venda Direta Online,,HORIZONTE,CE,Não
8444407654667,"RUA ESPANHA, N. 233A,",VERTENTE,"Casa, 53.14 de área total, 53.14 de área privativa, 132.00 de área do terreno,  2 qto(s), a.serv, WC, 1 sala(s), cozinha.",56499.75,113000.0,50.01,Venda Direta Online,,HORIZONTE,CE,Não
8444430156961,"RUA L, N. 136-D, QD 01 LT 02",VERTENTE,"Casa, 66.15 de área total, 66.15 de área privativa, 116.50 de área do terreno,  2 qto(s), a.serv, WC, 1 sala(s), cozinha, 1 vaga(s) de garagem.",54499.76,109000.0,50.01,Venda Direta Online,,HORIZONTE,CE,Não
8444429121262,"RUA ROMENIA, N. 35-G, QD 01, LT 04",VERTENTE,"Casa, 66.15 de área total, 66.15 de área privativa, 66.15 de área do terreno,  2 qto(s), varanda, a.serv, WC, 1 sala(s), cozinha, 1 vaga(s) de garagem.",70402.24,140000.0,49.72,Venda Direta Online,,HORIZONTE,CE,Não
8444429461055,"RUA ROMÊNIA, N. 35B,",VERTENTE,"Casa, 468.99 de área total, 66.15 de área privativa, 116.50 de área do terreno,  2 qto(s), varanda, a.serv, WC, 1 sala(s), cozinha, Terraco, 1 vaga(s) de garagem.",70905.12,141000.0,49.72,Venda Direta Online,,HORIZONTE,CE,Não
8444431794651,"RUA TURQUIA, N. 30-E,",VERTENTE,"Casa, 468.99 de área total, 66.15 de área privativa, 116.05 de área do terreno,  2 qto(s), varanda, a.serv, WC, 1 sala(s), cozinha, 1 vaga(s) de garagem.",75430.98,150000.0,49.72,Venda Direta Online,,HORIZONTE,CE,Não
8444426472315,"RUA MARIA JOSEFA DO NASCIMENTO, N. 299, Apto 103, BL 08 VAGA DE GARAGEM N T 103",PLANALTO HORIZONTE,"Apartamento, 221.94 de área total, 45.98 de área privativa, 0.00 de área do terreno,  2 qto(s), WC, 1 sala(s), cozinha, 1 vaga(s) de garagem.",70402.24,140000.0,49.72,Venda Direta Online,,HORIZONTE,CE,Não
8444428174699,"RUA ESCARLATE, N. 57, CS D",ALTO ALEGRE,"Casa, 347.25 de área total, 72.98 de área privativa, 639.17 de área do terreno,  2 qto(s), a.serv, WC, 1 sala(s), cozinha, 1 vaga(s) de garagem.",88148.45,175000.0,49.63,Venda Direta Online,,HORIZONTE,CE,Sim
8444403762520,"RUA GILBERTO GOMES PEREIRA, N. 469, CS B",DIADEMA,"Casa, 75.68 de área total, 75.68 de área privativa, 168.00 de área do terreno,  2 qto(s), a.serv, WC, 1 sala(s).",80592.86,160000.0,49.63,Venda Direta Online,,HORIZONTE,CE,Sim
8444428611894,"RUA PROFESSORA ZULEIDE BEZERRA DE CARVAL, N. 610 T, LT 03",DIADEMA,"Casa, 77.52 de área total, 77.52 de área privativa, 287.87 de área do terreno,  2 qto(s), varanda, a.serv, WC, 1 sala(s), cozinha, 1 vaga(s) de garagem.",88400.29,175500.0,49.63,Venda Direta Online,,HORIZONTE,CE,Sim
8444429328320,"RUA ROMENIA, N. 35-C, QD 01 LT 04",VERTENTE,"Casa, 66.15 de área total, 66.15 de área privativa, 132.64 de área do terreno,  2 qto(s), a.serv, WC, 1 sala(s), cozinha, 1 vaga(s) de garagem.",80592.86,160000.0,49.63,Venda Direta Online,,HORIZONTE,CE,Sim
8444434066266,"RUA MANOEL FELICIANO DA SILVA, N. 4331, CS 04",ALTO DA ESTRELA,"Casa, 64.50 de área total, 64.50 de área privativa, 136.35 de área do terreno,  2 qto(s), a.serv, WC, 1 sala(s), cozinha, 1 vaga(s) de garagem.",90666.97,180000.0,49.63,Venda Direta Online,,HORIZONTE,CE,Sim
8444426391790,"RUA NORUEGA, N. 214-A, LT 75",CANAUBAL,"Casa, 60.70 de área total, 60.70 de área privativa, 115.50 de área do terreno,  2 qto(s), a.serv, WC, 1 sala(s), cozinha, Terraco.",53408.92,106000.0,49.62,Venda Online,,HORIZONTE,CE,Não
8444425444148,"RUA MARIA JOSEFA DO NASCIMENTO, N. 299, Apto 406, BL 07, 3º PAVIMENTO",PLANALTO HORIZONTE,"Apartamento, 0.00 de área total, 45.98 de área privativa, 0.00 de área do terreno.",59146.92,117000.0,49.45,Venda Online,,HORIZONTE,CE,Não
8444412850479,"RUA JOSÉ MARTINS, N. 186A, CS A",CATOLE,"Casa, 79.00 de área total, 79.00 de área privativa, 360.00 de área do terreno,  2 qto(s), a.serv, WC, 2 sala(s), cozinha.",67919.77,134000.0,49.32,Venda Online,,HORIZONTE,CE,Não
8444432523490,"RUA JUVENAL SEMEÃO, N. 567A, TERRENO 14",PLANALTO DA GALILÉIA,"Casa, 63.53 de área total, 63.53 de área privativa, 396.00 de área do terreno,  2 qto(s), a.serv, WC, 1 sala(s), cozinha, Terraco, 1 vaga(s) de garagem.",81486.66,160000.0,49.08,Venda Direta Online,,HORIZONTE,CE,Sim
8444428638555,"RUA J, N. 135 F,",VERTENTE,"Casa, 468.99 de área total, 66.15 de área privativa, 116.50 de área do terreno,  2 qto(s), varanda, a.serv, WC, 1 sala(s), cozinha, 1 vaga(s) de garagem.",83269.17,163500.0,49.08,Venda Direta Online,,HORIZONTE,CE,Sim
8444428699155,"RUA J, N. 185-D,",VERTENTE,"Casa, 468.99 de área total, 66.15 de área privativa, 116.50 de área do terreno,  2 qto(s), a.serv, WC, 1 sala(s), cozinha, 1 vaga(s) de garagem.",84033.11,165000.0,49.08,Venda Direta Online,,HORIZONTE,CE,Sim
8444429378620,"RUA ROMENIA, N. 32-H, DISTRITO DOURADO",VERTENTE,"Casa, 66.15 de área total, 66.15 de área privativa, 66.15 de área do terreno,  2 qto(s), a.serv, WC, 1 sala(s), cozinha, 1 vaga(s) de garagem.",80977.37,159000.0,49.08,Venda Direta Online,,HORIZONTE,CE,Sim
8444429494816,"RUA ROMENIA, N. 32-B, QD 02, LT 06",VERTENTE,"Casa, 468.99 de área total, 66.15 de área privativa, 932.04 de área do terreno,  2 qto(s), varanda, a.serv, WC, 1 sala(s), cozinha, 1 vaga(s) de garagem.",89126.03,175000.0,49.08,Venda Direta Online,,HORIZONTE,CE,Sim
8444432790676,"RUA TURQUIA, N. 75 A, QD 01 LT 03",VERTENTE,"Casa, 66.15 de área total, 66.15 de área privativa, 125.43 de área do terreno,  2 qto(s), a.serv, WC, 1 sala(s), cozinha, 1 vaga(s) de garagem.",87088.86,171000.0,49.08,Venda Direta Online,,HORIZONTE,CE,Sim
8444432873059,"RUA TURQUIA, N. 31-F,  QD 01, LT 04",VERTENTE,"Casa, 66.15 de área total, 66.15 de área privativa, 134.64 de área do terreno,  2 qto(s), a.serv, WC, 1 sala(s), cozinha, 1 vaga(s) de garagem.",85560.99,168000.0,49.08,Venda Direta Online,,HORIZONTE,CE,Sim
8444426794282,"RUA CROACIA, N. 46-A,",CACHOEIRA,"Casa, 60.70 de área total, 60.70 de área privativa, 115.50 de área do terreno,  2 qto(s), 1 sala(s), cozinha.",82505.25,162000.0,49.08,Venda Direta Online,,HORIZONTE,CE,Sim
8444428585010,"RUA J, N. 135-B, QD 02, LT 08",VERTENTE,"Casa, 66.15 de área total, 66.15 de área privativa, 932.04 de área do terreno,  2 qto(s), varanda, a.serv, WC, 1 sala(s), cozinha, 1 vaga(s) de garagem.",69000.68,135000.0,48.89,Venda Online,,HORIZONTE,CE,Não
8444426940238,"RUA CROÁCIA, N. 53-G, QD 01 LT 02",CANAUBAL,"Casa, 60.70 de área total, 60.70 de área privativa, 115.50 de área do terreno,  2 qto(s), a.serv, WC, 1 sala(s), cozinha, 1 vaga(s) de garagem.",79403.42,155000.0,48.78,Venda Direta Online,,HORIZONTE,CE,Não
8444434596311,"RUA JUVENAL SEMEAO, N. 340, CASA B",PLA DA GALILEIA,"Casa, 60.68 de área total, 60.68 de área privativa, 259.82 de área do terreno,  2 qto(s), a.serv, WC, 1 sala(s), cozinha, 1 vaga(s) de garagem.",76842.01,150000.0,48.78,Venda Direta Online,,HORIZONTE,CE,Não
8444430082240,"RUA L, N. 136 C, QD 02 LT 02",VERTENTE,"Casa, 66.15 de área total, 66.15 de área privativa, 116.50 de área do terreno,  2 qto(s), a.serv, WC, 1 sala(s), cozinha, 1 vaga(s) de garagem.",74280.62,145000.0,48.78,Venda Direta Online,,HORIZONTE,CE,Não
8444433931192,"AV MIGUEL SKEFF, N. 97-B,",DIADEMA,"Casa, 0.00 de área total, 152.38 de área privativa, 321.27 de área do terreno,  2 qto(s), varanda, a.serv, WC, 1 sala(s), cozinha, 1 vaga(s) de garagem.",96071.52,187000.0,48.63,Venda Direta Online,,HORIZONTE,CE,Não
8444411601564,"RUA JOSE FRANCISCO DE SOUSA, N. 894, CS 74",ZUMBI,"Casa, 50.40 de área total, 49.11 de área privativa, 170.28 de área do terreno,  2 qto(s), WC, 1 sala(s), cozinha.",62167.13,120500.0,48.41,Venda Online,,HORIZONTE,CE,Não
8555525439270,"AVENIDA MARINA FERREIRA DE ALMEIDA, N. 100, CS B",VERTENTE,"Casa, 53.14 de área total, 53.14 de área privativa, 141.00 de área do terreno.",59329.62,115000.0,48.41,Venda Online,,HORIZONTE,CE,Não
8444435375998,"RUA JOSE RUFINO, N. 65, A",CAJUEIRO DA MALHADA,"Casa, 0.00 de área total, 49.76 de área privativa, 65.20 de área do terreno, 1 vaga(s) de garagem.",59329.62,115000.0,48.41,Venda Direta Online,,HORIZONTE,CE,Não
8444404959548,"RUA SDO 01, N. 305, B",VERTENTE,"Casa, 67.29 de área total, 67.29 de área privativa, 382.82 de área do terreno,  2 qto(s), a.serv, WC, 1 sala(s), cozinha.",77526.28,150000.0,48.32,Venda Direta Online,,HORIZONTE,CE,Não
8444429484861,"RUA ROMENIA, N. 32D, DISTRITO DOURADO",VERTENTE,"Casa, 468.99 de área total, 66.15 de área privativa, 66.15 de área do terreno,  2 qto(s), varanda, a.serv, WC, 1 sala(s), cozinha, 1 vaga(s) de garagem.",78043.12,151000.0,48.32,Venda Direta Online,,HORIZONTE,CE,Não
8444429647922,"RUA L, N. 180C,",VERTENTE,"Casa, 66.15 de área total, 66.15 de área privativa, 932.04 de área do terreno,  2 qto(s), varanda, a.serv, WC, 1 sala(s), cozinha, 1 vaga(s) de garagem.",72357.86,140000.0,48.32,Venda Online,,HORIZONTE,CE,Não
8444430317329,"RUA L, N. 165-C, QD 02, LT 07",VERTENTE,"Casa, 66.15 de área total, 66.15 de área privativa, 50.35 de área do terreno,  2 qto(s), a.serv, WC, 1 sala(s), cozinha, 1 vaga(s) de garagem.",74942.07,145000.0,48.32,Venda Online,,HORIZONTE,CE,Não
8444431387223,"RUA L, N. 165 E, QD 02 LT 07",VERTENTE,"Casa, 66.15 de área total, 66.15 de área privativa, 402.00 de área do terreno,  2 qto(s), varanda, a.serv, WC, 1 sala(s), cozinha, 1 vaga(s) de garagem.",74942.07,145000.0,48.32,Venda Online,,HORIZONTE,CE,Não
8444433285665,"RUA FIRENZINI, N. 80, LT 02 QD 02",DIADEMA,"Casa, 78.41 de área total, 78.41 de área privativa, 149.65 de área do terreno,  2 qto(s), a.serv, WC, 1 sala(s), cozinha, 1 vaga(s) de garagem.",102945.87,198000.0,48.01,Venda Direta Online,,HORIZONTE,CE,Sim
8444434857301,"RUA GUARAMIRANGA, N. 235A,  RES. BATURITÉ QOI",OLHO D'AGUA,"Casa, 75.00 de área total, 126.30 de área privativa, 252.59 de área do terreno,  2 qto(s), a.serv, WC, 1 sala(s), cozinha, 1 vaga(s) de garagem.",96186.79,185000.0,48.01,Venda Direta Online,,HORIZONTE,CE,Sim
8444411949080,"RUA GERALDO GABRIEL MARCELINO, N. 110, CS B",PLANALTO DA GA,"Casa, 0.00 de área total, 62.08 de área privativa, 198.00 de área do terreno.",65689.56,126000.0,47.87,Venda Online,,HORIZONTE,CE,Não
8444419703420,"RUA MARIA BRUNO DA SILVA, N. 433, CS A",CATOLE,"Casa, 69.72 de área total, 69.72 de área privativa, 137.50 de área do terreno,  2 qto(s), a.serv, WC, 1 sala(s), cozinha, Terraco.",71945.72,138000.0,47.87,Venda Online,,HORIZONTE,CE,Não
8444402960646,"AVENIDA MARINA FERREIRA DE ALMEIDA, N. 5139, CS B",VERTENTE,"Casa, 53.14 de área total, 53.14 de área privativa, 282.00 de área do terreno,  2 qto(s), a.serv, WC, 1 sala(s).",70381.68,135000.0,47.87,Venda Direta Online,,HORIZONTE,CE,Não
8444429392568,"RUA ATHENA, N. 180 G, LT 11 QD 04",MAL COZINHADO,"Casa, 817.75 de área total, 76.07 de área privativa, 180.66 de área do terreno,  2 qto(s), varanda, a.serv, WC, 1 sala(s), cozinha, 1 vaga(s) de garagem.",91078.32,174000.0,47.66,Venda Direta Online,,HORIZONTE,CE,Não
8444409068820,"AVENIDA MIGUEL SKEFF, N. 1628,",VERTENTE,"Casa, 0.00 de área total, 108.91 de área privativa, 210.96 de área do terreno.",88984.56,170000.0,47.66,Venda Online,,HORIZONTE,CE,Não
8444429890797,"RUA L, N. 136B, QD 01 LT 02",VERTENTE,"Casa, 0.00 de área total, 66.15 de área privativa, 50.35 de área do terreno,  2 qto(s), a.serv, WC, 1 sala(s), cozinha, 1 vaga(s) de garagem.",82703.3,158000.0,47.66,Venda Online,,HORIZONTE,CE,Não
8444434341470,"RUA M, N. 166-E,  QD 01, LT 01",VERTENTE,"Casa, 66.15 de área total, 66.15 de área privativa, 134.64 de área do terreno,  2 qto(s), varanda, a.serv, WC, 1 sala(s), cozinha, Terraco, 1 vaga(s) de garagem.",94218.95,180000.0,47.66,Venda Online,,HORIZONTE,CE,Não
8444413741010,"RUA 03, N. 51,",GAMELEIRA,"Casa, 0.00 de área total, 78.62 de área privativa, 175.00 de área do terreno.",76402.92,145000.0,47.31,Venda Online,,HORIZONTE,CE,Não
8444425686001,"RUA NORUEGA, N. 85-A,",CARNAUBAL,"Casa, 60.70 de área total, 60.70 de área privativa, 115.50 de área do terreno,  2 qto(s), a.serv, WC, 1 sala(s), cozinha, 1 vaga(s) de garagem.",75876.0,144000.0,47.31,Venda Direta Online,,HORIZONTE,CE,Não
8444434382699,"RUA JUVENAL SEMEÃO, N. 579, CS A",PLANALTO DA GALILÉIA,"Casa, 63.53 de área total, 63.53 de área privativa, 132.00 de área do terreno,  2 qto(s), a.serv, WC, 1 sala(s), cozinha.",73768.33,140000.0,47.31,Venda Online,,HORIZONTE,CE,Não
8444428163360,"RUA JOSÉ NÉRIS DA SILVA, N. 2951, CS C",ALTO ALEGRE,"Casa, 280.33 de área total, 81.79 de área privativa, 152.45 de área do terreno,  2 qto(s), a.serv, WC, 1 sala(s), cozinha.",96000.32,180000.0,46.67,Venda Direta Online,,HORIZONTE,CE,Sim
8444426499973,"RUA JOAO PEREIRA DE NORONHA, N. 40-A, QD 14 LT 01",CATOLE,"Casa, 72.30 de área total, 72.30 de área privativa, 135.00 de área do terreno,  2 qto(s), a.serv, WC, 1 sala(s), cozinha.",85333.62,160000.0,46.67,Venda Direta Online,,HORIZONTE,CE,Sim
8787700232366,"RUA JUSTINA ALVES DE ALMEIDA, N. 114, LT 36",MAL COZINHADO,"Casa, 85.00 de área total, 85.00 de área privativa, 198.00 de área do terreno,  2 qto(s), a.serv, WC, 1 sala(s), cozinha, 1 vaga(s) de garagem.",85333.62,160000.0,46.67,Venda Online,,HORIZONTE,CE,Não
8444429323981,"RUA ROMENIA, N. 32G, QUADRA 02 LOTE 06",VERTENTE,"Casa, 66.15 de área total, 66.15 de área privativa, 932.04 de área do terreno,  2 qto(s), varanda, a.serv, WC, 1 sala(s), cozinha, 1 vaga(s) de garagem.",88000.29,165000.0,46.67,Venda Direta Online,,HORIZONTE,CE,Sim
8444435915399,"RUA MONTENEGRO, N. 17B, FI 0,47 DO TERRENO",VERTENTE,"Casa, 66.15 de área total, 66.15 de área privativa, 258.22 de área do terreno,  2 qto(s), 1 vaga(s) de garagem.",88000.29,165000.0,46.67,Venda Direta Online,,HORIZONTE,CE,Sim
8444434192709,"RUA GUARAMIRANGA, N. 125A,",OLHO D'AGUA,"Casa, 75.02 de área total, 75.02 de área privativa, 125.08 de área do terreno,  2 qto(s), a.serv, WC, 1 sala(s), cozinha, 1 vaga(s) de garagem.",88533.63,166000.0,46.67,Venda Direta Online,,HORIZONTE,CE,Sim
8444429592737,"TRAVESSA MARIA MACIEL GOMES, N. 65, LT 06",DISTRITO INDUSTRIAL,"Casa, 89.38 de área total, 89.38 de área privativa, 181.04 de área do terreno,  3 qto(s), a.serv, WC, 1 sala(s), cozinha, 1 vaga(s) de garagem.",93866.98,176000.0,46.67,Venda Online,,HORIZONTE,CE,Sim
8444404785299,"RUA SDO 01, N. 221-B,",VERTENTE,"Casa, 53.14 de área total, 53.14 de área privativa, 141.00 de área do terreno,  2 qto(s), a.serv, WC, 1 sala(s), cozinha.",70729.24,132000.0,46.42,Venda Direta Online,,HORIZONTE,CE,Não
8444418479080,"RUA ROMAO RAMALHO DA SILVA, N. 810A,  LT 05",ALTO DA ESTRELA,"Casa, 83.17 de área total, 83.17 de área privativa, 137.50 de área do terreno.",69657.58,130000.0,46.42,Venda Online,,HORIZONTE,CE,Não
8444429649950,"RUA L, N. 180, CS B",VERTENTE,"Casa, 66.15 de área total, 66.15 de área privativa, 932.04 de área do terreno,  2 qto(s), varanda, a.serv, WC, 1 sala(s), cozinha, 1 vaga(s) de garagem.",83940.76,155000.0,45.85,Venda Direta Online,,HORIZONTE,CE,Não
8444428336400,"RUA PROFESSORA ZULEIDE BEZERRA DE CARVAL, N. SN, CS 610H",DIADEMA,"Casa, 82.60 de área total, 82.60 de área privativa, 3188.00 de área do terreno,  2 qto(s), varanda, a.serv, WC, 1 sala(s), cozinha, 1 vaga(s) de garagem.",108551.59,199553.59,45.61,Venda Direta Online,,HORIZONTE,CE,Sim
8444433698102,"RUA WASHINGTON, N. 418-B,",BUENOS AIRES,"Casa, 78.00 de área total, 78.00 de área privativa, 279.19 de área do terreno,  2 qto(s), a.serv, WC, 1 sala(s), cozinha, 1 vaga(s) de garagem.",100634.85,185000.0,45.61,Venda Direta Online,,HORIZONTE,CE,Sim
8444426155948,"RUA JOAO PEREIRA DE NORONHA, N. 50B, LT 15 QD 01",CATOLE,"Casa, 72.30 de área total, 72.30 de área privativa, 135.00 de área do terreno,  2 qto(s), a.serv, WC, 1 sala(s), cozinha.",65893.14,121000.0,45.55,Venda Direta Online,,HORIZONTE,CE,Não
8444429344814,"RUA NICE, N. 25-C,",MAL COZINHADO,"Casa, 463.89 de área total, 71.71 de área privativa, 392.18 de área do terreno,  2 qto(s), varanda, a.serv, WC, 1 sala(s), cozinha, 1 vaga(s) de garagem.",99033.94,180669.41,45.19,Venda Direta Online,,HORIZONTE,CE,Não
8444412460298,"RUA EDVIRGENS MARIA DA CONCEICAO, N. 224, CS B",DIADEMA,"Casa, 74.42 de área total, 74.42 de área privativa, 360.00 de área do terreno,  2 qto(s), a.serv, WC, 1 sala(s), cozinha.",94281.79,172000.0,45.19,Venda Direta Online,,HORIZONTE,CE,Não
8444429120983,"RUA ROMENIA, N. 32E, QUADRA 02 LOTE 06",VERTENTE,"Casa, 468.99 de área total, 66.15 de área privativa, 932.04 de área do terreno,  2 qto(s), varanda, a.serv, WC, 1 sala(s), cozinha, 1 vaga(s) de garagem.",90444.75,165000.0,45.19,Venda Direta Online,,HORIZONTE,CE,Não
8444431522538,"RUA TURQUIA, N. 30B, QD 02 LT 06",VERTENTE,"Casa, 66.15 de área total, 66.15 de área privativa, 116.50 de área do terreno,  2 qto(s), a.serv, WC, 1 sala(s), cozinha, 1 vaga(s) de garagem.",87704.0,160000.0,45.19,Venda Direta Online,,HORIZONTE,CE,Não
8444435655079,"RUA CENI MENDES VALE (ANTIGA RUA M), N. 173 A, CS A PARTE LT 03 QD 03",VERTENTE,"Casa, 0.00 de área total, 66.15 de área privativa, 113.13 de área do terreno,  2 qto(s), a.serv, WC, 1 sala(s), cozinha, 1 vaga(s) de garagem.",93185.49,170000.0,45.19,Venda Direta Online,,HORIZONTE,CE,Não
8444430079150,"RUA L, N. 136-F, LT 02 QD 01",VERTENTE,"Casa, 66.15 de área total, 66.15 de área privativa, 116.50 de área do terreno,  2 qto(s), a.serv, WC, 1 sala(s), cozinha, 1 vaga(s) de garagem.",70989.91,129000.0,44.97,Venda Direta Online,,HORIZONTE,CE,Não
8444409384950,"RUA CHICO PORO, N. 195, LT 03",ALTO DA ESTRELA,"Casa, 0.00 de área total, 108.77 de área privativa, 203.00 de área do terreno,  3 qto(s), WC, 1 sala(s), cozinha.",115706.54,210000.0,44.91,Venda Direta Online,,HORIZONTE,CE,Não
8444427980527,"RUA GRÉCIA, N. 68-D, CS 68-D LT 05 QD 01",CARNAUBAL - DOURADO,"Casa, 430.74 de área total, 60.70 de área privativa, 370.04 de área do terreno,  2 qto(s), a.serv, WC, 1 sala(s), cozinha, Terraco, 1 vaga(s) de garagem.",80091.33,144000.0,44.39,Venda Direta Online,,HORIZONTE,CE,Sim
8444433371022,"RUA M, N. 122B, LT 02 QD 01",VERTENTE,"Casa, 66.15 de área total, 66.15 de área privativa, 116.50 de área do terreno,  2 qto(s), varanda, a.serv, WC, 1 sala(s), cozinha, 1 vaga(s) de garagem.",83984.66,151000.0,44.39,Venda Direta Online,,HORIZONTE,CE,Sim
8444433816806,"RUA M, N. 122-F, LT 02 QD 01",VERTENTE,"Casa, 66.15 de área total, 66.15 de área privativa, 116.50 de área do terreno,  2 qto(s), a.serv, WC, 1 sala(s), cozinha, 1 vaga(s) de garagem.",83984.66,151000.0,44.39,Venda Direta Online,,HORIZONTE,CE,Sim
8444434127001,"RUA M, N. 166H, LT 01 QD 01",VERTENTE,"Casa, 66.15 de área total, 66.15 de área privativa, 116.50 de área do terreno,  2 qto(s), varanda, a.serv, WC, 1 sala(s), cozinha, 1 vaga(s) de garagem.",83984.66,151000.0,44.39,Venda Direta Online,,HORIZONTE,CE,Sim
8444434425410,"RUA M, N. 166F, LT 01 QD 01",VERTENTE,"Casa, 66.15 de área total, 66.15 de área privativa, 125.66 de área do terreno,  2 qto(s), a.serv, WC, 1 sala(s), cozinha, 1 vaga(s) de garagem.",77866.57,140000.0,44.39,Venda Direta Online,,HORIZONTE,CE,Não
8444435771958,"RUA M, N. SN, 197A LT 01",VERTENTE,"Casa, 66.15 de área total, 66.15 de área privativa, 121.36 de área do terreno,  2 qto(s), a.serv, WC, 1 sala(s), cozinha, 1 vaga(s) de garagem.",77866.57,140000.0,44.39,Venda Online,,HORIZONTE,CE,Não
8444415153205,"RUA MARIA LUCIANA DA SILVA, N. 141, CS A",ALTO DA ESTRELA,"Casa, 74.86 de área total, 74.86 de área privativa, 396.00 de área do terreno,  2 qto(s), a.serv, WC, 1 sala(s), cozinha, Terraco.",83428.47,150000.0,44.39,Venda Direta Online,,HORIZONTE,CE,Sim
8444408144026,"RUA ESPANHA, N. 246, CASA A",VERTENTE,"Casa, 0.00 de área total, 53.14 de área privativa, 132.00 de área do terreno,  2 qto(s), WC, 1 sala(s), cozinha, 1 vaga(s) de garagem.",64273.76,115000.0,44.11,Venda Direta Online,,HORIZONTE,CE,Não
8444433935112,"RUA GUARAMIRANGA, N. 128B,",OLHO D'AGUA,"Casa, 84.95 de área total, 84.95 de área privativa, 153.07 de área do terreno,  3 qto(s), a.serv, WC, 1 sala(s), cozinha.",106784.75,191000.0,44.1,Venda Direta Online,,HORIZONTE,CE,Não
8444434884848,"RUA GUARAMIRANGA, N. 285B, QD 01",OLHO D'AGUA,"Casa, 75.00 de área total, 75.00 de área privativa, 126.30 de área do terreno,  2 qto(s), varanda, a.serv, WC, 1 sala(s), cozinha, 1 vaga(s) de garagem.",107902.92,193000.0,44.1,Venda Direta Online,,HORIZONTE,CE,Não
8444428273611,"RUA ESCARLATE, N. 46, CA B",ALTO ALEGRE,"Casa, 72.16 de área total, 72.16 de área privativa, 548.33 de área do terreno,  2 qto(s), a.serv, WC, 1 sala(s), cozinha.",100207.74,178000.0,43.71,Venda Direta Online,,HORIZONTE,CE,Sim
8444428373551,"R GRECIA, N. 36-A, LT 04 QD 01",DESTRITO DOURADO,"Casa, 388.58 de área total, 60.70 de área privativa, 0.00 de área do terreno,  2 qto(s), varanda, a.serv, WC, 1 sala(s), cozinha, 1 vaga(s) de garagem.",93452.16,166000.0,43.71,Venda Direta Online,,HORIZONTE,CE,Sim
8444431602175,"RUA MILANO, N. 40-H, QD 02",DIADEMA,"Casa, 701.89 de área total, 78.41 de área privativa, 0.00 de área do terreno,  2 qto(s), varanda, a.serv, WC, 1 sala(s), cozinha, 1 vaga(s) de garagem.",96829.95,172000.0,43.71,Venda Direta Online,,HORIZONTE,CE,Sim
8444436169089,"RUA MONTENEGRO, N. 29-A, LT  07",VERTENTE,"Casa, 66.15 de área total, 66.15 de área privativa, 226.26 de área do terreno,  2 qto(s), varanda, a.serv, WC, 1 sala(s), cozinha, 1 vaga(s) de garagem.",90838.16,161356.71,43.71,Venda Direta Online,,HORIZONTE,CE,Sim
8444415106525,"RUA ROMAO RAMALHO DA SILVA, N. 768A, LT 01",ALTO DA ESTRELA,"Casa, 83.17 de área total, 83.17 de área privativa, 312.50 de área do terreno,  2 qto(s), a.serv, WC, 1 sala(s), cozinha, 1 vaga(s) de garagem.",88067.09,156434.45,43.71,Venda Direta Online,,HORIZONTE,CE,Sim
8444407275739,"RUA ZULEIDE BEZERRA DE CARVALHO, N. 1080, LT 215-A,  QD 112",DIADEMA,"Casa, 0.00 de área total, 73.53 de área privativa, 216.00 de área do terreno,  2 qto(s), a.serv, WC, 1 sala(s), cozinha.",91106.62,161000.0,43.42,Licitação Aberta,,HORIZONTE,CE,Não
8444424870364,"RUA DINAMARCA, N. 176A, LT 58",CANAUBAL,"Casa, 60.70 de área total, 60.70 de área privativa, 121.40 de área do terreno,  2 qto(s), a.serv, WC, 1 sala(s), cozinha, 1 vaga(s) de garagem.",86194.78,151000.0,42.92,Venda Online,,HORIZONTE,CE,Não
8444421866692,"RUA PROJETADA, N. 146, CS A",VERTENTE,"Casa, 60.15 de área total, 60.15 de área privativa, 298.20 de área do terreno,  2 qto(s), a.serv, WC, 1 sala(s), cozinha, 1 vaga(s) de garagem.",79344.87,139000.0,42.92,Venda Direta Online,,HORIZONTE,CE,Não
8444412528569,"RUA GERALDO GABRIEL MARCELINO, N. 110, CASA A",PLANALTO DA GALILÉIA,"Casa, 62.08 de área total, 62.08 de área privativa, 198.00 de área do terreno,  2 qto(s), a.serv, WC, 1 sala(s), cozinha, 1 vaga(s) de garagem.",67068.27,117000.0,42.68,Venda Online,,HORIZONTE,CE,Não
8444426400241,"RUA NORUEGA, N. 204B, LT 74",CANAUBAL,"Casa, 60.70 de área total, 60.70 de área privativa, 121.40 de área do terreno,  2 qto(s), a.serv, WC, 1 sala(s), cozinha, 1 vaga(s) de garagem.",70507.67,123000.0,42.68,Venda Direta Online,,HORIZONTE,CE,Não
8444422661431,"RUA JOSE FRANCISCO DE SOUSA, N. 894,",ZUMBI,"Casa, 50.40 de área total, 49.11 de área privativa, 0.00 de área do terreno,  2 qto(s), WC, 1 sala(s), cozinha, 1 vaga(s) de garagem.",71080.9,124000.0,42.68,Venda Direta Online,,HORIZONTE,CE,Não
8444430002450,"RUA L, N. 180-G,",VERTENTE,"Casa, 468.99 de área total, 66.15 de área privativa, 66.15 de área do terreno,  2 qto(s), varanda, a.serv, WC, 1 sala(s), cozinha, 1 vaga(s) de garagem.",71654.14,125000.0,42.68,Venda Direta Online,,HORIZONTE,CE,Não
8444412851270,"RUA JUVENAL SEMEAO, N. 556, CS A",PLANALTO DA GALILÉIA,"Casa, 75.98 de área total, 75.98 de área privativa, 396.00 de área do terreno,  2 qto(s), a.serv, WC, 1 sala(s), cozinha.",132985.64,231604.51,42.59,Venda Online,,HORIZONTE,CE,Sim
8444434481174,"AVENIDA MIGUEL SKEFF, N. 83B, QD 03",OLHO D'AGUA,"Casa, 76.17 de área total, 76.17 de área privativa, 166.68 de área do terreno,  2 qto(s), a.serv, WC, 1 sala(s), cozinha, Terraco, 1 vaga(s) de garagem.",97066.99,168000.0,42.23,Venda Online,,HORIZONTE,CE,Não
8444436205646,"RUA MOACIR FELIX DOS SANTOS, N. 83A,",BUENOS AIRES,"Casa, 76.30 de área total, 76.30 de área privativa, 125.02 de área do terreno,  2 qto(s), varanda, a.serv, WC, 1 sala(s), cozinha, 1 vaga(s) de garagem.",98222.55,170000.0,42.23,Venda Online,,HORIZONTE,CE,Não
8444426200943,"R NORUEGA, N. 164-A, A",CARNAUBAL,"Casa, 182.10 de área total, 60.70 de área privativa, 115.50 de área do terreno,  2 qto(s), a.serv, WC, 1 sala(s), cozinha, 1 vaga(s) de garagem.",74146.96,128000.0,42.08,Venda Direta Online,,HORIZONTE,CE,Não
8444427473846,"RUA COSTA RICA, N. 46, CS C LT 02 QD 01",MAL COZINHADO,"Casa, 80.03 de área total, 80.03 de área privativa, 400.12 de área do terreno,  2 qto(s), a.serv, WC, 1 sala(s), cozinha.",76464.05,132000.0,42.08,Licitação Aberta,,HORIZONTE,CE,Não
8444421456516,"RUA JOSE FRANCISCO DE SOUSA, N. 894, CASA 11",ZUMBI,"Casa, 50.40 de área total, 49.11 de área privativa, 50.40 de área do terreno,  2 qto(s), a.serv, WC, 1 sala(s), cozinha.",79360.41,137000.0,42.08,Venda Direta Online,,HORIZONTE,CE,Não
8787710192561,"RUA JOSE FRANCISCO DE SOUSA, N. 894, CS 46",ZUMBI,"Casa, 50.40 de área total, 49.11 de área privativa, 126.47 de área do terreno,  2 qto(s), a.serv, WC, 1 sala(s), cozinha, 1 vaga(s) de garagem.",76464.05,132000.0,42.08,Venda Direta Online,,HORIZONTE,CE,Não
8444432947630,"RUA GILBERTO GOMES PEREIRA, N. 437, LT 16, QD 18, CASA  A",DIADEMA,"Casa, 75.68 de área total, 75.68 de área privativa, 384.00 de área do terreno,  2 qto(s), a.serv, WC, 1 sala(s), cozinha, Terraco.",75305.5,130000.0,42.08,Licitação Aberta,,HORIZONTE,CE,Não
8444434317943,"RUA JOSE VALE DA SILVA, N. 89, CASA - A",DIADEMA,"Casa, 58.18 de área total, 58.18 de área privativa, 140.91 de área do terreno, 1 vaga(s) de garagem.",72988.41,126000.0,42.08,Venda Direta Online,,HORIZONTE,CE,Não
8444418016004,"RUA N, N. 37A, LT 22",VERTENTE,"Casa, 60.15 de área total, 60.15 de área privativa, 317.57 de área do terreno,  2 qto(s), a.serv, WC, 1 sala(s), cozinha.",78781.14,136000.0,42.08,Venda Direta Online,,HORIZONTE,CE,Não
8444430199334,"RUA L, N. 136-G,  LT 02 QD 01",VERTENTE,"Casa, 66.15 de área total, 66.15 de área privativa, 402.84 de área do terreno,  2 qto(s), varanda, a.serv, WC, 1 sala(s), cozinha, 1 vaga(s) de garagem.",78201.87,135000.0,42.08,Venda Online,,HORIZONTE,CE,Não
8444431035807,"RUA L, N. SN, CASA UNIFAMILIAR N. 165-F",VERTENTE,"Casa, 0.00 de área total, 66.15 de área privativa, 402.84 de área do terreno,  2 qto(s), varanda, a.serv, WC, 1 sala(s), cozinha, 1 vaga(s) de garagem.",77043.32,133000.0,42.08,Venda Direta Online,,HORIZONTE,CE,Não
8444409438732,"RUA FRANCISCO SENA DA SILVA, N. 52,",BUENOS AIRES,"Casa, 72.00 de área total, 72.00 de área privativa, 198.00 de área do terreno,  2 qto(s), a.serv, WC, 1 sala(s), cozinha, 1 vaga(s) de garagem.",78201.87,135000.0,42.08,Venda Direta Online,,HORIZONTE,CE,Não
8444416728031,"RUA SALVINA MACHADO DE ALMEI, N. 504-B,",VERTENTE,"Casa, 70.69 de área total, 70.69 de área privativa, 163.97 de área do terreno,  2 qto(s), a.serv, WC, 1 sala(s), cozinha, 1 vaga(s) de garagem.",90161.3,154000.0,41.46,Licitação Aberta,,HORIZONTE,CE,Não
8444417062860,"RUA S.D.O. (TRAVESSA EUROPA), N. 32A, CS 32-A, LT 06",VERTENTE,"Casa, 58.02 de área total, 58.02 de área privativa, 227.20 de área do terreno,  2 qto(s), a.serv, WC, 1 sala(s), cozinha, 1 vaga(s) de garagem.",83721.21,143000.0,41.46,Venda Direta Online,,HORIZONTE,CE,Não
8444429306602,"RUA ROMENIA, N. 35-D, QD 01 LT 04",VERTENTE,"Casa, 468.99 de área total, 66.15 de área privativa, 125.55 de área do terreno,  2 qto(s), a.serv, WC, 1 sala(s), cozinha, 1 vaga(s) de garagem.",84892.14,145000.0,41.46,Venda Direta Online,,HORIZONTE,CE,Não
8444432653580,"RUA TURQUIA, N. 75-D,  LT 03 QD 01",VERTENTE,"Casa, 66.15 de área total, 66.15 de área privativa, 402.80 de área do terreno,  2 qto(s), varanda, a.serv, WC, 1 sala(s), cozinha, 1 vaga(s) de garagem.",87819.45,150000.0,41.46,Venda Online,,HORIZONTE,CE,Não
8444431211265,"RUA JOAO HENRIQUE SOARES, N. 172, CS A",ALTO DA ESTRELA,"Casa, 56.50 de área total, 56.50 de área privativa, 220.00 de área do terreno,  2 qto(s), a.serv, WC, 1 sala(s), cozinha.",81964.82,140000.0,41.46,Licitação Aberta,,HORIZONTE,CE,Não
8444413602347,"RUA ROMAO RAMALHO DA SILVA, N. 128-A, LT 04",CAJUEIRO DA MALHADA,"Casa, 71.01 de área total, 71.01 de área privativa, 363.00 de área do terreno,  2 qto(s), a.serv, WC, 1 sala(s), cozinha, 1 vaga(s) de garagem.",87819.45,150000.0,41.46,Venda Direta Online,,HORIZONTE,CE,Não
8444428232761,"RUA JOAO SAMPAIO, N. 1084, TERRENO 04",CAJUEIRO DA MALHADA,"Casa, 82.10 de área total, 82.10 de área privativa, 162.00 de área do terreno,  2 qto(s), a.serv, WC, 1 sala(s), cozinha, 2 vaga(s) de garagem.",84892.14,145000.0,41.46,Venda Direta Online,,HORIZONTE,CE,Não
8444426903170,"RUA ANTONIO WILSON PINHEIRO REGINALDO, N. 90, CS A LT 03",GAMELEIRA,"Casa, 74.32 de área total, 74.32 de área privativa, 118.91 de área do terreno,  2 qto(s), a.serv, WC, 1 sala(s), cozinha.",87819.45,150000.0,41.46,Licitação Aberta,,HORIZONTE,CE,Não
8555539069496,"RUA SEBASTIAO SALES DO CARMO, N. 237, CS 06",BUENOS AIRES,"Casa, 64.54 de área total, 62.84 de área privativa, 64.54 de área do terreno,  2 qto(s), varanda, a.serv, WC, 1 sala(s), cozinha.",83721.21,143000.0,41.46,Venda Direta Online,,HORIZONTE,CE,Não
8444408849372,"RUA PROFESSORA MARIA OZELIA COSTA, N. 1120,",NOVO DIADEMA,"Casa, 107.72 de área total, 107.72 de área privativa, 197.51 de área do terreno,  2 qto(s), a.serv, WC, 2 sala(s), cozinha.",96592.92,163000.0,40.75,Venda Direta Online,,HORIZONTE,CE,Não
8444410164195,"RUA CLAUDILSON CANDIDO, N. 212, LT 02",BUENOS AIRES,"Casa, 0.00 de área total, 93.85 de área privativa, 219.36 de área do terreno.",97778.11,165000.0,40.75,Venda Direta Online,,HORIZONTE,CE,Não
8444427411719,"RUA PANAMA, N. 162,",MAL COZINHADO,"Casa, 79.01 de área total, 79.01 de área privativa, 208.42 de área do terreno,  2 qto(s), a.serv, WC, 1 sala(s), cozinha, 1 vaga(s) de garagem.",94815.14,160000.0,40.75,Licitação Aberta,,HORIZONTE,CE,Não
8444427434301,"RUA PANAMÁ, N. 151-D,",MAL COZINHADO,"Casa, 79.01 de área total, 79.01 de área privativa, 161.68 de área do terreno,  2 qto(s), varanda, a.serv, WC, 1 sala(s), cozinha, 1 vaga(s) de garagem.",99964.96,168690.3,40.75,Venda Direta Online,,HORIZONTE,CE,Não
8444429123370,"RUA MINERVA, N. 32C, LT 03 QD 02",MAL COZINHADO,"Casa, 495.44 de área total, 71.71 de área privativa, 997.41 de área do terreno,  2 qto(s), a.serv, WC, 1 sala(s), cozinha, 1 vaga(s) de garagem.",101333.68,171000.0,40.75,Venda Direta Online,,HORIZONTE,CE,Não
8444401877125,"RUA ALMIR REIS DA LUZ, N. 173, LT 01",DIADEMA,"Casa, 91.95 de área total, 91.95 de área privativa, 201.00 de área do terreno,  2 qto(s), a.serv, WC, 1 sala(s), cozinha.",97778.11,165000.0,40.75,Venda Direta Online,,HORIZONTE,CE,Não
8444429139676,"RUA NEUZA SENA DE JESUS ABREU, N. 286J,",DIADEMA,"Casa, 67.36 de área total, 67.36 de área privativa, 728.07 de área do terreno,  2 qto(s), varanda, a.serv, WC, 1 sala(s), cozinha, 1 vaga(s) de garagem.",92444.76,156000.0,40.75,Venda Direta Online,,HORIZONTE,CE,Não
8444430544023,"RUA L, N. SN, CS 165D, QD 02, LT 07",VERTENTE,"Casa, 0.00 de área total, 66.15 de área privativa, 402.84 de área do terreno,  2 qto(s), a.serv, WC, 1 sala(s), cozinha, 1 vaga(s) de garagem.",94815.14,160000.0,40.75,Venda Direta Online,,HORIZONTE,CE,Não
8444432755200,"RUA TURQUIA, N. 31, D QD 1 LOTE 04",VERTENTE,"Casa, 468.95 de área total, 66.15 de área privativa, 402.80 de área do terreno,  2 qto(s), varanda, a.serv, WC, 1 sala(s), cozinha, Terraco, 1 vaga(s) de garagem.",94815.14,160000.0,40.75,Licitação Aberta,,HORIZONTE,CE,Não
8444433328933,"RUA TURQUIA, N. 76-H,",VERTENTE,"Casa, 66.15 de área total, 66.15 de área privativa, 116.50 de área do terreno,  2 qto(s), a.serv, WC, 1 sala(s), cozinha, 1 vaga(s) de garagem.",95407.73,161000.0,40.75,Venda Direta Online,,HORIZONTE,CE,Não
8444434444562,"RUA M, N. 166-G, QD 01 LT 01",VERTENTE,"Casa, 468.95 de área total, 66.15 de área privativa, 66.15 de área do terreno,  2 qto(s), a.serv, WC, 1 sala(s), cozinha, 1 vaga(s) de garagem.",106667.03,180000.0,40.75,Venda Direta Online,,HORIZONTE,CE,Não
8444435668227,"RUA MARGARIDA SABOIA DE CARVALHO, N. 137B, LT 06",VERTENTE,"Casa, 0.00 de área total, 66.15 de área privativa, 226.26 de área do terreno,  2 qto(s), varanda, a.serv, WC, 1 sala(s), cozinha, 1 vaga(s) de garagem.",98370.7,166000.0,40.75,Venda Direta Online,,HORIZONTE,CE,Não
8444435683722,"RUA M, N. 185, LT 02 CS A",VERTENTE,"Casa, 66.15 de área total, 66.15 de área privativa, 113.13 de área do terreno,  2 qto(s), a.serv, WC, 1 sala(s), cozinha, 1 vaga(s) de garagem.",94815.14,160000.0,40.75,Venda Direta Online,,HORIZONTE,CE,Não
8444435801059,"RUA M, N. 137, CASA 137-A",VERTENTE,"Casa, 66.15 de área total, 66.15 de área privativa, 226.26 de área do terreno,  2 qto(s), a.serv, WC, 1 sala(s), cozinha, 1 vaga(s) de garagem.",94931.31,160196.05,40.75,Venda Direta Online,,HORIZONTE,CE,Não
8444436580870,"RUA MONTENEGRO, N. 76-A,",VERTENTE,"Casa, 66.15 de área total, 66.15 de área privativa, 113.13 de área do terreno,  2 qto(s), varanda, a.serv, WC, 1 sala(s), cozinha, 1 vaga(s) de garagem.",94815.14,160000.0,40.75,Licitação Aberta,,HORIZONTE,CE,Não
8444434428400,"RUA PALMACIA, N. 53, QD 03 CS B",OLHO D'AGUA,"Casa, 76.96 de área total, 76.96 de área privativa, 144.47 de área do terreno,  2 qto(s), a.serv, WC, 1 sala(s), cozinha, 1 vaga(s) de garagem.",98370.7,166000.0,40.75,Venda Direta Online,,HORIZONTE,CE,Não
8444435921402,"RUA ARACOIABA, N. 132B, QUADRA 06",OLHO D'AGUA,"Casa, 73.13 de área total, 73.13 de área privativa, 265.71 de área do terreno,  2 qto(s), a.serv, WC, 1 sala(s), cozinha, 1 vaga(s) de garagem.",106074.43,179000.0,40.75,Venda Direta Online,,HORIZONTE,CE,Não
8555528384050,"RUA MARIA JOSEFA, N. 299, Apto 207,  BL 02",PLANALTO HORIZONTE,"Apartamento, 45.89 de área total, 45.98 de área privativa, 0.00 de área do terreno,  2 qto(s), WC, 1 sala(s), cozinha.",96592.92,163000.0,40.75,Venda Direta Online,,HORIZONTE,CE,Não
8444417753510,"RUA MANOEL FELICIANO DA SILVA, N. 1896, CS A",CAJUEIRO DA MALHADA,"Casa, 74.80 de área total, 74.80 de área privativa, 396.00 de área do terreno,  2 qto(s), a.serv, WC, 1 sala(s), cozinha.",95407.73,161000.0,40.75,Venda Direta Online,,HORIZONTE,CE,Não
8444408761840,"RUA RAFAEL SANTOS, N. 1390, LT 10",BUENOS AIRES,"Casa, 74.28 de área total, 74.28 de área privativa, 182.00 de área do terreno, 1 vaga(s) de garagem.",94815.14,160000.0,40.75,Venda Direta Online,,HORIZONTE,CE,Não
8444414634951,"RUA JOSE DOMINGUES DE MOURA, N. 40, CS A",BUENOS AIRES,"Casa, 75.40 de área total, 75.40 de área privativa, 185.62 de área do terreno,  2 qto(s), a.serv, WC, 1 sala(s), cozinha.",94815.14,160000.0,40.75,Venda Direta Online,,HORIZONTE,CE,Não
8444415913420,"RUA JOSÉ DOMINGOS DE MOURA, N. 50, CASA A",BUENOS AIRES,"Casa, 75.40 de área total, 75.40 de área privativa, 371.25 de área do terreno,  2 qto(s), a.serv, WC, 1 sala(s), cozinha, 1 vaga(s) de garagem.",97778.11,165000.0,40.75,Venda Direta Online,,HORIZONTE,CE,Não
8444429218150,"RUA NICE, N. 25-B,",MAL COZINHADO,"Casa, 71.71 de área total, 71.71 de área privativa, 392.18 de área do terreno,  2 qto(s), varanda, a.serv, WC, 1 sala(s), cozinha, 1 vaga(s) de garagem.",116349.6,192500.0,39.56,Venda Direta Online,,HORIZONTE,CE,Não
8444435793293,"RUA M, N. 197, LT 01 CS B",VERTENTE,"Casa, 73.71 de área total, 73.71 de área privativa, 258.22 de área do terreno,  2 qto(s), a.serv, WC, 1 sala(s), cozinha, 1 vaga(s) de garagem.",111816.5,185000.0,39.56,Venda Direta Online,,HORIZONTE,CE,Não
8444437976590,"RUA MINISTRO JUAREZ TAVORA, N. 101A,",VERTENTE,"Casa, 0.00 de área total, 66.15 de área privativa, 258.22 de área do terreno,  2 qto(s), varanda, a.serv, WC, 1 sala(s), cozinha, 1 vaga(s) de garagem.",111816.5,185000.0,39.56,Venda Direta Online,,HORIZONTE,CE,Não
8444435686934,"RUA MANOEL LUIS, N. 1846 A,",BUENOS AIRES,"Casa, 76.90 de área total, 76.90 de área privativa, 123.98 de área do terreno,  2 qto(s), a.serv, WC, 2 sala(s), cozinha, 1 vaga(s) de garagem.",122091.53,202000.0,39.56,Venda Direta Online,,HORIZONTE,CE,Não
8444428744401,"AVENIDA ENIR SANTOS, N. 1912, CS 2240F",LAGOINHA,"Casa, 1122.36 de área total, 81.47 de área privativa, 81.47 de área do terreno,  2 qto(s), varanda, a.serv, WC, 1 sala(s), cozinha, 1 vaga(s) de garagem.",111816.5,185000.0,39.56,Venda Direta Online,,HORIZONTE,CE,Não
8444437913970,"RUA JORGE DA MATA PEREIRA, N. 46, LT 6B",LAGOINHA,"Casa, 94.85 de área total, 94.20 de área privativa, 193.80 de área do terreno,  3 qto(s), a.serv, WC, 1 sala(s), cozinha.",112776.21,186587.84,39.56,Venda Direta Online,,HORIZONTE,CE,Não
8444402609825,"RUA ANDRE CURCINO DE LIMA, N. 291,",PLANALTO HORIZONTE,"Casa, 87.57 de área total, 87.57 de área privativa, 215.10 de área do terreno,  2 qto(s), a.serv, WC, 1 sala(s), cozinha, 2 vaga(s) de garagem.",108080.77,175000.0,38.24,Venda Direta Online,,HORIZONTE,CE,Não
8444414886829,"RUA FRANCISCO HERMES DA SILVA, N. 24, CS A LT 21",DOURADO,"Casa, 0.00 de área total, 54.16 de área privativa, 157.61 de área do terreno.",162000.0,162000.0,0.0,Leilão SFI - Edital Único,,HORIZONTE,CE,Não
10309335,"AVENIDA JOSE EUCLIDES FERREIRA GOMES FILHO, N. 0",CENTRO,"Terreno, 0.00 de área total, 0.00 de área privativa, 473.11 de área do terreno.",800000.0,800000.0,0.0,Leilão SFI - Edital Único,,HORIZONTE,CE,Não
8444429208007,"RUA SARGENTO CANDIDO MACHADO MAIA, N. 36, CS D",CENTRO,"Casa, 68.51 de área total, 68.51 de área privativa, 319.74 de área do terreno,  3 qto(s), WC, 1 sala(s), cozinha, 1 vaga(s) de garagem.",208000.0,208000.0,0.0,Leilão SFI - Edital Único,,HORIZONTE,CE,Não
8444426649797,"RUA PANAMÁ, N. 132-H,",MAL COZINHADO,"Casa, 79.90 de área total, 79.90 de área privativa, 135.00 de área do terreno,  2 qto(s), a.serv, WC, 1 sala(s), cozinha, 1 vaga(s) de garagem.",182000.0,182000.0,0.0,Leilão SFI - Edital Único,,HORIZONTE,CE,Não
8444423155157,"RUA MARCELINO DOMINGOS DE SOUSA, N. 155,",DIADEMA,"Casa, 72.73 de área total, 72.73 de área privativa, 172.45 de área do terreno,  2 qto(s), a.serv, WC, 1 sala(s), cozinha, Terraco.",125000.0,125000.0,0.0,Leilão SFI - Edital Único,,HORIZONTE,CE,Não
8444425882889,"RUA MARIA JOSEFA DO NASCIMENTO, N. 299, Apto 302, BL 08",PLANALTO HORIZONTE,"Apartamento, 221.94 de área total, 45.98 de área privativa, 0.00 de área do terreno,  2 qto(s), WC, 1 sala(s), cozinha, 1 vaga(s) de garagem.",147000.0,147000.0,0.0,Leilão SFI - Edital Único,,HORIZONTE,CE,Não
8444412643147,"RUA VANDIQUE MARQUES DE MOURA, N. 309,",DISTRITO INDUSTRIAL,"Casa, 75.35 de área total, 75.35 de área privativa, 175.00 de área do terreno,  2 qto(s), a.serv, WC, 1 sala(s), cozinha.",140000.0,140000.0,0.0,Leilão SFI - Edital Único,,HORIZONTE,CE,Não
8444438472854,"RUA LEONILIA GOMES DE FREITAS, N. 212, B",ALTO DA ESTRELA,"Casa, 0.00 de área total, 56.50 de área privativa, 0.00 de área do terreno.",160000.0,160000.0,0.0,Leilão SFI - Edital Único,,HORIZONTE,CE,Não
8555532827182,"RUA JOSE NOGUEIRA DE QUEIROZ, N. 95,",ALTO DA ESTRELA,"Casa, 75.10 de área total, 75.10 de área privativa, 140.60 de área do terreno,  2 qto(s), a.serv, WC, 1 sala(s), cozinha.",180000.0,180000.0,0.0,Leilão SFI - Edital Único,,HORIZONTE,CE,Não
8444436611385,"RUA MONTENEGRO, N. 40-A,",VERTENTE,"Casa, 66.15 de área total, 66.15 de área privativa, 113.13 de área do terreno,  2 qto(s), varanda, a.serv, WC, 1 sala(s), cozinha, 1 vaga(s) de garagem.",193137.29,190000.0,0.0,Leilão SFI - Edital Único,,HORIZONTE,CE,Não
8787721444478,"RUA REDENCAO, N. 43B, LT 70",OLHO D'AGUA,"Casa, 75.00 de área total, 75.00 de área privativa, 126.25 de área do terreno,  2 qto(s), varanda, a.serv, WC, 1 sala(s), cozinha, 1 vaga(s) de garagem.",184561.02,180000.0,0.0,Leilão SFI - Edital Único,,HORIZONTE,CE,Não
8444435627962,"RUA JOSE CALIXTO PEREIRA, N. 99A, LT 22",DIADEMA,"Casa, 80.50 de área total, 80.50 de área privativa, 142.83 de área do terreno,  2 qto(s), varanda, a.serv, WC, 1 sala(s), cozinha, 1 vaga(s) de garagem.",195975.91,191000.0,0.0,Leilão SFI - Edital Único,,HORIZONTE,CE,Não
8444432918001,"RUA JOSE TEREZA DE LIMA, N. 206, B",BUENOS AIRES,"Casa, 376.80 de área total, 83.40 de área privativa, 156.75 de área do terreno,  2 qto(s), varanda, a.serv, WC, 1 sala(s), cozinha, 1 vaga(s) de garagem.",215782.41,200000.0,0.0,Leilão SFI - Edital Único,,HORIZONTE,CE,Não
8444435674138,"RUA M, N. 113-A,",VERTENTE,"Casa, 73.71 de área total, 62.73 de área privativa, 129.11 de área do terreno,  2 qto(s), a.serv, WC, 1 sala(s), cozinha, 1 vaga(s) de garagem.",200750.81,179000.0,0.0,Leilão SFI - Edital Único,,HORIZONTE,CE,Não
8444438985436,"RUA ANTONIO CARLOS LEITAO, N. 60A,",VERTENTE,"Casa, 0.00 de área total, 66.15 de área privativa, 226.26 de área do terreno,  2 qto(s), varanda, a.serv, WC, 1 sala(s), cozinha, 1 vaga(s) de garagem.",202723.22,180000.0,0.0,Leilão SFI - Edital Único,,HORIZONTE,CE,Não
8444429353155,"RUA ATHENA, N. 180C,",MAL COZINHADO,"Casa, 817.75 de área total, 76.07 de área privativa, 0.00 de área do terreno,  2 qto(s), varanda, a.serv, WC, 1 sala(s), cozinha, Terraco, 1 vaga(s) de garagem.",172519.19,153000.0,0.0,Leilão SFI - Edital Único,,HORIZONTE,CE,Não
8444438116993,"RUA DANIEL DE SOUZA NETO, N. 184, CS B",VERTENTE,"Casa, 0.00 de área total, 66.15 de área privativa, 226.26 de área do terreno, 1 vaga(s) de garagem.",189192.49,167000.0,0.0,Leilão SFI - Edital Único,,HORIZONTE,CE,Não
8444421292092,"AVENIDA JOAO DOMINGOS DE SOUSA, N. 838, LT 02",MAL COZINHADO,"Casa, 74.58 de área total, 74.58 de área privativa, 155.02 de área do terreno,  2 qto(s), a.serv, WC, cozinha, Terraco, 2 vaga(s) de garagem.",153979.43,135000.0,0.0,Leilão SFI - Edital Único,,HORIZONTE,CE,Não
8444407742094,"RUA SEBASTIAO SALES DO CARMO, N. 369, CASA A",BUENOS AIRES,"Casa, 163.50 de área total, 74.33 de área privativa, 351.00 de área do terreno, 1 vaga(s) de garagem.",124343.88,109000.0,0.0,Leilão SFI - Edital Único,,HORIZONTE,CE,Não
8444431523550,"R TURQUIA, N. 30, C",VERTENTE,"Casa, 66.15 de área total, 66.15 de área privativa, 932.04 de área do terreno,  2 qto(s), varanda, a.serv, WC, 1 sala(s), cozinha, 1 vaga(s) de garagem.",190293.77,165000.0,0.0,Leilão SFI - Edital Único,,HORIZONTE,CE,Não
8444438447647,"RUA IRENE VIEIRA MESQUITA, N. 126A, GEMINADA",BUENOS AIRES,"Casa, 77.13 de área total, 77.13 de área privativa, 0.00 de área do terreno,  2 qto(s), varanda, a.serv, WC, 1 sala(s), cozinha, 1 vaga(s) de garagem.",205631.16,177000.0,0.0,Leilão SFI - Edital Único,,HORIZONTE,CE,Não
8444427342857,"RUA MARIA JOSE NASCIMENTO DE ALECIM, N. 41-E, LOTE 02 QUADRA 01",CARNAUBAL,"Casa, 0.00 de área total, 60.70 de área privativa, 115.28 de área do terreno,  2 qto(s), varanda, WC, 1 sala(s), cozinha, 1 vaga(s) de garagem.",139287.11,117000.0,0.0,Leilão SFI - Edital Único,,HORIZONTE,CE,Não
8444437598617,"RUA TEREZINHA ONOFRE LIMA, N. 593,",GAMELEIRA,"Casa, 80.31 de área total, 80.31 de área privativa, 127.27 de área do terreno,  2 qto(s), a.serv, WC, 1 sala(s), cozinha, 1 vaga(s) de garagem.",198785.52,160000.0,0.0,Leilão SFI - Edital Único,,HORIZONTE,CE,Não
8444436727901,"RUA MOACIR FÉLIX DOS SANTOS, N. 83,  CS B",BUENOS AIRES,"Casa, 76.30 de área total, 76.30 de área privativa, 250.04 de área do terreno,  2 qto(s), a.serv, WC, 1 sala(s), cozinha, 1 vaga(s) de garagem.",200966.44,160000.0,0.0,Leilão SFI - Edital Único,,HORIZONTE,CE,Não
8444427045461,"AVENIDA ENIR SANTOS, N. 1912 G,",LAGOINHA,"Casa, 80.02 de área total, 80.02 de área privativa, 166.80 de área do terreno,  2 qto(s), a.serv, WC, 1 sala(s), cozinha, 1 vaga(s) de garagem.",189344.48,150000.0,0.0,Leilão SFI - Edital Único,,HORIZONTE,CE,Não
8444437555586,"RUA MONTENEGRO, N. 52 B,",VERTENTE,"Casa, 66.15 de área total, 66.15 de área privativa, 0.00 de área do terreno,  2 qto(s), varanda, a.serv, WC, 1 sala(s), cozinha, 1 vaga(s) de garagem.",189192.49,144000.0,0.0,Leilão SFI - Edital Único,,HORIZONTE,CE,Não
8444437316271,"RUA JOSE VALE DA SILVA, N. 89, CS B",DIADEMA,"Casa, 58.18 de área total, 58.18 de área privativa, 140.91 de área do terreno,  2 qto(s), a.serv, WC, 1 sala(s), cozinha.",180744.19,135000.0,0.0,Leilão SFI - Edital Único,,HORIZONTE,CE,Não
8444430289104,"RUA L, N. 165-A,",VERTENTE,"Casa, 66.15 de área total, 66.15 de área privativa, 0.00 de área do terreno,  2 qto(s), a.serv, WC, 1 sala(s), cozinha, 1 vaga(s) de garagem.",179088.08,126500.0,0.0,Leilão SFI - Edital Único,,HORIZONTE,CE,Não
10214786,"RUA NOSSA SENHORA DO PERPÉTUO SOCORRO, N. 00",CIDADE NOVA,"Terreno, 0.00 de área total, 0.00 de área privativa, 1200.00 de área do terreno.",112826.99,208000.0,45.76,Venda Direta Online,,ICO,CE,Não
10274606,"RUA JAIRO ALMEIDA ALENCAR, N. 1261",NOVO CENTRO,"Casa, 0.00 de área total, 263.05 de área privativa, 443.86 de área do terreno.",420627.44,660000.0,36.27,Venda Direta Online,,ICO,CE,Sim
8444428041788,"RUA ELIOMAR ALVES DA SILVA, N. 29, LT 75 QD 09",DAS CERAMICAS,"Casa, 0.00 de área total, 91.38 de área privativa, 150.00 de área do terreno.",83135.75,142000.0,41.46,Licitação Aberta,,IGUATU,CE,Não
8444403744980,"RUA MOACIR TORRES BANDEIRA ( ANT RUA PROJETADA A), N. 185, LT  22 QD G",AREIAS II,"Casa, 101.34 de área total, 101.34 de área privativa, 138.00 de área do terreno,  2 qto(s), a.serv, WC, 1 sala(s), cozinha, 1 vaga(s) de garagem.",120882.7,200000.0,39.56,Licitação Aberta,,IGUATU,CE,Não
8444412365481,"RUA SDO, N. 075,",NOSSA SRA DE FÁTIMA,"Casa, 50.10 de área total, 50.10 de área privativa, 175.00 de área do terreno,  2 qto(s), a.serv, WC, 1 sala(s), cozinha.",53839.36,93000.0,42.11,Venda Direta Online,,IRAUCUBA,CE,Não
8444415146675,"RUA GUIOMAR DE OLIVEIRA, N. 283, QD 28, LT 14",PARQUE GENEZARE,"Casa, 79.80 de área total, 79.80 de área privativa, 288.00 de área do terreno,  2 qto(s), a.serv, WC, 1 sala(s), cozinha.",60624.15,155000.0,60.89,Venda Online,,ITAITINGA,CE,Não
8444409818128,"R SDO A, N. 136, LTS 03 E 04 QD D",GERERAU,"Casa, 0.00 de área total, 74.00 de área privativa, 99.99 de área do terreno,  2 qto(s), a.serv, WC, 1 sala(s), cozinha, 1 vaga(s) de garagem.",59087.6,141000.0,58.1,Venda Direta Online,,ITAITINGA,CE,Não
8444415913749,"RUA RIO TIMBO, N. 381, QD 02 LTS 25/26",CARACANGA,"Casa, 72.62 de área total, 72.62 de área privativa, 100.00 de área do terreno,  2 qto(s), a.serv, WC, 1 sala(s), cozinha, 1 vaga(s) de garagem.",69318.81,148000.0,53.17,Venda Direta Online,,ITAITINGA,CE,Não
8444426866283,"RUA CANDIDO MEIRELES, N. 1700, Apto 103, BL B TP A",GERERAU,"Apartamento, 54.29 de área total, 50.31 de área privativa, 0.00 de área do terreno,  2 qto(s), WC, 1 sala(s), cozinha, 1 vaga(s) de garagem.",71654.14,125000.0,42.68,Licitação Aberta,,ITAITINGA,CE,Não
8444420292862,"RUA JOSE MONTEIRO FILHO, N. 119, Apto 102,",PARQUE GENEZARE,"Apartamento, 43.57 de área total, 43.57 de área privativa, 0.00 de área do terreno,  2 qto(s), WC, 1 sala(s), cozinha, 1 vaga(s) de garagem.",79939.69,138000.0,42.08,Licitação Aberta,,ITAITINGA,CE,Não
8444418436046,"RUA FRANCISCO ALVES DE PAIVA, N. 63, LT 07 E 08 QD 44",PARQUE GENEZARE,"Casa, 71.32 de área total, 71.32 de área privativa, 240.00 de área do terreno,  2 qto(s), a.serv, WC, 1 sala(s), cozinha.",84892.14,145000.0,41.46,Licitação Aberta,,ITAITINGA,CE,Não
8444425275460,"RUA 03, N. 373, LT 07 E 08 QD 03",ANGORA,"Casa, 67.40 de área total, 67.40 de área privativa, 100.00 de área do terreno,  2 qto(s), a.serv, WC, 1 sala(s), cozinha, Terraco.",87819.45,150000.0,41.46,Licitação Aberta,,ITAITINGA,CE,Não
8444427145920,"RUA CANDIDO MEIRELES, N. 1720, Apto 201, BL A TP B",GERERAU,"Apartamento, 53.43 de área total, 49.51 de área privativa, 0.00 de área do terreno,  2 qto(s), WC, 1 sala(s), cozinha, 1 vaga(s) de garagem.",88990.38,152000.0,41.46,Licitação Aberta,,ITAITINGA,CE,Não
8444407025805,"RUA G, N. 637, LT 21 PARTE DO LT 34 QD 13",PARQUE DOM PEDRO,"Casa, 79.05 de área total, 79.05 de área privativa, 150.00 de área do terreno.",94815.14,160000.0,40.75,Licitação Aberta,,ITAITINGA,CE,Não
8444423897544,"RUA LOCAL C (SDO), N. 166, LT 06 QD 39",ANCURI,"Casa, 89.50 de área total, 89.50 de área privativa, 154.00 de área do terreno,  2 qto(s), a.serv, WC, 1 sala(s), cozinha.",100741.08,170000.0,40.75,Licitação Aberta,,ITAITINGA,CE,Não
8444420230344,"RUA EVANGELISTA, N. 76, LT 24 QD 05",GERERAU,"Casa, 0.00 de área total, 81.60 de área privativa, 150.00 de área do terreno.",106667.03,180000.0,40.75,Licitação Aberta,,ITAITINGA,CE,Não
8444420838598,"RUA SDO, N. 180, LT 23 PARTE DA QD 136",GERERAU,"Casa, 76.49 de área total, 76.49 de área privativa, 135.00 de área do terreno,  2 qto(s), a.serv, WC, 1 sala(s), cozinha.",103704.06,175000.0,40.75,Licitação Aberta,,ITAITINGA,CE,Não
8444425822460,"RUA BEIJA FLOR, N. 153, LT 04 QD 01",GERERAU,"Casa, 78.35 de área total, 78.20 de área privativa, 137.50 de área do terreno,  2 qto(s), a.serv, WC, 1 sala(s), cozinha.",97778.11,165000.0,40.75,Licitação Aberta,,ITAITINGA,CE,Não
8444425948820,"RUA GOLINHA, N. 209, LT 22",GERERAU,"Casa, 78.36 de área total, 78.36 de área privativa, 137.50 de área do terreno,  2 qto(s), a.serv, WC, 1 sala(s), cozinha.",98963.3,167000.0,40.75,Licitação Aberta,,ITAITINGA,CE,Não
8444426338341,"AVENIDA CORONEL ANTONIO FERREIRA, N. 524, Apto 103,",GERERAU,"Apartamento, 53.11 de área total, 48.09 de área privativa, 0.00 de área do terreno,  2 qto(s), WC, 1 sala(s), cozinha, 1 vaga(s) de garagem.",96592.92,163000.0,40.75,Licitação Aberta,,ITAITINGA,CE,Não
8444429200405,"RUA JANDAIRA, N. 149, Apto 101,",GERERAU,"Apartamento, 50.16 de área total, 48.54 de área privativa, 0.00 de área do terreno,  2 qto(s), WC, 1 sala(s), cozinha, 1 vaga(s) de garagem.",103111.46,174000.0,40.75,Licitação Aberta,,ITAITINGA,CE,Não
8444429733985,"RUA RENIS ESPINDOLA FREIRE, N. 260, Apto 102,",GERERAU,"Apartamento, 59.73 de área total, 47.42 de área privativa, 0.00 de área do terreno,  2 qto(s), a.serv, WC, 1 sala(s), cozinha, 1 vaga(s) de garagem.",106667.03,180000.0,40.75,Licitação Aberta,,ITAITINGA,CE,Não
8444424696330,"RUA LILA LEAL, N. 386, Apto 06, LOT JD BOTANICO",BARROCAO,"Apartamento, 52.03 de área total, 48.89 de área privativa, 0.00 de área do terreno,  1 qto(s), WC, 1 sala(s), cozinha, 1 vaga(s) de garagem.",97778.11,165000.0,40.75,Licitação Aberta,,ITAITINGA,CE,Não
8444421334550,"RUA DARCILA FERREIRA SERPA (S.D.O), N. 74,",GERERAU,"Casa, 68.03 de área total, 68.03 de área privativa, 148.47 de área do terreno,  2 qto(s), a.serv, WC, 1 sala(s), cozinha.",117860.63,195000.0,39.56,Licitação Aberta,,ITAITINGA,CE,Não
8444430534605,"RUA DINAMARCA, N. 200,",GERERAU,"Casa, 84.81 de área total, 84.81 de área privativa, 156.00 de área do terreno,  2 qto(s), a.serv, WC, 1 sala(s), cozinha.",123904.77,205000.0,39.56,Licitação Aberta,,ITAITINGA,CE,Não
8444425149570,"RUA JOSE VALENTIM DA SILVA, N. 16, T13",BARROCAO,"Casa, 87.00 de área total, 87.00 de área privativa, 151.61 de área do terreno,  2 qto(s), a.serv, WC, 1 sala(s), cozinha.",119069.46,197000.0,39.56,Licitação Aberta,,ITAITINGA,CE,Não
1444418132774,"RUA C, N. 50, LOTE 68 QUADRA 28",ANCURI,"Casa, 90.00 de área total, 90.00 de área privativa, 163.99 de área do terreno,  2 qto(s), a.serv, WC, 1 sala(s), cozinha, 2 vaga(s) de garagem.",111168.79,180000.0,38.24,Licitação Aberta,,ITAITINGA,CE,Não
1787702363770,"RUA ADULAO, N. 100, Apto 210, BL 03",JABUTI,"Apartamento, 65.02 de área total, 60.38 de área privativa, 0.00 de área do terreno, 1 vaga(s) de garagem.",129031.78,205000.0,37.06,Licitação Aberta,,ITAITINGA,CE,Não
8444408100290,"RUA EDITE SOARES, N. 105,",BARROCAO,"Casa, 74.00 de área total, 74.00 de área privativa, 300.00 de área do terreno,  2 qto(s), a.serv, WC, 1 sala(s), cozinha.",126325.21,160000.0,21.05,Leilão SFI - Edital Único,,ITAITINGA,CE,Não
8444415608547,"RUA FRANCISCA RODRIGUES, N. 49,",JABUTI,"Casa, 81.60 de área total, 81.60 de área privativa, 169.62 de área do terreno,  2 qto(s), a.serv, WC, 1 sala(s), cozinha.",156204.57,176000.0,11.25,Leilão SFI - Edital Único,,ITAITINGA,CE,Não
8444411619390,"RUA SDO EDELZITE SILVEIRA, N. 40,",GERERAU,"Casa, 74.00 de área total, 74.00 de área privativa, 300.00 de área do terreno,  2 qto(s), a.serv, WC, 1 sala(s), cozinha.",143799.84,152000.0,5.4,Leilão SFI - Edital Único,,ITAITINGA,CE,Não
8444404420509,"RUA SANTA LUZIA, N. 178, 04",JABUTI,"Casa, 79.64 de área total, 79.64 de área privativa, 198.00 de área do terreno.",167000.0,167000.0,0.0,Leilão SFI - Edital Único,,ITAITINGA,CE,Não
8444414178204,"RUA S, N. 308, LT 48 49 QD 06",ANCURI,"Casa, 72.00 de área total, 72.00 de área privativa, 131.78 de área do terreno,  2 qto(s), a.serv, WC, 1 sala(s), cozinha, 1 vaga(s) de garagem.",175000.0,175000.0,0.0,Leilão SFI - Edital Único,,ITAITINGA,CE,Não
8444424795257,"AVENIDA A, N. 47, PARTE DOS LOTES C11 E C12 T19",ANCURI,"Casa, 80.25 de área total, 80.25 de área privativa, 137.28 de área do terreno,  2 qto(s), a.serv, WC, 1 sala(s), cozinha.",163000.0,163000.0,0.0,Leilão SFI - Edital Único,,ITAITINGA,CE,Não
8444418196762,"RUA JOAQUIM PEREIRA DA SILVEIRA, N. 691, LT 09 QD 28",PARQUE GENEZARE,"Casa, 72.00 de área total, 72.00 de área privativa, 144.00 de área do terreno,  2 qto(s), a.serv, WC, 1 sala(s), cozinha, 2 vaga(s) de garagem.",162000.0,162000.0,0.0,Leilão SFI - Edital Único,,ITAITINGA,CE,Não
8444407570234,"RUA 03, N. 190, LOTES 24 E 25 QD 02 CS GEMINADA",ANGORA,"Casa, 73.25 de área total, 73.25 de área privativa, 300.00 de área do terreno,  2 qto(s), a.serv, WC, 1 sala(s), cozinha, Terraco.",185301.62,185301.62,0.0,Leilão SFI - Edital Único,,ITAITINGA,CE,Não
8444408197065,"RUA 08, N. 89, LT 38 QD 09",ANGORA,"Casa, 61.00 de área total, 61.00 de área privativa, 150.00 de área do terreno,  2 qto(s), a.serv, WC, 1 sala(s), cozinha.",130000.0,130000.0,0.0,Leilão SFI - Edital Único,,ITAITINGA,CE,Não
8444420184679,"RUA DO PALACIO, N. 54, LT PALACIO 2 LT 09 QD B",CARACANGA,"Casa, 66.15 de área total, 66.15 de área privativa, 125.00 de área do terreno,  2 qto(s), a.serv, WC, 1 sala(s), cozinha.",175000.0,175000.0,0.0,Leilão SFI - Edital Único,,ITAITINGA,CE,Não
8444425083099,"AVENIDA JORGE CAVALCANTE, N. 485, LOTEAMENTO PORTO CESAR VI  LT 11 QD 01",CARACANGA,"Casa, 84.00 de área total, 84.00 de área privativa, 150.00 de área do terreno,  2 qto(s), a.serv, WC, 1 sala(s), cozinha.",186000.0,186000.0,0.0,Leilão SFI - Edital Único,,ITAITINGA,CE,Não
8444405794925,"RUA LUCIO LEAL NOGUEIRA, N. 89, LOTEAMENTO JARDIM LEAL II",GERERAU,"Casa, 68.00 de área total, 68.00 de área privativa, 300.00 de área do terreno,  2 qto(s), a.serv, WC, 1 sala(s), cozinha.",160000.0,160000.0,0.0,Leilão SFI - Edital Único,,ITAITINGA,CE,Não
8444408206650,"RUA PROJETADA, N. 130, LOTEAMENTO MENINO JESUS I",GERERAU,"Casa, 70.00 de área total, 70.00 de área privativa, 312.00 de área do terreno.",152000.0,152000.0,0.0,Leilão SFI - Edital Único,,ITAITINGA,CE,Não
8444411288181,"RUA IDELZUITE SILVEIRA, N. 52,  LOTEAMENTO CAMPO BELO I",GERERAU,"Casa, 74.00 de área total, 74.00 de área privativa, 300.00 de área do terreno,  3 qto(s), a.serv, WC, 1 sala(s), cozinha.",158000.0,158000.0,0.0,Leilão SFI - Edital Único,,ITAITINGA,CE,Não
8444408402050,"RUA QUATRO, N. 364, LT 38 QD 13",BARROCAO,"Casa, 66.80 de área total, 66.80 de área privativa, 100.00 de área do terreno,  2 qto(s), a.serv, WC, 1 sala(s), cozinha.",135000.0,135000.0,0.0,Leilão SFI - Edital Único,,ITAITINGA,CE,Não
8444413642098,"RUA 03, N. 177, LOTEAMENTO RESIDENCIAL BR116",BARROCAO,"Casa, 74.79 de área total, 74.79 de área privativa, 200.00 de área do terreno,  2 qto(s), a.serv, WC, 1 sala(s), cozinha.",190000.0,190000.0,0.0,Leilão SFI - Edital Único,,ITAITINGA,CE,Não
8444423792564,"RUA PRECIOSA, N. SN, LT 69 QD 04",PEDRAS,"Casa, 83.50 de área total, 83.50 de área privativa, 148.50 de área do terreno,  2 qto(s), a.serv, WC, 1 sala(s), cozinha.",188000.0,188000.0,0.0,Leilão SFI - Edital Único,,ITAITINGA,CE,Não
8444406367893,"RUA LUCIO LEAL NOGUEIRA, N. 141,",BARROCAO,"Casa, 68.00 de área total, 68.00 de área privativa, 0.00 de área do terreno,  2 qto(s), a.serv, WC, 1 sala(s), cozinha, 1 vaga(s) de garagem.",145691.07,145000.0,0.0,Leilão SFI - Edital Único,,ITAITINGA,CE,Não
8444410323285,"RUA DONA FILISBELA BENVINDA GUIMARAES, N. 359, LOT PEDRAS BELAS",PEDRAS,"Casa, 0.00 de área total, 68.51 de área privativa, 575.95 de área do terreno.",131457.2,130000.0,0.0,Leilão SFI - Edital Único,,ITAITINGA,CE,Não
8444407956361,"RUA JOSE MONTEIRO FILHO, N. 246,",PARQUE GENEZARE,"Casa, 0.00 de área total, 69.23 de área privativa, 0.00 de área do terreno.",247680.63,138000.0,0.0,Leilão SFI - Edital Único,,ITAITINGA,CE,Não
8444424013755,"RUA LOCAL F, N. SN, LT 10 QD 09",ANCURI,"Terreno, 0.00 de área total, 0.00 de área privativa, 125.00 de área do terreno.",129773.6,48000.0,0.0,Leilão SFI - Edital Único,,ITAITINGA,CE,Não
8444424082285,"RUA LOCAL F, N. SN, LT 11  QD 09",ANCURI,"Terreno, 0.00 de área total, 0.00 de área privativa, 125.00 de área do terreno.",136155.91,48197.87,0.0,Leilão SFI - Edital Único,,ITAITINGA,CE,Não
8444432145002,"RUA PROJETADA, N. 33,",OTONI DE SÁ RORIZ,"Casa, 75.00 de área total, 65.79 de área privativa, 253.67 de área do terreno,  3 qto(s), a.serv, WC, 1 sala(s), cozinha.",206000.0,206000.0,0.0,Leilão SFI - Edital Único,,JARDIM,CE,Não
8444431311910,"RUA PROFº RAIMUNDO GONÇALVES DE SANTANA, N. 121, Apto 101, AP 101, BL 25",AEROPORTO,"Apartamento, 44.05 de área total, 42.68 de área privativa, 0.00 de área do terreno,  2 qto(s), a.serv, WC, 1 sala(s), cozinha.",57008.02,117000.0,51.28,Venda Direta Online,,JUAZEIRO DO NORTE,CE,Não
10210708,"RUA SILVANA COUTO, N. 00, GLEBA 4C1-D",SAO JOSE,"Terreno, 0.00 de área total, 0.00 de área privativa, 4131.67 de área do terreno.",763473.28,1471020.15,48.1,Venda Direta Online,,JUAZEIRO DO NORTE,CE,Sim
8444403765049,"RUA SEBASTIANA MONTEIRO DE SANTANA, N. 138, LT 13 QD C13",VILA REAL,"Casa, 119.20 de área total, 119.20 de área privativa, 150.00 de área do terreno,  2 qto(s), varanda, a.serv, WC, 2 sala(s), cozinha.",100461.77,188000.0,46.57,Venda Online,,JUAZEIRO DO NORTE,CE,Não
8444424881722,"RUA ANITA NEVES LIMA COUTO, N. SN, LOTE 21 QUADRA 11",FREI DAMIAO,"Casa, 87.02 de área total, 87.02 de área privativa, 140.25 de área do terreno.",65730.96,114667.07,42.68,Licitação Aberta,,JUAZEIRO DO NORTE,CE,Não
8444415644330,"RUA AVENIDA 31 DE MARÇO, N. 2121,",JARDIM GONZAGA,"Casa, 92.66 de área total, 92.66 de área privativa, 157.50 de área do terreno,  2 qto(s), a.serv, WC, 1 sala(s), cozinha, 1 vaga(s) de garagem.",103704.06,175000.0,40.75,Venda Direta Online,,JUAZEIRO DO NORTE,CE,Não
8444427006865,"RUA PROJETADA 01, N. 07, LT 3P3   GLEBA 02",BETOLANDIA,"Casa, 99.56 de área total, 99.56 de área privativa, 146.27 de área do terreno,  2 qto(s), a.serv, WC, 1 sala(s), cozinha.",102518.87,173000.0,40.75,Licitação Aberta,,JUAZEIRO DO NORTE,CE,Não
8444430521953,"RUA RAIMUNDO SARAIVA PINHEIRO, N. 313, LT 01 QD 29",PREFEITO MAURO SAMPAIO,"Prédio, 78.81 de área total, 78.81 de área privativa, 147.00 de área do terreno,  2 qto(s), a.serv, WC, 1 sala(s), cozinha, 1 vaga(s) de garagem.",100741.08,170000.0,40.75,Venda Direta Online,,JUAZEIRO DO NORTE,CE,Não
8787721936923,"RUA COMERCIANTE JOSE QUINTINO LEITE, N. 192, LT 52 QD I",PEDRINHAS,"Casa, 80.00 de área total, 86.00 de área privativa, 144.90 de área do terreno,  2 qto(s), a.serv, WC, 1 sala(s), cozinha, 1 vaga(s) de garagem.",131762.14,218000.0,39.56,Licitação Aberta,,JUAZEIRO DO NORTE,CE,Não
1444411881259,"RUA AUGUSTO DIAS DE OLIVEIRA, N. 923, GLEBA 02-A1B2-C1-D1",NOVO JUAZEIRO,"Casa, 185.86 de área total, 185.86 de área privativa, 736.00 de área do terreno,  4 qto(s), varanda, a.serv, WC, 2 sala(s), cozinha, 1 vaga(s) de garagem.",487545.44,765000.0,36.27,Licitação Aberta,,JUAZEIRO DO NORTE,CE,Sim
8787710320110,"RUA LOURIVAL CALU, N. 154, LT 27 QD 05",LOT ESTRELA DA MANHA,"Casa, 76.78 de área total, 76.78 de área privativa, 140.00 de área do terreno,  2 qto(s), a.serv, WC, 1 sala(s), cozinha, 1 vaga(s) de garagem.",213500.0,213500.0,0.0,Leilão SFI - Edital Único,,JUAZEIRO DO NORTE,CE,Não
1444401272136,"RUA MANOEL TAVARES LOPES, N. 480, LT 08 09 QD 20",FREI DAMIAO,"Casa, 181.35 de área total, 181.35 de área privativa, 600.00 de área do terreno,  3 qto(s), varanda, a.serv, WC, 2 sala(s), cozinha, 1 vaga(s) de garagem.",380000.0,380000.0,0.0,Leilão SFI - Edital Único,,JUAZEIRO DO NORTE,CE,Não
1444412351580,"RUA ZECA ESMERALDO, N. 555, LT 04B 05A QD O",FREI DAMIAO,"Casa, 0.00 de área total, 97.09 de área privativa, 176.25 de área do terreno,  1 qto(s), varanda, a.serv, WC, 1 sala(s), cozinha.",175000.0,175000.0,0.0,Leilão SFI - Edital Único,,JUAZEIRO DO NORTE,CE,Não
1444420127430,"RUA FRANCISCA LEILA FONTES BOA VENTURA PAULINO, N. 2066, LT 13A QD 21",JARDIM GONZAGA,"Casa, 129.89 de área total, 129.89 de área privativa, 198.00 de área do terreno,  3 qto(s), a.serv, WC, 1 sala(s), cozinha, 1 vaga(s) de garagem.",365000.0,355000.0,0.0,Leilão SFI - Edital Único,,JUAZEIRO DO NORTE,CE,Não
8787719629180,"RUA GENY CANSANCAO DE LUCENA, N. 61, LT 21 QD A",PEDRINHAS,"Casa, 86.10 de área total, 86.10 de área privativa, 161.43 de área do terreno,  2 qto(s), a.serv, WC, 1 sala(s), cozinha, 1 vaga(s) de garagem.",205000.0,177500.0,0.0,Leilão SFI - Edital Único,,JUAZEIRO DO NORTE,CE,Não
8444437932533,"RUA PROJETADA  2A20 / 2B1, N. 93, QD H8",CAMPO ALEGRE,"Casa, 0.00 de área total, 83.08 de área privativa, 125.55 de área do terreno,  2 qto(s), varanda, a.serv, WC, 1 sala(s), cozinha.",210000.0,180000.0,0.0,Leilão SFI - Edital Único,,JUAZEIRO DO NORTE,CE,Não
8444408528550,"RUA H, N. 178 B, QD 01 PARTE LT 20",FURNA DA ONCA,"Casa, 51.26 de área total, 51.26 de área privativa, 80.00 de área do terreno,  2 qto(s), a.serv, WC, 1 sala(s), cozinha, 1 vaga(s) de garagem.",55030.37,120000.0,54.15,Venda Direta Online,,MARACANAU,CE,Não
8444429626925,"RUA MARIA HELENA FERREIRA DA SILVA, N. 132B, TERRENO 02L",PARQUE TIJUCA,"Casa, 55.61 de área total, 55.61 de área privativa, 206.30 de área do terreno,  2 qto(s), a.serv, WC, 1 sala(s), cozinha.",63157.39,127000.0,50.27,Venda Direta Online,,MARACANAU,CE,Não
8444422468852,"RUA SDO, N. 101, Apto 101, LT PQ ALTO DA BONANÇA",PAJUCARA,"Apartamento, 0.00 de área total, 51.37 de área privativa, 0.00 de área do terreno.",77945.34,155000.0,49.72,Venda Direta Online,,MARACANAU,CE,Não
8444412764980,"RUA LIMA CAMPOS, N. 976 A, TERRENO C LT 01 QD 207",ALTO ALEGRE I,"Casa, 60.00 de área total, 60.00 de área privativa, 100.00 de área do terreno.",83111.39,165000.0,49.63,Venda Online,,MARACANAU,CE,Sim
8555528115254,"RUA JOAO FERREIRA DA COSTA, N. 25, Apto 15, PAV. TERREO TIPO B",PAJUCARA,"Apartamento, 144.75 de área total, 52.97 de área privativa, 0.00 de área do terreno,  2 qto(s), a.serv, WC, 1 sala(s), cozinha.",72846.74,142201.0,48.78,Venda Direta Online,,MARACANAU,CE,Não
8444404690247,"RUA 14, N. 558A, LT 43 QD 27",CAGADO,"Casa, 70.20 de área total, 70.20 de área privativa, 100.00 de área do terreno,  2 qto(s), a.serv, WC, 1 sala(s), cozinha.",85477.6,146000.0,41.46,Venda Direta Online,,MARACANAU,CE,Não
8444418383066,"RUA PEDRO ALVARES CABRAL, N. 900,",JARDIM BANDEIRANTES,"Casa, 86.94 de área total, 86.64 de área privativa, 181.50 de área do terreno,  3 qto(s), a.serv, WC, 2 sala(s), cozinha.",98963.3,167000.0,40.75,Licitação Aberta,,MARACANAU,CE,Não
8444403699496,"RUA 7, N. 398B,  LT 35 QD 05",CAGADO,"Casa, 72.80 de área total, 72.80 de área privativa, 100.00 de área do terreno.",92444.76,156000.0,40.75,Venda Direta Online,,MARACANAU,CE,Não
8787712625082,"RUA LUIS MENDES DE BARROS, N. 601, Apto 204, BL11 LOT JD PARAISO",PAJUCARA,"Apartamento, 54.51 de área total, 44.28 de área privativa, 0.00 de área do terreno,  2 qto(s), a.serv, WC, 1 sala(s), cozinha.",93037.35,157000.0,40.75,Venda Direta Online,,MARACANAU,CE,Não
8444407547364,"RUA H, N. 35A, CS 35A DUPLEX, LT 04, QD 04",FURNA DA ONCA,"Casa, 74.01 de área total, 74.01 de área privativa, 88.00 de área do terreno,  1 qto(s), WC, 1 sala(s), cozinha, 1 vaga(s) de garagem.",100741.08,170000.0,40.75,Venda Direta Online,,MARACANAU,CE,Não
8444405516518,"RUA FAUSTO RIBEIRO DA COSTA, N. 460, LT 40, QD 165,",JARDIM BANDEIRANTES,"Casa, 0.00 de área total, 70.05 de área privativa, 237.60 de área do terreno.",177568.31,290000.0,38.77,Licitação Aberta,,MARACANAU,CE,Não
8444405094630,"R 17 (ATUAL RUA RADIALISTA SILVANA ALBUQUERQUE), N. 193, LT 45 QD 20",FURNA DA ONCA,"Casa, 82.00 de área total, 82.00 de área privativa, 160.00 de área do terreno, 1 vaga(s) de garagem.",123996.39,197000.0,37.06,Venda Direta Online,,MARACANAU,CE,Não
8444410706796,"RUA FLOR SEMPRE VIVA, N. 210 E,",LAMEIRAO,"Casa, 0.00 de área total, 74.00 de área privativa, 0.00 de área do terreno.",63406.03,135000.0,53.04,Venda Direta Online,,MARANGUAPE,CE,Não
8444404604189,"RUA CAPITAO HOLDERMES VIEIRA, N. 742F, 203LOTEAMENTO NOVO MARANGUAPE",NOVO MARANGUAPE II,"Casa, 65.00 de área total, 65.00 de área privativa, 100.00 de área do terreno,  2 qto(s), a.serv, WC, 1 sala(s), cozinha, 1 vaga(s) de garagem.",57862.6,121000.0,52.18,Venda Direta Online,,MARANGUAPE,CE,Não
8444408141426,"RUA FLOR SAUDADE, N. 326 B,",LAMEIRAO,"Casa, 71.32 de área total, 71.32 de área privativa, 300.00 de área do terreno,  2 qto(s), a.serv, WC, 1 sala(s), cozinha.",73651.24,148000.0,50.24,Venda Direta Online,,MARANGUAPE,CE,Não
1444420990804,"RUA RAIMUNDO CAVALCANTE DE SOUSA, N. 407,",NOVO MARANGUAPE I,"Casa, 579.66 de área total, 579.66 de área privativa, 1080.00 de área do terreno,  1 qto(s), a.serv, WC, 1 sala(s), cozinha.",523588.89,980000.0,46.58,Venda Direta Online,,MARANGUAPE,CE,Sim
1444421042489,"RUA PROJETADA, N. SN, LT 15 QD B",BELA VISTA,"Terreno, 0.00 de área total, 0.00 de área privativa, 311.20 de área do terreno.",43932.72,82000.0,46.43,Venda Online,,MAURITI,CE,Não
1555536966960,"LSL JOAO AGOSTINHO, N. SN,",BELA VISTA,"Terreno, 0.00 de área total, 0.00 de área privativa, 1861.52 de área do terreno.",201620.24,316359.19,36.27,Venda Direta Online,,MAURITI,CE,Sim
8444413618138,"RUA VINTE E UM, N. 35",PEDRA BRANCA,"Casa, 0.00 de área total, 85.86 de área privativa, 210.00 de área do terreno,  2 qto(s), varanda, a.serv, WC, 1 sala(s), cozinha.",12800.0,128000.0,90.0,Venda Direta Online,,PACAJUS,CE,Não
8444426130333,"RUA 06, N. 37, QD H, LT 09",LAGOA SECA,"Casa, 0.00 de área total, 78.20 de área privativa, 150.00 de área do terreno,  2 qto(s), varanda, a.serv, WC, 1 sala(s), cozinha.",12000.0,120000.0,90.0,Venda Direta Online,,PACAJUS,CE,Não
8444414494017,"RUA VINTE E DOIS, N. 36",PEDRA BRANCA,"Casa, 0.00 de área total, 85.86 de área privativa, 0.00 de área do terreno,  2 qto(s), varanda, a.serv, WC, 1 sala(s), cozinha.",23273.76,138000.0,83.14,Venda Online,,PACAJUS,CE,Não
8444425639372,"RUA CINCO, N. 248, LT 10 QD F",PEDRA BRANCA,"Casa, 74.80 de área total, 74.80 de área privativa, 150.00 de área do terreno,  2 qto(s), a.serv, WC, 1 sala(s), cozinha.",7384.72,40000.0,81.54,Venda Direta Online,,PACAJUS,CE,Não
8444412796407,"RUA JOSE SOARES DO NASCIMENTO, N. 243, TERRENO 02",PEDRA BRANCA,"Casa, 0.00 de área total, 78.00 de área privativa, 150.00 de área do terreno,  2 qto(s), WC, 1 sala(s), cozinha, 1 vaga(s) de garagem.",26069.61,140000.0,81.38,Venda Online,,PACAJUS,CE,Não
8444425429637,"RUA QUATRO, N. 233",PEDRA BRANCA,"Casa, 0.00 de área total, 74.80 de área privativa, 150.00 de área do terreno,  2 qto(s), varanda, a.serv, WC, 1 sala(s), cozinha.",21223.34,103083.37,79.42,Venda Online,,PACAJUS,CE,Não
8444425903096,"RUA SAO CRISTOVAO, N. 175, TERRENO 02",PEDRA BRANCA,"Casa, 0.00 de área total, 63.06 de área privativa, 152.88 de área do terreno,  2 qto(s), WC, 1 sala(s), cozinha, 1 vaga(s) de garagem.",41635.25,160000.0,73.98,Venda Direta Online,,PACAJUS,CE,Não
8444410852636,"RUA 21, N. 109",PEDRA BRANCA,"Casa, 0.00 de área total, 86.55 de área privativa, 210.00 de área do terreno,  2 qto(s), a.serv, WC, 1 sala(s), cozinha, 2 vaga(s) de garagem.",34968.56,133000.0,73.71,Venda Direta Online,,PACAJUS,CE,Não
8444426831668,"RUA SEIS, N. 157, LT 29  QD H",PEDRA BRANCA,"Casa, 0.00 de área total, 81.20 de área privativa, 150.00 de área do terreno.",12184.8,42000.0,70.99,Venda Direta Online,,PACAJUS,CE,Não
8444408545519,"RUA 24N 67, N. 67, LT06",PEDRA BRANCA,"Casa, 0.00 de área total, 86.55 de área privativa, 180.00 de área do terreno,  2 qto(s), a.serv, WC, 1 sala(s), cozinha, 1 vaga(s) de garagem.",48336.1,163000.0,70.35,Venda Direta Online,,PACAJUS,CE,Não
8444408658356,"RUA 23, N. 63, LT 06",PEDRA BRANCA,"Casa, 0.00 de área total, 86.55 de área privativa, 180.00 de área do terreno,  2 qto(s), WC, 1 sala(s), cozinha.",46286.87,145000.0,68.08,Venda Direta Online,,PACAJUS,CE,Não
8444429419903,"RUA PEDRO DIAS, N. 73,",PEDRA BRANCA,"Casa, 0.00 de área total, 63.06 de área privativa, 177.35 de área do terreno,  2 qto(s), a.serv, WC, 1 sala(s), cozinha, 1 vaga(s) de garagem.",42767.99,129000.0,66.85,Venda Direta Online,,PACAJUS,CE,Não
8444429658738,"RUA ALICE OLIVEIRA DE SOUZA, N. 40,",PEDRA BRANCA,"Casa, 0.00 de área total, 63.06 de área privativa, 173.48 de área do terreno,  2 qto(s), a.serv, WC, 1 sala(s), cozinha, 2 vaga(s) de garagem.",44094.13,133000.0,66.85,Venda Direta Online,,PACAJUS,CE,Não
8444423710266,"RUA DOIS, N. 90, LT04 - QD D",PEDRA BRANCA,"Casa, 0.00 de área total, 77.54 de área privativa, 153.60 de área do terreno, 1 vaga(s) de garagem.",19819.05,57804.69,65.72,Venda Direta Online,,PACAJUS,CE,Não
8444421096234,"RUA SEIS, N. 31, QD H, LT 08",LAGOA SECA,"Casa, 0.00 de área total, 96.90 de área privativa, 150.00 de área do terreno,  2 qto(s), varanda, a.serv, WC, 1 sala(s), cozinha, 1 vaga(s) de garagem.",44970.89,124000.0,63.74,Venda Direta Online,,PACAJUS,CE,Não
8444427136670,"RUA SAO CRISTOVAO, N. 143, TERRENO 07",PEDRA BRANCA,"Terreno, 0.00 de área total, 0.00 de área privativa, 152.88 de área do terreno.",51935.62,143000.0,63.69,Venda Direta Online,,PACAJUS,CE,Não
1555524951696,"RUA PROJETADA, N. 0, LOTES 01 AO 20, QUADRA 19",PLANALTO DAS ESTRELA,"Terreno, 0.00 de área total, 7200.00 de área privativa, 0.00 de área do terreno.",208092.24,568000.0,63.37,Venda Direta Online,,PACAJUS,CE,Sim
8444418448206,"RUA QUATRO, N. 239, .",PEDRA BRANCA,"Casa, 0.00 de área total, 74.80 de área privativa, 150.00 de área do terreno,  2 qto(s), WC, 1 sala(s), cozinha, 2 vaga(s) de garagem.",48219.81,131000.0,63.2,Venda Direta Online,,PACAJUS,CE,Não
8444414370687,"RUA VINTE E UM N 2, N. 29, TERRENO 14",CENTRO,"Casa, 0.00 de área total, 85.86 de área privativa, 210.00 de área do terreno,  2 qto(s), WC, 1 sala(s), cozinha.",55863.46,140000.0,60.1,Venda Direta Online,,PACAJUS,CE,Não
8444416540393,"RUA NILCE DE OLIVEIRA, N. 304, TERRENO 05",PEDRA BRANCA,"Casa, 0.00 de área total, 85.86 de área privativa, 150.00 de área do terreno,  2 qto(s), varanda, a.serv, WC, 1 sala(s), cozinha.",72972.82,178000.0,59.01,Venda Direta Online,,PACAJUS,CE,Não
8444407751778,"RUA BERNARDO VITOR, N. 1244,",BAIRRO PEDRA BRANCA,"Casa, 0.00 de área total, 86.50 de área privativa, 128.10 de área do terreno.",70876.41,167000.0,57.56,Venda Direta Online,,PACAJUS,CE,Não
8444408197545,"AVENIDA A, N. 158, LT 02 LOT ESPLANADA DA CIDADE",PEDRA BRANCA,"Casa, 0.00 de área total, 86.55 de área privativa, 162.00 de área do terreno,  2 qto(s), varanda, a.serv, WC, 1 sala(s), cozinha.",72149.64,170000.0,57.56,Venda Direta Online,,PACAJUS,CE,Não
8444404315233,"RUA TALES PIRES, N. 108,",BARRO BURITI,"Casa, 87.60 de área total, 87.60 de área privativa, 130.20 de área do terreno,  2 qto(s), a.serv, WC, 1 sala(s), cozinha, 1 vaga(s) de garagem.",64547.29,147000.0,56.1,Venda Direta Online,,PACAJUS,CE,Não
8444416626573,"RUA JUDITE COUTINHO DE OLIVEIRA, N. 14,",BURITI,"Casa, 91.02 de área total, 91.02 de área privativa, 149.91 de área do terreno,  3 qto(s), a.serv, WC, 1 sala(s), cozinha, 1 vaga(s) de garagem.",79675.84,176000.0,54.73,Venda Direta Online,,PACAJUS,CE,Sim
8444407990187,"RUA 24, N. 78, TERRENO 9",CENTRO,"Casa, 86.55 de área total, 86.55 de área privativa, 180.00 de área do terreno, 1 vaga(s) de garagem.",74243.4,164000.0,54.73,Venda Direta Online,,PACAJUS,CE,Não
8444406619884,"RUA FRANCISCO R ASSIS, N. 252, TR 08",PEDRA BRANCA,"Casa, 0.00 de área total, 86.55 de área privativa, 165.36 de área do terreno,  2 qto(s), WC, 1 sala(s), cozinha, 2 vaga(s) de garagem.",51232.6,111000.0,53.85,Venda Direta Online,,PACAJUS,CE,Não
8444417432497,"RUA 02, N. 102, LOTE 04 QUADRA D",PEDRA BRANCA,"Casa, 77.54 de área total, 77.54 de área privativa, 153.60 de área do terreno,  2 qto(s), a.serv, WC, 1 sala(s), cozinha, Terraco.",49421.09,106740.0,53.7,Venda Direta Online,,PACAJUS,CE,Não
8444416040340,"RUA NILCE DE OLIVEIRA, N. 310,",PEDRA BRANCA,"Casa, 85.86 de área total, 85.86 de área privativa, 150.00 de área do terreno,  2 qto(s), a.serv, WC, 1 sala(s), cozinha, Terraco.",68382.08,146000.0,53.17,Venda Direta Online,,PACAJUS,CE,Não
8444432291416,"RUA JOSE SOARES DO NASCIMENTO, N. 261, QD 45",PEDRA BRANCA,"Casa, 0.00 de área total, 78.00 de área privativa, 150.00 de área do terreno.",63820.46,132000.0,51.66,Venda Direta Online,,PACAJUS,CE,Não
8444434945499,"R JOSE SOARES DO NASCIMENTO, N. 273, QD 45 TERRENO 07",PEDRA BRANCA,"Casa, 70.80 de área total, 70.80 de área privativa, 150.00 de área do terreno, 1 vaga(s) de garagem.",86155.16,174000.0,50.49,Venda Direta Online,,PACAJUS,CE,Sim
8444430433558,"RUA BEIJA FLOR, N. 227, LT 14 QD 04 ANTIGA RUA ANTONIO PADRE",CROATA I,"Casa, 91.00 de área total, 91.00 de área privativa, 208.98 de área do terreno,  2 qto(s), WC, 1 sala(s), cozinha.",74287.9,149279.34,50.24,Venda Direta Online,,PACAJUS,CE,Não
8444412885981,"RUA JOAO INACIO DOS SANTOS, N. 18,",BAIRRO BURITI,"Casa, 91.02 de área total, 91.02 de área privativa, 150.00 de área do terreno,  2 qto(s), a.serv, WC, 1 sala(s), cozinha.",100181.53,195000.0,48.63,Venda Direta Online,,PACAJUS,CE,Sim
8444426378785,"AVENIDA BEIJA FLOR, N. 233,",CENTRO,"Casa, 91.00 de área total, 91.00 de área privativa, 208.89 de área do terreno,  2 qto(s), a.serv, WC, 1 sala(s), cozinha, 1 vaga(s) de garagem.",73408.37,137000.0,46.42,Venda Direta Online,,PACAJUS,CE,Não
8444428900810,"RUA PEDRO DIAS, N. 67, TERRENO 20",PEDRA BRANCA,"Casa, 63.06 de área total, 63.06 de área privativa, 176.68 de área do terreno,  2 qto(s), a.serv, WC, 1 sala(s), 1 vaga(s) de garagem.",68071.43,125000.0,45.55,Venda Direta Online,,PACAJUS,CE,Não
8444429226382,"RUA JOSE FRANCISCO, N. 28, LT 3A QD A",CROATA 2,"Casa, 61.51 de área total, 61.51 de área privativa, 125.00 de área do terreno,  2 qto(s), a.serv, WC, 1 sala(s), cozinha, 1 vaga(s) de garagem.",90992.89,166000.0,45.19,Venda Direta Online,,PACAJUS,CE,Sim
8444429320621,"RUA JOSE FRANCISCO, N. 20, LT 01 E 02- QU 01- LTA CROATA VILLE",CROATA 2,"Casa, 61.51 de área total, 61.51 de área privativa, 125.00 de área do terreno,  2 qto(s), a.serv, WC, 1 sala(s), cozinha.",90992.89,166000.0,45.19,Venda Direta Online,,PACAJUS,CE,Sim
8444412726182,"RUA MARCELO QUEZADO PINTO, N. 301, LT 23 QD 25",BURITI,"Casa, 85.00 de área total, 85.00 de área privativa, 150.00 de área do terreno,  2 qto(s), a.serv, WC, 1 sala(s), cozinha.",78201.87,135000.0,42.08,Venda Online,,PACAJUS,CE,Não
8444429345497,"R PEDRO DIAS, N. 61,",PEDRA BRANCA,"Casa, 63.06 de área total, 63.06 de área privativa, 175.62 de área do terreno,  2 qto(s), a.serv, WC, 1 sala(s), cozinha, 2 vaga(s) de garagem.",76464.05,132000.0,42.08,Venda Direta Online,,PACAJUS,CE,Não
8444416646213,"RUA OSVALDO FREITAS NUNES, N. 300, LT 06 QD H",PEDRA BRANCA,"Casa, 88.23 de área total, 88.23 de área privativa, 150.80 de área do terreno,  2 qto(s), a.serv, WC, 1 sala(s), cozinha, 1 vaga(s) de garagem.",85623.96,146250.0,41.46,Venda Direta Online,,PACAJUS,CE,Não
8444417076860,"RUA 03 DE FEVEREIRO, N. 238, LT 06 QD 04",CROATA I,"Casa, 91.00 de área total, 91.00 de área privativa, 208.89 de área do terreno.",86999.8,148600.0,41.46,Venda Direta Online,,PACAJUS,CE,Não
8444426404301,"RUA ANTONIO CARLOS COSTA E SILVA, N. 83,",COAÇU,"Casa, 77.00 de área total, 77.00 de área privativa, 180.00 de área do terreno,  2 qto(s), a.serv, WC, 1 sala(s), cozinha.",86063.06,147000.0,41.46,Venda Direta Online,,PACAJUS,CE,Não
8444429556420,"RUA JOSE FRANCISCO (ANTIGA RUA 01), N. 68, LT 09B QD 01",CROATA 2,"Casa, 61.51 de área total, 61.51 de área privativa, 125.00 de área do terreno,  2 qto(s), a.serv, WC, 1 sala(s), cozinha.",88990.38,152000.0,41.46,Venda Direta Online,,PACAJUS,CE,Não
8444430436131,"RUA ALICE OLIVEIRA DE SOUZA, N. 64,",PEDRA BRANCA,"Casa, 63.06 de área total, 63.06 de área privativa, 173.48 de área do terreno,  2 qto(s), a.serv, WC, 1 sala(s), cozinha, 1 vaga(s) de garagem.",88404.91,151000.0,41.46,Licitação Aberta,,PACAJUS,CE,Não
8444421961520,"RUA JOSE FRANCISCO DA COSTA (ANTIGA RUA 03), N. 120, LT 24 QD 04",CROATA 2,"Casa, 83.48 de área total, 83.48 de área privativa, 175.00 de área do terreno,  2 qto(s), a.serv, WC, 1 sala(s), cozinha.",94815.14,160000.0,40.75,Venda Direta Online,,PACAJUS,CE,Não
8444427308462,"RUA FRANCISCO JEOVANE SANTIAGO COSTA, N. 224, TERRENO 07",CROATA 2,"Casa, 84.12 de área total, 84.12 de área privativa, 164.79 de área do terreno,  2 qto(s), a.serv, WC, 1 sala(s), cozinha, Terraco.",99086.56,167208.0,40.75,Venda Online,,PACAJUS,CE,Não
8444431621544,"RUA  MIGUEL BRILHANTE, N. 256, LT 05 QD C TERRENO 12",CROATA I,"Casa, 0.00 de área total, 80.24 de área privativa, 156.60 de área do terreno.",98963.3,167000.0,40.75,Licitação Aberta,,PACAJUS,CE,Não
8444435036042,"AVENIDA DEMOCRITO DUMMAR, N. 142,",CROATA II,"Casa, 63.43 de área total, 63.43 de área privativa, 125.00 de área do terreno,  2 qto(s), WC, 1 sala(s), cozinha.",94815.14,160000.0,40.75,Venda Direta Online,,PACAJUS,CE,Não
8444437102387,"RUA  AMERICO EVARISTO DE CASTRO, N. 538, LOTE 06 QUADRA 10",CROATA II,"Casa, 0.00 de área total, 73.55 de área privativa, 130.50 de área do terreno.",97778.11,165000.0,40.75,Licitação Aberta,,PACAJUS,CE,Não
8444402728891,"RUA NILCE DE OLIVEIRA, N. 427, TERRENO 02",PEDRA BRANCA,"Casa, 81.70 de área total, 81.70 de área privativa, 156.00 de área do terreno,  2 qto(s), a.serv, WC, 2 sala(s), cozinha.",79765.34,132000.0,39.58,Licitação Aberta,,PACAJUS,CE,Não
8444418830844,"RUA JOELIO DE OLIVEIRA, N. 06, LT 01",BURITI,"Casa, 0.00 de área total, 91.02 de área privativa, 200.00 de área do terreno,  2 qto(s), a.serv, WC, 1 sala(s), cozinha.",111212.08,184000.0,39.56,Venda Direta Online,,PACAJUS,CE,Não
8444428493085,"RUA PEDRO DIAS, N. 350,",PEDRA BRANCA,"Casa, 89.38 de área total, 89.38 de área privativa, 180.23 de área do terreno,  2 qto(s), a.serv, WC, 1 sala(s), cozinha, 1 vaga(s) de garagem.",120882.7,200000.0,39.56,Venda Direta Online,,PACAJUS,CE,Não
8444429575620,"RUA PEDRO DIAS, N. 79,",PEDRA BRANCA,"Casa, 63.06 de área total, 63.06 de área privativa, 178.82 de área do terreno,  2 qto(s), a.serv, WC, 1 sala(s), cozinha.",114234.15,189000.0,39.56,Venda Direta Online,,PACAJUS,CE,Não
8444438258771,"RUA PROFESSORA LAURA DE OLIVEIRA, N. 350, Apto 102B,",BURITI,"Apartamento, 70.10 de área total, 58.80 de área privativa, 0.00 de área do terreno,  2 qto(s), a.serv, WC, 1 sala(s), cozinha.",114234.15,189000.0,39.56,Venda Direta Online,,PACAJUS,CE,Não
8444409773116,"RUA JOAO FONSECA, N. 132, TERRENO 15",ALDEIA,"Casa, 78.98 de área total, 78.98 de área privativa, 156.20 de área do terreno,  3 qto(s), a.serv, WC, 1 sala(s), cozinha, 1 vaga(s) de garagem.",135000.0,135000.0,0.0,Leilão SFI - Edital Único,,PACAJUS,CE,Não
8444410181600,"RUA VINTE E TRES, N. 75, LOTEAMENTO ESPLANADA DA CIDADE",PEDRA BRANCA,"Casa, 86.55 de área total, 86.55 de área privativa, 180.00 de área do terreno,  2 qto(s), a.serv, WC, 1 sala(s), cozinha.",180000.0,180000.0,0.0,Leilão SFI - Edital Único,,PACAJUS,CE,Não
8444423631927,"RUA MARIA ESTER, N. 129, TERRENO 40",BANGUE,"Casa, 85.09 de área total, 85.09 de área privativa, 175.00 de área do terreno,  2 qto(s), a.serv, WC, 1 sala(s), cozinha, 2 vaga(s) de garagem.",177000.0,177000.0,0.0,Leilão SFI - Edital Único,,PACAJUS,CE,Não
8555512949355,"RUA HOLANDA CAMPELO, N. 752, TERRENO 02",BANGUE,"Casa, 75.48 de área total, 75.48 de área privativa, 156.00 de área do terreno,  2 qto(s), a.serv, WC, 1 sala(s), cozinha.",151000.0,151000.0,0.0,Leilão SFI - Edital Único,,PACAJUS,CE,Não
8444436169410,"RUA MARIA HELENA MEDEIROS, N. 108, CS TERRENO 19",CROATA 2,"Casa, 62.71 de área total, 62.71 de área privativa, 129.42 de área do terreno,  2 qto(s), a.serv, WC, 1 sala(s), cozinha.",167407.52,150000.0,0.0,Leilão SFI - Edital Único,,PACAJUS,CE,Não
8444437687261,"RUA BENEDITA SABINO DE CASTRO, N. 131, TERRENO 52A",ALDEIA,"Casa, 62.30 de área total, 62.30 de área privativa, 126.23 de área do terreno,  2 qto(s), a.serv, WC, 1 sala(s), cozinha.",183654.34,163000.0,0.0,Leilão SFI - Edital Único,,PACAJUS,CE,Não
8444439515310,"RUA JOSE FRANCISCO DE AZEVEDO RUA 1, N. 526, TERRENO 5A PARTE LT 4 E 5 QD 5",CROATA II,"Casa, 73.55 de área total, 73.55 de área privativa, 130.50 de área do terreno,  2 qto(s), a.serv, WC, 1 sala(s), cozinha, 1 vaga(s) de garagem.",188839.94,167500.0,0.0,Leilão SFI - Edital Único,,PACAJUS,CE,Não
8444413816525,"RUA FE E CARIDADE, N. 437B, LOTES 28 E 29 QUADRA 101",PAVUNA,"Casa, 66.82 de área total, 66.82 de área privativa, 132.00 de área do terreno,  2 qto(s).",71240.37,150000.0,52.51,Venda Direta Online,,PACATUBA,CE,Não
8444416441158,"RUA MISTER CORDEIRO, N. 336, LOTES 20 E 21 QUADRA 148",PAVUNA,"Casa, 70.14 de área total, 70.14 de área privativa, 132.00 de área do terreno,  2 qto(s), a.serv, WC, 1 sala(s), cozinha.",74557.93,152500.0,51.11,Venda Direta Online,,PACATUBA,CE,Não
8444407892878,"RUA PEDRO DE SA RORIZ, N. 633, QD 112 LT 23",PAVUNA,"Casa, 70.00 de área total, 75.20 de área privativa, 435.60 de área do terreno.",78151.01,155152.22,49.63,Venda Direta Online,,PACATUBA,CE,Não
8444411761499,"RUA SANTA FÉ, N. 179 A, LT 10, QD 03",PAVUNA,"Casa, 72.91 de área total, 72.91 de área privativa, 148.50 de área do terreno,  2 qto(s), a.serv, WC, 1 sala(s), cozinha.",58135.86,115000.0,49.45,Venda Direta Online,,PACATUBA,CE,Não
1444415802418,"RUA JOSE ALVES MOURA, N. 426,",PAVUNA,"Casa, 70.67 de área total, 70.67 de área privativa, 300.00 de área do terreno,  3 qto(s), a.serv, WC, 1 sala(s), cozinha.",75759.67,146000.0,48.11,Venda Direta Online,,PACATUBA,CE,Não
8444407860801,"RUA PEDRO DE SA RORIZ, N. 629, LT 23 QD 112",PAVUNA,"Casa, 70.00 de área total, 70.00 de área privativa, 75.20 de área do terreno,  1 qto(s), WC, 1 sala(s), cozinha.",72858.07,129000.0,43.53,Venda Direta Online,,PACATUBA,CE,Não
8444427818606,"AVENIDA DOIS IRMAOS, N. 273, Apto 203, LT 10A QD 14 VG 07A",PAVUNA,"Apartamento, 49.28 de área total, 49.28 de área privativa, 0.00 de área do terreno,  2 qto(s), a.serv, WC, 1 sala(s), cozinha, 1 vaga(s) de garagem.",77043.32,133000.0,42.08,Venda Direta Online,,PACATUBA,CE,Não
8444411222431,"RUA DA PAZ, N. 238-A, LT 17 QD 89",PAVUNA,"Casa, 65.00 de área total, 65.00 de área privativa, 132.00 de área do terreno,  2 qto(s), 1 vaga(s) de garagem.",88990.38,152000.0,41.46,Venda Direta Online,,PACATUBA,CE,Não
8444412604532,"RUA TENENTE CRAVO, N. 203, CS 203, QD 148, LT 42/43, AREA 2",PAVUNA,"Casa, 70.00 de área total, 70.00 de área privativa, 132.00 de área do terreno,  2 qto(s), a.serv, WC, 1 sala(s), cozinha, 1 vaga(s) de garagem.",84892.14,145000.0,41.46,Venda Direta Online,,PACATUBA,CE,Não
8444413991645,"RUA SAO MATEUS, N. 182A, LT 13 QD 99",PAVUNA,"Casa, 74.41 de área total, 74.41 de área privativa, 145.20 de área do terreno,  2 qto(s), a.serv, WC, 1 sala(s), cozinha, 3 vaga(s) de garagem.",90746.77,155000.0,41.46,Venda Direta Online,,PACATUBA,CE,Não
8444414586426,"RUA SAO PEDRO, N. 248, TERRENO C QD 78 LT 04 E 05",PAVUNA,"Casa, 71.04 de área total, 71.04 de área privativa, 264.00 de área do terreno,  2 qto(s), WC, 1 sala(s), cozinha.",81964.82,140000.0,41.46,Venda Direta Online,,PACATUBA,CE,Não
8444418090905,"RUA LUCIANO CARNEIRO, N. 597, Apto  202, QD24A LT02A LOT JD BANDEIRANTE",PAVUNA,"Apartamento, 55.26 de área total, 50.91 de área privativa, 0.00 de área do terreno.",87819.45,150000.0,41.46,Venda Direta Online,,PACATUBA,CE,Não
8444430439300,"RUA CLOVIS DE CASTRO, N. 979, Apto 103, VG 03",PAVUNA,"Apartamento, 65.81 de área total, 54.09 de área privativa, 0.00 de área do terreno,  2 qto(s), WC, 1 sala(s), 1 vaga(s) de garagem.",104296.65,176000.0,40.75,Venda Direta Online,,PACATUBA,CE,Não
10286315,"RUA MARIA SANTA, N. 00, QD 10, LT 02",PAVUNA,"Terreno, 0.00 de área total, 0.00 de área privativa, 363.00 de área do terreno.",55561.34,92000.0,39.61,Venda Direta Online,,PACATUBA,CE,Não
8444428311190,"RUA GERALDO MARTINS, N. 606, LT 01 E 02, QD 118, LOT PQ NOVA PAVUNA",PAVUNA,"Casa, 83.00 de área total, 83.00 de área privativa, 280.80 de área do terreno,  2 qto(s), a.serv, WC, 1 sala(s), cozinha.",111816.5,185000.0,39.56,Venda Direta Online,,PACATUBA,CE,Não
8444416993819,"RUA TENENTE CRAVO, N. 243, PARTE LT 38 E 39 QD 148 TERRENO 03",PAVUNA,"Casa, 70.00 de área total, 70.00 de área privativa, 264.00 de área do terreno,  2 qto(s), a.serv, WC, 1 sala(s), cozinha.",138688.13,134000.0,0.0,Leilão SFI - Edital Único,,PACATUBA,CE,Não
8787715445816,"AVENIDA PROJETADA C, N. 02, CS 353 QD 04 LOTEAMENTO MORADAS PACATU",PACATUBA,"Casa, 56.79 de área total, 42.91 de área privativa, 86.70 de área do terreno,  2 qto(s), a.serv, WC, 1 sala(s), cozinha.",184561.7,149000.0,0.0,Leilão SFI - Edital Único,,PACATUBA,CE,Não
8787715104199,"AVENIDA PROJETADA C, N. 2, CS 239 QD 04 LOT MORADAS PACATUBA",PACATUBA,"Casa, 56.79 de área total, 42.91 de área privativa, 86.70 de área do terreno,  2 qto(s), a.serv, WC, 1 sala(s), cozinha.",184853.3,95000.0,0.0,Leilão SFI - Edital Único,,PACATUBA,CE,Não
8444412464668,"RUA 05, N. 284, QD 10, PARTE DOS LOTES 14, 15 E 16",ATLANTICO,"Casa, 67.00 de área total, 67.00 de área privativa, 154.80 de área do terreno.",56673.92,122000.0,53.55,Venda Direta Online,,PARACURU,CE,Não
8444408376415,"RUA SEIS, N. 280,",STANCIA DO LAGOS,"Casa, 67.00 de área total, 67.00 de área privativa, 154.80 de área do terreno,  2 qto(s), a.serv, WC, 1 sala(s), cozinha, 1 vaga(s) de garagem.",57384.39,120000.0,52.18,Venda Direta Online,,PARACURU,CE,Não
8444424163013,"RUA D, N. SN, QD 08 LT 26",MALEITAS,"Casa, 77.00 de área total, 77.00 de área privativa, 150.00 de área do terreno,  2 qto(s), a.serv, WC, 1 sala(s), cozinha.",100782.12,185270.75,45.61,Venda Online,,PARACURU,CE,Não
1444404568478,"RUA 1, N. SN, LTS 39 40 QD 12",BOI MORTO,"Terreno, 305.63 de área total, 0.00 de área privativa, 864.00 de área do terreno.",61194.32,108000.0,43.34,Venda Direta Online,,PARACURU,CE,Não
8444408944677,"AVENIDA PAULO SA, N. 291,  QD 31 LT 01",PARQ NOVO PARACURU,"Terreno, 65.00 de área total, 65.00 de área privativa, 140.00 de área do terreno.",29045.53,50000.0,41.91,Venda Direta Online,,PARACURU,CE,Não
10286389,"RUA B, N. 00, QD C, LTS 38 A 48",NOSSA SRA DA SAUDE,"Terreno, 0.00 de área total, 0.00 de área privativa, 1650.00 de área do terreno.",247277.95,388000.0,36.27,Venda Direta Online,,PARAIPABA,CE,Sim
8444406799726,"R JOAO JOSE GOMES, N. 18,",CENTRO,"Casa, 0.00 de área total, 69.49 de área privativa, 99.00 de área do terreno,  2 qto(s), a.serv, WC, 1 sala(s), cozinha, 1 vaga(s) de garagem.",6718.78,14500.0,53.67,Venda Direta Online,,PENAFORTE,CE,Não
8444411506537,"PROFESSORA FRANCISCA FERREIRA ROCHA, N. 666,",FREI DAMIÃO,"Casa, 81.18 de área total, 81.18 de área privativa, 126.00 de área do terreno,  2 qto(s), varanda, a.serv, WC, 1 sala(s), cozinha, 1 vaga(s) de garagem.",63972.81,124000.0,48.41,Venda Online,,PENAFORTE,CE,Não
8444429586885,"AV ANTONIO MATIAS LEITE, N. 1825,",PADRE CICERO,"Casa, 0.00 de área total, 94.50 de área privativa, 144.00 de área do terreno,  2 qto(s), WC, 1 sala(s), cozinha.",67774.95,130000.0,47.87,Venda Direta Online,,PENAFORTE,CE,Não
8444433673800,"RUA JOSIVALDO MATIAS LEITE, N. 132,",CENTRO,"Casa, 69.58 de área total, 69.58 de área privativa, 120.00 de área do terreno,  2 qto(s), a.serv, WC, 1 sala(s), cozinha, 1 vaga(s) de garagem.",59428.31,104000.0,42.86,Venda Direta Online,,PENAFORTE,CE,Não
10211799,"RUA FRANCISCO WANDEBERG, N. SN",CAPONGA FUNDA,"Terreno, 0.00 de área total, 0.00 de área privativa, 3154.80 de área do terreno.",176310.54,330000.0,46.58,Venda Direta Online,,PINDORETAMA,CE,Sim
8444435692870,"RUA MANOEL MANDUCA DA SILVA, N. 626, QD 09,",ALTO D B VISTA,"Casa, 0.00 de área total, 83.40 de área privativa, 0.00 de área do terreno.",101111.45,175000.0,42.23,Venda Online,,QUEIMADAS,CE,Não
8444412398940,"RUA BENEDITO PARACAMPOS, N. 119, QD 56 LT 14 LOT. PLANALTO JERUSALEM",NOVA JESUSALEM,"Casa, 91.68 de área total, 91.68 de área privativa, 171.00 de área do terreno,  2 qto(s), a.serv, WC, 1 sala(s), cozinha.",95044.02,185000.0,48.63,Venda Direta Online,,QUIXADA,CE,Sim
1555538359166,"RUA C, N. SN, 0",SAO JOAO,"Terreno, 0.00 de área total, 0.00 de área privativa, 765.00 de área do terreno.",108389.57,180000.0,39.79,Venda Online,,QUIXADA,CE,Não
8444436047560,"RUA SDO 01, N. 418,",PITOMBEIRA II,"Casa, 67.80 de área total, 67.80 de área privativa, 159.11 de área do terreno.",100741.08,170000.0,40.75,Licitação Aberta,,RUSSAS,CE,Não
8787706891680,"RUA LOCAL 17, N. SN, LT 19 QD 08 LOT LAGUNA ECOPARK",CROATA,"Casa, 63.48 de área total, 63.48 de área privativa, 188.55 de área do terreno,  2 qto(s), a.serv, WC, 1 sala(s), cozinha.",95926.25,175000.0,45.19,Venda Direta Online,,SAO GONCALO DO AMARANTE,CE,Não
8787708184778,"RUA LOCAL 17, N. SN, LT 38 QD 08 ST 01",CROATA,"Casa, 62.53 de área total, 62.53 de área privativa, 150.00 de área do terreno.",79939.69,138000.0,42.08,Licitação Aberta,,SAO GONCALO DO AMARANTE,CE,Não
8787715840340,"RUA A, N. 70, 70, 050167",CENTRO,"Casa, 54.30 de área total, 54.30 de área privativa, 150.00 de área do terreno, 1 vaga(s) de garagem.",78201.87,135000.0,42.08,Venda Direta Online,,SAO GONCALO DO AMARANTE,CE,Não
8787716635937,"RUA 02, N. 119, QD 01, SETOR 05,",CENTRO,"Casa, 54.30 de área total, 54.30 de área privativa, 155.64 de área do terreno,  2 qto(s), a.serv, WC, 1 sala(s), cozinha, 1 vaga(s) de garagem.",90746.77,155000.0,41.46,Venda Direta Online,,SAO GONCALO DO AMARANTE,CE,Não
8787713680249,"RUA PRINCESA ISABEL, N. 187,",CROATA,"Casa, 63.47 de área total, 63.47 de área privativa, 150.00 de área do terreno,  3 qto(s), a.serv, WC, 1 sala(s), cozinha.",103111.46,174000.0,40.75,Venda Direta Online,,SAO GONCALO DO AMARANTE,CE,Não
8787715685019,"RUA LOCAL 10, N. 86, QD 02, LT 34, SETOR 01",CROATA,"Casa, 58.31 de área total, 58.31 de área privativa, 150.00 de área do terreno,  2 qto(s), WC, 1 sala(s), cozinha, 1 vaga(s) de garagem.",97778.11,165000.0,40.75,Venda Direta Online,,SAO GONCALO DO AMARANTE,CE,Não
8787716353648,"RUA B 151, N. 151, LOTE 95 QD 01  ST 05",DISTRITO DE CROATA,"Casa, 0.00 de área total, 54.30 de área privativa, 150.00 de área do terreno.",94815.14,160000.0,40.75,Venda Direta Online,,SAO GONCALO DO AMARANTE,CE,Não
1444416260236,"RUA TENENTE CORONEL EZIO LIMA VERDE, N. 172, LT 45 QD 22",RENATO PARENTE,"Casa, 103.76 de área total, 103.76 de área privativa, 200.00 de área do terreno,  3 qto(s), a.serv, WC, 1 sala(s), cozinha, 1 vaga(s) de garagem.",420000.0,420000.0,0.0,Leilão SFI - Edital Único,,SOBRAL,CE,Não
10222107,"RUA ODELI FILHO (BR 437), N. 00, QD 18/19",BOM FUTURO,"Terreno, 0.00 de área total, 0.00 de área privativa, 5000.00 de área do terreno.",381416.67,647000.0,41.05,Venda Direta Online,,TABULEIRO DO NORTE,CE,Sim
8444405756810,"RUA LUIZ ALEXANDRINO FEITOSA, N. 326,",TAUA,"Casa, 114.90 de área total, 114.90 de área privativa, 150.00 de área do terreno.",156000.0,156000.0,0.0,Leilão SFI - Edital Único,,TAUA,CE,Não
8555517671789,"RUA CANDIDO ALVES BEZERRA, N. 47,",BEZERRA E SOUSA,"Casa, 121.20 de área total, 121.20 de área privativa, 168.00 de área do terreno,  3 qto(s), a.serv, WC, 2 sala(s), cozinha, 1 vaga(s) de garagem.",150000.0,150000.0,0.0,Leilão SFI - Edital Único,,TAUA,CE,Não
8444428962913,"RUA PROJETADA 02, N. 94,",GERALDO SARAIVA,"Casa, 100.00 de área total, 100.00 de área privativa, 127.27 de área do terreno,  3 qto(s), a.serv, WC, 1 sala(s), cozinha.",189000.0,189000.0,0.0,Leilão SFI - Edital Único,,TIANGUA,CE,Não
8444421849054,"AVENIDA CENTRAL 2, N. 451, QD14 LT 20",VILA SÃO JOSÉ,"Casa, 63.88 de área total, 63.88 de área privativa, 180.00 de área do terreno,  2 qto(s), a.serv, WC, 1 sala(s), cozinha, 1 vaga(s) de garagem.",63098.63,119000.0,46.98,Venda Online,,TRAIRI,CE,Não
