link,endereco,bairro,descricao,preco,avaliacao,desconto,modalidade,foto,cidade,estado,financiamento
8444421840910,"RUA ALAMEDA JACARANDA, N. 3, CASA 03-A",DESTERRO,"Casa, 0.00 de área total, 48.00 de área privativa, 200.00 de área do terreno,  2 qto(s), a.serv, WC, 1 sala(s), cozinha, Terraco.",42896.0,105000.0,59.15,Venda Direta Online,,ABREU E LIMA,PE,Não
8444418461172,"RUA ROSA PEREIRA DA CRUZ, N. 756, Apto 101,",DESTERRO,"Apartamento, 51.54 de área total, 51.54 de área privativa, 0.00 de área do terreno,  2 qto(s), a.serv, WC, 1 sala(s), cozinha, 1 vaga(s) de garagem.",58390.72,126000.0,53.66,Venda Online,,ABREU E LIMA,PE,Não
8444404823328,"RUA PROJETADA, N. 101, LT A A 4, QD XXX",DESTERRO,"Casa, 0.00 de área total, 57.57 de área privativa, 141.00 de área do terreno,  2 qto(s), varanda, a.serv, WC, 1 sala(s), cozinha.",46864.78,97000.0,51.69,Venda Direta Online,,ABREU E LIMA,PE,Não
8444429072113,"AVENIDA DUQUE DE CAXIAS, N. 380, Apto 01, PAV TERREO",JARDIM CAETES,"Apartamento, 52.53 de área total, 52.53 de área privativa, 0.00 de área do terreno,  2 qto(s), a.serv, WC, 1 sala(s), cozinha, 1 vaga(s) de garagem.",75817.45,140000.0,45.85,Venda Online,,ABREU E LIMA,PE,Não
8444420399470,"RUA ALAMEDA CUMARU, N. 179, Apto 01, TÉRREO",DESTERRO,"Apartamento, 49.80 de área total, 49.80 de área privativa, 0.00 de área do terreno,  2 qto(s), a.serv, WC, 1 sala(s), cozinha, 1 vaga(s) de garagem.",69338.98,126000.0,44.97,Venda Direta Online,,ABREU E LIMA,PE,Não
8444431103675,"RUA DOUTOR WALTER BELLIAN, N. 515, Apto 03, LT 07 QD K",DESTERRO,"Apartamento, 45.94 de área total, 45.94 de área privativa, 0.00 de área do terreno,  2 qto(s), varanda, a.serv, WC, 1 sala(s), cozinha, 1 vaga(s) de garagem.",80647.53,145000.0,44.39,Venda Direta Online,,ABREU E LIMA,PE,Sim
8787715513749,"RUA ESTACAO DO CAJA, N. SN, Apto 203, BL E",PLANALTO,"Apartamento, 83.07 de área total, 46.84 de área privativa, 0.00 de área do terreno,  2 qto(s), a.serv, WC, 1 sala(s), cozinha.",92326.23,164000.0,43.71,Venda Direta Online,,ABREU E LIMA,PE,Sim
8787715607522,"RUA ESTACAO DO CAJA, N. S/N, Apto 204, BL F",PLANALTO,"Apartamento, 83.07 de área total, 46.84 de área privativa, 0.00 de área do terreno,  2 qto(s), a.serv, WC, 1 sala(s), cozinha.",93170.68,165500.0,43.71,Venda Direta Online,,ABREU E LIMA,PE,Sim
8787711948015,"RUA ESTACAO DO CAJA, N. SN, Apto 202, BL A MÓDULO I",PLANALTO,"Apartamento, 83.07 de área total, 46.84 de área privativa, 0.00 de área do terreno,  2 qto(s), a.serv, WC, 1 sala(s), cozinha, 1 vaga(s) de garagem.",94755.87,164000.0,42.23,Venda Online,,ABREU E LIMA,PE,Não
8444418535630,"RUA ALAMEDA JACARANDA, N. 03, CASA 03",DESTERRO,"Casa, 48.00 de área total, 48.00 de área privativa, 100.00 de área do terreno,  2 qto(s), a.serv, WC, 1 sala(s), cozinha, 1 vaga(s) de garagem.",48796.49,84000.0,41.91,Venda Direta Online,,ABREU E LIMA,PE,Não
8444419233440,"RUA ESTACAO OUTONO, N. 66, Apto 202, BLOCO B",PLANALTO,"Apartamento, 54.70 de área total, 54.70 de área privativa, 0.00 de área do terreno,  2 qto(s), a.serv, WC, 1 sala(s), cozinha.",81964.82,140000.0,41.46,Venda Direta Online,,ABREU E LIMA,PE,Não
8787712081210,"RUA ESTACAO DO CAJA, N. SN, Apto 102, BL C",PLANALTO,"Apartamento, 83.07 de área total, 46.84 de área privativa, 0.00 de área do terreno,  2 qto(s), WC, 1 sala(s), cozinha, 1 vaga(s) de garagem.",81964.82,140000.0,41.46,Licitação Aberta,,ABREU E LIMA,PE,Não
8787715073331,"RUA ESTACAO DO CAJA, N. S/N, Apto 04, BL E",PLANALTO,"Apartamento, 0.00 de área total, 46.84 de área privativa, 0.00 de área do terreno,  2 qto(s), a.serv, WC, 1 sala(s), cozinha, 1 vaga(s) de garagem.",88404.91,151000.0,41.46,Venda Direta Online,,ABREU E LIMA,PE,Não
8444419187511,"RUA MARIA ROSA DOS VENTOS (ANTIGA RUA PROJETADA 18, N. 20, Apto 202,",DESTERRO,"Apartamento, 0.00 de área total, 49.28 de área privativa, 0.00 de área do terreno,  2 qto(s), a.serv, WC, 1 sala(s).",83721.21,143000.0,41.46,Venda Direta Online,,ABREU E LIMA,PE,Não
8787714629476,"RUA ESTACAO DO CAJA, N. S/N, Apto 203, BL D",PLANALTO,"Apartamento, 83.07 de área total, 46.84 de área privativa, 0.00 de área do terreno,  2 qto(s), WC, 1 sala(s), cozinha, 1 vaga(s) de garagem.",97265.98,164135.79,40.75,Venda Direta Online,,ABREU E LIMA,PE,Não
8787715376334,"RUA ESTACAO DO CAJA, N. SN, Apto 004, BL D 20LOT PLANALTO II",PLANALTO,"Apartamento, 83.07 de área total, 46.84 de área privativa, 0.00 de área do terreno,  2 qto(s), a.serv, WC, 1 sala(s), cozinha, 1 vaga(s) de garagem.",94815.14,160000.0,40.75,Licitação Aberta,,ABREU E LIMA,PE,Não
8787715650657,"RUA ESTACAO DO CAJA, N. 214, Apto 004, PAV. TERREO, BL F, LT GRANJA Nº 20",PLANALTO,"Apartamento, 83.10 de área total, 46.84 de área privativa, 0.00 de área do terreno,  2 qto(s), a.serv, WC, 1 sala(s), cozinha, Terraco, 1 vaga(s) de garagem.",103111.46,174000.0,40.75,Venda Direta Online,,ABREU E LIMA,PE,Não
8787716049299,"RUA ESTACAO DO CAJA, N. 214, Apto 001, BL F",PLANALTO,"Apartamento, 83.07 de área total, 46.84 de área privativa, 0.00 de área do terreno,  2 qto(s), a.serv, WC, 1 sala(s), cozinha, 1 vaga(s) de garagem.",100741.08,170000.0,40.75,Venda Direta Online,,ABREU E LIMA,PE,Não
8444401605133,"RUA DA NATIVIDADE, N. 406, CASA 02",DESTERRO,"Casa, 0.00 de área total, 52.63 de área privativa, 0.00 de área do terreno,  2 qto(s), a.serv, WC, 1 sala(s), cozinha, Terraco.",66800.82,112000.0,40.36,Venda Direta Online,,ABREU E LIMA,PE,Não
8444407029010,"TRAVESSA ROSA PEREIRA DA CRUZ, N. SN, CS 10",MATINHA,"Casa, 51.60 de área total, 51.60 de área privativa, 51.60 de área do terreno,  2 qto(s), a.serv, WC, 1 sala(s), cozinha, Terraco.",72560.88,121290.0,40.18,Venda Direta Online,,ABREU E LIMA,PE,Não
8787705972279,"RUA ESTACAO OUTONO, N. 66, Apto 01, ACESSÍVEL BL B",PLANALTO,"Apartamento, 54.70 de área total, 54.70 de área privativa, 0.00 de área do terreno,  2 qto(s), a.serv, WC, 1 sala(s), cozinha.",139000.0,139000.0,0.0,Leilão SFI - Edital Único,,ABREU E LIMA,PE,Não
8787713406058,"RUA ESTACAO DO CAJA, N. SN, Apto 101, PAV 01 BL D",PLANALTO,"Apartamento, 0.00 de área total, 46.84 de área privativa, 0.00 de área do terreno,  2 qto(s), a.serv, WC, 1 sala(s), cozinha, 1 vaga(s) de garagem.",185000.0,160000.0,0.0,Leilão SFI - Edital Único,,ABREU E LIMA,PE,Não
1444418237100,"RUA 237, N. 67,",SAO BRAZ,"Casa, 0.00 de área total, 81.40 de área privativa, 96.45 de área do terreno.",116600.66,190000.0,38.64,Venda Direta Online,,AFOGADOS DA INGAZEIRA,PE,Não
1444417386624,"RUA JOSE BELIZARIO COSTA, N. 432,",SOBREIRA,"Casa, 89.44 de área total, 89.44 de área privativa, 104.00 de área do terreno,  3 qto(s), a.serv, WC, 1 sala(s), cozinha, Terraco, 1 vaga(s) de garagem.",118441.73,193000.0,38.64,Venda Direta Online,,AFOGADOS DA INGAZEIRA,PE,Não
10275030,"RUA JOSEFINA GAMA BEZERRA, N. 72-A, IPANEMA",CENTRO,"Comercial, 0.00 de área total, 717.76 de área privativa, 255.63 de área do terreno.",869934.01,1400000.0,37.87,Venda Direta Online,,AGUAS BELAS,PE,Não
1444410781730,"AVENIDA MANOEL CANDIDO, N. 150,",COMUNATY,"Casa, 0.00 de área total, 396.60 de área privativa, 637.45 de área do terreno,  5 qto(s), a.serv, WC, 3 sala(s), DCE, cozinha, Terraco, 1 vaga(s) de garagem.",848285.06,848285.06,0.0,Leilão SFI - Edital Único,,AGUAS BELAS,PE,Não
1444401881892,"RUA GETULIO VARGAS, LT 10",CENRO,"Terreno, 0.00 de área total, 0.00 de área privativa, 1000.00 de área do terreno.",49164.13,160000.0,69.28,Venda Direta Online,,ALIANCA,PE,Não
1555520660247,"RUA GETULIO VARGAS, N. SN, LT 01",DESM. GRANJA SANTO,"Terreno, 0.00 de área total, 0.00 de área privativa, 1000.00 de área do terreno.",132178.89,210000.0,37.06,Venda Direta Online,,ALIANCA,PE,Não
8444424780357,"RUA JOSÉ DE ARIMATÉIA SIMPLICIO, N. SN, LT 25 QD L",NOVA ALTINHO,"Casa, 67.50 de área total, 67.50 de área privativa, 67.50 de área do terreno,  2 qto(s), a.serv, WC, 1 sala(s), cozinha, 1 vaga(s) de garagem.",90746.77,155000.0,41.46,Licitação Aberta,,ALTINHO,PE,Não
8444424880580,"RUA JOSÉ DE ARIMATÉIA SIMPLICIO, N. S/N, L27 QD L",CENTRO,"Casa, 67.50 de área total, 67.50 de área privativa, 67.50 de área do terreno,  2 qto(s), a.serv, WC, 1 sala(s), cozinha, 1 vaga(s) de garagem.",90746.77,155000.0,41.46,Licitação Aberta,,ALTINHO,PE,Não
8444418660329,"AVENIDA RIO DE JANEIRO, N. 1070, TERRENO 01A-37",SAO CRISTOVAO,"Casa, 45.00 de área total, 45.00 de área privativa, 90.00 de área do terreno,  2 qto(s), a.serv, WC, 1 sala(s), cozinha, 1 vaga(s) de garagem.",41398.4,83000.0,50.13,Venda Direta Online,,ARCOVERDE,PE,Não
8444419921983,"TRAVESSA JUSTINO BEZERRA DA SILVA, N. 1009, LT 05 QD ÚNICA",SAO CRISTOVAO,"Casa, 60.12 de área total, 60.12 de área privativa, 96.00 de área do terreno,  2 qto(s), a.serv, WC, 1 sala(s), cozinha, Terraco, 1 vaga(s) de garagem.",60663.5,120000.0,49.45,Venda Online,,ARCOVERDE,PE,Não
8444429969083,"RUA DAS DÁLIAS, N. S/N, LT20 QD I",CIDADE JARDIM,"Casa, 73.00 de área total, 73.00 de área privativa, 126.00 de área do terreno,  2 qto(s), a.serv, WC, 1 sala(s), cozinha, Terraco.",74016.52,140471.02,47.31,Venda Direta Online,,ARCOVERDE,PE,Não
8444424775744,"AVENIDA RIO DE JANEIRO, N. 1030, LT 01A16",SAO CRISTOVAO,"Casa, 67.00 de área total, 67.00 de área privativa, 90.00 de área do terreno,  2 qto(s), a.serv, WC, 1 sala(s), cozinha.",59428.31,104000.0,42.86,Venda Direta Online,,ARCOVERDE,PE,Não
8444406385239,"RUA 20, N. SN, TERRENO 01A10 CS 38",SAO CRISTOVAO,"Casa, 53.70 de área total, 53.70 de área privativa, 120.00 de área do terreno,  2 qto(s), varanda, WC, 1 sala(s), cozinha.",58790.48,97346.9,39.61,Venda Direta Online,,ARCOVERDE,PE,Não
8787706227690,"RUA PROFESSORA CREMILDA XAVIER DE SOUZA, N. 183, QD 24 LT 09",EUNO ANDRADE DA SILVA,"Casa, 0.00 de área total, 46.30 de área privativa, 0.00 de área do terreno,  2 qto(s), a.serv, WC, 1 sala(s), cozinha.",44766.63,152986.52,70.74,Venda Direta Online,,BELO JARDIM,PE,Não
8444427944008,"RUA SOFIA SIMOES DE MACEDO, N. 82, CS 02 LT 01 QD H4",MORADA NOBRE,"Casa, 0.00 de área total, 74.77 de área privativa, 240.00 de área do terreno,  3 qto(s), a.serv, WC, 1 sala(s), cozinha, 1 vaga(s) de garagem.",86802.4,269510.55,67.8,Venda Direta Online,,BELO JARDIM,PE,Sim
8787714646818,"RUA JOSEFA FERREIRA SOBRAL, N. 315, LT 04, QD 49",EUNO ANDRADE DA SILV,"Casa, 0.00 de área total, 46.30 de área privativa, 148.20 de área do terreno,  2 qto(s), a.serv, WC, 1 sala(s), cozinha.",38693.48,118000.0,67.21,Venda Direta Online,,BELO JARDIM,PE,Não
8555535681766,"RUA SEVERINO JOSE DA SILVA, N. 04, QD 36 LT 13",EUNO ANDRADE DA SILVA,"Casa, 0.00 de área total, 50.00 de área privativa, 229.89 de área do terreno,  2 qto(s), WC, 1 sala(s), cozinha, Terraco, 1 vaga(s) de garagem.",21032.15,60000.0,64.95,Venda Direta Online,,BELO JARDIM,PE,Não
8787713953970,"RUA SEVERINO JOSE DA SILVA, N. 07, 4909",EUNO ANDRADE DA SILVA,"Casa, 0.00 de área total, 46.30 de área privativa, 213.39 de área do terreno,  2 qto(s), a.serv, WC, 1 sala(s), cozinha, 1 vaga(s) de garagem.",38592.78,109000.0,64.6,Venda Direta Online,,BELO JARDIM,PE,Não
8787714660225,"RUA MIGUEL BARROS, N. 19, 5038",EUNO ANDRADE DA SILVA,"Casa, 0.00 de área total, 46.30 de área privativa, 148.20 de área do terreno,  2 qto(s), a.serv, WC, 1 sala(s), cozinha, 1 vaga(s) de garagem.",42628.41,120000.0,64.48,Venda Direta Online,,BELO JARDIM,PE,Não
8787714857436,"RUA SEBASTIAO BARBOSA DA SILVA, N. 108, LT 30 QD 39",EUNO ANDRADE DA SILVA,"Casa, 0.00 de área total, 50.18 de área privativa, 125.02 de área do terreno,  2 qto(s), a.serv, WC, 1 sala(s), cozinha.",40852.22,115000.0,64.48,Venda Direta Online,,BELO JARDIM,PE,Não
8787717366450,"RUA JOAO PEDRO SOBRINHO, N. 37, LOTE 41 LOTEAMENTO VIANA E MOURA INHUM",EUNO ANDRADE DA SILVA,"Casa, 0.00 de área total, 40.00 de área privativa, 148.20 de área do terreno,  2 qto(s), a.serv, WC, 1 sala(s), cozinha, 1 vaga(s) de garagem.",40496.98,114000.0,64.48,Venda Direta Online,,BELO JARDIM,PE,Não
8787712821370,"RUA PROFESSORA CREMILDA XAVIER DE SOUZA, N. 283, LT 38 QD 46",EUNO ANDRADE DA SILVA,"Casa, 0.00 de área total, 46.30 de área privativa, 148.20 de área do terreno,  2 qto(s), a.serv, WC, 1 sala(s), cozinha, Terraco.",40417.56,106000.0,61.88,Venda Direta Online,,BELO JARDIM,PE,Não
8787704471152,"RUA FERNANDO MANOEL DOS SANTOS, N. 52, LT 13, QD 19",EUNO ANDRADE DA SILVA,"Casa, 0.00 de área total, 46.30 de área privativa, 148.20 de área do terreno,  2 qto(s), a.serv, WC, 1 sala(s), cozinha.",36334.94,94000.0,61.35,Venda Direta Online,,BELO JARDIM,PE,Não
8787714569775,"RUA SEBASTIAO BARBOSA DA SILVA, N. 104, LT 31 QD 39",EUNO ANDRADE DA SILVA,"Casa, 0.00 de área total, 50.18 de área privativa, 125.02 de área do terreno,  2 qto(s), a.serv, WC, 1 sala(s), cozinha, 1 vaga(s) de garagem.",47137.18,115000.0,59.02,Venda Direta Online,,BELO JARDIM,PE,Não
8555535243262,"RUA MIGUEL BARROS, N. 47, L. 31, QD. 50,",EUNO ANDRADE DA SILVA,"Casa, 0.00 de área total, 50.00 de área privativa, 148.20 de área do terreno,  2 qto(s), WC, 1 sala(s), cozinha, Terraco.",37273.68,90000.0,58.59,Venda Direta Online,,BELO JARDIM,PE,Não
8787709921954,"JULIETA DE LIMA SILVA, N. 08, QD 30 LT 02",EUNO ANDRADE DA SILVA,"Casa, 0.00 de área total, 46.30 de área privativa, 148.00 de área do terreno,  2 qto(s), a.serv, WC, 1 sala(s), cozinha, 1 vaga(s) de garagem.",41001.78,92814.14,55.83,Venda Direta Online,,BELO JARDIM,PE,Não
8787710313024,"R ERASMO PEREIRA DE ALBUQUERQUE, N. 204, QD 28 LT 01",EUNO ANDRADE DA SILVA,"Casa, 0.00 de área total, 46.30 de área privativa, 189.50 de área do terreno,  2 qto(s), a.serv, WC, 1 sala(s), cozinha, 1 vaga(s) de garagem.",44176.22,100000.0,55.83,Venda Direta Online,,BELO JARDIM,PE,Não
8787712865253,"RUA SEBASTIÃO BARBOSA DA SILVA, N. 24, QD 39 LT 51",EUNO ANDRADE DA SILVA,"Casa, 0.00 de área total, 50.18 de área privativa, 125.02 de área do terreno,  2 qto(s), a.serv, WC, 1 sala(s), cozinha, 2 vaga(s) de garagem.",35025.16,79000.0,55.67,Venda Direta Online,,BELO JARDIM,PE,Não
8787713558761,"RUA SEBASTIÃO BARBOSA DA SILVA, N. 59, QD 41 LT 15",EUNO ANDRADE DA SILVA,"Casa, 0.00 de área total, 50.18 de área privativa, 125.02 de área do terreno,  2 qto(s), a.serv, WC, 1 sala(s), cozinha, 1 vaga(s) de garagem.",36355.23,82000.0,55.67,Venda Direta Online,,BELO JARDIM,PE,Não
8787708104030,"RUA OCILIA FERREIRA DE LIMA, N. 76, LT 19 - QD 34",EUNO ANDRADE DA SILVA,"Casa, 0.00 de área total, 46.30 de área privativa, 148.20 de área do terreno,  2 qto(s), a.serv, WC, 1 sala(s), cozinha.",46510.08,100452.79,53.7,Venda Direta Online,,BELO JARDIM,PE,Não
8444406601756,"RUA JOSÉ PACHECO RAMOS, N. S/N, LT 18, QD J",FLORESTA,"Casa, 57.48 de área total, 57.48 de área privativa, 130.00 de área do terreno,  2 qto(s), a.serv, WC, 1 sala(s), cozinha, 1 vaga(s) de garagem.",57138.47,123000.0,53.55,Venda Online,,BELO JARDIM,PE,Não
8555535626617,"RUA SEVERINO JOSE DA SILVA, N. 68, LT 20 - QD 46",EUNO ANDRADE DA SILVA,"Casa, 0.00 de área total, 50.00 de área privativa, 148.20 de área do terreno,  2 qto(s), WC, 1 sala(s), Terraco.",42243.51,90000.0,53.07,Venda Direta Online,,BELO JARDIM,PE,Não
8787712891610,"RUA PROFESSORA CREMILDA XAVIER DE SOUZA, N. 279, LT 39 - QD 46",EUNO ANDRADE DA SILVA,"Casa, 46.30 de área total, 46.30 de área privativa, 148.20 de área do terreno,  2 qto(s), a.serv, WC, 1 sala(s), cozinha.",44590.37,95000.0,53.07,Venda Direta Online,,BELO JARDIM,PE,Não
8787715152533,"RUA SEBASTIAO BARBOSA DA SILVA (ANTIGA RUA PROJET, N. 88, LT 35 QD 39",EUNO ANDRADE DA SILVA,"Casa, 0.00 de área total, 50.18 de área privativa, 125.02 de área do terreno,  2 qto(s), a.serv, WC, 1 sala(s), cozinha.",43182.26,92000.0,53.07,Venda Direta Online,,BELO JARDIM,PE,Não
8787715836530,"RUA ROSELI MARIA DE LIRA SILVA (ANTIGA RUA PROJET, N. SN, LT 11 QD 43",EUNO ANDRADE DA SILVA,"Casa, 0.00 de área total, 40.00 de área privativa, 148.20 de área do terreno,  2 qto(s), a.serv, WC, 1 sala(s), cozinha, 1 vaga(s) de garagem.",44825.06,95500.0,53.07,Venda Direta Online,,BELO JARDIM,PE,Não
8787716025241,"RUA ROSELI MARIA DE LIRA SILVA (ANTIGA RUA PROJETA, N. 71, LT 18, QD 43",EUNO ANDRADE DA SILVA,"Casa, 40.00 de área total, 40.00 de área privativa, 148.20 de área do terreno,  2 qto(s), a.serv, WC, 1 sala(s), cozinha, 1 vaga(s) de garagem.",44590.37,95000.0,53.07,Venda Direta Online,,BELO JARDIM,PE,Não
8787706102057,"RUA PROFESSORA CREMILDA XAVIER DE SOUZA, N. 159, LT 03 QR 24",EUNO ANDRADE DA SILVA,"Casa, 46.30 de área total, 46.30 de área privativa, 148.12 de área do terreno,  2 qto(s), a.serv, WC, 1 sala(s), cozinha, 1 vaga(s) de garagem.",64815.06,138000.0,53.04,Venda Direta Online,,BELO JARDIM,PE,Não
8444427260095,"RUA SOFIA SIMOES DE MACEDO, N. 74, LT 06-E QD H-4",MORADA NOBRE,"Casa, 0.00 de área total, 54.32 de área privativa, 80.00 de área do terreno,  2 qto(s), a.serv, WC, 1 sala(s), cozinha, 1 vaga(s) de garagem.",53381.68,112000.0,52.34,Venda Direta Online,,BELO JARDIM,PE,Não
8555533648532,"RUA BEATRIZ GOUVEIA ARRUDA, N. 19, LT 15, QD 56",EUNO ANDRADE DA SILVA,"Casa, 50.00 de área total, 50.00 de área privativa, 148.20 de área do terreno,  2 qto(s), a.serv, WC, 1 sala(s), cozinha, 1 vaga(s) de garagem.",53381.68,112000.0,52.34,Venda Direta Online,,BELO JARDIM,PE,Não
8787713970387,"RUA SEBASTIÃO BARBOSA DA SILVA, N. 56, LT 41 QD 39",EUNO ANDRADE DA SILVA,"Casa, 50.18 de área total, 50.18 de área privativa, 125.02 de área do terreno,  2 qto(s), a.serv, WC, 1 sala(s), cozinha, Terraco.",54457.36,113879.1,52.18,Venda Direta Online,,BELO JARDIM,PE,Não
8787716025462,"R ROSELI MARIA DE LIRA SILVA, N. 63, LT 16, QD 43",EUNO ANDRADE DA SILVA,"Casa, 40.00 de área total, 40.00 de área privativa, 148.20 de área do terreno,  2 qto(s), a.serv, WC, 1 sala(s), cozinha.",54515.17,114000.0,52.18,Venda Direta Online,,BELO JARDIM,PE,Não
8555535164052,"RUA JOAO PEDRO SOBRINHO, N. 63, LT 27 QD 51",EUNO ANDRADE DA SILVA,"Casa, 50.00 de área total, 50.00 de área privativa, 148.20 de área do terreno,  2 qto(s), WC, 1 sala(s), cozinha, Terraco.",43437.65,89900.0,51.69,Venda Direta Online,,BELO JARDIM,PE,Não
8787709919585,"RUA JULIETA DE LIMA E SILVA, N. 12, LT 03 QD 30",EUNO ANDRADE DA SILVA,"Casa, 46.30 de área total, 46.30 de área privativa, 148.20 de área do terreno,  2 qto(s), a.serv, WC, 1 sala(s), cozinha, 1 vaga(s) de garagem.",48317.74,100000.0,51.69,Venda Direta Online,,BELO JARDIM,PE,Não
8787712863390,"RUA SEBASTIAO BARBOSA DA SILVA, N. 28, QD 39, LT 50",EUNO ANDRADE DA SILVA,"Casa, 50.18 de área total, 50.18 de área privativa, 125.02 de área do terreno,  2 qto(s), a.serv, WC, 1 sala(s), cozinha.",44452.32,92000.0,51.69,Venda Direta Online,,BELO JARDIM,PE,Não
8787709926220,"RUA JULIETA DE LIMA SILVA, N. 47, QD 31, LT 15",EUNO ANDRADE DA SILVA,"Casa, 46.30 de área total, 46.30 de área privativa, 148.20 de área do terreno,  2 qto(s), a.serv, WC, 1 sala(s), cozinha.",31471.37,64900.0,51.51,Venda Online,,BELO JARDIM,PE,Não
8787717472527,"RUA MANOEL ALVES DA SILVA IRMAO, N. 196, LT 08, QD 51",EUNO ANDRADE DA SILVA,"Casa, 40.00 de área total, 40.00 de área privativa, 148.20 de área do terreno,  2 qto(s), a.serv, WC, 1 sala(s), cozinha.",52942.62,109000.0,51.43,Venda Direta Online,,BELO JARDIM,PE,Não
8444429352019,"RUA DO CEMITÉRIO, N. 129,",BOM CONSELHO,"Casa, 85.01 de área total, 85.01 de área privativa, 111.90 de área do terreno,  3 qto(s), a.serv, WC, 1 sala(s), cozinha.",55397.11,113000.0,50.98,Venda Direta Online,,BELO JARDIM,PE,Não
8787703601818,"RUA JOSE SOARES TEIXEIRA, N. 32, LOTE 12 QUADRA 14",EUNO ANDRADE DA SILVA,"Casa, 46.30 de área total, 46.30 de área privativa, 148.20 de área do terreno,  2 qto(s), a.serv, WC, 1 sala(s), cozinha.",54245.76,110651.44,50.98,Venda Direta Online,,BELO JARDIM,PE,Não
8787701098060,"RUA JOSE SALES DE MOURA, N. 16, LT 26 QD 09",EUNO ANDRADE DA SILVA,"Casa, 50.00 de área total, 50.00 de área privativa, 148.20 de área do terreno,  2 qto(s), WC, 1 sala(s), cozinha, Terraco, 1 vaga(s) de garagem.",59023.95,120000.0,50.82,Venda Online,,BELO JARDIM,PE,Não
8787704899845,"RUA QUITERIA APARECIDA DA SILVA, N. 36, LT 09, QD 21",EUNO ANDRADE DA SILVA,"Casa, 46.30 de área total, 46.30 de área privativa, 148.20 de área do terreno,  2 qto(s), a.serv, WC, 1 sala(s), cozinha.",64009.67,130000.0,50.77,Venda Direta Online,,BELO JARDIM,PE,Não
8444417137444,"RUA PROJETADA 01, N. SN, LT04 QDD",LOT CAMPO BELO,"Casa, 52.50 de área total, 52.50 de área privativa, 140.00 de área do terreno,  2 qto(s), a.serv, WC, 2 sala(s), cozinha, 1 vaga(s) de garagem.",39501.92,80000.0,50.63,Venda Direta Online,,BELO JARDIM,PE,Não
8787705082184,"RUA QUITERIA  APARECIDA  DA  SILVA, N. 11, LT 28, QD 22",EUNO ANDRADE DA SILVA,"Casa, 46.30 de área total, 46.30 de área privativa, 148.20 de área do terreno,  2 qto(s), a.serv, WC, 1 sala(s), cozinha.",48952.78,98500.0,50.31,Venda Direta Online,,BELO JARDIM,PE,Não
8787713967653,"RUA SEBASTIAO BARBOSA DA SILVA, N. 44, LT 46 QD 39",EUNO ANDRADE DA SILVA,"Casa, 50.18 de área total, 50.18 de área privativa, 125.02 de área do terreno,  2 qto(s), a.serv, WC, 1 sala(s), cozinha.",49066.64,98729.1,50.31,Venda Direta Online,,BELO JARDIM,PE,Não
8787715326272,"RUA SEBASTIAO BARBOSA DA SILVA, N. 83, LT 21 QD 41",EUNO ANDRADE DA SILVA,"Casa, 50.18 de área total, 50.18 de área privativa, 125.08 de área do terreno,  2 qto(s), WC, 1 sala(s), cozinha, Terraco, 1 vaga(s) de garagem.",46766.05,94100.0,50.31,Venda Direta Online,,BELO JARDIM,PE,Não
8787715839687,"R ROSELI MARIA DE LIRA SILVA, N. 56, LOTE 39 QUADRA 41",EUNO ANDRADE DA SILVA,"Casa, 40.00 de área total, 40.00 de área privativa, 148.20 de área do terreno,  2 qto(s), a.serv, WC, 1 sala(s), cozinha.",42243.51,85000.0,50.31,Venda Direta Online,,BELO JARDIM,PE,Não
8555538040273,"RUA JOAO BENEDITO DA SILVA, N. 47, QD 09 LT 59",EUNO ANDRADE DA SILVA,"Casa, 50.00 de área total, 50.00 de área privativa, 148.20 de área do terreno,  2 qto(s), a.serv, WC, 1 sala(s), cozinha, 1 vaga(s) de garagem.",54349.76,108700.0,50.01,Venda Direta Online,,BELO JARDIM,PE,Não
8787702393944,"RUA MARCIANO VIDAL PEREIRA, N. 28, LT 30 QD 13",EUNO ANDRADE DA SILVA,"Casa, 46.30 de área total, 46.30 de área privativa, 148.20 de área do terreno,  2 qto(s), WC, 1 sala(s), cozinha, 1 vaga(s) de garagem.",51149.77,102300.0,50.01,Venda Direta Online,,BELO JARDIM,PE,Não
8787715174588,"RUA SEBASTIAO BARBOSA DA SILVA, N. 145, QD 40 LT 15",EUNO ANDRADE DA SILVA,"Casa, 46.30 de área total, 46.30 de área privativa, 148.20 de área do terreno,  2 qto(s), a.serv, WC, 1 sala(s), cozinha, 1 vaga(s) de garagem.",54999.76,110000.0,50.01,Venda Direta Online,,BELO JARDIM,PE,Não
8444410388328,"RUA ZE LIMEIRA, N. 185, C",COHAB-I,"Casa, 68.58 de área total, 68.58 de área privativa, 100.00 de área do terreno,  2 qto(s), a.serv, WC, 1 sala(s), cozinha, 1 vaga(s) de garagem.",62510.86,125000.0,50.0,Venda Online,,BELO JARDIM,PE,Não
8787709920389,"RUA JULIETA DE LIMA E SILVA, N. 23, LT 21, QD 31",EUNO ANDRADE DA SILVA,"Casa, 46.30 de área total, 46.30 de área privativa, 148.20 de área do terreno,  2 qto(s), a.serv, WC, 1 sala(s), cozinha.",50889.63,101000.0,49.62,Venda Online,,BELO JARDIM,PE,Não
8787702589245,"RUA WILLES SOARES TEIXEIRA, N. 12, LT 07 QD 13",EUNO ANDRADE DA SILVA,"Casa, 46.30 de área total, 46.30 de área privativa, 148.20 de área do terreno,  2 qto(s), a.serv, WC, 1 sala(s), cozinha.",46602.88,92000.0,49.35,Venda Direta Online,,BELO JARDIM,PE,Não
8787716740714,"RUA ROSELI MARIA DE LIRA SILVA, N. 156, QD 40 LT 22",EUNO ANDRADE DA SILVA,"Casa, 40.00 de área total, 40.00 de área privativa, 148.20 de área do terreno,  2 qto(s), a.serv, WC, 1 sala(s), cozinha, 1 vaga(s) de garagem.",47109.44,93000.0,49.35,Venda Direta Online,,BELO JARDIM,PE,Não
8787702393642,"RUA ERASMO PEREIRA DE ALBUQUERQUE, N. 108, LT02,QD12",EUNO ANDRADE DA SILVA,"Casa, 46.30 de área total, 46.30 de área privativa, 148.39 de área do terreno,  2 qto(s), a.serv, WC, 1 sala(s), cozinha.",63809.88,125891.54,49.32,Venda Direta Online,,BELO JARDIM,PE,Não
8787704517500,"RUA IVALDO BEZERRA DA SILVA, N. 52, LT 13, QD 20,",EUNO ANDRADE DA SILVA,"Casa, 46.30 de área total, 46.30 de área privativa, 148.20 de área do terreno,  2 qto(s), a.serv, WC, 1 sala(s), cozinha.",66445.1,130000.0,48.89,Venda Online,,BELO JARDIM,PE,Não
8787709713553,"RUA JOÃO DE MENEZES SÁ, N. 31, LOTE 19 QD 32",EUNO ANDRADE DA SILVA,"Casa, 46.30 de área total, 46.30 de área privativa, 148.20 de área do terreno,  2 qto(s), a.serv, WC, 1 sala(s), cozinha.",55799.75,108500.0,48.58,Venda Online,,BELO JARDIM,PE,Não
8787712996722,"RUA PROFESSORA CREMILDA XAVIER DE SOUZA, N. 295, LT 35 QD 46",EUNO ANDRADE DA SILVA,"Casa, 46.30 de área total, 46.30 de área privativa, 148.20 de área do terreno,  2 qto(s), a.serv, WC, 1 sala(s), cozinha.",55799.75,108500.0,48.58,Venda Online,,BELO JARDIM,PE,Não
8555520321076,"RUA JOÃO JOAQUIM DE MELO, N. S/N, LT 15, QD A",FLORESTA,"Casa, 78.90 de área total, 78.90 de área privativa, 130.00 de área do terreno,  3 qto(s), WC, 1 sala(s), cozinha.",67575.44,130000.0,48.02,Venda Direta Online,,BELO JARDIM,PE,Não
8444430629002,"RUA VALDECI FIGUEIRA DE ARAUJO, N. 112, QD H LT 17",LOT PORTAL KENNEDY I,"Casa, 85.59 de área total, 85.59 de área privativa, 189.00 de área do terreno,  2 qto(s), a.serv, WC, 1 sala(s), cozinha.",75863.93,143977.1,47.31,Venda Direta Online,,BELO JARDIM,PE,Não
8444433442337,"RUA FERNANDO MANOEL DOS SANTOS, N. 39,",EUNO ANDRADE DA SILVA,"Casa, 46.30 de área total, 46.30 de área privativa, 148.20 de área do terreno,  2 qto(s), a.serv, WC, 1 sala(s), cozinha.",56591.62,107065.7,47.15,Venda Direta Online,,BELO JARDIM,PE,Não
8444418387231,"RUA JOSE DE SOUZA BARBOSA, N. 112, LOT 04 B QD E",MORADA NOBRE,"Casa, 0.00 de área total, 65.15 de área privativa, 88.50 de área do terreno,  1 qto(s), WC, 1 sala(s), cozinha, Terraco.",62382.26,118000.0,47.14,Venda Online,,BELO JARDIM,PE,Não
8787707487939,"RUA OCILIA FERREIRA DE LIMA, N. 60, LT 15 QD 34 LOT VIANA E MOURA INHUMAS",EUNO ANDRADE DA SILVA,"Casa, 46.30 de área total, 46.30 de área privativa, 148.20 de área do terreno,  2 qto(s), a.serv, WC, 1 sala(s), cozinha.",67514.27,126000.0,46.42,Venda Online,,BELO JARDIM,PE,Não
8787716802213,"RUA ROSELI MARIA DE LIRA SILVA, N. 164, LT 20 QD 40",EUNO ANDRADE DA SILVA,"Casa, 50.18 de área total, 50.18 de área privativa, 125.02 de área do terreno,  2 qto(s), a.serv, WC, 1 sala(s), cozinha, 1 vaga(s) de garagem.",58465.46,107700.0,45.72,Venda Direta Online,,BELO JARDIM,PE,Não
8787717160126,"JOSE LUIZ DA SILVA, N. 24, QD43 LT 43 ANTIGA RUA PROJETADA Nº 33",EUNO ANDRADE DA SILVA,"Casa, 40.00 de área total, 40.00 de área privativa, 148.20 de área do terreno,  2 qto(s), a.serv, WC, 1 sala(s), cozinha, 1 vaga(s) de garagem.",58628.31,108000.0,45.72,Venda Direta Online,,BELO JARDIM,PE,Não
8787717365070,"RUA MANOEL ALVES DA SILVA IRMAO, N. 204, LT 10 QD 51",EUNO ANDRADE DA SILVA,"Casa, 40.00 de área total, 40.00 de área privativa, 148.20 de área do terreno,  2 qto(s), a.serv, WC, 1 sala(s), cozinha.",58722.85,108174.14,45.72,Venda Direta Online,,BELO JARDIM,PE,Não
8787718685982,"RUA JOSE LUIZ DA SILVA, N. 19, LT 05 QD 045",EUNO ANDRADE DA SILVA,"Casa, 40.00 de área total, 40.00 de área privativa, 205.30 de área do terreno,  2 qto(s), a.serv, WC, 1 sala(s), cozinha.",60799.73,112000.0,45.72,Venda Direta Online,,BELO JARDIM,PE,Não
8444416298797,"RUA  PROJETADA 01, N. SN, LT 05 QD D",BELO JARDIM-PE,"Casa, 52.50 de área total, 52.50 de área privativa, 140.00 de área do terreno,  2 qto(s), a.serv, WC, 1 sala(s), cozinha, 1 vaga(s) de garagem.",47977.34,87235.99,45.01,Venda Direta Online,,BELO JARDIM,PE,Não
8787716593347,"RUA ROSELI MARIA DE LIRA SILVA, N. 136, QD 40 LT 27 LOT VIANA E MOURA INHUMAS",EUNO ANDRADE DA SILVA,"Casa, 40.00 de área total, 40.00 de área privativa, 148.20 de área do terreno,  2 qto(s), a.serv, WC, 1 sala(s), cozinha, 1 vaga(s) de garagem.",53897.24,98000.0,45.01,Venda Direta Online,,BELO JARDIM,PE,Não
8787709713472,"RUA JOAO DE MENEZES SA, N. 44, LT 11 QD 31",EUNO ANDRADE DA SILVA,"Casa, 46.30 de área total, 46.30 de área privativa, 148.20 de área do terreno,  2 qto(s), a.serv, WC, 1 sala(s), cozinha.",73055.59,132753.67,44.97,Venda Direta Online,,BELO JARDIM,PE,Não
8787704940349,"RUA QUITERIA APARECIDA DA SILVA, N. 19, QD 22  LT 26",EUNO ANDRADE DA SILVA,"Casa, 46.30 de área total, 46.30 de área privativa, 148.20 de área do terreno,  2 qto(s), a.serv, WC, 1 sala(s), cozinha.",58499.74,105000.0,44.29,Venda Direta Online,,BELO JARDIM,PE,Não
8787711028510,"RUA PROFESSORA CREMILDA XAVIER DE SOUZA, N. 231, LT 07 QD 36",EUNO ANDRADE DA SILVA,"Casa, 46.30 de área total, 46.30 de área privativa, 148.20 de área do terreno,  2 qto(s), a.serv, WC, 1 sala(s), cozinha, 1 vaga(s) de garagem.",61285.44,110000.0,44.29,Venda Direta Online,,BELO JARDIM,PE,Não
8787715961229,"RUA ROSELI MARIA DE LIRA SILVA, N. 67, LT 17 QD 43",EUNO ANDRADE DA SILVA,"Casa, 40.00 de área total, 40.00 de área privativa, 148.20 de área do terreno,  2 qto(s), a.serv, WC, 1 sala(s), cozinha.",62399.72,112000.0,44.29,Venda Direta Online,,BELO JARDIM,PE,Não
8787717363892,"RUA JOAO PEDRO SOBRINHO, N. 27, LT 36 QD 51",EUNO ANDRADE DA SILVA,"Casa, 40.00 de área total, 40.00 de área privativa, 148.20 de área do terreno,  2 qto(s), a.serv, WC, 1 sala(s), cozinha.",64273.76,115000.0,44.11,Venda Direta Online,,BELO JARDIM,PE,Não
8444435371747,"RUA MARIA ANGELINA DE JESUS, N. 45, LOTE 11 QD H",EUNO ANDRADE DA SILVA,"Casa, 56.00 de área total, 56.00 de área privativa, 126.00 de área do terreno,  2 qto(s), a.serv, WC, 1 sala(s), cozinha, 1 vaga(s) de garagem.",93452.16,166000.0,43.71,Venda Direta Online,,BELO JARDIM,PE,Sim
8555537033214,"RUA FRANCISCO BARBOSA MACIEL FILHO, N. 47, QD 06 LT 41",EUNO ANDRADE DA SILVA,"Casa, 50.00 de área total, 50.00 de área privativa, 148.20 de área do terreno,  2 qto(s), WC, 1 sala(s), cozinha, 1 vaga(s) de garagem.",55372.04,98100.0,43.56,Venda Direta Online,,BELO JARDIM,PE,Não
8787700937688,"RUA JOÃO BENEDITO DA SILVA, N. 116, QD 06, LOTE 33",EUNO ANDRADE DA SILVA,"Casa, 50.00 de área total, 50.00 de área privativa, 148.20 de área do terreno,  2 qto(s), WC, 1 sala(s), cozinha, Terraco, 1 vaga(s) de garagem.",56444.48,100000.0,43.56,Venda Online,,BELO JARDIM,PE,Não
8555535631858,"RUA SEVERINO JOSE DA SILVA, N. 84, QD 46 LT 24",EUNO ANDRADE DA SILVA,"Casa, 0.00 de área total, 50.00 de área privativa, 190.53 de área do terreno,  2 qto(s), WC, 1 sala(s), cozinha, Terraco, 1 vaga(s) de garagem.",30150.81,53200.0,43.33,Venda Direta Online,,BELO JARDIM,PE,Não
8787711606548,"RUA JOSEFA FERREIRA DE BARROS DA SILVA, N. 31, LT08 QD39",EUNO ANDRADE DA SILVA,"Casa, 0.01 de área total, 50.18 de área privativa, 125.02 de área do terreno,  2 qto(s), a.serv, WC, 1 sala(s), cozinha.",61714.02,108000.0,42.86,Venda Direta Online,,BELO JARDIM,PE,Não
8444414466420,"RUA VICENTE PEDRO DA SILVA, N. SN, LT 39 QD R",COHAB-I,"Casa, 49.48 de área total, 49.48 de área privativa, 140.00 de área do terreno,  2 qto(s), a.serv, WC, 1 sala(s), cozinha, Terraco, 1 vaga(s) de garagem.",66619.02,116216.28,42.68,Licitação Aberta,,BELO JARDIM,PE,Não
8444433312450,"RUA MARIA ANUNCIADA DOS SANTOS, N. 122, QD B, LT 28",EUNO ANDRADE DA SILVA,"Casa, 56.00 de área total, 56.00 de área privativa, 126.00 de área do terreno,  2 qto(s), a.serv, WC, 1 sala(s), cozinha.",71654.14,125000.0,42.68,Venda Direta Online,,BELO JARDIM,PE,Não
8787705688988,"RUA NECI MARIA FERREIRA, N. 44, LT 11 QD 22",EUNO ANDRADE DA SILVA,"Casa, 46.30 de área total, 46.30 de área privativa, 148.20 de área do terreno,  1 qto(s), a.serv, WC, 1 sala(s), cozinha, 1 vaga(s) de garagem.",70507.67,123000.0,42.68,Venda Direta Online,,BELO JARDIM,PE,Não
8787707355722,"RUA IRACI ESTER DO CARMO, N. 08, LT 02 QD 33",EUNO ANDRADE DA SILVA,"Casa, 46.30 de área total, 46.30 de área privativa, 148.20 de área do terreno,  2 qto(s), a.serv, WC, 1 sala(s), cozinha.",71080.9,124000.0,42.68,Licitação Aberta,,BELO JARDIM,PE,Não
8787713969788,"RUA SEVERINO JOSE DA SILVA, N. 11, LT 08 QD 49",EUNO ANDRADE DA SILVA,"Casa, 46.30 de área total, 46.30 de área privativa, 192.01 de área do terreno,  2 qto(s), a.serv, WC, 1 sala(s), cozinha, Terraco.",65541.25,114336.12,42.68,Licitação Aberta,,BELO JARDIM,PE,Não
8444433682419,"RUA MICHEL LIBERATO, N. 20,",EUNO ANDRADE DA SILVA,"Casa, 50.00 de área total, 50.00 de área privativa, 148.20 de área do terreno,  2 qto(s), a.serv, WC, 1 sala(s), cozinha.",55576.11,96000.0,42.11,Venda Direta Online,,BELO JARDIM,PE,Não
8555532221870,"RUA JOAO LIMA LEITE, N. 35, QD 63 LT 30",EUNO ANDRADE DA SILVA,"Casa, 50.00 de área total, 50.00 de área privativa, 148.20 de área do terreno,  2 qto(s), WC, 1 sala(s), cozinha, Terraco, 1 vaga(s) de garagem.",49497.47,85500.0,42.11,Venda Direta Online,,BELO JARDIM,PE,Não
8787711004637,"RUA JOSE GERONIMO DA SILVA, N. 44, QD35 LT12",EUNO ANDRADE DA SILVA,"Casa, 0.00 de área total, 46.30 de área privativa, 148.20 de área do terreno,  1 qto(s), a.serv, WC, 1 sala(s), cozinha.",49208.01,85000.0,42.11,Venda Direta Online,,BELO JARDIM,PE,Não
8787711559159,"RUA JOSEFA FERREIRA DE BARROS, N. 07, LT 02 QD 39",EUNO ANDRADE DA SILVA,"Casa, 50.18 de área total, 50.18 de área privativa, 125.02 de área do terreno,  2 qto(s), a.serv, WC, 1 sala(s), cozinha, 1 vaga(s) de garagem.",57891.78,100000.0,42.11,Venda Direta Online,,BELO JARDIM,PE,Não
8787711862161,"RUA JOSEFA FERREIRA SOBRAL, N. 59, LOTE 3, QUADRA 46",EUNO ANDRADE DA SILVA,"Casa, 46.30 de área total, 46.30 de área privativa, 171.00 de área do terreno,  2 qto(s), a.serv, WC, 1 sala(s), cozinha, 1 vaga(s) de garagem.",54365.01,93908.0,42.11,Venda Online,,BELO JARDIM,PE,Não
8787718680859,"RUA JOSÉ LUIZ DA SILVA, N. 43, 4511LOTEAMENTO VIANA E MOURA INHUMAS",EUNO ANDRADE DA SILVA,"Casa, 40.00 de área total, 40.00 de área privativa, 288.07 de área do terreno,  2 qto(s), a.serv, WC, 1 sala(s), cozinha.",49208.01,85000.0,42.11,Venda Direta Online,,BELO JARDIM,PE,Não
8787718690633,"RUA JOSÉ LUIZ DA SILVA, N. 76, QD 43 LT 30",EUNO ANDRADE DA SILVA,"Casa, 40.00 de área total, 40.00 de área privativa, 148.20 de área do terreno,  2 qto(s), a.serv, WC, 1 sala(s), cozinha.",55932.54,96615.69,42.11,Venda Direta Online,,BELO JARDIM,PE,Não
8787714074032,"RUA SEBASTIAO GONCALVES TORRES, N. 31, QD 39 LT 45",EUNO ANDRADE DA SILVA,"Casa, 0.00 de área total, 50.18 de área privativa, 125.02 de área do terreno,  2 qto(s), WC, 1 sala(s), cozinha.",29045.53,50000.0,41.91,Licitação Aberta,,BELO JARDIM,PE,Não
8787716690334,"RUA ROSELI MARIA DE LIRA SILVA, N. 87, LT 22 QD 43",EUNO ANDRADE DA SILVA,"Casa, 40.00 de área total, 40.00 de área privativa, 148.20 de área do terreno,  2 qto(s), a.serv, WC, 1 sala(s), cozinha, 1 vaga(s) de garagem.",81964.82,140000.0,41.46,Venda Direta Online,,BELO JARDIM,PE,Não
8444420124323,"RUA FRANCISCO SOLOM DE LIMA, N. 638, LT 14, QD E, LOT PORTAL KENNEDY II",FLORESTA,"Casa, 75.36 de área total, 73.94 de área privativa, 126.60 de área do terreno,  3 qto(s), a.serv, WC, 1 sala(s), cozinha, Terraco.",92315.06,155781.13,40.75,Venda Direta Online,,BELO JARDIM,PE,Não
8444432915975,"RUA MARIA ANUNCIADA DOS SANTOS, N. 98, LOTE 22  QUADRA B",EUNO ANDRADE DA SILV,"Casa, 56.00 de área total, 56.00 de área privativa, 126.00 de área do terreno,  2 qto(s), a.serv, WC, 1 sala(s), cozinha, 1 vaga(s) de garagem.",97184.16,148161.8,34.41,Leilão SFI - Edital Único,,BELO JARDIM,PE,Não
8444416538380,"RUA SEVERINO FIDÉLIS, N. S/N, QD F, LT 07",JOSE MACIEL,"Casa, 0.00 de área total, 103.60 de área privativa, 230.17 de área do terreno,  3 qto(s), a.serv, WC, 1 sala(s), cozinha, 1 vaga(s) de garagem.",199000.0,199000.0,0.0,Venda Direta Online,,BELO JARDIM,PE,Sim
8787712174528,"RUA JOSEFA FERREIRA DE BARROS, N. 55,",EUNO ANDRADE DA SILVA,"Casa, 50.18 de área total, 50.18 de área privativa, 125.02 de área do terreno,  2 qto(s), a.serv, WC, 1 sala(s), cozinha, 1 vaga(s) de garagem.",145000.0,145000.0,0.0,Leilão SFI - Edital Único,,BELO JARDIM,PE,Não
8787715103826,"RUA SEBASTIAO BARBOSA DA SILVA, N. 84, LOTE 36 QUADRA 39",EUNO ANDRADE DA SILVA,"Casa, 50.18 de área total, 50.18 de área privativa, 125.02 de área do terreno,  2 qto(s), a.serv, WC, 1 sala(s), cozinha, 1 vaga(s) de garagem.",124239.69,100704.1,0.0,Leilão SFI - Edital Único,,BELO JARDIM,PE,Não
8787714459813,"RUA JOSEFA FERREIRA SOBRAL, N. 27,",EUNO ANDRADE DA SILVA,"Casa, 46.30 de área total, 46.30 de área privativa, 171.00 de área do terreno,  2 qto(s), a.serv, WC, 1 sala(s), cozinha.",115374.2,90779.57,0.0,Leilão SFI - Edital Único,,BELO JARDIM,PE,Não
8444419806521,"RUA  PROJETADA 10, N. SN, LT 16 QD 08",NOVO,"Casa, 0.00 de área total, 78.19 de área privativa, 200.00 de área do terreno,  2 qto(s), WC, 1 sala(s), sacada, cozinha, 1 vaga(s) de garagem.",48750.32,164396.82,70.35,Venda Direta Online,,BEZERROS,PE,Não
8444408329409,"RUA PROJETADA 05, N. 7, QD A",ENCRUZILHADA DE SAO JOAO,"Casa, 0.00 de área total, 67.15 de área privativa, 125.00 de área do terreno,  2 qto(s), a.serv, WC, 1 sala(s), cozinha, Terraco, 1 vaga(s) de garagem.",42628.41,120000.0,64.48,Venda Direta Online,,BEZERROS,PE,Não
8444422862275,"RUA PROJETADA 11, N. SN, UN 02 LT 13 QD 36",LOT BAIRRO NOVO,"Casa, 55.63 de área total, 55.63 de área privativa, 100.00 de área do terreno,  2 qto(s), a.serv, WC, 1 sala(s), cozinha, Terraco, 1 vaga(s) de garagem.",60712.55,114500.0,46.98,Venda Online,,BEZERROS,PE,Não
8444415869197,"R JOAO ANTONIO DE SALES, N. S/N, VIA LOCAL 9, LT 24, QD 9",NOSSA SENHORA APARECIDA,"Casa, 61.94 de área total, 61.94 de área privativa, 150.50 de área do terreno,  2 qto(s), a.serv, WC, 2 sala(s), cozinha.",65011.51,109000.0,40.36,Venda Direta Online,,BEZERROS,PE,Não
8444415238642,"AVENIDA  AQUILIO BERNARDO VIEIRA (ANTIGA RUA 2), N. 315, QDD LT04 A2 LOT ALTO SAO JOSE",SANTO AMARO,"Casa, 42.65 de área total, 42.65 de área privativa, 50.00 de área do terreno,  2 qto(s), a.serv, WC, 1 sala(s), cozinha, Terraco.",64415.08,108000.0,40.36,Venda Direta Online,,BEZERROS,PE,Não
8444408274361,"RUA PROJETADA 05, N. 01, QD A",ENCRUZILHADA DE SAO JOAO,"Casa, 67.15 de área total, 67.15 de área privativa, 125.00 de área do terreno,  2 qto(s), WC, 1 sala(s), cozinha, Terraco, 1 vaga(s) de garagem.",68797.93,115000.0,40.18,Venda Online,,BEZERROS,PE,Não
8555519105381,"RUA PROJETADA 01, N. SN, LOTE 06, QUADRA I",CENTRO,"Casa, 102.30 de área total, 102.30 de área privativa, 180.00 de área do terreno,  3 qto(s), a.serv, WC, 1 sala(s), cozinha, Terraco, 1 vaga(s) de garagem.",55255.75,91494.0,39.61,Venda Direta Online,,BEZERROS,PE,Não
10286376,"SÍTIO PEDRA DOS PERDÕES, N. 00, SERRA NEGRA - SÍTIO PEDRA DA CRUZ",ZONA RURAL,"Imóvel rural, 0.00 de área total, 0.00 de área privativa, 17255.00 de área do terreno.",694672.59,1090000.0,36.27,Venda Online,,BEZERROS,PE,Não
8444402170882,"PRAÇA MESTRE GADELHA, N. 6,",CENTRO,"Casa, 112.00 de área total, 112.00 de área privativa, 133.00 de área do terreno.",101904.73,165000.0,38.24,Venda Direta Online,,BOM CONSELHO,PE,Não
8555524601243,"RUA PROJETADA, N. 114, LT10, QD F",SAO DOMINGOS,"Casa, 50.00 de área total, 50.00 de área privativa, 148.20 de área do terreno,  2 qto(s), WC, 1 sala(s), cozinha, Terraco.",59424.49,145000.0,59.02,Venda Direta Online,,BREJO DA MADRE DE DEUS,PE,Não
8444415406766,"RUA PROJETADA 39, N. 114B, CS 03 QD M LT 31C",SAO DOMINGOS,"Casa, 73.80 de área total, 73.80 de área privativa, 82.80 de área do terreno,  2 qto(s), a.serv, WC, 1 sala(s), cozinha, Terraco.",70905.12,141000.0,49.72,Venda Direta Online,,BREJO DA MADRE DE DEUS,PE,Não
8555526176493,"RUA PROJETADA, N. 115, LOTE 49 QUADRA  H",SAO DOMINGOS,"Casa, 50.00 de área total, 50.00 de área privativa, 148.20 de área do terreno,  2 qto(s), a.serv, WC, 1 sala(s), cozinha, Terraco.",61135.3,118500.0,48.41,Venda Direta Online,,BREJO DA MADRE DE DEUS,PE,Não
8444416729658,"RUA PROJETADA 33, N. 320, LOTE 23 QUADRA S",SAO DOMINGOS,"Casa, 47.95 de área total, 47.95 de área privativa, 95.95 de área do terreno,  2 qto(s), a.serv, WC, 1 sala(s), cozinha.",47934.39,92000.0,47.9,Venda Direta Online,,BREJO DA MADRE DE DEUS,PE,Não
8444419806920,"RUA PROJETADA 30, N. 209-C, CS04, LT01",SAO DOMINGOS,"Casa, 56.25 de área total, 56.25 de área privativa, 105.00 de área do terreno,  2 qto(s), a.serv, WC, 1 sala(s), cozinha, Terraco.",58628.31,108000.0,45.72,Venda Direta Online,,BREJO DA MADRE DE DEUS,PE,Não
8444418764930,"RUA PROJETADA 02, N. 29, LT 01 QD D",LOT SANTA IRACEMA,"Casa, 51.77 de área total, 51.77 de área privativa, 126.00 de área do terreno,  2 qto(s), WC, 1 sala(s), cozinha, Terraco, 1 vaga(s) de garagem.",102000.0,102000.0,0.0,Leilão SFI - Edital Único,,BUENOS AIRES,PE,Não
1444413776622,"RUA JABOATAO DOS GUARARAPES, N. 210, Apto 102, LT 02 QD C21",LOT CIDADE GUARAPU,"Apartamento, 95.10 de área total, 89.56 de área privativa, 0.00 de área do terreno,  2 qto(s), varanda, a.serv, WC, 1 sala(s), cozinha.",232536.8,170000.0,0.0,Leilão SFI - Edital Único,,CABO DE SANTO AGOSTINHO,PE,Não
8787718394210,"RUA MARIA AMALIA NOGUEIRA, N. 121, Apto 204, BL23 PAV02 LTC1A",CELEIRO DAS ALEGRIAS FUTURAS,"Apartamento, 96.04 de área total, 41.79 de área privativa, 0.00 de área do terreno,  2 qto(s), a.serv, WC, 1 sala(s), cozinha.",76622.48,172400.0,55.56,Venda Direta Online,,CAMARAGIBE,PE,Sim
8787715308380,"RUA MARIA AMALIA NOGUEIRA, N. 121, Apto 301, BL 10",CELEIRO DAS ALEGRIAS FUTURAS,"Apartamento, 96.04 de área total, 41.79 de área privativa, 0.00 de área do terreno,  2 qto(s), a.serv, WC, 1 sala(s), cozinha.",81644.5,180348.67,54.73,Venda Online,,CAMARAGIBE,PE,Sim
8787715279282,"RUA MARIA AMALIA NOGUEIRA, N. 121, Apto 402, BL 17, 4º PAV",CELEIRO DAS ALEGRIAS FUTURAS,"Apartamento, 96.04 de área total, 41.79 de área privativa, 0.00 de área do terreno,  2 qto(s), a.serv, WC, 1 sala(s), cozinha.",78957.24,166549.87,52.6,Venda Direta Online,,CAMARAGIBE,PE,Não
8787716584763,"RUA MARIA AMALIA NOGUEIRA, N. 121, Apto 04, BL 23",CELEIRO DAS ALEGRIAS FUTURAS,"Apartamento, 0.00 de área total, 41.79 de área privativa, 0.00 de área do terreno,  2 qto(s), WC, 1 sala(s), cozinha.",82463.0,171441.6,51.91,Venda Direta Online,,CAMARAGIBE,PE,Sim
8787711859950,"RUA MARIA AMALIA NOGUEIRA, N. 121, Apto 104, BL 05",CELEIRO DAS ALEGRIAS FUTURAS,"Apartamento, 96.04 de área total, 41.79 de área privativa, 0.00 de área do terreno,  2 qto(s), WC, 1 sala(s), cozinha, 1 vaga(s) de garagem.",90904.64,185125.35,50.9,Venda Direta Online,,CAMARAGIBE,PE,Sim
8787716160718,"RUA MARIA AMALIA NOGUEIRA, N. 121, Apto 403, BL 17, 4º PAV",CELEIRO DAS ALEGRIAS FUTURAS,"Apartamento, 96.04 de área total, 41.79 de área privativa, 0.00 de área do terreno,  2 qto(s), a.serv, WC, 1 sala(s), cozinha.",73153.6,147000.0,50.24,Venda Direta Online,,CAMARAGIBE,PE,Não
8787716947874,"RUA MARIA AMALIA NOGUEIRA, N. 121, Apto 403, BL21 PAV04 LTC1A",CELEIRO DAS ALEGRIAS FUTURAS,"Apartamento, 96.04 de área total, 41.79 de área privativa, 0.00 de área do terreno,  2 qto(s), WC, 1 sala(s), cozinha.",69670.09,140000.0,50.24,Venda Online,,CAMARAGIBE,PE,Não
8787713813702,"RUA MARIA AMALIA NOGUEIRA, N. 121, Apto 404, BL 08",CELEIRO DAS ALEGRIAS FUTURAS,"Apartamento, 96.05 de área total, 41.79 de área privativa, 0.00 de área do terreno,  2 qto(s), a.serv, WC, 1 sala(s), cozinha, 1 vaga(s) de garagem.",84259.24,165444.0,49.08,Venda Direta Online,,CAMARAGIBE,PE,Sim
8787716875300,"RUA MARIA AMALIA NOGUEIRA, N. 121, Apto 03, BL 23 TERREO",CELEIRO DAS ALEGRIAS FUTURAS,"Apartamento, 96.04 de área total, 41.79 de área privativa, 0.00 de área do terreno,  2 qto(s), a.serv, WC, 2 sala(s), cozinha.",86579.57,170000.0,49.08,Venda Direta Online,,CAMARAGIBE,PE,Sim
8787703525844,"AVENIDA DOUTOR LUIZ DE ANDRADE LIMA NETO, N. 357, Apto 101, BL 17",ALBERTO MAIA,"Apartamento, 65.41 de área total, 41.67 de área privativa, 0.00 de área do terreno,  2 qto(s), a.serv, WC, 1 sala(s), cozinha.",75889.91,148141.44,48.78,Venda Online,,CAMARAGIBE,PE,Não
8787704114651,"AV DR LUIZ DE ANDRADE LIMA NETO, N. 357, Apto 402, BL13",ALBERTO MAIA,"Apartamento, 65.41 de área total, 41.67 de área privativa, 0.00 de área do terreno,  2 qto(s), a.serv, WC, 1 sala(s), cozinha.",74280.62,145000.0,48.78,Venda Direta Online,,CAMARAGIBE,PE,Não
8787712462523,"RUA MARIA AMALIA NOGUEIRA, N. 121, Apto 401, BL 14",CELEIRO DAS ALEGRIAS FUTURAS,"Apartamento, 96.04 de área total, 41.79 de área privativa, 0.00 de área do terreno,  2 qto(s), WC, 1 sala(s), cozinha, 1 vaga(s) de garagem.",97612.78,190000.0,48.63,Venda Direta Online,,CAMARAGIBE,PE,Sim
1444402772949,"RUA JOAQUIM CAVALCANTE DE SANTANA, N. 279, ANTIGO 233",BAIRRO NOVO DO CARMELO,"Casa, 276.00 de área total, 72.20 de área privativa, 276.00 de área do terreno,  3 qto(s), a.serv, WC, 1 sala(s), cozinha, Terraco, 1 vaga(s) de garagem.",233554.23,450000.0,48.1,Venda Direta Online,,CAMARAGIBE,PE,Sim
8787717879058,"RUA MARIA AMALIA NOGUEIRA, N. 121, Apto 403, BL 23",CELEIRO DAS ALEGRIAS FUTURAS,"Apartamento, 96.05 de área total, 41.79 de área privativa, 0.00 de área do terreno,  2 qto(s), WC, 1 sala(s), cozinha.",98786.44,190000.0,48.01,Venda Direta Online,,CAMARAGIBE,PE,Sim
8787700410019,"AVENIDA DOUTOR LUIZ DE ANDRADE LIMA NETO, N. 297, Apto 403, BL 17",ALBERTO MAIA,"Apartamento, 64.92 de área total, 41.67 de área privativa, 0.00 de área do terreno,  2 qto(s), WC, 1 sala(s), cozinha, 1 vaga(s) de garagem.",77084.5,142339.65,45.85,Venda Direta Online,,CAMARAGIBE,PE,Não
8787714329219,"RUA MARIA AMALIA NOGUEIRA, N. 121, Apto 304, BL09",CELEIRO DAS ALEGRIAS FUTURAS,"Apartamento, 96.04 de área total, 41.79 de área privativa, 0.00 de área do terreno,  2 qto(s), WC, 1 sala(s), cozinha.",78525.22,145000.0,45.85,Venda Direta Online,,CAMARAGIBE,PE,Não
8787711140042,"TRAVESSA DOUTOR LUIZ DE ANDRADE LIMA NET, N. 90, Apto 304, PAV 3 BL 03",ALBERTO MAIA,"Apartamento, 41.47 de área total, 41.47 de área privativa, 0.00 de área do terreno,  2 qto(s), a.serv, WC, 1 sala(s), cozinha.",100634.85,185000.0,45.61,Venda Direta Online,,CAMARAGIBE,PE,Não
8444408751275,"RUA RESENDE, N. 39, Apto 403, BL 01",NAZARE,"Apartamento, 46.75 de área total, 43.14 de área privativa, 0.00 de área do terreno,  2 qto(s), a.serv, WC, 1 sala(s), cozinha.",84611.52,154000.0,45.06,Venda Direta Online,,CAMARAGIBE,PE,Sim
8787712341335,"RUA MARIA AMALIA NOGUEIRA, N. 121, Apto 103, BL 12",CELEIRO DAS ALEGRIAS FUTURAS,"Apartamento, 96.04 de área total, 41.79 de área privativa, 0.00 de área do terreno,  2 qto(s), a.serv, WC, 1 sala(s), cozinha.",83582.53,150277.0,44.39,Venda Direta Online,,CAMARAGIBE,PE,Sim
8787706009502,"VIA COLETORA 02, N. 143, Apto 002, BL C LT 1 QD 03",SANTA MONICA,"Apartamento, 80.96 de área total, 47.94 de área privativa, 0.00 de área do terreno,  2 qto(s), varanda, WC, 1 sala(s), cozinha, 1 vaga(s) de garagem.",105107.5,188000.0,44.1,Venda Online,,CAMARAGIBE,PE,Não
8787701913456,"AVENIDA DOUTOR LUIZ DE ANDRADE LIMA NETO, N. 357, Apto 103, BL 05 AREA 02",ALBERTO MAIA,"Apartamento, 65.41 de área total, 41.67 de área privativa, 0.00 de área do terreno,  2 qto(s), WC, 1 sala(s), cozinha.",77777.6,134267.58,42.08,Venda Direta Online,,CAMARAGIBE,PE,Não
8787702494147,"AVENIDA DOUTOR LUIZ DE ANDRADE LIMA NETO, N. 357, Apto 302, BL 09",ALBERTO MAIA,"Apartamento, 65.41 de área total, 41.67 de área privativa, 0.00 de área do terreno,  2 qto(s), WC, 1 sala(s), cozinha, 1 vaga(s) de garagem.",75884.78,131000.0,42.08,Venda Direta Online,,CAMARAGIBE,PE,Não
8787712129530,"RUA MARIA AMALIA NOGUEIRA, N. 121, Apto 104, BL 12 PAV 1",CELEIRO DAS ALEGRIAS FUTURAS,"Apartamento, 96.04 de área total, 41.79 de área privativa, 0.00 de área do terreno,  2 qto(s), a.serv, WC, 1 sala(s), cozinha.",77622.6,134000.0,42.08,Venda Direta Online,,CAMARAGIBE,PE,Não
8787712714506,"RUA MARIA AMALIA NOGUEIRA, N. 121, Apto 01, APTO-PNE, BL 09, PAV TÉRREO, LT C-1-A",CELEIRO DAS ALEGRIAS FUTURAS,"Apartamento, 96.04 de área total, 41.79 de área privativa, 0.00 de área do terreno,  1 qto(s), WC, 1 sala(s), cozinha.",78781.14,136000.0,42.08,Venda Online,,CAMARAGIBE,PE,Não
8787715532590,"RUA MARIA AMALIA NOGUEIRA, N. 121, Apto 02, BLOCO 21, TÉRREO",CELEIRO DAS ALEGRIAS FUTURAS,"Apartamento, 96.04 de área total, 41.79 de área privativa, 0.00 de área do terreno,  2 qto(s), WC, 1 sala(s), cozinha.",77949.2,134563.82,42.08,Venda Direta Online,,CAMARAGIBE,PE,Não
8787701068276,"AVENIDA DOUTOR LUIZ DE ANDRADE LIMA NETO, N. 297, Apto 304, BL 34",ALBERTO MAIA,"Apartamento, 64.92 de área total, 41.67 de área privativa, 0.00 de área do terreno,  2 qto(s), a.serv, WC, 1 sala(s), cozinha, 1 vaga(s) de garagem.",84306.67,144000.0,41.46,Venda Direta Online,,CAMARAGIBE,PE,Não
8787701740446,"AVENIDA DOUTOR LUIZ DE ANDRADE LIMA NETO, N. 357, Apto 401, BL 06",ALBERTO MAIA,"Apartamento, 65.41 de área total, 41.67 de área privativa, 0.00 de área do terreno,  2 qto(s), WC, 1 sala(s), cozinha.",81964.82,140000.0,41.46,Venda Direta Online,,CAMARAGIBE,PE,Não
8787706406005,"AVENIDA DOUTOR LUIZ DE ANDRADE LIMA NETO, N. 357, Apto 201, BL 32",ALBERTO MAIA,"Apartamento, 65.41 de área total, 41.67 de área privativa, 0.00 de área do terreno,  2 qto(s), WC, 1 sala(s), cozinha.",88990.38,152000.0,41.46,Venda Direta Online,,CAMARAGIBE,PE,Não
8444433075016,"RUA RESENDE, N. 39, Apto 103, BL 4 TP B",NAZARE,"Apartamento, 46.75 de área total, 43.14 de área privativa, 0.00 de área do terreno,  2 qto(s), a.serv, WC, 1 sala(s), cozinha, 1 vaga(s) de garagem.",81964.82,140000.0,41.46,Licitação Aberta,,CAMARAGIBE,PE,Não
8787713805785,"RUA MARIA AMALIA NOGUEIRA, N. SN, Apto 403, BL 4",CELEIRO DAS ALEGRIAS FUTURAS,"Apartamento, 0.00 de área total, 41.79 de área privativa, 0.00 de área do terreno,  2 qto(s), a.serv, WC, 1 sala(s), cozinha.",87819.45,150000.0,41.46,Venda Direta Online,,CAMARAGIBE,PE,Não
8787714412248,"RUA MARIA AMALIA NOGUEIRA, N. 121, Apto 402, BL 07",CELEIRO DAS ALEGRIAS FUTURAS,"Apartamento, 96.04 de área total, 41.79 de área privativa, 0.00 de área do terreno,  2 qto(s), WC, 1 sala(s), cozinha, 1 vaga(s) de garagem.",87819.45,150000.0,41.46,Venda Direta Online,,CAMARAGIBE,PE,Não
8787714565893,"RUA MARIA AMALIA NOGUEIRA, N. 121, Apto 02, BL 13 PV TERREO",CELEIRO DAS ALEGRIAS FUTURAS,"Apartamento, 96.04 de área total, 41.79 de área privativa, 0.00 de área do terreno,  2 qto(s), WC, 1 sala(s), cozinha.",88404.91,151000.0,41.46,Venda Direta Online,,CAMARAGIBE,PE,Não
8787702393197,"RUA BARAO DE SAO FRANCISCO, N. 186, Apto 404,  BL 02 VAGA 33",ALBERTO MAIA,"Apartamento, 50.72 de área total, 42.54 de área privativa, 0.00 de área do terreno,  2 qto(s), a.serv, WC, 1 sala(s), cozinha, 1 vaga(s) de garagem.",100741.08,170000.0,40.75,Venda Direta Online,,CAMARAGIBE,PE,Não
8787704116964,"VIA COLETORA 01, N. 73, Apto 109, BL A",SANTA MONICA,"Apartamento, 78.27 de área total, 45.08 de área privativa, 0.00 de área do terreno,  2 qto(s), varanda, a.serv, WC, 1 sala(s), cozinha.",108444.81,183000.0,40.75,Licitação Aberta,,CAMARAGIBE,PE,Não
8787707511201,"VIA COLETORA 02, N. 143, Apto 03, BL C",SANTA MONICA,"Apartamento, 83.67 de área total, 50.23 de área privativa, 0.00 de área do terreno,  2 qto(s), WC, 1 sala(s), cozinha, 1 vaga(s) de garagem.",106074.43,179000.0,40.75,Licitação Aberta,,CAMARAGIBE,PE,Não
8444419624601,"RUA RUI BARBOSA, N. 590, CASA 155",JARDIM PRIMAVERA,"Casa, 60.00 de área total, 60.00 de área privativa, 102.00 de área do terreno,  3 qto(s), a.serv, WC, 1 sala(s), cozinha, Terraco, 1 vaga(s) de garagem.",110621.14,185000.0,40.21,Venda Direta Online,,CAMARAGIBE,PE,Sim
8158300009897,"RUA RUI BARBOSA, N. 590, CS 149",JARDIM PRIMAVERA,"Casa, 60.00 de área total, 60.00 de área privativa, 102.00 de área do terreno,  3 qto(s), a.serv, WC, 1 sala(s), cozinha, Terraco.",81578.19,135000.0,39.58,Venda Direta Online,,CAMARAGIBE,PE,Não
8787703583593,"AVENIDA DOUTOR LUIZ DE ANDRADE LIMA NETO, N. 357, Apto 401, BL 18",ALBERTO MAIA,"Apartamento, 65.41 de área total, 41.67 de área privativa, 0.00 de área do terreno,  2 qto(s), WC, 1 sala(s), cozinha.",114838.57,190000.0,39.56,Venda Direta Online,,CAMARAGIBE,PE,Não
8787710461538,"TRAVESSA DOUTOR LUIZ DE ANDRADE LIMA NETO, N. 90, Apto 101, BL 03",ALBERTO MAIA,"Apartamento, 57.56 de área total, 40.57 de área privativa, 0.00 de área do terreno,  1 qto(s), a.serv, WC, 1 sala(s), cozinha.",111816.5,185000.0,39.56,Venda Direta Online,,CAMARAGIBE,PE,Não
8555501619618,"AVENIDA DOUTOR BELMINO CORREIA, N. 3979, Apto 102, BL 19",SANTA MONICA,"Apartamento, 49.88 de área total, 49.88 de área privativa, 0.00 de área do terreno,  2 qto(s), a.serv, WC, 1 sala(s), cozinha, 1 vaga(s) de garagem.",119673.87,198000.0,39.56,Venda Direta Online,,CAMARAGIBE,PE,Não
8787706084180,"VIA COLETORA 02, N. 143, Apto 05, PAVIMENTO TERREO BL A",SANTA MONICA,"Apartamento, 81.49 de área total, 48.39 de área privativa, 0.00 de área do terreno,  2 qto(s), WC, 1 sala(s), cozinha, 1 vaga(s) de garagem.",116047.39,192000.0,39.56,Venda Direta Online,,CAMARAGIBE,PE,Não
8787711853863,"RUA MARIA AMALIA NOGUEIRA, N. 121, Apto 04, BL 10, PAV TÉRREO, LT C-1-A",CELEIRO DAS ALEGRIAS FUTURAS,"Apartamento, 96.04 de área total, 41.79 de área privativa, 0.00 de área do terreno,  2 qto(s), WC, 1 sala(s), cozinha.",111816.5,185000.0,39.56,Venda Online,,CAMARAGIBE,PE,Não
8787715634295,"RUA MARIA AMALIA NOGUEIRA, N. 121, Apto 404, BLOCO 19, 4º PAVIMENTO",CELEIRO DAS ALEGRIAS FUTURAS,"Apartamento, 96.04 de área total, 41.79 de área privativa, 0.00 de área do terreno,  2 qto(s), WC, 1 sala(s), cozinha.",114234.15,189000.0,39.56,Venda Direta Online,,CAMARAGIBE,PE,Não
8787702401211,"RUA BARAO DE SAO FRANCISCO, N. 186, Apto 503, BL 6 VG 196 PV 5",ALBERTO MAIA,"Apartamento, 66.63 de área total, 46.46 de área privativa, 0.00 de área do terreno,  2 qto(s), a.serv, WC, 1 sala(s), cozinha, 1 vaga(s) de garagem.",200000.0,190000.0,0.0,Leilão SFI - Edital Único,,CAMARAGIBE,PE,Não
8787706033314,"VIA COLETORA 01, N. 73, Apto 107, 1° PAVIMENTO  BLOCO A",SANTA MONICA,"Apartamento, 78.27 de área total, 45.08 de área privativa, 0.00 de área do terreno,  2 qto(s), WC, 1 sala(s), cozinha, 1 vaga(s) de garagem.",180000.0,167000.0,0.0,Leilão SFI - Edital Único,,CAMARAGIBE,PE,Não
8444425731619,"RUA GENERAL VENCESLAU BRAZ, N. 193, Apto AP303, BL J",ALBERTO MAIA,"Apartamento, 56.50 de área total, 45.56 de área privativa, 0.00 de área do terreno,  2 qto(s), a.serv, WC, 1 sala(s), cozinha, 1 vaga(s) de garagem.",170000.0,140000.0,0.0,Leilão SFI - Edital Único,,CAMARAGIBE,PE,Não
8787707842658,"TRAVESSA DR. LUIZ DE A. LIMA NETO, N. 90, Apto AP 10, BL 5",ALBERTO MAIA,"Apartamento, 57.56 de área total, 40.57 de área privativa, 0.00 de área do terreno,  2 qto(s), WC, 1 sala(s), cozinha.",200000.0,151350.0,0.0,Leilão SFI - Edital Único,,CAMARAGIBE,PE,Não
8787713347426,"AVENIDA DOUTOR LUIZ DE ANDRADE LIMA NETO, N. 502, Apto 003, BL 8 EDF. INGÁ",ALBERTO MAIA,"Apartamento, 47.40 de área total, 42.82 de área privativa, 0.00 de área do terreno,  2 qto(s), a.serv, WC, 1 sala(s), cozinha, 1 vaga(s) de garagem.",210000.0,152600.0,0.0,Leilão SFI - Edital Único,,CAMARAGIBE,PE,Não
8444410330800,"RUA PROJETADA 03, N. 20, CS 02 ST 01 QD 003 LT 0001-A",LOT SAO JOSE,"Casa, 62.25 de área total, 62.25 de área privativa, 114.61 de área do terreno,  2 qto(s), a.serv, WC, 1 sala(s), cozinha, Terraco, 1 vaga(s) de garagem.",118976.63,125000.0,4.82,Leilão SFI - Edital Único,,CAMUTANGA,PE,Não
8444410392759,"RUA PROJETADA 03, N. 20, CASA 04B LOTE 01 A QUADRA 003 SETOR 01",LOT SAO JOSE,"Casa, 62.25 de área total, 62.25 de área privativa, 114.61 de área do terreno,  2 qto(s), a.serv, WC, 1 sala(s), cozinha, Terraco, 1 vaga(s) de garagem.",140286.63,125000.0,0.0,Leilão SFI - Edital Único,,CAMUTANGA,PE,Não
8444401458769,"TRAVESSA BENJAMIN CONSTANT, N. 32,",CENTRO,"Casa, 98.40 de área total, 98.40 de área privativa, 146.88 de área do terreno,  3 qto(s), a.serv, WC, 1 sala(s), cozinha, Terraco, 1 vaga(s) de garagem.",90000.0,90000.0,0.0,Leilão SFI - Edital Único,,CANHOTINHO,PE,Não
8444413814638,"RUA PROJETADA, N. 35,",CENTRO,"Casa, 80.90 de área total, 80.90 de área privativa, 200.00 de área do terreno,  3 qto(s), a.serv, WC, 1 sala(s), cozinha, 1 vaga(s) de garagem.",57891.78,100000.0,42.11,Venda Online,,CAPOEIRAS,PE,Não
8444406707422,"RUA PROJETADA, N. 13, SN,",BAIRRO ASA BRANCA,"Casa, 0.00 de área total, 72.00 de área privativa, 120.00 de área do terreno,  2 qto(s), a.serv, WC, 1 sala(s), cozinha, 1 vaga(s) de garagem.",43835.8,100594.16,56.43,Venda Direta Online,,CARNAIBA,PE,Não
8444406664529,"RUA PROJETADA, N. SN, CS 19",MARGEM DIREITA PE320,"Casa, 0.00 de área total, 72.00 de área privativa, 120.00 de área do terreno,  2 qto(s), a.serv, WC, 1 sala(s), cozinha.",62982.62,110220.06,42.86,Venda Direta Online,,CARNAIBA,PE,Não
8004900004599,"1º TRAVESSA VALE DAS PALMEIRAS, N. 1, IPSEP",VILA IPSEP,"Casa, 0.00 de área total, 52.26 de área privativa, 105.80 de área do terreno.",45205.23,111000.0,59.28,Venda Direta Online,,CARPINA,PE,Não
8444410447421,"RUA DAS ALGAROBAS (ANTIGA RUA PROJETADA), N. S/N, LOT 20  QD M",SAO JOSE,"Casa, 73.20 de área total, 73.20 de área privativa, 125.00 de área do terreno,  2 qto(s), WC, 1 sala(s), cozinha, Terraco.",56520.78,116000.0,51.28,Venda Online,,CARPINA,PE,Não
8444404859110,"QUADRA CM, N. 0, LT 03",BAIRRO NOVO,"Casa, 63.39 de área total, 63.39 de área privativa, 125.00 de área do terreno,  2 qto(s), WC, 1 sala(s), cozinha, Terraco.",46255.52,94000.0,50.8,Venda Online,,CARPINA,PE,Não
8444415765863,"RUA PROJETADA 02, N. 171",SANTO ANTONIO,"Casa, 0.00 de área total, 75.96 de área privativa, 127.80 de área do terreno,  3 qto(s), a.serv, WC, 1 sala(s), cozinha, Terraco.",64649.29,130000.0,50.27,Venda Direta Online,,CARPINA,PE,Não
8444431010570,"VIA LOCAL 06, N. 104, CS 01 LT 22",SANTO ANTONIO,"Casa, 48.25 de área total, 48.25 de área privativa, 140.00 de área do terreno,  2 qto(s), a.serv, WC, 1 sala(s), cozinha.",75430.98,150000.0,49.72,Venda Direta Online,,CARPINA,PE,Não
8444404501606,"RUA TAMARINDOS, N. SN, QD N,  LT 03",SAO JOSE,"Casa, 0.00 de área total, 63.80 de área privativa, 109.31 de área do terreno,  3 qto(s), a.serv, WC, 1 sala(s), cozinha, Terraco.",56402.37,110000.0,48.73,Venda Online,,CARPINA,PE,Não
8444420689827,"TRAVESSA JAIME VICENTE PEREIRA FILHO, N. 28,",BAIRRO NOVO,"Casa, 77.27 de área total, 77.27 de área privativa, 130.00 de área do terreno,  2 qto(s), a.serv, WC, 1 sala(s), cozinha, Terraco.",88984.56,170000.0,47.66,Venda Online,,CARPINA,PE,Não
8555533398560,"RUA DAS LARANJEIRAS, N. SN, Apto 10, BL A",Florestinha,"Apartamento, 58.46 de área total, 54.14 de área privativa, 0.00 de área do terreno,  2 qto(s), a.serv, WC, 1 sala(s), cozinha, 1 vaga(s) de garagem.",61507.91,116000.0,46.98,Venda Direta Online,,CARPINA,PE,Não
8555535718805,"RUA PROJETADA 9, N. SN, LT 09 QD G",Lot Raio de Luz,"Casa, 65.93 de área total, 65.93 de área privativa, 133.20 de área do terreno,  2 qto(s), a.serv, WC, 1 sala(s), cozinha, Terraco.",90666.97,170000.0,46.67,Venda Direta Online,,CARPINA,PE,Sim
8444405223103,"RUA BENEDITA FERREIRA LIMA, N. SN, LT 47-A QD EU",BAIRRO NOVO,"Casa, 70.64 de área total, 70.64 de área privativa, 130.47 de área do terreno,  3 qto(s), a.serv, WC, 1 sala(s), cozinha, Terraco.",75817.45,140000.0,45.85,Venda Direta Online,,CARPINA,PE,Não
8444436381347,"RUA JOAQUIM GONCALVES GUERRA (FUTURO RESIDENCE), N. 67, CS 02",SANTO ANTONIO,"Casa, 0.00 de área total, 48.25 de área privativa, 140.00 de área do terreno,  2 qto(s), a.serv, WC, 1 sala(s), cozinha.",79066.78,146000.0,45.85,Venda Direta Online,,CARPINA,PE,Não
8444401878326,"RUA PROJETADA 02, N. SN, QD B LT 11",CAJA,"Casa, 65.29 de área total, 65.29 de área privativa, 135.00 de área do terreno,  2 qto(s), a.serv, WC, 1 sala(s), cozinha, Terraco.",77376.39,137000.0,43.53,Venda Direta Online,,CARPINA,PE,Não
8444434815650,"VIA LOCAL 06, N. 140, CS 02 LOT VALLE DO EDEN",SANTO ANTONIO,"Casa, 48.25 de área total, 48.25 de área privativa, 70.00 de área do terreno,  2 qto(s), a.serv, WC, 1 sala(s), cozinha.",75117.23,133000.0,43.53,Venda Online,,CARPINA,PE,Não
8555534897749,"RUA DAS LARANJEIRAS, N. SN, Apto 09, BL D",SAO JOSE,"Apartamento, 58.46 de área total, 54.14 de área privativa, 0.00 de área do terreno,  2 qto(s), a.serv, WC, 1 sala(s), cozinha, 1 vaga(s) de garagem.",63171.16,110550.0,42.86,Venda Direta Online,,CARPINA,PE,Não
8444436030960,"RUA JOSE ADEMAR DE LIRA, N. 167, LOTEAMENTO CASA NOVA II",SAO JOSE,"Casa, 48.15 de área total, 48.15 de área privativa, 108.40 de área do terreno,  2 qto(s), a.serv, WC, 1 sala(s), cozinha.",65348.57,114000.0,42.68,Licitação Aberta,,CARPINA,PE,Não
8444403596530,"RUA PROJETADA, N. 01, LT 09, QD F, LOT SANTA LÚCIA",SANTO ANTONIO,"Casa, 68.32 de área total, 68.32 de área privativa, 125.00 de área do terreno,  2 qto(s), a.serv, WC, 1 sala(s), cozinha, Terraco.",71654.14,125000.0,42.68,Venda Online,,CARPINA,PE,Não
8444401754147,"RUA DAS LARANJEIRAS QD III, N. 32,",SAO JOSE,"Casa, 0.00 de área total, 54.59 de área privativa, 128.70 de área do terreno,  3 qto(s), varanda, a.serv, WC, 2 sala(s), cozinha.",77043.32,133000.0,42.08,Venda Direta Online,,CARPINA,PE,Não
8444432859536,"VIA LOCAL 04, N. 54, LT 18 QD C",SANTO ANTONIO,"Casa, 64.28 de área total, 64.28 de área privativa, 100.00 de área do terreno,  2 qto(s), a.serv, WC, 1 sala(s), cozinha.",75305.5,130000.0,42.08,Licitação Aberta,,CARPINA,PE,Não
8444403281637,"RUA PROJETADA, N. SN, ÁREA DESMEMBRADA DO LT 08 QDF",ANTONIO,"Casa, 68.32 de área total, 68.32 de área privativa, 126.01 de área do terreno,  2 qto(s), a.serv, WC, 1 sala(s), cozinha, Terraco.",83135.75,142000.0,41.46,Venda Direta Online,,CARPINA,PE,Não
8444419098063,"R PROJETADA 02, N. 23, UNID 2, QD C, LT 14",SENZALA,"Casa, 91.50 de área total, 91.50 de área privativa, 63.71 de área do terreno,  2 qto(s), a.serv, WC, 1 sala(s), cozinha, Terraco, 1 vaga(s) de garagem.",81964.82,140000.0,41.46,Venda Direta Online,,CARPINA,PE,Não
8444409917975,"AVENIDA NOVA DESCOBERTA, N. SN, AREA 2 QD M",SAO JOSE,"Casa, 72.52 de área total, 72.52 de área privativa, 130.38 de área do terreno,  2 qto(s), a.serv, WC, 2 sala(s), cozinha.",86648.52,148000.0,41.46,Venda Direta Online,,CARPINA,PE,Não
8444431160113,"ESTRADA DE LIMEIRA GRANDE, N. 88, LT 20, QD I",SANTO ANTONIO,"Casa, 48.25 de área total, 48.25 de área privativa, 140.00 de área do terreno,  2 qto(s), a.serv, WC, 1 sala(s), cozinha.",88404.91,151000.0,41.46,Venda Direta Online,,CARPINA,PE,Não
8444436829020,"VIA LOCAL 03, N. 220, CASA 02 LT 32 QD F RA RESIDENCE I",SANTO ANTONIO,"Casa, 48.25 de área total, 48.25 de área privativa, 70.00 de área do terreno,  2 qto(s), a.serv, WC, 1 sala(s), cozinha, 1 vaga(s) de garagem.",88756.19,151600.0,41.46,Venda Direta Online,,CARPINA,PE,Não
8444427987297,"RUA A3, N. 111, AREA 07, QD P1-A3",MADRE ROSA,"Casa, 54.38 de área total, 54.38 de área privativa, 166.66 de área do terreno,  2 qto(s), a.serv, WC, 1 sala(s), cozinha, Terraco.",84306.67,144000.0,41.46,Licitação Aberta,,CARPINA,PE,Não
8444429637072,"RUA JABUTICABEIRA, N. 215, LT 10 QD B",SAO JOSE,"Casa, 54.99 de área total, 54.99 de área privativa, 100.00 de área do terreno,  2 qto(s), a.serv, WC, 1 sala(s), cozinha, 1 vaga(s) de garagem.",94815.14,160000.0,40.75,Venda Direta Online,,CARPINA,PE,Não
8444435651006,"RUA JOSE ADEMAR DE LIRA, N. 163, AREA A8C",SAO JOSE,"Casa, 58.15 de área total, 58.15 de área privativa, 100.00 de área do terreno,  2 qto(s), a.serv, WC, 1 sala(s), cozinha, 1 vaga(s) de garagem.",102400.35,172800.0,40.75,Venda Direta Online,,CARPINA,PE,Não
8444407563068,"RUA PROJETADA, N. SN, LT 01 02 03 04 QD X",BAIRRO NOVO,"Casa, 74.14 de área total, 74.14 de área privativa, 133.20 de área do terreno,  3 qto(s), a.serv, WC, 1 sala(s), cozinha, Terraco.",78556.78,130000.0,39.58,Venda Direta Online,,CARPINA,PE,Não
8444427419850,"RUA 02, N. 32, CS 02",SANTO ANTONIO,"Casa, 76.48 de área total, 76.48 de área privativa, 141.51 de área do terreno,  2 qto(s), a.serv, WC, 1 sala(s), cozinha, 1 vaga(s) de garagem.",111816.5,185000.0,39.56,Licitação Aberta,,CARPINA,PE,Não
8444403446148,"RUA PROJETADA, N. 0, AREA DESMEMBRADA LT 41 QD A",SAO JOSE,"Casa, 68.40 de área total, 68.40 de área privativa, 125.00 de área do terreno,  2 qto(s), a.serv, WC, 1 sala(s), cozinha, Terraco.",50897.31,84000.0,39.41,Venda Direta Online,,CARPINA,PE,Não
8444406785903,"RUA PROJETADA, N. 03, LOTE LF QUADRA CH",BAIRRO NOVO,"Casa, 68.45 de área total, 68.45 de área privativa, 133.33 de área do terreno,  2 qto(s), a.serv, WC, 1 sala(s), cozinha, 1 vaga(s) de garagem.",125583.01,122470.02,0.0,Leilão SFI - Edital Único,,CARPINA,PE,Não
1444418791999,"RUA PRESIDENTE GETULIO VARGAS, N. 943, LT 162",SANTA CRUZ,"Casa, 237.98 de área total, 237.98 de área privativa, 180.00 de área do terreno,  4 qto(s), varanda, a.serv, WC, 2 sala(s), 1 vaga(s) de garagem.",1381386.0,1140000.0,0.0,Leilão SFI - Edital Único,,CARPINA,PE,Não
8444437971180,"RUA JOSE ADEMAR DE LIRA, N. 142, QD A ÁREA DESMEMBRADA A9A",SAO JOSE,"Casa, 49.15 de área total, 49.15 de área privativa, 108.60 de área do terreno,  2 qto(s), a.serv, WC, 1 sala(s), cozinha.",188692.92,151000.0,0.0,Leilão SFI - Edital Único,,CARPINA,PE,Não
10206995,"AVENIDA DO CONTORNO, N. SN, QD C3, LT 21 - LOT JOÃO DE DEUS",CARUARU,"Terreno, 0.00 de área total, 0.00 de área privativa, 450.00 de área do terreno.",45990.84,123800.0,62.86,Venda Online,,CARUARU,PE,Não
10206992,"RUA PROJETADA 17, N. SN, QD C3, LT 19 LOT JOÃO DE DEUS",SANTA ROSA,"Terreno, 0.00 de área total, 0.00 de área privativa, 450.00 de área do terreno.",28989.23,77000.0,62.36,Venda Direta Online,,CARUARU,PE,Não
8555525168748,"LOT JUIZ D. VERAS QD 12, N. SN, Apto 306, BL.01",JOSE CARLOS DE OLIVEIRA,"Apartamento, 0.00 de área total, 43.18 de área privativa, 0.00 de área do terreno,  2 qto(s), a.serv, WC, 1 sala(s), cozinha.",51443.16,133000.0,61.33,Venda Direta Online,,CARUARU,PE,Não
8555529976024,"RUA PROJETADA 2, N. 33, LT 08 QD 01",BOA VISTA,"Casa, 50.00 de área total, 50.00 de área privativa, 159.60 de área do terreno,  2 qto(s), WC, 1 sala(s), cozinha, Terraco.",40683.54,84200.0,51.69,Venda Direta Online,,CARUARU,PE,Não
10210871,"CAMPO NOVO, N. 00",MANOEL BEZERRA LOPES,"Terreno, 0.00 de área total, 0.00 de área privativa, 7220.00 de área do terreno.",1081305.85,2083403.2,48.1,Venda Direta Online,,CARUARU,PE,Sim
1444423282673,"RUA PROJETADA 11, N. SN, LT 13, QD A4",JOAO DE DEUS,"Terreno, 0.00 de área total, 0.00 de área privativa, 450.00 de área do terreno.",26718.59,49870.0,46.43,Venda Online,,CARUARU,PE,Não
1444420717326,"RUA PROJETADA 08, N. S/N, LOTE 04 QD. E9",JOAO DE DEUS,"Terreno, 0.00 de área total, 0.00 de área privativa, 450.00 de área do terreno.",61810.45,114800.0,46.16,Venda Direta Online,,CARUARU,PE,Não
8555530583758,"RUA  IRACY MARIA DOS SANTOS SILVA, N. 40, LOTE 20 QUADRA 17",BOA VISTA,"Casa, 50.00 de área total, 50.00 de área privativa, 159.60 de área do terreno,  2 qto(s), WC, 1 sala(s), cozinha.",88252.15,161000.0,45.19,Venda Direta Online,,CARUARU,PE,Não
8444402104928,"R PROJETADA R-22, N. 96, LOT PARQUE CEDRO, LT-26, QD-Q",RENDEIRAS,"Casa, 0.00 de área total, 55.35 de área privativa, 200.00 de área do terreno.",96161.0,173000.0,44.42,Venda Direta Online,,CARUARU,PE,Não
8555530584274,"R PROJETADA 12, N. 16, LT 17, QD 17",BOA VISTA,"Casa, 50.00 de área total, 50.00 de área privativa, 159.60 de área do terreno,  2 qto(s), WC, 1 sala(s), cozinha, Terraco, 1 vaga(s) de garagem.",62856.87,110000.0,42.86,Venda Direta Online,,CARUARU,PE,Não
8555524072208,"AVENIDA PROJETADA 2, N. SN, Apto 103, BL03,LT1,QD12,LOT RES DEMOSTENES B VER",JOSE CARLOS DE OLIVEIRA,"Apartamento, 49.22 de área total, 43.18 de área privativa, 0.00 de área do terreno,  2 qto(s), WC, 1 sala(s), cozinha, 1 vaga(s) de garagem.",62856.87,110000.0,42.86,Venda Direta Online,,CARUARU,PE,Não
8555525066813,"AVENIDA PROJETADA 02, N. 78, Apto 02, PAV. TÉRR, BL4, LOT JUIZ DEMÓSTENES B.",JOSE CARLOS DE OLIVEIRA,"Apartamento, 49.07 de área total, 43.05 de área privativa, 0.00 de área do terreno,  2 qto(s), WC, 1 sala(s), cozinha.",59999.74,105000.0,42.86,Venda Direta Online,,CARUARU,PE,Não
8555529451690,"RUA LOCAL 3 - CORAL, N. 182, Apto 001, LT 02 QD G",KENNEDY,"Apartamento, 56.54 de área total, 54.83 de área privativa, 0.00 de área do terreno,  2 qto(s), a.serv, WC, 1 sala(s), cozinha, Terraco, 1 vaga(s) de garagem.",98222.55,170000.0,42.23,Venda Direta Online,,CARUARU,PE,Não
8555533348547,"RUA PROJETADA 01, N. 98,",BOA VISTA,"Casa, 50.00 de área total, 50.00 de área privativa, 202.07 de área do terreno,  2 qto(s), WC, 1 sala(s), cozinha, Terraco.",46472.85,80000.0,41.91,Licitação Aberta,,CARUARU,PE,Não
10274835,"RUA PROJETADA 13, N. S/N, QD B4, LT 05",ZONA URBANA,"Terreno, 0.00 de área total, 0.00 de área privativa, 450.00 de área do terreno.",59315.54,102000.0,41.85,Venda Direta Online,,CARUARU,PE,Não
10275028,"RUA PROJETADA 13, N. S/N, QD B4, LT 06",ZONA URBANA,"Terreno, 0.00 de área total, 0.00 de área privativa, 450.00 de área do terreno.",59315.54,102000.0,41.85,Venda Direta Online,,CARUARU,PE,Não
10286345,"RUA PROJETADA 13, N. 8, QD B4, LT 08, UND 08",AREA RURAL DE CARUARU,"Terreno, 0.00 de área total, 0.00 de área privativa, 450.00 de área do terreno.",34840.42,57500.0,39.41,Venda Direta Online,,CARUARU,PE,Não
8787715707896,"RUA PROJETADA Nº21, N. 38, LOTE 12 QUADRA AP",ANDORINHA,"Casa, 46.30 de área total, 46.30 de área privativa, 160.55 de área do terreno,  2 qto(s), a.serv, WC, 1 sala(s), cozinha.",104353.51,145000.0,28.04,Leilão SFI - Edital Único,,CARUARU,PE,Não
8787709189536,"AVENIDA FREI DAMIAO DE BOZZANO, N. 1961, Apto 02, BL 18",INDIANOPOLIS,"Apartamento, 67.39 de área total, 46.90 de área privativa, 0.00 de área do terreno,  2 qto(s), a.serv, WC, 1 sala(s), cozinha, 1 vaga(s) de garagem.",160000.0,160000.0,0.0,Leilão SFI - Edital Único,,CARUARU,PE,Não
8787702140817,"ESTRADA PARA BANANAS, N. SN, Apto 201, 2º PAVIMENTO BL 08",BOA VISTA,"Apartamento, 57.53 de área total, 50.43 de área privativa, 0.00 de área do terreno,  2 qto(s), WC, 1 sala(s), cozinha.",201385.18,201385.18,0.0,Leilão SFI - Edital Único,,CARUARU,PE,Não
8787712399406,"AVENIDA FLORA DO BRASIL, N. 271, Apto 308, BL 01",LUIZ GONZAGA,"Apartamento, 0.00 de área total, 47.53 de área privativa, 0.00 de área do terreno,  2 qto(s), varanda, a.serv, WC, 1 sala(s), cozinha.",229300.0,229300.0,0.0,Leilão SFI - Edital Único,,CARUARU,PE,Não
8787707481094,"RUA PROJETADA 30, N. 164, LT 05 QD BH",ANDORINHA,"Casa, 46.30 de área total, 46.30 de área privativa, 160.55 de área do terreno,  2 qto(s), a.serv, WC, 1 sala(s), cozinha.",120000.0,120000.0,0.0,Leilão SFI - Edital Único,,CARUARU,PE,Não
8555535265380,"RUA PROJETADA 01, N. 299, QUADRA N LOTE 03",NINA LIBERATO,"Casa, 0.00 de área total, 65.66 de área privativa, 207.63 de área do terreno,  2 qto(s), WC, 1 sala(s), cozinha, Terraco.",102276.7,81321.5,0.0,Leilão SFI - Edital Único,,CARUARU,PE,Não
8444412732697,"RUA PAULINO CRUZ, N. 94,",SANTA ROSA,"Casa, 23.40 de área total, 23.40 de área privativa, 23.40 de área do terreno,  1 qto(s), WC.",86795.67,60000.0,0.0,Leilão SFI - Edital Único,,CARUARU,PE,Não
1444415424634,"AVENIDA PROJETADA 01, N. SN,  LT 22 QD E",BOA VISTA,"Terreno, 0.00 de área total, 0.00 de área privativa, 160.00 de área do terreno.",168973.78,58000.0,0.0,Leilão SFI - Edital Único,,CARUARU,PE,Não
8444407259105,"RUA PROJETADA H, N. S/N, CS 01 ÁREA COMPLEMENTAR",LOT NOVA CHA DE ALEG,"Casa, 0.00 de área total, 42.00 de área privativa, 70.00 de área do terreno,  2 qto(s), WC, 1 sala(s), cozinha.",24495.44,104000.0,76.45,Venda Online,,CHA DE ALEGRIA,PE,Não
8444407523686,"RUA PROJETADA G, N. 0, LT 22",LOTEAMENTO RESIDENCI,"Casa, 0.00 de área total, 51.00 de área privativa, 126.00 de área do terreno,  2 qto(s), WC, 1 sala(s), cozinha.",21890.44,83000.0,73.63,Venda Direta Online,,CHA DE ALEGRIA,PE,Não
8444426174330,"RUA PROJETADA R14, N. SN, LT 04 QD U",LOT CHA DE ALEGRIA I,"Casa, 0.00 de área total, 57.81 de área privativa, 127.50 de área do terreno,  2 qto(s), a.serv, WC, 1 sala(s), cozinha, 1 vaga(s) de garagem.",30736.57,112854.6,72.77,Venda Online,,CHA DE ALEGRIA,PE,Não
8444427322651,"RUA PROJETADA R02, N. SN, LT.22 QD.C",CENTRO,"Casa, 0.00 de área total, 57.81 de área privativa, 127.50 de área do terreno,  2 qto(s), a.serv, WC, 1 sala(s), cozinha, Terraco.",30647.01,109000.0,71.89,Venda Direta Online,,CHA DE ALEGRIA,PE,Não
8444409847675,"RUA PROJETADA G, N. S/N, QD G LT 18 CS C LOT NOVA CHA DE ALEGRI",LOTEAMENTO NOVA CHA,"Casa, 0.00 de área total, 50.36 de área privativa, 111.60 de área do terreno,  2 qto(s), a.serv, WC, 1 sala(s), cozinha, Terraco, 1 vaga(s) de garagem.",30626.51,107500.0,71.52,Venda Direta Online,,CHA DE ALEGRIA,PE,Não
8444424510287,"RUA 18, N. S/N, LT 13 QD Q",LOT NOVO CHA DE ALEG,"Casa, 57.81 de área total, 57.81 de área privativa, 127.50 de área do terreno,  2 qto(s), a.serv, WC, 1 sala(s), cozinha, Terraco.",33163.43,116000.0,71.42,Venda Direta Online,,CHA DE ALEGRIA,PE,Não
8444425955029,"RUA PROJETADA R21, N. S/N, QD X LT 28",NOVA CHA DE ALEGRIA,"Casa, 0.00 de área total, 57.81 de área privativa, 127.50 de área do terreno,  2 qto(s), a.serv, WC, 1 sala(s), cozinha, Terraco.",32877.54,115000.0,71.42,Venda Direta Online,,CHA DE ALEGRIA,PE,Não
8444426040253,"RUA RUA 15, N. S/N, QD S LT 09",CENTRO,"Casa, 57.81 de área total, 57.81 de área privativa, 127.50 de área do terreno,  2 qto(s), a.serv, WC, 1 sala(s), cozinha, Terraco, 1 vaga(s) de garagem.",26878.7,93000.0,71.1,Venda Direta Online,,CHA DE ALEGRIA,PE,Não
8444412337887,"RODOVIA PE 040 ANTIGO LOTE 01 QUADRA G, N. SN, CASA",CENTRO,"Casa, 55.74 de área total, 55.74 de área privativa, 91.00 de área do terreno,  2 qto(s), WC, 1 sala(s), cozinha.",21178.34,73000.0,70.99,Venda Direta Online,,CHA DE ALEGRIA,PE,Não
8444405615826,"RUA PROJETADA G, N. 21, LT 01, QD F",CENTRO,"Casa, 0.00 de área total, 84.00 de área privativa, 126.00 de área do terreno,  3 qto(s), WC, 1 sala(s), cozinha, Terraco, 1 vaga(s) de garagem.",30371.15,100000.0,69.63,Venda Online,,CHA DE ALEGRIA,PE,Não
8444412465338,"RUA PROJETADA G, N. SN, LT 02, QD G, CS C",CENTRO,"Casa, 0.00 de área total, 55.74 de área privativa, 91.00 de área do terreno,  2 qto(s), WC, 1 sala(s), cozinha.",26179.93,86200.0,69.63,Venda Direta Online,,CHA DE ALEGRIA,PE,Não
8444412636876,"RUA  PROJETADA G, N. SN, LT 02QD G CS E",LOTEAMENTO CHA DE AL,"Casa, 0.00 de área total, 55.74 de área privativa, 91.00 de área do terreno,  2 qto(s), WC, 1 sala(s), cozinha.",29891.14,87511.8,65.85,Venda Direta Online,,CHA DE ALEGRIA,PE,Não
8444408586185,"RUA PROJETADA G N SN QDL LT10 LOTEAMENTO RESIDENCI, N. 0, CASA B LT10 QDL",NOVA CHA DE ALEGRIA,"Casa, 0.00 de área total, 50.36 de área privativa, 115.50 de área do terreno,  2 qto(s), WC, 1 sala(s), cozinha, Terraco, 1 vaga(s) de garagem.",22971.78,67000.0,65.72,Venda Direta Online,,CHA DE ALEGRIA,PE,Não
8444410708608,"RUA PROJETADA G, N. S/N, LT 01, QD G, IMÓVEL C",LOT NOVA CHA DE ALEG,"Casa, 0.00 de área total, 55.74 de área privativa, 91.00 de área do terreno,  2 qto(s), WC, 1 sala(s), cozinha.",40494.09,106200.7,61.88,Venda Direta Online,,CHA DE ALEGRIA,PE,Não
8444427956146,"RUA PROJETADA R02, N. SN, LT 11 QD D",NOVA CHA DE ALEGRIA,"Casa, 0.00 de área total, 57.81 de área privativa, 140.25 de área do terreno,  2 qto(s), a.serv, WC, 1 sala(s), cozinha, Terraco.",45524.95,119000.0,61.75,Venda Direta Online,,CHA DE ALEGRIA,PE,Não
8444427388210,"RAU PROJETADA R-3, N. SN, LT.06  QD.W",CENTRO,"Casa, 0.00 de área total, 57.81 de área privativa, 127.50 de área do terreno,  2 qto(s), a.serv, WC, 1 sala(s), cozinha, Terraco.",36334.94,94000.0,61.35,Venda Direta Online,,CHA DE ALEGRIA,PE,Não
8444426468580,"RUA PROJETADA R21, N. SN, LT 20, QD X",CENTRO,"Casa, 0.00 de área total, 57.81 de área privativa, 127.50 de área do terreno,  2 qto(s), a.serv, WC, 1 sala(s), cozinha.",45768.69,112031.73,59.15,Venda Direta Online,,CHA DE ALEGRIA,PE,Não
8444406095052,"RUA PROJETADA F, N. S/N, QD E, LT 20",NOVA CHA DE ALEGRIA,"Casa, 0.00 de área total, 50.36 de área privativa, 126.00 de área do terreno,  2 qto(s), WC, 1 sala(s), cozinha, Terraco.",35368.59,85400.0,58.59,Venda Direta Online,,CHA DE ALEGRIA,PE,Não
8444411649273,"PE-040, N. SN, LT-01 QD-G1",CENTRO,"Casa, 0.00 de área total, 50.36 de área privativa, 104.00 de área do terreno,  2 qto(s), WC, 1 sala(s), cozinha.",37400.02,90305.04,58.59,Venda Direta Online,,CHA DE ALEGRIA,PE,Não
8444404996397,"RUA PROJETADA E, N. SN, LT 04 QD E",LT NOVA CHA DE ALEGR,"Casa, 0.00 de área total, 50.36 de área privativa, 126.00 de área do terreno,  2 qto(s), WC, 1 sala(s), cozinha, Terraco.",34083.03,82000.0,58.44,Venda Direta Online,,CHA DE ALEGRIA,PE,Não
8444422779734,"RUA PROJETADA R18, N. SN, QD E1 LT 03",LOT N CHA ALEGRIA 3,"Casa, 0.00 de área total, 57.81 de área privativa, 127.50 de área do terreno,  2 qto(s), a.serv, WC, 1 sala(s), cozinha, Terraco, 1 vaga(s) de garagem.",44884.19,103000.0,56.43,Venda Direta Online,,CHA DE ALEGRIA,PE,Não
1444415172791,"RODOVIA RODOVIA PE 40, N. S/N",CENTRO,"Terreno, 0.00 de área total, 0.00 de área privativa, 2680.67 de área do terreno.",130717.09,298500.0,56.21,Venda Direta Online,,CHA DE ALEGRIA,PE,Sim
8444420489160,"RUA PROJETADA R23, N. 6, LT 06, QD Y",LOT NOVA CHA DE ALEG,"Casa, 0.00 de área total, 48.09 de área privativa, 127.50 de área do terreno,  2 qto(s), WC, 1 sala(s), cozinha, Terraco.",44850.47,101864.23,55.98,Venda Direta Online,,CHA DE ALEGRIA,PE,Não
8444411311094,"RUA PROJETADA G, N. S/N, CS 05 LT 01",NOVA CHA DE ALEGREIA,"Casa, 0.00 de área total, 50.36 de área privativa, 91.00 de área do terreno,  2 qto(s), WC, 1 sala(s), cozinha, Terraco.",40642.12,92000.0,55.83,Venda Direta Online,,CHA DE ALEGRIA,PE,Não
8444418397245,"RUA PROJETADA R17, N. SN, LT 02, QD D1",CHA DE ALEGRIA,"Casa, 0.00 de área total, 55.75 de área privativa, 127.50 de área do terreno,  2 qto(s), a.serv, WC, 1 sala(s), cozinha, 1 vaga(s) de garagem.",42409.17,96000.0,55.83,Venda Direta Online,,CHA DE ALEGRIA,PE,Não
8444424940214,"RUA PROJETADA, N. 18, LT 17 QD Q",CENTRO,"Casa, 0.00 de área total, 57.81 de área privativa, 127.50 de área do terreno,  2 qto(s), a.serv, WC, 1 sala(s), cozinha, Terraco, 1 vaga(s) de garagem.",50810.75,115000.0,55.82,Venda Online,,CHA DE ALEGRIA,PE,Não
8444415289930,"RUA EULINO PESSOA DE LUNA, N. 36, CASA",VILA DO CAMPO,"Casa, 0.00 de área total, 50.36 de área privativa, 135.37 de área do terreno,  2 qto(s), a.serv, WC, 1 sala(s), cozinha, 1 vaga(s) de garagem.",31478.31,71000.0,55.67,Venda Direta Online,,CHA DE ALEGRIA,PE,Não
8444426298986,"RUA PROJETADA R13, N. 3, QD V LT 03",CENTRO,"Casa, 0.00 de área total, 57.81 de área privativa, 127.50 de área do terreno,  2 qto(s), a.serv, WC, 1 sala(s), cozinha, Terraco, 1 vaga(s) de garagem.",45842.23,99700.0,54.02,Venda Online,,CHA DE ALEGRIA,PE,Não
8444422843378,"RUA PROJETADA R22, N. SN, LT 08, QD X",LOT N CHA ALEGRIA 3,"Casa, 0.00 de área total, 48.09 de área privativa, 127.50 de área do terreno,  2 qto(s), a.serv, WC, 1 sala(s), cozinha, Terraco, 1 vaga(s) de garagem.",49078.47,106000.0,53.7,Venda Direta Online,,CHA DE ALEGRIA,PE,Não
8444418747866,"RUA PROJETADA R-25, N. 10, QD B1 LT 10",NOVA CHA DE ALEGRIA,"Casa, 0.00 de área total, 57.81 de área privativa, 125.66 de área do terreno,  2 qto(s), a.serv, WC, 1 sala(s), cozinha, Terraco.",25437.57,54000.0,52.9,Venda Direta Online,,CHA DE ALEGRIA,PE,Não
8444424673194,"RUA PROJETADA E, N. SN, LT13/19 - QD E",NOVA CHA DE ALEGRIA,"Casa, 50.36 de área total, 50.36 de área privativa, 126.00 de área do terreno,  2 qto(s), WC, 1 sala(s), cozinha, Terraco.",37685.3,80000.0,52.9,Venda Direta Online,,CHA DE ALEGRIA,PE,Não
8444420197444,"RUA PROJETADA (RUA 22), N. 10, QD X LT 10",LOT NOVA CHA DE ALEG,"Casa, 0.00 de área total, 48.09 de área privativa, 127.50 de área do terreno,  2 qto(s), a.serv, WC, 1 sala(s), cozinha, Terraco.",40199.81,85000.0,52.71,Venda Direta Online,,CHA DE ALEGRIA,PE,Não
8444423314999,"RUA 19, N. 11, QUADRA E-1",NOVA CHA DE ALEGRIA,"Casa, 0.00 de área total, 57.81 de área privativa, 127.50 de área do terreno,  2 qto(s), WC, 1 sala(s), cozinha, Terraco, 1 vaga(s) de garagem.",42564.51,90000.0,52.71,Venda Direta Online,,CHA DE ALEGRIA,PE,Não
8444409321746,"RUA PROJETADA E, N. SN, LT 02 QD E",CENTRO,"Casa, 0.00 de área total, 61.11 de área privativa, 126.00 de área do terreno,  2 qto(s), WC, 1 sala(s), cozinha, Terraco.",53858.3,113000.0,52.34,Venda Direta Online,,CHA DE ALEGRIA,PE,Não
8444411373448,"RUA PROJETADA G, N. SN, LT 03 QD G",CHA DE ALEGRIA,"Casa, 55.74 de área total, 55.74 de área privativa, 91.00 de área do terreno,  2 qto(s), a.serv, WC, 1 sala(s), cozinha.",41692.56,86288.3,51.69,Venda Direta Online,,CHA DE ALEGRIA,PE,Não
8444426018975,"RUA PROJETADA R14, N. S/N, QD T LT 08",LOT NOVA CHA DE ALEG,"Casa, 0.00 de área total, 57.81 de área privativa, 127.50 de área do terreno,  2 qto(s), a.serv, WC, 1 sala(s), cozinha, Terraco, 1 vaga(s) de garagem.",44935.5,93000.0,51.69,Venda Online,,CHA DE ALEGRIA,PE,Não
8444426309708,"PROJETADA R 14, N. 06, LT 06 QD U",CHA DE ALEGRIA,"Casa, 57.81 de área total, 57.81 de área privativa, 127.50 de área do terreno,  2 qto(s), a.serv, WC, 1 sala(s), cozinha, Terraco.",26185.74,54000.0,51.51,Venda Direta Online,,CHA DE ALEGRIA,PE,Não
8444426423195,"RUA PROJETADA R13, N. SN, LT 04, QD V",LOT N CHA ALEGRIA 3,"Casa, 57.81 de área total, 57.81 de área privativa, 127.50 de área do terreno,  2 qto(s), a.serv, WC, 1 sala(s), cozinha, Terraco.",54706.73,112632.0,51.43,Venda Direta Online,,CHA DE ALEGRIA,PE,Não
8444427105588,"RUA PROJETADA R3, N. 05, LT08 QDW",LOT N CHA ALEGRIA 3,"Casa, 57.81 de área total, 57.81 de área privativa, 127.50 de área do terreno,  2 qto(s), a.serv, WC, 1 sala(s), cozinha, Terraco.",50999.77,105000.0,51.43,Venda Direta Online,,CHA DE ALEGRIA,PE,Não
8444427972761,"RUA PROJETADA R22, N. SN, LT 16, QD X",LOT N CHA ALEGRIA 3,"Casa, 57.81 de área total, 57.81 de área privativa, 167.21 de área do terreno,  2 qto(s), a.serv, WC, 1 sala(s), cozinha, Terraco.",50028.35,103000.0,51.43,Venda Direta Online,,CHA DE ALEGRIA,PE,Não
8444429733888,"RUA PROJETADA R-01, N. S/N, LT 12, QD C",LOT N CHA ALEGRIA 3,"Casa, 57.81 de área total, 57.81 de área privativa, 146.72 de área do terreno,  2 qto(s), a.serv, WC, 1 sala(s), cozinha, Terraco.",57982.52,119000.0,51.28,Venda Direta Online,,CHA DE ALEGRIA,PE,Não
8444426417365,"RUA PROJETADA R13, N. 09, LT 09, QD U",CENTRO,"Casa, 57.81 de área total, 57.81 de área privativa, 127.50 de área do terreno,  2 qto(s), a.serv, WC, 1 sala(s), cozinha, Terraco, 1 vaga(s) de garagem.",57008.02,117000.0,51.28,Venda Direta Online,,CHA DE ALEGRIA,PE,Não
8444405279630,"RUA PROJETADA F, N. 28, QD E",CENTRO,"Casa, 0.00 de área total, 84.00 de área privativa, 126.00 de área do terreno,  2 qto(s), WC, 1 sala(s), cozinha.",50984.95,104000.0,50.98,Venda Online,,CHA DE ALEGRIA,PE,Não
8444429916702,"2 TRAVESSA EULINO PESSOA DE LUNA, N. 32A,  LOTE 32 QUADRA A",LOT NOVA CHA DE ALEG,"Casa, 58.71 de área total, 57.81 de área privativa, 127.50 de área do terreno,  2 qto(s), a.serv, WC, 1 sala(s), cozinha, Terraco, 1 vaga(s) de garagem.",56564.62,115000.0,50.82,Venda Online,,CHA DE ALEGRIA,PE,Não
8444428085696,"RUA PROJETADA R2, N. 18, LT 18, QD C",LOT N CHA ALEGRIA 3,"Casa, 57.81 de área total, 57.81 de área privativa, 127.50 de área do terreno,  2 qto(s), a.serv, WC, 1 sala(s), cozinha, Terraco.",46495.02,94486.69,50.8,Venda Direta Online,,CHA DE ALEGRIA,PE,Não
8444406428485,"PROJETADA F, N. 25, LOTE 25 QUADRA E",LT NOVA CHA DE ALEGR,"Casa, 50.36 de área total, 50.36 de área privativa, 126.00 de área do terreno,  2 qto(s), a.serv, WC, 1 sala(s), cozinha, Terraco.",25676.24,52000.0,50.63,Venda Direta Online,,CHA DE ALEGRIA,PE,Não
8444420423266,"RUA PROJETADA R22, N. SN, LOTE 13 QUADRA X",NOVA CHA DE ALEGREIA,"Casa, 48.09 de área total, 48.09 de área privativa, 127.50 de área do terreno,  2 qto(s), a.serv, WC, 1 sala(s), cozinha, Terraco, 1 vaga(s) de garagem.",38020.6,77000.0,50.63,Venda Direta Online,,CHA DE ALEGRIA,PE,Não
8444427956073,"RUA PROJETADA R2, N. SN, LT 12, QD D",LOT N CHA ALEGRIA 3,"Casa, 57.81 de área total, 57.81 de área privativa, 140.25 de área do terreno,  2 qto(s), a.serv, WC, 1 sala(s), cozinha.",29626.44,60000.0,50.63,Venda Direta Online,,CHA DE ALEGRIA,PE,Não
8444405401168,"RUA PROJETADA F, N. S/N, LT 19 QD E",CHA DE ALEGRIA,"Casa, 50.36 de área total, 84.00 de área privativa, 126.00 de área do terreno,  2 qto(s), WC, 1 sala(s), cozinha, Terraco.",27931.45,56000.0,50.13,Venda Direta Online,,CHA DE ALEGRIA,PE,Não
8444407299336,"RUA PROJETADA H, N. 03, CS 03, LT 01, QD L",LOT CHA DE ALEGRIA,"Casa, 42.00 de área total, 42.00 de área privativa, 42.00 de área do terreno,  2 qto(s), a.serv, WC, 1 sala(s), cozinha.",27432.68,55000.0,50.13,Venda Direta Online,,CHA DE ALEGRIA,PE,Não
8444410911454,"RUA PROJETADA G, N. SN, CS 05, LT 35, QD F",NOVA CHA DE ALEGRIA,"Casa, 0.00 de área total, 45.00 de área privativa, 45.00 de área do terreno,  2 qto(s), WC, 1 sala(s), cozinha.",31472.76,63100.0,50.13,Venda Direta Online,,CHA DE ALEGRIA,PE,Não
8444425969216,"RUA 21, N. 22, LOT 22, QD X",CHA DE ALEGRIA,"Casa, 57.81 de área total, 57.81 de área privativa, 127.50 de área do terreno,  2 qto(s), a.serv, WC, 1 sala(s), cozinha, Terraco.",26933.9,54000.0,50.13,Venda Direta Online,,CHA DE ALEGRIA,PE,Não
8444429007141,"3 TRAVESSA EULINO PESSOA DE LUNA, N. SN, LT 76 A",CHA DE ALEGRIA,"Casa, 57.81 de área total, 57.81 de área privativa, 127.50 de área do terreno,  2 qto(s), a.serv, WC, 1 sala(s), cozinha, Terraco, 1 vaga(s) de garagem.",29926.56,60000.0,50.13,Venda Direta Online,,CHA DE ALEGRIA,PE,Não
8444428133488,"RUA PROJETADA R2, N. 21, LOTE 21 QUADRA A",NOVA CHA DE ALEGRIA,"Casa, 57.81 de área total, 57.81 de área privativa, 127.50 de área do terreno,  2 qto(s), a.serv, WC, 1 sala(s), cozinha, Terraco.",57681.58,115000.0,49.85,Venda Direta Online,,CHA DE ALEGRIA,PE,Não
8444415660506,"RUA EULINO PESSOA DE LIMA, N. 38,",VILA DO CAMPO,"Casa, 62.69 de área total, 62.69 de área privativa, 135.37 de área do terreno,  2 qto(s), WC, 1 sala(s), cozinha.",51897.34,103000.0,49.62,Venda Online,,CHA DE ALEGRIA,PE,Não
8444428643745,"RUA PROJETADA R1, N. SN, LT 11 QD C",LOT NOVA CHA DE ALEG,"Casa, 57.81 de área total, 57.81 de área privativa, 150.41 de área do terreno,  2 qto(s), a.serv, WC, 1 sala(s), cozinha, Terraco.",54920.49,109000.0,49.62,Venda Online,,CHA DE ALEGRIA,PE,Não
8444427039526,"RUA PROJETADA R 02, N. SN, LT 25 QD C",CHA DE ALEGRIA,"Casa, 0.00 de área total, 57.81 de área privativa, 127.50 de área do terreno,  2 qto(s), a.serv, WC, 1 sala(s), cozinha, Terraco.",30497.81,60000.0,49.18,Venda Direta Online,,CHA DE ALEGRIA,PE,Não
8444423549589,"RUA 19, N. SN, QD E1 LT 13",LOT N CHA ALEGRIA 3,"Casa, 57.81 de área total, 57.81 de área privativa, 127.50 de área do terreno,  2 qto(s), a.serv, WC, 1 sala(s), cozinha, Terraco, 1 vaga(s) de garagem.",56571.18,110000.0,48.58,Venda Online,,CHA DE ALEGRIA,PE,Não
8444424955777,"RUA R18, N. SN, QUADRA P LOTE 08",LOT N CHA ALEGRIA 3,"Casa, 57.81 de área total, 57.81 de área privativa, 127.50 de área do terreno,  2 qto(s), a.serv, WC, 1 sala(s), cozinha, Terraco, 1 vaga(s) de garagem.",59329.62,115000.0,48.41,Venda Online,,CHA DE ALEGRIA,PE,Não
8444427972630,"RUA PROJETADA R03, N. SN, QUADRA D LOTE17 CHÃ DE ALEGRIA III",NV CHA ALEGRIA III,"Casa, 57.81 de área total, 57.81 de área privativa, 140.25 de área do terreno,  2 qto(s), WC, 1 sala(s), cozinha, Terraco, 1 vaga(s) de garagem.",48373.43,92842.65,47.9,Venda Direta Online,,CHA DE ALEGRIA,PE,Não
8444422910407,"RUA PROJETADA R 18, N. SN, LT 02 QD E1",CENTRO,"Casa, 0.00 de área total, 57.81 de área privativa, 127.50 de área do terreno,  2 qto(s), a.serv, WC, 1 sala(s), cozinha, Terraco.",51581.57,99000.0,47.9,Venda Direta Online,,CHA DE ALEGRIA,PE,Não
8444405263547,"RUA PROJETADA E, N. S/N, LOTE 05",NOVA CHA DE ALEGREIA,"Casa, 0.00 de área total, 50.36 de área privativa, 126.00 de área do terreno,  2 qto(s), WC, 1 sala(s), cozinha, Terraco.",39902.08,76500.0,47.85,Venda Direta Online,,CHA DE ALEGRIA,PE,Não
8444419596047,"RUA PROJETADA R22, N. SN, LT 06 QD X",NV CHA ALEGRIA III,"Casa, 48.09 de área total, 48.09 de área privativa, 127.50 de área do terreno,  2 qto(s), a.serv, WC, 1 sala(s), cozinha, Terraco.",41302.74,79000.0,47.72,Venda Direta Online,,CHA DE ALEGRIA,PE,Não
8444427047669,"RUA PROJETADA R3, N. SN, LT 28, QD D",LOT N CHA ALEGRIA 3,"Casa, 57.81 de área total, 57.81 de área privativa, 134.03 de área do terreno,  2 qto(s), a.serv, WC, 1 sala(s), cozinha, Terraco.",31369.17,60000.0,47.72,Venda Direta Online,,CHA DE ALEGRIA,PE,Não
8444423448553,"RUA PROJETADA R19, N. 00, QD E1 LOTE 10",LOT N CHA ALEGRIA 3,"Casa, 57.81 de área total, 57.81 de área privativa, 127.50 de área do terreno,  2 qto(s), a.serv, WC, 1 sala(s), cozinha, Terraco.",59523.75,112613.0,47.15,Venda Direta Online,,CHA DE ALEGRIA,PE,Não
8444418101729,"PROJETADA R17, N. 145, LOTE 13 QUADRA C1",NV CHA ALEGRIA III,"Casa, 55.75 de área total, 55.75 de área privativa, 127.50 de área do terreno,  2 qto(s), a.serv, WC, 1 sala(s), cozinha, Terraco.",45727.92,85393.11,46.46,Venda Direta Online,,CHA DE ALEGRIA,PE,Não
8444430294400,"2ª TRAVESSA EULINO DE LUNA, N. SN, LT 28B",VILA DO CAMPO,"Casa, 0.00 de área total, 57.81 de área privativa, 127.50 de área do terreno,  2 qto(s), a.serv, WC, 1 sala(s), cozinha, Terraco.",72336.72,135000.0,46.42,Venda Online,,CHA DE ALEGRIA,PE,Não
8444427477850,"RUA PROJETADA R3, N. SN, QD W LT 07 LOT NOVA CHA DE ALEGRIA - I",CHA DE ALEGRIA - III,"Casa, 57.81 de área total, 57.81 de área privativa, 127.50 de área do terreno,  2 qto(s), a.serv, WC, 1 sala(s), cozinha, Terraco.",61142.81,112632.0,45.72,Venda Direta Online,,CHA DE ALEGRIA,PE,Não
8444427665168,"RUA PROJETADA R2, N. 21, LT 21 QD C LOT NOVA CHA DE ALEGRIA - I",CHA DE ALEGRIA - III,"Casa, 57.81 de área total, 57.81 de área privativa, 127.50 de área do terreno,  2 qto(s), a.serv, WC, 1 sala(s), cozinha, Terraco.",65348.57,120000.0,45.55,Venda Direta Online,,CHA DE ALEGRIA,PE,Não
8444427786534,"RUA PROJETADA R2, N. SN, LT 10 QD D",CHA DE ALEGRIA - III,"Casa, 57.81 de área total, 57.81 de área privativa, 140.25 de área do terreno,  2 qto(s), a.serv, WC, 1 sala(s), cozinha, Terraco.",62625.71,115000.0,45.55,Venda Direta Online,,CHA DE ALEGRIA,PE,Não
8444427925780,"RUA PROJETADA R2, N. SN, QD D LT 09",NV CHA ALEGRIA III,"Casa, 57.81 de área total, 57.81 de área privativa, 140.25 de área do terreno,  2 qto(s), a.serv, WC, 1 sala(s), cozinha, Terraco.",65348.57,120000.0,45.55,Venda Direta Online,,CHA DE ALEGRIA,PE,Não
8444426704704,"RUA PROJETADA R22, N. SN, LT 14 QD Y",NV CHA ALEGRIA III,"Casa, 57.81 de área total, 57.81 de área privativa, 127.39 de área do terreno,  2 qto(s), a.serv, WC, 1 sala(s), cozinha, Terraco, 1 vaga(s) de garagem.",52247.33,95000.0,45.01,Venda Direta Online,,CHA DE ALEGRIA,PE,Não
8444405436760,"RUA PROJETADA D, N. SN, LT 28 QD D",NOVA CHA DE ALEGRIA,"Casa, 58.50 de área total, 58.50 de área privativa, 126.00 de área do terreno,  2 qto(s), a.serv, WC, 1 sala(s), cozinha, Terraco.",61714.02,108000.0,42.86,Licitação Aberta,,CHA DE ALEGRIA,PE,Não
8444406164020,"RUA PROJETADA G, N. S/N, QD F, LT 30",NOVA CHA DE ALEGRIA,"Casa, 84.00 de área total, 84.00 de área privativa, 126.00 de área do terreno,  3 qto(s), a.serv, WC, 1 sala(s), cozinha, Terraco.",61939.16,108394.0,42.86,Venda Direta Online,,CHA DE ALEGRIA,PE,Não
8444406381896,"RUA PROJETADA F, N. SN, LT 27 QD E",CHA DE ALEGRIA,"Casa, 84.00 de área total, 84.00 de área privativa, 126.00 de área do terreno,  2 qto(s), a.serv, WC, 1 sala(s), cozinha, 1 vaga(s) de garagem.",60419.74,105735.0,42.86,Venda Direta Online,,CHA DE ALEGRIA,PE,Não
8444406619000,"RUA PROJETADA F, N. SN,",LOT CHA DE ALEGRIA,"Casa, 50.36 de área total, 50.36 de área privativa, 126.00 de área do terreno,  2 qto(s), WC, 1 sala(s), cozinha, Terraco.",59142.6,103500.0,42.86,Venda Direta Online,,CHA DE ALEGRIA,PE,Não
8444428810307,"RUA PROJETADA R-03, N. S/N, QD B, LT 35",NV CHA ALEGRIA III,"Casa, 57.81 de área total, 57.81 de área privativa, 140.25 de área do terreno,  2 qto(s), a.serv, WC, 1 sala(s), cozinha, Terraco.",62285.44,109000.0,42.86,Venda Direta Online,,CHA DE ALEGRIA,PE,Não
8444406485128,"RUA PROJETADA F, N. SN, LT 16 QD F",NOVA CHA DE ALEGRIA,"Casa, 50.36 de área total, 50.36 de área privativa, 126.00 de área do terreno,  2 qto(s), a.serv, WC, 1 sala(s), cozinha, Terraco.",55576.11,96000.0,42.11,Licitação Aberta,,CHA DE ALEGRIA,PE,Não
8444408860856,"RUA PROJETADA G, N. SN, LT 16 QD G",CHA DE ALEGRIA,"Casa, 0.00 de área total, 66.00 de área privativa, 126.00 de área do terreno,  3 qto(s), a.serv, WC, 1 sala(s), cozinha, 1 vaga(s) de garagem.",57891.78,100000.0,42.11,Venda Direta Online,,CHA DE ALEGRIA,PE,Não
8444410036901,"RODOVIA PE - 040, N. 11,",CHA DE ALEGRIA,"Casa, 0.00 de área total, 60.00 de área privativa, 0.00 de área do terreno,  2 qto(s), WC, 1 sala(s), cozinha.",56155.03,97000.0,42.11,Venda Direta Online,,CHA DE ALEGRIA,PE,Não
8444406083887,"PROJETADA F, N. SN, LT 21 QD E",CHA DE ALEGRIA,"Casa, 50.36 de área total, 50.36 de área privativa, 126.00 de área do terreno,  2 qto(s), a.serv, WC, 1 sala(s), cozinha.",30207.35,52000.0,41.91,Venda Direta Online,,CHA DE ALEGRIA,PE,Não
8444416971378,"EULINO PESSOA DE LUNA, N. 34,",VILA DO CAMPO,"Casa, 60.58 de área total, 60.58 de área privativa, 138.38 de área do terreno,  2 qto(s), a.serv, WC, 1 sala(s), cozinha.",35726.0,61500.0,41.91,Venda Direta Online,,CHA DE ALEGRIA,PE,Não
8444424604443,"RUA PROJETADA R18, N. 14, LT 14 QD D",NV CHA ALEGRIA III,"Casa, 57.81 de área total, 57.81 de área privativa, 127.50 de área do terreno,  2 qto(s), a.serv, WC, 1 sala(s), cozinha, Terraco.",24979.16,43000.0,41.91,Licitação Aberta,,CHA DE ALEGRIA,PE,Não
8444405037490,"RUA PROJETADA D, N. SN, QD D LT 13",CENTRO,"Casa, 50.36 de área total, 50.36 de área privativa, 126.00 de área do terreno,  2 qto(s), a.serv, WC, 1 sala(s), cozinha, Terraco.",36016.46,62000.0,41.91,Venda Direta Online,,CHA DE ALEGRIA,PE,Não
8444427458790,"PROJETADA R2, N. S/N, LT 05 QD D",CENTRO,"Casa, 57.81 de área total, 57.81 de área privativa, 140.25 de área do terreno,  2 qto(s), a.serv, WC, 1 sala(s), cozinha, Terraco.",31369.17,54000.0,41.91,Venda Direta Online,,CHA DE ALEGRIA,PE,Não
8444406792357,"RUA PROJETADA G, N. SN, LT 20 QD F",CENTRO,"Casa, 84.00 de área total, 84.00 de área privativa, 126.00 de área do terreno,  3 qto(s), a.serv, WC, 1 sala(s), cozinha, Terraco.",100741.08,170000.0,40.75,Venda Direta Online,,CHA DE ALEGRIA,PE,Não
8444407279270,"RUA PROJETADA H, N. SN, QD L, LT 3, CASA 5",CENTRO,"Casa, 0.00 de área total, 42.00 de área privativa, 42.00 de área do terreno,  2 qto(s), a.serv, WC, 1 sala(s), cozinha.",83806.43,83806.43,0.0,Venda Direta Online,,CHA DE ALEGRIA,PE,Não
8444404931392,"RUA PROJETADA E, N. 7, QD E, LOTE 07",CENTRO,"Casa, 0.00 de área total, 50.36 de área privativa, 126.00 de área do terreno,  2 qto(s), WC, 1 sala(s), cozinha, Terraco.",77052.86,62000.0,0.0,Leilão SFI - Edital Único,,CHA DE ALEGRIA,PE,Não
10276419,"RUA SEVERINO MANOEL DOS REIS, N. SN, QD J, LT 12",CENTRO,"Terreno, 0.00 de área total, 0.00 de área privativa, 491.23 de área do terreno.",60206.09,100943.1,40.36,Licitação Aberta,,CHA GRANDE,PE,Não
1555532648190,"RUA CICERO BATISTA DA SILVA, N. 289, QD L LT 17",Redenção,"Casa, 0.00 de área total, 82.50 de área privativa, 126.00 de área do terreno.",65445.19,140137.72,53.3,Venda Direta Online,,CUSTODIA,PE,Não
1444418410596,"RUA SANTA CATARINA, N. 06, LT 11 QD F",CENTRO,"Casa, 60.80 de área total, 60.80 de área privativa, 146.40 de área do terreno,  2 qto(s), a.serv, WC, cozinha.",65787.3,130176.02,49.47,Venda Online,,CUSTODIA,PE,Não
8444409782972,"RUA CANTARINO, N. 24,",Wilson M Saraiva,"Casa, 186.76 de área total, 100.05 de área privativa, 186.76 de área do terreno,  3 qto(s), a.serv, WC, 1 sala(s), cozinha, 1 vaga(s) de garagem.",83706.57,150500.0,44.39,Venda Direta Online,,EXU,PE,Sim
8444409849821,"RUA VINTE E CINCO, N. 60,",Wilson M Saraiva,"Casa, 122.20 de área total, 87.50 de área privativa, 122.20 de área do terreno,  3 qto(s), a.serv, WC, 1 sala(s), cozinha, Terraco.",78422.76,141000.0,44.39,Venda Direta Online,,EXU,PE,Sim
1444416817419,"RUA APRIGIO LOPES, N. 10,",Gonzagão,"Comercial, 0.00 de área total, 45.00 de área privativa, 4050.00 de área do terreno.",922193.79,1447000.0,36.27,Licitação Aberta,,EXU,PE,Não
8444413033598,"RUA TRAVESSA CANTARINO, N. 01,",Wilson M Saraiva,"Casa, 95.70 de área total, 95.70 de área privativa, 130.20 de área do terreno,  3 qto(s), a.serv, WC, 1 sala(s), cozinha, Terraco.",140000.0,140000.0,0.0,Leilão SFI - Edital Único,,EXU,PE,Não
8444412099250,"RUA PROJETADA R-6, N. 04, QD G",ACACIA II,"Casa, 0.00 de área total, 56.14 de área privativa, 133.00 de área do terreno,  2 qto(s), WC, 1 sala(s), cozinha.",42243.51,85000.0,50.31,Venda Direta Online,,FEIRA NOVA,PE,Não
8444435519132,"RUA PROJETADA 07, N. 22-A, CS 01 LT 22 QD B",LOT AMAZONAS,"Casa, 49.87 de área total, 49.87 de área privativa, 100.00 de área do terreno,  2 qto(s), a.serv, WC, 1 sala(s), cozinha.",142075.9,130000.0,0.0,Leilão SFI - Edital Único,,FERREIROS,PE,Não
8444425194672,"RUA DOS JASMIN, N. 5, LT 19 QD F",CENTRO,"Casa, 56.10 de área total, 56.10 de área privativa, 160.00 de área do terreno,  3 qto(s), a.serv, WC, 1 sala(s), cozinha.",45589.77,90000.0,49.35,Venda Direta Online,,FLORES,PE,Não
8444425895123,"RUA DOS JASMINS, N. 17, LT 07 QD F",CENTRO,"Casa, 56.10 de área total, 56.10 de área privativa, 160.00 de área do terreno,  3 qto(s), WC, 1 sala(s), cozinha, Terraco, 1 vaga(s) de garagem.",49135.65,97000.0,49.35,Venda Direta Online,,FLORES,PE,Não
1555538710297,"RUA HERMIRIO APOLONIO, N. 311,",CENTRO,"Casa, 193.80 de área total, 193.80 de área privativa, 675.00 de área do terreno,  3 qto(s), a.serv, WC, WC Emp, 3 sala(s), DCE, cozinha, Terraco.",392000.0,392000.0,0.0,Leilão SFI - Edital Único,,GAMELEIRA,PE,Não
10208873,"BR-424 - MAGANO - SENTIDO GARANHUNS/CAETÉS, N. 00, PARTE FAZENDA BELA VISTA - 1º DISTRITO",ALOISIO SOUTO PINTO,"Imóvel rural, 0.00 de área total, 0.00 de área privativa, 30000.00 de área do terreno.",925071.26,2020029.1,54.21,Venda Direta Online,,GARANHUNS,PE,Não
8787706742722,"RUA COMERCIO, N. 53, QD04 LT27",DISTRITO SAO PEDRO,"Casa, 46.30 de área total, 46.30 de área privativa, 159.60 de área do terreno,  2 qto(s), a.serv, WC, 1 sala(s), cozinha.",68214.74,119000.0,42.68,Licitação Aberta,,GARANHUNS,PE,Não
8787704750930,"RUA PROJETADA, N. 2320, Apto 103,  BL12",DISTRITO SAO PEDRO,"Apartamento, 65.55 de área total, 51.01 de área privativa, 0.00 de área do terreno,  2 qto(s), a.serv, WC, 1 sala(s), cozinha, 1 vaga(s) de garagem.",77295.2,133434.81,42.08,Licitação Aberta,,GARANHUNS,PE,Não
8787705598172,"RUA PROJETADA Nº 09, N. 77, LT 33 QD 12",DOM HELDER CAMARA,"Casa, 46.30 de área total, 46.30 de área privativa, 159.60 de área do terreno,  2 qto(s), a.serv, WC, 1 sala(s), cozinha.",84892.14,145000.0,41.46,Licitação Aberta,,GARANHUNS,PE,Não
10289421,"RUA PROJETADA 06, N. 00, QD C, LT 04",JOSE MARIA DOURADO,"Terreno, 0.00 de área total, 0.00 de área privativa, 327.95 de área do terreno.",62745.06,105200.0,40.36,Licitação Aberta,,GARANHUNS,PE,Não
10289422,"RUA PROJETADA 06, N. 00, QD C, LT 05",JOSE MARIA DOURADO,"Terreno, 0.00 de área total, 0.00 de área privativa, 327.95 de área do terreno.",62745.06,105200.0,40.36,Licitação Aberta,,GARANHUNS,PE,Não
1444421514070,"RUA JURACI ALVES DE ALMEIDA, N. 33, UN 12 LT 09R QD H1",SEVERIANO DE MORAES FILHO,"Casa, 93.00 de área total, 93.00 de área privativa, 125.00 de área do terreno,  3 qto(s), a.serv, WC, 2 sala(s), cozinha, 1 vaga(s) de garagem.",160005.33,251061.89,36.27,Venda Direta Online,,GARANHUNS,PE,Sim
8787713909912,"RUA GERALDO DE ALMEIDA ALVES JÚNIOR, N. 180, T13VIANA E MOURA SÃO VICENTE II",DOM HELDER CAMARA,"Casa, 46.30 de área total, 46.30 de área privativa, 156.60 de área do terreno,  2 qto(s), a.serv, 1 sala(s), cozinha, 1 vaga(s) de garagem.",150000.0,150000.0,0.0,Leilão SFI - Edital Único,,GARANHUNS,PE,Não
8787720912702,"RUA JORIVALDO VIEIRA RAMOS FILHO, N. 58, LT 04 QD N",DOM IRINEU ROQUE SCHERER,"Casa, 41.36 de área total, 41.36 de área privativa, 142.50 de área do terreno,  2 qto(s), a.serv, WC, 1 sala(s), cozinha, 1 vaga(s) de garagem.",161105.67,112905.1,0.0,Leilão SFI - Edital Único,,GARANHUNS,PE,Não
8444423370562,"RUA IPE BRANCO ANTIGA QUADRA C LOTE 36, N. 0",VILA NOSSA SENHORA D,"Casa, 0.00 de área total, 50.36 de área privativa, 0.00 de área do terreno,  2 qto(s), a.serv, WC, cozinha, Terraco.",22338.8,77000.0,70.99,Venda Direta Online,,GLORIA DO GOITA,PE,Não
8444408838630,"RUA IPÊ BRANCO, N. S/N, QD I, LT 06",VILA NS DA GLORIA,"Casa, 0.00 de área total, 61.39 de área privativa, 0.00 de área do terreno,  3 qto(s), a.serv, WC, 1 sala(s), cozinha, Terraco.",36395.82,123020.0,70.42,Venda Online,,GLORIA DO GOITA,PE,Não
8444409186903,"RUA IPE BRANCO, N. SN, LT 01 QD I",VILA NOSSA SENHORA D,"Casa, 61.39 de área total, 61.39 de área privativa, 209.72 de área do terreno,  3 qto(s), a.serv, WC, 1 sala(s), cozinha.",26585.02,84000.0,68.36,Venda Direta Online,,GLORIA DO GOITA,PE,Não
8444408448645,"RUA IPE BRANCO ANTERIORMENTE LT34 QDC, N. 0, LT34 QDC",BAIRRO VILA NOSSA SE,"Casa, 0.00 de área total, 50.36 de área privativa, 140.00 de área do terreno,  2 qto(s), a.serv, WC, 1 sala(s), cozinha, Terraco.",30741.03,90000.0,65.85,Venda Direta Online,,GLORIA DO GOITA,PE,Não
8444424948398,"RUA DO IPE BRANCO, N. S/N, QD C LT 33 VL N SRA GLORIA",LOT RES ALAMEDA DA L,"Casa, 0.00 de área total, 50.36 de área privativa, 140.00 de área do terreno,  2 qto(s), a.serv, WC, 1 sala(s), cozinha, Terraco, 1 vaga(s) de garagem.",24686.09,72000.0,65.72,Venda Direta Online,,GLORIA DO GOITA,PE,Não
8444418653888,"RUA DO IPE BRANCO, N. SN, LT 05, QD I",CENTRO,"Casa, 0.00 de área total, 61.36 de área privativa, 140.00 de área do terreno,  3 qto(s), a.serv, WC, 1 sala(s), cozinha, 1 vaga(s) de garagem.",32002.2,87000.0,63.22,Venda Direta Online,,GLORIA DO GOITA,PE,Não
8444426613172,"RUA PROJETADA 05, N. SN, LT.11 QD.D",CENTRO,"Casa, 0.00 de área total, 55.80 de área privativa, 126.00 de área do terreno,  2 qto(s), a.serv, WC, 1 sala(s), cozinha.",45907.51,120000.0,61.75,Venda Online,,GLORIA DO GOITA,PE,Não
8444412759820,"RUA EDVALDO BARBOSA DA COSTA, N. 0, QD E LT 03",Nova Glória,"Casa, 0.00 de área total, 69.18 de área privativa, 69.18 de área do terreno,  2 qto(s), WC, 1 sala(s), cozinha, 1 vaga(s) de garagem.",44121.6,108000.0,59.15,Venda Direta Online,,GLORIA DO GOITA,PE,Não
8444427974454,"RUA IPE BRANCO, N. SN, LT 19 QD D",RES ALAMEDA DA LAGOA,"Casa, 0.00 de área total, 55.80 de área privativa, 288.42 de área do terreno,  2 qto(s), a.serv, WC, 1 sala(s), cozinha, Terraco.",45680.24,103748.78,55.98,Venda Direta Online,,GLORIA DO GOITA,PE,Não
8444428078835,"RUA DOS VISGUEIROS, N. SN, LT 41 QD B",RES ALAMEDA DA LAGOA,"Casa, 0.00 de área total, 54.55 de área privativa, 140.00 de área do terreno,  2 qto(s), a.serv, WC, 1 sala(s), cozinha, Terraco.",45815.3,104055.54,55.98,Venda Direta Online,,GLORIA DO GOITA,PE,Não
8444408144077,"RUA PADRE SEVERINO CAETANO DA SILVA, N. 152 A, QD 04 LT 01 CS D1",BAIRRO SANTA RITA,"Casa, 0.00 de área total, 73.82 de área privativa, 73.82 de área do terreno,  2 qto(s), a.serv, WC, 1 sala(s), cozinha, Terraco.",43292.69,98000.0,55.83,Venda Direta Online,,GLORIA DO GOITA,PE,Não
8444425464270,"RUA  VISGUEIROS, N. SN, LT 13  QD C",CENTRO,"Casa, 0.00 de área total, 50.36 de área privativa, 140.00 de área do terreno,  2 qto(s), a.serv, WC, 1 sala(s), cozinha, Terraco.",32730.16,73000.0,55.17,Venda Direta Online,,GLORIA DO GOITA,PE,Não
8444427974462,"RUA DOS VISGUEIROS, N. SN, QD B LT 40",Centro,"Casa, 0.00 de área total, 55.80 de área privativa, 140.00 de área do terreno,  2 qto(s), a.serv, WC, 1 sala(s), cozinha, Terraco, 1 vaga(s) de garagem.",50310.37,111000.0,54.68,Venda Online,,GLORIA DO GOITA,PE,Não
8444428458026,"RUA DOS VISGUEIROS, N. SN, QD B LT 38",Centro,"Casa, 0.00 de área total, 55.80 de área privativa, 140.00 de área do terreno,  2 qto(s), WC, 1 sala(s), cozinha, 1 vaga(s) de garagem.",52760.01,116000.0,54.52,Venda Online,,GLORIA DO GOITA,PE,Não
8444408761955,"JOSE VICENTE DE PAULA, N. SN, Apto 01, LT 11 QD 02",SANTA RITA,"Apartamento, 0.00 de área total, 82.22 de área privativa, 0.01 de área do terreno,  3 qto(s), a.serv, WC, 1 sala(s), cozinha.",50004.48,108000.0,53.7,Venda Direta Online,,GLORIA DO GOITA,PE,Não
8444423584317,"RUA PROJETADA 05, N. S/N, QD C LT 25",GROTA FUNDA,"Casa, 55.80 de área total, 55.80 de área privativa, 126.00 de área do terreno,  2 qto(s), a.serv, WC, 1 sala(s), cozinha, 1 vaga(s) de garagem.",47351.38,98000.0,51.69,Venda Direta Online,,GLORIA DO GOITA,PE,Não
8444426568088,"RUA DOS VISGUEIROS, N. SN, QD B LT 44",VILA N S D GL,"Casa, 0.00 de área total, 54.55 de área privativa, 140.00 de área do terreno,  2 qto(s), a.serv, WC, 1 sala(s), cozinha, 1 vaga(s) de garagem.",43485.96,90000.0,51.69,Venda Direta Online,,GLORIA DO GOITA,PE,Não
8787701525308,"RUA PROJETADA 04, N. SN, LT 12 QD B",BAIRRO NOVA GLORIA,"Casa, 63.18 de área total, 63.18 de área privativa, 126.00 de área do terreno,  2 qto(s), varanda, a.serv, WC, 1 sala(s), cozinha.",44728.42,90000.0,50.31,Venda Direta Online,,GLORIA DO GOITA,PE,Não
8444408898829,"RUA FLAMBOYANT (ANTIGA RUA DA GLORIA), N. S/N, LOT 23 QD I",CENTRO,"Casa, 71.96 de área total, 71.96 de área privativa, 140.00 de área do terreno,  2 qto(s), a.serv, WC, 1 sala(s), cozinha, Terraco, 1 vaga(s) de garagem.",59845.53,116000.0,48.41,Venda Online,,GLORIA DO GOITA,PE,Não
8444426567839,"RUA DOS VISGUEIROS, N. SN, QD C LT 17",VILA N SRA DA GLORIA,"Casa, 54.55 de área total, 54.55 de área privativa, 140.00 de área do terreno,  2 qto(s), a.serv, WC, 1 sala(s), cozinha, Terraco.",56028.33,106000.0,47.15,Venda Online,,GLORIA DO GOITA,PE,Não
8444407198980,"RUA PADRE SEVERINO CAETANO DA SILVA, N. 15, CASA 08",LOT MÃE RAINHA,"Casa, 46.31 de área total, 46.31 de área privativa, 50.40 de área do terreno,  2 qto(s), a.serv, WC, 1 sala(s), cozinha.",51943.4,97000.0,46.46,Venda Direta Online,,GLORIA DO GOITA,PE,Não
8787701936910,"RUA PROJETADA 04, N. SN, LT 04 QD C",BAIRRO NOVA GLORIA,"Casa, 200.00 de área total, 55.80 de área privativa, 126.00 de área do terreno,  2 qto(s), varanda, a.serv, WC, 1 sala(s), cozinha.",137042.57,253000.0,45.84,Venda Online,,GLORIA DO GOITA,PE,Sim
8444419590880,"TRAVESSA SEVERINO CAETANO DA SILVA, N. SN, Apto 7A, QD 01 LT 07",LOT MÃE RAINHA,"Apartamento, 0.00 de área total, 63.52 de área privativa, 0.00 de área do terreno,  2 qto(s), a.serv, WC, 1 sala(s), cozinha.",61285.44,110000.0,44.29,Venda Direta Online,,GLORIA DO GOITA,PE,Não
8444412515645,"RUA EXISTENTE, N. SN, Apto 10B, QD03 LT10",SANTA RITA,"Apartamento, 61.68 de área total, 61.68 de área privativa, 0.00 de área do terreno,  2 qto(s), varanda, a.serv, WC, 1 sala(s), cozinha.",62856.87,110000.0,42.86,Venda Direta Online,,GLORIA DO GOITA,PE,Não
8444418233501,"RUA PADRE SEVERINO CAETANO DA SILVA, N. SN, Apto 03, QD 01 BL 03",Mãe Rainha,"Apartamento, 63.48 de área total, 63.48 de área privativa, 0.00 de área do terreno,  2 qto(s), a.serv, WC, 1 sala(s), cozinha.",56733.94,98000.0,42.11,Venda Direta Online,,GLORIA DO GOITA,PE,Não
8444421517620,"RUA PADRE PEDRO SOUZA LEAL, N. S/N, Apto 10, QD 01 LT 10",SANTA RITA,"Apartamento, 63.44 de área total, 63.44 de área privativa, 0.00 de área do terreno,  2 qto(s), a.serv, WC, 1 sala(s), cozinha.",77043.32,133000.0,42.08,Venda Online,,GLORIA DO GOITA,PE,Não
8444406115096,"RUA PROJETADA 1, N. SN, LOT 05 QD A",NOSSA SRA DA GLORIA,"Casa, 68.36 de área total, 68.36 de área privativa, 191.36 de área do terreno,  2 qto(s), a.serv, WC, 1 sala(s), cozinha, Terraco.",45311.03,78000.0,41.91,Venda Direta Online,,GLORIA DO GOITA,PE,Não
8444416226494,"RUA FLAMBOYANT, N. S/N, QD I LT 22",RES ALAMEDA DA LAGOA,"Casa, 71.96 de área total, 71.96 de área privativa, 140.00 de área do terreno,  2 qto(s), a.serv, WC, 1 sala(s), cozinha, Terraco, 1 vaga(s) de garagem.",46182.39,79500.0,41.91,Venda Direta Online,,GLORIA DO GOITA,PE,Não
8444411303920,"RUA IPE BRANCO, N. SN, ANTERIORMENTE QD I  LT 3",CENTRO,"Casa, 61.39 de área total, 61.39 de área privativa, 140.00 de área do terreno,  3 qto(s), a.serv, WC, 1 sala(s), cozinha, 1 vaga(s) de garagem.",90000.0,90000.0,0.0,Leilão SFI - Edital Único,,GLORIA DO GOITA,PE,Não
8444432308327,"RUA DOS VISGUEIROS, N. SN, QUADRA C LOTE 15",CENTRO,"Casa, 54.55 de área total, 54.55 de área privativa, 140.00 de área do terreno,  2 qto(s), a.serv, WC, WC Emp, 1 sala(s), cozinha, Terraco.",130000.0,66402.81,0.0,Leilão SFI - Edital Único,,GLORIA DO GOITA,PE,Não
10208076,"VIA LOCAL 12/ MARGENS PE 49, N. SN, QD 25, LT 10, UN10",DISTRITO DE TEJUCUPAPO,"Terreno, 0.00 de área total, 0.00 de área privativa, 250.00 de área do terreno.",24471.42,65000.0,62.36,Venda Direta Online,,GOIANA,PE,Não
8444414430892,"RUA PROJETADA, N. SN, Apto 101, LT 17  QD 13",LOTEAMENTO CATAUMA D,"Apartamento, 0.00 de área total, 52.65 de área privativa, 0.00 de área do terreno,  2 qto(s), a.serv, WC, 1 sala(s), sacada, cozinha.",53799.62,115000.0,53.22,Venda Direta Online,,GOIANA,PE,Não
10309352,"SITÍO GRAVATÁ, N. 00",ZONA RURAL,"Imóvel rural, 0.00 de área total, 0.00 de área privativa, 390000.00 de área do terreno.",208660.0,90000.0,0.0,Leilão SFI - Edital Único,,GRANITO,PE,Não
1444410727000,"RUA JOSE LUIS DA SILVA, N. 137, Apto 04, FLAT 4 DUPLEX",PRADO,"Apartamento, 70.03 de área total, 70.03 de área privativa, 0.00 de área do terreno,  2 qto(s), a.serv, WC, 1 sala(s), cozinha.",79902.57,172500.0,53.68,Venda Direta Online,,GRAVATA,PE,Sim
1444406260080,"RUA SAO MIGUEL, N. SN, LT 116 A31",BAIRRO NOVO,"Terreno, 0.00 de área total, 0.00 de área privativa, 260.00 de área do terreno.",32065.3,58800.0,45.47,Venda Direta Online,,GRAVATA,PE,Não
1444413648969,"RUA JOSE LUIS DA SILVA, N. 137, Apto 02, LOTE 18-A, QUADRA C, FLAT 02 DUPLEX",PRADO,"Apartamento, 0.00 de área total, 70.03 de área privativa, 0.00 de área do terreno,  2 qto(s), a.serv, WC, 1 sala(s), cozinha.",96216.58,173100.0,44.42,Venda Online,,GRAVATA,PE,Não
1444414395738,"RUA DJALMA PEREIRA DE LIMA, N. 120, LT 40 QD Q",CRUZEIRO,"Casa, 99.90 de área total, 99.90 de área privativa, 288.00 de área do terreno,  3 qto(s), a.serv, WC, 1 sala(s), DCE, cozinha.",165064.4,296000.0,44.24,Venda Direta Online,,GRAVATA,PE,Sim
1444409843159,"RUA DOUTOR JURANDIR CORREIA DE MELO, N. 17,",BAIRRO NOVO,"Casa, 102.50 de área total, 102.50 de área privativa, 31.98 de área do terreno,  3 qto(s), a.serv, WC, 1 sala(s), cozinha.",133123.03,235000.0,43.36,Venda Direta Online,,GRAVATA,PE,Sim
8444407089803,"RUA PERGENTINA MADALENA DE PAIVA, N. 43, LT 26 QD J",LUIZEANA II,"Casa, 50.00 de área total, 50.00 de área privativa, 90.00 de área do terreno,  2 qto(s), a.serv, WC, 1 sala(s), cozinha, Terraco.",34854.64,60000.0,41.91,Venda Direta Online,,GRAVATA,PE,Não
1555528122686,"RUA JOAO CORREIA DE MELO SOBRINHO, N. 48-C, Apto 04, PAV SUPERIOR PARTE LT 16 QD B",GRAVATA CENTRO,"Apartamento, 96.30 de área total, 96.30 de área privativa, 0.00 de área do terreno,  3 qto(s), varanda, a.serv, WC, 2 sala(s), cozinha.",169780.53,288000.0,41.05,Venda Online,,GRAVATA,PE,Sim
1444403420744,"QUADRA I, N. SN, LT 07",NOSSA S AUXILIADORA,"Terreno, 0.00 de área total, 0.00 de área privativa, 502.44 de área do terreno.",63818.64,107000.0,40.36,Venda Direta Online,,GRAVATA,PE,Não
1444414343398,"RUA JOSE LUIS DA SILVA, N. 137, Apto 01, FLAT DUPLEX LT 18-A QD C",PRADO,"Apartamento, 71.05 de área total, 71.05 de área privativa, 0.00 de área do terreno,  2 qto(s), a.serv, WC, 1 sala(s), cozinha, 1 vaga(s) de garagem.",117198.62,196000.0,40.21,Venda Direta Online,,GRAVATA,PE,Não
1444411928395,"RUA JOSE LUIS DA SILVA, N. 137, FLAT 09, LOTE 18-A QD C",PRADO,"Casa, 70.03 de área total, 70.03 de área privativa, 704.37 de área do terreno,  2 qto(s), a.serv, WC, 1 sala(s), cozinha, 1 vaga(s) de garagem.",108389.57,180000.0,39.79,Venda Direta Online,,GRAVATA,PE,Não
8444422754499,"R NEUZA BEZERRA DA SILVA, N. 75, LT 37-A, QD O",CRUZEIRO,"Casa, 52.32 de área total, 52.32 de área privativa, 131.25 de área do terreno,  2 qto(s), WC, 2 sala(s), cozinha.",52541.7,87000.0,39.61,Venda Direta Online,,GRAVATA,PE,Não
10282354,"RUA ALTO DA BOA VISTA, N. 429",BAIRRO NOVO,"Casa, 0.00 de área total, 41.00 de área privativa, 296.00 de área do terreno.",107463.17,174000.0,38.24,Venda Direta Online,,GRAVATA,PE,Não
1444413525816,"RUA JOSE LUIS DA SILVA, N. 137, Apto 05, QD C, LT 18-A",PRADO,"Apartamento, 86.78 de área total, 71.05 de área privativa, 0.00 de área do terreno,  2 qto(s), a.serv, WC, 1 sala(s), cozinha.",107650.92,174304.0,38.24,Venda Direta Online,,GRAVATA,PE,Não
8444430341823,"RUA PRIMEIRO DE JANEIRO, N. 1411, Apto 01, QD L LT 40A",CRUZEIRO,"Apartamento, 51.88 de área total, 51.88 de área privativa, 0.00 de área do terreno,  2 qto(s), varanda, a.serv, WC, 1 sala(s), cozinha.",190000.0,163000.0,0.0,Leilão SFI - Edital Único,,GRAVATA,PE,Não
1444412584274,"RUA ADLOFO DE MOURA POROCA, N. 201, LT 06B QD 02",GRAVATA,"Casa, 151.22 de área total, 151.22 de área privativa, 720.00 de área do terreno,  4 qto(s), a.serv, WC, 1 sala(s), cozinha, Terraco.",450000.0,319867.46,0.0,Leilão SFI - Edital Único,,GRAVATA,PE,Não
8444404552162,"RUA 06, N. 30, QD O LT 15",LUIZEANA II,"Casa, 50.00 de área total, 50.00 de área privativa, 90.00 de área do terreno,  2 qto(s), a.serv, WC, 2 sala(s), cozinha, Terraco.",180000.0,78000.0,0.0,Leilão SFI - Edital Único,,GRAVATA,PE,Não
10300061,"FAZENDA SERRA DA INVEJA - 08, N. 00",ZONA RURAL,"Imóvel rural, 0.00 de área total, 0.00 de área privativa, 2631082.00 de área do terreno.",2631000.0,738000.0,0.0,Leilão SFI - Edital Único,,IBIMIRIM,PE,Não
8444412174597,"RUA PROJETADA 11, N. SN, Apto 105, BL C",AGAMENON MAGALHAES,"Apartamento, 47.94 de área total, 43.62 de área privativa, 0.00 de área do terreno,  2 qto(s), a.serv, WC, 1 sala(s), cozinha, 1 vaga(s) de garagem.",29005.01,124000.0,76.61,Venda Direta Online,,IGARASSU,PE,Não
8444408412764,"RUA ENGENHEIRO RONALDO CALADO PANTALEAO, N. SN, Apto 201, PAVIMENTO SUPERIOR",BELA VISTA,"Apartamento, 69.10 de área total, 55.22 de área privativa, 0.00 de área do terreno,  2 qto(s), WC, 1 sala(s), sacada, cozinha, 1 vaga(s) de garagem.",27712.79,107000.0,74.11,Venda Direta Online,,IGARASSU,PE,Não
8444403934053,"ROD BR-101 KM 24 (ATUAL AV BARÃO DE VERA CRUZ), N. SN, Apto 204, BL 07/A",CRUZ DO REBOUCAS,"Apartamento, 0.00 de área total, 50.01 de área privativa, 0.00 de área do terreno,  2 qto(s), varanda, a.serv, WC, 1 sala(s), cozinha.",30980.41,119592.9,74.1,Venda Direta Online,,IGARASSU,PE,Não
8444411406630,"RUA PROJETADA 11, N. S/N, Apto 5, BL C",AGAMENON MAGALHAES,"Apartamento, 47.39 de área total, 45.81 de área privativa, 0.00 de área do terreno,  2 qto(s), a.serv, WC, 1 sala(s), cozinha, 1 vaga(s) de garagem.",25223.41,96000.0,73.73,Venda Direta Online,,IGARASSU,PE,Não
8444410941108,"RUA RONALDO CALADO PANTALEAO, N. SN, CASA 3",BELA VISTA,"Casa, 0.00 de área total, 57.33 de área privativa, 375.00 de área do terreno,  3 qto(s), WC, 1 sala(s), cozinha, 1 vaga(s) de garagem.",41906.1,150000.0,72.07,Venda Online,,IGARASSU,PE,Não
8444426414811,"RUA MANOEL ROSENDO DE LIMA, N. 8A, Apto 201,",TABATINGA,"Apartamento, 0.00 de área total, 51.19 de área privativa, 0.00 de área do terreno,  2 qto(s), varanda, a.serv, WC, 1 sala(s), cozinha, 1 vaga(s) de garagem.",51963.56,155000.0,66.48,Venda Direta Online,,IGARASSU,PE,Não
8444412239982,"RUA LOTUS, N. SN, Apto 103, BL C",AGAMENON MAGALHAES,"Apartamento, 0.00 de área total, 42.18 de área privativa, 0.00 de área do terreno,  2 qto(s), a.serv, WC, 1 sala(s), cozinha, 1 vaga(s) de garagem.",41942.75,119000.0,64.76,Venda Online,,IGARASSU,PE,Não
8444413425437,"RUA ABEL BRUM FILHO, N. S/N, QD K, LT 04-A, CS 01",JABACO,"Casa, 0.00 de área total, 47.88 de área privativa, 600.00 de área do terreno,  2 qto(s), varanda, a.serv, WC, 1 sala(s), cozinha, 1 vaga(s) de garagem.",42528.84,115000.0,63.02,Venda Direta Online,,IGARASSU,PE,Não
8444431560855,"RUA DAMAS VERDES, N. 03-A, Apto 202, .",UMBURA,"Apartamento, 0.00 de área total, 40.05 de área privativa, 0.00 de área do terreno,  2 qto(s), a.serv, WC, 1 sala(s), cozinha, 1 vaga(s) de garagem.",56161.23,149719.0,62.49,Venda Direta Online,,IGARASSU,PE,Não
8444403722161,"AVENIDA JAMAICA, N. 38, LT Q1, QD Q1",AGAMENON MAGALHAES,"Casa, 0.00 de área total, 50.55 de área privativa, 150.00 de área do terreno,  2 qto(s), a.serv, WC, 1 sala(s), cozinha, Terraco, 1 vaga(s) de garagem.",61182.9,146000.0,58.1,Venda Direta Online,,IGARASSU,PE,Não
8444412198437,"RUA PALMIRA EDUARDA DA SILVA, N. SN, Apto 08, BL B, PAV SUP, LT 10-A, QD Z-04",TABATINGA,"Apartamento, 0.00 de área total, 47.11 de área privativa, 0.00 de área do terreno,  2 qto(s), a.serv, WC, 1 sala(s), cozinha, 1 vaga(s) de garagem.",61002.41,138000.0,55.8,Venda Direta Online,,IGARASSU,PE,Não
8555524140467,"RUA PROJETADA 03, N. 19, QD A LT 19",AGAMENON MAGALHAES,"Casa, 0.00 de área total, 42.17 de área privativa, 128.00 de área do terreno,  2 qto(s), a.serv, WC, 1 sala(s), cozinha.",56673.92,122000.0,53.55,Venda Online,,IGARASSU,PE,Não
8787700037164,"RUA PROJETADA 01, N. S/N, Apto 102, BL 03",INHAMA,"Apartamento, 0.00 de área total, 43.82 de área privativa, 0.00 de área do terreno,  2 qto(s), varanda, a.serv, WC, 1 sala(s), cozinha, 1 vaga(s) de garagem.",62466.69,133000.0,53.04,Venda Online,,IGARASSU,PE,Não
8444409320367,"RUA DOS ABACATEIROS, N. SN, CS 4, QD E, LT 6, VG 02",UMBURA,"Casa, 38.95 de área total, 38.95 de área privativa, 73.12 de área do terreno,  1 qto(s), a.serv, WC, 1 sala(s), cozinha, 1 vaga(s) de garagem.",54993.38,115000.0,52.18,Venda Direta Online,,IGARASSU,PE,Não
8444403526281,"RUA PALMIRA EDUARDA DA SILVA, N. SN, CS 02 LT 13 QD Z-4",TABATINGA,"Casa, 56.67 de área total, 56.67 de área privativa, 125.00 de área do terreno,  2 qto(s), varanda, a.serv, WC, 2 sala(s), cozinha, 1 vaga(s) de garagem.",60687.35,125000.0,51.46,Venda Direta Online,,IGARASSU,PE,Não
8787707845185,"RUA MANOEL ROSENDO DE LIMA, N. S/N, Apto 003, BL IV, VG 051, LT 02A. QD Z12",TABATINGA,"Apartamento, 56.57 de área total, 52.46 de área privativa, 0.00 de área do terreno,  2 qto(s), varanda, a.serv, WC, 1 sala(s), cozinha, 1 vaga(s) de garagem.",70891.15,145000.0,51.11,Venda Direta Online,,IGARASSU,PE,Não
8444416425632,"RUA PALMIRA EDUARDA DA SILVA, N. 80, CS02, QDZ5 LT21 LOT CORTEGADA",TABATINGA,"Casa, 60.75 de área total, 60.75 de área privativa, 250.00 de área do terreno,  3 qto(s), a.serv, WC, 1 sala(s), cozinha, Terraco, 1 vaga(s) de garagem.",79121.95,160138.82,50.6,Venda Direta Online,,IGARASSU,PE,Não
8444424029899,"RUA PLATINA, N. 17, Apto 102, LOTE 17 QD. B",AGAMENON MAGALHAES,"Apartamento, 59.96 de área total, 56.54 de área privativa, 0.00 de área do terreno,  2 qto(s), a.serv, WC, 1 sala(s), cozinha, 1 vaga(s) de garagem.",79081.74,157000.0,49.63,Venda Direta Online,,IGARASSU,PE,Não
8444416068074,"RUA CAMPOS, N. 290, CS290-A LT13 QD H LOT MARINGA",VILA RURAL,"Casa, 64.50 de área total, 43.50 de área privativa, 162.00 de área do terreno,  2 qto(s), varanda, a.serv, WC, 1 sala(s), cozinha, 1 vaga(s) de garagem.",50655.3,100000.0,49.35,Venda Direta Online,,IGARASSU,PE,Não
8444417961147,"RUA DAS CARNAUBEIRAS, N. SN, Apto 05, BL B",UMBURA,"Apartamento, 74.67 de área total, 54.93 de área privativa, 0.00 de área do terreno,  2 qto(s), a.serv, WC, 1 sala(s), cozinha, 1 vaga(s) de garagem.",76138.6,150000.0,49.25,Venda Direta Online,,IGARASSU,PE,Não
8444406222143,"RUA JOSE MENDES DE ARAGAO, N. 303, CS 303E",TABATINGA,"Casa, 60.94 de área total, 60.94 de área privativa, 0.00 de área do terreno,  3 qto(s), a.serv, WC, 1 sala(s), cozinha, Terraco, 1 vaga(s) de garagem.",67730.03,132513.95,48.89,Venda Online,,IGARASSU,PE,Não
8555514926115,"RUA TRUPIAL, N. 6-A, CS 02",AGAMENON MAGALHAES,"Casa, 52.90 de área total, 52.90 de área privativa, 177.34 de área do terreno,  2 qto(s), varanda, WC, 1 sala(s), cozinha.",64564.15,126319.91,48.89,Venda Online,,IGARASSU,PE,Não
8787710967008,"RUA BEIJA FLOR, N. 127, CS 37 QD D",JABACO,"Casa, 46.30 de área total, 46.30 de área privativa, 144.00 de área do terreno,  2 qto(s), a.serv, WC, 1 sala(s), cozinha, 1 vaga(s) de garagem.",70534.04,138000.0,48.89,Venda Direta Online,,IGARASSU,PE,Não
8444430187000,"RUA JOSE ERALDO CARNEIRO LEAO, N. 42, CS 03",AGAMENON MAGALHAES,"Casa, 51.96 de área total, 51.96 de área privativa, 373.78 de área do terreno,  3 qto(s), varanda, a.serv, WC, 1 sala(s), cozinha, 1 vaga(s) de garagem.",76842.01,150000.0,48.78,Venda Direta Online,,IGARASSU,PE,Não
8444417708360,"RUA ANTONIA MARIA DA CONCEICAO, N. SN, CS 02 QD K",JABACO,"Casa, 51.65 de área total, 51.65 de área privativa, 133.32 de área do terreno,  2 qto(s), a.serv, WC, 1 sala(s), cozinha, 1 vaga(s) de garagem.",72231.49,141000.0,48.78,Venda Online,,IGARASSU,PE,Não
8444406324060,"R JAMAICA, N. SN, CS 09, LT 08, QD 08",AGAMENON MAGALHAES,"Casa, 55.30 de área total, 55.04 de área privativa, 55.30 de área do terreno,  2 qto(s), a.serv, WC, 1 sala(s), cozinha, 1 vaga(s) de garagem.",66773.26,130000.0,48.64,Venda Direta Online,,IGARASSU,PE,Não
8444410464237,"RUA ACUCENA, N. SN, Apto 102, QD D LT 10",UMBURA,"Apartamento, 49.61 de área total, 49.61 de área privativa, 0.00 de área do terreno,  2 qto(s), a.serv, WC, 1 sala(s), cozinha, 1 vaga(s) de garagem.",61909.17,120000.0,48.41,Venda Online,,IGARASSU,PE,Não
8444410868494,"RUA JOSE MENDES DE ARAGAO, N. SN, CS 01 QDR LT 11",TABATINGA,"Casa, 61.95 de área total, 61.95 de área privativa, 250.00 de área do terreno,  3 qto(s), varanda, a.serv, WC, 1 sala(s), cozinha, 1 vaga(s) de garagem.",83481.76,161000.0,48.15,Venda Direta Online,,IGARASSU,PE,Sim
8787711140000,"ESTRADA COMERCIAL DA PITANGA, N. SN, Apto 408, BL 01",AGAMENON MAGALHAES,"Apartamento, 0.00 de área total, 43.40 de área privativa, 0.00 de área do terreno,  2 qto(s), varanda, a.serv, WC, 1 sala(s), cozinha, 1 vaga(s) de garagem.",81184.53,154074.7,47.31,Venda Online,,IGARASSU,PE,Não
1444417318351,"TRAVESSA DO COMERCIO, N. 08, Apto 101, LT 08, QD 01",UMBURA,"Apartamento, 88.12 de área total, 88.12 de área privativa, 0.00 de área do terreno,  3 qto(s), varanda, a.serv, WC, 1 sala(s), cozinha, 1 vaga(s) de garagem.",119011.6,225670.13,47.27,Venda Direta Online,,IGARASSU,PE,Sim
8444430240032,"RUA JOSE ANTONIO RIBEIRO NETO, N. 18-A, Apto 04,",UMBURA,"Apartamento, 0.00 de área total, 47.34 de área privativa, 0.00 de área do terreno,  2 qto(s), varanda, a.serv, WC, 1 sala(s), cozinha, 1 vaga(s) de garagem.",85333.62,160000.0,46.67,Venda Direta Online,,IGARASSU,PE,Não
8787715647095,"ESTRADA COMERCIAL DA PITANGA, N. SN, Apto 104, BL 07 LT A GRANJA STO ANTONIO",AGAMENON MAGALHAES,"Apartamento, 0.00 de área total, 47.13 de área privativa, 0.00 de área do terreno.",90133.64,169000.0,46.67,Venda Direta Online,,IGARASSU,PE,Não
8444434504697,"RUA OLINDA, N. 24A, Apto 102,  QD13 LT24-A",BELA VISTA,"Apartamento, 55.25 de área total, 49.63 de área privativa, 0.00 de área do terreno,  2 qto(s), a.serv, WC, 1 sala(s), cozinha, 1 vaga(s) de garagem.",91750.14,172030.95,46.67,Venda Direta Online,,IGARASSU,PE,Sim
8444409855473,"RUA ANDRADINA, N. 15, QD 14",ARASSOIABA,"Casa, 55.22 de área total, 55.00 de área privativa, 130.00 de área do terreno,  2 qto(s), WC, 1 sala(s), cozinha, 1 vaga(s) de garagem.",67218.62,123434.0,45.55,Venda Direta Online,,IGARASSU,PE,Não
8444407655426,"RUA RONALDO CALADO PANTALEAO, N. SN, Apto 101, LT 03 QD 29",BELA VISTA,"Apartamento, 55.22 de área total, 55.22 de área privativa, 0.00 de área do terreno,  2 qto(s), varanda, WC, 1 sala(s), cozinha, 1 vaga(s) de garagem.",67799.14,124500.0,45.55,Venda Direta Online,,IGARASSU,PE,Não
8787711349898,"ESTRADA COMERCIAL DA PITANGA, N. SN, Apto 401, BL 01",AGAMENON MAGALHAES,"Apartamento, 78.29 de área total, 43.40 de área privativa, 0.00 de área do terreno,  2 qto(s), varanda, a.serv, WC, 1 sala(s), cozinha, 1 vaga(s) de garagem.",93185.49,170000.0,45.19,Venda Direta Online,,IGARASSU,PE,Não
8787715834472,"ESTRADA COMERCIAL DA PITANGA, N. SN, Apto 203, BLOCO 02",AGAMENON MAGALHAES,"Apartamento, 0.00 de área total, 43.40 de área privativa, 0.00 de área do terreno,  2 qto(s), varanda, a.serv, WC, 1 sala(s), cozinha, 1 vaga(s) de garagem.",87704.0,160000.0,45.19,Venda Online,,IGARASSU,PE,Não
8444434462960,"RUA DOS LIMOEIRO, N. 19, Apto 04,",UMBURA,"Apartamento, 0.00 de área total, 45.82 de área privativa, 0.00 de área do terreno,  2 qto(s), 1 sala(s), cozinha, 1 vaga(s) de garagem.",72461.6,131674.29,44.97,Venda Direta Online,,IGARASSU,PE,Não
1444414878100,"ALAMEDA DOS COQUEIROS, N. 15, Apto 104,",SANTA LUZIA,"Apartamento, 0.00 de área total, 45.50 de área privativa, 0.00 de área do terreno,  2 qto(s), varanda, a.serv, WC, 1 sala(s), cozinha, 1 vaga(s) de garagem.",96994.77,174500.0,44.42,Venda Direta Online,,IGARASSU,PE,Sim
8787711062165,"ESTRADA COMERCIAL DA PITANGA, N. SN, Apto 407, BL 06",AGAMENON MAGALHAES,"Apartamento, 78.29 de área total, 43.40 de área privativa, 0.00 de área do terreno,  2 qto(s), a.serv, WC, 1 sala(s), cozinha, 1 vaga(s) de garagem.",77866.57,140000.0,44.39,Venda Direta Online,,IGARASSU,PE,Não
8444432764756,"RUA OLINDA, N. 15, Apto 02, PAV TÉRREO",BELA VISTA,"Apartamento, 48.48 de área total, 45.24 de área privativa, 0.00 de área do terreno,  2 qto(s), WC, 1 sala(s), cozinha, 1 vaga(s) de garagem.",80647.53,145000.0,44.39,Venda Direta Online,,IGARASSU,PE,Sim
8444410868109,"RUA JOSE MENDES DE ARAGAO, N. 02, LOTE 11 QD R",TABATINGA,"Casa, 72.95 de área total, 61.95 de área privativa, 250.00 de área do terreno,  3 qto(s), varanda, a.serv, WC, 1 sala(s), cozinha, 1 vaga(s) de garagem.",90074.38,160000.0,43.71,Venda Direta Online,,IGARASSU,PE,Sim
8444435621182,"RUA DOIS IRMAOS, N. 16-A, Apto 01, BL O VG 01 O",SITIO DOS MARCOS,"Apartamento, 45.50 de área total, 45.50 de área privativa, 0.00 de área do terreno,  2 qto(s), a.serv, WC, 1 sala(s), cozinha, 1 vaga(s) de garagem.",95704.02,170000.0,43.71,Venda Direta Online,,IGARASSU,PE,Sim
8444426503660,"RUA CURITIBA, N. 371, Apto 04, BL E",SANTA RITA,"Apartamento, 60.03 de área total, 60.03 de área privativa, 0.00 de área do terreno,  3 qto(s), a.serv, WC, 1 sala(s), cozinha, 1 vaga(s) de garagem.",94015.13,167000.0,43.71,Venda Direta Online,,IGARASSU,PE,Sim
8444408284464,"RUA ENGENHEIRO RONALDO CALADO PANTALEÃO, N. SN, Apto 202, LT03 Q29A LOT JD BELA VISTA",BELA VISTA,"Apartamento, 0.00 de área total, 55.22 de área privativa, 0.00 de área do terreno,  2 qto(s), varanda, WC, 1 sala(s), cozinha, 1 vaga(s) de garagem.",48687.71,86257.7,43.56,Venda Online,,IGARASSU,PE,Não
8444418270997,"ALAMEDA DOS CRAVOS, N. 211, CASA 211-B,",SANTA LUZIA,"Casa, 64.50 de área total, 43.50 de área privativa, 329.06 de área do terreno,  2 qto(s), a.serv, WC, 1 sala(s), cozinha, 1 vaga(s) de garagem.",63999.72,112000.0,42.86,Venda Direta Online,,IGARASSU,PE,Não
8444404155686,"AVENIDA JAMAICA, N. SN, CASA 16, QD Q-4",AGAMENON MAGALHAES,"Casa, 0.00 de área total, 50.55 de área privativa, 162.64 de área do terreno,  2 qto(s), WC, 1 sala(s), cozinha, Terraco, 1 vaga(s) de garagem.",62856.87,110000.0,42.86,Venda Online,,IGARASSU,PE,Não
8444408136414,"RUA DO SOSSEGO, N. 225, LT 8-A QD 65 LOT MENINO JESUS DE PRAGA",BELA VISTA,"Casa, 65.00 de área total, 65.00 de área privativa, 720.00 de área do terreno,  3 qto(s), varanda, a.serv, WC, 1 sala(s), cozinha, 1 vaga(s) de garagem.",71654.14,125000.0,42.68,Venda Direta Online,,IGARASSU,PE,Não
8555513946210,"RUA FRANCISCO FERREIRA DA SILVA, N. 10, CS UH-10 LT 01-B QD V",TABATINGA,"Casa, 49.03 de área total, 49.03 de área privativa, 618.75 de área do terreno,  2 qto(s), a.serv, WC, 1 sala(s), cozinha, 1 vaga(s) de garagem.",55576.11,96000.0,42.11,Venda Direta Online,,IGARASSU,PE,Não
8555514360464,"RUA FRANCISCO FERREIRA DA SILVA, N. S/Nº, UH-09 - ACESSO R. JOSE MENDES DE ARAGA",TABATINGA,"Casa, 0.00 de área total, 49.03 de área privativa, 618.75 de área do terreno,  2 qto(s), a.serv, WC, 1 sala(s), cozinha, 1 vaga(s) de garagem.",55576.11,96000.0,42.11,Venda Direta Online,,IGARASSU,PE,Não
8444415008132,"RUA DAS CARNAUBEIRAS, N. SN, Apto 02,  TÉRREO, LT 12, QD N",UMBURA,"Apartamento, 0.00 de área total, 56.07 de área privativa, 0.00 de área do terreno,  2 qto(s), varanda, a.serv, WC, 1 sala(s), cozinha, 1 vaga(s) de garagem.",55599.75,96040.84,42.11,Venda Direta Online,,IGARASSU,PE,Não
8444416613528,"RUA DOIS IRMAOS, N. SN, CASA 05, LT 133-A",SITIO DOS MARCOS,"Casa, 58.70 de área total, 58.70 de área privativa, 326.42 de área do terreno,  2 qto(s), a.serv, WC, 1 sala(s), cozinha, 1 vaga(s) de garagem.",74726.23,129000.0,42.08,Venda Direta Online,,IGARASSU,PE,Não
8444423959833,"RUA MIRANDOPOLIS, N. 145, Apto 03,",SITIO DOS MARCOS,"Apartamento, 48.97 de área total, 48.97 de área privativa, 0.00 de área do terreno,  2 qto(s), a.serv, WC, 1 sala(s), cozinha, 1 vaga(s) de garagem.",76464.05,132000.0,42.08,Venda Direta Online,,IGARASSU,PE,Não
8444427269955,"RUA MARCILIO BENICIO BEZERRA, N. 25-A, Apto 002, BL A QD 01 LT 25-A",UMBURA,"Apartamento, 61.54 de área total, 45.10 de área privativa, 0.00 de área do terreno,  2 qto(s), a.serv, WC, 1 sala(s), cozinha, Terraco, 1 vaga(s) de garagem.",75305.5,130000.0,42.08,Venda Direta Online,,IGARASSU,PE,Não
8444428408576,"RUA PALADIO, N. 19 A, Apto 104, PAVIMENTO SUPERIOR",AGAMENON MAGALHAES,"Apartamento, 61.57 de área total, 47.27 de área privativa, 0.00 de área do terreno,  2 qto(s), a.serv, WC, 1 sala(s), cozinha, 1 vaga(s) de garagem.",76464.05,132000.0,42.08,Venda Direta Online,,IGARASSU,PE,Não
8787711141103,"ESTRADA COMERCIAL DA PITANGA, N. SN, Apto 402, BL 01",AGAMENON MAGALHAES,"Apartamento, 78.29 de área total, 43.40 de área privativa, 0.00 de área do terreno,  2 qto(s), varanda, a.serv, WC, 1 sala(s), cozinha, 1 vaga(s) de garagem.",75305.5,130000.0,42.08,Licitação Aberta,,IGARASSU,PE,Não
8787707535950,"R PROJETADA 01, N. 14,",JABACO,"Casa, 46.30 de área total, 46.30 de área privativa, 144.00 de área do terreno,  2 qto(s), a.serv, WC, 1 sala(s), cozinha, 1 vaga(s) de garagem.",74353.27,128356.16,42.08,Venda Direta Online,,IGARASSU,PE,Não
8444432923200,"RUA JOSE ERALDO CARNEIRO LEAO, N. SN, Apto 01, BL 01 LT 14 A  QD A",AGAMENON MAGALHAES,"Apartamento, 45.25 de área total, 45.25 de área privativa, 0.00 de área do terreno,  2 qto(s), a.serv, WC, 1 sala(s), cozinha, 1 vaga(s) de garagem.",46472.85,80000.0,41.91,Licitação Aberta,,IGARASSU,PE,Não
8219100010587,"RUA FREI GALVAO, N. 131, LT 131 QD E",AGAMENON MAGALHAES,"Casa, 42.00 de área total, 42.00 de área privativa, 160.00 de área do terreno,  2 qto(s), a.serv, WC, 1 sala(s), cozinha, Terraco.",59315.54,102000.0,41.85,Venda Online,,IGARASSU,PE,Não
8444409068536,"RUA IVANILDO COELHO DE OLIVEIRA, N. SN, Apto 01, BL A",TABATINGA,"Apartamento, 0.00 de área total, 59.74 de área privativa, 0.00 de área do terreno,  3 qto(s), varanda, WC, 1 sala(s), cozinha.",87819.45,150000.0,41.46,Venda Direta Online,,IGARASSU,PE,Não
8444405376783,"RUA TREZE DE JULHO, N. SN, Apto 02,",INHAMA,"Apartamento, 0.00 de área total, 51.14 de área privativa, 0.00 de área do terreno,  2 qto(s), varanda, a.serv, 1 sala(s), cozinha, 1 vaga(s) de garagem.",90746.77,155000.0,41.46,Venda Direta Online,,IGARASSU,PE,Não
8444422393640,"RUA PALADIO, N. 21, Apto 104, BOX 104",AGAMENON MAGALHAES,"Apartamento, 50.57 de área total, 47.27 de área privativa, 0.00 de área do terreno,  2 qto(s), a.serv, WC, 1 sala(s), cozinha, 1 vaga(s) de garagem.",82550.28,141000.0,41.46,Licitação Aberta,,IGARASSU,PE,Não
8787714896822,"ESTRADA COMERCIAL DA PITANGA, N. SN, Apto 204, 1 PAVIMENTO BL 01",AGAMENON MAGALHAES,"Apartamento, 78.29 de área total, 43.40 de área privativa, 0.00 de área do terreno,  2 qto(s), a.serv, WC, 1 sala(s), cozinha, 1 vaga(s) de garagem.",90746.77,155000.0,41.46,Licitação Aberta,,IGARASSU,PE,Não
8444437172474,"AVENIDA SEVERINO TAVARES UCHOA, N. 12A, Apto 03,",BELA VISTA,"Apartamento, 47.30 de área total, 45.70 de área privativa, 0.00 de área do terreno,  2 qto(s), a.serv, WC, 1 sala(s), cozinha, 1 vaga(s) de garagem.",81964.82,140000.0,41.46,Licitação Aberta,,IGARASSU,PE,Não
8444425103430,"RUA MANOEL ROSENDO DE LIMA, N. 08-A, Apto 102,",TABATINGA,"Apartamento, 55.69 de área total, 51.19 de área privativa, 0.00 de área do terreno,  2 qto(s), a.serv, WC, 1 sala(s), cozinha, 1 vaga(s) de garagem.",97778.11,165000.0,40.75,Venda Direta Online,,IGARASSU,PE,Não
8444437293301,"RUA FRANCISCO NUNES PEREIRA, N. 55-A, Apto 06, BL C",TABATINGA,"Apartamento, 50.50 de área total, 50.50 de área privativa, 0.00 de área do terreno,  2 qto(s), a.serv, WC, 1 sala(s), cozinha, Terraco, 1 vaga(s) de garagem.",103704.06,175000.0,40.75,Licitação Aberta,,IGARASSU,PE,Não
8444426395256,"RUA DOIS IRMAOS, N. 133, Apto 2,",SITIO DOS MARCOS,"Apartamento, 0.00 de área total, 50.63 de área privativa, 0.00 de área do terreno,  2 qto(s), varanda, a.serv, WC, 1 sala(s), cozinha, 1 vaga(s) de garagem.",96000.33,162000.0,40.75,Venda Direta Online,,IGARASSU,PE,Não
8444424093139,"RUA DOS ABACATEIROS, N. 501, Apto 102,",UMBURA,"Apartamento, 71.30 de área total, 53.99 de área privativa, 0.00 de área do terreno,  3 qto(s), a.serv, WC, 1 sala(s), cozinha, 1 vaga(s) de garagem.",96592.92,163000.0,40.75,Venda Direta Online,,IGARASSU,PE,Não
8787711144471,"ESTRADA COMERCIAL DA PITANGA, N. S/N, Apto 407, BL 07",AGAMENON MAGALHAES,"Apartamento, 78.29 de área total, 43.40 de área privativa, 0.00 de área do terreno,  2 qto(s), WC, 1 sala(s), cozinha, 1 vaga(s) de garagem.",98370.7,166000.0,40.75,Venda Direta Online,,IGARASSU,PE,Não
8787712118164,"ESTRADA COMERCIAL DA PITANGA, N. S/N, Apto 101, BL 01",AGAMENON MAGALHAES,"Apartamento, 82.47 de área total, 47.13 de área privativa, 0.00 de área do terreno,  2 qto(s), a.serv, WC, 1 sala(s), 1 vaga(s) de garagem.",107797.44,181907.56,40.75,Venda Direta Online,,IGARASSU,PE,Não
8787709476853,"RUA EDVALDO MANOEL PEREIRA, N. 44,",JABACO,"Casa, 0.00 de área total, 46.30 de área privativa, 145.79 de área do terreno,  2 qto(s), a.serv, WC, 1 sala(s), cozinha, 1 vaga(s) de garagem.",98074.41,165500.0,40.75,Licitação Aberta,,IGARASSU,PE,Não
8787714160079,"RUA JANDAIA, N. 350, LT 16, QD B",JABACO,"Casa, 46.30 de área total, 46.30 de área privativa, 144.00 de área do terreno,  2 qto(s), a.serv, WC, 1 sala(s), 1 vaga(s) de garagem.",99145.43,167307.34,40.75,Venda Direta Online,,IGARASSU,PE,Não
8444411498275,"RUA AZULAO, N. 7A,",AGAMENON MAGALHAES,"Casa, 57.37 de área total, 57.37 de área privativa, 300.00 de área do terreno,  2 qto(s), a.serv, WC, 1 sala(s), cozinha, 1 vaga(s) de garagem.",51333.85,85000.0,39.61,Licitação Aberta,,IGARASSU,PE,Não
8444426590610,"TRAVESSA DO COMERCIO, N. 08, Apto 02,",UMBURA,"Apartamento, 0.00 de área total, 45.46 de área privativa, 0.00 de área do terreno,  2 qto(s), WC, 1 sala(s), cozinha, 1 vaga(s) de garagem.",120278.29,199000.0,39.56,Venda Direta Online,,IGARASSU,PE,Não
1444406911765,"RUA DAS MANGUEIRAS, N. SN, CASA 02",UMBURA,"Casa, 0.00 de área total, 101.04 de área privativa, 150.00 de área do terreno,  3 qto(s), a.serv, WC, 1 sala(s), cozinha, 1 vaga(s) de garagem.",111168.79,180000.0,38.24,Venda Direta Online,,IGARASSU,PE,Não
8787717780035,"AVENIDA JOSE DE HOLANDA, N. SN, Apto AP 30, BL Q",CRUZ DO REBOUCAS,"Apartamento, 45.24 de área total, 40.79 de área privativa, 0.00 de área do terreno,  2 qto(s), a.serv, WC, 1 sala(s), 1 vaga(s) de garagem.",182533.16,182533.16,0.0,Leilão SFI - Edital Único,,IGARASSU,PE,Não
8444424710081,"RUA DOM PEDRO I RUA PROJ 2, N. 90, LT 09 QD C",SITIO DOS MARCOS,"Casa, 58.05 de área total, 58.05 de área privativa, 147.72 de área do terreno,  3 qto(s), varanda, a.serv, WC, 1 sala(s), cozinha, 1 vaga(s) de garagem.",188000.0,188000.0,0.0,Leilão SFI - Edital Único,,IGARASSU,PE,Não
8555528939370,"RUA FREI MIGUELINHO, N. SN, Apto 106, PAV 01 BL I",INHAMA,"Apartamento, 49.94 de área total, 41.79 de área privativa, 0.00 de área do terreno,  2 qto(s), a.serv, WC, 1 sala(s), cozinha, 1 vaga(s) de garagem.",155000.0,155000.0,0.0,Leilão SFI - Edital Único,,IGARASSU,PE,Não
8444418984647,"ESTRADA COMERCIAL DO PITANGA, N. SN, Apto 101, PAV SUP LT 03",AGAMENON MAGALHAES,"Apartamento, 70.25 de área total, 55.76 de área privativa, 0.00 de área do terreno,  2 qto(s), varanda, a.serv, WC, 1 sala(s), cozinha, 1 vaga(s) de garagem.",157211.43,157211.43,0.0,Leilão SFI - Edital Único,,IGARASSU,PE,Não
8444425325351,"RUA PLATINA, N. 21, Apto 102, PAV SUP",AGAMENON MAGALHAES,"Apartamento, 57.42 de área total, 53.08 de área privativa, 0.00 de área do terreno,  2 qto(s), a.serv, WC, 1 sala(s), cozinha, 1 vaga(s) de garagem.",155800.0,155800.0,0.0,Leilão SFI - Edital Único,,IGARASSU,PE,Não
8444436749301,"ESTRADA COMERCIAL DO PITANGA, N. 1, Apto 104, PAV SUP LT 01",AGAMENON MAGALHAES,"Apartamento, 52.15 de área total, 52.15 de área privativa, 0.00 de área do terreno,  2 qto(s), varanda, a.serv, WC, 1 sala(s), cozinha, 1 vaga(s) de garagem.",220000.0,220000.0,0.0,Leilão SFI - Edital Único,,IGARASSU,PE,Não
8787705535740,"ESTRADA COMERCIAL DA PITANGA, N. SN, Apto AP 2, BL 10",AGAMENON MAGALHAES,"Apartamento, 0.00 de área total, 45.47 de área privativa, 0.00 de área do terreno.",127000.0,127000.0,0.0,Leilão SFI - Edital Único,,IGARASSU,PE,Não
8444402336411,"AVENIDA SENADOR PAULO PESSOA GUERRA, N. 327, CS 07 VG 7",JABACO,"Casa, 77.67 de área total, 66.67 de área privativa, 89.12 de área do terreno,  3 qto(s), varanda, a.serv, WC, 1 sala(s), cozinha, 1 vaga(s) de garagem.",126000.0,126000.0,0.0,Leilão SFI - Edital Único,,IGARASSU,PE,Não
8444415825530,"RUA ABEL BRUM FILHO, N. SN, CS 03 FI LT 02A QD K",JABACO,"Casa, 47.88 de área total, 47.88 de área privativa, 120.00 de área do terreno,  2 qto(s), a.serv, WC, 1 sala(s), cozinha, Terraco, 1 vaga(s) de garagem.",136200.0,136200.0,0.0,Leilão SFI - Edital Único,,IGARASSU,PE,Não
8444429374799,"RUA OURO VELHO, N. 1, Apto 101, PAV SUPERIOR",AGAMENON MAGALHAES,"Apartamento, 55.70 de área total, 50.94 de área privativa, 0.00 de área do terreno,  2 qto(s), a.serv, WC, 1 sala(s), cozinha, 1 vaga(s) de garagem.",161286.56,155000.0,0.0,Leilão SFI - Edital Único,,IGARASSU,PE,Não
8787716571424,"AVENIDA JOSE DE HOLANDA, N. SN, Apto AP 40, BL V",CRUZ DO REBOUCAS,"Apartamento, 45.24 de área total, 40.79 de área privativa, 0.00 de área do terreno,  2 qto(s), WC, 1 sala(s), cozinha, 1 vaga(s) de garagem.",166782.98,160000.0,0.0,Leilão SFI - Edital Único,,IGARASSU,PE,Não
8787716756645,"RUA JOSE DE HOLANDA, N. SN, Apto 101, PAV TERREO BL R VG 292 LT 01",CRUZ DO REBOUCAS,"Apartamento, 45.24 de área total, 40.79 de área privativa, 0.00 de área do terreno,  2 qto(s), WC, 1 sala(s), cozinha, 1 vaga(s) de garagem.",166782.98,160000.0,0.0,Leilão SFI - Edital Único,,IGARASSU,PE,Não
8444411862465,"RUA PROJETADA 11, N. SN, Apto AP 2, BL C",AGAMENON MAGALHAES,"Apartamento, 45.95 de área total, 44.37 de área privativa, 0.00 de área do terreno,  2 qto(s), a.serv, WC, 1 sala(s), cozinha, 1 vaga(s) de garagem.",109776.98,102000.0,0.0,Leilão SFI - Edital Único,,IGARASSU,PE,Não
8787717535030,"AVENIDA JOSE DE HOLANDA, N. SN, Apto 402, PAV 04 BL R VG 308 LT 01",CRUZ DO REBOUCAS,"Apartamento, 45.24 de área total, 40.79 de área privativa, 0.00 de área do terreno,  2 qto(s), a.serv, WC, 1 sala(s), cozinha, 1 vaga(s) de garagem.",173831.36,160000.0,0.0,Leilão SFI - Edital Único,,IGARASSU,PE,Não
8444437150012,"RUA DAMAS VERDES, N. 11, Apto 202, PAV 3 LT 11 QD 14 DESM LT 01.1",UMBURA,"Apartamento, 50.12 de área total, 44.71 de área privativa, 0.00 de área do terreno,  2 qto(s), WC, 1 sala(s), cozinha, 1 vaga(s) de garagem.",178527.58,160000.0,0.0,Leilão SFI - Edital Único,,IGARASSU,PE,Não
8444431824976,"RUA DAMAS VERDES, N. 03 A, Apto 204, 2 PAVIMENTO",UMBURA,"Apartamento, 45.33 de área total, 40.05 de área privativa, 0.00 de área do terreno,  2 qto(s), a.serv, WC, 1 sala(s), cozinha, 1 vaga(s) de garagem.",164189.2,142000.0,0.0,Leilão SFI - Edital Único,,IGARASSU,PE,Não
8444427831815,"RUA CAMPOS, N. 27, QD O LOTE 27 CASA 1",VILA RURAL,"Casa, 56.75 de área total, 45.75 de área privativa, 324.00 de área do terreno,  2 qto(s), a.serv, WC, 1 sala(s), cozinha, Terraco, 1 vaga(s) de garagem.",157757.95,132000.0,0.0,Leilão SFI - Edital Único,,IGARASSU,PE,Não
8787715136767,"ESTRADA COMERCIAL DA PITANGA, N. SN, Apto 107, BL 01",AGAMENON MAGALHAES,"Apartamento, 82.47 de área total, 47.13 de área privativa, 0.00 de área do terreno,  2 qto(s), a.serv, WC, 1 sala(s), cozinha, 1 vaga(s) de garagem.",173540.8,144000.0,0.0,Leilão SFI - Edital Único,,IGARASSU,PE,Não
8444425352731,"RUA MANOEL ROSENDO DE LIMA, N. 08-A, Apto 004, PV TERREO VG 004",TABATINGA,"Apartamento, 55.69 de área total, 51.19 de área privativa, 0.00 de área do terreno,  2 qto(s), WC, 1 sala(s), cozinha, 1 vaga(s) de garagem.",149356.45,122000.0,0.0,Leilão SFI - Edital Único,,IGARASSU,PE,Não
8444431479802,"RUA DAMAS VERDES, N. 03-A, Apto 104, PAV 1 VG 104",UMBURA,"Apartamento, 56.33 de área total, 40.05 de área privativa, 0.00 de área do terreno,  2 qto(s), a.serv, WC, 1 sala(s), cozinha, 1 vaga(s) de garagem.",185702.05,116000.0,0.0,Leilão SFI - Edital Único,,IGARASSU,PE,Não
1444416105125,"JOSE RAIMUNDO PEREIRA, N. 230, QD F",ILHA DE ITAMARACA,"Casa, 0.00 de área total, 107.55 de área privativa, 300.00 de área do terreno,  3 qto(s), a.serv, WC, WC Emp, 1 sala(s), 1 lavabo(s), cozinha, Terraco.",133354.88,273000.0,51.16,Venda Direta Online,,ILHA DE ITAMARACA,PE,Não
8444416048154,"RUA AMBURGUESA, N. 472, RES B",BAIXA VERDE,"Casa, 83.66 de área total, 83.66 de área privativa, 318.00 de área do terreno,  2 qto(s), a.serv, WC, 1 sala(s), cozinha, Terraco, 1 vaga(s) de garagem.",83428.47,150000.0,44.39,Venda Direta Online,,ILHA DE ITAMARACA,PE,Não
1444409709304,"RUA LUIZ CIPIÃO, N. 178,",Pilar,"Casa, 324.80 de área total, 324.80 de área privativa, 549.84 de área do terreno,  5 qto(s), a.serv, WC, 3 sala(s), DCE, cozinha, Terraco.",353798.42,634445.3,44.24,Venda Direta Online,,ILHA DE ITAMARACA,PE,Sim
8444408896788,"RUA GERMINIANO DE BARROS DIA, N. SN, CASA 02, LT 02, QD J",CAMPO ALEGRE,"Casa, 51.00 de área total, 51.00 de área privativa, 200.00 de área do terreno,  2 qto(s), a.serv, WC, 1 sala(s), cozinha, Terraco.",77622.6,134000.0,42.08,Venda Online,,ILHA DE ITAMARACA,PE,Não
8444428660909,"RUA PAU AMARELO, N. 03, LT 18 QD A",LOT PORTO DAS CARAVE,"Casa, 51.27 de área total, 51.27 de área privativa, 205.08 de área do terreno,  2 qto(s), WC, 1 sala(s), cozinha, Terraco, 1 vaga(s) de garagem.",103704.06,175000.0,40.75,Venda Direta Online,,ILHA DE ITAMARACA,PE,Não
8444414943067,"RUA PROJETADA 01, N. S/N, QD A, LT 03",CENTRO,"Casa, 0.00 de área total, 79.80 de área privativa, 150.22 de área do terreno,  2 qto(s), a.serv, WC, 1 sala(s), cozinha, Terraco, 1 vaga(s) de garagem.",27473.76,97000.0,71.68,Venda Direta Online,,INGAZEIRA,PE,Não
8787713635812,"RUA MALIBU, N. SN, Apto 602, BL 04",CALIFORNIA,"Apartamento, 71.38 de área total, 52.53 de área privativa, 0.00 de área do terreno,  2 qto(s), a.serv, WC, 1 sala(s), cozinha, 1 vaga(s) de garagem.",83721.21,143000.0,41.46,Licitação Aberta,,IPOJUCA,PE,Não
8555538909091,"RUA SANTA ANA, N. S/N, Apto 201, LT 01 QD 31 BL 01",CALIFORNIA,"Apartamento, 69.52 de área total, 50.90 de área privativa, 0.00 de área do terreno,  2 qto(s), a.serv, WC, 1 sala(s), cozinha, 1 vaga(s) de garagem.",178607.33,295000.0,39.46,Venda Direta Online,,IPOJUCA,PE,Sim
8555539969870,"RUA SANTA ANA, N. SN, Apto 404, TP B BL 04 PAV 4 LT 01 QD 31",CALIFORNIA,"Apartamento, 69.52 de área total, 50.90 de área privativa, 0.00 de área do terreno,  2 qto(s), a.serv, WC, 1 sala(s), cozinha, 1 vaga(s) de garagem.",165000.0,165000.0,0.0,Leilão SFI - Edital Único,,IPOJUCA,PE,Não
8444408504375,"RUA PRESIDENTE TANCREDO NEVES, N. SN, QD 006 SETOR 03 LT 152",CENTRO,"Casa, 40.00 de área total, 40.00 de área privativa, 125.51 de área do terreno,  2 qto(s), a.serv, WC, 1 sala(s), cozinha, Terraco.",8997.92,16500.0,45.47,Venda Direta Online,,ITAMBE,PE,Não
8555519668181,"RUA PROJETADA 08, N. 019-B, ANTIGO Nº 021, QUADRA 012",DSITRITO DE IBIRANGA,"Casa, 46.25 de área total, 46.25 de área privativa, 180.00 de área do terreno,  2 qto(s), a.serv, WC, 1 sala(s), cozinha.",36016.46,62000.0,41.91,Venda Direta Online,,ITAMBE,PE,Não
8444434880397,"RUA DOS RUBIS, N. 571, LT 12 QD 13",LOT PEDRA BELLA,"Casa, 60.97 de área total, 60.97 de área privativa, 125.00 de área do terreno,  2 qto(s), a.serv, WC, 1 sala(s), cozinha, Terraco.",88404.91,151000.0,41.46,Venda Direta Online,,ITAMBE,PE,Não
8444404982116,"RUA FRANCISCA CÂNDIDA DE OLIVEIRA, N. 303, LT0379",Ibiranga,"Casa, 63.25 de área total, 63.25 de área privativa, 120.00 de área do terreno,  2 qto(s), WC, 2 sala(s), cozinha, Terraco.",54957.41,91000.0,39.61,Venda Direta Online,,ITAMBE,PE,Não
10286346,"RUA 07, N. 126, QD 48, LT 331",CENTRO,"Comercial, 0.00 de área total, 40.04 de área privativa, 0.00 de área do terreno.",154230.06,242000.0,36.27,Venda Direta Online,,ITAMBE,PE,Não
8444406069655,"RUA PROJETADA T, N. 56, ST 03 QD 13 LT 06",DSITRITO DE IBIRANGA,"Casa, 0.00 de área total, 68.75 de área privativa, 103.36 de área do terreno,  2 qto(s), a.serv, WC, 2 sala(s), cozinha, Terraco.",111000.0,111000.0,0.0,Leilão SFI - Edital Único,,ITAMBE,PE,Não
8444414231032,"RUA RUA CANOPOLIS, N. 0, CS 01",CENTRO,"Casa, 52.16 de área total, 52.16 de área privativa, 72.00 de área do terreno,  2 qto(s), a.serv, WC, 1 sala(s), cozinha, Terraco, 1 vaga(s) de garagem.",30199.17,106000.0,71.52,Venda Direta Online,,ITAPISSUMA,PE,Não
8444412918103,"RUA IRAJUBA, N. SN, SETOR C, QD 4, LT 01D, UN 04",CIDADE INDUSTRIAL,"Casa, 0.00 de área total, 41.85 de área privativa, 360.00 de área do terreno,  2 qto(s), a.serv, WC, 1 sala(s), cozinha.",31457.06,110291.27,71.48,Venda Direta Online,,ITAPISSUMA,PE,Não
8444408543010,"RUA ARACATU, N. SN, CS 04, LT 08A QD E",CIDADE INDUSTRIAL,"Casa, 0.00 de área total, 50.00 de área privativa, 50.00 de área do terreno,  3 qto(s), a.serv, WC, 1 sala(s), cozinha, Terraco, 1 vaga(s) de garagem.",39507.9,130000.0,69.61,Venda Online,,ITAPISSUMA,PE,Não
8444416426760,"RUA CAMACARI, N. SN, LT 10 QD Q",CENTRO,"Casa, 0.00 de área total, 60.02 de área privativa, 78.00 de área do terreno,  2 qto(s), a.serv, WC, 1 sala(s), cozinha, Terraco, 1 vaga(s) de garagem.",39036.76,128449.72,69.61,Venda Direta Online,,ITAPISSUMA,PE,Não
8444408098156,"RUA ARACATU, N. SN, LT 07, QD E, PLANO B, CS 03",LOTEAMENTO CIDADE IN,"Casa, 0.00 de área total, 50.00 de área privativa, 0.00 de área do terreno,  3 qto(s), a.serv, WC, 1 sala(s), cozinha, Terraco, 1 vaga(s) de garagem.",33715.95,108482.0,68.93,Venda Online,,ITAPISSUMA,PE,Não
8444408813254,"RUA CAMAÇARI, N. S/N, CS 04 LT 13 QD N",CENTRO,"Casa, 0.00 de área total, 51.11 de área privativa, 51.11 de área do terreno,  2 qto(s), a.serv, WC, 1 sala(s), cozinha, Terraco, 1 vaga(s) de garagem.",47050.32,137000.0,65.66,Venda Online,,ITAPISSUMA,PE,Não
8444408077108,"RUA ARACATU, N. SN, CASA 02, QD E, LT 05 PLANO B",CID IND ITAPISSUMA,"Casa, 0.00 de área total, 50.00 de área privativa, 360.00 de área do terreno,  3 qto(s), a.serv, WC, 1 sala(s), cozinha, Terraco, 1 vaga(s) de garagem.",38929.14,109950.0,64.6,Venda Direta Online,,ITAPISSUMA,PE,Não
8444413773982,"RUA BELMONTE, N. S/N, QD.J LT.09 CASA 05 PL-A",RES LUCIA MIRANDA I,"Casa, 0.00 de área total, 49.07 de área privativa, 49.07 de área do terreno,  2 qto(s), a.serv, WC, 1 sala(s), cozinha, Terraco, 1 vaga(s) de garagem.",45254.5,126000.0,64.09,Venda Direta Online,,ITAPISSUMA,PE,Não
8444414104561,"RUA CAMAÇARI, N. S/N, CS 01, LT 20, QD O, PLANO A ,",ZONA URBANA,"Casa, 0.00 de área total, 49.17 de área privativa, 70.00 de área do terreno,  2 qto(s), a.serv, WC, 1 sala(s), cozinha, Terraco, 1 vaga(s) de garagem.",49186.62,131000.0,62.46,Venda Online,,ITAPISSUMA,PE,Não
8444407883828,"RUA BAIANOPOLIS, N. SN, CS 01 LT 09-A QD I PLANO B",CENTRO,"Casa, 0.00 de área total, 56.22 de área privativa, 56.22 de área do terreno,  2 qto(s), a.serv, WC, 1 sala(s), cozinha, Terraco, 1 vaga(s) de garagem.",69092.73,184000.0,62.45,Venda Direta Online,,ITAPISSUMA,PE,Não
8444412758068,"RUA PROJETADA, N. 2, LT1D QD4 PLANO C",LOTEAMENTO CIDADE IN,"Casa, 0.00 de área total, 26.76 de área privativa, 41.85 de área do terreno,  2 qto(s), a.serv, WC, 1 sala(s), cozinha, Terraco, 1 vaga(s) de garagem.",34091.01,86500.0,60.59,Venda Direta Online,,ITAPISSUMA,PE,Não
8444418469777,"RUA BREJOES, N. 293, QD L LT 20 CS 05",CID IND ITAPISSUMA,"Casa, 0.00 de área total, 52.16 de área privativa, 52.16 de área do terreno,  2 qto(s), a.serv, WC, 1 sala(s), cozinha, Terraco, 1 vaga(s) de garagem.",44652.69,109300.0,59.15,Venda Direta Online,,ITAPISSUMA,PE,Não
8444407883747,"RUA ARACATU, N. 0, QD E LT 06 CS 04",CID IND ITAPISSUMA,"Casa, 0.00 de área total, 50.00 de área privativa, 360.00 de área do terreno,  2 qto(s), a.serv, WC, 1 sala(s), cozinha, 1 vaga(s) de garagem.",50416.29,123000.0,59.02,Venda Direta Online,,ITAPISSUMA,PE,Não
8444407125524,"RUA BREJOES, N. 20, QD K LT 20",CENTRO,"Casa, 0.00 de área total, 53.86 de área privativa, 300.00 de área do terreno,  2 qto(s), a.serv, WC, 1 sala(s), cozinha, Terraco, 1 vaga(s) de garagem.",48366.85,118000.0,59.02,Venda Online,,ITAPISSUMA,PE,Não
8444408076870,"RUA ARACATU, N. 04, CS 04 QD E LT 07",CENTRO,"Casa, 0.00 de área total, 50.00 de área privativa, 100.00 de área do terreno,  2 qto(s), a.serv, WC, 1 sala(s), cozinha.",46147.64,105899.36,56.43,Venda Direta Online,,ITAPISSUMA,PE,Não
8444418674460,"RUA ANDARAI, N. S/N, QD A LT 03 CS 04",CID IND ITAPISSUMA,"Casa, 0.00 de área total, 52.16 de área privativa, 52.16 de área do terreno,  2 qto(s), a.serv, WC, 1 sala(s), cozinha, 1 vaga(s) de garagem.",49241.88,113000.0,56.43,Venda Direta Online,,ITAPISSUMA,PE,Não
8444412868947,"RUA CAMAÇARI, N. 20, QD O CS 03 LT 20",CENTRO,"Casa, 0.00 de área total, 48.48 de área privativa, 360.00 de área do terreno,  2 qto(s), a.serv, WC, 1 sala(s), cozinha, Terraco, 1 vaga(s) de garagem.",43510.23,98492.42,55.83,Venda Direta Online,,ITAPISSUMA,PE,Não
8444414990693,"RUA CANAPÓLIS, N. SN, LT 05 QD D PLANO A",CIDADE INDUSTRIAL,"Casa, 0.00 de área total, 52.16 de área privativa, 0.01 de área do terreno,  2 qto(s), a.serv, WC, 1 sala(s), cozinha, Terraco, 1 vaga(s) de garagem.",48615.46,105000.0,53.7,Venda Direta Online,,ITAPISSUMA,PE,Não
8444407574973,"RUA BAIANOPOLIS, N. SN, LT 13 QD C PLANO B CS 02",CID IND ITAPISSUMA,"Casa, 0.00 de área total, 59.09 de área privativa, 0.01 de área do terreno,  2 qto(s), a.serv, WC, 1 sala(s), cozinha, Terraco, 1 vaga(s) de garagem.",57510.09,123800.0,53.55,Venda Online,,ITAPISSUMA,PE,Não
8444404911650,"RUA VIRGINIA FRANCISCA DA CONCEICAO, N. SN, LT 3 QD A CS 03",MANGABEIRA,"Casa, 0.00 de área total, 46.08 de área privativa, 0.01 de área do terreno,  2 qto(s), a.serv, WC, 1 sala(s), cozinha, Terraco, 1 vaga(s) de garagem.",46829.31,99770.06,53.07,Venda Direta Online,,ITAPISSUMA,PE,Não
8444408197588,"RUA ARACATU, N. SN, LT 6 QD E PLANO B CS 02 LOT CIDADE IND",CID IND ITAPISSUMA,"Casa, 0.00 de área total, 50.00 de área privativa, 0.01 de área do terreno,  3 qto(s), a.serv, WC, 1 sala(s), cozinha, Terraco, 1 vaga(s) de garagem.",37685.3,80000.0,52.9,Venda Direta Online,,ITAPISSUMA,PE,Não
8444413114415,"RUA CANDEIAS, N. SN, CS 03 LT 07D QD 44 PLANO C",LOT CIDADE INDUSTRIA,"Casa, 0.00 de área total, 41.85 de área privativa, 0.01 de área do terreno,  2 qto(s), a.serv, WC, 1 sala(s), cozinha, Terraco, 1 vaga(s) de garagem.",24872.3,52800.0,52.9,Venda Direta Online,,ITAPISSUMA,PE,Não
8444417919205,"RUA CANAPOLIS, N. S/N, CASA 03 LOTE 05 QD. C PLANO A",CID IND ITAPISSUMA,"Casa, 52.16 de área total, 52.16 de área privativa, 52.16 de área do terreno,  2 qto(s), a.serv, WC, 1 sala(s), cozinha, Terraco, 1 vaga(s) de garagem.",85807.69,181000.0,52.6,Venda Direta Online,,ITAPISSUMA,PE,Sim
8444407711210,"RUA ARACATU, N. SN, LT 05 QD E PLANO B CS 05",CID IND ITAPISSUMA,"Casa, 0.00 de área total, 50.60 de área privativa, 0.01 de área do terreno,  3 qto(s), a.serv, WC, 1 sala(s), cozinha, Terraco, 1 vaga(s) de garagem.",52957.6,110944.13,52.27,Venda Direta Online,,ITAPISSUMA,PE,Não
8444417240466,"RUA BELMONTE, N. SN, CS 01, QD J, LT 08, PL A",CENTRO,"Casa, 49.17 de área total, 49.17 de área privativa, 72.00 de área do terreno,  2 qto(s), a.serv, WC, 1 sala(s), cozinha, Terraco, 1 vaga(s) de garagem.",54993.38,115000.0,52.18,Venda Direta Online,,ITAPISSUMA,PE,Não
8444407513176,"RUA BREJOES, N. 14, QD K LT 14 UN 04",CENTRO,"Casa, 0.00 de área total, 53.60 de área privativa, 360.00 de área do terreno,  3 qto(s), a.serv, WC, 1 sala(s), 1 lavabo(s), cozinha, Terraco, 1 vaga(s) de garagem.",37823.85,78000.0,51.51,Venda Online,,ITAPISSUMA,PE,Não
8444417154330,"RUA BREJÕES, N. 293, LT 20, QD L, PL A",LT CIDADE INDUSTRIAL,"Casa, 52.16 de área total, 52.16 de área privativa, 260.00 de área do terreno,  2 qto(s), a.serv, WC, 1 sala(s), cozinha, Terraco, 1 vaga(s) de garagem.",36539.27,74000.0,50.63,Venda Direta Online,,ITAPISSUMA,PE,Não
8444412270880,"LOTE 07 D QD 44   PLANO C, N. SN, CS 02",CENTRO,"Casa, 41.85 de área total, 41.85 de área privativa, 41.85 de área do terreno,  2 qto(s), a.serv, WC, 1 sala(s), cozinha, Terraco, 1 vaga(s) de garagem.",52102.6,100000.0,47.9,Venda Direta Online,,ITAPISSUMA,PE,Não
8444418386065,"RUA ANDARAI, N. SN, LT 03 QD A PLANO B CASA 02",CENTRO,"Casa, 52.16 de área total, 52.16 de área privativa, 360.00 de área do terreno,  2 qto(s), a.serv, WC, 1 sala(s), cozinha, Terraco, 1 vaga(s) de garagem.",49265.9,92000.0,46.46,Venda Direta Online,,ITAPISSUMA,PE,Não
8444416414355,"RUA CANDEIAS (CONDOMINIO INDUSTRIAL IV), N. SN, CS 02 LT 7B QD 44 PLANO C",CID IND ITAPISSUMA,"Casa, 41.85 de área total, 41.85 de área privativa, 200.00 de área do terreno,  2 qto(s), a.serv, WC, 1 sala(s), cozinha, Terraco, 1 vaga(s) de garagem.",40838.01,76000.0,46.27,Venda Direta Online,,ITAPISSUMA,PE,Não
8444416025987,"RUA CAMAÇARI, N. SN, CS 02 LT 20 QD O PLANO A",CID INDUS ITAPISSUMA,"Casa, 48.48 de área total, 48.48 de área privativa, 72.00 de área do terreno,  2 qto(s), a.serv, WC, 1 sala(s), cozinha, Terraco, 1 vaga(s) de garagem.",60799.73,112000.0,45.72,Venda Direta Online,,ITAPISSUMA,PE,Não
8444417203862,"RUA BREJOES, N. 293, CS 02 LT 20 QD L",CENTRO,"Casa, 52.16 de área total, 52.16 de área privativa, 300.00 de área do terreno,  2 qto(s), a.serv, WC, 1 sala(s), cozinha, Terraco, 1 vaga(s) de garagem.",64571.15,113000.0,42.86,Venda Direta Online,,ITAPISSUMA,PE,Não
8444409107248,"RUA PROJETADA, N. S/N, LT 13 QD N  PLANO A  CASA 03",CID IND ITAPISSUMA,"Casa, 50.47 de área total, 50.47 de área privativa, 360.00 de área do terreno,  2 qto(s), a.serv, WC, 1 sala(s), cozinha, Terraco, 1 vaga(s) de garagem.",68787.97,120000.0,42.68,Venda Online,,ITAPISSUMA,PE,Não
8444407862154,"RUA ARACATU, N. S/N, QD E PLANO B CS 03",CENTRO,"Casa, 50.00 de área total, 50.00 de área privativa, 50.00 de área do terreno,  2 qto(s), a.serv, WC, 1 sala(s), cozinha, Terraco, 1 vaga(s) de garagem.",54997.19,95000.0,42.11,Venda Direta Online,,ITAPISSUMA,PE,Não
8787712487526,"RUA GUARULHOS, N. 121, Apto 402, GLEBA A1 LT A1A BL 22",BARRA DE JANGADA,"Apartamento, 0.00 de área total, 41.79 de área privativa, 0.00 de área do terreno,  2 qto(s), WC, 1 sala(s), cozinha.",69320.25,175000.0,60.39,Venda Direta Online,,JABOATAO DOS GUARARAPES,PE,Não
8555533275043,"RUA SANTA LUZIA, N. 221, Apto 101, BL 4",ZUMBI DO PACHECO,"Apartamento, 0.00 de área total, 50.36 de área privativa, 0.01 de área do terreno,  2 qto(s), a.serv, WC, 1 sala(s), cozinha.",76393.74,180000.0,57.56,Venda Direta Online,,JABOATAO DOS GUARARAPES,PE,Sim
8787709709971,"RUA GUARULHOS, N. 121, Apto 01, BL 02, LT A1A",BARRA DE JANGADA,"Apartamento, 85.87 de área total, 41.79 de área privativa, 0.00 de área do terreno,  1 qto(s), a.serv, WC, 1 sala(s), cozinha.",74696.1,165000.0,54.73,Venda Online,,JABOATAO DOS GUARARAPES,PE,Não
8787712137541,"RUA GUARULHOS, N. 121, Apto 103, BL 17 - 1° PAV",BARRA DE JANGADA,"Apartamento, 0.00 de área total, 41.79 de área privativa, 0.00 de área do terreno,  2 qto(s), a.serv, WC, 1 sala(s), cozinha.",72376.59,152392.39,52.51,Venda Direta Online,,JABOATAO DOS GUARARAPES,PE,Não
8787706203058,"RODOVIA PE-07, N. SN, Apto 201, BL 05",BULHOES,"Apartamento, 57.60 de área total, 41.79 de área privativa, 0.00 de área do terreno,  2 qto(s), a.serv, WC, 1 sala(s), cozinha, Terraco, 1 vaga(s) de garagem.",73305.83,149938.97,51.11,Venda Online,,JABOATAO DOS GUARARAPES,PE,Não
8787707295835,"RUA JUNDIAI, N. 309, Apto 501, BL 02",BARRA DE JANGADA,"Apartamento, 78.09 de área total, 41.79 de área privativa, 0.00 de área do terreno,  2 qto(s), a.serv, WC, 1 sala(s), cozinha.",72846.76,149000.0,51.11,Venda Online,,JABOATAO DOS GUARARAPES,PE,Não
8787712002077,"RUA GUARULHOS, N. 121, Apto 103, BL 14, LT A1A",BARRA DE JANGADA,"Apartamento, 85.86 de área total, 41.79 de área privativa, 0.00 de área do terreno,  2 qto(s), a.serv, WC, 1 sala(s), cozinha.",73335.67,150000.0,51.11,Venda Direta Online,,JABOATAO DOS GUARARAPES,PE,Não
8787712251255,"RUA GUARULHOS, N. 121, Apto 01, BL 12 LT A1A",BARRA DE JANGADA,"Apartamento, 41.79 de área total, 41.79 de área privativa, 0.00 de área do terreno,  1 qto(s), a.serv, WC, 1 sala(s), cozinha, 1 vaga(s) de garagem.",72846.76,149000.0,51.11,Venda Direta Online,,JABOATAO DOS GUARARAPES,PE,Não
8555537032994,"RUA SANTA LUZIA, N. 221, Apto 303, BL 21",ZUMBI DO PACHECO,"Apartamento, 57.24 de área total, 50.36 de área privativa, 0.00 de área do terreno,  2 qto(s), a.serv, WC, 1 sala(s), cozinha.",68446.63,140000.0,51.11,Venda Direta Online,,JABOATAO DOS GUARARAPES,PE,Não
8555537934882,"RUA SANTA LUZIA, N. 221, Apto 201, BL 29",ZUMBI DO PACHECO,"Apartamento, 57.24 de área total, 50.36 de área privativa, 0.00 de área do terreno,  2 qto(s), a.serv, WC, 1 sala(s), cozinha, 1 vaga(s) de garagem.",73335.67,150000.0,51.11,Venda Direta Online,,JABOATAO DOS GUARARAPES,PE,Não
8787708924984,"RUA JUNDIAI, N. 309, Apto 304, LTA1B GBA1 BL20",BARRA DE JANGADA,"Apartamento, 78.10 de área total, 41.80 de área privativa, 0.00 de área do terreno,  2 qto(s), a.serv, WC, 1 sala(s), cozinha, 1 vaga(s) de garagem.",67948.73,138000.0,50.77,Venda Online,,JABOATAO DOS GUARARAPES,PE,Não
8787708285469,"R JUNDIAI, N. 309, Apto 304, BLOCO 09",BARRA DE JANGADA,"Apartamento, 77.79 de área total, 41.79 de área privativa, 0.00 de área do terreno,  2 qto(s), WC, 1 sala(s), cozinha.",77242.56,156000.0,50.49,Venda Online,,JABOATAO DOS GUARARAPES,PE,Não
8787705289765,"RODOVIA PE-07, N. S/N, Apto 301, BL 03",CENTRO,"Apartamento, 87.31 de área total, 41.79 de área privativa, 0.00 de área do terreno,  2 qto(s), WC, 1 sala(s), cozinha, 1 vaga(s) de garagem.",71660.66,144000.0,50.24,Venda Online,,JABOATAO DOS GUARARAPES,PE,Não
8787701480240,"RUA DA PAZ, N. SN, Apto 101, BL29",BARRA DE JANGADA,"Apartamento, 68.38 de área total, 41.56 de área privativa, 0.00 de área do terreno,  1 qto(s), WC, 1 sala(s), cozinha, 1 vaga(s) de garagem.",69843.08,140347.62,50.24,Venda Online,,JABOATAO DOS GUARARAPES,PE,Não
8787710309272,"RUA GUARULHOS, N. 121, Apto 404, BLOCO 3",BARRA DE JANGADA,"Apartamento, 85.87 de área total, 41.79 de área privativa, 0.00 de área do terreno,  2 qto(s), WC, 1 sala(s), cozinha.",79585.45,158000.0,49.63,Venda Direta Online,,JABOATAO DOS GUARARAPES,PE,Não
8787707103065,"RODOVIA PE-07, N. SN, Apto 304, BL18",BULHOES,"Apartamento, 87.31 de área total, 41.79 de área privativa, 0.00 de área do terreno,  2 qto(s), a.serv, WC, 1 sala(s), cozinha, 1 vaga(s) de garagem.",81486.66,160000.0,49.08,Venda Direta Online,,JABOATAO DOS GUARARAPES,PE,Sim
8787709550433,"VIA PRINCIPAL, N. 385, Apto 502, BL 04 QD 04",SUCUPIRA,"Apartamento, 41.79 de área total, 41.79 de área privativa, 0.00 de área do terreno,  2 qto(s), WC, 1 sala(s), cozinha, 1 vaga(s) de garagem.",81486.66,160000.0,49.08,Venda Direta Online,,JABOATAO DOS GUARARAPES,PE,Sim
8787700790920,"RUA SANTA LUZIA, N. 221, Apto 45, LT 13-E, SÍTIO PALHAMBU",ZUMBI DO PACHECO,"Apartamento, 57.24 de área total, 50.36 de área privativa, 0.00 de área do terreno,  2 qto(s), a.serv, WC, 1 sala(s), cozinha, 1 vaga(s) de garagem.",69511.8,136000.0,48.89,Venda Online,,JABOATAO DOS GUARARAPES,PE,Não
8787705667913,"RODOVIA PE-07, N. SN, Apto 404, BL09",BULHOES,"Apartamento, 87.30 de área total, 41.79 de área privativa, 0.00 de área do terreno,  2 qto(s), a.serv, WC, 1 sala(s), cozinha, 1 vaga(s) de garagem.",68274.9,133580.0,48.89,Venda Online,,JABOATAO DOS GUARARAPES,PE,Não
8555537034326,"RUA DA PAZ, N. SN, Apto 404, BL 38",BARRA DE JANGADA,"Apartamento, 68.38 de área total, 41.56 de área privativa, 0.00 de área do terreno,  2 qto(s), a.serv, WC, 1 sala(s), cozinha.",70022.92,137000.0,48.89,Venda Online,,JABOATAO DOS GUARARAPES,PE,Não
8787712253312,"VIA PRINCIPAL, N. 385, Apto 503, BL 05",SUCUPIRA,"Apartamento, 76.75 de área total, 41.79 de área privativa, 0.00 de área do terreno,  2 qto(s), WC, 1 sala(s), 1 vaga(s) de garagem.",69511.8,136000.0,48.89,Venda Online,,JABOATAO DOS GUARARAPES,PE,Não
8787710728593,"VIA PRINCIPAL, N. 385, Apto 404, BL 05",SUCUPIRA,"Apartamento, 76.75 de área total, 41.79 de área privativa, 0.00 de área do terreno,  2 qto(s), a.serv, WC, 1 sala(s), cozinha, 1 vaga(s) de garagem.",72103.0,140749.16,48.78,Venda Online,,JABOATAO DOS GUARARAPES,PE,Não
8787707092209,"RODOVIA PE-07, N. S/N, Apto 301, BL 11",BULHOES,"Apartamento, 87.30 de área total, 41.79 de área privativa, 0.00 de área do terreno,  2 qto(s), a.serv, WC, 1 sala(s), cozinha, 1 vaga(s) de garagem.",78559.97,152000.0,48.32,Venda Direta Online,,JABOATAO DOS GUARARAPES,PE,Não
8787707133193,"RODOVIA PE-07, N. SN, Apto 202, BL 18",BULHOES,"Apartamento, 87.31 de área total, 41.79 de área privativa, 0.00 de área do terreno,  2 qto(s), a.serv, WC, 1 sala(s), cozinha, 1 vaga(s) de garagem.",71841.02,139000.0,48.32,Venda Online,,JABOATAO DOS GUARARAPES,PE,Não
8787707636110,"RODOVIA PE-07, N. S/N, Apto 303, BL 21  2 PAV",BULHOES,"Apartamento, 87.30 de área total, 41.79 de área privativa, 0.00 de área do terreno,  2 qto(s), WC, 1 sala(s), cozinha, 1 vaga(s) de garagem.",71841.02,139000.0,48.32,Venda Online,,JABOATAO DOS GUARARAPES,PE,Não
8555533876837,"RUA SANTA CRUZ DO CAPIBARIBE, N. 303, Apto 302, BL 06 TP 02",MARCOS FREIRE,"Apartamento, 44.63 de área total, 44.63 de área privativa, 0.00 de área do terreno,  2 qto(s), a.serv, WC, 1 sala(s), cozinha, 1 vaga(s) de garagem.",74942.07,145000.0,48.32,Venda Online,,JABOATAO DOS GUARARAPES,PE,Não
8787702620029,"VIA LOCAL IV, N. 209, Apto 107, BL 09",SANTANA,"Apartamento, 62.49 de área total, 42.83 de área privativa, 0.00 de área do terreno,  2 qto(s), WC, 1 sala(s), cozinha.",82963.24,160000.0,48.15,Venda Online,,JABOATAO DOS GUARARAPES,PE,Não
8787707597947,"RUA JUNDIAI, N. 309, Apto 101, 1006A-1-BLOTEAMENTO ORLA BARRA DE J",BARRA DE JANGADA,"Apartamento, 78.09 de área total, 41.79 de área privativa, 0.00 de área do terreno,  2 qto(s), WC, 2 sala(s), cozinha, 1 vaga(s) de garagem.",76929.84,146000.0,47.31,Venda Direta Online,,JABOATAO DOS GUARARAPES,PE,Não
8787708223234,"VIA LOCAL V, N. 636, Apto 407, BL.05",MURIBEQUINHA,"Apartamento, 0.00 de área total, 42.19 de área privativa, 0.00 de área do terreno,  1 qto(s), a.serv, WC, 1 sala(s), cozinha, 1 vaga(s) de garagem.",79037.5,150000.0,47.31,Venda Direta Online,,JABOATAO DOS GUARARAPES,PE,Não
1444404026519,"RUA MARIA DIGNA GAMEIRO, N. 2920, Apto 01, QD 4-D LT 07",BARRA DE JANGADA,"Apartamento, 79.05 de área total, 79.05 de área privativa, 0.00 de área do terreno,  2 qto(s), varanda, a.serv, WC, WC Emp, 1 sala(s), DCE, cozinha.",102837.1,195000.0,47.27,Venda Online,,JABOATAO DOS GUARARAPES,PE,Não
8787706925630,"RUA JUNDIAI, N. 309, Apto 504, BL 06",BARRA DE JANGADA,"Apartamento, 78.09 de área total, 41.79 de área privativa, 0.00 de área do terreno,  2 qto(s), a.serv, WC, 1 sala(s), cozinha.",84426.95,158300.0,46.67,Venda Direta Online,,JABOATAO DOS GUARARAPES,PE,Sim
8787709265380,"RUA JUNDIAI, N. 309, Apto 104, BL 19",BARRA DE JANGADA,"Apartamento, 78.09 de área total, 41.79 de área privativa, 0.00 de área do terreno,  2 qto(s), a.serv, WC, 1 sala(s), cozinha, 1 vaga(s) de garagem.",85333.62,160000.0,46.67,Venda Online,,JABOATAO DOS GUARARAPES,PE,Sim
8787706344948,"RODOVIA PE-07, N. SN, Apto 101, BL 05 PAV T KM 20,03",BULHOES,"Apartamento, 87.31 de área total, 41.79 de área privativa, 0.00 de área do terreno,  1 qto(s), a.serv, WC, 1 sala(s), cozinha, 1 vaga(s) de garagem.",78525.22,145000.0,45.85,Venda Direta Online,,JABOATAO DOS GUARARAPES,PE,Não
8787712486597,"AVENIDA GENERAL MANOEL RABELO, N. 1600, Apto 402, BL 11",ENGENHO VELHO,"Apartamento, 0.00 de área total, 42.19 de área privativa, 0.00 de área do terreno,  1 qto(s), a.serv, WC, 1 sala(s), cozinha.",78525.22,145000.0,45.85,Venda Direta Online,,JABOATAO DOS GUARARAPES,PE,Sim
8555534437780,"RUA SANTA CRUZ DO CAPIBARIBE, N. 303, Apto 01, BL 06",MARCOS FREIRE,"Apartamento, 54.73 de área total, 44.91 de área privativa, 0.00 de área do terreno,  2 qto(s), a.serv, WC, 1 sala(s), cozinha, 1 vaga(s) de garagem.",79066.78,146000.0,45.85,Venda Direta Online,,JABOATAO DOS GUARARAPES,PE,Não
8787701274330,"RUA SANTA LUZIA, N. 221, Apto 104, BL 47",ZUMBI DO PACHECO,"Apartamento, 57.24 de área total, 50.36 de área privativa, 0.00 de área do terreno,  2 qto(s), a.serv, WC, 1 sala(s), cozinha.",75817.45,140000.0,45.85,Venda Online,,JABOATAO DOS GUARARAPES,PE,Não
8787706850380,"VIA LOCAL VI, N. 250, Apto 101, BL 11 LOT RESERVA VILLA NATAL",SANTANA,"Apartamento, 73.45 de área total, 42.19 de área privativa, 0.00 de área do terreno,  2 qto(s), WC, 1 sala(s), cozinha, 1 vaga(s) de garagem.",105530.59,194000.0,45.61,Venda Direta Online,,JABOATAO DOS GUARARAPES,PE,Sim
8787707706363,"VIA LOCAL V, N. 636, Apto 408, BL 5",SANTANA,"Apartamento, 61.64 de área total, 42.19 de área privativa, 0.00 de área do terreno,  1 qto(s), a.serv, 1 sala(s), cozinha, 1 vaga(s) de garagem.",101317.25,186254.5,45.61,Venda Direta Online,,JABOATAO DOS GUARARAPES,PE,Sim
8555520194309,"RUA VICENTE ADOLFO DA SILVA, N. 2013, Apto 302, BL 10",DOIS CARNEIROS,"Apartamento, 49.59 de área total, 44.00 de área privativa, 0.00 de área do terreno,  2 qto(s), a.serv, WC, 1 sala(s), cozinha.",68071.43,125000.0,45.55,Venda Online,,JABOATAO DOS GUARARAPES,PE,Não
8787708886292,"RUA JUNDIAI, N. SN, Apto 503, BL 10 LT A1B QD 10",BARRA DE JANGADA,"Apartamento, 0.00 de área total, 41.79 de área privativa, 0.00 de área do terreno,  2 qto(s), WC, 1 sala(s), cozinha.",90828.46,165700.0,45.19,Venda Direta Online,,JABOATAO DOS GUARARAPES,PE,Não
8787711585745,"RUA GUARULHOS, N. 121, Apto 104, BL 17",BARRA DE JANGADA,"Apartamento, 85.87 de área total, 41.79 de área privativa, 0.00 de área do terreno,  2 qto(s), a.serv, WC, 1 sala(s), cozinha.",92206.05,168213.17,45.19,Venda Online,,JABOATAO DOS GUARARAPES,PE,Não
8444431918016,"RUA VICENTE ADOLFO DA SILVA, N. 2013, Apto 003, BL 19",ZUMBI DO PACHECO,"Apartamento, 49.59 de área total, 44.00 de área privativa, 0.00 de área do terreno,  2 qto(s), a.serv, WC, 1 sala(s), cozinha, 1 vaga(s) de garagem.",87704.0,160000.0,45.19,Venda Direta Online,,JABOATAO DOS GUARARAPES,PE,Não
8555537248245,"RUA SANTA LUZIA, N. 221, Apto 01, BL 12",ZUMBI DO PACHECO,"Apartamento, 57.24 de área total, 50.36 de área privativa, 0.00 de área do terreno,  2 qto(s), a.serv, WC, 1 sala(s), cozinha, 1 vaga(s) de garagem.",87630.27,159865.49,45.19,Venda Direta Online,,JABOATAO DOS GUARARAPES,PE,Não
8787701430250,"RUA SANTA LUZIA, N. 221, Apto 304, BL 13",ZUMBI DO PACHECO,"Apartamento, 0.00 de área total, 50.36 de área privativa, 0.00 de área do terreno,  2 qto(s), a.serv, WC, 1 sala(s), cozinha.",79338.14,144402.0,45.06,Venda Direta Online,,JABOATAO DOS GUARARAPES,PE,Sim
8787705009797,"RODOVIA PE-07, N. SN, Apto 201, BL 12 AREA A102",BULHOES,"Apartamento, 87.31 de área total, 41.79 de área privativa, 0.00 de área do terreno,  2 qto(s), WC, 1 sala(s), cozinha, 1 vaga(s) de garagem.",71540.22,130000.0,44.97,Venda Direta Online,,JABOATAO DOS GUARARAPES,PE,Não
8787706697000,"RUA JUNDIAI, N. 309, Apto 203, BL 02",BARRA DE JANGADA,"Apartamento, 78.09 de área total, 41.79 de área privativa, 0.00 de área do terreno,  2 qto(s), a.serv, WC, 1 sala(s), cozinha.",74291.77,135000.0,44.97,Venda Direta Online,,JABOATAO DOS GUARARAPES,PE,Não
8787706847141,"RUA JUNDIAI, N. 309, Apto 102, BL 12",BARRA DE JANGADA,"Apartamento, 78.09 de área total, 41.79 de área privativa, 0.00 de área do terreno,  2 qto(s), a.serv, WC, 2 sala(s), cozinha.",74291.77,135000.0,44.97,Venda Direta Online,,JABOATAO DOS GUARARAPES,PE,Não
8787709425094,"RUA JUNDIAI, N. 309, Apto 404, BL 20",BARRA DE JANGADA,"Apartamento, 78.09 de área total, 41.79 de área privativa, 0.00 de área do terreno,  2 qto(s), WC, 1 sala(s), cozinha, 1 vaga(s) de garagem.",71540.22,130000.0,44.97,Venda Direta Online,,JABOATAO DOS GUARARAPES,PE,Não
8787709894620,"VIA PRINCIPAL, N. 385, Apto 102, BL 8",SUCUPIRA,"Apartamento, 76.75 de área total, 41.79 de área privativa, 0.00 de área do terreno,  2 qto(s), a.serv, WC, cozinha, 1 vaga(s) de garagem.",74343.69,135094.35,44.97,Venda Direta Online,,JABOATAO DOS GUARARAPES,PE,Não
8787711228870,"VIA PRINCIPAL, N. 385, Apto 102, BL10",SUCUPIRA,"Apartamento, 76.75 de área total, 41.79 de área privativa, 0.00 de área do terreno,  2 qto(s), WC, 1 sala(s), cozinha, 1 vaga(s) de garagem.",74291.77,135000.0,44.97,Venda Direta Online,,JABOATAO DOS GUARARAPES,PE,Não
8555533601250,"RUA SANTA CRUZ DO CAPIBARIBE, N. 303, Apto 05, BL 04 TÉRREO",MARCOS FREIRE,"Apartamento, 54.39 de área total, 44.63 de área privativa, 0.00 de área do terreno,  2 qto(s), a.serv, WC, 1 sala(s), cozinha, 1 vaga(s) de garagem.",72090.54,131000.0,44.97,Venda Direta Online,,JABOATAO DOS GUARARAPES,PE,Não
8555525541562,"RUA VICENTE ADOLFO DA SILVA, N. 2013, Apto 201, BL 25",ZUMBI DO PACHECO,"Apartamento, 49.59 de área total, 44.00 de área privativa, 0.00 de área do terreno,  2 qto(s), a.serv, WC, 1 sala(s), cozinha, 1 vaga(s) de garagem.",73741.47,134000.0,44.97,Venda Direta Online,,JABOATAO DOS GUARARAPES,PE,Não
8555537888252,"RUA SANTA LUZIA, N. 221, Apto 03, BL 14",ZUMBI DO PACHECO,"Apartamento, 57.24 de área total, 50.36 de área privativa, 0.00 de área do terreno,  2 qto(s), a.serv, WC, 1 sala(s), cozinha, 1 vaga(s) de garagem.",69173.89,125700.0,44.97,Venda Direta Online,,JABOATAO DOS GUARARAPES,PE,Não
8787710441812,"RUA GUARULHOS, N. 121, Apto 102, LT A1A PAV 1 BL 03",BARRA DE JANGADA,"Apartamento, 85.86 de área total, 41.79 de área privativa, 0.00 de área do terreno,  2 qto(s), a.serv, WC, 1 sala(s), cozinha.",77866.57,140000.0,44.39,Venda Direta Online,,JABOATAO DOS GUARARAPES,PE,Não
8787710969450,"VIA PRINCIPAL, N. SN, Apto 203, BL 16 PAV 01",SUCUPIRA,"Apartamento, 76.75 de área total, 41.79 de área privativa, 0.00 de área do terreno,  2 qto(s), a.serv, WC, 1 sala(s), cozinha, 1 vaga(s) de garagem.",85097.04,153000.0,44.39,Venda Direta Online,,JABOATAO DOS GUARARAPES,PE,Sim
8787708832249,"VIA LOCAL V, N. 636, Apto 403, BL 04",MURIBEQUINHA,"Apartamento, 61.64 de área total, 45.65 de área privativa, 0.00 de área do terreno,  2 qto(s), a.serv, WC, 1 sala(s), cozinha, 1 vaga(s) de garagem.",83428.47,150000.0,44.39,Venda Direta Online,,JABOATAO DOS GUARARAPES,PE,Não
1444402749670,"RUA JOSE NUNES DA CUNHA, N. 4546, Apto 101",CANDEIAS,"Apartamento, 0.00 de área total, 113.16 de área privativa, 0.00 de área do terreno,  3 qto(s), varanda, a.serv, WC, WC Emp, 1 sala(s), cozinha, 1 vaga(s) de garagem.",228439.41,410000.0,44.29,Licitação Aberta,,JABOATAO DOS GUARARAPES,PE,Não
8787702238370,"RUA SANTA LUZIA, N. 221, Apto 301, BL41",ZUMBI DO PACHECO,"Apartamento, 57.24 de área total, 50.36 de área privativa, 0.00 de área do terreno,  2 qto(s), a.serv, WC, 1 sala(s), cozinha, 1 vaga(s) de garagem.",66509.37,119000.0,44.11,Venda Online,,JABOATAO DOS GUARARAPES,PE,Não
8787705725441,"VIA LOCAL VI, N. 250, Apto 406, BL 12",SANTANA,"Apartamento, 74.76 de área total, 43.29 de área privativa, 0.00 de área do terreno,  2 qto(s), WC, 1 sala(s), cozinha, 1 vaga(s) de garagem.",109580.17,196000.0,44.1,Venda Direta Online,,JABOATAO DOS GUARARAPES,PE,Não
8787705024320,"VIA LOCAL IV, N. 233, Apto 302, BL07 VG294",SANTANA,"Apartamento, 61.23 de área total, 41.77 de área privativa, 0.00 de área do terreno,  2 qto(s), a.serv, WC, 1 sala(s), cozinha, 1 vaga(s) de garagem.",90074.38,160000.0,43.71,Venda Direta Online,,JABOATAO DOS GUARARAPES,PE,Sim
1444408132178,"RUA PROJETADA, N. 10, QD K",JABOATAO GUARARAPES,"Terreno, 0.00 de área total, 0.00 de área privativa, 716.00 de área do terreno.",160969.24,285000.0,43.52,Venda Online,,JABOATAO DOS GUARARAPES,PE,Não
8555535350077,"RUA SANTA CRUZ DO CAPIBARIBE, N. 303, Apto 307, BL 02",MARCOS FREIRE,"Apartamento, 54.73 de área total, 44.91 de área privativa, 0.00 de área do terreno,  2 qto(s), a.serv, WC, 1 sala(s), cozinha, 1 vaga(s) de garagem.",80486.52,141000.0,42.92,Venda Online,,JABOATAO DOS GUARARAPES,PE,Não
8787708238932,"RUA JUNDIAI, N. 309, Apto 101, BL 18",BARRA DE JANGADA,"Apartamento, 78.09 de área total, 41.79 de área privativa, 0.00 de área do terreno,  2 qto(s), a.serv, WC, 1 sala(s), cozinha.",71654.14,125000.0,42.68,Venda Direta Online,,JABOATAO DOS GUARARAPES,PE,Não
8787709575355,"VIA PRINCIPAL, N. 385, Apto 503, BL 01",SUCUPIRA,"Apartamento, 76.75 de área total, 41.79 de área privativa, 0.00 de área do terreno,  2 qto(s), a.serv, WC, 1 sala(s), cozinha, 1 vaga(s) de garagem.",70507.67,123000.0,42.68,Venda Direta Online,,JABOATAO DOS GUARARAPES,PE,Não
8555520729610,"RUA VICENTE ADOLFO DA SILVA, N. SN, Apto 302, PAV 3 BL 5",DOIS CARNEIROS,"Apartamento, 49.59 de área total, 44.00 de área privativa, 0.00 de área do terreno,  2 qto(s), WC, 1 sala(s), cozinha.",69934.44,122000.0,42.68,Licitação Aberta,,JABOATAO DOS GUARARAPES,PE,Não
8555533512436,"RUA SANTA LUZIA, N. 221, Apto 304, BL 03",ZUMBI DO PACHECO,"Apartamento, 57.24 de área total, 50.36 de área privativa, 0.00 de área do terreno,  2 qto(s), a.serv, WC, 1 sala(s), cozinha.",68214.74,119000.0,42.68,Venda Direta Online,,JABOATAO DOS GUARARAPES,PE,Não
8555536232167,"RUA SANTA LUZIA, N. 221, Apto 101, BL 02",ZUMBI DO PACHECO,"Apartamento, 57.24 de área total, 50.36 de área privativa, 0.00 de área do terreno,  2 qto(s), a.serv, WC, 1 sala(s), cozinha.",68787.97,120000.0,42.68,Venda Direta Online,,JABOATAO DOS GUARARAPES,PE,Não
8555537217935,"RUA SANTA LUZIA, N. 221, Apto 303, BL 22",ZUMBI DO PACHECO,"Apartamento, 57.24 de área total, 50.36 de área privativa, 0.00 de área do terreno,  2 qto(s), a.serv, WC, 1 sala(s), cozinha, 1 vaga(s) de garagem.",68214.74,119000.0,42.68,Venda Direta Online,,JABOATAO DOS GUARARAPES,PE,Não
8787700843179,"RUA SANTA LUZIA, N. 221, Apto 101, BL 34",ZUMBI DO PACHECO,"Apartamento, 57.24 de área total, 50.36 de área privativa, 0.00 de área do terreno,  2 qto(s), a.serv, WC, 1 sala(s), cozinha.",68787.97,120000.0,42.68,Venda Direta Online,,JABOATAO DOS GUARARAPES,PE,Não
10219409,"RUA MANOEL CARNEIRO LEAO, N. 00, QD B, LT 31",SUCUPIRA,"Gleba, 0.00 de área total, 0.00 de área privativa, 18000.00 de área do terreno.",1534322.7,2674980.0,42.65,Venda Direta Online,,JABOATAO DOS GUARARAPES,PE,Sim
8787710919097,"RUA GUARULHOS, N. 121, Apto 304, BL 05",BARRA DE JANGADA,"Apartamento, 85.86 de área total, 41.79 de área privativa, 0.00 de área do terreno,  2 qto(s), WC, 1 sala(s), cozinha.",105651.47,184000.0,42.59,Venda Direta Online,,JABOATAO DOS GUARARAPES,PE,Sim
8787706059291,"VIA LOCAL IV, N. 209, Apto 303, BL.6, QUADRA RESIDENCIAL J, VG 195",SANTANA,"Apartamento, 0.00 de área total, 43.64 de área privativa, 0.00 de área do terreno,  2 qto(s), WC, 1 sala(s), cozinha, 1 vaga(s) de garagem.",94755.87,164000.0,42.23,Venda Online,,JABOATAO DOS GUARARAPES,PE,Não
8555536202403,"RUA SANTA LUZIA, N. 221, Apto 204, BL15",ZUMBI DO PACHECO,"Apartamento, 57.24 de área total, 50.36 de área privativa, 0.00 de área do terreno,  2 qto(s), a.serv, WC, 1 sala(s), cozinha.",95333.65,165000.0,42.23,Venda Online,,JABOATAO DOS GUARARAPES,PE,Não
8555520845962,"RUA VICENTE ADOLFO DA SILVA, N. 2013, Apto 303, BL 04  3º PAVIMENTO",ZUMBI DO PACHECO,"Apartamento, 0.00 de área total, 44.00 de área privativa, 0.00 de área do terreno,  2 qto(s), WC, 1 sala(s), cozinha.",57197.08,98800.0,42.11,Licitação Aberta,,JABOATAO DOS GUARARAPES,PE,Não
8787706896525,"RODOVIA PE-07, N. SN, Apto 201, BL 17",BULHOES,"Apartamento, 87.31 de área total, 41.79 de área privativa, 0.00 de área do terreno,  2 qto(s), WC, 1 sala(s), cozinha, 1 vaga(s) de garagem.",78201.87,135000.0,42.08,Venda Direta Online,,JABOATAO DOS GUARARAPES,PE,Não
8787707348912,"RODOVIA PE, N. 07, Apto 403, BL 15",BULHOES,"Apartamento, 87.31 de área total, 41.79 de área privativa, 0.00 de área do terreno,  2 qto(s), a.serv, WC, 1 sala(s), cozinha, 1 vaga(s) de garagem.",73152.28,126282.89,42.08,Venda Direta Online,,JABOATAO DOS GUARARAPES,PE,Não
8787707556400,"RODOVIA PE-07, N. S/N, Apto 202, BL 05",BULHOES,"Apartamento, 87.31 de área total, 41.79 de área privativa, 0.00 de área do terreno,  2 qto(s), a.serv, WC, 1 sala(s), cozinha.",78201.87,135000.0,42.08,Venda Direta Online,,JABOATAO DOS GUARARAPES,PE,Não
8787708133847,"RODOVIA PE-07, N. SN, Apto 303, BL 04",BULHOES,"Apartamento, 87.31 de área total, 41.79 de área privativa, 0.00 de área do terreno,  2 qto(s), WC, 1 sala(s), cozinha, 1 vaga(s) de garagem.",78201.87,135000.0,42.08,Venda Direta Online,,JABOATAO DOS GUARARAPES,PE,Não
8555536016472,"RUA DA PAZ, N. SN, Apto 101, BL 42",BARRA DE JANGADA,"Apartamento, 68.38 de área total, 41.56 de área privativa, 0.00 de área do terreno,  2 qto(s), WC, 1 sala(s), cozinha.",76753.69,132500.0,42.08,Venda Direta Online,,JABOATAO DOS GUARARAPES,PE,Não
8555537082339,"RUA DA PAZ, N. 244, Apto 203, BL 07",BARRA DE JANGADA,"Apartamento, 68.37 de área total, 41.56 de área privativa, 0.00 de área do terreno,  2 qto(s), WC, 1 sala(s), cozinha.",79823.83,137800.0,42.08,Venda Direta Online,,JABOATAO DOS GUARARAPES,PE,Não
8787701079987,"RUA DA PAZ, N. SN, Apto 402, BL 29",BARRA DE JANGADA,"Apartamento, 68.37 de área total, 41.56 de área privativa, 0.00 de área do terreno,  2 qto(s), WC, 1 sala(s), cozinha.",76049.7,131284.71,42.08,Venda Direta Online,,JABOATAO DOS GUARARAPES,PE,Não
8787701392600,"RUA DA PAZ, N. 244, Apto 204, BL 11",BARRA DE JANGADA,"Apartamento, 68.37 de área total, 41.56 de área privativa, 0.00 de área do terreno,  2 qto(s), WC, 1 sala(s), cozinha.",78433.58,135400.0,42.08,Venda Online,,JABOATAO DOS GUARARAPES,PE,Não
8787706235448,"RUA JUNDIAI, N. 309, Apto 103, BL 7",BARRA DE JANGADA,"Apartamento, 78.09 de área total, 41.79 de área privativa, 0.00 de área do terreno,  2 qto(s), WC, 1 sala(s), cozinha.",80345.18,138700.0,42.08,Venda Direta Online,,JABOATAO DOS GUARARAPES,PE,Não
8787706438500,"RUA JUNDIAI, N. 309, Apto 102, BL 08",BARRA DE JANGADA,"Apartamento, 0.00 de área total, 41.79 de área privativa, 0.00 de área do terreno,  2 qto(s), WC, 1 sala(s), cozinha.",80055.54,138200.0,42.08,Venda Direta Online,,JABOATAO DOS GUARARAPES,PE,Não
8787708523858,"RUA JUNDIAI, N. 309, Apto 204, BLOCO 09",BARRA DE JANGADA,"Apartamento, 78.09 de área total, 41.79 de área privativa, 0.00 de área do terreno,  2 qto(s), a.serv, WC, 1 sala(s), cozinha.",78201.87,135000.0,42.08,Venda Online,,JABOATAO DOS GUARARAPES,PE,Não
8787709679029,"RUA JUNDIAI, N. 309, Apto 402, BL 08",BARRA DE JANGADA,"Apartamento, 78.09 de área total, 41.79 de área privativa, 0.00 de área do terreno,  2 qto(s), WC, 1 sala(s), cozinha.",77014.5,132950.24,42.08,Venda Direta Online,,JABOATAO DOS GUARARAPES,PE,Não
8555533087646,"VIA PRINCIPAL, N. 356, Apto 02, BL J",SUCUPIRA,"Apartamento, 59.99 de área total, 43.50 de área privativa, 0.00 de área do terreno,  2 qto(s), WC, 1 sala(s), cozinha, 1 vaga(s) de garagem.",79939.69,138000.0,42.08,Venda Direta Online,,JABOATAO DOS GUARARAPES,PE,Não
8787711727540,"VIA PRINCIPAL, N. 385, Apto 102, BL12",SUCUPIRA,"Apartamento, 76.75 de área total, 41.79 de área privativa, 0.00 de área do terreno,  2 qto(s), WC, 1 sala(s), cozinha, 1 vaga(s) de garagem.",75305.5,130000.0,42.08,Licitação Aberta,,JABOATAO DOS GUARARAPES,PE,Não
8444418942367,"RUA SANTA CRUZ DO CAPIBARIBE, N. 303, Apto 308, BL 02 LT O",MARCOS FREIRE,"Apartamento, 53.80 de área total, 44.15 de área privativa, 0.00 de área do terreno,  2 qto(s), WC, 1 sala(s), cozinha, 1 vaga(s) de garagem.",78201.87,135000.0,42.08,Venda Direta Online,,JABOATAO DOS GUARARAPES,PE,Não
8444421428571,"RUA SANTA CRUZ DO CAPIBARIBE, N. 303, Apto 204, BL 04",MARCOS FREIRE,"Apartamento, 53.80 de área total, 44.15 de área privativa, 0.00 de área do terreno,  2 qto(s), a.serv, WC, 1 sala(s), cozinha, 1 vaga(s) de garagem.",75884.78,131000.0,42.08,Venda Direta Online,,JABOATAO DOS GUARARAPES,PE,Não
8555533231925,"RUA SANTA CRUZ DO CAPIBARIBE, N. 303, Apto 308, BL 07 LT O",MARCOS FREIRE,"Apartamento, 53.80 de área total, 44.15 de área privativa, 0.00 de área do terreno,  2 qto(s), WC, 1 sala(s), cozinha, 1 vaga(s) de garagem.",78201.87,135000.0,42.08,Venda Direta Online,,JABOATAO DOS GUARARAPES,PE,Não
8555533776336,"RUA SANTA CRUZ DO CAPIBARIBE, N. 303, Apto 109, BL 01",MARCOS FREIRE,"Apartamento, 53.80 de área total, 44.15 de área privativa, 0.00 de área do terreno,  2 qto(s), WC, 1 sala(s), cozinha, 1 vaga(s) de garagem.",77159.18,133200.0,42.08,Venda Direta Online,,JABOATAO DOS GUARARAPES,PE,Não
8555537321015,"RUA SANTA LUZIA, N. 221, Apto 302, BL12",ZUMBI DO PACHECO,"Apartamento, 57.24 de área total, 50.36 de área privativa, 0.00 de área do terreno,  2 qto(s), WC, 1 sala(s), cozinha.",79360.41,137000.0,42.08,Venda Direta Online,,JABOATAO DOS GUARARAPES,PE,Não
8555537490380,"RUA SANTA LUZIA, N. 221, Apto 03, BL 21 LT 13E QD C",ZUMBI DO PACHECO,"Apartamento, 57.24 de área total, 50.36 de área privativa, 0.00 de área do terreno,  2 qto(s), WC, 1 sala(s), cozinha.",78201.87,135000.0,42.08,Licitação Aberta,,JABOATAO DOS GUARARAPES,PE,Não
8787701212989,"RUA SANTA LUZIA, N. 221, Apto 201, BL 43",ZUMBI DO PACHECO,"Apartamento, 57.24 de área total, 50.36 de área privativa, 0.00 de área do terreno,  2 qto(s), a.serv, WC, 1 sala(s), cozinha.",78201.87,135000.0,42.08,Venda Direta Online,,JABOATAO DOS GUARARAPES,PE,Não
8787710603731,"VIA LOCAL V, N. 636, Apto 408, BL 09",SANTANA,"Apartamento, 61.64 de área total, 42.19 de área privativa, 0.00 de área do terreno,  1 qto(s), WC, 1 sala(s), cozinha, 1 vaga(s) de garagem.",140768.8,242000.0,41.84,Venda Direta Online,,JABOATAO DOS GUARARAPES,PE,Sim
8787711072900,"RUA JARANGARI, N. 673, Apto 402, BL 09",CANDEIAS,"Apartamento, 60.77 de área total, 40.28 de área privativa, 0.00 de área do terreno,  2 qto(s), a.serv, WC, 1 sala(s), cozinha, 1 vaga(s) de garagem.",83238.79,142176.0,41.46,Licitação Aberta,,JABOATAO DOS GUARARAPES,PE,Não
8787706515807,"RODOVIA PE-07, N. SN, Apto 301, BL 08",BULHOES,"Apartamento, 87.31 de área total, 41.79 de área privativa, 0.00 de área do terreno,  2 qto(s), WC, 1 sala(s), cozinha, 1 vaga(s) de garagem.",84892.14,145000.0,41.46,Venda Online,,JABOATAO DOS GUARARAPES,PE,Não
8787706889294,"RODOVIA PE-07, N. SN, Apto 201, BL 18",BULHOES,"Apartamento, 87.31 de área total, 41.79 de área privativa, 0.00 de área do terreno,  2 qto(s), WC, 1 sala(s), cozinha, 1 vaga(s) de garagem.",87819.45,150000.0,41.46,Venda Direta Online,,JABOATAO DOS GUARARAPES,PE,Não
8787706929555,"RODOVIA PE-07 KM 20.03, N. S/N, Apto 404, BL 20",BULHOES,"Apartamento, 87.30 de área total, 41.79 de área privativa, 0.00 de área do terreno,  2 qto(s), WC, 1 sala(s), cozinha, 1 vaga(s) de garagem.",81379.36,139000.0,41.46,Venda Online,,JABOATAO DOS GUARARAPES,PE,Não
8787706963907,"RODOVIA PE-07 KM 20.03, N. SN, Apto 102, BL 21, TÉRREO",BULHOES,"Apartamento, 87.31 de área total, 41.79 de área privativa, 0.00 de área do terreno,  2 qto(s), a.serv, WC, 1 sala(s), cozinha, 1 vaga(s) de garagem.",87819.45,150000.0,41.46,Venda Online,,JABOATAO DOS GUARARAPES,PE,Não
8787705923464,"RUA LEONARDO DA VINCI, N. SN, Apto 002, BL C LT 01",CURADO,"Apartamento, 75.63 de área total, 45.37 de área privativa, 0.00 de área do terreno,  2 qto(s), varanda, a.serv, WC, 1 sala(s), cozinha, 1 vaga(s) de garagem.",90746.77,155000.0,41.46,Venda Online,,JABOATAO DOS GUARARAPES,PE,Não
8555535025362,"RUA DA PAZ, N. 244, Apto 302, BL 40",BARRA DE JANGADA,"Apartamento, 68.38 de área total, 41.56 de área privativa, 0.00 de área do terreno,  2 qto(s), a.serv, WC, 1 sala(s), cozinha.",88404.91,151000.0,41.46,Venda Online,,JABOATAO DOS GUARARAPES,PE,Não
8555535712289,"RUA DA PAZ, N. S/N, Apto 304, PAV 3 BL28",BARRA DE JANGADA,"Apartamento, 68.37 de área total, 41.56 de área privativa, 0.00 de área do terreno,  2 qto(s), a.serv, WC, 1 sala(s), cozinha.",81964.82,140000.0,41.46,Venda Direta Online,,JABOATAO DOS GUARARAPES,PE,Não
8555535869951,"RUA DA PAZ, N. SN, Apto 204, BL 33",BARRA DE JANGADA,"Apartamento, 68.38 de área total, 41.56 de área privativa, 0.00 de área do terreno,  2 qto(s), WC, 1 sala(s), cozinha.",88404.91,151000.0,41.46,Venda Direta Online,,JABOATAO DOS GUARARAPES,PE,Não
8787701723460,"RUA DA PAZ, N. 244, Apto 303, BL 30 PAV 2",BARRA DE JANGADA,"Apartamento, 70.37 de área total, 41.56 de área privativa, 0.00 de área do terreno,  2 qto(s), WC, 1 sala(s), cozinha.",90746.77,155000.0,41.46,Venda Direta Online,,JABOATAO DOS GUARARAPES,PE,Não
8787701878456,"RUA DA PAZ, N. 244, Apto 401, BL17",BARRA DE JANGADA,"Apartamento, 68.38 de área total, 41.56 de área privativa, 0.00 de área do terreno,  2 qto(s), WC, 1 sala(s), cozinha.",82843.01,141500.0,41.46,Venda Direta Online,,JABOATAO DOS GUARARAPES,PE,Não
8787702197630,"RUA DA PAZ, N. 244, Apto 202, BL 18",BARRA DE JANGADA,"Apartamento, 68.37 de área total, 41.56 de área privativa, 0.00 de área do terreno,  2 qto(s), WC, 1 sala(s), cozinha.",83135.75,142000.0,41.46,Venda Direta Online,,JABOATAO DOS GUARARAPES,PE,Não
8787706893623,"RUA JUNDIAI, N. 309, Apto 304, BL 05",BARRA DE JANGADA,"Apartamento, 45.42 de área total, 41.79 de área privativa, 0.00 de área do terreno,  2 qto(s), WC, 1 sala(s), cozinha, 1 vaga(s) de garagem.",86648.52,148000.0,41.46,Venda Direta Online,,JABOATAO DOS GUARARAPES,PE,Não
8787708279531,"RUA JUNDIAI, N. 309, Apto 302, BL 10",BARRA DE JANGADA,"Apartamento, 78.09 de área total, 41.79 de área privativa, 0.00 de área do terreno,  2 qto(s), WC, 1 sala(s), cozinha.",81964.82,140000.0,41.46,Venda Direta Online,,JABOATAO DOS GUARARAPES,PE,Não
8787709184151,"RUA JUNDIAI, N. 309, Apto 504, BL 25",BARRA DE JANGADA,"Apartamento, 78.09 de área total, 41.79 de área privativa, 0.00 de área do terreno,  2 qto(s), WC, 1 sala(s), cozinha.",81964.82,140000.0,41.46,Venda Direta Online,,JABOATAO DOS GUARARAPES,PE,Não
8787709366152,"RUA JUNDIAI, N. 309, Apto 304, BL 25",BARRA DE JANGADA,"Apartamento, 78.09 de área total, 41.79 de área privativa, 0.00 de área do terreno,  2 qto(s), WC, 1 sala(s), cozinha.",84892.14,145000.0,41.46,Venda Direta Online,,JABOATAO DOS GUARARAPES,PE,Não
8787709898731,"RUA GUARULHOS, N. 121, Apto 303, BL 02",BARRA DE JANGADA,"Apartamento, 85.87 de área total, 41.79 de área privativa, 0.00 de área do terreno,  2 qto(s), a.serv, WC, 1 sala(s), cozinha.",89575.84,153000.0,41.46,Venda Direta Online,,JABOATAO DOS GUARARAPES,PE,Não
8787710397783,"RUA GUARULHOS, N. 121, Apto 003, BL 08",BARRA DE JANGADA,"Apartamento, 85.86 de área total, 41.79 de área privativa, 0.00 de área do terreno,  2 qto(s), WC, 1 sala(s), cozinha.",84892.14,145000.0,41.46,Venda Direta Online,,JABOATAO DOS GUARARAPES,PE,Não
8787711697829,"RUA GUARULHOS, N. 121, Apto 301, VL 14 PAV 3",BARRA DE JANGADA,"Apartamento, 85.87 de área total, 41.79 de área privativa, 0.00 de área do terreno,  2 qto(s), WC, 1 sala(s), cozinha.",81297.76,138860.63,41.46,Venda Direta Online,,JABOATAO DOS GUARARAPES,PE,Não
8787712131888,"RUA GUARULHOS, N. SN, Apto 401, BL 03",BARRA DE JANGADA,"Apartamento, 85.86 de área total, 41.79 de área privativa, 0.00 de área do terreno,  2 qto(s), WC, 1 sala(s), cozinha.",90746.77,155000.0,41.46,Venda Direta Online,,JABOATAO DOS GUARARAPES,PE,Não
8787713098230,"RUA GUARULHOS, N. 121, Apto 202, BL 22  LT A-1-A",BARRA DE JANGADA,"Apartamento, 85.86 de área total, 41.79 de área privativa, 0.00 de área do terreno,  2 qto(s), WC, 1 sala(s), cozinha.",86648.52,148000.0,41.46,Venda Direta Online,,JABOATAO DOS GUARARAPES,PE,Não
8787713963925,"RUA GUARULHOS, N. 121, Apto 201,  BLOCO 21",BARRA DE JANGADA,"Apartamento, 85.87 de área total, 41.79 de área privativa, 0.00 de área do terreno,  2 qto(s), WC, 1 sala(s), cozinha.",87210.57,148960.0,41.46,Venda Direta Online,,JABOATAO DOS GUARARAPES,PE,Não
8787708624018,"AVENIDA GENERAL MANOEL RABELO, N. 1600, Apto 106, BL 08",ENGENHO VELHO,"Apartamento, 62.94 de área total, 43.29 de área privativa, 0.00 de área do terreno,  2 qto(s), a.serv, WC, 1 sala(s), cozinha, 1 vaga(s) de garagem.",88370.86,150941.84,41.46,Licitação Aberta,,JABOATAO DOS GUARARAPES,PE,Não
8555533282279,"VIA PRINCIPAL, N. S/N, Apto 308, TIPO 05 BL F",SUCUPIRA,"Apartamento, 47.69 de área total, 47.69 de área privativa, 0.00 de área do terreno,  2 qto(s), a.serv, WC, 1 sala(s), cozinha, 1 vaga(s) de garagem.",86063.06,147000.0,41.46,Venda Direta Online,,JABOATAO DOS GUARARAPES,PE,Não
8555538315922,"VIA PRINCIPAL, N. 356, Apto 302, BL A",SUCUPIRA,"Apartamento, 59.99 de área total, 43.50 de área privativa, 0.00 de área do terreno,  2 qto(s), WC, 1 sala(s), cozinha, 1 vaga(s) de garagem.",90161.3,154000.0,41.46,Venda Online,,JABOATAO DOS GUARARAPES,PE,Não
8787708731280,"VIA PRINCIPAL, N. 385, Apto 301, BL 03",SUCUPIRA,"Apartamento, 76.75 de área total, 41.79 de área privativa, 0.00 de área do terreno,  2 qto(s), a.serv, WC, 1 sala(s), cozinha, 1 vaga(s) de garagem.",82550.28,141000.0,41.46,Venda Direta Online,,JABOATAO DOS GUARARAPES,PE,Não
8555534407288,"RUA SANTA CRUZ DO CAPIBARIBE, N. 303, Apto 302, BL 04 TIPO 02",MARCOS FREIRE,"Apartamento, 54.39 de área total, 44.63 de área privativa, 0.00 de área do terreno,  2 qto(s), a.serv, WC, 1 sala(s), cozinha, 1 vaga(s) de garagem.",87819.45,150000.0,41.46,Venda Direta Online,,JABOATAO DOS GUARARAPES,PE,Não
8787706119030,"VIA LOCAL IV, N. 209, Apto 102, BL 07, VG 25",SANTANA,"Apartamento, 61.65 de área total, 42.12 de área privativa, 0.00 de área do terreno,  2 qto(s), a.serv, WC, 1 sala(s), cozinha, 1 vaga(s) de garagem.",83135.75,142000.0,41.46,Venda Direta Online,,JABOATAO DOS GUARARAPES,PE,Não
8787707879314,"VIA LOCAL V, N. 636, Apto 104, BL 02",SANTANA,"Apartamento, 54.70 de área total, 36.33 de área privativa, 0.00 de área do terreno,  1 qto(s), a.serv, WC, 1 sala(s), cozinha, 1 vaga(s) de garagem.",86121.61,147100.0,41.46,Venda Online,,JABOATAO DOS GUARARAPES,PE,Não
8787710801029,"VIA LOCAL V, N. 636, Apto 205, BL 07",SANTANA,"Apartamento, 65.73 de área total, 45.65 de área privativa, 0.00 de área do terreno,  2 qto(s), a.serv, WC, 1 sala(s), cozinha, 1 vaga(s) de garagem.",90746.77,155000.0,41.46,Venda Online,,JABOATAO DOS GUARARAPES,PE,Não
8555520192578,"RUA VICENTE ADOLFO DA SILVA, N. SN, Apto 204, BL 06",ZUMBI DO PACHECO,"Apartamento, 49.59 de área total, 44.00 de área privativa, 0.00 de área do terreno,  2 qto(s), a.serv, WC, 1 sala(s), cozinha.",81964.82,140000.0,41.46,Venda Direta Online,,JABOATAO DOS GUARARAPES,PE,Não
8555524143938,"RUA VICENTE ADOLFO DA SILVA, N. SN, Apto 004, BL 25",ZUMBI DO PACHECO,"Apartamento, 49.59 de área total, 44.00 de área privativa, 0.00 de área do terreno,  2 qto(s), a.serv, WC, 1 sala(s), cozinha, 1 vaga(s) de garagem.",84892.14,145000.0,41.46,Venda Direta Online,,JABOATAO DOS GUARARAPES,PE,Não
8555536797172,"RUA SANTA LUZIA, N. 221, Apto 203, BL 27",ZUMBI DO PACHECO,"Apartamento, 57.24 de área total, 50.36 de área privativa, 0.00 de área do terreno,  2 qto(s), a.serv, WC, 1 sala(s), cozinha.",81964.82,140000.0,41.46,Venda Direta Online,,JABOATAO DOS GUARARAPES,PE,Não
8555537230001,"RUA SANTA LUZIA, N. 221, Apto 201, BL 04",ZUMBI DO PACHECO,"Apartamento, 57.24 de área total, 50.36 de área privativa, 0.00 de área do terreno,  2 qto(s), a.serv, WC, 1 sala(s), cozinha, 1 vaga(s) de garagem.",81964.82,140000.0,41.46,Venda Direta Online,,JABOATAO DOS GUARARAPES,PE,Não
8555537253605,"RUA SANTA LUZIA, N. 221, Apto 301, BL 20",ZUMBI DO PACHECO,"Apartamento, 57.24 de área total, 50.36 de área privativa, 0.00 de área do terreno,  2 qto(s), a.serv, WC, 1 sala(s), cozinha.",81822.0,139756.05,41.46,Licitação Aberta,,JABOATAO DOS GUARARAPES,PE,Não
8555537377096,"RUA SANTA LUZIA, N. 221, Apto 201, BL 16",ZUMBI DO PACHECO,"Apartamento, 57.24 de área total, 50.36 de área privativa, 0.00 de área do terreno,  2 qto(s), WC, 1 sala(s), cozinha.",89697.69,153208.12,41.46,Venda Direta Online,,JABOATAO DOS GUARARAPES,PE,Não
8555537816510,"RUA SANTA LUZIA, N. 221, Apto 202, BL 21",ZUMBI DO PACHECO,"Apartamento, 57.24 de área total, 50.36 de área privativa, 0.00 de área do terreno,  2 qto(s), a.serv, WC, 1 sala(s), cozinha, 1 vaga(s) de garagem.",82667.38,141200.0,41.46,Venda Direta Online,,JABOATAO DOS GUARARAPES,PE,Não
8787700749679,"RUA SANTA LUZIA, N. 221, Apto 02, BL 33",ZUMBI DO PACHECO,"Apartamento, 57.24 de área total, 50.36 de área privativa, 0.00 de área do terreno,  2 qto(s), a.serv, WC, 1 sala(s), cozinha.",81964.82,140000.0,41.46,Venda Direta Online,,JABOATAO DOS GUARARAPES,PE,Não
8787709419434,"RUA PALHAMBU, N. 212, Apto 302, BL 03",DOIS CARNEIROS,"Apartamento, 69.25 de área total, 46.33 de área privativa, 0.00 de área do terreno,  2 qto(s), varanda, a.serv, WC, 1 sala(s), cozinha.",117860.63,200000.0,41.07,Venda Online,,JABOATAO DOS GUARARAPES,PE,Não
8787709538735,"RUA PALHAMBU, N. 212, Apto 204, BL01",DOIS CARNEIROS,"Apartamento, 68.81 de área total, 46.03 de área privativa, 0.00 de área do terreno,  2 qto(s), varanda, a.serv, WC, 1 sala(s), cozinha.",114914.11,195000.0,41.07,Venda Online,,JABOATAO DOS GUARARAPES,PE,Não
8787701004200,"RUA SANTA LUZIA, N. 221, Apto 02, BL 37",RES ECOVILLA YAPOATA,"Apartamento, 57.24 de área total, 50.36 de área privativa, 0.00 de área do terreno,  2 qto(s), a.serv, WC, 1 sala(s), cozinha, 1 vaga(s) de garagem.",97778.11,165000.0,40.75,Venda Direta Online,,JABOATAO DOS GUARARAPES,PE,Não
8555533742890,"RUA CARCERES, N. 381, Apto 302, BL 18",CANDEIAS,"Apartamento, 66.70 de área total, 44.51 de área privativa, 0.00 de área do terreno,  2 qto(s), a.serv, WC, 1 sala(s), cozinha.",97778.11,165000.0,40.75,Licitação Aberta,,JABOATAO DOS GUARARAPES,PE,Não
8787710871493,"RUA JARANGARI, N. 673, Apto 204, BL 13 BOX 132",CANDEIAS,"Apartamento, 0.00 de área total, 40.28 de área privativa, 0.00 de área do terreno,  2 qto(s), a.serv, WC, 1 sala(s), cozinha, 1 vaga(s) de garagem.",94815.14,160000.0,40.75,Licitação Aberta,,JABOATAO DOS GUARARAPES,PE,Não
8787712141018,"RUA JARANGARI, N. 673, Apto 301, BL 16 BOX 402",CANDEIAS,"Apartamento, 60.77 de área total, 40.28 de área privativa, 0.00 de área do terreno,  2 qto(s), a.serv, WC, 1 sala(s), cozinha, 1 vaga(s) de garagem.",97778.11,165000.0,40.75,Licitação Aberta,,JABOATAO DOS GUARARAPES,PE,Não
8787702417207,"RUA LEONARDO DA VINCI, N. 96, Apto 505, BL D LT 01",CURADO,"Apartamento, 75.63 de área total, 45.37 de área privativa, 0.00 de área do terreno,  2 qto(s), WC, 1 sala(s), cozinha.",101926.27,172000.0,40.75,Licitação Aberta,,JABOATAO DOS GUARARAPES,PE,Não
8787703588609,"RUA DA PAZ, N. 244, Apto 101, BL 24",BARRA DE JANGADA,"Apartamento, 68.38 de área total, 41.56 de área privativa, 0.00 de área do terreno,  1 qto(s), WC, 1 sala(s), cozinha.",94815.14,160000.0,40.75,Venda Direta Online,,JABOATAO DOS GUARARAPES,PE,Não
8787708032005,"RUA JUNDIAI, N. 309, Apto 103, BL14 LT A-1-B",BARRA DE JANGADA,"Apartamento, 78.09 de área total, 41.79 de área privativa, 0.00 de área do terreno,  2 qto(s), WC, 1 sala(s), cozinha.",94815.14,160000.0,40.75,Venda Direta Online,,JABOATAO DOS GUARARAPES,PE,Não
8787708305389,"RUA JUNDIAI, N. 309, Apto 103, BL 17 GLEBA A1",BARRA DE JANGADA,"Apartamento, 78.09 de área total, 41.79 de área privativa, 0.00 de área do terreno,  2 qto(s), WC, WC Emp, 1 sala(s), cozinha.",92425.42,155967.36,40.75,Venda Direta Online,,JABOATAO DOS GUARARAPES,PE,Não
8787708359560,"RUA JUNDIAI, N. 309, Apto 202, BL 21",BARRA DE JANGADA,"Apartamento, 78.09 de área total, 41.79 de área privativa, 0.00 de área do terreno,  2 qto(s), WC, 1 sala(s), cozinha.",97778.11,165000.0,40.75,Venda Direta Online,,JABOATAO DOS GUARARAPES,PE,Não
8787710043680,"RUA REGISTRO, N. 120, Apto 401, BL 04 LT A-2-A",BARRA DE JANGADA,"Apartamento, 60.50 de área total, 40.28 de área privativa, 0.00 de área do terreno,  2 qto(s), WC, 1 sala(s), cozinha.",97778.11,165000.0,40.75,Venda Direta Online,,JABOATAO DOS GUARARAPES,PE,Não
8787715223457,"RUA REGISTRO, N. 120, Apto 402, BL 10",BARRA DE JANGADA,"Apartamento, 49.00 de área total, 40.28 de área privativa, 0.00 de área do terreno,  2 qto(s), WC, 1 sala(s), cozinha, 1 vaga(s) de garagem.",97778.11,165000.0,40.75,Licitação Aberta,,JABOATAO DOS GUARARAPES,PE,Não
8444400176972,"RUA MARIO PEREIRA AMADOR, N. 634, CS 03",PIEDADE,"Casa, 48.94 de área total, 48.94 de área privativa, 360.00 de área do terreno,  2 qto(s), varanda, WC, 1 sala(s), cozinha.",94222.54,159000.0,40.75,Licitação Aberta,,JABOATAO DOS GUARARAPES,PE,Não
8444422410021,"VIA PRINCIPAL, N. 144, Apto 206, TORRE E",SUCUPIRA,"Apartamento, 67.33 de área total, 47.21 de área privativa, 0.00 de área do terreno,  2 qto(s), a.serv, WC, 1 sala(s), cozinha, 1 vaga(s) de garagem.",103704.06,175000.0,40.75,Venda Direta Online,,JABOATAO DOS GUARARAPES,PE,Não
8555534215613,"EDIFICIO VILA BRAGANÇA, N. 356, Apto 206, 206, B",SUCUPIRA,"Apartamento, 66.44 de área total, 47.69 de área privativa, 0.00 de área do terreno,  2 qto(s), varanda, WC, 1 sala(s), cozinha.",97778.11,165000.0,40.75,Licitação Aberta,,JABOATAO DOS GUARARAPES,PE,Não
8787709400776,"VIA PRINCIPAL, N. 385, Apto 104, BL 05 QD 04",SUCUPIRA,"Apartamento, 0.00 de área total, 41.79 de área privativa, 0.00 de área do terreno,  2 qto(s), a.serv, WC, cozinha, 1 vaga(s) de garagem.",99555.89,168000.0,40.75,Venda Direta Online,,JABOATAO DOS GUARARAPES,PE,Não
8787711399852,"VIA PRINCIPAL (R B D VILAS), N. 385, Apto 503, BL 16",SUCUPIRA,"Apartamento, 76.75 de área total, 41.79 de área privativa, 0.00 de área do terreno,  2 qto(s), WC, 1 sala(s), cozinha, 1 vaga(s) de garagem.",97778.11,165000.0,40.75,Venda Direta Online,,JABOATAO DOS GUARARAPES,PE,Não
8444434231151,"AVENIDA FERNANDES VIEIRA, N. 1281, Apto 301, BL14",MARCOS FREIRE,"Apartamento, 76.58 de área total, 41.79 de área privativa, 0.00 de área do terreno,  2 qto(s), WC, 1 sala(s), cozinha, 1 vaga(s) de garagem.",100148.49,169000.0,40.75,Venda Direta Online,,JABOATAO DOS GUARARAPES,PE,Não
8444436446104,"AVENIDA FERNANDES VIEIRA, N. 1281, Apto 404, BL 15",MARCOS FREIRE,"Apartamento, 76.58 de área total, 41.79 de área privativa, 0.00 de área do terreno,  2 qto(s), a.serv, WC, 1 sala(s), cozinha, 1 vaga(s) de garagem.",100741.08,170000.0,40.75,Venda Direta Online,,JABOATAO DOS GUARARAPES,PE,Não
8787700914670,"RUA JARANGARI, N. SN, Apto 301, BL 06",SANTANA,"Apartamento, 61.23 de área total, 41.77 de área privativa, 0.00 de área do terreno,  2 qto(s), a.serv, WC, 1 sala(s), cozinha, 1 vaga(s) de garagem.",92444.76,156000.0,40.75,Licitação Aberta,,JABOATAO DOS GUARARAPES,PE,Não
8787704149013,"VIA LOCAL VI, N. 250, Apto 308,  BL 05 LOT RESERVA VILLA NATAL",SANTANA,"Apartamento, 61.74 de área total, 42.19 de área privativa, 0.00 de área do terreno,  2 qto(s), WC, 1 sala(s), cozinha, 1 vaga(s) de garagem.",93497.0,157775.66,40.75,Venda Direta Online,,JABOATAO DOS GUARARAPES,PE,Não
8787705982274,"VIA LOCAL IV, N. 209, Apto 304, BL 07",SANTANA,"Apartamento, 0.00 de área total, 42.83 de área privativa, 0.00 de área do terreno,  2 qto(s), a.serv, WC, 1 sala(s), cozinha, 1 vaga(s) de garagem.",95407.73,161000.0,40.75,Venda Direta Online,,JABOATAO DOS GUARARAPES,PE,Não
8787706722330,"VIA LOCAL IV, N. 209, Apto 302, BLOCO 07, VAGA 310",SANTANA,"Apartamento, 62.23 de área total, 42.77 de área privativa, 0.00 de área do terreno,  2 qto(s), a.serv, WC, 1 sala(s), cozinha, 1 vaga(s) de garagem.",91980.98,155217.38,40.75,Venda Direta Online,,JABOATAO DOS GUARARAPES,PE,Não
8787709247200,"VIA LOCAL V, N. 636, Apto 101, BL 07",SANTANA,"Apartamento, 62.05 de área total, 42.54 de área privativa, 0.00 de área do terreno,  2 qto(s), a.serv, WC, 1 sala(s), cozinha.",94815.14,160000.0,40.75,Venda Direta Online,,JABOATAO DOS GUARARAPES,PE,Não
8555533653528,"RUA SANTA LUZIA, N. 221, Apto 203, BL 05",ZUMBI DO PACHECO,"Apartamento, 57.24 de área total, 50.36 de área privativa, 0.00 de área do terreno,  2 qto(s), a.serv, WC, 1 sala(s), cozinha, 1 vaga(s) de garagem.",97778.11,165000.0,40.75,Venda Direta Online,,JABOATAO DOS GUARARAPES,PE,Não
8555534318005,"RUA SANTA LUZIA, N. 221, Apto 02, BL 08",ZUMBI DO PACHECO,"Apartamento, 57.24 de área total, 50.36 de área privativa, 0.00 de área do terreno,  2 qto(s), a.serv, WC, 1 sala(s), cozinha, 1 vaga(s) de garagem.",97778.11,165000.0,40.75,Venda Direta Online,,JABOATAO DOS GUARARAPES,PE,Não
8555536195245,"RUA SANTA LUZIA, N. 221, Apto 302, BL 14",ZUMBI DO PACHECO,"Apartamento, 57.24 de área total, 50.36 de área privativa, 0.00 de área do terreno,  2 qto(s), a.serv, WC, 1 sala(s), cozinha, 1 vaga(s) de garagem.",97778.11,165000.0,40.75,Venda Direta Online,,JABOATAO DOS GUARARAPES,PE,Não
8555536534147,"RUA SANTA LUZIA, N. 221, Apto 03, BL 15",ZUMBI DO PACHECO,"Apartamento, 57.24 de área total, 50.36 de área privativa, 0.00 de área do terreno,  2 qto(s), a.serv, WC, 1 sala(s), cozinha, 1 vaga(s) de garagem.",94815.14,160000.0,40.75,Venda Direta Online,,JABOATAO DOS GUARARAPES,PE,Não
8555536593194,"RUA SANTA LUZIA, N. 221, Apto 303, BL 30 LT 13-C QD C",ZUMBI DO PACHECO,"Apartamento, 57.24 de área total, 50.36 de área privativa, 0.00 de área do terreno,  2 qto(s), a.serv, WC, 1 sala(s), cozinha, 1 vaga(s) de garagem.",97481.81,164500.0,40.75,Venda Online,,JABOATAO DOS GUARARAPES,PE,Não
8555536863698,"RUA SANTA LUZIA, N. 221, Apto 203, BL 20",ZUMBI DO PACHECO,"Apartamento, 57.24 de área total, 50.36 de área privativa, 0.00 de área do terreno,  2 qto(s), a.serv, WC, 1 sala(s), cozinha.",97778.11,165000.0,40.75,Venda Direta Online,,JABOATAO DOS GUARARAPES,PE,Não
8555536866387,"RUA SANTA LUZIA, N. 221, Apto 203, BL 23",ZUMBI DO PACHECO,"Apartamento, 57.24 de área total, 50.36 de área privativa, 0.00 de área do terreno,  2 qto(s), WC, 1 sala(s), cozinha.",99555.89,168000.0,40.75,Venda Direta Online,,JABOATAO DOS GUARARAPES,PE,Não
8555536998364,"RUA SANTA LUZIA, N. 221, Apto 204, BL 09",ZUMBI DO PACHECO,"Apartamento, 57.24 de área total, 50.36 de área privativa, 0.00 de área do terreno,  2 qto(s), a.serv, WC, 1 sala(s), cozinha, 1 vaga(s) de garagem.",97778.11,165000.0,40.75,Venda Direta Online,,JABOATAO DOS GUARARAPES,PE,Não
8555537052812,"RUA SANTA LUZIA, N. 221, Apto 301, BL 17",ZUMBI DO PACHECO,"Apartamento, 57.24 de área total, 50.36 de área privativa, 0.00 de área do terreno,  2 qto(s), a.serv, WC, 1 sala(s), cozinha.",97778.11,165000.0,40.75,Venda Direta Online,,JABOATAO DOS GUARARAPES,PE,Não
8787701905844,"RUA SANTA LUZIA, N. 221, Apto 104, BL 40 LT 13-E QD C",ZUMBI DO PACHECO,"Apartamento, 57.24 de área total, 50.36 de área privativa, 0.00 de área do terreno,  2 qto(s), a.serv, WC, 1 sala(s), cozinha, 1 vaga(s) de garagem.",94815.14,160000.0,40.75,Venda Direta Online,,JABOATAO DOS GUARARAPES,PE,Não
8555537119330,"RUA SANTA LUZIA, N. 221, Apto 203, BL 16",ZUMBI DO PACHECO,"Apartamento, 57.24 de área total, 50.36 de área privativa, 0.00 de área do terreno,  2 qto(s), a.serv, WC, 1 sala(s), cozinha, 1 vaga(s) de garagem.",148652.22,249000.0,40.31,Venda Direta Online,,JABOATAO DOS GUARARAPES,PE,Sim
8787700757868,"RUA SANTA LUZIA, N. 221, Apto 301, BL 34",ZUMBI DO PACHECO,"Apartamento, 57.24 de área total, 50.36 de área privativa, 0.00 de área do terreno,  2 qto(s), a.serv, WC, 1 sala(s), cozinha.",148652.22,249000.0,40.31,Venda Online,,JABOATAO DOS GUARARAPES,PE,Sim
1444413659987,"RUA VICENTE ADOLFO DA SILVA, N. 2013, Apto 004, BL 13",ZUMBI DO PACHECO,"Apartamento, 49.59 de área total, 44.00 de área privativa, 0.00 de área do terreno,  2 qto(s), WC, 1 sala(s), cozinha, 1 vaga(s) de garagem.",82010.91,135716.08,39.58,Venda Direta Online,,JABOATAO DOS GUARARAPES,PE,Não
8787701657638,"RUA SANTA LUZIA, N. 221, Apto 303, BL 44, LT 13-E, LOT SÍTIO PALHAMBU",ZUMBI DO PACHECO,"Apartamento, 57.24 de área total, 50.36 de área privativa, 0.00 de área do terreno,  2 qto(s), a.serv, WC, 1 sala(s), cozinha.",82182.47,136000.0,39.58,Venda Direta Online,,JABOATAO DOS GUARARAPES,PE,Não
8555512415776,"RUA PEDRINOPOLIS (ANT RUA ANICETO VAREJAO), N. 122, Apto 303, BL 08 TP A VAGA 289",CANDEIAS,"Apartamento, 70.40 de área total, 59.40 de área privativa, 0.00 de área do terreno,  3 qto(s), a.serv, WC, 1 sala(s), cozinha, 1 vaga(s) de garagem.",131218.17,217100.0,39.56,Licitação Aberta,,JABOATAO DOS GUARARAPES,PE,Não
8787709991421,"RUA MAJOR MEDICO VICENTE FONSECA DE MATO, N. 1129, Apto 704, BL A",CANDEIAS,"Apartamento, 66.11 de área total, 45.82 de área privativa, 0.00 de área do terreno,  2 qto(s), a.serv, WC, 1 sala(s), cozinha, 1 vaga(s) de garagem.",114838.57,190000.0,39.56,Licitação Aberta,,JABOATAO DOS GUARARAPES,PE,Não
8787712821698,"RUA MAJOR MEDICO VICENTE FONSECA DE MATO, N. 1129, Apto 06, BL A",CANDEIAS,"Apartamento, 66.02 de área total, 45.76 de área privativa, 0.00 de área do terreno,  2 qto(s), a.serv, WC, 1 sala(s), cozinha, 1 vaga(s) de garagem.",132970.97,220000.0,39.56,Licitação Aberta,,JABOATAO DOS GUARARAPES,PE,Não
8787716556026,"RUA JARANGARI, N. 793, Apto 403, BL 03 VG 74",CANDEIAS,"Apartamento, 71.54 de área total, 40.28 de área privativa, 0.00 de área do terreno,  2 qto(s), a.serv, WC, 1 sala(s), cozinha, 1 vaga(s) de garagem.",115442.98,191000.0,39.56,Venda Online,,JABOATAO DOS GUARARAPES,PE,Não
8444431201901,"RUA LEONARDO DA VINCI, N. 120, Apto 007, PAV. TERREO, BL D, LT 03",CURADO,"Apartamento, 84.59 de área total, 45.37 de área privativa, 0.00 de área do terreno,  2 qto(s), varanda, a.serv, WC, 1 sala(s), cozinha, 1 vaga(s) de garagem.",111816.5,185000.0,39.56,Venda Direta Online,,JABOATAO DOS GUARARAPES,PE,Não
8787701559008,"RUA LEONARDO DA VINCI, N. 168, Apto 01, BL C",CURADO,"Apartamento, 82.78 de área total, 45.37 de área privativa, 0.00 de área do terreno,  2 qto(s), varanda, a.serv, WC, 1 sala(s), cozinha, 1 vaga(s) de garagem.",114838.57,190000.0,39.56,Licitação Aberta,,JABOATAO DOS GUARARAPES,PE,Não
8787704522733,"RUA LEONARDO DA VINCI, N. SN, Apto 006, BLOCO B",CURADO,"Apartamento, 75.63 de área total, 45.37 de área privativa, 0.00 de área do terreno,  2 qto(s), varanda, WC, 1 sala(s), cozinha, 1 vaga(s) de garagem.",114838.57,190000.0,39.56,Licitação Aberta,,JABOATAO DOS GUARARAPES,PE,Não
8555537724713,"RUA DA PAZ, N. SN, Apto 303, BL 28",BARRA DE JANGADA,"Apartamento, 68.37 de área total, 41.56 de área privativa, 0.00 de área do terreno,  2 qto(s), a.serv, WC, 1 sala(s), cozinha.",111816.5,185000.0,39.56,Venda Direta Online,,JABOATAO DOS GUARARAPES,PE,Não
8787713334375,"RUA REGISTRO, N. 120, Apto 103,  BL 22 VG 38",BARRA DE JANGADA,"Apartamento, 69.48 de área total, 40.28 de área privativa, 0.00 de área do terreno,  2 qto(s), WC, 1 sala(s), cozinha, 1 vaga(s) de garagem.",113206.65,187300.0,39.56,Venda Online,,JABOATAO DOS GUARARAPES,PE,Não
8787702843028,"RUA JARANGARI, N. 53, Apto 403, BL 16",PIEDADE,"Apartamento, 62.71 de área total, 42.53 de área privativa, 0.00 de área do terreno,  2 qto(s), WC, 1 sala(s), cozinha, 1 vaga(s) de garagem.",117558.43,194500.0,39.56,Venda Direta Online,,JABOATAO DOS GUARARAPES,PE,Não
8787705651880,"RUA JARANGARI, N. 80, Apto 401, BL 04 VAGA 224",PIEDADE,"Apartamento, 61.05 de área total, 40.28 de área privativa, 0.00 de área do terreno,  2 qto(s), a.serv, WC, 1 sala(s), cozinha, 1 vaga(s) de garagem.",112929.87,186842.07,39.56,Licitação Aberta,,JABOATAO DOS GUARARAPES,PE,Não
8787716884538,"RUA JARANGARI, N. 793, Apto 402, BL 08",PIEDADE,"Apartamento, 71.53 de área total, 40.28 de área privativa, 0.00 de área do terreno,  2 qto(s), a.serv, WC, 1 sala(s), cozinha, 1 vaga(s) de garagem.",142158.06,235200.0,39.56,Venda Direta Online,,JABOATAO DOS GUARARAPES,PE,Não
8787704003868,"VIA LOCAL VI, N. 250, Apto 303, BL 6 QD L",SOCORRO,"Apartamento, 65.84 de área total, 45.65 de área privativa, 0.00 de área do terreno,  2 qto(s), a.serv, WC, 1 sala(s), cozinha, 1 vaga(s) de garagem.",123904.77,205000.0,39.56,Venda Online,,JABOATAO DOS GUARARAPES,PE,Não
8787705458540,"VIA LOCAL VI, N. 250, Apto 405, BL 05",SOCORRO,"Apartamento, 65.84 de área total, 45.65 de área privativa, 0.00 de área do terreno,  2 qto(s), a.serv, WC, 1 sala(s), cozinha.",117860.63,195000.0,39.56,Venda Online,,JABOATAO DOS GUARARAPES,PE,Não
8787708107749,"VIA LOCAL VI, N. 250, Apto 407, BL 06",SOCORRO,"Apartamento, 73.45 de área total, 42.19 de área privativa, 0.00 de área do terreno,  2 qto(s), WC, 1 sala(s), cozinha, 1 vaga(s) de garagem.",117256.22,194000.0,39.56,Venda Direta Online,,JABOATAO DOS GUARARAPES,PE,Não
8787703740745,"VIA PRINCIPAL, N. 144, Apto 05, BL E",SUCUPIRA,"Apartamento, 0.00 de área total, 47.70 de área privativa, 0.00 de área do terreno,  2 qto(s), a.serv, WC, 1 sala(s), cozinha, 1 vaga(s) de garagem.",110849.44,183400.0,39.56,Venda Direta Online,,JABOATAO DOS GUARARAPES,PE,Não
8787712161558,"RUA VICENTE ADOLFO DA SILVA, N. 201, Apto 202, BL 07",DOIS CARNEIROS,"Apartamento, 66.12 de área total, 46.33 de área privativa, 0.00 de área do terreno,  2 qto(s), WC, 1 sala(s), cozinha, 1 vaga(s) de garagem.",118967.75,196831.73,39.56,Venda Direta Online,,JABOATAO DOS GUARARAPES,PE,Não
8787712169745,"RUA VICENTE ADOLFO DA SILVA, N. SN, Apto 201, BL 6 PAVIMENTO 02",DOIS CARNEIROS,"Apartamento, 66.12 de área total, 46.33 de área privativa, 0.00 de área do terreno,  2 qto(s), WC, 1 sala(s), cozinha, 1 vaga(s) de garagem.",114838.57,190000.0,39.56,Venda Direta Online,,JABOATAO DOS GUARARAPES,PE,Não
8787713935166,"RUA PALHAMBU, N. 201, Apto 401, BL 08",DOIS CARNEIROS,"Apartamento, 66.12 de área total, 46.33 de área privativa, 0.00 de área do terreno,  2 qto(s), varanda, WC, 1 sala(s), cozinha.",114838.57,190000.0,39.56,Venda Online,,JABOATAO DOS GUARARAPES,PE,Não
8787713962996,"RUA PALHAMBU, N. 201, Apto 06, BL 10",DOIS CARNEIROS,"Apartamento, 67.39 de área total, 47.56 de área privativa, 0.00 de área do terreno,  2 qto(s), varanda, a.serv, WC, 1 sala(s), cozinha.",119607.28,197889.83,39.56,Venda Online,,JABOATAO DOS GUARARAPES,PE,Não
8787714156675,"RUA PALHAMBU, N. 201, Apto 204, BL 10",DOIS CARNEIROS,"Apartamento, 65.69 de área total, 46.03 de área privativa, 0.00 de área do terreno,  2 qto(s), WC, 2 sala(s), cozinha, 1 vaga(s) de garagem.",118801.83,196557.2,39.56,Venda Direta Online,,JABOATAO DOS GUARARAPES,PE,Não
8787714889214,"R VICENTE ADOLFO DA SILVA, N. S/N, Apto 408, BL12",DOIS CARNEIROS,"Apartamento, 66.12 de área total, 46.33 de área privativa, 0.00 de área do terreno,  2 qto(s), WC, 2 sala(s), cozinha.",118967.75,196831.73,39.56,Venda Direta Online,,JABOATAO DOS GUARARAPES,PE,Não
8444415523916,"VIA LOCAL I, N. 220, Apto 209, BL 01 VAGA 98",SANTANA,"Apartamento, 65.84 de área total, 45.65 de área privativa, 0.00 de área do terreno,  2 qto(s), a.serv, WC, 1 sala(s), cozinha, 1 vaga(s) de garagem.",119069.46,197000.0,39.56,Licitação Aberta,,JABOATAO DOS GUARARAPES,PE,Não
1555522332603,"RUA PROJETADA, N. S/N, QD 43 LT 14",PRAZERES,"Terreno, 0.00 de área total, 0.00 de área privativa, 200.00 de área do terreno.",43747.45,72200.0,39.41,Venda Online,,JABOATAO DOS GUARARAPES,PE,Não
1444407081790,"RUA AMAMBAI, N. 246, Apto 306, BL 14",CANDEIAS,"Apartamento, 0.00 de área total, 42.96 de área privativa, 0.00 de área do terreno,  2 qto(s), a.serv, WC, 1 sala(s), cozinha.",88518.56,145000.0,38.96,Venda Direta Online,,JABOATAO DOS GUARARAPES,PE,Não
1555521833650,"RUA GUANAMBI, N. 586, Apto 407, BLB  TIPOB PAV4°",PIEDADE,"Apartamento, 39.34 de área total, 37.26 de área privativa, 0.00 de área do terreno,  1 qto(s), a.serv, WC, 1 sala(s), cozinha.",92791.87,152000.0,38.96,Venda Direta Online,,JABOATAO DOS GUARARAPES,PE,Não
8444401934340,"RUA MARIO PEREIRA AMADOR, N. 586, Apto 02,",PIEDADE,"Apartamento, 72.40 de área total, 72.40 de área privativa, 0.00 de área do terreno,  2 qto(s), varanda, a.serv, WC, 1 sala(s), cozinha, 1 vaga(s) de garagem.",91570.92,150000.0,38.96,Venda Direta Online,,JABOATAO DOS GUARARAPES,PE,Não
1555532971439,"VIA PRINCIPAL, N. 356, Apto 007,  BL F",SUCUPIRA,"Apartamento, 0.00 de área total, 43.50 de área privativa, 0.00 de área do terreno,  2 qto(s), a.serv, WC, 1 sala(s), cozinha, 1 vaga(s) de garagem.",91570.92,150000.0,38.96,Venda Direta Online,,JABOATAO DOS GUARARAPES,PE,Não
1787701258816,"VIA LOCAL V, N. 636, Apto 202, BL 09",SANTANA,"Apartamento, 61.64 de área total, 42.19 de área privativa, 0.00 de área do terreno,  2 qto(s), WC, 1 sala(s), cozinha, 1 vaga(s) de garagem.",94623.28,155000.0,38.96,Venda Direta Online,,JABOATAO DOS GUARARAPES,PE,Não
8555537538332,"RUA SANTA LUZIA, N. 221, Apto 202, BL 29",RES ECOVILLA YAPOATA,"Apartamento, 57.24 de área total, 50.36 de área privativa, 0.00 de área do terreno,  2 qto(s), a.serv, WC, 1 sala(s), cozinha.",152463.82,249000.0,38.77,Licitação Aberta,,JABOATAO DOS GUARARAPES,PE,Não
8787714062620,"R MAJOR MEDICO VICENTE FONSECA DE MATO, N. 1129, Apto 003, BL A",CANDEIAS,"Apartamento, 66.11 de área total, 45.82 de área privativa, 0.00 de área do terreno,  2 qto(s), a.serv, WC, 1 sala(s), cozinha, 1 vaga(s) de garagem.",159199.17,260000.0,38.77,Venda Direta Online,,JABOATAO DOS GUARARAPES,PE,Não
8787710588430,"RUA JUNDIAI, N. 309, Apto 302, BL 01",BARRA DE JANGADA,"Apartamento, 78.09 de área total, 41.79 de área privativa, 0.00 de área do terreno,  2 qto(s), a.serv, WC, 1 sala(s), cozinha.",145728.47,238000.0,38.77,Venda Direta Online,,JABOATAO DOS GUARARAPES,PE,Não
8787708062338,"VIA PRINCIPAL, N. 385, Apto 201, BLOCO 02, 1º PAVIMENTO",SUCUPIRA,"Apartamento, 76.75 de área total, 41.79 de área privativa, 0.00 de área do terreno,  2 qto(s), a.serv, WC, 1 vaga(s) de garagem.",181242.13,296000.0,38.77,Venda Direta Online,,JABOATAO DOS GUARARAPES,PE,Sim
8555536910645,"RUA SANTA LUZIA, N. 221, Apto 202, BL 26",ZUMBI DO PACHECO,"Apartamento, 57.24 de área total, 50.36 de área privativa, 0.00 de área do terreno,  2 qto(s), a.serv, WC, 1 sala(s), cozinha.",152463.82,249000.0,38.77,Venda Online,,JABOATAO DOS GUARARAPES,PE,Sim
8787701229350,"RUA SANTA LUZIA, N. 221, Apto 103, BLOCO 43",ZUMBI DO PACHECO,"Apartamento, 57.24 de área total, 50.36 de área privativa, 0.00 de área do terreno,  2 qto(s), a.serv, WC, 1 sala(s), cozinha, 1 vaga(s) de garagem.",153076.13,250000.0,38.77,Venda Direta Online,,JABOATAO DOS GUARARAPES,PE,Não
1444405065348,"RUA DO JANGADEIRO, N. 1454, CASA 101 BLOCO A",CANDEIAS,"Casa, 0.00 de área total, 55.82 de área privativa, 750.00 de área do terreno,  2 qto(s), a.serv, WC, 1 sala(s), cozinha, Terraco.",102271.18,165593.34,38.24,Licitação Aberta,,JABOATAO DOS GUARARAPES,PE,Não
8555535234735,"RUA ILHEUS, N. 1115, Apto 205, BL B LT 3 QD A-1",PIEDADE,"Apartamento, 51.50 de área total, 40.50 de área privativa, 0.00 de área do terreno,  1 qto(s), a.serv, WC, 1 sala(s), cozinha, 1 vaga(s) de garagem.",111168.79,180000.0,38.24,Venda Online,,JABOATAO DOS GUARARAPES,PE,Não
8787701984086,"RUA SANTA LUZIA, N. 221, Apto 301, BL 17",ZUMBI DO PACHECO,"Apartamento, 57.24 de área total, 50.36 de área privativa, 0.00 de área do terreno,  2 qto(s), WC, 1 sala(s), cozinha.",96778.61,156700.0,38.24,Venda Direta Online,,JABOATAO DOS GUARARAPES,PE,Não
1444411796022,"RUA URUCU, N. 31, CS 04, LT 18 QD F",CANDEIAS,"Casa, 69.39 de área total, 69.35 de área privativa, 335.50 de área do terreno,  2 qto(s), varanda, a.serv, WC, 1 sala(s), 1 lavabo(s), cozinha, Terraco.",136739.25,217245.29,37.06,Licitação Aberta,,JABOATAO DOS GUARARAPES,PE,Não
1555529583873,"RUA AMAMBAI, N. 246, Apto 407, BL13",CANDEIAS,"Apartamento, 103.28 de área total, 63.40 de área privativa, 0.00 de área do terreno,  3 qto(s), a.serv, WC, 1 sala(s), cozinha.",116443.31,185000.0,37.06,Venda Direta Online,,JABOATAO DOS GUARARAPES,PE,Não
1787700777755,"RUA JUNDIAI, N. 309, Apto 302, BL 24",BARRA DE JANGADA,"Apartamento, 78.10 de área total, 41.79 de área privativa, 0.00 de área do terreno,  2 qto(s), WC, 1 sala(s), cozinha.",127143.51,202000.0,37.06,Venda Direta Online,,JABOATAO DOS GUARARAPES,PE,Não
1444402362899,"RUA PROFESSOR JORGE CAHU, N. 728, LT 6 A QD A",PIEDADE,"Casa, 68.11 de área total, 68.11 de área privativa, 840.00 de área do terreno,  3 qto(s), WC, 1 sala(s), cozinha.",135955.43,216000.0,37.06,Licitação Aberta,,JABOATAO DOS GUARARAPES,PE,Não
1787701491219,"RUA JARANGARI, N. 673, Apto 102, BL 11 VG 154",CANDEIAS,"Apartamento, 60.77 de área total, 40.28 de área privativa, 0.00 de área do terreno,  2 qto(s), a.serv, WC, 1 sala(s), cozinha, 1 vaga(s) de garagem.",161823.18,253914.24,36.27,Venda Direta Online,,JABOATAO DOS GUARARAPES,PE,Sim
8555536294782,"AVENIDA ULISSES MONTARROYOS, N. 6337, Apto 1801, BL A",BARRA DE JANGADA,"Apartamento, 103.51 de área total, 65.58 de área privativa, 0.00 de área do terreno,  3 qto(s), varanda, a.serv, WC, 1 sala(s), cozinha.",260279.16,408400.0,36.27,Licitação Aberta,,JABOATAO DOS GUARARAPES,PE,Não
8787708434880,"RUA JUNDIAI, N. 309, Apto 203, 2º PAVIMENTO BLOCO 19 GLEBA A-1",BARRA DE JANGADA,"Apartamento, 78.09 de área total, 41.79 de área privativa, 0.00 de área do terreno,  2 qto(s), a.serv, 1 sala(s), cozinha, 1 vaga(s) de garagem.",130366.1,142692.79,8.64,Leilão SFI - Edital Único,,JABOATAO DOS GUARARAPES,PE,Não
8555539727795,"AVENIDA ABDO CABUS, N. 1630, Apto 503, BL 06 VG GLEBA 27 A",CANDEIAS,"Apartamento, 76.37 de área total, 45.58 de área privativa, 0.00 de área do terreno,  2 qto(s), a.serv, WC, 1 sala(s), cozinha, 1 vaga(s) de garagem.",215000.0,215000.0,0.0,Leilão SFI - Edital Único,,JABOATAO DOS GUARARAPES,PE,Não
8787716648745,"AVENIDA ABDO CABUS, N. 1603, Apto AP 4, BL 7",CANDEIAS,"Apartamento, 65.16 de área total, 37.00 de área privativa, 0.00 de área do terreno,  1 qto(s), a.serv, WC, 1 sala(s), cozinha, 1 vaga(s) de garagem.",194000.0,194000.0,0.0,Leilão SFI - Edital Único,,JABOATAO DOS GUARARAPES,PE,Não
8787704523969,"RODOVIA PE 07 KM 20 03, N. SN, Apto 301, BL 04  PAVIMENTO 02",BULHOES,"Apartamento, 87.31 de área total, 41.79 de área privativa, 0.00 de área do terreno,  2 qto(s), a.serv, WC, 1 sala(s), cozinha, 1 vaga(s) de garagem.",165000.0,165000.0,0.0,Leilão SFI - Edital Único,,JABOATAO DOS GUARARAPES,PE,Não
8787706975700,"RODOVIA PE07, N. SN, Apto 203, BL 16 1 PAV",BULHOES,"Apartamento, 87.31 de área total, 41.79 de área privativa, 0.00 de área do terreno,  2 qto(s), WC, 1 sala(s), cozinha, 1 vaga(s) de garagem.",153400.0,153400.0,0.0,Leilão SFI - Edital Único,,JABOATAO DOS GUARARAPES,PE,Não
8787707406661,"RODOVIA PE07, N. SN, Apto 203, BLOCO 18  1° PAVIMENTO",BULHOES,"Apartamento, 87.31 de área total, 41.79 de área privativa, 0.00 de área do terreno,  2 qto(s), WC, 1 sala(s), cozinha, 1 vaga(s) de garagem.",153400.0,153400.0,0.0,Leilão SFI - Edital Único,,JABOATAO DOS GUARARAPES,PE,Não
8787701429937,"RUA DA PAZ, N. 244, Apto 102, BL11",BARRA DE JANGADA,"Apartamento, 0.00 de área total, 41.56 de área privativa, 0.00 de área do terreno,  2 qto(s), a.serv, WC, 1 sala(s), cozinha.",139000.0,139000.0,0.0,Leilão SFI - Edital Único,,JABOATAO DOS GUARARAPES,PE,Não
8787702391879,"RUA DA PAZ, N. 244, Apto 401, BL 19",BARRA DE JANGADA,"Apartamento, 68.37 de área total, 41.56 de área privativa, 0.00 de área do terreno,  2 qto(s), WC, 1 sala(s), cozinha.",145380.22,145380.22,0.0,Leilão SFI - Edital Único,,JABOATAO DOS GUARARAPES,PE,Não
8787708751389,"RUA JUNDIAI, N. SN, Apto 104, BL 21 TERREO",BARRA DE JANGADA,"Apartamento, 77.79 de área total, 41.79 de área privativa, 0.00 de área do terreno,  2 qto(s), WC, 1 sala(s), cozinha.",160000.0,160000.0,0.0,Leilão SFI - Edital Único,,JABOATAO DOS GUARARAPES,PE,Não
8787709790833,"RUA JUNDIAI, N. 309, Apto 501, BL 20 5 PAV",BARRA DE JANGADA,"Apartamento, 77.79 de área total, 41.79 de área privativa, 0.00 de área do terreno,  2 qto(s), WC, 1 sala(s), cozinha.",160000.0,160000.0,0.0,Leilão SFI - Edital Único,,JABOATAO DOS GUARARAPES,PE,Não
1444400044407,"RUA JOSE BRAZ MOSCOW, N. 2075, Apto 401,",PIEDADE,"Apartamento, 0.00 de área total, 59.00 de área privativa, 0.00 de área do terreno,  2 qto(s), a.serv, WC, WC Emp, 1 sala(s), cozinha.",270000.0,270000.0,0.0,Leilão SFI - Edital Único,,JABOATAO DOS GUARARAPES,PE,Não
8555537011687,"RUA SANTA LUZIA, N. 221, Apto 303, BL 26 LT 13E QD C",ZUMBI DO PACHECO,"Apartamento, 57.24 de área total, 50.36 de área privativa, 0.00 de área do terreno,  2 qto(s), WC, 1 sala(s), cozinha.",153700.0,153700.0,0.0,Leilão SFI - Edital Único,,JABOATAO DOS GUARARAPES,PE,Não
8444434244210,"RUA AMAMBAI, N. 246, Apto 407, BL 08",CANDEIAS,"Apartamento, 103.28 de área total, 63.04 de área privativa, 0.00 de área do terreno,  3 qto(s), a.serv, WC, 1 sala(s), cozinha.",215000.0,210543.44,0.0,Leilão SFI - Edital Único,,JABOATAO DOS GUARARAPES,PE,Não
8787707023240,"VIA LOCAL VI, N. 250, Apto 102, QUADRA L. BLOCO 03",SANTANA,"Apartamento, 62.16 de área total, 42.54 de área privativa, 0.00 de área do terreno,  2 qto(s), WC, 1 sala(s), cozinha, 1 vaga(s) de garagem.",176479.7,163000.0,0.0,Leilão SFI - Edital Único,,JABOATAO DOS GUARARAPES,PE,Não
8555539816496,"AVENIDA ABDO CABUS, N. 1630, Apto 706, BL 03",CANDEIAS,"Apartamento, 76.37 de área total, 45.58 de área privativa, 0.00 de área do terreno,  2 qto(s), WC, 1 sala(s), cozinha, 1 vaga(s) de garagem.",211737.19,190000.0,0.0,Leilão SFI - Edital Único,,JABOATAO DOS GUARARAPES,PE,Não
8787705822935,"VIA LOCAL IV, N. 209, Apto 207, BL 06",SANTANA,"Apartamento, 62.86 de área total, 43.14 de área privativa, 0.00 de área do terreno,  2 qto(s), a.serv, WC, 1 sala(s), cozinha, 1 vaga(s) de garagem.",185000.0,165000.0,0.0,Leilão SFI - Edital Único,,JABOATAO DOS GUARARAPES,PE,Não
8555537819870,"RUA DA PAZ, N. 244, Apto 402, PAV 03 BL 07",BARRA DE JANGADA,"Apartamento, 68.37 de área total, 41.56 de área privativa, 0.00 de área do terreno,  2 qto(s), a.serv, WC, 1 sala(s), cozinha.",165000.0,139000.0,0.0,Leilão SFI - Edital Único,,JABOATAO DOS GUARARAPES,PE,Não
10309369,"AVENIDA BERNARDO VIEIRA DE MELO, N. 3462, SL 306",PIEDADE,"Sala, 0.00 de área total, 37.00 de área privativa, 0.00 de área do terreno, 1 vaga(s) de garagem.",270000.0,226000.0,0.0,Leilão SFI - Edital Único,,JABOATAO DOS GUARARAPES,PE,Sim
8787718777925,"RUA JANGARI, N. 793, Apto 403, BL 20 VG 316",CANDEIAS,"Apartamento, 0.00 de área total, 40.28 de área privativa, 0.00 de área do terreno,  2 qto(s), a.serv, WC, 1 sala(s), cozinha, 1 vaga(s) de garagem.",250360.72,205000.0,0.0,Leilão SFI - Edital Único,,JABOATAO DOS GUARARAPES,PE,Não
8787716782026,"VIA LOCAL I, N. 176, Apto 501, BL  05",SANTANA,"Apartamento, 60.84 de área total, 40.28 de área privativa, 0.00 de área do terreno,  2 qto(s), WC, 1 sala(s), cozinha, 1 vaga(s) de garagem.",235390.0,190000.0,0.0,Leilão SFI - Edital Único,,JABOATAO DOS GUARARAPES,PE,Não
1555520823812,"RUA GUANAMBI, N. 586, Apto 602, BL A TIPO A PAV 06",PIEDADE,"Apartamento, 0.00 de área total, 39.32 de área privativa, 0.00 de área do terreno,  1 qto(s), a.serv, WC, 1 sala(s), cozinha.",170000.0,135000.0,0.0,Leilão SFI - Edital Único,,JABOATAO DOS GUARARAPES,PE,Não
8787718716780,"RUA JARANGARI, N. 793, Apto 103, BL 19 VG 371",CANDEIAS,"Apartamento, 81.08 de área total, 40.28 de área privativa, 0.00 de área do terreno,  2 qto(s), a.serv, WC, 1 sala(s), cozinha, 1 vaga(s) de garagem.",278110.89,212658.66,0.0,Leilão SFI - Edital Único,,JABOATAO DOS GUARARAPES,PE,Não
1444420261578,"RUA VERDES MARES, N. 40, Apto 219, PAV 02 VG 70 LT 3A",PIEDADE,"Apartamento, 86.59 de área total, 47.58 de área privativa, 0.00 de área do terreno,  1 qto(s), varanda, WC, 1 sala(s), cozinha, 1 vaga(s) de garagem.",539012.94,405000.0,0.0,Leilão SFI - Edital Único,,JABOATAO DOS GUARARAPES,PE,Não
8555536342043,"RUA SANTA LUZIA, N. 221, Apto 101, BLOCO 03",ZUMBI DO PACHECO,"Apartamento, 57.24 de área total, 50.36 de área privativa, 0.00 de área do terreno,  2 qto(s), a.serv, WC, 1 sala(s), cozinha, 1 vaga(s) de garagem.",166862.27,120000.0,0.0,Leilão SFI - Edital Único,,JABOATAO DOS GUARARAPES,PE,Não
8555537220383,"RUA SANTA LUZIA, N. 221, Apto 4, LT 13 E QD C BL 22",ZUMBI DO PACHECO,"Apartamento, 57.24 de área total, 50.36 de área privativa, 0.00 de área do terreno,  2 qto(s), a.serv, WC, 1 sala(s), cozinha, 1 vaga(s) de garagem.",170000.0,120000.0,0.0,Leilão SFI - Edital Único,,JABOATAO DOS GUARARAPES,PE,Não
8787718885388,"VIA LOCAL I, N. 176, Apto 203, BL 7",SANTANA,"Apartamento, 60.84 de área total, 40.28 de área privativa, 0.00 de área do terreno,  2 qto(s), a.serv, WC, 1 sala(s), cozinha, 1 vaga(s) de garagem.",240100.2,165000.0,0.0,Leilão SFI - Edital Único,,JABOATAO DOS GUARARAPES,PE,Não
8787716776166,"VIA LOCAL I, N. 176, Apto 101, BL  3",SANTANA,"Apartamento, 69.80 de área total, 40.28 de área privativa, 0.00 de área do terreno,  2 qto(s), a.serv, WC, 1 sala(s), cozinha, 1 vaga(s) de garagem.",244990.0,165000.0,0.0,Leilão SFI - Edital Único,,JABOATAO DOS GUARARAPES,PE,Não
8787722985570,"VIA LOCAL I, N. 176, Apto 402, BLOCO 5",SANTANA,"Apartamento, 0.00 de área total, 44.03 de área privativa, 0.00 de área do terreno,  2 qto(s), WC, 1 sala(s), cozinha, 1 vaga(s) de garagem.",252258.84,165000.0,0.0,Leilão SFI - Edital Único,,JABOATAO DOS GUARARAPES,PE,Não
10196817,"RUA PROJETADA 08, N. 00, QD K, LT 82",LOT RES DEUS É FIEL,"Terreno, 0.00 de área total, 0.00 de área privativa, 126.00 de área do terreno.",17694.72,47000.0,62.36,Venda Direta Online,,JATAUBA,PE,Não
10196818,"RUA PROJETADA 08, N. 00, QD K, LT 92",LOT RES DEUS É FIEL,"Terreno, 0.00 de área total, 0.00 de área privativa, 126.00 de área do terreno.",17694.72,47000.0,62.36,Venda Direta Online,,JATAUBA,PE,Não
10196819,"RUA PROJETADA 08, N. 00, QD K, LT 89",LOT RES DEUS É FIEL,"Terreno, 0.00 de área total, 0.00 de área privativa, 126.00 de área do terreno.",17694.72,47000.0,62.36,Venda Direta Online,,JATAUBA,PE,Não
10196820,"RUA PROJETADA 08, N. 00, QD K, LT 81",LOT RES DEUS É FIEL,"Terreno, 0.00 de área total, 0.00 de área privativa, 126.00 de área do terreno.",17694.72,47000.0,62.36,Venda Direta Online,,JATAUBA,PE,Não
10196821,"RUA PROJETADA 08, N. 00, QD K, LT 86",LOT RES DEUS É FIEL,"Terreno, 0.00 de área total, 0.00 de área privativa, 126.00 de área do terreno.",17694.72,47000.0,62.36,Venda Direta Online,,JATAUBA,PE,Não
10196822,"RUA PROJETADA 08, N. 00, QD K, LT 94",LOT RES DEUS É FIEL,"Terreno, 0.00 de área total, 0.00 de área privativa, 126.00 de área do terreno.",17694.72,47000.0,62.36,Venda Direta Online,,JATAUBA,PE,Não
10196823,"RUA PROJETADA 08, N. 00, QD K, LT 88",LOT RES DEUS É FIEL,"Terreno, 0.00 de área total, 0.00 de área privativa, 126.00 de área do terreno.",17694.72,47000.0,62.36,Venda Direta Online,,JATAUBA,PE,Não
10196824,"RUA PROJETADA 08, N. 00, QD K, LT 91",LOT RES DEUS É FIEL,"Terreno, 0.00 de área total, 0.00 de área privativa, 126.00 de área do terreno.",17694.72,47000.0,62.36,Venda Direta Online,,JATAUBA,PE,Não
10196825,"RUA PROJETADA 08, N. 00, QD K, LT 85",LOT RES DEUS É FIEL,"Terreno, 0.00 de área total, 0.00 de área privativa, 126.00 de área do terreno.",17694.72,47000.0,62.36,Venda Direta Online,,JATAUBA,PE,Não
10196826,"RUA PROJETADA 08, N. 00, QD K, LT 95",LOT RES DEUS É FIEL,"Terreno, 0.00 de área total, 0.00 de área privativa, 126.00 de área do terreno.",17694.72,47000.0,62.36,Venda Direta Online,,JATAUBA,PE,Não
10196828,"RUA PROJETADA 08, N. 00, QD K, LT 87",LOT RES DEUS É FIEL,"Terreno, 0.00 de área total, 0.00 de área privativa, 126.00 de área do terreno.",17694.72,47000.0,62.36,Venda Direta Online,,JATAUBA,PE,Não
10196829,"RUA PROJETADA 08, N. 00, QD K, LT 84",LOT RES DEUS É FIEL,"Terreno, 0.00 de área total, 0.00 de área privativa, 126.00 de área do terreno.",17694.72,47000.0,62.36,Venda Direta Online,,JATAUBA,PE,Não
10196830,"RUA PROJETADA 08, N. 00, QD K, LT 90",LOT RES DEUS É FIEL,"Terreno, 0.00 de área total, 0.00 de área privativa, 126.00 de área do terreno.",17694.72,47000.0,62.36,Venda Direta Online,,JATAUBA,PE,Não
10196831,"RUA PROJETADA 08, N. 00, QD K, LT 93",LOT RES DEUS É FIEL,"Terreno, 0.00 de área total, 0.00 de área privativa, 126.00 de área do terreno.",17694.72,47000.0,62.36,Venda Direta Online,,JATAUBA,PE,Não
10196832,"RUA PROJETADA 08, N. 00, QD K, LT 80",LOT RES DEUS É FIEL,"Terreno, 0.00 de área total, 0.00 de área privativa, 126.00 de área do terreno.",17694.72,47000.0,62.36,Venda Direta Online,,JATAUBA,PE,Não
10196833,"RUA PROJETADA 08, N. 00, QD K, LT 83",LOT RES DEUS É FIEL,"Terreno, 0.00 de área total, 0.00 de área privativa, 126.00 de área do terreno.",17694.72,47000.0,62.36,Venda Direta Online,,JATAUBA,PE,Não
8444422689999,"RUA PROJETADA 01, N. 16, QD B LT 18",LOTJOÃO NEPOMUCENO,"Casa, 67.35 de área total, 67.35 de área privativa, 126.00 de área do terreno,  2 qto(s), a.serv, WC, 2 sala(s), cozinha, Terraco.",55999.75,112000.0,50.01,Venda Direta Online,,JATAUBA,PE,Não
8444412821002,"R. PROJETADA 04, N. SN, QD 10 QD F",LOT SANTO ANTONIO,"Casa, 68.70 de área total, 68.70 de área privativa, 124.98 de área do terreno,  2 qto(s), a.serv, WC, 2 sala(s), cozinha.",47413.36,91000.0,47.9,Venda Direta Online,,JATAUBA,PE,Não
10187225,"RUA PROJETADA 08, N. 00, QD J, LT 06-A",CENTRO,"Terreno, 0.00 de área total, 0.00 de área privativa, 4536.00 de área do terreno.",641362.2,1156253.24,44.54,Venda Direta Online,,JATAUBA,PE,Sim
8444423292987,"RUA AUGUSTO FERREIRA DE ALMEIDA, N. 144,",CENTRO,"Casa, 0.00 de área total, 52.80 de área privativa, 52.80 de área do terreno,  2 qto(s), a.serv, WC, 1 sala(s), cozinha.",36393.25,110000.0,66.92,Venda Direta Online,,JUPI,PE,Não
8444419973975,"RUA MANOEL PEDRO SARAIVA, N. 130,",CENTRO,"Casa, 0.00 de área total, 49.75 de área privativa, 60.00 de área do terreno,  2 qto(s), a.serv, WC, 2 sala(s), cozinha.",34684.62,74853.9,53.67,Venda Direta Online,,JUPI,PE,Não
8444405699230,"RUA TRAVESSA JOSEFA TEIXEIRA LIMA, N. 06, 58,50",CENTRO,"Casa, 58.50 de área total, 58.50 de área privativa, 68.80 de área do terreno,  2 qto(s), a.serv, WC, 1 sala(s), cozinha, 1 vaga(s) de garagem.",42769.66,88517.52,51.69,Venda Direta Online,,JUPI,PE,Não
8444419266187,"RUA PROJETADA, N. 92, ATUAL RUA PEDRO V SALES",CENTRO,"Casa, 0.00 de área total, 70.00 de área privativa, 200.00 de área do terreno,  2 qto(s), a.serv, WC, 1 sala(s), cozinha, 1 vaga(s) de garagem.",59178.97,110000.0,46.21,Venda Online,,JUPI,PE,Não
8444403131430,"RUA AUGUSTO FERREIRA DE ALMEIDA, N. 133,",Centro,"Casa, 0.00 de área total, 38.00 de área privativa, 40.00 de área do terreno,  1 qto(s), a.serv, WC, 1 sala(s), cozinha.",22522.05,41300.0,45.47,Venda Direta Online,,JUPI,PE,Não
8444421035162,"RUA JULIA PEREIRA DA SILVA, N. 164,",CENTRO,"Casa, 55.00 de área total, 55.00 de área privativa, 70.00 de área do terreno,  2 qto(s), a.serv, WC, 1 sala(s), cozinha, 1 vaga(s) de garagem.",50425.93,83222.03,39.41,Venda Direta Online,,JUPI,PE,Não
8444416083286,"RUA SETE DE SETEMBRO, N. 36",SANTO ANTONIO DAS QU,"Casa, 0.00 de área total, 121.45 de área privativa, 133.67 de área do terreno,  2 qto(s), a.serv, WC, 1 sala(s), sacada, cozinha, 1 vaga(s) de garagem.",38380.24,100972.97,61.99,Venda Direta Online,,JUREMA,PE,Não
8444411254147,"RUA JULIO CARLOS DE MELO, N. 114,",STO ANTONIO DAS QUEIMADAS,"Casa, 82.23 de área total, 82.23 de área privativa, 82.23 de área do terreno,  2 qto(s), a.serv, WC, 2 sala(s), cozinha, 1 vaga(s) de garagem.",68797.93,115000.0,40.18,Venda Direta Online,,JUREMA,PE,Não
8444403305358,"RUA PROJETADA 03, N. 129, QD E, LT 15 LOT LAGOA DE ITAENGA,1 ETA",LAGOA DE ITAENGA,"Casa, 72.15 de área total, 72.15 de área privativa, 160.00 de área do terreno,  2 qto(s), a.serv, WC, 1 sala(s), cozinha, Terraco.",71195.55,124200.0,42.68,Venda Direta Online,,LAGOA DE ITAENGA,PE,Não
8444412510058,"RUA PROJETADA 03, N. 32, QD 1-C, ÁREA 4- DESM. PROPR SANTANA",PROPRIEDADE SANTANA,"Casa, 65.28 de área total, 65.28 de área privativa, 125.50 de área do terreno,  2 qto(s), a.serv, WC, 1 sala(s), cozinha, Terraco, 1 vaga(s) de garagem.",21362.96,81000.0,73.63,Venda Direta Online,,LAGOA DO CARRO,PE,Não
8444408559781,"RUA PROJETADA 02, N. 16, CS, AREA 8",CENTRO,"Casa, 0.00 de área total, 67.65 de área privativa, 130.57 de área do terreno,  3 qto(s), a.serv, WC, 1 sala(s), cozinha, Terraco, 1 vaga(s) de garagem.",32244.57,118000.0,72.68,Venda Direta Online,,LAGOA DO CARRO,PE,Não
8444407745158,"RUA PROJETADA 02, N. SN, AREA 07 Q-2",NÃO INFORMADO,"Casa, 64.90 de área total, 64.90 de área privativa, 125.25 de área do terreno,  2 qto(s), WC, 1 sala(s), cozinha, Terraco.",33163.43,116000.0,71.42,Venda Direta Online,,LAGOA DO CARRO,PE,Não
8444411303369,"RUA  PROJETADA 03, N. 58, QD 1C",DES.PROP. SANTANA,"Casa, 0.00 de área total, 91.25 de área privativa, 125.00 de área do terreno,  3 qto(s), a.serv, WC, 1 sala(s), cozinha, Terraco, 1 vaga(s) de garagem.",34878.78,122000.0,71.42,Venda Direta Online,,LAGOA DO CARRO,PE,Não
8444415631298,"RUA PROJETADA 5, N. 18, 0,",CENTRO,"Casa, 0.00 de área total, 58.74 de área privativa, 125.45 de área do terreno,  2 qto(s), a.serv, WC, 1 sala(s), cozinha, Terraco.",35450.56,124000.0,71.42,Venda Direta Online,,LAGOA DO CARRO,PE,Não
1444416709969,"RUA D6 N 0 LOTE 12A, N. 0, LOTE 12A",LOTEAMENTO RECANTO C,"Terreno, 0.00 de área total, 0.00 de área privativa, 1592.50 de área do terreno.",99844.21,285000.0,64.97,Venda Direta Online,,LAGOA DO CARRO,PE,Não
1444416392973,"RUA E-5, N. S/N, LT 20-B",LOT RECANTO CARPINA,"Terreno, 0.00 de área total, 0.00 de área privativa, 1272.50 de área do terreno.",60693.85,142030.1,57.27,Venda Direta Online,,LAGOA DO CARRO,PE,Não
8444419604880,"RUA PROJETADA, N. 86, AREA 05 QD 01",CHA DE SANTANA I,"Casa, 0.00 de área total, 62.56 de área privativa, 125.00 de área do terreno,  2 qto(s), a.serv, WC, 1 sala(s), cozinha.",42719.31,96702.05,55.83,Venda Direta Online,,LAGOA DO CARRO,PE,Não
8444427150800,"VIA LOCAL 01, N. 22",Lot Bosque Santana,"Casa, 59.47 de área total, 59.47 de área privativa, 166.00 de área do terreno,  2 qto(s), a.serv, WC, 1 sala(s), cozinha, 1 vaga(s) de garagem.",53331.72,111895.16,52.34,Venda Direta Online,,LAGOA DO CARRO,PE,Não
1444415596281,"VIA PRINCIPAL, N. S/N, LT 65",LOTEAMENTO RECANTO C,"Terreno, 0.00 de área total, 0.00 de área privativa, 1782.00 de área do terreno.",80084.55,167000.0,52.05,Venda Online,,LAGOA DO CARRO,PE,Não
8444425000193,"RUA PROJETADA 01, N. SN, CS 31, LT 58, QD C",LAGOA DO CARRO,"Casa, 58.74 de área total, 58.74 de área privativa, 128.00 de área do terreno,  2 qto(s), a.serv, WC, 1 sala(s), cozinha, Terraco.",54399.76,112000.0,51.43,Venda Direta Online,,LAGOA DO CARRO,PE,Não
8444416270990,"VIA LOCAL 01-B, N. 6, LT 04, QD L",BOSQUE DE SANTANA,"Casa, 56.36 de área total, 56.36 de área privativa, 149.61 de área do terreno,  2 qto(s), a.serv, WC, 1 sala(s), Terraco.",60906.01,125000.0,51.28,Venda Direta Online,,LAGOA DO CARRO,PE,Não
8444416196900,"RUA PROJETADA 02, N. 45, AREA DESM 22J ACESSO RUA E4",LOT RECANTO CARPINA,"Casa, 58.74 de área total, 58.74 de área privativa, 126.00 de área do terreno,  2 qto(s), a.serv, WC, 1 sala(s), cozinha, Terraco, 1 vaga(s) de garagem.",70402.24,144000.0,51.11,Venda Direta Online,,LAGOA DO CARRO,PE,Não
8444427268185,"VIA LOCAL 01, N. 34,",BOSQUE DE SANTANA,"Casa, 59.47 de área total, 59.47 de área privativa, 164.71 de área do terreno,  2 qto(s), a.serv, WC, 1 sala(s), cozinha.",64994.44,132000.0,50.77,Venda Direta Online,,LAGOA DO CARRO,PE,Não
1444415675432,"VIA PRINCIPAL, N. SN, LT98A",LOT RECANTO CARPINA,"Terreno, 0.00 de área total, 0.00 de área privativa, 2041.90 de área do terreno.",82439.98,167000.0,50.64,Venda Direta Online,,LAGOA DO CARRO,PE,Não
8444418530182,"R PROJETADA, N. 78, AREA 06, QD 01",CENTRO,"Casa, 0.00 de área total, 62.56 de área privativa, 125.01 de área do terreno,  2 qto(s), a.serv, WC, 1 sala(s), cozinha, Terraco.",34564.17,70000.0,50.63,Venda Direta Online,,LAGOA DO CARRO,PE,Não
8444411550862,"VIA DE ACESSO DA RUA E-3 CS, N. 2, UNID 02",REC. CARPINA,"Casa, 0.00 de área total, 55.00 de área privativa, 76.65 de área do terreno,  2 qto(s), a.serv, WC, 1 sala(s), cozinha.",63847.64,128388.0,50.27,Venda Direta Online,,LAGOA DO CARRO,PE,Não
1444414252996,"RUA E-5, N. S/N, LT 11B",LOT RECANTO CARPINA,"Terreno, 0.00 de área total, 0.00 de área privativa, 1150.00 de área do terreno.",39648.93,76983.4,48.5,Venda Direta Online,,LAGOA DO CARRO,PE,Não
1444415768589,"VIA PRINCIPAL, N. 18 A,",CENTRO,"Terreno, 0.00 de área total, 0.00 de área privativa, 1250.00 de área do terreno.",68615.06,132000.0,48.02,Venda Direta Online,,LAGOA DO CARRO,PE,Não
8444418340090,"R PROJETADA, N. 118, Q-1 DA PROPRIEDADE SANTANA",CHA DE SANTANA I,"Casa, 0.00 de área total, 62.56 de área privativa, 160.79 de área do terreno,  2 qto(s), a.serv, WC, 1 sala(s), cozinha, Terraco.",36597.36,70000.0,47.72,Venda Direta Online,,LAGOA DO CARRO,PE,Não
8444411527720,"RUA PROJETADA 8, N. SN, QD F LT 11",CENTRO,"Casa, 69.93 de área total, 69.93 de área privativa, 136.00 de área do terreno,  3 qto(s), WC, 1 sala(s), cozinha, Terraco.",37643.0,72000.0,47.72,Venda Direta Online,,LAGOA DO CARRO,PE,Não
1444414283891,"RUA E-5, N. SN, LT 19",REC. CARPINA,"Terreno, 0.00 de área total, 0.00 de área privativa, 2512.50 de área do terreno.",67849.78,127000.0,46.58,Venda Online,,LAGOA DO CARRO,PE,Não
8444413927734,"RUA PROJETADA 05, N. SN, CASA 07",LOT RECANTO CARPINA,"Casa, 0.00 de área total, 60.37 de área privativa, 128.90 de área do terreno,  2 qto(s), a.serv, WC, 1 sala(s), cozinha, Terraco.",78781.14,136000.0,42.08,Venda Direta Online,,LAGOA DO CARRO,PE,Não
8444418839124,"RODOVIA  	LOCAL 01-A, N. 186,",Lot Bosque Santana,"Casa, 75.76 de área total, 75.76 de área privativa, 148.35 de área do terreno,  3 qto(s), WC, 1 sala(s), cozinha, Terraco.",87819.45,150000.0,41.46,Licitação Aberta,,LAGOA DO CARRO,PE,Não
8444408924854,"VIA DE ACESSO DA RUA D3, N. SN, AREA 07",LOT RECANTO CARPINA,"Casa, 74.00 de área total, 74.00 de área privativa, 133.00 de área do terreno,  3 qto(s), WC, 1 sala(s), cozinha.",130000.0,100000.0,0.0,Leilão SFI - Edital Único,,LAGOA DO CARRO,PE,Não
1444419182775,"RUA HOSANA CARDOSO DUARTE, N. 124,",CENTRO,"Casa, 399.92 de área total, 362.51 de área privativa, 334.71 de área do terreno,  1 qto(s), WC, 1 sala(s), cozinha.",275319.22,501000.0,45.05,Venda Direta Online,,LAGOA DO OURO,PE,Sim
10217330,"AVENIDA PRESIDENTE JUSCELINO KUBITSCHEK, N. 2575",CENTRO,"Comercial, 0.00 de área total, 740.41 de área privativa, 414.40 de área do terreno.",503796.95,930000.0,45.83,Venda Direta Online,,LAJEDO,PE,Não
1444412106232,"RUA PROJETADA 02, N. 97, LT 08 QD C",LAJEDO,"Casa, 76.95 de área total, 76.95 de área privativa, 120.00 de área do terreno,  3 qto(s), a.serv, WC, 1 sala(s), cozinha.",147000.0,147000.0,0.0,Leilão SFI - Edital Único,,LAJEDO,PE,Não
8444403409943,"RUA POETA ENEAS ALVES, N. 002, LOTE 19, QUADRA 23",NOSSA SENHORA DA CONCEICAO,"Casa, 63.46 de área total, 63.46 de área privativa, 235.00 de área do terreno,  2 qto(s), varanda, a.serv, WC, 1 sala(s), cozinha, 1 vaga(s) de garagem.",76464.05,132000.0,42.08,Venda Direta Online,,MORENO,PE,Não
8444424126037,"RUA CASTRO ALVES, N. 120, CS 02",JARDIM ATLANTICO,"Casa, 0.00 de área total, 39.49 de área privativa, 0.00 de área do terreno,  2 qto(s), a.serv, WC, 1 sala(s), cozinha, 1 vaga(s) de garagem.",47940.57,139322.21,65.6,Venda Online,,OLINDA,PE,Não
8444410863719,"RUA PROFESSOR OLIMPIO MAGALHAES, N. 235, Apto 201, LT 05A QD 60",JARDIM ATLANTICO,"Apartamento, 0.00 de área total, 39.00 de área privativa, 0.01 de área do terreno,  1 qto(s), varanda, a.serv, WC, 1 sala(s), cozinha.",48283.84,113000.0,57.28,Venda Online,,OLINDA,PE,Não
8444415282021,"RUA ADONIS, N. 62, Apto 05, VG 05",FRAGOSO,"Apartamento, 50.35 de área total, 50.35 de área privativa, 0.00 de área do terreno,  2 qto(s), a.serv, WC, 1 sala(s), cozinha, Terraco, 1 vaga(s) de garagem.",71336.56,152308.0,53.17,Venda Online,,OLINDA,PE,Não
1444410077227,"RUA ANTONIO JOAQUIM DA SILVA, N. 40, Apto 01,",RIO DOCE,"Apartamento, 44.98 de área total, 44.98 de área privativa, 0.00 de área do terreno,  2 qto(s), a.serv, WC, 1 sala(s), cozinha, 1 vaga(s) de garagem.",77089.07,155000.0,50.27,Venda Direta Online,,OLINDA,PE,Não
8444415566526,"RUA ADONIS, N. 62, Apto 06,",FRAGOSO,"Apartamento, 66.66 de área total, 50.10 de área privativa, 0.00 de área do terreno,  2 qto(s), a.serv, WC, 1 sala(s), cozinha, 1 vaga(s) de garagem.",77151.95,150605.0,48.78,Venda Direta Online,,OLINDA,PE,Não
8444404841555,"RUA PROFESSOR DIOGENES FERNANDES TAVORA, N. 1260, Apto 305, BL 02, LT 1A, QD L",CASA CAIADA,"Apartamento, 74.71 de área total, 57.04 de área privativa, 0.00 de área do terreno,  2 qto(s), varanda, a.serv, WC, WC Emp, 1 sala(s), cozinha.",64296.89,125000.0,48.57,Venda Online,,OLINDA,PE,Não
8444408369940,"RUA BEIJA-FLOR, N. 260, Apto 02,",JARDIM ATLANTICO,"Apartamento, 83.13 de área total, 54.00 de área privativa, 0.00 de área do terreno,  2 qto(s), WC, 1 sala(s), cozinha, Terraco, 1 vaga(s) de garagem.",79323.3,148500.0,46.59,Venda Direta Online,,OLINDA,PE,Não
8444405791195,"AVENIDA REGINA LACERDA, N. 355, Apto 102A, QD A LT 09-A BL A LOT SAO JORGE",JARDIM ATLANTICO,"Apartamento, 0.00 de área total, 53.93 de área privativa, 0.00 de área do terreno,  2 qto(s), a.serv, WC, 1 sala(s), cozinha.",31449.16,58699.56,46.43,Venda Direta Online,,OLINDA,PE,Não
8555504386738,"RUA LOS ANGELES, N. 62, CS01, LT09,QD07",JARDIM ATLANTICO,"Casa, 46.00 de área total, 46.00 de área privativa, 360.00 de área do terreno,  2 qto(s), a.serv, WC, 1 sala(s), cozinha, 1 vaga(s) de garagem.",68797.61,126500.0,45.62,Venda Direta Online,,OLINDA,PE,Não
1444406147712,"RUA BRIGADEIRO EDUARDO GOMES, N. 4, LOTE 10 QUADRA 77",RIO DOCE,"Casa, 200.00 de área total, 200.00 de área privativa, 200.00 de área do terreno,  1 qto(s), a.serv, WC, 1 sala(s), cozinha.",233554.23,425000.0,45.05,Venda Direta Online,,OLINDA,PE,Não
8444405793570,"RUA HUMBERTO DE LIMA MENDES, N. 350, Apto 301, LT 23 QD 19",Fragoso,"Apartamento, 52.13 de área total, 39.75 de área privativa, 0.00 de área do terreno,  2 qto(s), WC, 1 sala(s), cozinha.",87267.5,157000.0,44.42,Venda Direta Online,,OLINDA,PE,Não
10215787,"RUA PROJETADA (ATUAL RUA PONTA DA BARRA), N. 00, QD 23, LT 05",SALGADINHO,"Terreno, 0.00 de área total, 0.00 de área privativa, 360.00 de área do terreno.",163228.46,289000.0,43.52,Venda Online,,OLINDA,PE,Não
8444406231738,"RUA BEIJA-FLOR, N. 266, CS 01 LT 14 QD 84",JARDIM ATLANTICO,"Casa, 53.28 de área total, 53.28 de área privativa, 53.28 de área do terreno,  2 qto(s), a.serv, WC, 1 sala(s), cozinha, Terraco, 1 vaga(s) de garagem.",88732.22,153000.0,42.01,Venda Direta Online,,OLINDA,PE,Sim
8444433838109,"AVENIDA FAGUNDES VARELA, N. 1157, Apto 02, LT 04, TIPO B, QD 04",JARDIM ATLANTICO,"Apartamento, 55.81 de área total, 49.08 de área privativa, 0.00 de área do terreno,  2 qto(s), a.serv, WC, WC Emp, 1 sala(s), cozinha.",114914.11,195000.0,41.07,Venda Online,,OLINDA,PE,Não
1555517453139,"RUA OLIMPIO FERREIRA CHAVES, N. 386,",CASA CAIADA,"Casa, 0.00 de área total, 121.70 de área privativa, 0.00 de área do terreno,  4 qto(s), a.serv, WC, WC Emp, 2 sala(s), cozinha, Terraco.",175675.68,298000.0,41.05,Venda Direta Online,,OLINDA,PE,Não
8444414851847,"RUA ADONIS, N. 62, Apto 03, LT 38, QD 08, VG 03",FRAGOSO,"Apartamento, 64.52 de área total, 50.10 de área privativa, 0.00 de área do terreno,  2 qto(s), a.serv, WC, 1 sala(s), cozinha, Terraco, 1 vaga(s) de garagem.",100741.08,170000.0,40.75,Venda Direta Online,,OLINDA,PE,Não
8555521779904,"AVENIDA VASCO RODRIGUES, N. 545, Apto 306, BL B",PEIXINHOS,"Apartamento, 47.05 de área total, 40.47 de área privativa, 0.00 de área do terreno,  2 qto(s), a.serv, WC, 1 sala(s), cozinha, 1 vaga(s) de garagem.",93037.35,157000.0,40.75,Venda Direta Online,,OLINDA,PE,Não
8065100003034,"RUA RIVIERA, N. 18, Apto 03, TÉRREO, BL A, EDF IPÊ, LT E01, QD E",JARDIM ATLANTICO,"Apartamento, 55.75 de área total, 48.06 de área privativa, 0.00 de área do terreno,  2 qto(s), WC, 1 sala(s), cozinha, 1 vaga(s) de garagem.",66085.1,110800.0,40.36,Venda Online,,OLINDA,PE,Não
1444406092683,"RUA OLIMPIO FERREIRA CHAVES, N. 1600, 01,",CASA CAIADA,"Casa, 111.48 de área total, 68.81 de área privativa, 111.48 de área do terreno,  2 qto(s), a.serv, WC, 1 sala(s), cozinha, Terraco, 1 vaga(s) de garagem.",65607.95,110000.0,40.36,Venda Direta Online,,OLINDA,PE,Não
8444414767927,"AVENIDA PAU BRASIL, N. 171, Apto 103, BL 01",JARDIM ATLANTICO,"Apartamento, 50.01 de área total, 44.11 de área privativa, 0.00 de área do terreno,  2 qto(s), a.serv, WC, 1 sala(s), cozinha.",73583.88,123000.0,40.18,Venda Direta Online,,OLINDA,PE,Não
8091700011193,"AVENIDA ESCRITOR RAMOS DE ALMEIDA, N. 725-A, Apto 203, BL15 QD36",JARDIM ATLANTICO,"Apartamento, 85.78 de área total, 78.44 de área privativa, 0.00 de área do terreno,  3 qto(s), a.serv, WC, WC Emp, 1 sala(s), cozinha.",97419.64,161782.5,39.79,Venda Direta Online,,OLINDA,PE,Não
8555518199811,"RUA PROFESSOR OLIMPIO MAGALHAES, N. 235, Apto 301, LT 5-A, QD 60",JARDIM ATLANTICO,"Apartamento, 45.63 de área total, 39.00 de área privativa, 0.00 de área do terreno,  1 qto(s), varanda, a.serv, WC, WC Emp, 1 sala(s), cozinha.",59547.26,98600.0,39.61,Venda Online,,OLINDA,PE,Não
8787713050300,"RUA JOSE PEREIRA MORAIS, N. 198, Apto 306, BL B LT 02",RIO DOCE,"Apartamento, 74.49 de área total, 46.91 de área privativa, 0.00 de área do terreno,  2 qto(s), WC, 1 sala(s), cozinha, 1 vaga(s) de garagem.",117860.63,195000.0,39.56,Venda Direta Online,,OLINDA,PE,Não
8444415805008,"AVENIDA RUI BARBOSA, N. 795, Apto 102, LT 04 QD 06",JARDIM ATLANTICO,"Apartamento, 68.76 de área total, 58.45 de área privativa, 0.00 de área do terreno,  2 qto(s), a.serv, WC, 1 sala(s), cozinha.",132487.44,219200.0,39.56,Venda Direta Online,,OLINDA,PE,Não
8444429510765,"RUA PROFESSOR DIOGENES FERNANDES TAVORA, N. 690, Apto 03,",CASA CAIADA,"Apartamento, 50.19 de área total, 50.19 de área privativa, 0.00 de área do terreno,  2 qto(s), a.serv, WC, 1 sala(s), cozinha, 1 vaga(s) de garagem.",134784.21,223000.0,39.56,Venda Direta Online,,OLINDA,PE,Não
1444423297328,"RUA DA AMORA, N. 125, LT 13 QD 20",RIO DOCE,"Casa, 185.02 de área total, 185.02 de área privativa, 200.00 de área do terreno,  3 qto(s), a.serv, WC, 1 sala(s), cozinha, Terraco, 1 vaga(s) de garagem.",253077.51,418000.0,39.46,Venda Direta Online,,OLINDA,PE,Sim
1444401449478,"RUA RIVIERA, N. 15, CS 02 BL E",JARDIM ATLANTICO,"Casa, 0.00 de área total, 52.30 de área privativa, 0.00 de área do terreno,  2 qto(s), a.serv, WC, 1 sala(s), cozinha, Terraco.",87187.11,142818.99,38.96,Venda Direta Online,,OLINDA,PE,Não
1444400589730,"RUA PROFESSORA MARLY FIGUEIREDO, N. 768, Apto 02,",CASA CAIADA,"Apartamento, 102.52 de área total, 77.13 de área privativa, 0.00 de área do terreno,  3 qto(s), a.serv, WC, 1 sala(s), DCE, cozinha.",92791.87,152000.0,38.96,Venda Direta Online,,OLINDA,PE,Não
1444405436192,"RUA CARLOS PENA FILHO, N. 67, QD 20, LT 04",FRAGOSO,"Casa, 120.00 de área total, 61.20 de área privativa, 120.00 de área do terreno,  2 qto(s), a.serv, WC, 1 sala(s), cozinha, Terraco.",109933.58,178000.0,38.24,Venda Direta Online,,OLINDA,PE,Não
1555533600299,"RUA TACHO, N. 122, Apto 102,",FRAGOSO,"Apartamento, 89.20 de área total, 50.24 de área privativa, 0.00 de área do terreno,  2 qto(s), a.serv, WC, 1 sala(s), cozinha, 1 vaga(s) de garagem.",103139.93,167000.0,38.24,Venda Direta Online,,OLINDA,PE,Não
8091700009547,"RUA DEZOITO, N. 45,",RIO DOCE,"Casa, 150.00 de área total, 50.89 de área privativa, 150.00 de área do terreno,  3 qto(s), a.serv, WC, 1 sala(s), cozinha, Terraco.",103139.93,167000.0,38.24,Licitação Aberta,,OLINDA,PE,Não
1444405605296,"RUA EVERALDO XAVIER, N. 393, CS 03",JARDIM ATLANTICO,"Casa, 53.24 de área total, 53.24 de área privativa, 0.00 de área do terreno,  2 qto(s), a.serv, WC, 1 sala(s), cozinha, Terraco, 1 vaga(s) de garagem.",108508.15,175692.0,38.24,Venda Direta Online,,OLINDA,PE,Não
1444407561717,"AVENIDA GODOY DE VASCONCELOS, N. 587, Apto 302,",JARDIM ATLANTICO,"Apartamento, 75.44 de área total, 75.44 de área privativa, 0.00 de área do terreno,  2 qto(s), a.serv, WC, 1 sala(s), cozinha, 1 vaga(s) de garagem.",134696.59,214000.0,37.06,Venda Direta Online,,OLINDA,PE,Sim
8444422072835,"RUA CORONEL JOAO ALEXANDRE DE CARVALHO, N. 472, Apto 305,",JARDIM ATLANTICO,"Apartamento, 59.00 de área total, 59.00 de área privativa, 0.00 de área do terreno,  2 qto(s), a.serv, WC, 1 sala(s), cozinha, 1 vaga(s) de garagem.",138473.13,220000.0,37.06,Venda Direta Online,,OLINDA,PE,Não
1444418529810,"RUA DAS ANGELICAS, N. 92, CASA",RIO DOCE,"Casa, 0.00 de área total, 39.18 de área privativa, 160.00 de área do terreno,  2 qto(s), a.serv, WC, 1 sala(s), cozinha, Terraco.",197567.43,310000.0,36.27,Venda Online,,OLINDA,PE,Sim
8065100003182,"AVENIDA BEIRA RIO, N. 54, LT 11 CS 05",JARDIM ATLANTICO,"Casa, 46.12 de área total, 46.12 de área privativa, 46.12 de área do terreno,  2 qto(s), WC, 1 sala(s), cozinha, Terraco.",152955.43,240000.0,36.27,Venda Direta Online,,OLINDA,PE,Não
8555525102755,"AVENIDA VASCO RODRIGUES, N. 140, Apto 609, BL B",PEIXINHOS,"Apartamento, 67.67 de área total, 40.41 de área privativa, 0.00 de área do terreno,  2 qto(s), WC, 1 sala(s), cozinha, 1 vaga(s) de garagem.",175255.0,175255.0,0.0,Leilão SFI - Edital Único,,OLINDA,PE,Não
8103000011210,"RUA RIVIERA, N. 15,  BLOCO D",JARDIM ATLANTICO,"Casa, 52.30 de área total, 52.30 de área privativa, 1.00 de área do terreno,  2 qto(s), a.serv, WC, 1 sala(s), cozinha, Terraco, 1 vaga(s) de garagem.",170000.0,170000.0,0.0,Leilão SFI - Edital Único,,OLINDA,PE,Não
1444404604156,"RUA CARLOS LEITE MOREIRA, N. 475, Apto 202, PAV 1ELEV LT 15 QD B",CASA CAIADA,"Apartamento, 78.28 de área total, 68.54 de área privativa, 0.00 de área do terreno,  2 qto(s), a.serv, WC, WC Emp, 1 sala(s), DCE, cozinha.",185862.0,185862.0,0.0,Leilão SFI - Edital Único,,OLINDA,PE,Não
1555517708285,"RUA PROJETADA, N. S/N, QD B LTS 01 A 46",CENTRO,"Terreno, 0.00 de área total, 0.00 de área privativa, 10126.10 de área do terreno.",237767.36,708000.0,66.42,Venda Direta Online,,OURICURI,PE,Sim
1555516402093,"VIA DE CIRCULAÇÃO DE VEICULOS, N. SN, 76,",CHA DE CRUZ,"Terreno, 0.00 de área total, 0.00 de área privativa, 2234.49 de área do terreno.",99898.9,208000.0,51.98,Venda Online,,PAUDALHO,PE,Não
1444417177537,"VIA LOCAL 06, N. SN, UNIDADE 14 QD G",Paudalho,"Casa, 159.32 de área total, 159.32 de área privativa, 0.01 de área do terreno,  4 qto(s), a.serv, WC, 2 sala(s), cozinha.",282860.12,545000.0,48.1,Venda Online,,PAUDALHO,PE,Não
1444417076048,"RUA 01 - BR 408, N. SN, QD A LT 16",LOT PQ DAS JAQUEIRAS,"Casa, 394.12 de área total, 394.12 de área privativa, 540.00 de área do terreno,  4 qto(s), a.serv, WC, 2 sala(s), cozinha, Terraco.",458866.29,800000.0,42.65,Venda Direta Online,,PAUDALHO,PE,Sim
1444401388584,"RUA ALAMEDA NORTE, N. SN, UN 21",COND VIVENDA DO VALE,"Terreno, 0.00 de área total, 0.00 de área privativa, 425.60 de área do terreno.",76743.93,127000.0,39.58,Venda Direta Online,,PAUDALHO,PE,Não
1444423696931,"BR 408 KM 86, N. 0, AREA D 09",BR 408 KM 86,"Terreno, 0.00 de área total, 0.00 de área privativa, 2092.29 de área do terreno.",216686.86,340000.0,36.27,Venda Direta Online,,PAUDALHO,PE,Sim
8555518031783,"RUA JOSE FERRAO, N. 578, CS 02",PAU AMARELO,"Casa, 0.00 de área total, 48.59 de área privativa, 408.00 de área do terreno,  2 qto(s), a.serv, WC, 1 sala(s), cozinha, Terraco, 1 vaga(s) de garagem.",30155.39,123000.0,75.49,Venda Online,,PAULISTA,PE,Não
8444411589262,"RUA MANOEL DE FRANCA SILVA, N. 155, Apto 1, TÉRREO, LT 28, QD VI, LOT RIACHO DE PR",MARANGUAPE II,"Apartamento, 0.00 de área total, 52.37 de área privativa, 0.00 de área do terreno,  2 qto(s), a.serv, WC, 1 sala(s), cozinha, Terraco, 1 vaga(s) de garagem.",45142.39,118000.0,61.75,Venda Direta Online,,PAULISTA,PE,Não
8444413128564,"RUA ALPINOPOLIS, N. 339, Apto 03,",NOSSA SENHORA DO O,"Apartamento, 0.00 de área total, 50.10 de área privativa, 0.00 de área do terreno,  2 qto(s), a.serv, WC, 1 sala(s), 1 lavabo(s), cozinha, Terraco, 1 vaga(s) de garagem.",71300.83,180000.0,60.39,Venda Direta Online,,PAULISTA,PE,Não
8444411000838,"RUA JOSE FERRAO, N. 567, CS 01 CONJ RES OCEANO LT 5 QD A",PAU AMARELO,"Casa, 0.00 de área total, 50.22 de área privativa, 400.00 de área do terreno,  2 qto(s), a.serv, WC, 1 sala(s), cozinha, Terraco, 1 vaga(s) de garagem.",59506.66,149000.0,60.07,Venda Direta Online,,PAULISTA,PE,Não
8444427788944,"RUA MANOEL DE FRANCA SILVA, N. 156, CS 02, LT 21 QD V",MARANGUAPE II,"Casa, 0.00 de área total, 46.36 de área privativa, 250.00 de área do terreno,  2 qto(s), a.serv, WC, 1 sala(s), cozinha, Terraco, 1 vaga(s) de garagem.",63697.27,152000.0,58.1,Venda Direta Online,,PAULISTA,PE,Não
8444417112107,"RUA ISRAEL CARMO DO NASCIMENTO, N. 265, Apto 101",MARANGUAPE II,"Apartamento, 0.00 de área total, 46.36 de área privativa, 0.00 de área do terreno,  2 qto(s), varanda, a.serv, WC, 1 sala(s), cozinha, 1 vaga(s) de garagem.",59587.69,140000.0,57.44,Venda Direta Online,,PAULISTA,PE,Não
8444422254402,"RUA VINICIUS DE MORAES, N. 296, Apto 01, PAV TERREO LT 07 QD VI",MARANGUAPE II,"Apartamento, 0.00 de área total, 51.00 de área privativa, 0.00 de área do terreno,  2 qto(s), a.serv, WC, 1 sala(s), cozinha, Terraco, 1 vaga(s) de garagem.",50629.44,115800.0,56.28,Venda Direta Online,,PAULISTA,PE,Não
8444403600040,"RUA SETE, N. 32, QD Q8, LT 02",NOBRE,"Casa, 0.00 de área total, 56.50 de área privativa, 0.00 de área do terreno,  3 qto(s), varanda, a.serv, WC, 1 sala(s), cozinha, 1 vaga(s) de garagem.",53097.88,120572.0,55.97,Venda Online,,PAULISTA,PE,Não
8787707834256,"RUA MARIA EMILIA BOECKMANN, N. 1017, Apto 101, BL 7 - TERREO",MARANGUAPE I,"Apartamento, 80.19 de área total, 41.79 de área privativa, 0.00 de área do terreno,  1 qto(s), a.serv, WC, 1 sala(s), cozinha, 1 vaga(s) de garagem.",64814.76,145000.0,55.31,Venda Online,,PAULISTA,PE,Não
8444409647293,"RUA MANOEL DE FRANCA SILVA, N. 155, Apto 101, LT 28 QD IV",MARANGUAPE II,"Apartamento, 0.00 de área total, 50.38 de área privativa, 0.01 de área do terreno,  2 qto(s), varanda, a.serv, WC, 1 sala(s), cozinha, 1 vaga(s) de garagem.",53422.14,115000.0,53.55,Venda Direta Online,,PAULISTA,PE,Não
8444405367628,"RUA BELO HORIZONTE, N. 311, CS 4 LT 15 QD H",NOSSA SENHORA DA CONCEICAO,"Casa, 0.00 de área total, 47.27 de área privativa, 360.00 de área do terreno,  2 qto(s), a.serv, WC, 1 sala(s), cozinha, Terraco, 1 vaga(s) de garagem.",56138.73,120000.0,53.22,Venda Online,,PAULISTA,PE,Não
8444405755482,"RUA JOSÉ ANACLETO, N. 16, CASA 3, QD 19, LT 12",MARANGUAPE II,"Casa, 0.00 de área total, 42.94 de área privativa, 101.37 de área do terreno,  2 qto(s), a.serv, WC, 1 sala(s), cozinha, Terraco, 1 vaga(s) de garagem.",46586.61,99253.0,53.07,Venda Direta Online,,PAULISTA,PE,Não
8444420819658,"RUA TIMBAUBA, N. 173, Apto 101,  XVI18 QD. XVI LOTE 18",PAU AMARELO,"Apartamento, 52.78 de área total, 50.36 de área privativa, 0.00 de área do terreno,  2 qto(s), varanda, a.serv, WC, 1 sala(s), cozinha, 1 vaga(s) de garagem.",77916.54,164354.66,52.6,Venda Direta Online,,PAULISTA,PE,Sim
8787707371671,"RUA PESCADOR JOSE DOS REIS SANTANA, N. 449, Apto 307, BL4",NOSSA SENHORA DO O,"Apartamento, 62.75 de área total, 46.47 de área privativa, 0.00 de área do terreno,  2 qto(s), varanda, a.serv, WC, 1 sala(s), cozinha, 1 vaga(s) de garagem.",84931.16,179151.07,52.6,Venda Online,,PAULISTA,PE,Sim
8444418760994,"RUA DEZ, N. 90, CS 102 PAV SUP LT 8 QD 14",JAGUARANA,"Casa, 56.32 de área total, 52.46 de área privativa, 200.00 de área do terreno,  2 qto(s), varanda, WC, 1 sala(s), cozinha, 1 vaga(s) de garagem.",79364.61,165000.0,51.91,Venda Direta Online,,PAULISTA,PE,Sim
8555514684502,"RUA ALMIRA CAMELO DE ANDRADE ALMEIDA, N. 533, CS 03 LT 04 QD 04",PAU AMARELO,"Casa, 53.78 de área total, 53.78 de área privativa, 360.00 de área do terreno,  2 qto(s), a.serv, WC, 1 sala(s), cozinha, Terraco, 1 vaga(s) de garagem.",78883.61,164000.0,51.91,Venda Direta Online,,PAULISTA,PE,Não
8555532793067,"RUA MANOEL CHAVES DA COSTA FIGUEIROA, N. SN, Apto 408, BL 10, QD 10",PAU AMARELO,"Apartamento, 0.00 de área total, 44.15 de área privativa, 0.00 de área do terreno,  2 qto(s), a.serv, WC, 1 sala(s), cozinha, 1 vaga(s) de garagem.",84174.59,175000.0,51.91,Venda Direta Online,,PAULISTA,PE,Não
8444423321880,"RUA TIMBAUBA, N. 180, Apto 01, LT 13A2 QD 13",PAU AMARELO,"Apartamento, 47.63 de área total, 47.63 de área privativa, 0.00 de área do terreno,  2 qto(s), a.serv, WC, 1 sala(s), cozinha, Terraco, 1 vaga(s) de garagem.",66237.9,137000.0,51.66,Venda Direta Online,,PAULISTA,PE,Não
8444412578884,"RUA CANTOR PAULO SERGIO, N. 293, CS 01, LT 24, QD XXXII",JAGUARANA,"Casa, 37.92 de área total, 37.92 de área privativa, 200.00 de área do terreno,  2 qto(s), a.serv, WC, 1 sala(s), cozinha, Terraco, 1 vaga(s) de garagem.",54885.47,113000.0,51.43,Venda Direta Online,,PAULISTA,PE,Não
8444410121151,"RUA TORITAMA, N. 55, Apto 103, LT 39 QD 22",PAU AMARELO,"Apartamento, 52.61 de área total, 52.61 de área privativa, 0.00 de área do terreno,  2 qto(s), varanda, a.serv, WC, 1 sala(s), cozinha, 1 vaga(s) de garagem.",74802.38,153000.0,51.11,Venda Online,,PAULISTA,PE,Não
8444420346113,"RUA TAQUARITINGA DO NORTE, N. 138, CS 02, QD C, LT 10",PAU AMARELO,"Casa, 46.14 de área total, 46.14 de área privativa, 448.00 de área do terreno,  2 qto(s), a.serv, WC, 1 sala(s), cozinha, Terraco, 1 vaga(s) de garagem.",73590.91,150522.06,51.11,Venda Direta Online,,PAULISTA,PE,Não
8444407093339,"RUA ARAGUACEMA, N. 82, Apto 03, LT 02, QD E",NOSSA SENHORA DO O,"Apartamento, 0.00 de área total, 56.21 de área privativa, 0.00 de área do terreno,  2 qto(s), a.serv, WC, 1 sala(s), cozinha, Terraco, 1 vaga(s) de garagem.",72357.86,148000.0,51.11,Venda Online,,PAULISTA,PE,Não
8787711523863,"RUA CAETANOPOLIS, N. 77, Apto 201, BL D",NOSSA SENHORA DO O,"Apartamento, 67.15 de área total, 46.52 de área privativa, 0.00 de área do terreno,  2 qto(s), a.serv, WC, 1 sala(s), cozinha, 1 vaga(s) de garagem.",89918.74,183117.6,50.9,Venda Direta Online,,PAULISTA,PE,Sim
8444408554470,"RUA NEPAL, N. 254, Apto 101",NOSSA SENHORA DO O,"Apartamento, 0.00 de área total, 52.06 de área privativa, 0.00 de área do terreno,  2 qto(s), varanda, a.serv, WC, 1 sala(s), cozinha, 1 vaga(s) de garagem.",68849.06,139900.0,50.79,Venda Direta Online,,PAULISTA,PE,Não
8444407567985,"RUA ARAGUACEMA, N. 82, Apto 102, PAV SUP, LT 02, QD E",NOSSA SENHORA DO O,"Apartamento, 58.75 de área total, 56.94 de área privativa, 0.00 de área do terreno,  2 qto(s), varanda, a.serv, WC, 1 sala(s), cozinha, 1 vaga(s) de garagem.",62040.14,126000.0,50.77,Venda Direta Online,,PAULISTA,PE,Não
8444422686787,"RUA VINICIUS DE MORAES, N. 296, CS 02 LT 07 QD VI",MARANGUAPE II,"Casa, 51.00 de área total, 51.00 de área privativa, 200.00 de área do terreno,  2 qto(s), a.serv, WC, 1 sala(s), cozinha, Terraco, 1 vaga(s) de garagem.",65643.9,132000.0,50.27,Venda Direta Online,,PAULISTA,PE,Não
8444432858696,"RUA REALEZA, N. 325,  CASA 03,  QUADRA  AG, LOT 06 COSTA RI",PAU AMARELO,"Casa, 47.89 de área total, 47.89 de área privativa, 360.00 de área do terreno,  2 qto(s), a.serv, WC, 1 sala(s), cozinha, Terraco, 1 vaga(s) de garagem.",68727.17,138200.0,50.27,Venda Direta Online,,PAULISTA,PE,Não
8444405609184,"RUA ROMENIA, N. 82, CS 103, PAV SUP, QD T",PAU AMARELO,"Casa, 55.37 de área total, 55.37 de área privativa, 360.00 de área do terreno,  2 qto(s), varanda, a.serv, WC, 1 sala(s), cozinha, 1 vaga(s) de garagem.",69670.09,140000.0,50.24,Venda Direta Online,,PAULISTA,PE,Não
8555534848063,"RUA QUATRO, N. 154, Apto 305, BL 11",NOSSA SENHORA DA CONCEICAO,"Apartamento, 52.97 de área total, 47.30 de área privativa, 0.00 de área do terreno,  2 qto(s), a.serv, WC, 1 sala(s), cozinha, 1 vaga(s) de garagem.",74646.53,150000.0,50.24,Venda Direta Online,,PAULISTA,PE,Não
8444427464340,"RUA MANOEL DE FRANCA SILVA, N. 156, LOTE 21 QUADRA 05",MARANGUAPE II,"Casa, 46.61 de área total, 46.61 de área privativa, 250.00 de área do terreno,  2 qto(s), a.serv, WC, 1 sala(s), cozinha, Terraco, 1 vaga(s) de garagem.",71910.86,143000.0,49.72,Venda Direta Online,,PAULISTA,PE,Não
8787707415032,"RUA MARIA EMILIA BOECKMANN, N. 1017, Apto 404, BL 14",MARANGUAPE I,"Apartamento, 80.19 de área total, 41.79 de área privativa, 0.00 de área do terreno,  2 qto(s), WC, 1 sala(s), cozinha, 1 vaga(s) de garagem.",74500.94,148150.56,49.72,Venda Direta Online,,PAULISTA,PE,Não
8444417582278,"RUA BELO ORIENTE, N. 1060, 3, D- QD10 N14",NOSSA SENHORA DA CONCEICAO,"Casa, 68.00 de área total, 68.00 de área privativa, 146.77 de área do terreno,  2 qto(s), a.serv, WC, 1 sala(s), cozinha, Terraco.",77945.34,155000.0,49.72,Venda Direta Online,,PAULISTA,PE,Sim
8444418194000,"RUA CRUZEIRO DO SUL, N. 58, CS 02",NOSSA SENHORA DA CONCEICAO,"Casa, 48.46 de área total, 48.46 de área privativa, 360.00 de área do terreno,  2 qto(s), a.serv, WC, 1 sala(s), cozinha, Terraco, 1 vaga(s) de garagem.",70402.24,140000.0,49.72,Venda Direta Online,,PAULISTA,PE,Não
8787718651654,"RUA MARIA EMILIA BOECKMANN, N. 717, Apto 302, BL11, 3º PAV, GL 19A - 14 C",MARANGUAPE I,"Apartamento, 0.00 de área total, 41.80 de área privativa, 0.00 de área do terreno,  2 qto(s), a.serv, WC, 1 sala(s), cozinha.",83615.09,166000.0,49.63,Venda Direta Online,,PAULISTA,PE,Não
8444415962189,"RUA VINICIUS DE MORAES, N. 392, Apto 102, LI 22 QD III",MARANGUAPE II,"Apartamento, 52.32 de área total, 49.17 de área privativa, 0.00 de área do terreno,  2 qto(s), WC, 1 sala(s), cozinha, 1 vaga(s) de garagem.",69947.22,138000.0,49.32,Venda Online,,PAULISTA,PE,Não
8787709877556,"RUA MARIA EMILIA BOECKMANN, N. 893, Apto 302, BL 02",MARANGUAPE I,"Apartamento, 47.29 de área total, 41.79 de área privativa, 0.00 de área do terreno,  2 qto(s), WC, 1 sala(s), cozinha.",90144.62,177000.0,49.08,Venda Direta Online,,PAULISTA,PE,Sim
8444421319780,"RUA CAPINOPOLIS, N. 141, Apto 102, LT 05, QD B-2",N SRA DA CONCEICAO,"Apartamento, 48.73 de área total, 45.91 de área privativa, 0.00 de área do terreno,  2 qto(s), varanda, a.serv, WC, 1 sala(s), cozinha, 1 vaga(s) de garagem.",69000.68,135000.0,48.89,Venda Online,,PAULISTA,PE,Não
8444403105294,"RUA BELO ORIENTE, N. 275, CS 04 LT 11 QD I",NOSSA SENHORA DO O,"Casa, 45.22 de área total, 45.22 de área privativa, 114.80 de área do terreno,  2 qto(s), a.serv, WC, 1 sala(s), cozinha, Terraco, 1 vaga(s) de garagem.",79403.42,155000.0,48.78,Venda Direta Online,,PAULISTA,PE,Não
8444418458279,"RUA BELO ORIENTE, N. 244, CS 02 LT 16 QD L",NOSSA SENHORA DO O,"Casa, 47.33 de área total, 47.33 de área privativa, 360.00 de área do terreno,  2 qto(s), a.serv, WC, 1 sala(s), cozinha, Terraco, 1 vaga(s) de garagem.",71719.21,140000.0,48.78,Venda Direta Online,,PAULISTA,PE,Não
8444422366928,"RUA BANDEIRA DO SUL, N. 45, Apto 102, QD K LOT NOVA FRIBURGO",NOSSA SENHORA DA CONCEICAO,"Apartamento, 54.70 de área total, 51.40 de área privativa, 0.00 de área do terreno,  2 qto(s), WC, 1 sala(s), cozinha, 1 vaga(s) de garagem.",76585.88,149500.0,48.78,Venda Direta Online,,PAULISTA,PE,Não
8444418649430,"RUA JOSE ANACLETO, N. 217, Apto 102, QD XV LT 12",MARANGUAPE II,"Apartamento, 53.01 de área total, 49.86 de área privativa, 0.00 de área do terreno,  2 qto(s), varanda, a.serv, WC, 1 sala(s), cozinha, 1 vaga(s) de garagem.",77309.21,149580.0,48.32,Venda Direta Online,,PAULISTA,PE,Não
8444407195654,"RUA CARATINGA, N. 762, CS 02, LT 14, QD B9",NOSSA SENHORA DA CONCEICAO,"Casa, 53.02 de área total, 53.02 de área privativa, 360.00 de área do terreno,  3 qto(s), a.serv, WC, 1 sala(s), cozinha, Terraco, 1 vaga(s) de garagem.",74465.96,144078.81,48.32,Venda Online,,PAULISTA,PE,Não
8444417564296,"RUA CANAPOLIS, N. 227, Apto 101,",NOSSA SENHORA DA CONCEICAO,"Apartamento, 51.00 de área total, 47.85 de área privativa, 0.00 de área do terreno,  2 qto(s), varanda, a.serv, WC, 1 sala(s), cozinha, 1 vaga(s) de garagem.",72357.86,140000.0,48.32,Venda Direta Online,,PAULISTA,PE,Não
8787707092446,"RUA VEREADOR ANTONIO FERREIRA DA SILVA, N. 48, Apto 03, BL14",VILA TORRES GALVAO,"Apartamento, 62.21 de área total, 45.57 de área privativa, 0.00 de área do terreno,  2 qto(s), a.serv, WC, 1 sala(s), cozinha, 1 vaga(s) de garagem.",92806.78,178983.92,48.15,Venda Direta Online,,PAULISTA,PE,Sim
8444425084800,"RUA VINICIUS DE MORAES, N. 296, Apto 102, LT 07 QD VI",MARANGUAPE II,"Apartamento, 53.15 de área total, 50.00 de área privativa, 0.00 de área do terreno,  2 qto(s), varanda, a.serv, WC, 1 sala(s), cozinha, 1 vaga(s) de garagem.",70903.02,136000.0,47.87,Venda Online,,PAULISTA,PE,Não
8444419569392,"RUA VIHA DEL MAR, N. 335, Apto 04, LT 3-A1 QD O",PAU AMARELO,"Apartamento, 47.53 de área total, 43.76 de área privativa, 0.00 de área do terreno,  2 qto(s), a.serv, WC, 1 sala(s), cozinha, 1 vaga(s) de garagem.",73768.33,140000.0,47.31,Venda Direta Online,,PAULISTA,PE,Não
8444431280895,"RUA FUNILANDIA, N. 1633, Apto 01, LT 3 QD B 21",NOSSA SENHORA DA CONCEICAO,"Apartamento, 67.84 de área total, 67.84 de área privativa, 0.00 de área do terreno,  2 qto(s), a.serv, WC, 1 sala(s), cozinha, Terraco, 1 vaga(s) de garagem.",80618.25,153000.0,47.31,Venda Direta Online,,PAULISTA,PE,Não
8444419352008,"RUA MARIA LETICIA, N. 38, Apto 102, LT 12 Q XXII",MARANGUAPE II,"Apartamento, 46.48 de área total, 43.39 de área privativa, 0.00 de área do terreno,  2 qto(s), varanda, a.serv, WC, 1 sala(s), cozinha, 1 vaga(s) de garagem.",57085.46,108000.0,47.15,Venda Online,,PAULISTA,PE,Não
1444400961280,"RUA AURELIANO ARTUR SOARES QUINTAS, N. 620, Apto 304, PAV 03 LT 1 A QD J",JANGA,"Apartamento, 67.49 de área total, 67.49 de área privativa, 0.00 de área do terreno,  2 qto(s), a.serv, WC, WC Emp, 1 sala(s), DCE, cozinha.",89728.02,168725.0,46.82,Venda Direta Online,,PAULISTA,PE,Não
8787715339170,"RUA MARIA EMILIA BOECKMANN, N. 793, Apto 202, BL 14",MARANGUAPE I,"Apartamento, 77.90 de área total, 41.80 de área privativa, 0.00 de área do terreno,  2 qto(s), a.serv, WC, 1 sala(s), cozinha.",96035.52,180066.0,46.67,Venda Direta Online,,PAULISTA,PE,Sim
8787714392735,"AVENIDA NAPOLES, N. 345, Apto 402, BL10",FRAGOSO,"Apartamento, 58.29 de área total, 38.40 de área privativa, 0.00 de área do terreno,  2 qto(s), WC, 1 sala(s), cozinha, 1 vaga(s) de garagem.",88533.63,166000.0,46.67,Venda Direta Online,,PAULISTA,PE,Sim
8787716424170,"AVENIDA NAPOLES, N. 345, Apto 404, 03 PV BL 15",FRAGOSO,"Apartamento, 58.29 de área total, 38.40 de área privativa, 0.00 de área do terreno,  2 qto(s), a.serv, WC, 1 sala(s), cozinha, 1 vaga(s) de garagem.",92800.31,174000.0,46.67,Venda Direta Online,,PAULISTA,PE,Sim
8444407826646,"RUA REPUBLICA CENTRO AFRICANA, N. 670, CS 04 LT 15 QD V",PAU AMARELO,"Casa, 48.45 de área total, 48.45 de área privativa, 360.00 de área do terreno,  2 qto(s), varanda, a.serv, WC, 1 sala(s), cozinha, Terraco, 1 vaga(s) de garagem.",65687.06,122000.0,46.16,Venda Direta Online,,PAULISTA,PE,Não
8555524284043,"RUA 4, N. 154, Apto 201, BL 04",NOSSA SENHORA DA CONCEICAO,"Apartamento, 53.76 de área total, 48.00 de área privativa, 0.00 de área do terreno,  2 qto(s), a.serv, WC, 1 sala(s), cozinha, 1 vaga(s) de garagem.",78525.22,145000.0,45.85,Venda Direta Online,,PAULISTA,PE,Não
8787715937360,"RUA MARIA EMILIA BOECKMANN, N. 717, Apto 103, BL 16",MARANGUAPE I,"Apartamento, 79.41 de área total, 41.79 de área privativa, 0.00 de área do terreno,  2 qto(s), WC, 1 sala(s), cozinha, 1 vaga(s) de garagem.",88252.15,161000.0,45.19,Venda Direta Online,,PAULISTA,PE,Não
8787705581105,"RUA VEREADOR ANTONIO FERREIRA DA SILVA, N. 48, Apto 202, BL 15",VILA TORRES GALVAO,"Apartamento, 62.21 de área total, 45.57 de área privativa, 0.00 de área do terreno,  2 qto(s), a.serv, WC, 1 sala(s), cozinha, 1 vaga(s) de garagem.",92423.02,168609.0,45.19,Venda Direta Online,,PAULISTA,PE,Não
8555535813565,"RUA SAO JOSE DO EGITO, N. 1003, Apto 106, BL 5, LT NOSSA SENHORA DO CARMO",PAU AMARELO,"Apartamento, 62.40 de área total, 43.47 de área privativa, 0.00 de área do terreno,  2 qto(s), a.serv, WC, 1 sala(s), cozinha, 1 vaga(s) de garagem.",85508.73,155995.14,45.19,Venda Direta Online,,PAULISTA,PE,Não
8787713460770,"AVENIDA NAPOLES, N. 345, Apto 404, BL 12 VG 404",FRAGOSO,"Apartamento, 70.04 de área total, 38.40 de área privativa, 0.00 de área do terreno,  2 qto(s), a.serv, WC, 1 sala(s), cozinha, 1 vaga(s) de garagem.",95926.25,175000.0,45.19,Venda Direta Online,,PAULISTA,PE,Não
8444420031384,"VIA DE INTEGRACAO, N. 1712, CS 102 LT 14 QD E1",JAGUARIBE,"Casa, 58.93 de área total, 55.78 de área privativa, 200.00 de área do terreno,  1 qto(s), varanda, a.serv, WC, 1 sala(s), 1 lavabo(s), cozinha, Terraco, 1 vaga(s) de garagem.",96061.05,175245.93,45.19,Venda Direta Online,,PAULISTA,PE,Não
8444415767718,"RUA DA PALMA, N. 194, CS 05 VG 05 LT 1 QD F-16",NOSSA SENHORA DA CONCEICAO,"Casa, 0.00 de área total, 52.61 de área privativa, 450.00 de área do terreno,  2 qto(s), varanda, a.serv, WC, 1 sala(s), cozinha, 1 vaga(s) de garagem.",71540.22,130000.0,44.97,Venda Direta Online,,PAULISTA,PE,Não
8444409867870,"RUA ARMANDO RODRIGUES COELHO, N. 205, LT 08 QD M",NOSSA SENHORA DO O,"Casa, 251.96 de área total, 175.65 de área privativa, 360.00 de área do terreno,  3 qto(s), a.serv, WC, 2 sala(s), cozinha, Terraco, 1 vaga(s) de garagem.",100051.91,180000.0,44.42,Venda Online,,PAULISTA,PE,Não
8555536421130,"RUA SAO JOSE DO EGITO, N. 1003, Apto 207, GLEBA 13 BL 6",PAU AMARELO,"Apartamento, 62.40 de área total, 43.47 de área privativa, 0.00 de área do terreno,  2 qto(s), a.serv, WC, 1 sala(s), cozinha, 1 vaga(s) de garagem.",85944.25,154523.24,44.39,Venda Direta Online,,PAULISTA,PE,Sim
8444412535301,"RUA CANTOR EVALDO BRAGA, N. 31, Apto 01, LT 24 QD XXXVII",JAGUARANA,"Apartamento, 52.37 de área total, 52.37 de área privativa, 0.00 de área do terreno,  2 qto(s), a.serv, WC, 1 sala(s), cozinha, Terraco, 1 vaga(s) de garagem.",89061.04,158200.0,43.71,Venda Direta Online,,PAULISTA,PE,Sim
8555534517237,"RUA SAO JOSE DO EGITO, N. 1003, Apto 307, BL 05",PAU AMARELO,"Apartamento, 62.40 de área total, 43.47 de área privativa, 0.00 de área do terreno,  2 qto(s), WC, 1 sala(s), cozinha, 1 vaga(s) de garagem.",96829.95,172000.0,43.71,Venda Direta Online,,PAULISTA,PE,Sim
8555535865921,"RUA SAO JOSE DO EGITO, N. 1003, Apto 105, BL 02",PAU AMARELO,"Apartamento, 69.91 de área total, 48.70 de área privativa, 0.00 de área do terreno,  2 qto(s), a.serv, WC, 1 sala(s), cozinha.",94578.09,168000.0,43.71,Venda Direta Online,,PAULISTA,PE,Sim
8444418683396,"VIA COLETORA 2, N. 427, CS 101 LT 18 QD S",JAGUARIBE,"Casa, 50.63 de área total, 47.48 de área privativa, 204.66 de área do terreno,  2 qto(s), a.serv, WC, 1 sala(s), cozinha, 1 vaga(s) de garagem.",88207.58,156684.0,43.71,Venda Direta Online,,PAULISTA,PE,Sim
8444415790469,"RUA TANCREDO MESSIAS, N. 590, CS 03, LT 16",NOSSA SENHORA DO O,"Casa, 57.99 de área total, 43.73 de área privativa, 361.47 de área do terreno,  2 qto(s), a.serv, WC, 1 sala(s), cozinha, 1 vaga(s) de garagem.",72293.28,128000.0,43.53,Venda Online,,PAULISTA,PE,Não
8444406054186,"RUA ARAGUIANA, N. 83, CS101 QDI LT02 LOT PRAIA ALEGRE",NOSSA SENHORA DO O,"Casa, 56.62 de área total, 53.95 de área privativa, 377.00 de área do terreno,  2 qto(s), varanda, a.serv, WC, 1 sala(s), cozinha, 1 vaga(s) de garagem.",82769.83,145000.0,42.92,Venda Online,,PAULISTA,PE,Não
8444401688632,"RUA CANTOR ALDEMAR DUTRA, N. 118, CS 01 LT 05 QD XXXV",JAGUARANA,"Casa, 45.26 de área total, 45.26 de área privativa, 200.00 de área do terreno,  2 qto(s), a.serv, WC, 1 sala(s), cozinha, Terraco, 1 vaga(s) de garagem.",74628.94,130000.0,42.6,Venda Direta Online,,PAULISTA,PE,Não
8444417760249,"RUA MANOEL EMIDIO DE LIMA, N. 268, Apto 101, PAVIMENTO SUPERIOR",MARANGUAPE II,"Apartamento, 46.68 de área total, 45.10 de área privativa, 0.00 de área do terreno,  2 qto(s), a.serv, WC, 1 sala(s), cozinha, 1 vaga(s) de garagem.",78781.14,136000.0,42.08,Venda Direta Online,,PAULISTA,PE,Não
8787701675237,"RUA CAMPO DE POUSO, N. 287, Apto 304, GLB 02C BL J T 19",MARANGUAPE I,"Apartamento, 0.00 de área total, 41.67 de área privativa, 0.00 de área do terreno,  2 qto(s), a.serv, WC, 1 sala(s), cozinha, 1 vaga(s) de garagem.",74436.59,128500.0,42.08,Licitação Aberta,,PAULISTA,PE,Não
8444411226089,"RUA CANTORA CLARA NUNES, N. 339, CS 101, LT 26 LOTEAMENTO RIACHO DE PRA",JAGUARANA,"Casa, 46.48 de área total, 43.39 de área privativa, 200.00 de área do terreno,  2 qto(s), a.serv, WC, 1 sala(s), cozinha, 1 vaga(s) de garagem.",80286.94,138599.46,42.08,Venda Direta Online,,PAULISTA,PE,Não
8444410243036,"RUA JOSE RAMOS DE VASCONCELOS, N. 1118, CS 02 LT 22 QD BD",PAU AMARELO,"Casa, 53.02 de área total, 53.02 de área privativa, 360.00 de área do terreno,  3 qto(s), a.serv, WC, 1 sala(s), 1 lavabo(s), cozinha, Terraco, 1 vaga(s) de garagem.",77043.32,133000.0,42.08,Venda Direta Online,,PAULISTA,PE,Não
8444416816640,"RUA SENEGAL, N. 308, CS 1, LT 17 QD R",PAU AMARELO,"Casa, 53.12 de área total, 53.12 de área privativa, 360.00 de área do terreno,  2 qto(s), a.serv, WC, 1 sala(s), cozinha, Terraco, 2 vaga(s) de garagem.",78201.87,135000.0,42.08,Venda Direta Online,,PAULISTA,PE,Não
8444412998441,"RUA PROFESSOR PEDRO DE LIMA RAMOS, N. 766, Apto 104, LT12 QDT",NOSSA SENHORA DO O,"Apartamento, 46.27 de área total, 43.12 de área privativa, 0.00 de área do terreno,  1 qto(s), a.serv, WC, 1 sala(s), cozinha.",76464.05,132000.0,42.08,Venda Direta Online,,PAULISTA,PE,Não
8444422357180,"RUA TANCREDO MESSIAS, N. 590, CS 103",NOSSA SENHORA DO O,"Casa, 57.22 de área total, 43.01 de área privativa, 361.47 de área do terreno,  2 qto(s), a.serv, WC, 1 sala(s), cozinha, 1 vaga(s) de garagem.",75305.5,130000.0,42.08,Licitação Aberta,,PAULISTA,PE,Não
8444428389059,"RUA OLAVO DIAS DE ARAUJO (ANTIGA RUA ALEGRIA), N. 2510, Apto 06, BL C BOX 09",NOBRE,"Apartamento, 47.52 de área total, 42.22 de área privativa, 0.00 de área do terreno,  2 qto(s), a.serv, WC, 1 sala(s), cozinha, 1 vaga(s) de garagem.",89662.3,153147.68,41.46,Licitação Aberta,,PAULISTA,PE,Não
8787700716240,"RUA CAMPO DE POUSO, N. SN, Apto 101, PAVIMENTO TERREO, BLOCO I, TORRE 17",MARANGUAPE I,"Apartamento, 93.01 de área total, 41.67 de área privativa, 0.00 de área do terreno,  2 qto(s), WC, 1 sala(s), cozinha, 1 vaga(s) de garagem.",90746.77,155000.0,41.46,Venda Online,,PAULISTA,PE,Não
8787709576599,"RUA MARIA EMILIA BOECKMANN, N. 1017, Apto 303, BL 11, GLEBA 19A12",MARANGUAPE I,"Apartamento, 80.19 de área total, 41.79 de área privativa, 0.00 de área do terreno,  2 qto(s), WC, 1 sala(s), cozinha, 1 vaga(s) de garagem.",81964.82,140000.0,41.46,Licitação Aberta,,PAULISTA,PE,Não
8787712539593,"RUA MARIA EMILIA BOECKMANN, N. 793, Apto 402, BL 15 GLB 19A 14B",MARANGUAPE I,"Apartamento, 0.00 de área total, 41.79 de área privativa, 0.00 de área do terreno,  2 qto(s), a.serv, WC, 1 sala(s), cozinha.",81964.82,140000.0,41.46,Licitação Aberta,,PAULISTA,PE,Não
8787712568445,"RUA MARIA EMILIA BOECKMANN, N. 793, Apto 403, BL 13",MARANGUAPE I,"Apartamento, 77.88 de área total, 41.79 de área privativa, 0.00 de área do terreno,  2 qto(s), WC, 1 sala(s), cozinha.",81964.82,140000.0,41.46,Venda Direta Online,,PAULISTA,PE,Não
8787704030180,"VEREADOR ANTONIO FERREIRA DA SILVA, N. 48, Apto 005, BLOCO 06, TÉRREO",VILA TORRES GALVAO,"Apartamento, 49.82 de área total, 45.57 de área privativa, 0.00 de área do terreno,  2 qto(s), a.serv, WC, 1 sala(s), cozinha, 1 vaga(s) de garagem.",89253.83,152450.0,41.46,Venda Direta Online,,PAULISTA,PE,Não
8444407193015,"RUA ALEMANHA ORIENTAL, N. 465, CASA 03, QD BB",PAU AMARELO,"Casa, 45.21 de área total, 45.21 de área privativa, 450.00 de área do terreno,  2 qto(s), a.serv, WC, 1 sala(s), cozinha, Terraco, 1 vaga(s) de garagem.",85477.6,146000.0,41.46,Licitação Aberta,,PAULISTA,PE,Não
8444421039354,"RUA MEDICO CESAR CALS DE OLIVEIRA, N. 620, LT 15 QD O",PAU AMARELO,"Casa, 51.95 de área total, 51.95 de área privativa, 360.00 de área do terreno,  2 qto(s), a.serv, WC, 1 sala(s), cozinha, Terraco, 1 vaga(s) de garagem.",84306.67,144000.0,41.46,Licitação Aberta,,PAULISTA,PE,Não
8444436915520,"RUA MEDICO CESAR CALS DE OLIVEIRA, N. 870, CS 04 LT 7 QD AL",PAU AMARELO,"Casa, 57.34 de área total, 57.34 de área privativa, 390.00 de área do terreno,  2 qto(s), a.serv, WC, 1 sala(s), cozinha, Terraco, 1 vaga(s) de garagem.",90746.77,155000.0,41.46,Licitação Aberta,,PAULISTA,PE,Não
8555533487270,"RUA SAO JOSE DO EGITO, N. 1003, Apto 04, BL 05",PAU AMARELO,"Apartamento, 61.77 de área total, 43.03 de área privativa, 0.00 de área do terreno,  2 qto(s), a.serv, WC, 1 sala(s), cozinha, 1 vaga(s) de garagem.",81379.36,139000.0,41.46,Venda Direta Online,,PAULISTA,PE,Não
8555534108175,"RUA JOSE DO EGITO, N. 1003, Apto 305, GLB 13  BL 3",PAU AMARELO,"Apartamento, 43.47 de área total, 43.47 de área privativa, 0.00 de área do terreno,  2 qto(s), a.serv, WC Emp, 1 sala(s), cozinha, Terraco.",81964.82,140000.0,41.46,Licitação Aberta,,PAULISTA,PE,Não
8555534335767,"RUA SAO JOSE DO EGITO, N. 1003, Apto 311, BL 4",PAU AMARELO,"Apartamento, 62.29 de área total, 43.39 de área privativa, 0.00 de área do terreno,  2 qto(s), a.serv, WC, 1 sala(s), cozinha, 1 vaga(s) de garagem.",82550.28,141000.0,41.46,Venda Direta Online,,PAULISTA,PE,Não
8787701663387,"RUA BRAZ MARQUES PINHO SEABRA, N. 67, Apto 703, PAV 7 BL C",CENTRO,"Apartamento, 74.81 de área total, 45.08 de área privativa, 0.00 de área do terreno,  2 qto(s), WC, 1 sala(s), cozinha.",84892.14,145000.0,41.46,Licitação Aberta,,PAULISTA,PE,Não
8444418700959,"RUA ITAPOA, N. 670, Apto 01, LT 68 QD G",NOSSA SENHORA DO O,"Apartamento, 54.86 de área total, 54.86 de área privativa, 0.00 de área do terreno,  2 qto(s), a.serv, WC, 1 sala(s), cozinha, Terraco, 1 vaga(s) de garagem.",88990.38,152000.0,41.46,Licitação Aberta,,PAULISTA,PE,Não
8555512746713,"RUA JOSE GERALDO CASTRO PAES, N. 795, CS 3",NOSSA SENHORA DO O,"Casa, 47.04 de área total, 47.04 de área privativa, 93.75 de área do terreno,  2 qto(s), a.serv, WC, 1 sala(s), cozinha, Terraco, 1 vaga(s) de garagem.",87819.45,150000.0,41.46,Venda Direta Online,,PAULISTA,PE,Não
8444418987735,"RUA NELSON MEDEIROS DE LIMA, N. 112, CS 101",NOSSA SENHORA DA CONCEICAO,"Casa, 65.60 de área total, 60.17 de área privativa, 360.00 de área do terreno,  3 qto(s), WC, 1 sala(s), cozinha, 1 vaga(s) de garagem.",88990.38,152000.0,41.46,Venda Direta Online,,PAULISTA,PE,Não
8444419864963,"RUA BARRA LONGA, N. 55, Apto 2, QD F, LT 5",NOSSA SENHORA DA CONCEICAO,"Apartamento, 48.32 de área total, 48.32 de área privativa, 0.00 de área do terreno,  2 qto(s), a.serv, WC, 1 sala(s), cozinha, Terraco, 1 vaga(s) de garagem.",87819.45,150000.0,41.46,Venda Direta Online,,PAULISTA,PE,Não
8444402381026,"RUA JOSE FRANCISCO DE SANTANA, N. 1597, CS 02 LT 11 QD B-18",JANGA,"Casa, 63.36 de área total, 63.36 de área privativa, 462.15 de área do terreno,  3 qto(s), a.serv, WC, 1 sala(s), cozinha, Terraco, 1 vaga(s) de garagem.",98370.7,166000.0,40.75,Venda Online,,PAULISTA,PE,Não
8787709394300,"RUA JOAO ALFREDO, N. 934, Apto 303, BL C",JANGA,"Apartamento, 76.15 de área total, 40.95 de área privativa, 0.00 de área do terreno,  2 qto(s), WC, 1 sala(s), cozinha, 1 vaga(s) de garagem.",93037.35,157000.0,40.75,Licitação Aberta,,PAULISTA,PE,Não
8787705945182,"RUA CAMPO DE POUSO, N. 216, Apto 403, BL 15",MARANGUAPE I,"Apartamento, 95.57 de área total, 41.79 de área privativa, 0.00 de área do terreno,  2 qto(s), a.serv, WC, 1 sala(s), cozinha, 1 vaga(s) de garagem.",96581.66,162981.0,40.75,Venda Direta Online,,PAULISTA,PE,Não
8787709577331,"RUA MARIA EMILIA BOECKMANN, N. 1017, Apto 204, BLOCO 09 - 1 PAVIMENTO ELEVADO",MARANGUAPE I,"Apartamento, 80.19 de área total, 41.79 de área privativa, 0.00 de área do terreno,  2 qto(s), WC, 1 sala(s), cozinha, 1 vaga(s) de garagem.",94815.14,160000.0,40.75,Venda Direta Online,,PAULISTA,PE,Não
8787718667917,"RUA MARIA EMILIA BOECKMANN, N. 717, Apto 203, BL 12",MARANGUAPE I,"Apartamento, 79.42 de área total, 41.80 de área privativa, 0.00 de área do terreno,  2 qto(s), a.serv, WC, 1 sala(s), cozinha, 1 vaga(s) de garagem.",97778.11,165000.0,40.75,Venda Direta Online,,PAULISTA,PE,Não
8444412875820,"RUA TRACUNHAEM, N. 305, Apto 306, QD10,BL03,CHAC10-A LOT NOSSA SENHORA D",PAU AMARELO,"Apartamento, 72.47 de área total, 44.15 de área privativa, 0.00 de área do terreno,  2 qto(s), WC, 1 sala(s), cozinha.",100741.08,170000.0,40.75,Venda Direta Online,,PAULISTA,PE,Não
8444425180140,"RUA JOSE RAMOS DE VASCONCELOS, N. 575, Apto 102, LT 17 QD AN",PAU AMARELO,"Apartamento, 53.15 de área total, 50.00 de área privativa, 0.00 de área do terreno,  2 qto(s), varanda, a.serv, WC, 1 sala(s), cozinha, 1 vaga(s) de garagem.",100741.08,170000.0,40.75,Venda Online,,PAULISTA,PE,Não
8444437762182,"RUA MARROCOS, N. 342, Apto 107, PV SUPERIOR",PAU AMARELO,"Apartamento, 53.29 de área total, 46.38 de área privativa, 0.00 de área do terreno,  2 qto(s), a.serv, WC, 1 sala(s), cozinha, 1 vaga(s) de garagem.",105481.84,178000.0,40.75,Venda Direta Online,,PAULISTA,PE,Não
8555533615758,"RUA SAO JOSE DO EGITO, N. 1003, Apto 301, BL 02",PAU AMARELO,"Apartamento, 69.91 de área total, 48.70 de área privativa, 0.00 de área do terreno,  2 qto(s), a.serv, WC, 1 sala(s), cozinha, 1 vaga(s) de garagem.",101333.68,171000.0,40.75,Venda Direta Online,,PAULISTA,PE,Não
8787714602667,"RUA MANOEL CHAVES DA COSTA FIGUEIROA, N. 1180, Apto 205, BL 01",PAU AMARELO,"Apartamento, 0.00 de área total, 45.87 de área privativa, 0.00 de área do terreno,  2 qto(s), varanda, a.serv, WC, 1 sala(s), cozinha, 1 vaga(s) de garagem.",103292.79,174306.0,40.75,Venda Direta Online,,PAULISTA,PE,Não
8787715305518,"RUA MANOEL CHAVES DA COSTA FIGUEIROA, N. 1180, Apto 208, BL 02",PAU AMARELO,"Apartamento, 55.20 de área total, 45.87 de área privativa, 0.00 de área do terreno,  2 qto(s), varanda, a.serv, WC, 1 sala(s), cozinha, 1 vaga(s) de garagem.",97778.11,165000.0,40.75,Venda Direta Online,,PAULISTA,PE,Não
8787715707020,"RUA MANOEL CHAVES DA COSTA FIGUEIROA, N. 1180, Apto 104, BL 03",PAU AMARELO,"Apartamento, 0.00 de área total, 45.87 de área privativa, 0.00 de área do terreno,  2 qto(s), varanda, a.serv, WC, 1 sala(s), cozinha, 1 vaga(s) de garagem.",103292.79,174306.0,40.75,Venda Direta Online,,PAULISTA,PE,Não
8787716255670,"RUA MANOEL CHAVES DA COSTA FIGUEIROA, N. 1180, Apto 403, BL 3 QD 7 CH 5-A RES VILA PAULISTA",PAU AMARELO,"Apartamento, 55.20 de área total, 45.87 de área privativa, 0.00 de área do terreno,  2 qto(s), varanda, a.serv, WC, 1 sala(s), cozinha, 1 vaga(s) de garagem.",106667.03,180000.0,40.75,Venda Direta Online,,PAULISTA,PE,Não
8444423898176,"RUA CHINA, N. 142, Apto 101, LT 11 QD Q",NOSSA SENHORA DO O,"Apartamento, 55.80 de área total, 55.80 de área privativa, 0.00 de área do terreno,  2 qto(s), varanda, a.serv, WC, 1 sala(s), cozinha, 1 vaga(s) de garagem.",105813.69,178560.0,40.75,Venda Direta Online,,PAULISTA,PE,Não
8444431957909,"RUA NEPAL, N. 238, CASA05, LT10 QDM",NOSSA SENHORA DO O,"Casa, 72.25 de área total, 72.25 de área privativa, 600.00 de área do terreno,  2 qto(s), a.serv, WC, 1 sala(s), cozinha, Terraco, 1 vaga(s) de garagem.",100148.49,169000.0,40.75,Venda Direta Online,,PAULISTA,PE,Não
8444412283663,"RUA GUIANA, N. 31, Apto 103,",NOSSA SENHORA DA CONCEICAO,"Apartamento, 67.41 de área total, 58.50 de área privativa, 0.00 de área do terreno,  2 qto(s), varanda, a.serv, WC, 1 sala(s), cozinha, 1 vaga(s) de garagem.",97778.11,165000.0,40.75,Licitação Aberta,,PAULISTA,PE,Não
8444416291342,"RUA COIMBRA, N. 393, CS 04 LT 7 A1",NOSSA SENHORA DA CONCEICAO,"Casa, 50.85 de área total, 50.85 de área privativa, 360.00 de área do terreno,  3 qto(s), a.serv, WC, 1 sala(s), cozinha, Terraco, 1 vaga(s) de garagem.",94815.14,160000.0,40.75,Venda Online,,PAULISTA,PE,Não
8444416326740,"RUA PROFESSOR JOSE COPERTINO DE OLIVEIRA, N. 114, CS 103",NOSSA SENHORA DA CONCEICAO,"Casa, 51.50 de área total, 51.50 de área privativa, 360.00 de área do terreno,  2 qto(s), varanda, a.serv, WC, 1 sala(s), cozinha, 1 vaga(s) de garagem.",99555.89,168000.0,40.75,Licitação Aberta,,PAULISTA,PE,Não
8444416934596,"RUA PROFESSOR JOSE CUPERTINO DE OLIVEIRA, N. 880, 02, B-2917",NOSSA SENHORA DA CONCEICAO,"Casa, 50.55 de área total, 50.55 de área privativa, 360.00 de área do terreno,  3 qto(s), a.serv, WC, 1 sala(s), cozinha, Terraco.",97185.51,164000.0,40.75,Venda Direta Online,,PAULISTA,PE,Não
8787713426172,"AVENIDA NAPOLES, N. 345, Apto 303, PAV2 BL11",FRAGOSO,"Apartamento, 58.29 de área total, 38.40 de área privativa, 0.00 de área do terreno,  2 qto(s), WC, 1 sala(s), cozinha, 1 vaga(s) de garagem.",94222.54,159000.0,40.75,Venda Direta Online,,PAULISTA,PE,Não
8787715375494,"AVENIDA NAPOLES, N. 345, Apto 303, BL 18",FRAGOSO,"Apartamento, 58.29 de área total, 38.40 de área privativa, 0.00 de área do terreno,  2 qto(s), a.serv, WC, 1 sala(s), cozinha, 1 vaga(s) de garagem.",101926.27,172000.0,40.75,Venda Direta Online,,PAULISTA,PE,Não
8787716117723,"AVENIDA NAPOLES, N. 345, Apto 403, BL 02",FRAGOSO,"Apartamento, 50.00 de área total, 43.14 de área privativa, 0.00 de área do terreno,  2 qto(s), WC, 1 sala(s), cozinha, 1 vaga(s) de garagem.",100741.08,170000.0,40.75,Venda Direta Online,,PAULISTA,PE,Não
8787716319890,"AVENIDA NAPOLES, N. 345, Apto 302, BL 02",FRAGOSO,"Apartamento, 50.00 de área total, 43.14 de área privativa, 0.00 de área do terreno,  2 qto(s), WC, 1 sala(s), cozinha, 1 vaga(s) de garagem.",100741.08,170000.0,40.75,Venda Online,,PAULISTA,PE,Não
8444420112325,"VIA LOCAL 10, N. 488,  CS 101 QD M LT 17 LTMT NOVA AURORA",JAGUARIBE,"Casa, 52.60 de área total, 49.51 de área privativa, 200.00 de área do terreno,  2 qto(s), varanda, a.serv, WC, 1 sala(s), cozinha, 1 vaga(s) de garagem.",92402.97,155929.49,40.75,Venda Direta Online,,PAULISTA,PE,Não
8444436341043,"VIA LOCAL 20, N. 145, Apto 101, QD J1 PV SUPERIOR",JAGUARIBE,"Apartamento, 51.64 de área total, 51.64 de área privativa, 0.00 de área do terreno,  2 qto(s), varanda, a.serv, WC, 1 sala(s), cozinha, Terraco, 1 vaga(s) de garagem.",97757.85,164965.82,40.75,Venda Direta Online,,PAULISTA,PE,Não
1158200001292,"AVENIDA DOUTOR CLAUDIO JOSE GUEIROS LEIT, N. 6800, LT 9  QD B",PRAIA NOSSA SRA DO O,"Casa, 0.00 de área total, 210.50 de área privativa, 282.00 de área do terreno,  5 qto(s), WC, 1 sala(s), cozinha.",300000.0,500000.0,40.0,Leilão SFI - Edital Único,,PAULISTA,PE,Não
8444423767110,"RUA LIMOEIRO, N. 296, Apto 101, PVMT SUP LT 34 QD I LOT SAO PAULO",JANGA,"Apartamento, 60.92 de área total, 57.92 de área privativa, 0.00 de área do terreno,  3 qto(s), varanda, a.serv, WC, 1 sala(s), cozinha, 1 vaga(s) de garagem.",115261.65,190700.0,39.56,Venda Direta Online,,PAULISTA,PE,Não
8444410947327,"RUA ISRAEL CARMO DO NASCIMENTO, N. 307, Apto 02, LT 16 QD 24",MARANGUAPE II,"Apartamento, 51.82 de área total, 51.82 de área privativa, 0.00 de área do terreno,  2 qto(s), a.serv, WC, 1 sala(s), cozinha, Terraco, 1 vaga(s) de garagem.",114838.57,190000.0,39.56,Venda Online,,PAULISTA,PE,Não
8787704223280,"RUA CAMPO DE POUSO, N. 102, Apto 203, BL 18",MARANGUAPE I,"Apartamento, 41.79 de área total, 41.79 de área privativa, 0.00 de área do terreno,  2 qto(s), a.serv, WC, 1 sala(s), cozinha, 1 vaga(s) de garagem.",115442.98,191000.0,39.56,Venda Direta Online,,PAULISTA,PE,Não
8787705975090,"RUA CAMPO DE POUSO, N. SN, Apto 303, BL 18",MARANGUAPE I,"Apartamento, 47.33 de área total, 41.79 de área privativa, 0.00 de área do terreno,  2 qto(s), WC, 1 sala(s), cozinha, 1 vaga(s) de garagem.",111212.08,184000.0,39.56,Venda Direta Online,,PAULISTA,PE,Não
8787712524693,"RUA MARIA EMILIA BOECKMANN, N. 793, Apto 403, BL 06",MARANGUAPE I,"Apartamento, 77.88 de área total, 41.79 de área privativa, 0.00 de área do terreno,  2 qto(s), a.serv, WC, 1 sala(s), cozinha, 1 vaga(s) de garagem.",115442.98,191000.0,39.56,Licitação Aberta,,PAULISTA,PE,Não
8787713494283,"RUA MARIA EMILIA BOECKMANN, N. 793, Apto 304, BL 06",MARANGUAPE I,"Apartamento, 77.88 de área total, 41.79 de área privativa, 0.00 de área do terreno,  2 qto(s), a.serv, WC, 1 sala(s), cozinha.",115442.98,191000.0,39.56,Venda Direta Online,,PAULISTA,PE,Não
8787715936127,"AVENIDA ANTONIO CABRAL DE SOUZA, N. 1720, Apto 301, BL 11",MARANGUAPE I,"Apartamento, 0.00 de área total, 40.28 de área privativa, 0.00 de área do terreno,  2 qto(s), a.serv, WC, 1 sala(s), cozinha, 1 vaga(s) de garagem.",114838.57,190000.0,39.56,Venda Direta Online,,PAULISTA,PE,Não
8787702136500,"RUA VEREADOR ANTONIO FERREIRA DA SILVA, N. 0, Apto 303, BL 03, 3º PAV",VILA TORRES GALVAO,"Apartamento, 62.21 de área total, 45.57 de área privativa, 0.00 de área do terreno,  2 qto(s), varanda, a.serv, WC, 1 sala(s), cozinha, 1 vaga(s) de garagem.",120882.7,200000.0,39.56,Venda Direta Online,,PAULISTA,PE,Não
8444435947983,"RUA MARROCOS, N. 82, Apto 02,",PAU AMARELO,"Apartamento, 50.02 de área total, 45.14 de área privativa, 0.00 de área do terreno,  2 qto(s), a.serv, WC, 1 sala(s), cozinha, 1 vaga(s) de garagem.",112723.12,186500.0,39.56,Venda Direta Online,,PAULISTA,PE,Não
8787716700780,"RUA MANOEL CHAVES DA COSTA FIGUEIROA, N. 1180, Apto 202, BL 03, 2 PAV",PAU AMARELO,"Apartamento, 55.20 de área total, 45.87 de área privativa, 0.00 de área do terreno,  2 qto(s), a.serv, WC, 1 sala(s), cozinha, 1 vaga(s) de garagem.",115442.98,191000.0,39.56,Venda Direta Online,,PAULISTA,PE,Não
8787701903299,"RUA VENEZA, N. 110, Apto 002, BL 01",CENTRO,"Apartamento, 98.45 de área total, 52.64 de área privativa, 0.00 de área do terreno,  2 qto(s), WC, 1 sala(s), cozinha, 1 vaga(s) de garagem.",120882.7,200000.0,39.56,Licitação Aberta,,PAULISTA,PE,Não
8787707629555,"RUA PESCADOR JOSE DOS REIS SANTANA, N. 449, Apto 208, BL 03",NOSSA SENHORA DO O,"Apartamento, 62.75 de área total, 46.47 de área privativa, 0.00 de área do terreno,  2 qto(s), varanda, a.serv, WC, 1 sala(s), cozinha, 1 vaga(s) de garagem.",126926.84,210000.0,39.56,Venda Direta Online,,PAULISTA,PE,Não
8787709957720,"RUA PESCADOR JOSE DOS REIS SANTANA, N. 449, Apto 02, BL 4",NOSSA SENHORA DO O,"Apartamento, 46.47 de área total, 46.47 de área privativa, 0.00 de área do terreno,  2 qto(s), a.serv, WC, 1 sala(s), cozinha, 1 vaga(s) de garagem.",114234.15,189000.0,39.56,Venda Direta Online,,PAULISTA,PE,Não
8787711522212,"RUA CAETANOPOLIS, N. 77, Apto 07, TERREO, BLOCO C",NOSSA SENHORA DA CONCEICAO,"Apartamento, 78.13 de área total, 46.52 de área privativa, 0.00 de área do terreno,  2 qto(s), a.serv, WC, 1 sala(s), cozinha, 1 vaga(s) de garagem.",113025.32,187000.0,39.56,Venda Direta Online,,PAULISTA,PE,Não
8787710285535,"AVENIDA NAPOLES, N. 345, Apto 201, BL 01",FRAGOSO,"Apartamento, 56.76 de área total, 38.40 de área privativa, 0.00 de área do terreno,  2 qto(s), a.serv, WC, 1 sala(s), cozinha, 1 vaga(s) de garagem.",117860.63,195000.0,39.56,Venda Direta Online,,PAULISTA,PE,Não
8444429020393,"VIA LOCAL 20, N. 65, Apto 102, QD J1 LT 33 LOT NOVA AURORA",JAGUARIBE,"Apartamento, 50.63 de área total, 47.48 de área privativa, 0.00 de área do terreno,  2 qto(s), varanda, a.serv, WC, 1 sala(s), cozinha, 1 vaga(s) de garagem.",131154.01,216993.84,39.56,Venda Direta Online,,PAULISTA,PE,Não
8444432610783,"VIA LOCAL 1, N. 69, Apto 102, LT 5 QD E",JAGUARIBE,"Apartamento, 70.81 de área total, 57.02 de área privativa, 0.00 de área do terreno,  3 qto(s), a.serv, WC, 1 sala(s), cozinha, 1 vaga(s) de garagem.",120882.7,200000.0,39.56,Venda Direta Online,,PAULISTA,PE,Não
8444404915060,"RUA ITAPETIM, N. 62, QD 05",JANGA,"Casa, 49.22 de área total, 49.22 de área privativa, 720.00 de área do terreno,  2 qto(s), a.serv, WC, 1 sala(s), cozinha, Terraco, 1 vaga(s) de garagem.",92181.39,151000.0,38.96,Venda Direta Online,,PAULISTA,PE,Não
8444405752416,"RUA PROFESSOR PEDRO DE LIMA RAMOS, N. 752, Apto 102, LT 11 QD T",NOSSA SENHORA DO O,"Apartamento, 57.02 de área total, 53.15 de área privativa, 0.00 de área do terreno,  2 qto(s), a.serv, WC, 1 sala(s), cozinha, 1 vaga(s) de garagem.",88518.56,145000.0,38.96,Venda Direta Online,,PAULISTA,PE,Não
1787701746659,"AVENIDA NAPOLES, N. SN, Apto 401, BL 8",FRAGOSO,"Apartamento, 45.26 de área total, 38.40 de área privativa, 0.00 de área do terreno,  2 qto(s), WC, 1 sala(s), cozinha, 1 vaga(s) de garagem.",92791.87,152000.0,38.96,Venda Direta Online,,PAULISTA,PE,Não
8787704786374,"AVENIDA ANTONIO CABRAL DE SOUZA, N. 350, Apto 604, BL 25 PAV 06 GLEBA 05-1",VILA TORRES GALVAO,"Apartamento, 91.90 de área total, 54.56 de área privativa, 0.00 de área do terreno,  2 qto(s), WC, 1 sala(s), cozinha, 1 vaga(s) de garagem.",146953.08,240000.0,38.77,Venda Direta Online,,PAULISTA,PE,Não
8004700004234,"RUA MEDICO ARLINDO LEITE, N. 161, Apto 301, PV 03 QD C-2 LT II",JANGA,"Apartamento, 77.14 de área total, 71.08 de área privativa, 0.00 de área do terreno,  2 qto(s), a.serv, WC, WC Emp, 1 sala(s), DCE, cozinha.",104992.75,170000.0,38.24,Venda Direta Online,,PAULISTA,PE,Não
8444404988963,"RUA MARIA DO CARMO MONTENEGRO, N. SN, Apto 102, QD G LT 89-A LOT SÍTIO BELA ESPERANÇA",JANGA,"Apartamento, 77.19 de área total, 61.07 de área privativa, 0.00 de área do terreno,  3 qto(s), a.serv, WC, 1 sala(s), cozinha.",104992.75,170000.0,38.24,Venda Direta Online,,PAULISTA,PE,Não
8444417603810,"AVENIDA ANTONIO CABRAL DE SOUZA, N. 3298, CS 103",MARANGUAPE II,"Casa, 63.31 de área total, 49.16 de área privativa, 64.38 de área do terreno,  2 qto(s), varanda, a.serv, WC, 1 sala(s), cozinha, 1 vaga(s) de garagem.",107783.08,174518.0,38.24,Venda Direta Online,,PAULISTA,PE,Não
1787700547024,"RUA PESCADOR JOSE DOS REIS SANTANA, N. 449, Apto 008, BL 01 LT 6A QD M",NOSSA SENHORA DO O,"Apartamento, 62.75 de área total, 46.47 de área privativa, 0.00 de área do terreno,  2 qto(s), a.serv, WC, 1 sala(s), cozinha, 1 vaga(s) de garagem.",105167.56,170283.05,38.24,Venda Online,,PAULISTA,PE,Não
1444413622838,"RUA SEVERINO MARQUES DIAS, N. 597, Apto 201, LT 20, QD 36",JANGA,"Apartamento, 126.03 de área total, 126.03 de área privativa, 0.00 de área do terreno,  2 qto(s), a.serv, WC, 1 sala(s), DCE, cozinha.",138473.13,220000.0,37.06,Venda Direta Online,,PAULISTA,PE,Sim
8444412437970,"RUA GLORIA DO GOITA, N. 527, Apto 101,",JANGA,"Apartamento, 66.88 de área total, 66.88 de área privativa, 0.00 de área do terreno,  3 qto(s), a.serv, WC, 1 sala(s), cozinha, 1 vaga(s) de garagem.",125969.0,200134.0,37.06,Venda Direta Online,,PAULISTA,PE,Não
1787701823521,"RUA MARIA DOLORES DE PINHO SEABRA, N. 636, Apto 605, N 1A QD Y BL 3 VG 188",PAU AMARELO,"Apartamento, 68.88 de área total, 43.00 de área privativa, 0.00 de área do terreno,  2 qto(s), a.serv, WC, 1 sala(s), cozinha, 1 vaga(s) de garagem.",141620.24,225000.0,37.06,Licitação Aberta,,PAULISTA,PE,Não
1787701928226,"RUA MARIA DOLORES DE PINHO SEABRA, N. 636, Apto 604, BL 03 TRR FORTE ORANGE",PAU AMARELO,"Apartamento, 62.55 de área total, 46.00 de área privativa, 0.00 de área do terreno,  2 qto(s), a.serv, WC, 1 sala(s), cozinha, 1 vaga(s) de garagem.",142249.67,226000.0,37.06,Venda Direta Online,,PAULISTA,PE,Não
8444408687178,"RUA VENEZA, N. 105, Apto 603, BL07",CENTRO,"Apartamento, 65.47 de área total, 44.70 de área privativa, 0.00 de área do terreno,  2 qto(s), a.serv, WC, 1 sala(s), cozinha, 1 vaga(s) de garagem.",144767.36,230000.0,37.06,Licitação Aberta,,PAULISTA,PE,Não
8444413250254,"RUA CANOAS, N. 375, Apto 203, BL 13",ARTUR LUNDGREN I,"Apartamento, 58.04 de área total, 44.70 de área privativa, 0.00 de área do terreno,  2 qto(s), a.serv, WC, 1 sala(s), cozinha, 1 vaga(s) de garagem.",172074.86,270000.0,36.27,Venda Direta Online,,PAULISTA,PE,Sim
8444410304221,"RUA SOLMAR, N. 1178, LT 16 QD D",JANGA,"Casa, 58.57 de área total, 58.57 de área privativa, 534.00 de área do terreno,  3 qto(s), a.serv, WC, 1 sala(s), cozinha, Terraco, 1 vaga(s) de garagem.",175000.0,175000.0,0.0,Leilão SFI - Edital Único,,PAULISTA,PE,Não
8787705797469,"RUA CAMPO DE POUSO, N. 216, Apto 304, BL 15",MARANGUAPE I,"Apartamento, 47.33 de área total, 41.79 de área privativa, 0.00 de área do terreno,  2 qto(s), a.serv, WC, 1 sala(s), cozinha, 1 vaga(s) de garagem.",192000.0,192000.0,0.0,Leilão SFI - Edital Único,,PAULISTA,PE,Não
8787712806419,"RUA MARIA EMILIA BOECKMANN, N. 793, Apto 304, PAV 03 BL 07",MARANGUAPE I,"Apartamento, 77.88 de área total, 41.79 de área privativa, 0.00 de área do terreno,  2 qto(s), a.serv, WC, 1 sala(s), cozinha.",138000.0,138000.0,0.0,Leilão SFI - Edital Único,,PAULISTA,PE,Não
8787716969355,"VIA LOCAL E, N. 76, Apto 301, BL B",CENTRO,"Apartamento, 70.26 de área total, 45.46 de área privativa, 0.00 de área do terreno,  2 qto(s), a.serv, WC, 1 sala(s), cozinha, 1 vaga(s) de garagem.",220000.0,220000.0,0.0,Leilão SFI - Edital Único,,PAULISTA,PE,Não
8444408468549,"RUA NEPAL, N. 254, Apto 03, LT 10, QD W",NOSSA SENHORA DO O,"Apartamento, 0.00 de área total, 54.21 de área privativa, 0.00 de área do terreno,  2 qto(s), a.serv, WC, 1 sala(s), cozinha, 1 vaga(s) de garagem.",162627.79,162627.79,0.0,Venda Direta Online,,PAULISTA,PE,Não
8444428206566,"VIA LOCAL 17, N. 143, Apto 01, TERREO LT 34 QD L1",JAGUARIBE,"Apartamento, 52.86 de área total, 52.86 de área privativa, 0.00 de área do terreno,  2 qto(s), a.serv, WC, 1 sala(s), cozinha, 1 vaga(s) de garagem.",182000.0,182000.0,0.0,Leilão SFI - Edital Único,,PAULISTA,PE,Não
8444422666964,"RUA REPUBLICA CENTRO AFRICANA, N. 249, CS 06 LT 10 QD O LOT COSTA AZUL",PAU AMARELO,"Casa, 55.21 de área total, 55.21 de área privativa, 360.00 de área do terreno,  2 qto(s), varanda, a.serv, WC, 1 sala(s), 1 lavabo(s), cozinha, 1 vaga(s) de garagem.",170000.0,168000.0,0.0,Leilão SFI - Edital Único,,PAULISTA,PE,Não
8444414965249,"RUA CANTOR ANTONIO MARCOS, N. 132, CS 02 LT 13 QD XXVII",JAGUARANA,"Casa, 43.82 de área total, 43.82 de área privativa, 200.00 de área do terreno,  2 qto(s), a.serv, WC, 1 sala(s), cozinha, Terraco, 1 vaga(s) de garagem.",140000.0,134000.0,0.0,Leilão SFI - Edital Único,,PAULISTA,PE,Não
8444434189740,"RUA RUANDA, N. 106, CS 01",PAU AMARELO,"Casa, 49.95 de área total, 49.95 de área privativa, 360.00 de área do terreno,  2 qto(s), a.serv, WC, 1 sala(s), cozinha, Terraco, 1 vaga(s) de garagem.",170000.0,160000.0,0.0,Leilão SFI - Edital Único,,PAULISTA,PE,Não
1444405357675,"RUA ALCINO FERREIRA DA PAZ, N. 169, CS 26 LT 1A QD C",JANGA,"Casa, 87.61 de área total, 87.61 de área privativa, 110.91 de área do terreno,  3 qto(s), a.serv, WC, 1 sala(s), cozinha, Terraco.",200272.0,187000.0,0.0,Leilão SFI - Edital Único,,PAULISTA,PE,Não
8787707701884,"RUA MARIA EMILIA BOECKMANN, N. 1017, Apto 401, PAVIMENTO 3 BL 7",MARANGUAPE I,"Apartamento, 80.19 de área total, 41.79 de área privativa, 0.00 de área do terreno,  2 qto(s), a.serv, WC, 1 sala(s), cozinha, 1 vaga(s) de garagem.",165000.0,145000.0,0.0,Leilão SFI - Edital Único,,PAULISTA,PE,Não
8787708205430,"RUA PESCADOR JOSE DOS REIS SANTANA, N. SN, Apto 205, LT 6A BL 03",NOSSA SENHORA DO O,"Apartamento, 62.30 de área total, 46.14 de área privativa, 0.00 de área do terreno,  2 qto(s), varanda, a.serv, WC, 1 sala(s), cozinha, 1 vaga(s) de garagem.",220000.0,163899.37,0.0,Leilão SFI - Edital Único,,PAULISTA,PE,Não
8444425173845,"AVENIDA DOUTOR CLAUDIO JOSE GUEIROS LEIT, N. 11105, Apto 02, TERREO",MARIA FARINHA,"Apartamento, 49.60 de área total, 49.60 de área privativa, 0.00 de área do terreno,  2 qto(s), a.serv, WC, 1 sala(s), cozinha, Terraco, 1 vaga(s) de garagem.",240000.0,174000.0,0.0,Leilão SFI - Edital Único,,PAULISTA,PE,Não
8787706891094,"AVENIDA ANTONIO CABRAL DE SOUZA, N. 1770, Apto 402, PAVIMENTO 3 BL 9",MARANGUAPE I,"Apartamento, 59.34 de área total, 40.28 de área privativa, 0.00 de área do terreno,  2 qto(s), a.serv, WC, 1 sala(s), cozinha, 1 vaga(s) de garagem.",260000.0,185000.0,0.0,Leilão SFI - Edital Único,,PAULISTA,PE,Não
8444437792324,"RUA PEDRA, N. 35, Apto AP 10,",JANGA,"Apartamento, 67.39 de área total, 64.06 de área privativa, 0.00 de área do terreno,  2 qto(s), WC, 1 sala(s), cozinha, 1 vaga(s) de garagem.",260000.0,178000.0,0.0,Leilão SFI - Edital Único,,PAULISTA,PE,Não
1444421814180,"RUA DO VATAPA, N. 36, CS 36, LT 04, QD 03",AREIA BRANCA,"Casa, 260.00 de área total, 44.05 de área privativa, 117.46 de área do terreno,  2 qto(s), a.serv, WC, WC Emp, 1 sala(s), DCE, cozinha, Terraco.",494585.43,900000.0,45.05,Venda Direta Online,,PETROLINA,PE,Sim
1444418687040,"RUA DOS IMIGRANTES, N. 207, LT15 QD 66 LOT VILA EDUARDO",VILA EDUARDO,"Casa, 237.50 de área total, 231.74 de área privativa, 237.50 de área do terreno,  3 qto(s), a.serv, WC, 6 sala(s), cozinha, 1 vaga(s) de garagem.",598692.61,1060000.0,43.52,Venda Online,,PETROLINA,PE,Sim
8555532133580,"RUA NOVE, N. 1310, Apto 104, BL 03 LOTES 01 A 10 QD A LOT HORIZONTE",JATOBA,"Apartamento, 79.94 de área total, 79.53 de área privativa, 0.00 de área do terreno,  2 qto(s), varanda, a.serv, WC, 1 sala(s), cozinha, Terraco, 1 vaga(s) de garagem.",369687.52,369687.52,0.0,Leilão SFI - Edital Único,,PETROLINA,PE,Não
8444410085783,"RUA PROJETADA 01, N. 281, 0  A03",DOM AVELAR,"Casa, 96.00 de área total, 96.00 de área privativa, 200.00 de área do terreno,  3 qto(s), varanda, a.serv, WC, 1 sala(s), cozinha, 1 vaga(s) de garagem.",230000.0,230000.0,0.0,Leilão SFI - Edital Único,,PETROLINA,PE,Não
8444410670198,"RUA DA CASSITERITA, N. 12,",DOM AVELAR,"Casa, 69.43 de área total, 69.43 de área privativa, 100.00 de área do terreno,  2 qto(s), a.serv, WC, 1 sala(s), cozinha, Terraco, 1 vaga(s) de garagem.",226000.0,226000.0,0.0,Leilão SFI - Edital Único,,PETROLINA,PE,Não
8444430899964,"RUA CINCO, N. 381, LT 50 QD M",TOPAZIO,"Casa, 73.58 de área total, 73.58 de área privativa, 128.00 de área do terreno,  3 qto(s), a.serv, WC, 1 sala(s), cozinha.",257621.8,250000.0,0.0,Leilão SFI - Edital Único,,PETROLINA,PE,Não
8444410130371,"RUA DR IVO QUEIROZ, N. 160, CASA 160 QUADRA A LOTE 17A2",POMBOS,"Casa, 109.38 de área total, 109.38 de área privativa, 160.00 de área do terreno,  3 qto(s), varanda, a.serv, WC, 2 sala(s), cozinha, 1 vaga(s) de garagem.",107733.7,181800.0,40.75,Licitação Aberta,,POMBOS,PE,Não
1444409181849,"AVENIDA JOSÉ JOAQUIM DA SILVA FILHO, N. SN, LT 17 QD D",Lot São Francisco,"Comercial, 0.00 de área total, 56.16 de área privativa, 132.00 de área do terreno.",85160.96,139500.0,38.96,Licitação Aberta,,POMBOS,PE,Não
1444409788026,"RUA B, N. 36, LOTE 04C QUADRA A  CASA 36",NOSSA SENHORA DO CARMO,"Casa, 69.80 de área total, 69.80 de área privativa, 80.00 de área do terreno,  2 qto(s), a.serv, WC, 1 sala(s), cozinha, Terraco, 1 vaga(s) de garagem.",96963.89,157000.0,38.24,Licitação Aberta,,POMBOS,PE,Não
1444408595640,"RUA E, N. 160, CASA 160 A LOTE 17 A2 QUADRA A",POMBOS,"Casa, 112.71 de área total, 112.71 de área privativa, 160.00 de área do terreno,  2 qto(s), a.serv, WC, 1 sala(s), cozinha, Terraco, 1 vaga(s) de garagem.",119590.43,190000.0,37.06,Licitação Aberta,,POMBOS,PE,Não
1444408766541,"RUA C, N. 24, CASA 24 LOTE 03B QUADRA C",POMBOS,"Casa, 0.00 de área total, 103.40 de área privativa, 180.00 de área do terreno,  3 qto(s), WC, 1 sala(s), cozinha, 1 vaga(s) de garagem.",125884.66,200000.0,37.06,Licitação Aberta,,POMBOS,PE,Não
1444405343186,"RUA ANTONIO DOS PASSOS, N. 315, Apto 301",BOA VIAGEM,"Apartamento, 0.00 de área total, 141.80 de área privativa, 0.00 de área do terreno,  2 qto(s), a.serv, WC, 1 sala(s), DCE, cozinha.",299724.88,595000.0,49.63,Venda Direta Online,,RECIFE,PE,Sim
1555514948595,"RUA MAJOR JOAO RIBEIRO PINHEIRO, N. 210, Apto 408, BL C TIPO F 3D",VARZEA,"Apartamento, 0.00 de área total, 55.76 de área privativa, 0.00 de área do terreno,  3 qto(s), a.serv, WC, 1 sala(s), cozinha.",171819.93,337000.0,49.02,Venda Online,,RECIFE,PE,Sim
8444431589535,"RUA AMARO BEZERRA, N. 652, Apto 1302,",DERBY,"Apartamento, 210.15 de área total, 58.62 de área privativa, 0.00 de área do terreno,  3 qto(s), varanda, a.serv, WC, WC Emp, 1 sala(s), DCE, cozinha, 1 vaga(s) de garagem.",475565.26,842000.0,43.52,Venda Online,,RECIFE,PE,Sim
8787717748808,"AVENIDA DA RECUPERACAO, N. 6171, Apto 403, BL 03, LT 17-A",GUABIRABA,"Apartamento, 162.45 de área total, 41.79 de área privativa, 0.00 de área do terreno,  2 qto(s), WC, 1 sala(s), cozinha.",88478.1,155000.0,42.92,Venda Online,,RECIFE,PE,Não
1444406621686,"RUA DESEMBARGADOR DIRCEU BORGES, N. 157,",AFOGADOS,"Casa, 0.00 de área total, 166.37 de área privativa, 264.00 de área do terreno,  3 qto(s), WC, 1 sala(s), cozinha, Terraco.",235168.97,410000.0,42.65,Venda Online,,RECIFE,PE,Não
8787717382382,"AVENIDA DA RECUPERACAO, N. 6171, Apto 301, BL 04",GUABIRABA,"Apartamento, 162.45 de área total, 41.79 de área privativa, 0.00 de área do terreno,  2 qto(s), WC, 1 sala(s), cozinha, 1 vaga(s) de garagem.",101111.45,175000.0,42.23,Venda Online,,RECIFE,PE,Não
8787704882438,"ESTRADA DA MUMBECA, N. SN, Apto 302, BLOCO 6, 2º PAVIMENTO",GUABIRABA,"Apartamento, 60.50 de área total, 41.79 de área privativa, 0.00 de área do terreno,  2 qto(s), WC, 1 sala(s), cozinha.",78201.87,135000.0,42.08,Venda Direta Online,,RECIFE,PE,Não
8787714018019,"RUA FRANCISCO LEOPOLDINO, N. 633, Apto 503, BL K",VARZEA,"Apartamento, 0.00 de área total, 37.40 de área privativa, 0.00 de área do terreno,  2 qto(s), a.serv, WC, 1 sala(s), cozinha, 1 vaga(s) de garagem.",87819.45,150000.0,41.46,Licitação Aberta,,RECIFE,PE,Não
8787717558286,"AVENIDA DA RECUPERAÇÃO, N. 6171, Apto 401, BL 04",GUABIRABA,"Apartamento, 0.00 de área total, 41.79 de área privativa, 0.00 de área do terreno,  2 qto(s), WC, 1 sala(s), cozinha.",90746.77,155000.0,41.46,Venda Direta Online,,RECIFE,PE,Não
8787717206355,"AVENIDA DA RECUPERACAO, N. 6171, Apto 401, BL 01",GUABIRABA,"Apartamento, 162.45 de área total, 41.79 de área privativa, 0.00 de área do terreno,  2 qto(s), WC, 1 sala(s), cozinha.",104829.98,176900.0,40.75,Venda Direta Online,,RECIFE,PE,Não
8444409172252,"RUA RIO PAJEU, N. 482, Apto 204, BLOCO A1",IBURA,"Apartamento, 0.00 de área total, 47.52 de área privativa, 0.00 de área do terreno,  2 qto(s), WC, 1 sala(s), cozinha.",78556.78,130000.0,39.58,Licitação Aberta,,RECIFE,PE,Não
8444417296720,"RUA MANOEL BERNARDES, N. 282, Apto 1803, VG 130 E 131",MADALENA,"Apartamento, 147.70 de área total, 79.40 de área privativa, 0.00 de área do terreno,  3 qto(s), varanda, a.serv, WC, WC Emp, 1 sala(s), cozinha, 2 vaga(s) de garagem.",326304.92,512000.0,36.27,Licitação Aberta,,RECIFE,PE,Sim
1787702326300,"AVENIDA LIBERDADE, N. SN, Apto 102, TORREB",JARDIM SAO PAULO,"Apartamento, 111.68 de área total, 60.26 de área privativa, 0.00 de área do terreno,  3 qto(s), WC, 1 sala(s), cozinha, 1 vaga(s) de garagem.",245366.01,385000.0,36.27,Licitação Aberta,,RECIFE,PE,Não
1444417021030,"RUA NOSSA SENHORA DA POMPEIA, N. 65, Apto 3002,",ENCRUZILHADA,"Apartamento, 233.00 de área total, 149.32 de área privativa, 0.00 de área do terreno,  4 qto(s), varanda, a.serv, WC, 2 sala(s), cozinha, 2 vaga(s) de garagem.",1406800.0,1406800.0,0.0,Leilão SFI - Edital Único,,RECIFE,PE,Não
1444403968456,"RUA OUREM, N. 175, Apto 201, BL 6 - 2º PAV - ED. JACOBINA",SAN MARTIN,"Apartamento, 0.00 de área total, 68.80 de área privativa, 0.00 de área do terreno,  3 qto(s), varanda, a.serv, WC, 1 sala(s), cozinha, 1 vaga(s) de garagem.",335000.0,335000.0,0.0,Leilão SFI - Edital Único,,RECIFE,PE,Sim
1444419372558,"RUA DOMINGOS TEOTONIO, N. 38, Apto 602, BL  D",BARRO,"Apartamento, 82.92 de área total, 61.25 de área privativa, 0.00 de área do terreno,  3 qto(s), a.serv, WC, 1 sala(s), cozinha, 1 vaga(s) de garagem.",253000.0,253000.0,0.0,Leilão SFI - Edital Único,,RECIFE,PE,Não
1444417036992,"AVENIDA RECIFE, N. 1321, QD 74",CURADO,"Terreno, 0.00 de área total, 0.00 de área privativa, 540.00 de área do terreno.",830000.0,830000.0,0.0,Leilão SFI - Edital Único,,RECIFE,PE,Não
8787717804694,"AVENIDA DA RECUPERACAO, N. 6171, Apto 101, BL 04",GUABIRABA,"Apartamento, 162.45 de área total, 41.79 de área privativa, 0.00 de área do terreno,  2 qto(s), WC, 1 sala(s), cozinha.",185000.0,185000.0,0.0,Leilão SFI - Edital Único,,RECIFE,PE,Não
8787718865808,"AVENIDA DA RECUPERACAO, N. 6171, Apto 203, BL 12",GUABIRABA,"Apartamento, 162.45 de área total, 41.79 de área privativa, 0.00 de área do terreno,  2 qto(s), WC, 1 sala(s), cozinha.",186262.69,185000.0,0.0,Leilão SFI - Edital Único,,RECIFE,PE,Não
8787722269360,"AVENIDA DA RECUPERACAO, N. 6171, Apto 402, BL 09 LT 17B",GUABIRABA,"Apartamento, 162.45 de área total, 41.79 de área privativa, 0.00 de área do terreno,  2 qto(s), WC, 1 sala(s), cozinha.",194341.2,185927.57,0.0,Leilão SFI - Edital Único,,RECIFE,PE,Não
8787704104958,"RUA QUEIRA DEUS, N. 178, Apto 04, BL 01",TEJIPIO,"Apartamento, 69.98 de área total, 41.80 de área privativa, 0.00 de área do terreno,  2 qto(s), WC, 1 sala(s), cozinha, 1 vaga(s) de garagem.",145965.97,139600.0,0.0,Leilão SFI - Edital Único,,RECIFE,PE,Não
8787719945562,"AVENIDA DA RECUPERACAO, N. 6171, Apto 301, BL 17",GUABIRABA,"Apartamento, 162.45 de área total, 41.79 de área privativa, 0.00 de área do terreno,  2 qto(s), WC, 1 sala(s), cozinha.",195475.13,185000.0,0.0,Leilão SFI - Edital Único,,RECIFE,PE,Não
8787707653510,"AVENIDA DOUTOR JOSE RUFINO, N. 2887, Apto 02, BL A PAV TERREO",BARRO,"Apartamento, 82.66 de área total, 46.98 de área privativa, 0.00 de área do terreno,  2 qto(s), varanda, WC, 1 sala(s), cozinha, Terraco, 1 vaga(s) de garagem.",250000.0,234500.0,0.0,Leilão SFI - Edital Único,,RECIFE,PE,Não
1787701418546,"RUA GENERAL POLIDORO, N. 320, Apto AP 19, TR B  IPE",VARZEA,"Apartamento, 89.12 de área total, 53.65 de área privativa, 0.00 de área do terreno,  2 qto(s), WC, 1 sala(s), cozinha, 1 vaga(s) de garagem.",400000.0,370000.0,0.0,Leilão SFI - Edital Único,,RECIFE,PE,Não
8787720807216,"AVENIDA DA RECUPERACAO, N. 6171, Apto 401, BL15 LT 17B",GUABIRABA,"Apartamento, 162.45 de área total, 41.79 de área privativa, 0.00 de área do terreno,  2 qto(s), a.serv, WC, 1 sala(s), cozinha.",195615.94,175000.0,0.0,Leilão SFI - Edital Único,,RECIFE,PE,Não
8787720455522,"AVENIDA DA RECUPERACAO, N. 6171, Apto 03, BL 18",GUABIRABA,"Apartamento, 41.79 de área total, 41.79 de área privativa, 0.00 de área do terreno,  2 qto(s), WC, 1 sala(s), cozinha.",195206.77,165000.0,0.0,Leilão SFI - Edital Único,,RECIFE,PE,Não
8787720025986,"AVENIDA DA RECUPERACAO, N. 6171, Apto 04, BL 08 LT 17B",GUABIRABA,"Apartamento, 41.79 de área total, 41.79 de área privativa, 0.00 de área do terreno,  2 qto(s), a.serv, WC, 1 sala(s), cozinha.",195466.03,165000.0,0.0,Leilão SFI - Edital Único,,RECIFE,PE,Não
8787721018932,"AVENIDA DA RECUPERACAO, N. 6171, Apto 402, BL 15 PAV 04 LT 17B",GUABIRABA,"Apartamento, 162.45 de área total, 41.79 de área privativa, 0.00 de área do terreno,  2 qto(s), a.serv, WC, 1 sala(s), cozinha.",195597.08,165000.0,0.0,Leilão SFI - Edital Único,,RECIFE,PE,Não
8787720153763,"AVENIDA DA RECUPERACAO, N. 6171, Apto 201, BL 21 PAV 02 LT 17B",GUABIRABA,"Apartamento, 162.45 de área total, 41.79 de área privativa, 0.00 de área do terreno,  2 qto(s), a.serv, WC, 1 sala(s), cozinha.",195945.22,165000.0,0.0,Leilão SFI - Edital Único,,RECIFE,PE,Não
8787720222994,"AVENIDA DA RECUPERACAO, N. 6171, Apto 404, BL 20 PAV 04 LT 17B",GUABIRABA,"Apartamento, 162.45 de área total, 41.79 de área privativa, 0.00 de área do terreno,  2 qto(s), a.serv, WC, 1 sala(s), cozinha.",195938.06,165000.0,0.0,Leilão SFI - Edital Único,,RECIFE,PE,Não
8158310006327,"RUA ANTONIO NOGUEIRA, N. 85, Apto 703,",VARZEA,"Apartamento, 0.00 de área total, 40.99 de área privativa, 0.00 de área do terreno,  2 qto(s), a.serv, WC, cozinha, 1 vaga(s) de garagem.",260000.0,210000.0,0.0,Leilão SFI - Edital Único,,RECIFE,PE,Não
8444430817640,"RUA BARAO DE SOUZA LEAO, N. 33, QUADRA B",BOA VIAGEM,"Casa, 0.00 de área total, 61.99 de área privativa, 130.80 de área do terreno,  3 qto(s), varanda, a.serv, WC, 1 sala(s), cozinha, 1 vaga(s) de garagem.",185150.0,145000.0,0.0,Leilão SFI - Edital Único,,RECIFE,PE,Não
8787711584544,"RUA DOURADINHA, N. 122, Apto 201, BL A",VASCO DA GAMA,"Apartamento, 79.48 de área total, 41.80 de área privativa, 0.00 de área do terreno,  2 qto(s), a.serv, WC, 1 sala(s), cozinha, 1 vaga(s) de garagem.",181676.03,140000.0,0.0,Leilão SFI - Edital Único,,RECIFE,PE,Não
8444433601753,"RUA DA BRAÚNA, N. SN, LT 14 QD P",SÃO VICENTE DE PAULO,"Terreno, 50.00 de área total, 0.00 de área privativa, 178.00 de área do terreno.",87620.83,164288.51,46.67,Venda Direta Online,,SALGUEIRO,PE,Não
8444421993546,"RUA 07, N. 128, LT 40 QD O",NOSSA SENHORA DE FAT,"Casa, 55.33 de área total, 55.33 de área privativa, 160.00 de área do terreno,  2 qto(s), a.serv, WC, 1 sala(s), cozinha, Terraco.",58085.46,107000.0,45.72,Venda Online,,SALGUEIRO,PE,Não
8444423194241,"RUA 05, N. SN, LT 27 LT NOVO SALGUEIRO 2° ETAPA QD 01",NOSSA SENHORA DAS GRACAS,"Casa, 45.90 de área total, 45.90 de área privativa, 160.00 de área do terreno,  2 qto(s), 1 vaga(s) de garagem.",75392.38,137000.0,44.97,Venda Direta Online,,SALGUEIRO,PE,Não
8444425982719,"RUA 04-D, N. 47,",Nossa Srª de Fátima,"Casa, 45.90 de área total, 45.90 de área privativa, 160.00 de área do terreno,  2 qto(s), a.serv, WC, 1 sala(s), cozinha, 1 vaga(s) de garagem.",94178.09,163000.0,42.23,Venda Online,,SALGUEIRO,PE,Não
10290992,"RUA PROJETADA, N. 00, QD 29, LT 01",LOT COPO DE CRISTAL,"Terreno, 0.00 de área total, 0.00 de área privativa, 448.00 de área do terreno.",51333.85,85000.0,39.61,Licitação Aberta,,SALGUEIRO,PE,Não
8444411302877,"RUA PROJETADA 38, N. 72, LT 08C QD 54C",NOSSA SENHORA DAS GRACAS,"Casa, 72.79 de área total, 72.79 de área privativa, 160.00 de área do terreno,  2 qto(s), varanda, a.serv, WC, 1 sala(s), cozinha.",145000.0,145000.0,0.0,Leilão SFI - Edital Único,,SALGUEIRO,PE,Não
1444419116900,"RUA PROJETADA 01, N. SN, LOTE 13 QUADRA J",LOT VILA PLANALTO,"Terreno, 0.00 de área total, 0.00 de área privativa, 260.00 de área do terreno.",757160.08,707000.0,0.0,Leilão SFI - Edital Único,,SALGUEIRO,PE,Não
8444431183156,"RUA  PROJETADA 12, N. 30, LOTE 54 QUADRA 11",MANHOSA,"Casa, 86.89 de área total, 61.50 de área privativa, 630.00 de área do terreno,  1 qto(s), a.serv, WC, 1 sala(s), cozinha.",81769.6,170000.0,51.91,Venda Direta Online,,SANTA CRUZ,PE,Sim
8787714403397,"RUA MARIA HINÔ DA SILVA (ANTIGA R PROJETADA 07), N. 419, LT 41 QD O",MALHADA DO MEIO,"Casa, 46.30 de área total, 46.30 de área privativa, 148.20 de área do terreno,  2 qto(s), a.serv, WC, 1 sala(s), cozinha.",59329.62,115000.0,48.41,Venda Direta Online,,SANTA CRUZ DO CAPIBARIBE,PE,Não
8787708852401,"RUA PROJETADA  2, N. 144, QD A  LT 35",SANTO AGOSTINHO,"Casa, 62.09 de área total, 62.09 de área privativa, 126.00 de área do terreno,  2 qto(s), a.serv, WC, 1 sala(s), cozinha, 1 vaga(s) de garagem.",97418.69,177722.69,45.19,Venda Direta Online,,SANTA CRUZ DO CAPIBARIBE,PE,Não
8444423892208,"RUA DA FAMILIA, N. 41, LT 07, QD L, LOT 2ª ETAPA",SANTO AGOSTINHO,"Casa, 60.97 de área total, 60.97 de área privativa, 139.02 de área do terreno,  2 qto(s), a.serv, WC, 1 sala(s), cozinha.",117407.32,210000.0,44.1,Venda Online,,SANTA CRUZ DO CAPIBARIBE,PE,Não
8787703313855,"RUA PROJETADA 41, N. 276, QDAO LT36",LOT VIANA E MOURA,"Casa, 51.44 de área total, 51.44 de área privativa, 148.20 de área do terreno,  2 qto(s), a.serv, WC, 1 sala(s), cozinha, Terraco.",73422.86,130000.0,43.53,Venda Online,,SANTA CRUZ DO CAPIBARIBE,PE,Não
8444420027930,"RUA RUA JOAO CABRAL DE MELO NETO, N. 60, LOTE 12 QUADRA 10",MALHADA DO MEIO,"Casa, 69.99 de área total, 69.99 de área privativa, 84.00 de área do terreno,  2 qto(s), a.serv, WC, 1 sala(s), cozinha.",68787.97,120000.0,42.68,Licitação Aberta,,SANTA CRUZ DO CAPIBARIBE,PE,Não
8787712743433,"RUA LUISA ALZIRA TEIXEIRA SORIANO, N. 125, QD E, LT 17",BELA VISTA,"Casa, 46.30 de área total, 46.30 de área privativa, 148.20 de área do terreno,  2 qto(s), a.serv, WC, 1 sala(s), cozinha.",90161.3,154000.0,41.46,Venda Direta Online,,SANTA CRUZ DO CAPIBARIBE,PE,Não
8444427528063,"RUA PEDRO AMARO DE OLIVEIRA, N. 541, LT 20, QD 59",DONA ARLINDA II,"Casa, 67.25 de área total, 67.25 de área privativa, 126.00 de área do terreno,  2 qto(s), a.serv, WC, 1 sala(s), cozinha, Terraco.",103111.46,174000.0,40.75,Venda Online,,SANTA CRUZ DO CAPIBARIBE,PE,Não
8444412643473,"RUA GUSTAVO GOMES DA SILVA, N. 87, CS 02",MALAQUIAS CARDOSO,"Casa, 69.80 de área total, 69.80 de área privativa, 70.00 de área do terreno,  2 qto(s), a.serv, 1 sala(s), cozinha, 1 vaga(s) de garagem.",97778.11,165000.0,40.75,Venda Direta Online,,SANTA CRUZ DO CAPIBARIBE,PE,Não
8444430465450,"RUA 07, N. 160, QD F1, LT 7B, LOT ACAUÃ 2º ETAPA",SANTO AGOSTINHO,"Casa, 65.21 de área total, 65.21 de área privativa, 100.80 de área do terreno,  2 qto(s), a.serv, WC, 1 sala(s), cozinha.",106667.03,180000.0,40.75,Venda Online,,SANTA CRUZ DO CAPIBARIBE,PE,Não
8555534253396,"RUA PROJETADA 12, N. 458,",MALHADA DO MEIO,"Casa, 50.00 de área total, 50.00 de área privativa, 148.20 de área do terreno,  2 qto(s), a.serv, WC, 1 sala(s), cozinha, 1 vaga(s) de garagem.",100065.47,168859.91,40.75,Venda Direta Online,,SANTA CRUZ DO CAPIBARIBE,PE,Não
8444435211251,"RUA DOS CACTOS (ANTIGA RUA PROJETADA 32), N. 190, LT 12, QD 76, LOTEAMENTO MARIA VIEIRA",MANHOSA,"Casa, 60.00 de área total, 60.00 de área privativa, 137.50 de área do terreno,  2 qto(s), a.serv, WC, 1 sala(s), cozinha, Terraco.",95407.73,161000.0,40.75,Venda Online,,SANTA CRUZ DO CAPIBARIBE,PE,Não
8444407213385,"RUA VIA LOCAL 06, N. 162, CS 04, QD M, LT 01",L ARMANDO ALEIXO II,"Casa, 69.20 de área total, 69.20 de área privativa, 105.00 de área do terreno,  2 qto(s), a.serv, WC, 1 sala(s), cozinha.",126609.6,209475.14,39.56,Venda Direta Online,,SANTA CRUZ DO CAPIBARIBE,PE,Não
8555530810606,"RUA OTACILIO LOPES DA SILVA RUA PROJ 12, N. 115, LT 14 QD O",MALHADA DO MEIO,"Casa, 50.00 de área total, 50.00 de área privativa, 159.90 de área do terreno,  2 qto(s), a.serv, WC, 1 sala(s), cozinha.",162000.0,162000.0,0.0,Leilão SFI - Edital Único,,SANTA CRUZ DO CAPIBARIBE,PE,Não
8444428470255,"PROJETADA 09, N. 88, QD N LT 05E",MALAQUIAS CARDOSO,"Casa, 63.42 de área total, 63.42 de área privativa, 122.50 de área do terreno,  2 qto(s), a.serv, WC, 1 sala(s), cozinha.",154551.22,146713.4,0.0,Leilão SFI - Edital Único,,SANTA CRUZ DO CAPIBARIBE,PE,Não
8444428008926,"RUA PROJETADA 04, N. 198, QD 38 LT 29",MANHOSA,"Casa, 95.11 de área total, 61.86 de área privativa, 137.50 de área do terreno,  2 qto(s), a.serv, WC, 1 sala(s), cozinha.",182145.16,143065.7,0.0,Leilão SFI - Edital Único,,SANTA CRUZ DO CAPIBARIBE,PE,Não
8444417472200,"RUA PROJETADA 05, N. 29, LOTE 29, QUADRA 06",CENTRO,"Casa, 69.98 de área total, 69.98 de área privativa, 93.30 de área do terreno,  2 qto(s), varanda, WC, 1 sala(s), cozinha, 1 vaga(s) de garagem.",77274.33,163000.0,52.6,Venda Direta Online,,SAO BENTO DO UNA,PE,Sim
8444418994669,"RUA PROJETADA 05, N. 11, LOTE 29 QD. 09",JOAQUIM DA SILVA COSTA,"Casa, 67.20 de área total, 67.20 de área privativa, 126.00 de área do terreno,  2 qto(s), WC, 1 sala(s), cozinha.",59834.06,122800.0,51.28,Venda Online,,SAO BENTO DO UNA,PE,Não
8444419454340,"RUA PROJETADA 06, N. 40, QD 07",CENTRO,"Casa, 81.40 de área total, 81.40 de área privativa, 92.40 de área do terreno,  2 qto(s), a.serv, WC, 2 sala(s), cozinha, 1 vaga(s) de garagem.",73824.58,151000.0,51.11,Venda Direta Online,,SAO BENTO DO UNA,PE,Não
8444420758292,"RUA PROJETADA 07, N. 14, QD 09",RICARDO F DE OMENA,"Casa, 65.48 de área total, 65.48 de área privativa, 78.50 de área do terreno,  2 qto(s), a.serv, WC, 1 sala(s), cozinha, 1 vaga(s) de garagem.",53926.39,110000.0,50.98,Venda Direta Online,,SAO BENTO DO UNA,PE,Não
8444421457571,"RUA PROJETADA 07, N. 34, QD K",ENCANTO DO UNA,"Casa, 92.05 de área total, 92.05 de área privativa, 126.00 de área do terreno,  3 qto(s), a.serv, WC, 1 sala(s), cozinha.",68627.71,138000.0,50.27,Venda Direta Online,,SAO BENTO DO UNA,PE,Não
8444411341619,"RUA PROJETADA 14, N. 20, LOT 20, QD 14",CENTRO,"Casa, 68.28 de área total, 68.28 de área privativa, 90.00 de área do terreno,  2 qto(s), WC, 1 sala(s), cozinha, 1 vaga(s) de garagem.",76842.01,150000.0,48.78,Venda Direta Online,,SAO BENTO DO UNA,PE,Não
8444423224183,"RUA PROJETADA, N. 04, CS 04, LOT 02, QD B",BOA MORADA,"Casa, 61.38 de área total, 61.38 de área privativa, 117.80 de área do terreno,  2 qto(s), a.serv, WC, 1 sala(s), cozinha, Terraco.",69338.98,133000.0,47.87,Venda Direta Online,,SAO BENTO DO UNA,PE,Não
8444410646491,"RUA JOSEFA PEREIRA BARROS, N. 12, LOT NOSSA SENHORA APARECIDA",NOSSA SENHORA APARECIDA,"Casa, 89.68 de área total, 89.68 de área privativa, 105.00 de área do terreno,  2 qto(s), a.serv, WC, 1 sala(s), cozinha.",71760.95,137645.6,47.87,Venda Direta Online,,SAO BENTO DO UNA,PE,Não
8444414000111,"RUA PROJETADA 14, N. 72, LT 01 QD 20",PAULO CORDEIRO DE FARIAS,"Casa, 69.81 de área total, 69.81 de área privativa, 108.00 de área do terreno,  3 qto(s), a.serv, WC, 1 sala(s), cozinha, Terraco.",79939.69,138000.0,42.08,Venda Online,,SAO BENTO DO UNA,PE,Não
8444421789450,"AVENIDA PROJETADA 01, N. 17,",SERIDO,"Casa, 116.60 de área total, 116.60 de área privativa, 126.00 de área do terreno,  3 qto(s), varanda, a.serv, WC, 1 sala(s), cozinha, 1 vaga(s) de garagem.",88404.91,151000.0,41.46,Venda Direta Online,,SAO BENTO DO UNA,PE,Não
8444431614610,"RUA DURVAL MEDEIROS BRAGA, N. 34, LOTE 24 QUADRA G",MARIA JOSE ALMEIDA CORDEIRO,"Casa, 69.88 de área total, 69.88 de área privativa, 126.00 de área do terreno,  2 qto(s), a.serv, WC, 1 sala(s), cozinha.",105481.84,178000.0,40.75,Licitação Aberta,,SAO BENTO DO UNA,PE,Não
8444422771954,"RUA PROJETADA 07, N. 09, QD 07",JOAQUIM DA SILVA COS,"Casa, 70.02 de área total, 70.02 de área privativa, 92.40 de área do terreno,  2 qto(s), a.serv, WC, 1 sala(s), cozinha.",190000.0,190000.0,0.0,Leilão SFI - Edital Único,,SAO BENTO DO UNA,PE,Não
8444436981441,"RUA PERPETUA CINTRA, N. 20, QD F  LT 02",NOVO HORIZONTE II,"Casa, 69.00 de área total, 69.00 de área privativa, 126.00 de área do terreno,  2 qto(s), a.serv, WC, 1 sala(s), cozinha.",180000.0,180000.0,0.0,Leilão SFI - Edital Único,,SAO BENTO DO UNA,PE,Não
8444416056955,"AVENIDA VICENTE BARBOSA DE SIQUEIRA, N. 28,",TERREIROS,"Casa, 66.70 de área total, 66.70 de área privativa, 131.00 de área do terreno,  2 qto(s), varanda, a.serv, WC, 1 sala(s), cozinha, Terraco, 1 vaga(s) de garagem.",130004.2,130004.2,0.0,Leilão SFI - Edital Único,,SAO BENTO DO UNA,PE,Não
8444420246593,"PROJETADA 05, N. 26, 0926",JOAQUIM DA SILVA COSTA,"Casa, 106.45 de área total, 106.45 de área privativa, 126.00 de área do terreno,  3 qto(s), a.serv, WC, 1 sala(s), cozinha, 1 vaga(s) de garagem.",169197.4,169197.4,0.0,Leilão SFI - Edital Único,,SAO BENTO DO UNA,PE,Não
8444423932250,"RUA VICENTE BARBOSA DE SIQUEIRA, N. 35A, LT 05 QD 07 LOT JD DA SILVA COSTA",JOAQUIM DA SILVA COSTA,"Casa, 77.11 de área total, 77.11 de área privativa, 132.76 de área do terreno,  2 qto(s), a.serv, WC, 1 sala(s), cozinha, Terraco.",125223.46,123000.0,0.0,Leilão SFI - Edital Único,,SAO BENTO DO UNA,PE,Não
8444419765442,"JOÃO SEVERINO DA SILVA, N. 06, QUADRA E ANTIGA AV. PROJETADA 02",CENTRO,"Casa, 80.00 de área total, 80.00 de área privativa, 128.00 de área do terreno,  2 qto(s), a.serv, WC, 1 sala(s), cozinha, Terraco.",65385.45,129000.0,49.32,Venda Direta Online,,SAO JOAQUIM DO MONTE,PE,Não
8444405172533,"RUA PROJETADA, N. S/N, CASA 04, LT 16A-10C, QD G",LOT COSTA DO SOL,"Casa, 0.00 de área total, 66.10 de área privativa, 90.10 de área do terreno,  2 qto(s), a.serv, WC, 1 sala(s), cozinha, Terraco, 1 vaga(s) de garagem.",48257.92,110742.02,56.43,Venda Direta Online,,SAO JOSE DA COROA GRANDE,PE,Não
8444420569279,"RUA PROJETADA, N. S/N, CASA 03 QD F LT 31",CENTRO,"Casa, 0.00 de área total, 32.24 de área privativa, 360.00 de área do terreno,  1 qto(s), WC, 1 sala(s), cozinha, Terraco, 1 vaga(s) de garagem.",39758.6,90000.0,55.83,Venda Direta Online,,SAO JOSE DA COROA GRANDE,PE,Não
8444417934697,"RUA PROJETADA S/N, N. S/N, CS 04 LT 31 QD F",CENTRO,"Casa, 32.33 de área total, 32.33 de área privativa, 0.00 de área do terreno,  1 qto(s), WC, 1 sala(s), cozinha, 1 vaga(s) de garagem.",63406.04,127500.0,50.27,Venda Online,,SAO JOSE DA COROA GRANDE,PE,Não
8444419744348,"RUA PROJETADA, N. 01, QD F LT 31",LOT COSTA DO SOL,"Casa, 32.33 de área total, 32.33 de área privativa, 300.00 de área do terreno,  1 qto(s), a.serv, WC, 1 sala(s), cozinha, Terraco, 1 vaga(s) de garagem.",42762.85,77487.87,44.82,Venda Direta Online,,SAO JOSE DA COROA GRANDE,PE,Não
8555505352268,"RUA LÍDIO FLORENTINO, N. SN,",CENTRO,"Casa, 100.26 de área total, 100.26 de área privativa, 173.29 de área do terreno,  2 qto(s), a.serv, WC, 1 sala(s), cozinha, Terraco.",77499.28,135000.0,42.6,Venda Online,,SAO JOSE DA COROA GRANDE,PE,Não
8444410995410,"RUA ANTONIO ALVES DE SOUZA, N. 117,  LOTE Nº46 LOT. ALFREDO GONÇALVES DOS",CACIMBA NOVA,"Casa, 82.80 de área total, 82.80 de área privativa, 100.00 de área do terreno,  2 qto(s), a.serv, WC, 2 sala(s), cozinha, 1 vaga(s) de garagem.",60499.55,123000.0,50.82,Venda Online,,SAO JOSE DO BELMONTE,PE,Não
8555534998308,"AVENIDA DOUTOR PAULO PETRIBU, N. 550, Apto 203, BL 08, GL 04",PIXETE,"Apartamento, 81.10 de área total, 45.35 de área privativa, 0.00 de área do terreno,  2 qto(s), a.serv, WC, 1 sala(s), cozinha, 1 vaga(s) de garagem.",75852.11,160000.0,52.6,Venda Direta Online,,SAO LOURENCO DA MATA,PE,Não
8787701700142,"AVENIDA DOUTOR PAULO PETRIBU, N. SN, Apto 203, BLOCO 14, TIPO 2, GLEBA 05",TIUMA,"Apartamento, 0.00 de área total, 45.35 de área privativa, 0.00 de área do terreno,  2 qto(s), a.serv, WC, 1 sala(s), cozinha, 1 vaga(s) de garagem.",72028.48,151659.41,52.51,Venda Online,,SAO LOURENCO DA MATA,PE,Não
8787700393262,"AVENIDA DOUTOR PAULO PETRIBU, N. SN, Apto 402, BLOCO 1, TIPO 2, GLEBA 05",TIUMA,"Apartamento, 0.00 de área total, 45.35 de área privativa, 0.00 de área do terreno,  2 qto(s), a.serv, WC, 1 sala(s), cozinha, 1 vaga(s) de garagem.",64303.95,133000.0,51.66,Venda Direta Online,,SAO LOURENCO DA MATA,PE,Não
8555538998671,"RODOVIA BR 408, N. S/N, Apto 303, BL 02",MURIBARA,"Apartamento, 459.90 de área total, 63.00 de área privativa, 0.00 de área do terreno,  2 qto(s), varanda, a.serv, WC, 1 sala(s), cozinha.",68169.66,139433.5,51.11,Venda Direta Online,,SAO LOURENCO DA MATA,PE,Não
8555531544268,"AVENIDA DOUTOR PAULO PETRIBU, N. 400, Apto 302,  BL 03 APT 302 BOSQUE D",PIXETE,"Apartamento, 81.52 de área total, 45.35 de área privativa, 0.00 de área do terreno,  2 qto(s), a.serv, WC, 1 sala(s), cozinha, 1 vaga(s) de garagem.",70402.24,144000.0,51.11,Venda Direta Online,,SAO LOURENCO DA MATA,PE,Não
8555532120453,"AVENIDA DOUTOR PAULO PETRIBU, N. 550, Apto 301, BL 28",TIUMA,"Apartamento, 81.10 de área total, 45.35 de área privativa, 0.00 de área do terreno,  2 qto(s), a.serv, WC, 1 sala(s), cozinha, 1 vaga(s) de garagem.",65260.33,132540.0,50.77,Venda Online,,SAO LOURENCO DA MATA,PE,Não
8555533875121,"AVENIDA DOUTOR PAULO PETRIBU, N. 550, Apto 201, BL26",TIUMA,"Apartamento, 0.00 de área total, 45.35 de área privativa, 0.00 de área do terreno,  2 qto(s), WC, 1 sala(s), cozinha, 1 vaga(s) de garagem.",64502.06,131000.0,50.77,Venda Online,,SAO LOURENCO DA MATA,PE,Não
8787700457368,"AVENIDA DOUTOR PAULO PETRIBU, N. S/N, Apto 101, BL 20",TIUMA,"Apartamento, 64.38 de área total, 45.36 de área privativa, 0.00 de área do terreno,  2 qto(s), a.serv, WC, 1 sala(s), cozinha, 1 vaga(s) de garagem.",66963.96,136000.0,50.77,Venda Online,,SAO LOURENCO DA MATA,PE,Não
8787706155525,"AVENIDA DOUTOR PAULO PETRIBU, N. SN, Apto 401, BL 19, GL 05",PIXETE,"Apartamento, 0.00 de área total, 45.35 de área privativa, 0.00 de área do terreno,  2 qto(s), a.serv, WC, 1 sala(s), cozinha, Terraco, 1 vaga(s) de garagem.",62631.0,127200.0,50.77,Venda Direta Online,,SAO LOURENCO DA MATA,PE,Não
8787700805145,"AVENIDA DOUTOR PAULO PETRIBU, N. SN, Apto 303, BL 21 GLB 05",PIXETE,"Apartamento, 0.00 de área total, 45.35 de área privativa, 0.00 de área do terreno,  2 qto(s), a.serv, WC, 1 sala(s), cozinha, 1 vaga(s) de garagem.",64802.88,130308.84,50.27,Venda Direta Online,,SAO LOURENCO DA MATA,PE,Não
8787704665321,"AVENIDA DOUTOR PAULO PETRIBU, N. S/N, Apto 403, BL 17",PIXETE,"Apartamento, 63.97 de área total, 45.35 de área privativa, 0.00 de área do terreno,  2 qto(s), a.serv, WC, 1 sala(s), cozinha, 1 vaga(s) de garagem.",73153.6,147000.0,50.24,Venda Online,,SAO LOURENCO DA MATA,PE,Não
8787705635957,"AVENIDA DOUTOR PAULO PETRIBU, N. S/N, Apto 301, BL 17",PIXETE,"Apartamento, 62.19 de área total, 45.35 de área privativa, 0.00 de área do terreno,  2 qto(s), a.serv, WC, 1 sala(s), cozinha, 1 vaga(s) de garagem.",75472.32,151659.41,50.24,Venda Direta Online,,SAO LOURENCO DA MATA,PE,Não
8555537101740,"RUA SEVERINO ANTONIO DA SILVA, N. 168, Apto 103, BLOCO A TIPO C",MURIBARA,"Apartamento, 65.45 de área total, 41.66 de área privativa, 0.00 de área do terreno,  2 qto(s), a.serv, WC, 1 sala(s), cozinha, 1 vaga(s) de garagem.",60089.16,119800.0,49.85,Venda Direta Online,,SAO LOURENCO DA MATA,PE,Não
8555532455382,"AVENIDA DOUTOR PAULO PETRIBU, N. 550, Apto 301, BL  02",TIUMA,"Apartamento, 81.10 de área total, 45.35 de área privativa, 0.00 de área do terreno,  2 qto(s), a.serv, WC, 1 sala(s), cozinha, 1 vaga(s) de garagem.",60189.47,120000.0,49.85,Venda Direta Online,,SAO LOURENCO DA MATA,PE,Não
8787704827860,"AVENIDA DOUTOR PAULO PETRIBU, N. SN, Apto 402, BL 17",TIUMA,"Apartamento, 63.97 de área total, 45.35 de área privativa, 0.00 de área do terreno,  2 qto(s), WC, 1 sala(s), cozinha, 1 vaga(s) de garagem.",61169.03,121000.0,49.45,Venda Online,,SAO LOURENCO DA MATA,PE,Não
8787708431449,"RUA BARAO DE CARUARU, N. SN, Apto 103, BL 03",MURIBARA,"Apartamento, 63.50 de área total, 45.90 de área privativa, 0.00 de área do terreno,  2 qto(s), a.serv, WC, 1 sala(s), cozinha, 1 vaga(s) de garagem.",67919.77,134000.0,49.32,Venda Online,,SAO LOURENCO DA MATA,PE,Não
8555531659162,"AVENIDA DOUTOR PAULO PETRIBU, N. 550, Apto 302, BL 21",TIUMA,"Apartamento, 81.10 de área total, 45.35 de área privativa, 0.00 de área do terreno,  2 qto(s), a.serv, WC, 1 sala(s), cozinha, 1 vaga(s) de garagem.",66906.04,132000.0,49.32,Venda Online,,SAO LOURENCO DA MATA,PE,Não
8787711367411,"RUA BARAO DE CARUARU, N. SN, Apto 005, BL 06",MURIBARA,"Apartamento, 66.55 de área total, 45.90 de área privativa, 0.00 de área do terreno,  2 qto(s), a.serv, WC, 1 sala(s), cozinha, Terraco.",69000.68,135000.0,48.89,Venda Online,,SAO LOURENCO DA MATA,PE,Não
8787711273930,"RUA BARAO DE CARUARU, N. SN, Apto 004, BL 06 LT01 ENGENHO CONSTANTINO",MURIBARA,"Apartamento, 66.55 de área total, 45.90 de área privativa, 0.00 de área do terreno,  2 qto(s), a.serv, WC, 1 sala(s), cozinha, Terraco, 1 vaga(s) de garagem.",75817.45,148000.0,48.78,Venda Direta Online,,SAO LOURENCO DA MATA,PE,Não
8787700463198,"AVENIDA DOUTOR PAULO PETRIBU, N. SN, Apto 404, BL 03",PIXETE,"Apartamento, 63.97 de área total, 45.35 de área privativa, 0.00 de área do terreno,  2 qto(s), a.serv, WC, 1 sala(s), cozinha, 1 vaga(s) de garagem.",75305.17,147000.0,48.78,Venda Direta Online,,SAO LOURENCO DA MATA,PE,Não
8555533490165,"AVENIDA DOUTOR PAULO PETRIBU, N. 550, Apto 004, BL 16 C 2",TIUMA,"Apartamento, 0.00 de área total, 45.35 de área privativa, 0.00 de área do terreno,  1 qto(s), a.serv, WC, 1 sala(s), cozinha, 1 vaga(s) de garagem.",64488.72,125000.0,48.41,Venda Direta Online,,SAO LOURENCO DA MATA,PE,Não
8555534003144,"AV. DOUTOR PAULO PETRIBU, N. 550, Apto 204, BL 25",TIUMA,"Apartamento, 81.10 de área total, 45.35 de área privativa, 0.00 de área do terreno,  2 qto(s), a.serv, WC, 1 sala(s), cozinha, 1 vaga(s) de garagem.",64488.72,125000.0,48.41,Venda Online,,SAO LOURENCO DA MATA,PE,Não
8787703509571,"AVENIDA DOUTOR PAULO PETRIBU, N. S/N, Apto 401, BL 12, TP 2, GLEBA 5",TIUMA,"Apartamento, 63.97 de área total, 45.35 de área privativa, 0.00 de área do terreno,  2 qto(s), a.serv, WC, 1 sala(s), cozinha, 1 vaga(s) de garagem.",64488.72,125000.0,48.41,Venda Online,,SAO LOURENCO DA MATA,PE,Não
8444407043684,"AVENIDA DOUTOR FRANCISCO CORREIA, N. 1981, Apto 003, BLOCO 14 LT ÁREA A,",PIXETE,"Apartamento, 51.05 de área total, 45.65 de área privativa, 0.00 de área do terreno,  2 qto(s), a.serv, WC, 1 sala(s), cozinha.",62940.99,122000.0,48.41,Venda Online,,SAO LOURENCO DA MATA,PE,Não
1555530927505,"RUA ALDEIA VELHA, N. 295, Apto 02, LT01A1 QD28 BL02",LOT SIDARTA,"Apartamento, 67.69 de área total, 49.12 de área privativa, 0.00 de área do terreno,  2 qto(s), a.serv, WC, 1 sala(s), cozinha, 1 vaga(s) de garagem.",72646.26,140000.0,48.11,Venda Direta Online,,SAO LOURENCO DA MATA,PE,Não
1555530594069,"RUA CASA CAIADA, N. 245, Apto 103, BL. 02 TIPO B",MURIBARA,"Apartamento, 67.26 de área total, 48.75 de área privativa, 0.00 de área do terreno,  2 qto(s), a.serv, WC, 1 sala(s), cozinha, 1 vaga(s) de garagem.",72646.26,140000.0,48.11,Venda Online,,SAO LOURENCO DA MATA,PE,Não
8555537829027,"RUA ARCO IRIS, N. 182, Apto 503, BL 01",MURIBARA,"Apartamento, 67.30 de área total, 48.75 de área privativa, 0.00 de área do terreno,  2 qto(s), WC, 1 sala(s), cozinha, 1 vaga(s) de garagem.",75759.67,146000.0,48.11,Venda Direta Online,,SAO LOURENCO DA MATA,PE,Não
8555537087837,"RODOVIA BR 408, N. SN, Apto 105, BL 04 TR 02",MURIBARA,"Apartamento, 63.00 de área total, 45.90 de área privativa, 0.00 de área do terreno,  2 qto(s), varanda, a.serv, WC, 1 sala(s), cozinha.",67774.95,130000.0,47.87,Venda Online,,SAO LOURENCO DA MATA,PE,Não
8555531046659,"AVENIDA DOUTOR PAULO PETRIBU, N. 400, Apto 003, GLEBA 03, BLOCO 04 BOSQUE A",TIUMA,"Apartamento, 70.52 de área total, 45.35 de área privativa, 0.00 de área do terreno,  2 qto(s), a.serv, WC, 1 sala(s), cozinha.",70381.68,135000.0,47.87,Venda Online,,SAO LOURENCO DA MATA,PE,Não
8555532363100,"AV DR PAULO PETRIBU, N. 550, Apto 303, BL 07",TIUMA,"Apartamento, 81.10 de área total, 45.35 de área privativa, 0.00 de área do terreno,  2 qto(s), a.serv, WC, 1 sala(s), cozinha, 1 vaga(s) de garagem.",70929.09,136050.0,47.87,Venda Direta Online,,SAO LOURENCO DA MATA,PE,Não
8555534809963,"AV DR PAULO PETRIBU, N. 550, Apto 301, BL 10",TIUMA,"Apartamento, 81.10 de área total, 45.35 de área privativa, 0.00 de área do terreno,  2 qto(s), a.serv, WC, 1 sala(s), cozinha, 1 vaga(s) de garagem.",69099.17,132540.0,47.87,Venda Direta Online,,SAO LOURENCO DA MATA,PE,Não
8555527867414,"AVENIDA DOUTOR PAULO PETRIBU, N. 400, Apto 302, BL 06 BOSQUE A GLEBA 03",PIXETE,"Apartamento, 81.52 de área total, 45.35 de área privativa, 0.00 de área do terreno,  2 qto(s), a.serv, WC, 1 sala(s), cozinha, 1 vaga(s) de garagem.",67774.95,130000.0,47.87,Venda Direta Online,,SAO LOURENCO DA MATA,PE,Não
8787703597764,"AVENIDA DOUTOR PAULO PETRIBU, N. SN, Apto 101, BL 19 GLEBA 05",PIXETE,"Apartamento, 73.12 de área total, 54.10 de área privativa, 0.00 de área do terreno,  2 qto(s), a.serv, WC, 1 sala(s), cozinha, 1 vaga(s) de garagem.",65689.56,126000.0,47.87,Venda Direta Online,,SAO LOURENCO DA MATA,PE,Não
8555531066366,"RUA VINTE E NOVE-A, N. 162, Apto 401, TIPO A BLOCO 08 LT  01",PARQUE CAPIBARIBE,"Apartamento, 53.19 de área total, 48.16 de área privativa, 0.00 de área do terreno,  2 qto(s), a.serv, WC, 1 sala(s), cozinha, 1 vaga(s) de garagem.",65689.56,126000.0,47.87,Venda Online,,SAO LOURENCO DA MATA,PE,Não
8555527711058,"AVENIDA DOUTOR PAULO PETRIBU, N. 400, Apto 102, BL06 BOSQUE A",TIUMA,"Apartamento, 81.52 de área total, 45.35 de área privativa, 0.00 de área do terreno,  2 qto(s), a.serv, WC, 1 sala(s), cozinha, 1 vaga(s) de garagem.",76929.84,146000.0,47.31,Venda Direta Online,,SAO LOURENCO DA MATA,PE,Não
8444407059106,"RUA SAO DOMINGOS, N. SN, Apto 01, BL 5",PIXETE,"Apartamento, 46.40 de área total, 43.55 de área privativa, 0.00 de área do terreno,  2 qto(s), a.serv, WC, 1 sala(s), cozinha, 1 vaga(s) de garagem.",62914.97,119007.64,47.14,Venda Online,,SAO LOURENCO DA MATA,PE,Não
1555532664080,"AVENIDA DOUTOR PAULO PETRIBU, N. 550, Apto 104, BL 09",PIXETE,"Apartamento, 81.10 de área total, 45.35 de área privativa, 0.00 de área do terreno,  2 qto(s), a.serv, WC, 2 sala(s), cozinha, 1 vaga(s) de garagem.",72967.16,138000.0,47.13,Venda Online,,SAO LOURENCO DA MATA,PE,Não
8787711910565,"RUA BARAO DE CARUARU, N. SN, Apto 08, BL 02",MURIBARA,"Apartamento, 61.31 de área total, 46.35 de área privativa, 0.00 de área do terreno,  2 qto(s), WC, 1 sala(s), cozinha, 1 vaga(s) de garagem.",79588.6,146963.57,45.85,Venda Direta Online,,SAO LOURENCO DA MATA,PE,Não
8444408617617,"RUA SEVERINO ARQUELINO DA SILVA, N. 54, LT 08 QD M",TIUMA,"Casa, 0.00 de área total, 53.22 de área privativa, 67.50 de área do terreno,  2 qto(s), a.serv, WC, 1 sala(s), cozinha, Terraco, 1 vaga(s) de garagem.",66982.28,123000.0,45.55,Venda Direta Online,,SAO LOURENCO DA MATA,PE,Não
8555536700144,"AVENIDA DOUTOR PAULO PETRIBU, N. 550, Apto 203, BL 04",PIXETE,"Apartamento, 0.00 de área total, 45.35 de área privativa, 0.00 de área do terreno,  2 qto(s), a.serv, WC, 1 sala(s), cozinha, 1 vaga(s) de garagem.",95020.37,173347.39,45.19,Venda Direta Online,,SAO LOURENCO DA MATA,PE,Não
8787700452412,"AVENIDA DOUTOR PAULO PETRIBU, N. SN, Apto 103, BL19 TIPO 1",PIXETE,"Apartamento, 73.12 de área total, 45.36 de área privativa, 0.00 de área do terreno,  2 qto(s), a.serv, WC, 1 sala(s), cozinha, 1 vaga(s) de garagem.",75687.75,137536.72,44.97,Venda Direta Online,,SAO LOURENCO DA MATA,PE,Não
8787712992956,"RUA BARAO DE CARUARU, N. S/N, Apto 108, BL 01 TIPO 1",MURIBARA,"Apartamento, 61.31 de área total, 46.35 de área privativa, 0.00 de área do terreno,  2 qto(s), varanda, a.serv, WC, 1 sala(s), cozinha, 1 vaga(s) de garagem.",83428.47,150000.0,44.39,Venda Direta Online,,SAO LOURENCO DA MATA,PE,Sim
8555527553819,"AVENIDA DOUTOR PAULO PETRIBU, N. 400, Apto 102, BL 08 BOSQUE D",TIUMA,"Apartamento, 81.52 de área total, 45.35 de área privativa, 0.00 de área do terreno,  2 qto(s), a.serv, WC, 1 sala(s), cozinha, 1 vaga(s) de garagem.",86209.43,155000.0,44.39,Venda Direta Online,,SAO LOURENCO DA MATA,PE,Sim
8787714003666,"RUA BARAO DE CARUARU, N. SN, Apto 302, BL 05",MURIBARA,"Apartamento, 69.33 de área total, 53.55 de área privativa, 0.00 de área do terreno,  3 qto(s), a.serv, WC, 1 sala(s), cozinha, 1 vaga(s) de garagem.",96829.95,172000.0,43.71,Venda Direta Online,,SAO LOURENCO DA MATA,PE,Sim
8787715838354,"RUA BARAO DE CARUARU, N. 1399, Apto 204, BL 05 TIPO 2 VG ROTATIVA",MURIBARA,"Apartamento, 69.33 de área total, 53.55 de área privativa, 0.00 de área do terreno,  3 qto(s), varanda, a.serv, WC, 1 sala(s), cozinha, 1 vaga(s) de garagem.",101896.63,181000.0,43.71,Venda Direta Online,,SAO LOURENCO DA MATA,PE,Sim
8787712701927,"RUA BARAO DE CARUARU, N. SN, Apto 104, BL 06",MURIBARA,"Apartamento, 60.68 de área total, 45.90 de área privativa, 0.00 de área do terreno,  2 qto(s), varanda, WC, 1 sala(s), cozinha, 1 vaga(s) de garagem.",76246.82,135000.0,43.53,Venda Direta Online,,SAO LOURENCO DA MATA,PE,Não
8555534833007,"AVENIDA DOUTOR PAULO PETRIBU, N. 400, Apto 203, BL 01 BOSQUE D GLEBA 03",TIUMA,"Apartamento, 45.35 de área total, 45.35 de área privativa, 0.00 de área do terreno,  2 qto(s), a.serv, WC, 1 sala(s), cozinha, 1 vaga(s) de garagem.",70473.01,124000.0,43.17,Venda Online,,SAO LOURENCO DA MATA,PE,Não
1555531790732,"AVENIDA DOUTOR PAULO PETRIBU, N. 550, Apto 102, BL 14",PIXETE,"Apartamento, 0.00 de área total, 45.35 de área privativa, 0.00 de área do terreno,  2 qto(s), a.serv, WC, 1 sala(s), cozinha, 1 vaga(s) de garagem.",69904.68,123000.0,43.17,Venda Direta Online,,SAO LOURENCO DA MATA,PE,Não
8787701208159,"RODOVIA BR 408, N. SN, Apto 03, BL12",MURIBARA,"Apartamento, 63.62 de área total, 46.35 de área privativa, 0.00 de área do terreno,  2 qto(s), varanda, a.serv, WC, 1 sala(s), cozinha.",83340.66,146000.0,42.92,Venda Online,,SAO LOURENCO DA MATA,PE,Não
8555501361238,"RUA DUQUE DE CAXIAS, N. 369, Apto 103, TIPO II",CAPIBARIBE,"Apartamento, 47.42 de área total, 42.54 de área privativa, 0.00 de área do terreno,  2 qto(s), varanda, a.serv, WC, 1 sala(s), cozinha, 1 vaga(s) de garagem.",62856.87,110000.0,42.86,Venda Direta Online,,SAO LOURENCO DA MATA,PE,Não
8555536456383,"RUA SEVERINO ANTONIO DA SILVA, N. 168, Apto 006, BL B",MURIBARA,"Apartamento, 65.64 de área total, 41.82 de área privativa, 0.00 de área do terreno,  2 qto(s), a.serv, WC, 1 sala(s), cozinha, 1 vaga(s) de garagem.",68787.97,120000.0,42.68,Venda Direta Online,,SAO LOURENCO DA MATA,PE,Não
8787704129845,"AVENIDA DOUTOR PAULO PETRIBU, N. S/N, Apto 101, BL 01 TIPO 01 GLEBA 05",TIUMA,"Apartamento, 73.12 de área total, 45.36 de área privativa, 0.00 de área do terreno,  2 qto(s), a.serv, WC, 1 sala(s), cozinha, 1 vaga(s) de garagem.",70507.67,123000.0,42.68,Venda Online,,SAO LOURENCO DA MATA,PE,Não
8555534163834,"AVENIDA DOUTOR PAULO PETRIBU, N. 550, Apto 304, BLOCO 19",NOVA TIUMA,"Apartamento, 81.10 de área total, 45.35 de área privativa, 0.00 de área do terreno,  2 qto(s), a.serv, WC, 1 sala(s), cozinha, 1 vaga(s) de garagem.",67928.12,118500.0,42.68,Licitação Aberta,,SAO LOURENCO DA MATA,PE,Não
8787706196183,"RUA VINTE E NOVE A, N. SN, Apto 202, BL 03 TIPO 2",PARQUE CAPIBARIBE,"Apartamento, 71.55 de área total, 47.70 de área privativa, 0.00 de área do terreno,  2 qto(s), a.serv, WC, 1 sala(s), cozinha.",69934.44,122000.0,42.68,Licitação Aberta,,SAO LOURENCO DA MATA,PE,Não
8444413947182,"AVENIDA DOUTOR PAULO PETRIBU, N. 400, Apto 204, BL 05 - BOSQUE C",TIUMA,"Apartamento, 81.52 de área total, 45.35 de área privativa, 0.00 de área do terreno,  2 qto(s), a.serv, WC, 1 sala(s), cozinha, 1 vaga(s) de garagem.",79221.48,138000.0,42.6,Venda Direta Online,,SAO LOURENCO DA MATA,PE,Sim
8787711299637,"RUA BARAO DE CARUARU, N. 1496, Apto 104, BL 05",MURIBARA,"Apartamento, 0.00 de área total, 45.90 de área privativa, 0.00 de área do terreno,  2 qto(s), WC, 1 sala(s), cozinha, Terraco, 1 vaga(s) de garagem.",74146.96,128000.0,42.08,Venda Direta Online,,SAO LOURENCO DA MATA,PE,Não
8444408550253,"RUA SEVERINO ARQUELINO DA SILVA, N. 54, CS 04 LT 08 QD M",TIUMA,"Casa, 62.14 de área total, 53.22 de área privativa, 270.00 de área do terreno,  3 qto(s), a.serv, WC, 1 sala(s), cozinha, Terraco, 1 vaga(s) de garagem.",75305.5,130000.0,42.08,Venda Direta Online,,SAO LOURENCO DA MATA,PE,Não
8555531677667,"AVENIDA DOUTOR PAULO PETRIBU, N. 550, Apto 303, BL 06",TIUMA,"Apartamento, 63.97 de área total, 45.35 de área privativa, 0.00 de área do terreno,  2 qto(s), a.serv, WC, 1 sala(s), cozinha, 1 vaga(s) de garagem.",75484.41,130308.84,42.08,Venda Direta Online,,SAO LOURENCO DA MATA,PE,Não
8555532404575,"AVENIDA DR. PAULO PETRIBÚ, N. 550, Apto 002, BL 10, GLB 04, DESM. RANCHO DA MATA II",TIUMA,"Apartamento, 83.10 de área total, 45.35 de área privativa, 0.00 de área do terreno,  2 qto(s), a.serv, WC, 1 sala(s), cozinha, 1 vaga(s) de garagem.",75305.5,130000.0,42.08,Venda Direta Online,,SAO LOURENCO DA MATA,PE,Não
8555532308606,"AVENIDA DOUTOR PAULO PETRIBU, N. 550, Apto 202, BL 13",PIXETE,"Apartamento, 81.10 de área total, 45.35 de área privativa, 0.00 de área do terreno,  2 qto(s), a.serv, WC, 1 sala(s), cozinha, 1 vaga(s) de garagem.",79939.69,138000.0,42.08,Venda Direta Online,,SAO LOURENCO DA MATA,PE,Não
8787700417943,"AVENIDA DOUTOR PAULO PETRIBU, N. SN, Apto 204, BL9 TP2 GLE05",PIXETE,"Apartamento, 45.35 de área total, 45.35 de área privativa, 0.00 de área do terreno,  2 qto(s), a.serv, WC, 1 sala(s), cozinha.",75884.78,131000.0,42.08,Venda Direta Online,,SAO LOURENCO DA MATA,PE,Não
8787700456906,"AVENIDA DOUTOR PAULO PETRIBU, N. SN, Apto 304, BL 11",PIXETE,"Apartamento, 0.00 de área total, 45.35 de área privativa, 0.00 de área do terreno,  2 qto(s), a.serv, WC, 1 sala(s), cozinha, 1 vaga(s) de garagem.",77043.32,133000.0,42.08,Venda Direta Online,,SAO LOURENCO DA MATA,PE,Não
8787702585614,"AVENIDA DOUTOR PAULO PETRIBU, N. 0, Apto 301, BL 20",PIXETE,"Apartamento, 64.37 de área total, 45.35 de área privativa, 0.00 de área do terreno,  2 qto(s), a.serv, WC, 1 sala(s), cozinha, 1 vaga(s) de garagem.",77043.32,133000.0,42.08,Venda Direta Online,,SAO LOURENCO DA MATA,PE,Não
8555539916105,"RUA DA TRANSFORMACAO, N. 77, Apto 604, BL 02",MURIBARA,"Apartamento, 67.66 de área total, 49.12 de área privativa, 0.00 de área do terreno,  2 qto(s), a.serv, WC, 1 sala(s), cozinha, 1 vaga(s) de garagem.",84892.14,145000.0,41.46,Venda Direta Online,,SAO LOURENCO DA MATA,PE,Não
8555527630333,"AV DOUTOR PAULO PETRIBU, N. 400, Apto 304,  06BOSQUE B, GLEBA 03",TIUMA,"Apartamento, 81.52 de área total, 45.35 de área privativa, 0.00 de área do terreno,  2 qto(s), WC, 1 sala(s), cozinha, 1 vaga(s) de garagem.",87233.99,149000.0,41.46,Venda Direta Online,,SAO LOURENCO DA MATA,PE,Não
8555533454886,"AVENIDA DOUTOR PAULO PETRIBU, N. 550, Apto 01, BL 02",PIXETE,"Apartamento, 45.35 de área total, 45.35 de área privativa, 0.00 de área do terreno,  2 qto(s), a.serv, WC, 1 sala(s), cozinha, 1 vaga(s) de garagem.",84756.07,144767.6,41.46,Venda Direta Online,,SAO LOURENCO DA MATA,PE,Não
8787700407549,"AVENIDA DOUTOR PAULO PETRIBU, N. SN, Apto 301, BL18 GLEBA 05",PIXETE,"Apartamento, 63.97 de área total, 45.35 de área privativa, 0.00 de área do terreno,  2 qto(s), WC, 1 sala(s), cozinha, 1 vaga(s) de garagem.",87233.99,149000.0,41.46,Venda Direta Online,,SAO LOURENCO DA MATA,PE,Não
8787700433949,"AVENIDA DOUTOR PAULO PETRIBU, N. SN, Apto 302, BL05, GLB05, DESME.RCH DA MTA III, TIÚ",PIXETE,"Apartamento, 63.97 de área total, 45.35 de área privativa, 0.00 de área do terreno,  2 qto(s), a.serv, WC, 1 sala(s), cozinha, 1 vaga(s) de garagem.",88404.91,151000.0,41.46,Venda Direta Online,,SAO LOURENCO DA MATA,PE,Não
8787702930907,"AVENIDA DOUTOR PAULO PETRIBU, N. SN, Apto 402, BL 21,",PIXETE,"Apartamento, 63.97 de área total, 45.35 de área privativa, 0.00 de área do terreno,  2 qto(s), WC, 1 sala(s), cozinha, 1 vaga(s) de garagem.",90746.77,155000.0,41.46,Licitação Aberta,,SAO LOURENCO DA MATA,PE,Não
1555533530541,"RUA ALDEIA VELHA, N. 316, Apto 101, BL 03 TIPO A",MURIBARA,"Apartamento, 56.72 de área total, 49.12 de área privativa, 0.00 de área do terreno,  2 qto(s), a.serv, WC, 1 sala(s), cozinha, 1 vaga(s) de garagem.",77182.03,131000.0,41.09,Venda Direta Online,,SAO LOURENCO DA MATA,PE,Não
8787715593947,"RUA BARAO DE CARUARU, N. 1399, Apto 003, BL 04, LT 02",MURIBARA,"Apartamento, 69.46 de área total, 53.55 de área privativa, 0.00 de área do terreno,  3 qto(s), a.serv, WC, 1 sala(s), cozinha, Terraco.",107259.62,181000.0,40.75,Venda Direta Online,,SAO LOURENCO DA MATA,PE,Não
1787700440203,"RUA NOVA MORADA, N. 168, Apto 502, BL-07 TIPA",MURIBARA,"Apartamento, 0.00 de área total, 60.12 de área privativa, 0.00 de área do terreno,  2 qto(s), WC, 1 sala(s), cozinha, 1 vaga(s) de garagem.",101904.73,165000.0,38.24,Venda Direta Online,,SAO LOURENCO DA MATA,PE,Não
1444405560209,"RUA GUATEMALA, N. 22, QD11",CHA DA TABUA,"Terreno, 0.00 de área total, 0.00 de área privativa, 574.50 de área do terreno.",101904.73,165000.0,38.24,Venda Direta Online,,SAO LOURENCO DA MATA,PE,Não
8787709705917,"AVENIDA DOUTOR PAULO PETRIBU, N. SN, Apto 001, BL 08",PIXETE,"Apartamento, 75.18 de área total, 57.77 de área privativa, 0.00 de área do terreno,  2 qto(s), a.serv, WC, 1 sala(s), cozinha, 1 vaga(s) de garagem.",104992.75,170000.0,38.24,Venda Direta Online,,SAO LOURENCO DA MATA,PE,Não
1444405609496,"RUA DAVID CANABARRO, N. SN, LT 12, QD 12, LTO LAGOA AZUL",CHA DA TABUA,"Terreno, 0.00 de área total, 0.00 de área privativa, 665.50 de área do terreno.",139731.97,222000.0,37.06,Venda Direta Online,,SAO LOURENCO DA MATA,PE,Não
1444420693915,"RUA OLINDA, N. 165, LT 31 QD 05",PENEDO,"Casa, 104.60 de área total, 104.60 de área privativa, 220.00 de área do terreno,  3 qto(s), a.serv, WC, 1 sala(s), cozinha, Terraco, 1 vaga(s) de garagem.",193743.55,304000.0,36.27,Venda Direta Online,,SAO LOURENCO DA MATA,PE,Sim
8555522986148,"RUA SAO DOMINGOS, N. 1200, Apto 101, 04LOT. PARQUE CENTRAL",PIXETE,"Apartamento, 55.90 de área total, 42.14 de área privativa, 0.00 de área do terreno,  2 qto(s), a.serv, WC, 1 sala(s), cozinha, Terraco, 1 vaga(s) de garagem.",125000.0,125000.0,0.0,Leilão SFI - Edital Único,,SAO LOURENCO DA MATA,PE,Não
8787704203484,"AVENIDA DOUTOR PAULO PETRIBU, N. SN, Apto 102, BL 01 TP 01",PIXETE,"Apartamento, 64.38 de área total, 45.36 de área privativa, 0.00 de área do terreno,  2 qto(s), a.serv, WC, 1 sala(s), cozinha, 1 vaga(s) de garagem.",138000.0,138000.0,0.0,Leilão SFI - Edital Único,,SAO LOURENCO DA MATA,PE,Não
8444429395850,"RUA C, N. SN, QD C LT 01 CS 02",PENEDO,"Casa, 48.83 de área total, 48.83 de área privativa, 138.97 de área do terreno,  2 qto(s), a.serv, WC, 1 sala(s), cozinha, Terraco, 1 vaga(s) de garagem.",185281.92,174000.0,0.0,Leilão SFI - Edital Único,,SAO LOURENCO DA MATA,PE,Não
8444413829007,"RUA PROJETADA 06, N. 30, QD O LT 3",TANCREDO NEVES,"Casa, 0.00 de área total, 102.08 de área privativa, 142.65 de área do terreno,  2 qto(s), a.serv, WC, 1 sala(s), cozinha, Terraco, 1 vaga(s) de garagem.",33293.08,89000.0,62.6,Venda Direta Online,,SERRA TALHADA,PE,Não
1091400001208,"RUA DOUTOR ADOLFO BEZERRA SAMPAIO, N. 185, 0",SAO CRISTOVAO,"Casa, 0.00 de área total, 330.38 de área privativa, 304.38 de área do terreno,  3 qto(s), WC, 1 sala(s), cozinha.",233553.72,500000.0,53.29,Venda Online,,SERRA TALHADA,PE,Sim
8444414174020,"RUA PROJETADA 06, N. 287,",AABB,"Casa, 100.35 de área total, 100.35 de área privativa, 105.00 de área do terreno,  3 qto(s), a.serv, WC, 1 sala(s), cozinha, 1 vaga(s) de garagem.",112073.51,194000.0,42.24,Venda Online,,SERRA TALHADA,PE,Não
1444415877299,"RUA GERALDO SEVERINO DE ANDRADA, N. 214,",TANCREDO NEVES,"Casa, 88.50 de área total, 88.50 de área privativa, 118.30 de área do terreno,  3 qto(s), a.serv, WC, 1 sala(s), cozinha, 1 vaga(s) de garagem.",125569.94,210000.0,40.21,Venda Direta Online,,SERRA TALHADA,PE,Sim
8555508857425,"RUA PROFESSORA MARIA JOSE PEREIRA KEHRLE, N. 1001,",AABB,"Casa, 70.76 de área total, 70.76 de área privativa, 81.00 de área do terreno,  2 qto(s), a.serv, WC, 1 sala(s), cozinha, 1 vaga(s) de garagem.",140000.0,140000.0,0.0,Leilão SFI - Edital Único,,SERRA TALHADA,PE,Não
8444429594039,"RUA PROJETADA 2, N. 63, QD C LT 17",Lot Moxoto,"Casa, 81.96 de área total, 81.96 de área privativa, 108.00 de área do terreno,  3 qto(s), WC, 2 sala(s), cozinha, Terraco.",83721.21,143000.0,41.46,Venda Direta Online,,SERTANIA,PE,Não
1444414208172,"AV PRINCIPAL, N. SN, QD I LT 06",RUFINO FERREI,"Casa, 0.00 de área total, 161.05 de área privativa, 816.00 de área do terreno,  3 qto(s), varanda, WC, 1 sala(s), cozinha.",185267.27,306000.0,39.46,Venda Direta Online,,SERTANIA,PE,Sim
1444406185258,"RUA ANTONIO RIBEIRO, N. SN, LT 05 QD E",BARRA DE SIRINHAEM,"Terreno, 0.00 de área total, 0.00 de área privativa, 300.00 de área do terreno.",199118.44,362337.0,45.05,Venda Direta Online,,SIRINHAEM,PE,Sim
1444407169736,"RUA PROJETADA, N. SN, LT 08 QD F",BARRA DE SIRINHAEM,"Terreno, 0.00 de área total, 0.00 de área privativa, 396.00 de área do terreno.",62342.46,113000.0,44.83,Venda Direta Online,,SIRINHAEM,PE,Não
10220161,"RUA PROJETADA, N. 00, QD E, LT 02",BARRA DE SIRINHAEM,"Terreno, 0.00 de área total, 0.00 de área privativa, 396.00 de área do terreno.",361414.56,630100.0,42.65,Venda Direta Online,,SIRINHAEM,PE,Sim
1444419759797,"RUA PROJETADA, N. SN, QD E, LT 01",P. MARISOL SIRINHAEM,"Terreno, 0.00 de área total, 0.00 de área privativa, 510.00 de área do terreno.",188007.72,295000.0,36.27,Venda Direta Online,,SIRINHAEM,PE,Sim
1004500094908,"RUA PROJETADA, N. SN, LTS 10 E 11 QD P",BARRA DE SIRINHAEM,"Casa, 272.08 de área total, 272.08 de área privativa, 806.76 de área do terreno,  5 qto(s), a.serv, WC, 1 sala(s), cozinha, Terraco.",363000.0,363000.0,0.0,Leilão SFI - Edital Único,,SIRINHAEM,PE,Não
8444423612965,"ESTRADA VELHA, N. 03, LT 02",CENTRO,"Casa, 69.60 de área total, 69.60 de área privativa, 145.94 de área do terreno,  3 qto(s), a.serv, WC, 1 sala(s), cozinha, Terraco.",72743.78,142000.0,48.78,Venda Online,,TACAIMBO,PE,Não
10274604,"RUA ANTÔNIO TORQUATO VIEIRA, N. 00, GLEBA 2-A",CENTRO,"Casa, 0.00 de área total, 909.75 de área privativa, 6678.61 de área do terreno.",2268042.27,3650000.0,37.87,Venda Direta Online,,TAMANDARE,PE,Sim
8444415278130,"RUA JOÃO BARBOSA, N. 12,",CENTRO,"Casa, 72.03 de área total, 72.03 de área privativa, 114.66 de área do terreno,  2 qto(s), a.serv, WC, 1 sala(s), cozinha.",110000.0,110000.0,0.0,Leilão SFI - Edital Único,,TAQUARITINGA DO NORTE,PE,Não
8444418921327,"RUA PROJETADA R2, N. 362, LT 14 QD D",RENDEIRAS,"Casa, 0.00 de área total, 73.12 de área privativa, 200.00 de área do terreno,  3 qto(s), a.serv, WC, 1 sala(s), cozinha, Terraco.",77511.37,163500.0,52.6,Venda Direta Online,,TERRA VERMELHA,PE,Sim
1444416458672,"R 04 DE OUTUBRO, N. 29,",CENTRO,"Casa, 0.00 de área total, 403.41 de área privativa, 103.41 de área do terreno, WC.",360375.7,908000.0,60.32,Venda Direta Online,,TORITAMA,PE,Sim
1444415383571,"BR 104 KM 32, N. 1010, LJ  338,",SEM DENOMINACAO LEGA,"Casa, 0.00 de área total, 16.00 de área privativa, 1.00 de área do terreno.",61294.56,150000.0,59.14,Venda Direta Online,,TORITAMA,PE,Não
1444414265575,"RODOVIA BR 104 KM 34, N. 1010, LOJA 343",CENTRO,"Loja, 0.00 de área total, 16.00 de área privativa, 0.01 de área do terreno, 2 sala(s).",140132.54,306000.0,54.21,Venda Direta Online,,TORITAMA,PE,Não
1444415166953,"BR 104 KM 32, N. 1010, LJ 520, RUA 20",PARQUE DAS PEDRAS,"Loja, 0.00 de área total, 25.49 de área privativa, 29.48 de área do terreno, 1 sala(s).",275990.38,564998.98,51.16,Venda Direta Online,,TORITAMA,PE,Não
8444419360892,"AV. PRINCIPAL 1, N. 142, QD K LT 19",LOT CAMPO ALEGRE,"Casa, 99.55 de área total, 99.55 de área privativa, 125.00 de área do terreno,  2 qto(s), a.serv, WC, 1 sala(s), cozinha.",59329.62,115000.0,48.41,Venda Direta Online,,TORITAMA,PE,Não
1444414264960,"RODOVIA BR - 104 KM 34 - RUA 22, N. 1010, LOJA 344",PARQUE DAS FEIRAS,"Loja, 19.99 de área total, 16.00 de área privativa, 0.00 de área do terreno.",200435.34,370000.0,45.83,Venda Direta Online,,TORITAMA,PE,Não
1444414076462,"RODOVIA BR 104 KM 34, N. 1010, LOJA 408",CENTRO,"Loja, 16.00 de área total, 16.00 de área privativa, 0.00 de área do terreno, 1 sala(s).",134887.57,249000.0,45.83,Venda Direta Online,,TORITAMA,PE,Não
1444418583695,"BR 104 KM 32, N. 1010, LOJA 208",CENTRO,"Loja, 23.99 de área total, 20.00 de área privativa, 0.00 de área do terreno, 1 sala(s).",176058.07,325000.0,45.83,Venda Online,,TORITAMA,PE,Não
1444416015720,"BR 104 KM 32, N. 1010, LJ  468",PARQUE DAS PEDRAS,"Loja, 16.00 de área total, 16.00 de área privativa, 0.00 de área do terreno.",192338.78,350000.0,45.05,Venda Direta Online,,TORITAMA,PE,Não
1444414524660,"RODOVIA BR 104 KM 34, N. 1010, Apto 422, 2ª ETP, N 2, RUA 21",CENTRO,"Loja, 16.00 de área total, 16.00 de área privativa, 0.00 de área do terreno.",156618.72,285000.0,45.05,Venda Direta Online,,TORITAMA,PE,Não
1444414829053,"ROD BR 104 KM 32, N. 1010, LOJA 468",PARQUE DAS PEDRAS,"Loja, 0.00 de área total, 16.00 de área privativa, 0.00 de área do terreno.",114288.56,205000.0,44.25,Venda Online,,TORITAMA,PE,Não
1444420719876,"RUA 20, N. 1010, BR 104 KM 32 L 475",PARQUE DAS PEDRAS,"Loja, 19.99 de área total, 16.00 de área privativa, 0.00 de área do terreno, 2 sala(s).",206330.5,350000.0,41.05,Venda Direta Online,,TORITAMA,PE,Não
8444417212551,"RUA ESPIRITO SANTO, N. 198,",ALTO DA TORRE,"Casa, 160.00 de área total, 70.00 de área privativa, 160.00 de área do terreno,  2 qto(s), varanda, a.serv, WC, 1 sala(s), cozinha, Terraco.",165322.22,270000.0,38.77,Licitação Aberta,,TRINDADE,PE,Não
8444418997498,"RUA 12, N. 67, LT. 37 QD U",BELA VISTA,"Casa, 0.00 de área total, 50.73 de área privativa, 200.00 de área do terreno,  2 qto(s), WC, 1 sala(s), cozinha, Terraco.",70701.1,130000.0,45.62,Venda Direta Online,,VITORIA DE SANTO ANTAO,PE,Não
