link,endereco,bairro,descricao,preco,avaliacao,desconto,modalidade,foto,cidade,estado,financiamento
8444420618601,"RUA VIA DE ACESSO 01, N. SN, LT 16, QD A",LOT ASA BRANCA,"Casa, 65.47 de área total, 65.47 de área privativa, 129.60 de área do terreno,  2 qto(s), a.serv, WC, 1 sala(s), cozinha, Terraco.",64009.67,130000.0,50.77,Venda Direta Online,,ALHANDRA,PB,Não
8444404485198,"RUA LOCAL 05, N. S/N, QD-B, LT 27",LOT PORTAL DAS PRAIA,"Casa, 59.95 de área total, 59.95 de área privativa, 160.00 de área do terreno,  2 qto(s), WC, 1 sala(s), cozinha, Terraco.",72988.41,126000.0,42.08,Venda Online,,ALHANDRA,PB,Não
8555505446017,"RUA PROJETADA, N. SN, QD B, LT 07",Mata Redonda,"Casa, 81.20 de área total, 81.20 de área privativa, 225.00 de área do terreno,  2 qto(s), a.serv, WC, 1 sala(s), cozinha, Terraco, 1 vaga(s) de garagem.",81964.82,140000.0,41.46,Venda Direta Online,,ALHANDRA,PB,Não
1444404755049,"RUA PROJETADA, N. SN,",CENTRO,"Terreno, 0.00 de área total, 0.00 de área privativa, 250.00 de área do terreno.",139776.3,52300.0,0.0,Leilão SFI - Edital Único,,BANANEIRAS,PB,Não
8444426982224,"RUA SAO JOAO BATISTA, N. 95, CASA 05",MARIO ANDREAZZA,"Casa, 0.00 de área total, 47.75 de área privativa, 800.00 de área do terreno,  2 qto(s), a.serv, WC, 1 sala(s), cozinha, 1 vaga(s) de garagem.",33884.12,124000.0,72.68,Venda Online,,BAYEUX,PB,Não
8444415707790,"RUA MARIA DO CARMO DOS SANTOS, N. 137, QD 12, LT A7, CS 01",COMERCIAL NORTE,"Casa, 0.00 de área total, 71.91 de área privativa, 120.00 de área do terreno,  2 qto(s), a.serv, WC, 2 sala(s), cozinha, Terraco.",44209.13,145812.92,69.69,Venda Direta Online,,BAYEUX,PB,Não
8555512688624,"RUA DA NATIVIDADE, N. 40, CS 03",COMERCIAL NORTE,"Casa, 0.00 de área total, 44.00 de área privativa, 360.00 de área do terreno,  2 qto(s), a.serv, WC, 1 sala(s), cozinha, 1 vaga(s) de garagem.",33811.37,104000.0,67.49,Venda Online,,BAYEUX,PB,Não
8444408572729,"RUA PROJETADA, N. 143, CS 4 QD D  LT 03",COMERCIAL NORTE,"Casa, 0.00 de área total, 46.57 de área privativa, 103.31 de área do terreno,  2 qto(s), WC, 1 sala(s), cozinha, Terraco, 1 vaga(s) de garagem.",31806.88,96000.0,66.87,Venda Direta Online,,BAYEUX,PB,Não
8444406149314,"RUA NOVE DE NOVEMBRO, N. 72, CS B",COMERCIAL NORTE,"Casa, 0.00 de área total, 60.00 de área privativa, 106.67 de área do terreno,  2 qto(s), a.serv, WC, 1 sala(s), cozinha, Terraco, 1 vaga(s) de garagem.",42983.64,128000.0,66.42,Venda Online,,BAYEUX,PB,Não
8444417481803,"RUA NATIVIDADE, N. 37, QD 16 LT E",COMERCIAL NORTE,"Casa, 0.00 de área total, 52.66 de área privativa, 120.00 de área do terreno,  2 qto(s), a.serv, WC, 1 sala(s), cozinha, Terraco, 1 vaga(s) de garagem.",40532.51,119500.0,66.09,Venda Online,,BAYEUX,PB,Não
8444414425538,"RUA JOAQUIM RODRIGUES DE SOUZA, N. 257, CS B, QD K, LT 10-A",COMERCIAL NORTE,"Casa, 0.00 de área total, 60.00 de área privativa, 120.00 de área do terreno,  2 qto(s), a.serv, WC, 1 sala(s), cozinha, Terraco, 1 vaga(s) de garagem.",45254.5,128000.0,64.65,Venda Online,,BAYEUX,PB,Não
8444406183644,"RUA 09 DE NOVEMBRO, N. 72, CS C, CON RES GONCALVES V",LOT SONHO VERDE,"Casa, 0.00 de área total, 60.00 de área privativa, 106.67 de área do terreno,  2 qto(s), a.serv, WC, 1 sala(s), cozinha, Terraco, 1 vaga(s) de garagem.",40036.26,109000.0,63.27,Venda Online,,BAYEUX,PB,Não
8444405847913,"RUA VEREADOR DORGIVAL DANTAS, N. 255, CS 01",COMERCIAL NORTE,"Casa, 0.00 de área total, 46.57 de área privativa, 360.00 de área do terreno,  2 qto(s), a.serv, WC, 1 sala(s), cozinha, Terraco, 1 vaga(s) de garagem.",42705.34,112000.0,61.88,Venda Direta Online,,BAYEUX,PB,Não
8444424649340,"RUA MARIA DO CARMO DOS SANTOS, N. 117, CS 05",COMERCIAL NORTE,"Casa, 0.00 de área total, 52.62 de área privativa, 134.20 de área do terreno,  2 qto(s), a.serv, WC, 1 sala(s), cozinha, Terraco, 2 vaga(s) de garagem.",41180.16,108000.0,61.88,Venda Direta Online,,BAYEUX,PB,Não
8444408858584,"RUA PROJETADA, N. 171, CS 02, LT. COLINA VERDE",AREA RURAL DE BAYUEX,"Casa, 0.00 de área total, 45.66 de área privativa, 90.00 de área do terreno,  2 qto(s), a.serv, WC, 1 sala(s), cozinha, Terraco, 1 vaga(s) de garagem.",40798.86,107000.0,61.88,Venda Direta Online,,BAYEUX,PB,Não
8444416990933,"RUA NATIVIDADE, N. 37, CS 02 QD16 LT E",COMERCIAL NORTE,"Casa, 0.00 de área total, 52.66 de área privativa, 120.00 de área do terreno,  2 qto(s), a.serv, WC, 1 sala(s), cozinha, Terraco, 1 vaga(s) de garagem.",46672.64,122000.0,61.75,Venda Direta Online,,BAYEUX,PB,Não
8444406041548,"RUA PROJETADA VL-05, N. 250, CS 01 COND RES PANORAMICO",LOT RES PANORAMICO,"Casa, 0.00 de área total, 45.72 de área privativa, 67.66 de área do terreno,  2 qto(s), a.serv, WC, 1 sala(s), cozinha, Terraco, 1 vaga(s) de garagem.",33822.42,87500.0,61.35,Venda Direta Online,,BAYEUX,PB,Não
8444404308709,"RUA JOSE PAULINO FILHO, N. 270, CS 03 RUA PROJETADA 19",COMERCIAL NORTE,"Casa, 0.00 de área total, 46.58 de área privativa, 186.30 de área do terreno,  2 qto(s), a.serv, WC, 1 sala(s), cozinha, Terraco, 1 vaga(s) de garagem.",37104.16,95990.0,61.35,Venda Direta Online,,BAYEUX,PB,Não
8444404257977,"RUA GOVERNADOR ANTONIO MARIZ, N. 266, CS 03",COMERCIAL NORTE,"Casa, 0.00 de área total, 49.88 de área privativa, 200.67 de área do terreno,  2 qto(s), WC, 1 sala(s), Terraco.",50669.57,131000.0,61.33,Venda Direta Online,,BAYEUX,PB,Não
8555509510569,"RUA SAO JOAO BATISTA, N. 47, CS 03-C",COMERCIAL NORTE,"Casa, 0.00 de área total, 53.67 de área privativa, 143.50 de área do terreno,  2 qto(s), a.serv, WC, 1 sala(s), cozinha, Terraco, 1 vaga(s) de garagem.",52990.32,137000.0,61.33,Venda Online,,BAYEUX,PB,Não
8444406161489,"RUA VEREADOR DORGIVAL DANTAS, N. 285, CS 01 COND RES VILLA CLARA",COMERCIAL NORTE,"Casa, 0.00 de área total, 51.81 de área privativa, 117.42 de área do terreno,  2 qto(s), a.serv, WC, 1 sala(s), cozinha, Terraco, 1 vaga(s) de garagem.",39192.73,97000.0,59.6,Venda Direta Online,,BAYEUX,PB,Não
8444401330487,"RUA MANOEL PAULINO GOMES, N. 251,  .",CENTRO,"Casa, 0.00 de área total, 46.57 de área privativa, 81.41 de área do terreno,  2 qto(s), a.serv, WC, 1 sala(s), cozinha, Terraco, 1 vaga(s) de garagem.",35911.87,81000.0,55.67,Venda Direta Online,,BAYEUX,PB,Não
8444402400870,"RUA PROJETADA 02, N. 180, CASA 04",CENTRO,"Casa, 0.00 de área total, 46.57 de área privativa, 105.05 de área do terreno,  2 qto(s), a.serv, WC, 1 sala(s), cozinha, Terraco, 1 vaga(s) de garagem.",35025.16,79000.0,55.67,Venda Direta Online,,BAYEUX,PB,Não
8444413937470,"RUA MARIA DO CARMO DOS SANTOS, N. 137, CS 02",COMERCIAL NORTE,"Casa, 0.00 de área total, 71.92 de área privativa, 120.00 de área do terreno,  2 qto(s), a.serv, WC, 1 sala(s), cozinha, Terraco, 1 vaga(s) de garagem.",63488.32,137000.0,53.66,Venda Direta Online,,BAYEUX,PB,Não
8444406666378,"RUA JORGE AMADO, N. 105, CS 02, LOT. PANORAMICO",COMERCIAL NORTE,"Casa, 45.72 de área total, 45.72 de área privativa, 75.52 de área do terreno,  2 qto(s), a.serv, WC, 1 sala(s), cozinha, Terraco, 1 vaga(s) de garagem.",51236.88,107500.0,52.34,Venda Direta Online,,BAYEUX,PB,Não
8787710138583,"RUA MANOEL PAULINO GOMES, N. 535, Apto 204-, 204B",COMERCIAL NORTE,"Apartamento, 67.47 de área total, 52.78 de área privativa, 0.00 de área do terreno,  2 qto(s), WC, 1 sala(s), cozinha, Terraco, 1 vaga(s) de garagem.",68446.63,140000.0,51.11,Venda Direta Online,,BAYEUX,PB,Não
8444408646625,"R PROJETADA, N. 251, CS 104",AEROPORTO,"Casa, 54.00 de área total, 54.00 de área privativa, 84.00 de área do terreno,  2 qto(s), a.serv, WC, 1 sala(s), cozinha, Terraco, 1 vaga(s) de garagem.",52945.92,108000.0,50.98,Venda Direta Online,,BAYEUX,PB,Não
8444404547614,"RUA PROJETADA SETOR 20, N. 41, CASA 03",COMERCIAL NORTE,"Casa, 46.58 de área total, 46.58 de área privativa, 186.30 de área do terreno,  2 qto(s), a.serv, WC, 1 sala(s), cozinha, Terraco, 1 vaga(s) de garagem.",52455.68,107000.0,50.98,Venda Direta Online,,BAYEUX,PB,Não
8444405371986,"R VITORIA, N. 240, CS 01",LOT RES PANORAMICO,"Casa, 45.72 de área total, 45.72 de área privativa, 66.71 de área do terreno,  2 qto(s), a.serv, WC, 1 sala(s), cozinha, 1 vaga(s) de garagem.",44779.29,91000.0,50.8,Venda Direta Online,,BAYEUX,PB,Não
8444414789548,"RUA MARECHAL CASTELO BRANCO, N. 308,  CS N 02",COMERCIAL NORTE,"Casa, 77.53 de área total, 46.57 de área privativa, 83.46 de área do terreno,  2 qto(s), a.serv, WC, 1 sala(s), cozinha, Terraco, 1 vaga(s) de garagem.",43260.8,87914.14,50.8,Venda Direta Online,,BAYEUX,PB,Não
8444402400942,"PROJETADA 02, N. 180, CASA NO. 02",COMERCIAL NORTE,"Casa, 58.07 de área total, 46.57 de área privativa, 88.54 de área do terreno,  2 qto(s), a.serv, WC, 1 sala(s), cozinha, Terraco, 1 vaga(s) de garagem.",35911.87,72000.0,50.13,Venda Direta Online,,BAYEUX,PB,Não
8444404481982,"RUA PROJETADA SETOR 20, N. 40, ATUALMENTE RUA NOBERTO PAIVA",COMERCIAL NORTE,"Casa, 61.92 de área total, 46.58 de área privativa, 83.60 de área do terreno,  2 qto(s), a.serv, WC, 1 sala(s), cozinha, Terraco, 1 vaga(s) de garagem.",52999.77,106000.0,50.01,Venda Direta Online,,BAYEUX,PB,Não
8444403031622,"RUA PROJETADA, N. 500, CS 06",MARIO ANDREAZZA,"Casa, 87.90 de área total, 47.10 de área privativa, 99.14 de área do terreno,  2 qto(s), a.serv, WC, 1 sala(s), cozinha, Terraco, 1 vaga(s) de garagem.",53999.76,108000.0,50.01,Venda Direta Online,,BAYEUX,PB,Não
8444407977318,"RUA PROJETADA 03, N. 63, CS 01",LOT COLINA VERDE,"Casa, 0.00 de área total, 46.57 de área privativa, 81.41 de área do terreno,  2 qto(s), WC, 1 sala(s), cozinha, Terraco, 1 vaga(s) de garagem.",57179.99,114000.0,49.85,Venda Direta Online,,BAYEUX,PB,Não
8444429526670,"RUA VISTA PANORAMICA, N. 15, QD B, LT B18, CS B",COMERCIAL NORTE,"Casa, 107.55 de área total, 71.50 de área privativa, 168.00 de área do terreno,  3 qto(s), a.serv, WC, 1 sala(s), cozinha, Terraco.",81096.57,161000.0,49.63,Venda Direta Online,,BAYEUX,PB,Sim
8444416214429,"RUA MARECHAL CASTELO BRANCO, N. 320, CS LT 15 QD 05",COMERCIAL NORTE,"Casa, 77.53 de área total, 46.57 de área privativa, 0.00 de área do terreno,  2 qto(s), a.serv, WC, 1 sala(s), cozinha, Terraco, 1 vaga(s) de garagem.",54718.95,108600.0,49.62,Venda Online,,BAYEUX,PB,Não
8444415649871,"RUA NATIVIDADE, N. 37, CS LT E QD 16",CENTRO,"Casa, 72.51 de área total, 52.66 de área privativa, 120.00 de área do terreno,  2 qto(s), a.serv, WC, 1 sala(s), cozinha, Terraco, 1 vaga(s) de garagem.",58589.43,115897.22,49.45,Venda Online,,BAYEUX,PB,Não
8444405972807,"AVENIDA FRANCISCO MARQUES DA FONSECA, N. 265, CS 01",IMACULADA,"Casa, 80.73 de área total, 46.57 de área privativa, 81.41 de área do terreno,  2 qto(s), a.serv, WC, 1 sala(s), cozinha, Terraco, 1 vaga(s) de garagem.",46096.33,91000.0,49.35,Venda Direta Online,,BAYEUX,PB,Não
8444407770187,"AVENIDA FRANCISCO MARQUES DA FONSECA, N. 73, CS 01",IMACULADA,"Casa, 0.00 de área total, 46.57 de área privativa, 186.30 de área do terreno,  2 qto(s), a.serv, WC, 1 sala(s), cozinha, Terraco, 1 vaga(s) de garagem.",47615.98,94000.0,49.35,Venda Direta Online,,BAYEUX,PB,Não
8444407978357,"AVENIDA FRANCISCO MARQUES DA FONSECA, N. 63, CS 03",IMACULADA,"Casa, 59.19 de área total, 46.57 de área privativa, 186.30 de área do terreno,  2 qto(s), a.serv, WC, 1 sala(s), cozinha, Terraco, 1 vaga(s) de garagem.",45589.77,90000.0,49.35,Venda Direta Online,,BAYEUX,PB,Não
8444407349694,"RUA JOSE PAULINO FILHO, N. 133, CS 101",COMERCIAL NORTE,"Casa, 68.67 de área total, 68.67 de área privativa, 95.80 de área do terreno,  3 qto(s), a.serv, WC, 1 sala(s), cozinha, 1 vaga(s) de garagem.",64878.59,128000.0,49.32,Venda Direta Online,,BAYEUX,PB,Não
8444407561065,"RUA PROJETADA 03, N. 41, CS 04",COMERCIAL NORTE,"Casa, 46.57 de área total, 46.57 de área privativa, 0.00 de área do terreno,  2 qto(s), a.serv, WC, 1 sala(s), Terraco, 1 vaga(s) de garagem.",64911.76,127000.0,48.89,Venda Online,,BAYEUX,PB,Não
8444426524757,"RUA PROJETADA 06, N. SN, CS 101,  LT10 QD 35",JARDIM AEROPORTO,"Casa, 82.95 de área total, 56.45 de área privativa, 84.00 de área do terreno,  2 qto(s), a.serv, WC, 1 sala(s), cozinha, Terraco, 1 vaga(s) de garagem.",54086.85,105169.34,48.58,Venda Direta Online,,BAYEUX,PB,Não
8444432784358,"RUA PROJETADA 02, N. 41, CS101 LT16 QD2B",COMERCIAL NORTE,"Casa, 90.00 de área total, 54.00 de área privativa, 180.00 de área do terreno,  2 qto(s), WC, 1 sala(s), cozinha, 1 vaga(s) de garagem.",77350.6,149660.1,48.32,Venda Direta Online,,BAYEUX,PB,Não
8444407559834,"AVENIDA FRANCISCO MARQUES DA FONSECA, N. 41,",IMACULADA,"Casa, 0.00 de área total, 46.57 de área privativa, 81.41 de área do terreno,  2 qto(s), a.serv, WC, 1 sala(s), cozinha, Terraco, 1 vaga(s) de garagem.",66210.91,127000.0,47.87,Venda Online,,BAYEUX,PB,Não
8444407560620,"RUA PROJETADA 3, N. 41, CS 02",Ver Genival A Santos,"Casa, 0.00 de área total, 46.57 de área privativa, 93.87 de área do terreno,  2 qto(s), a.serv, WC, 1 sala(s), cozinha, Terraco, 1 vaga(s) de garagem.",69889.29,127000.0,44.97,Venda Direta Online,,BAYEUX,PB,Não
8444401918670,"RUA PROJETADA 10 (RUA NOSSA SENHORA APARECIDA), N. 94, CS 02",COMERCIAL NORTE,"Casa, 58.59 de área total, 58.59 de área privativa, 104.43 de área do terreno,  2 qto(s), a.serv, WC, 1 sala(s), cozinha, Terraco, 1 vaga(s) de garagem.",67068.27,120000.0,44.11,Venda Direta Online,,BAYEUX,PB,Não
8444405747064,"RUA SAO JOAO BATISTA, N. 5,",MARIO ANDREAZZA,"Casa, 49.70 de área total, 49.70 de área privativa, 77.40 de área do terreno,  2 qto(s), varanda, WC, 1 sala(s), cozinha, Terraco, 1 vaga(s) de garagem.",58285.46,102000.0,42.86,Venda Online,,BAYEUX,PB,Não
8444407978020,"AVENIDA FRANCISCO MARQUES DA FONSECA, N. 63, CS 2",IMACULADA,"Casa, 72.19 de área total, 46.57 de área privativa, 93.87 de área do terreno,  2 qto(s), a.serv, WC, 1 sala(s), cozinha, Terraco, 1 vaga(s) de garagem.",49786.93,86000.0,42.11,Venda Online,,BAYEUX,PB,Não
8444422659607,"RUA PROJETADA, N. 36, CS A",COMERCIAL NORTE,"Casa, 79.63 de área total, 59.63 de área privativa, 0.00 de área do terreno,  2 qto(s), a.serv, WC, 1 sala(s), cozinha, 1 vaga(s) de garagem.",76464.05,132000.0,42.08,Licitação Aberta,,BAYEUX,PB,Não
8555505888184,"RUA PROJETADA, N. 336, CS 102",JARDIM AEROPORTO,"Casa, 51.25 de área total, 51.25 de área privativa, 210.00 de área do terreno,  2 qto(s), WC, 1 sala(s), cozinha, 1 vaga(s) de garagem.",81555.0,139300.0,41.46,Venda Direta Online,,BAYEUX,PB,Não
8444406487007,"RUA PROJETADA SETOR 17, N. 300, CS 01",CENTRO COMERC NORTE,"Casa, 59.19 de área total, 46.57 de área privativa, 81.41 de área do terreno,  2 qto(s), a.serv, WC, 1 sala(s), cozinha, 1 vaga(s) de garagem.",122000.0,122000.0,0.0,Leilão SFI - Edital Único,,BAYEUX,PB,Não
1444419324138,"ALAMEDA BACURAU, N. 38, 3 QD BA1",COMERCIAL NORTE,"Casa, 229.55 de área total, 229.55 de área privativa, 424.50 de área do terreno,  3 qto(s), a.serv, WC, WC Emp, 1 sala(s), 1 lavabo(s), DCE, cozinha, Terraco, 1 vaga(s) de garagem.",1250000.0,1250000.0,0.0,Leilão SFI - Edital Único,,BAYEUX,PB,Não
8444401956610,"RUA CELESTINO BARBOSA, N. 804, CS 02",COMERCIAL NORTE,"Casa, 51.90 de área total, 51.90 de área privativa, 0.00 de área do terreno,  2 qto(s), a.serv, WC, 1 sala(s), cozinha, Terraco, 1 vaga(s) de garagem.",115000.0,115000.0,0.0,Leilão SFI - Edital Único,,BAYEUX,PB,Não
8444405935979,"RUA VEREADOR DORGIVAL DANTAS, N. 255, LOTE O3",COMERCIAL NORTE,"Casa, 72.19 de área total, 46.57 de área privativa, 81.41 de área do terreno,  2 qto(s), a.serv, WC, 1 sala(s), cozinha, Terraco, 1 vaga(s) de garagem.",95000.0,95000.0,0.0,Leilão SFI - Edital Único,,BAYEUX,PB,Não
8444407138065,"RUA PROJETADA, N. 271, CS 3",COMERCIAL NORTE,"Casa, 46.57 de área total, 46.57 de área privativa, 81.42 de área do terreno,  2 qto(s), a.serv, WC, 1 sala(s), cozinha, Terraco, 1 vaga(s) de garagem.",123000.0,123000.0,0.0,Leilão SFI - Edital Único,,BAYEUX,PB,Não
8444425430872,"RUA GOVERNADOR ANTONIO MARIZ, N. 336, Apto 02, LT 19 QD 09",COMERCIAL NORTE,"Apartamento, 67.74 de área total, 67.74 de área privativa, 0.00 de área do terreno,  2 qto(s), a.serv, WC, 1 sala(s), cozinha, 1 vaga(s) de garagem.",126554.3,116000.0,0.0,Leilão SFI - Edital Único,,BAYEUX,PB,Não
8444407289322,"AVENIDA RAIMUNDO GONCALVES DE ALMEIDA, N. 535, 0",CENTRO,"Casa, 0.00 de área total, 90.12 de área privativa, 171.00 de área do terreno,  2 qto(s), a.serv, WC, 1 sala(s), cozinha, 1 vaga(s) de garagem.",39411.58,100000.0,60.59,Venda Direta Online,,BOM SUCESSO,PB,Não
8444404838198,"RUA A SER CRIADA ( R. FRAN. GONÇALVES ALMEIDA), N. S/N,",CENTRO,"Casa, 78.60 de área total, 78.60 de área privativa, 144.00 de área do terreno,  2 qto(s), WC, 1 sala(s), cozinha, Terraco.",55118.65,113122.35,51.28,Venda Direta Online,,BOM SUCESSO,PB,Não
8444409210022,"RUA FRANCISCO PEREIRA DA SILVA, N. 04, QD 003 LT 004 ZONA 02",CENTRO,"Casa, 62.40 de área total, 62.40 de área privativa, 97.76 de área do terreno,  3 qto(s), WC, 1 sala(s), cozinha, Terraco.",75000.0,75000.0,0.0,Leilão SFI - Edital Único,,BONITO DE SANTA FE,PB,Não
1555518555059,"RUA JOAO FERNANDES, N. 338, TÉRREO",CENTRO,"Casa, 0.00 de área total, 219.32 de área privativa, 388.29 de área do terreno,  3 qto(s), WC, 1 sala(s), cozinha.",166582.18,317000.0,47.46,Venda Direta Online,,BREJO DO CRUZ,PB,Sim
8444425277306,"RUA ELVIRA FERNANDES DUTRA, N. SN,",Joao Agripino,"Casa, 60.03 de área total, 60.03 de área privativa, 212.60 de área do terreno,  2 qto(s), a.serv, WC, 1 sala(s), cozinha.",44484.93,76577.92,41.91,Venda Direta Online,,BREJO DO CRUZ,PB,Não
8444424509386,"RUA ENILDO COUTINHO DE OLIVEIRA, N. 118,",CENTRO,"Casa, 132.00 de área total, 60.27 de área privativa, 132.00 de área do terreno,  2 qto(s), a.serv, WC, 1 sala(s), cozinha, 1 vaga(s) de garagem.",66906.04,132000.0,49.32,Venda Direta Online,,CAAPORA,PB,Não
1444406133495,"RUA GOLFO DE BISCAIA, N. 72, Apto 301, QD 34 LT 08",INTERMARES,"Apartamento, 0.00 de área total, 62.67 de área privativa, 0.00 de área do terreno,  2 qto(s), varanda, WC, 1 sala(s), cozinha, 1 vaga(s) de garagem.",320000.0,320000.0,0.0,Leilão SFI - Edital Único,,CABEDELO,PB,Não
1787702831390,"RUA GOLFO DE CORONATION, N. 668, Apto 702, TORRE 2 VG 241 LT B1 QD SD",PONTA DE CAMPINA,"Apartamento, 71.49 de área total, 45.50 de área privativa, 0.00 de área do terreno,  2 qto(s), varanda, WC, 1 sala(s), cozinha, 1 vaga(s) de garagem.",288000.0,260000.0,0.0,Leilão SFI - Edital Único,,CABEDELO,PB,Não
8787707493114,"RUA ANTONIO SOARES DE GOES, N. 503",CIDADES,"Casa, 0.00 de área total, 50.00 de área privativa, 148.20 de área do terreno,  2 qto(s), WC, 1 sala(s), cozinha.",35866.41,115000.0,68.82,Venda Online,,CAMPINA GRANDE,PB,Não
8787706167205,"RUA WALMIR PAULO, N. 388, LT 24 QD F",CIDADES,"Casa, 0.00 de área total, 50.00 de área privativa, 148.20 de área do terreno,  2 qto(s), WC, 1 sala(s), cozinha, 1 vaga(s) de garagem.",39083.02,102500.0,61.88,Venda Direta Online,,CAMPINA GRANDE,PB,Não
8444424013410,"RUA ALUIZIO JOSE DE ARAUJO, N. 445",CIDADES,"Casa, 0.00 de área total, 50.00 de área privativa, 148.20 de área do terreno,  2 qto(s), WC, 1 sala(s), cozinha, Terraco, 1 vaga(s) de garagem.",37835.12,96000.0,60.59,Venda Direta Online,,CAMPINA GRANDE,PB,Não
8787704841812,"R ALUIZIO JOSE DE ARAUJO, N. 180, ANT. QD.B, LT.43",CIDADES,"Casa, 0.00 de área total, 50.00 de área privativa, 148.20 de área do terreno,  2 qto(s), a.serv, WC, 1 sala(s), cozinha.",38156.11,90000.0,57.61,Venda Direta Online,,CAMPINA GRANDE,PB,Não
8787707154859,"RUA WALMIR PAULO, N. 436, LT 18 QD F",CIDADES,"Casa, 50.00 de área total, 50.00 de área privativa, 148.20 de área do terreno,  2 qto(s), a.serv, WC, 1 sala(s), cozinha, Terraco, 1 vaga(s) de garagem.",41525.64,94000.0,55.83,Venda Online,,CAMPINA GRANDE,PB,Não
8787704542912,"RUA TENENTE JOSE PESSOA DE VASCONCELOS, N. 282, LT 29 QD C",CIDADES,"Casa, 0.00 de área total, 50.00 de área privativa, 148.20 de área do terreno,  2 qto(s), WC, 1 sala(s), cozinha, Terraco, 1 vaga(s) de garagem.",45980.18,100000.0,54.02,Venda Direta Online,,CAMPINA GRANDE,PB,Não
8787706604621,"RUA ANTONIO SOARES DE GOES, N. 351, LT 03 - QD G",TRES IRMAS,"Casa, 0.00 de área total, 50.00 de área privativa, 148.20 de área do terreno,  2 qto(s), a.serv, WC, 1 sala(s), cozinha, 1 vaga(s) de garagem.",53428.33,110000.0,51.43,Venda Direta Online,,CAMPINA GRANDE,PB,Não
8444422079449,"RUA ROBERIO MARACAJA HENRIQUE, N. 26, Apto 002",TRES IRMAS,"Apartamento, 0.00 de área total, 54.99 de área privativa, 0.00 de área do terreno,  2 qto(s), a.serv, WC, 1 sala(s), cozinha, Terraco, 1 vaga(s) de garagem.",65178.25,134000.0,51.36,Venda Online,,CAMPINA GRANDE,PB,Não
8444411387937,"RUA GENEZ CORDEIRO DUARTE, N. 120,",TRES IRMAS,"Casa, 80.01 de área total, 52.50 de área privativa, 80.00 de área do terreno,  2 qto(s), a.serv, WC, 1 sala(s), cozinha, Terraco, 1 vaga(s) de garagem.",54416.63,111000.0,50.98,Venda Direta Online,,CAMPINA GRANDE,PB,Não
8787704680401,"RUA ALUIZIO JOSE DE ARAUJO, N. 212, LT 39 - QD B",CIDADES,"Casa, 50.00 de área total, 50.00 de área privativa, 148.20 de área do terreno,  2 qto(s), WC, 1 sala(s), cozinha, Terraco, 1 vaga(s) de garagem.",48715.93,99000.0,50.8,Venda Direta Online,,CAMPINA GRANDE,PB,Não
8444423125991,"RUA VICENTE GOMES DE ALMEIDA, N. 340, Apto 04, BL C PRIMEIRO ANDAR",BODOCONGO,"Apartamento, 78.89 de área total, 54.06 de área privativa, 0.00 de área do terreno,  2 qto(s), a.serv, WC, 1 sala(s), cozinha, 1 vaga(s) de garagem.",64151.99,129000.0,50.27,Venda Online,,CAMPINA GRANDE,PB,Não
8444423694333,"RUA ALUIZIO JOSE DE ARAUJO, N. 375, LT 05 QD I",CIDADES,"Casa, 50.00 de área total, 50.00 de área privativa, 148.20 de área do terreno,  2 qto(s), WC, 1 sala(s), cozinha, Terraco, 1 vaga(s) de garagem.",48122.54,95000.0,49.35,Venda Online,,CAMPINA GRANDE,PB,Não
8787704561640,"R ALUIZIO JOSE DE ARAUJO, N. 308, QDB LT27",CIDADES,"Casa, 50.00 de área total, 50.00 de área privativa, 148.20 de área do terreno,  2 qto(s), WC, 1 sala(s), cozinha, Terraco.",48122.54,95000.0,49.35,Venda Direta Online,,CAMPINA GRANDE,PB,Não
8444415457484,"RUA MANOEL ALVES DO NASCIMENTO, N. 233, LT 40, QD 14",TAMBOR,"Casa, 54.00 de área total, 54.00 de área privativa, 160.00 de área do terreno,  2 qto(s), WC, 1 sala(s), cozinha, Terraco.",72357.86,140000.0,48.32,Venda Online,,CAMPINA GRANDE,PB,Não
8787704563430,"RUA ALUIZIO JOSE DE ARAUJO, N. 292, LT 29 QD B",CIDADES,"Casa, 50.00 de área total, 50.00 de área privativa, 148.20 de área do terreno,  2 qto(s), WC, 1 sala(s), cozinha, Terraco.",50539.52,97000.0,47.9,Venda Online,,CAMPINA GRANDE,PB,Não
8444406781908,"RUA JOSE FERREIRA RAMOS, N. 345, CS 03",TRES IRMAS,"Casa, 82.10 de área total, 45.77 de área privativa, 85.33 de área do terreno,  2 qto(s), WC, 1 sala(s), cozinha, Terraco.",67774.95,130000.0,47.87,Venda Direta Online,,CAMPINA GRANDE,PB,Não
8787703789426,"RUA TENENTE JOSE PESSOA DE VASCONCELOS, N. 217, LT 14 QD D",TRES IRMAS,"Casa, 50.00 de área total, 50.00 de área privativa, 148.20 de área do terreno,  2 qto(s), WC, 1 sala(s), cozinha, Terraco.",57814.03,106500.0,45.72,Venda Direta Online,,CAMPINA GRANDE,PB,Não
8444425212719,"RUA MARIA DO CARMO VIEIRA DIAS, N. 56, LT 56 QD B",TRES IRMAS,"Casa, 54.65 de área total, 54.65 de área privativa, 125.00 de área do terreno,  2 qto(s), a.serv, WC, cozinha.",59856.03,104748.5,42.86,Licitação Aberta,,CAMPINA GRANDE,PB,Não
8444418888745,"RUA  ANTONIO QUIRINO DE MELO, N. 401, NR 001",TRES IRMAS,"Prédio, 220.88 de área total, 48.40 de área privativa, 0.00 de área do terreno,  2 qto(s), a.serv, WC, 1 sala(s), cozinha.",64571.15,113000.0,42.86,Licitação Aberta,,CAMPINA GRANDE,PB,Não
8555533125971,"TRAVESSA VICENTE GOMES DE ALMEIDA, N. 125, Apto 205,",BODOCONGO,"Apartamento, 59.13 de área total, 59.13 de área privativa, 0.00 de área do terreno,  2 qto(s), a.serv, WC, 1 sala(s), cozinha, 1 vaga(s) de garagem.",65921.81,115000.0,42.68,Venda Direta Online,,CAMPINA GRANDE,PB,Não
8444423138473,"RUA PEDRO FEITOSA NEVES FILHO, N. 260, Apto 001,",TRES IRMAS,"Apartamento, 71.92 de área total, 48.89 de área privativa, 0.00 de área do terreno,  2 qto(s), WC, 1 sala(s), cozinha, 1 vaga(s) de garagem.",71080.9,124000.0,42.68,Licitação Aberta,,CAMPINA GRANDE,PB,Não
8444405328533,"RUA JOAQUIM MEDEIROS, N. 520, Apto 104,",SANDRA CAVALCANTE,"Apartamento, 51.27 de área total, 51.27 de área privativa, 0.00 de área do terreno,  2 qto(s), a.serv, WC, 1 sala(s), cozinha.",57891.78,100000.0,42.11,Licitação Aberta,,CAMPINA GRANDE,PB,Não
8787707289940,"RUA ANTONIO SOARES DE GOES, N. 495,",TRES IRMAS,"Casa, 0.00 de área total, 50.00 de área privativa, 148.20 de área do terreno,  2 qto(s), 1 sala(s), 1 lavabo(s), cozinha, Terraco.",52835.53,91266.03,42.11,Venda Online,,CAMPINA GRANDE,PB,Não
8444426163193,"RUA LUCIANO JOSE DE ALMEIDA, N. 785, Apto 002,",TRES IRMAS,"Apartamento, 80.20 de área total, 62.32 de área privativa, 0.00 de área do terreno,  2 qto(s), a.serv, WC, 1 sala(s), cozinha, 1 vaga(s) de garagem.",79360.41,137000.0,42.08,Venda Direta Online,,CAMPINA GRANDE,PB,Não
8787710990956,"RUA PROFESSOR OTACILIO FLOR (MAJOR FLOR), N. 60, Apto 307,",SANTA TEREZINHA,"Apartamento, 75.50 de área total, 55.05 de área privativa, 0.00 de área do terreno,  2 qto(s), a.serv, WC, 2 sala(s), cozinha, 1 vaga(s) de garagem.",76464.05,132000.0,42.08,Venda Direta Online,,CAMPINA GRANDE,PB,Não
8444417195622,"RUA MARIA LOPES DE LIRA, N. 118, Apto 04,",TRES IRMAS,"Apartamento, 66.49 de área total, 52.05 de área privativa, 0.00 de área do terreno,  2 qto(s), a.serv, WC, 1 sala(s), cozinha, 1 vaga(s) de garagem.",87233.99,149000.0,41.46,Licitação Aberta,,CAMPINA GRANDE,PB,Não
8555527017925,"RUA JOSE FARIAS DA NOBREGA, N. 200, CS 204, BL L",UNIVERSITARIO,"Casa, 61.88 de área total, 52.75 de área privativa, 63.81 de área do terreno,  2 qto(s), a.serv, WC, 1 sala(s), cozinha, 1 vaga(s) de garagem.",93629.95,158000.0,40.75,Venda Direta Online,,CAMPINA GRANDE,PB,Não
8787701369276,"AVENIDA PLINIO LEMOS, N. 1895, Apto 307,",RAMADINHA,"Apartamento, 103.05 de área total, 48.53 de área privativa, 0.00 de área do terreno,  2 qto(s), WC, 1 sala(s), 1 vaga(s) de garagem.",113431.56,118000.0,3.88,Leilão SFI - Edital Único,,CAMPINA GRANDE,PB,Não
1555505946119,"RUA PROFESSOR CAPIBA, N. 453, LT08  QDD",SAO JOSE,"Casa, 0.00 de área total, 179.93 de área privativa, 333.00 de área do terreno,  3 qto(s), a.serv, WC, 1 sala(s), DCE, cozinha, Terraco, 1 vaga(s) de garagem.",300000.0,300000.0,0.0,Leilão SFI - Edital Único,,CAMPINA GRANDE,PB,Não
8444402006993,"RUA SEBASTIAO LOPES DE MENEZES, N. 154, RES 154",NOVA BRASILIA,"Casa, 123.18 de área total, 65.95 de área privativa, 121.35 de área do terreno,  2 qto(s), a.serv, WC, 1 sala(s), cozinha, Terraco.",133000.0,133000.0,0.0,Leilão SFI - Edital Único,,CAMPINA GRANDE,PB,Não
8787704868109,"RUA ALUIZIO JOSE DE ARAUJO, N. 276, LT 31 QD B",CIDADES,"Casa, 50.00 de área total, 50.00 de área privativa, 148.20 de área do terreno,  2 qto(s), a.serv, WC, 1 sala(s), cozinha.",125000.0,125000.0,0.0,Leilão SFI - Edital Único,,CAMPINA GRANDE,PB,Não
8555517124907,"RUA VICENTE GOMES DE ALMEIDA, N. 735, LT 22 QD C",BODOCONGO,"Casa, 59.98 de área total, 59.98 de área privativa, 160.00 de área do terreno,  2 qto(s), a.serv, WC, 1 sala(s), cozinha, Terraco.",121000.0,121000.0,0.0,Leilão SFI - Edital Único,,CAMPINA GRANDE,PB,Não
1444419839642,"AVENIDA MARECHAL FLORIANO PEIXOTO, N. 5000, QD.13 LT.15.UN.0282",SERROTAO,"Casa, 164.73 de área total, 164.73 de área privativa, 160.00 de área do terreno,  3 qto(s), a.serv, WC, 2 sala(s), 1 lavabo(s), cozinha, 1 vaga(s) de garagem.",685000.0,685000.0,0.0,Leilão SFI - Edital Único,,CAMPINA GRANDE,PB,Não
8787701326771,"RUA DOUTOR JOAO SALES, N. 140,",TRES IRMAS,"Casa, 50.00 de área total, 50.00 de área privativa, 160.00 de área do terreno,  2 qto(s), a.serv, WC, 1 sala(s), cozinha, Terraco.",121500.0,121500.0,0.0,Leilão SFI - Edital Único,,CAMPINA GRANDE,PB,Não
8787707455921,"RUA CLAVACIO RODRIGUES VIANA, N. 235, CS 306 BL C VG 79",TRES IRMAS,"Casa, 82.48 de área total, 40.52 de área privativa, 50.45 de área do terreno,  2 qto(s), a.serv, WC, 1 sala(s), cozinha, 1 vaga(s) de garagem.",115000.0,115000.0,0.0,Leilão SFI - Edital Único,,CAMPINA GRANDE,PB,Não
8444416296786,"RUA MARIA JOSE BEZERRA DE CARVALHO, N. 1405, Apto 103,",TRES IRMAS,"Apartamento, 85.61 de área total, 51.02 de área privativa, 0.00 de área do terreno,  2 qto(s), varanda, a.serv, WC, 1 sala(s), cozinha, 1 vaga(s) de garagem.",124315.91,124000.0,0.0,Leilão SFI - Edital Único,,CAMPINA GRANDE,PB,Não
8555530609013,"RUA JOSE FARIAS DA NOBREGA, N. 200, Apto 002, BL N",UNIVERSITARIO,"Apartamento, 61.88 de área total, 52.75 de área privativa, 0.00 de área do terreno,  2 qto(s), a.serv, WC, 1 sala(s), cozinha, 1 vaga(s) de garagem.",151899.52,145000.0,0.0,Leilão SFI - Edital Único,,CAMPINA GRANDE,PB,Não
8444415248281,"RUA LICIONEIA MARIA DA CONCEICAO, N. 130, Apto 403-B, BL.D.16 QD.16 COND.RES.",SANTA ROSA,"Apartamento, 60.92 de área total, 43.12 de área privativa, 0.00 de área do terreno,  2 qto(s), a.serv, WC, 1 sala(s), cozinha, 1 vaga(s) de garagem.",78567.71,71000.0,0.0,Leilão SFI - Edital Único,,CAMPINA GRANDE,PB,Não
1444419819978,"RUA PROJETADA, N. 400, QD 14 LT 02, 03 E 04",LOT ELOI DINIZ 2,"Sobrado, 412.55 de área total, 412.55 de área privativa, 750.00 de área do terreno,  5 qto(s), a.serv, WC, 2 sala(s), cozinha, Terraco, 1 vaga(s) de garagem.",326975.92,595000.0,45.05,Venda Direta Online,,CATOLE DO ROCHA,PB,Não
8444400757525,"RUA FRANCISCO DANTAS DE FREITAS, N. 808, QD 06",LT SAO PAULO III,"Casa, 70.00 de área total, 70.00 de área privativa, 231.00 de área do terreno,  3 qto(s), a.serv, WC, 1 sala(s), cozinha, Terraco.",152000.0,152000.0,0.0,Leilão SFI - Edital Único,,CATOLE DO ROCHA,PB,Não
8444403773033,"RUA PROJETADA, N. SN,",CENTRO,"Casa, 115.93 de área total, 115.93 de área privativa, 270.00 de área do terreno,  3 qto(s), a.serv, WC, 1 sala(s), cozinha, Terraco, 1 vaga(s) de garagem.",63428.3,111000.0,42.86,Venda Direta Online,,CONDADO,PB,Não
8444414779020,"RUA DA ARARA, N. 16, .",CJ FRANCISCO CUNHA,"Casa, 0.00 de área total, 105.30 de área privativa, 200.00 de área do terreno,  3 qto(s), a.serv, WC, 1 sala(s), cozinha, Terraco, 1 vaga(s) de garagem.",47649.35,137500.0,65.35,Venda Direta Online,,CRUZ DO ESPIRITO SANTO,PB,Não
1444423753811,"SITIO CRUZ QUEIMADA, N. SN,",CENTRO,"Terreno, 0.00 de área total, 0.00 de área privativa, 4837.00 de área do terreno.",856632.88,831000.0,0.0,Leilão SFI - Edital Único,,ESPERANCA,PB,Não
1555525965585,"RUA PROJETADA 4, LT 11 QD B",CAZUZA GURJAO,"Terreno, 0.00 de área total, 0.00 de área privativa, 250.00 de área do terreno.",21270.88,44000.0,51.66,Venda Direta Online,,GURJAO,PB,Não
8444414205970,"RUA RUA PROJETADA, N. 57, Apto 102, LOTE 76, QUADRA 06",ALTA VISTA,"Apartamento, 55.75 de área total, 55.75 de área privativa, 220.00 de área do terreno,  2 qto(s), a.serv, WC, 1 sala(s), cozinha.",28774.68,101000.0,71.52,Venda Direta Online,,ITABAIANA,PB,Não
8444413778550,"RUA  PROJETADA, N. 55, Apto 101, QD 06, LT 76",ALTA VISTA,"Apartamento, 55.75 de área total, 55.75 de área privativa, 220.00 de área do terreno,  2 qto(s), a.serv, WC, 1 sala(s), cozinha.",32877.54,115000.0,71.42,Venda Direta Online,,ITABAIANA,PB,Não
8444428201181,"RUA HILARIO MUNIZ DE ANDRADE, N. 32-A, LT 08, QD 48",BEM MORAR,"Casa, 86.85 de área total, 61.85 de área privativa, 100.00 de área do terreno,  2 qto(s), WC, 1 sala(s), cozinha, 1 vaga(s) de garagem.",57384.39,120000.0,52.18,Venda Online,,ITABAIANA,PB,Não
8444415835152,"AV SEBASTIAO FELIX DE OLIVEIRA, N. 108,",CENTRO,"Casa, 62.00 de área total, 62.00 de área privativa, 126.68 de área do terreno,  2 qto(s), a.serv, WC, 1 sala(s), cozinha, 1 vaga(s) de garagem.",55471.58,116000.0,52.18,Venda Online,,ITABAIANA,PB,Não
8444402053746,"RUA PROJETADA, N. 08,",CENTRO,"Casa, 54.06 de área total, 54.06 de área privativa, 203.94 de área do terreno,  2 qto(s), a.serv, WC, 1 sala(s), cozinha, Terraco.",54885.47,113000.0,51.43,Venda Direta Online,,ITABAIANA,PB,Não
8444423688902,"RUA CEL MANOEL PEREIRA BORGES, N. 80,",CENTRO,"Casa, 93.27 de área total, 83.50 de área privativa, 84.40 de área do terreno,  2 qto(s), a.serv, WC, 1 sala(s), cozinha.",50847.58,102000.0,50.15,Venda Direta Online,,ITABAIANA,PB,Não
8444407430343,"RUA PROJETADA, N. 04, LOTE 05A QUADRA B",Luís Saraiva Araújo,"Casa, 80.72 de área total, 80.72 de área privativa, 150.66 de área do terreno,  3 qto(s), a.serv, WC, 1 sala(s), cozinha, 1 vaga(s) de garagem.",75349.08,143000.0,47.31,Venda Online,,ITABAIANA,PB,Não
8444416291733,"AVENIDA SEBASTIAO FELIX DE OLVEIRA, N. 104, LT18 QDC",LOT BOM VIVER,"Casa, 0.00 de área total, 62.00 de área privativa, 126.11 de área do terreno,  2 qto(s), a.serv, WC, 1 sala(s), cozinha.",61285.44,110000.0,44.29,Venda Online,,ITABAIANA,PB,Não
8444413355013,"RUA PROJETADA, N. 22, LT 05 QD H",BEM MORAR,"Casa, 65.00 de área total, 65.00 de área privativa, 125.00 de área do terreno,  2 qto(s), a.serv, WC, 1 sala(s), cozinha, Terraco.",59999.74,105000.0,42.86,Venda Direta Online,,ITABAIANA,PB,Não
8444427461899,"AVENIDA PARAÍBA, N. 27B, QD 03 LT 18",DOS ESTADOS,"Casa, 50.00 de área total, 50.00 de área privativa, 171.00 de área do terreno,  2 qto(s), a.serv, WC, 1 sala(s), cozinha, Terraco, 1 vaga(s) de garagem.",63560.87,111232.0,42.86,Venda Direta Online,,ITABAIANA,PB,Não
8444417566698,"AV. SEBASTIÃO FÉLIX DE OLIVEIRA, N. 116, LT 18C QD C",ITABAIANA,"Casa, 62.00 de área total, 62.00 de área privativa, 127.84 de área do terreno,  2 qto(s), a.serv, WC, 1 sala(s), cozinha, 1 vaga(s) de garagem.",67068.27,117000.0,42.68,Venda Direta Online,,ITABAIANA,PB,Não
8444428355634,"AVENIDA PARAÍBA, N. 131-B, ZONA URBANA",ESTADOS,"Casa, 85.50 de área total, 50.00 de área privativa, 85.50 de área do terreno,  2 qto(s), a.serv, WC, 1 sala(s), cozinha, Terraco, 1 vaga(s) de garagem.",70440.52,122882.85,42.68,Venda Direta Online,,ITABAIANA,PB,Não
8444408344190,"RUA DR. JOSÉ GABRIEL, N. 21, CASA 21 LOTE 04",ALTO ALEGRE,"Casa, 64.29 de área total, 64.29 de área privativa, 126.00 de área do terreno,  2 qto(s), a.serv, WC, 1 sala(s), cozinha, Terraco.",56733.94,98000.0,42.11,Licitação Aberta,,ITABAIANA,PB,Não
8444418606553,"RUA IVA LIRA CORREIA, N. SN, LT 05, QD 08-A",VISTA ALEGRE,"Casa, 56.91 de área total, 56.91 de área privativa, 100.00 de área do terreno,  2 qto(s), a.serv, WC, 1 sala(s), cozinha, 1 vaga(s) de garagem.",57891.78,100000.0,42.11,Venda Direta Online,,ITABAIANA,PB,Não
8444400567440,"RUA PROJETADA, N. 5, CASA 46 LT 110 QD 08",ALTA VISTA,"Casa, 90.00 de área total, 90.00 de área privativa, 220.00 de área do terreno,  2 qto(s), a.serv, WC, 1 sala(s), cozinha, Terraco, 1 vaga(s) de garagem.",78781.14,136000.0,42.08,Venda Direta Online,,ITABAIANA,PB,Não
8444428249605,"RUA VALDOMIRO SOBREIRA CORREIA, N. 11-A, LT 11 QD 3",VISTA ALEGRE,"Casa, 89.00 de área total, 64.00 de área privativa, 100.00 de área do terreno,  2 qto(s), a.serv, WC, 1 sala(s), cozinha, 1 vaga(s) de garagem.",76621.37,132271.58,42.08,Venda Direta Online,,ITABAIANA,PB,Não
8444431444650,"AVENIDA PERNAMBUCO, N. 80,",ESTADOS,"Casa, 89.10 de área total, 54.00 de área privativa, 85.50 de área do terreno,  2 qto(s), a.serv, WC, 1 sala(s), cozinha, Terraco, 1 vaga(s) de garagem.",81379.36,139000.0,41.46,Licitação Aberta,,ITABAIANA,PB,Não
8444434436241,"AVENIDA SAO PAULO, N. 198A, 1209",DOS ESTADOS,"Casa, 85.50 de área total, 53.23 de área privativa, 85.50 de área do terreno,  2 qto(s), a.serv, WC, 1 sala(s), cozinha, Terraco, 1 vaga(s) de garagem.",81964.82,140000.0,41.46,Venda Direta Online,,ITABAIANA,PB,Não
8444427674256,"PEDRO MUNIZ DE BRITO, N. 0, CS 07A LT 03 QD 10",VISTA ALEGRE,"Casa, 121.47 de área total, 58.36 de área privativa, 79.65 de área do terreno,  2 qto(s), a.serv, WC, 1 sala(s), cozinha, Terraco.",84892.14,145000.0,41.46,Venda Direta Online,,ITABAIANA,PB,Não
8444428663525,"RUA VALDOMIRO SOBREIRA CORREIA, N. 49A,",VISTA ALEGRE,"Casa, 76.50 de área total, 64.00 de área privativa, 200.00 de área do terreno,  2 qto(s), a.serv, WC, 1 sala(s), cozinha, Terraco, 1 vaga(s) de garagem.",81964.82,140000.0,41.46,Venda Direta Online,,ITABAIANA,PB,Não
8444408236974,"RUA PROJETADA, N. SN, CS 08, QD B, LT 06A",Luís Saraiva Araújo,"Casa, 0.00 de área total, 89.46 de área privativa, 150.66 de área do terreno,  3 qto(s), a.serv, WC, 1 sala(s), cozinha, Terraco.",97778.11,165000.0,40.75,Venda Direta Online,,ITABAIANA,PB,Não
8444432613006,"AVENIDA SÃO PAULO, N. 114,",DOS ESTADOS,"Casa, 85.50 de área total, 50.00 de área privativa, 85.50 de área do terreno,  2 qto(s), a.serv, WC, 1 sala(s), cozinha, 1 vaga(s) de garagem.",100110.85,158000.0,36.64,Leilão SFI - Edital Único,,ITABAIANA,PB,Não
8444427665001,"TRAVESSA ZACARIAS RODRIGUES NETO, N. 89, QD 46 LT 08A",VISTA ALEGRE,"Casa, 70.00 de área total, 70.00 de área privativa, 125.00 de área do terreno,  2 qto(s), a.serv, WC, 1 sala(s), cozinha, Terraco, 1 vaga(s) de garagem.",156000.0,156000.0,0.0,Leilão SFI - Edital Único,,ITABAIANA,PB,Não
8444427804745,"AVENIDA PARAIBA, N. 135B, LOT NOVO HORIZONTE",DOS ESTADOS,"Casa, 85.50 de área total, 50.00 de área privativa, 171.00 de área do terreno,  2 qto(s), a.serv, WC, 1 sala(s), cozinha, Terraco, 1 vaga(s) de garagem.",126441.27,119000.0,0.0,Leilão SFI - Edital Único,,ITABAIANA,PB,Não
8444438623429,"RUA ALAGOAS, N. 23B, LOTE 11 QUADRA 15",DOS ESTADOS,"Casa, 46.17 de área total, 46.17 de área privativa, 81.00 de área do terreno,  2 qto(s), a.serv, WC, 1 sala(s), cozinha, Terraco, 1 vaga(s) de garagem.",156322.23,90000.0,0.0,Leilão SFI - Edital Único,,ITABAIANA,PB,Não
8444435036352,"AVENIDA PERNAMBUCO, N. 102A, LOTE 02 QUADRA 08",ESTADOS,"Casa, 50.00 de área total, 50.00 de área privativa, 85.50 de área do terreno,  2 qto(s), a.serv, WC, 1 sala(s), cozinha, Terraco, 1 vaga(s) de garagem.",143744.2,80000.0,0.0,Leilão SFI - Edital Único,,ITABAIANA,PB,Não
8444435159373,"RUA AMAPA, N. 24A,",ESTADOS,"Casa, 45.70 de área total, 45.70 de área privativa, 81.00 de área do terreno,  2 qto(s), a.serv, WC, 1 sala(s), cozinha, Terraco, 1 vaga(s) de garagem.",159411.2,80000.0,0.0,Leilão SFI - Edital Único,,ITABAIANA,PB,Não
8444411983726,"RUA PROJETADA, N. SN, LT.10A QD.G LOT. BEM MORAR",LOTEAMENTO BEM MORAR,"Casa, 0.01 de área total, 61.52 de área privativa, 125.00 de área do terreno,  2 qto(s), a.serv, WC, 1 sala(s), 1 lavabo(s), cozinha, 1 vaga(s) de garagem.",106539.47,36000.0,0.0,Leilão SFI - Edital Único,,ITABAIANA,PB,Não
10214526,"PB - 356, N. 00, QD J, LT 08",DISTRITO INDUSTRIAL,"Terreno, 0.00 de área total, 0.00 de área privativa, 3025.00 de área do terreno.",260987.18,449924.11,42.0,Venda Direta Online,,ITAPORANGA,PB,Sim
8444412997461,"RUA PROJETADA 06, N. 160, LT 1",JOSE BERNARDINO FILH,"Casa, 89.80 de área total, 89.80 de área privativa, 150.00 de área do terreno,  2 qto(s), WC, 1 sala(s), Terraco, 1 vaga(s) de garagem.",68214.74,119000.0,42.68,Venda Direta Online,,JERICO,PB,Não
8444415336776,"RUA PROJETADA C, N. 51,",ALTO DA BELA VISTA,"Casa, 88.20 de área total, 88.20 de área privativa, 200.00 de área do terreno,  2 qto(s), a.serv, WC, 1 sala(s), cozinha, 1 vaga(s) de garagem.",49208.01,85000.0,42.11,Venda Direta Online,,JERICO,PB,Não
8444413822606,"RUA PROJETADA F, N. 154,",ALTO DO CRUZEIRO,"Casa, 93.44 de área total, 93.44 de área privativa, 180.00 de área do terreno,  2 qto(s), a.serv, WC, 1 sala(s), cozinha, Terraco.",143335.12,143335.12,0.0,Leilão SFI - Edital Único,,JERICO,PB,Não
8444414784031,"RUA PROJETADA C, N. 57,",ALTO DA BELA VISTA,"Casa, 88.20 de área total, 88.20 de área privativa, 200.00 de área do terreno,  2 qto(s), a.serv, WC, 1 sala(s), cozinha, Terraco.",105000.0,105000.0,0.0,Leilão SFI - Edital Único,,JERICO,PB,Não
8444406339679,"RUA AURIBELLA PESSOA QUEIROZ TAVARES, N. 102, .",JOSE AMERICO DE ALMEIDA,"Casa, 0.00 de área total, 43.00 de área privativa, 83.33 de área do terreno,  2 qto(s), a.serv, WC, 1 sala(s), cozinha, 1 vaga(s) de garagem.",40064.27,177000.0,77.37,Venda Online,,JOAO PESSOA,PB,Não
8787701299065,"RUA GENERAL PEDRO GONCALVES DE MEDEIROS, N. 183, Apto 402, BL 09",OITIZEIRO,"Apartamento, 0.00 de área total, 49.80 de área privativa, 0.00 de área do terreno,  2 qto(s), a.serv, WC, 1 sala(s), cozinha, 1 vaga(s) de garagem.",48945.19,153327.56,68.08,Venda Online,,JOAO PESSOA,PB,Não
8787703404354,"RUA ANA ESPINOLA NAVARRO, N. 400, Apto 302, 302, BL A6",ERNANI SATIRO,"Apartamento, 0.00 de área total, 44.30 de área privativa, 0.00 de área do terreno,  2 qto(s), a.serv, WC, 1 sala(s), cozinha, 1 vaga(s) de garagem.",47270.08,142000.0,66.72,Venda Online,,JOAO PESSOA,PB,Não
8444422935795,"RUA JOSINALDO FLORENCIO DA SILVA, N. 179, Apto 303, BL D",GRAMAME,"Apartamento, 0.00 de área total, 42.82 de área privativa, 0.00 de área do terreno,  2 qto(s), a.serv, WC, 1 sala(s), cozinha, 1 vaga(s) de garagem.",57719.71,170000.0,66.05,Venda Direta Online,,JOAO PESSOA,PB,Não
8444423174429,"RUA JOSINALDO FLORENCIO DA SILVA, N. 179, Apto 307, BL D",GRAMAME,"Apartamento, 60.84 de área total, 42.82 de área privativa, 0.00 de área do terreno,  2 qto(s), a.serv, WC, 1 sala(s), cozinha, 1 vaga(s) de garagem.",57247.93,155640.44,63.22,Venda Direta Online,,JOAO PESSOA,PB,Não
8444423157508,"RUA JOSINALDO FLORENCIO DA SILVA, N. 179, Apto 402,  BL D",GRAMAME,"Apartamento, 0.00 de área total, 42.82 de área privativa, 0.00 de área do terreno,  2 qto(s), a.serv, WC, 1 sala(s), cozinha, 1 vaga(s) de garagem.",45410.19,118700.0,61.75,Venda Online,,JOAO PESSOA,PB,Não
8444407659979,"R RADIALISTA NILTON FRANCISCO DOS SANTOS JUNIOR, N. 1014, Apto 102,",PLANALTO BOA ESPERANCA,"Apartamento, 0.00 de área total, 50.14 de área privativa, 0.00 de área do terreno,  2 qto(s), a.serv, WC, 1 sala(s), cozinha, 1 vaga(s) de garagem.",37494.56,97000.0,61.35,Venda Direta Online,,JOAO PESSOA,PB,Não
8787706602890,"RUA ANA ESPINOLA NAVARRO, N. 400, Apto 307, BL A10 SUBCOND A",ERNANI SATIRO,"Apartamento, 0.00 de área total, 45.06 de área privativa, 0.00 de área do terreno,  2 qto(s), a.serv, WC, 1 sala(s), cozinha, 1 vaga(s) de garagem.",55148.42,141000.0,60.89,Venda Online,,JOAO PESSOA,PB,Não
8787709230617,"RUA ANA ESPINOLA NAVARRO, N. 400, Apto 303,  BL 09 SUBCONDOMÍNIO B",ERNANI SATIRO,"Apartamento, 0.00 de área total, 45.06 de área privativa, 0.00 de área do terreno,  2 qto(s), a.serv, WC, 1 sala(s), cozinha, 1 vaga(s) de garagem.",55148.42,141000.0,60.89,Venda Online,,JOAO PESSOA,PB,Não
8444430035919,"RUA DOS DIAMANTES, N. 650, Apto 102, BLOCO V",INDUSTRIAS,"Apartamento, 0.00 de área total, 48.42 de área privativa, 0.00 de área do terreno,  2 qto(s), a.serv, WC, 1 sala(s), cozinha, 1 vaga(s) de garagem.",56408.0,144220.42,60.89,Venda Direta Online,,JOAO PESSOA,PB,Não
8444422881156,"RUA JOSINALDO FLORENCIO DA SILVA, N. 179, Apto 204, BL D",GRAMAME,"Apartamento, 0.00 de área total, 42.82 de área privativa, 0.00 de área do terreno,  2 qto(s), a.serv, WC, 1 sala(s), cozinha, 1 vaga(s) de garagem.",56712.92,145000.0,60.89,Venda Online,,JOAO PESSOA,PB,Não
8787708118040,"RUA INACIO ALBINO NETO, N. 240, Apto 403, BL 18",GRAMAME,"Apartamento, 0.00 de área total, 45.09 de área privativa, 0.00 de área do terreno,  2 qto(s), a.serv, WC, 1 sala(s), cozinha, 1 vaga(s) de garagem.",58067.54,125000.0,53.55,Venda Online,,JOAO PESSOA,PB,Não
8444403331561,"RUA ARAUCARIA, N. 158, Apto 202, PAV 1",PARATIBE,"Apartamento, 0.00 de área total, 42.00 de área privativa, 0.00 de área do terreno,  2 qto(s), WC, 1 sala(s), cozinha, 1 vaga(s) de garagem.",57138.47,123000.0,53.55,Venda Direta Online,,JOAO PESSOA,PB,Não
8555539299300,"RUA ANA ESPINOLA NAVARRO, N. 400, Apto 101, BL A03",ERNANI SATIRO,"Apartamento, 0.00 de área total, 44.30 de área privativa, 0.00 de área do terreno,  2 qto(s), a.serv, WC, 1 sala(s), cozinha, 1 vaga(s) de garagem.",64815.06,138000.0,53.04,Venda Direta Online,,JOAO PESSOA,PB,Não
8444422862739,"RUA JOSINALDO FLORENCIO DA SILVA, N. 179, Apto 403, BL C",GRAMAME,"Apartamento, 0.00 de área total, 43.17 de área privativa, 0.01 de área do terreno,  2 qto(s), a.serv, WC, 1 sala(s), cozinha, 1 vaga(s) de garagem.",63406.03,135000.0,53.04,Venda Online,,JOAO PESSOA,PB,Não
8444423123158,"RUA AGRICULTOR CARLOS ONOFRE NOBREGA, N. 950, Apto 406, BL-D",DISTRITO INDUSTRIAL,"Apartamento, 0.00 de área total, 45.70 de área privativa, 0.00 de área do terreno,  2 qto(s), WC, 1 sala(s), cozinha, 1 vaga(s) de garagem.",58792.18,125000.0,52.97,Venda Direta Online,,JOAO PESSOA,PB,Não
8787705718488,"RUA ANA ESPINOLA NAVARRO, N. 400, Apto 105, BL  A09",ERNANI SATIRO,"Apartamento, 0.00 de área total, 44.81 de área privativa, 0.01 de área do terreno,  2 qto(s), a.serv, WC, 1 sala(s), cozinha.",71240.37,150000.0,52.51,Venda Direta Online,,JOAO PESSOA,PB,Não
8444425245773,"RUA EUCLIDES NUNES MACHADO, N. 79, Apto 301, BL 02- LT 404- QD17",MUCUMAGRO,"Apartamento, 0.00 de área total, 51.97 de área privativa, 0.00 de área do terreno,  2 qto(s), varanda, a.serv, WC, 1 sala(s), cozinha, 1 vaga(s) de garagem.",68415.45,144052.0,52.51,Venda Direta Online,,JOAO PESSOA,PB,Não
8444415635714,"RUA ANTONIO CARNEIRO DE PAIVA, N. 355, Apto 306, QD 141",GRAMAME,"Apartamento, 0.00 de área total, 51.46 de área privativa, 0.01 de área do terreno,  2 qto(s), a.serv, WC, 1 sala(s), cozinha, 1 vaga(s) de garagem.",71240.37,150000.0,52.51,Venda Direta Online,,JOAO PESSOA,PB,Não
8787707298761,"RUA INACIO ALBINO NETO, N. 240, Apto 104, BL 18",GRAMAME,"Apartamento, 0.00 de área total, 45.09 de área privativa, 0.00 de área do terreno,  2 qto(s), a.serv, WC, 1 sala(s), cozinha, 1 vaga(s) de garagem.",71240.37,150000.0,52.51,Venda Direta Online,,JOAO PESSOA,PB,Não
8444407293435,"RUA RADIALISTA NILTON FRANCISCO DOS SANTOS JR, N. 1014, Apto 202,",PLANALTO BOA ESPERANCA,"Apartamento, 0.00 de área total, 49.69 de área privativa, 0.00 de área do terreno,  2 qto(s), a.serv, WC, 1 sala(s), cozinha, 1 vaga(s) de garagem.",47851.1,100396.3,52.34,Venda Direta Online,,JOAO PESSOA,PB,Não
8787707387110,"RUA ANA ESPINOLA NAVARRO, N. 400, Apto 207, BL B07",ERNANI SATIRO,"Apartamento, 0.00 de área total, 44.30 de área privativa, 0.00 de área do terreno,  2 qto(s), a.serv, WC, 1 sala(s), cozinha, 1 vaga(s) de garagem.",59775.41,125000.0,52.18,Venda Online,,JOAO PESSOA,PB,Não
8444423014677,"RUA JOSINALDO FLORENCIO DA SILVA, N. 179, Apto 404, BL C",GRAMAME,"Apartamento, 72.75 de área total, 43.17 de área privativa, 0.00 de área do terreno,  2 qto(s), WC, 1 sala(s), cozinha, 1 vaga(s) de garagem.",58340.8,122000.0,52.18,Venda Online,,JOAO PESSOA,PB,Não
8444423072774,"RUA JOSINALDO FLORENCIO DA SILVA, N. 179, Apto 101, BL D",GRAMAME,"Apartamento, 60.84 de área total, 42.82 de área privativa, 0.00 de área do terreno,  2 qto(s), a.serv, WC, 1 sala(s), cozinha, 1 vaga(s) de garagem.",58819.01,123000.0,52.18,Venda Online,,JOAO PESSOA,PB,Não
8444426281773,"RUA DR AUGUSTO DE ALMEIDA FILHO, N. 120, Apto 404, BL B",GRAMAME,"Apartamento, 58.82 de área total, 41.31 de área privativa, 0.00 de área do terreno,  2 qto(s), WC, 1 sala(s), cozinha, 1 vaga(s) de garagem.",57862.6,121000.0,52.18,Venda Online,,JOAO PESSOA,PB,Não
8444426576145,"RUA DR AUGUSTO DE ALMEIDA FILHO, N. 120, Apto 206, BL C",GRAMAME,"Apartamento, 58.82 de área total, 41.31 de área privativa, 0.00 de área do terreno,  2 qto(s), a.serv, WC, 1 sala(s), cozinha, 1 vaga(s) de garagem.",59297.21,124000.0,52.18,Venda Online,,JOAO PESSOA,PB,Não
8787712836326,"RUA INACIO ALBINO NETO, N. 240, Apto 402, BL 22 -3° ANDAR",GRAMAME,"Apartamento, 0.00 de área total, 44.63 de área privativa, 0.00 de área do terreno,  2 qto(s), a.serv, WC, 1 sala(s), cozinha.",59297.21,124000.0,52.18,Venda Direta Online,,JOAO PESSOA,PB,Não
8787715768887,"RUA INACIO ALBINO NETO, N. 240, Apto 307, BL 23",GRAMAME,"Apartamento, 81.15 de área total, 44.63 de área privativa, 0.00 de área do terreno,  2 qto(s), a.serv, WC, 1 sala(s), cozinha.",59297.21,124000.0,52.18,Venda Direta Online,,JOAO PESSOA,PB,Não
8444417397616,"RUA DOS JAMBEIROS, N. 48, Apto 202,",INDUSTRIAS,"Apartamento, 80.29 de área total, 50.97 de área privativa, 0.00 de área do terreno,  2 qto(s), a.serv, WC, 1 sala(s), cozinha, 1 vaga(s) de garagem.",65899.46,136300.0,51.66,Venda Online,,JOAO PESSOA,PB,Não
8444423499433,"RUA DOS DIAMANTES, N. 650, Apto 101, BL B",INDUSTRIAS,"Apartamento, 83.63 de área total, 47.70 de área privativa, 0.00 de área do terreno,  2 qto(s), a.serv, WC, 1 sala(s), cozinha, 1 vaga(s) de garagem.",61886.51,128000.0,51.66,Venda Direta Online,,JOAO PESSOA,PB,Não
8444423025300,"RUA JOSINALDO FLORENCIO DA SILVA, N. 179, Apto 406, BL A",GRAMAME,"Apartamento, 72.34 de área total, 42.82 de área privativa, 0.00 de área do terreno,  2 qto(s), WC, 1 sala(s), cozinha, 1 vaga(s) de garagem.",61886.51,128000.0,51.66,Venda Online,,JOAO PESSOA,PB,Não
8444425500889,"RUA JOSINALDO FLORENCIO DA SILVA, N. 103, Apto 105, BL A",GRAMAME,"Apartamento, 62.03 de área total, 42.82 de área privativa, 0.00 de área do terreno,  2 qto(s), a.serv, WC, 1 sala(s), cozinha, 1 vaga(s) de garagem.",62658.16,129596.01,51.66,Venda Online,,JOAO PESSOA,PB,Não
8444426537883,"RUA DOUTOR AUGUSTO DE ALMEIDA FILHO, N. 120, Apto 410, BL C",GRAMAME,"Apartamento, 57.38 de área total, 40.05 de área privativa, 0.00 de área do terreno,  2 qto(s), WC, 1 sala(s), cozinha, 1 vaga(s) de garagem.",64258.54,132906.09,51.66,Venda Online,,JOAO PESSOA,PB,Não
8787701243078,"RUA INACIO ALBINO NETO, N. 240, Apto 302, BL 13",GRAMAME,"Apartamento, 81.15 de área total, 44.63 de área privativa, 0.00 de área do terreno,  2 qto(s), a.serv, WC, 1 sala(s), cozinha, Terraco, 1 vaga(s) de garagem.",61403.02,127000.0,51.66,Venda Online,,JOAO PESSOA,PB,Não
8787705024486,"RUA INACIO ALBINO NETO, N. 240, Apto 305, BL 16",GRAMAME,"Apartamento, 81.83 de área total, 45.09 de área privativa, 0.00 de área do terreno,  2 qto(s), a.serv, WC, 1 sala(s), cozinha, 1 vaga(s) de garagem.",60919.53,126000.0,51.66,Venda Online,,JOAO PESSOA,PB,Não
8787718225965,"RUA INACIO ALBINO NETO, N. 240, Apto 202, BL 26",GRAMAME,"Apartamento, 81.15 de área total, 44.63 de área privativa, 0.00 de área do terreno,  2 qto(s), WC, 1 sala(s), cozinha, 1 vaga(s) de garagem.",62654.88,129589.24,51.66,Venda Online,,JOAO PESSOA,PB,Não
8444418138320,"RUA HELENO FRANCISCO PEREIRA, N. 182, Apto 202,",PARATIBE,"Apartamento, 57.50 de área total, 44.00 de área privativa, 0.00 de área do terreno,  2 qto(s), a.serv, WC, 1 sala(s), cozinha, 1 vaga(s) de garagem.",65512.66,135500.0,51.66,Venda Direta Online,,JOAO PESSOA,PB,Não
8787717074629,"RUA INACIO ALBINO NETO, N. 240, Apto 405, BL27",GRAMAME,"Apartamento, 81.83 de área total, 45.09 de área privativa, 0.00 de área do terreno,  2 qto(s), a.serv, WC, 1 sala(s), cozinha.",53428.33,110000.0,51.43,Venda Direta Online,,JOAO PESSOA,PB,Não
8787706561140,"RUA ANA ESPINOLA NAVARRO, N. 400, Apto 102, BL A03",ERNANI SATIRO,"Apartamento, 53.82 de área total, 66.71 de área privativa, 0.00 de área do terreno,  2 qto(s), a.serv, WC, 1 sala(s), cozinha, 1 vaga(s) de garagem.",58469.77,120000.0,51.28,Venda Direta Online,,JOAO PESSOA,PB,Não
8444416793550,"RUA JAMBEIROS, N. 48, Apto 102, 102, APTO 102",INDUSTRIAS,"Apartamento, 118.02 de área total, 88.70 de área privativa, 0.00 de área do terreno,  2 qto(s), a.serv, WC, 1 sala(s), cozinha, 1 vaga(s) de garagem.",69424.44,142000.0,51.11,Venda Direta Online,,JOAO PESSOA,PB,Não
8787701967548,"RUA ESTUDANTE DALMO BELMONT, N. 145, Apto 201, LT 380 QD 62",MUCUMAGRO,"Apartamento, 60.28 de área total, 41.36 de área privativa, 0.00 de área do terreno,  2 qto(s), a.serv, WC, 1 sala(s), cozinha, 1 vaga(s) de garagem.",69155.11,141449.13,51.11,Venda Direta Online,,JOAO PESSOA,PB,Não
8444413019307,"RUA FERNANDO ANTONIO DA SILVA OLIVEIRA, N. 446, Apto 202,",GRAMAME,"Apartamento, 61.75 de área total, 45.31 de área privativa, 0.00 de área do terreno,  2 qto(s), a.serv, WC, 1 sala(s), cozinha, 1 vaga(s) de garagem.",73335.67,150000.0,51.11,Venda Online,,JOAO PESSOA,PB,Não
8444423027027,"RUA JOSINALDO FLORENCIO DA SILVA, N. 179, Apto 202, BL C",GRAMAME,"Apartamento, 61.25 de área total, 43.17 de área privativa, 0.00 de área do terreno,  2 qto(s), WC, 1 sala(s), cozinha, 1 vaga(s) de garagem.",68935.53,141000.0,51.11,Venda Direta Online,,JOAO PESSOA,PB,Não
8444423113969,"RUA JOSINALDO FLORENCIO DA SILVA, N. 179, Apto 203, BL B",GRAMAME,"Apartamento, 72.75 de área total, 43.17 de área privativa, 0.00 de área do terreno,  2 qto(s), WC, 1 sala(s), cozinha, 1 vaga(s) de garagem.",73824.58,151000.0,51.11,Venda Online,,JOAO PESSOA,PB,Não
8444428721363,"RUA JOSE PIRES BEJAMIM, N. 215, Apto 204,",GRAMAME,"Apartamento, 0.00 de área total, 45.55 de área privativa, 0.00 de área do terreno,  2 qto(s), varanda, a.serv, WC, 1 sala(s), cozinha, 1 vaga(s) de garagem.",69424.44,142000.0,51.11,Venda Direta Online,,JOAO PESSOA,PB,Não
8444429042664,"RUA JOSE PIRES BEJAMIM, N. 243, Apto 401,",GRAMAME,"Apartamento, 0.00 de área total, 49.20 de área privativa, 0.00 de área do terreno,  2 qto(s), varanda, a.serv, WC, 1 sala(s), cozinha, 1 vaga(s) de garagem.",73335.67,150000.0,51.11,Venda Direta Online,,JOAO PESSOA,PB,Não
8444426483848,"RUA FRANCISCO DE ASSIS DIAS, N. 80, Apto 306, BL A",PARATIBE,"Apartamento, 65.49 de área total, 43.24 de área privativa, 0.00 de área do terreno,  2 qto(s), a.serv, WC, 1 sala(s), cozinha, 1 vaga(s) de garagem.",67957.72,139000.0,51.11,Venda Direta Online,,JOAO PESSOA,PB,Não
8555539075321,"RUA ANA ESPINOLA NAVARRO, N. 400, Apto 407, BL  A09",ERNANI SATIRO,"Apartamento, 66.62 de área total, 45.06 de área privativa, 0.00 de área do terreno,  2 qto(s), a.serv, WC, 1 sala(s), cozinha, 1 vaga(s) de garagem.",60991.41,124000.0,50.82,Venda Online,,JOAO PESSOA,PB,Não
8444426088833,"RUA DOUTOR AUGUSTO DE ALMEIDA FILHO, N. 120, Apto 205, BL  A",GRAMAME,"Apartamento, 61.65 de área total, 43.78 de área privativa, 0.00 de área do terreno,  2 qto(s), a.serv, WC, 1 sala(s), cozinha, 1 vaga(s) de garagem.",57056.49,116000.0,50.82,Venda Online,,JOAO PESSOA,PB,Não
8444426491042,"RUA DOUTOR AUGUSTO DE ALMEIDA FILHO, N. 120, Apto 305, BL C",GRAMAME,"Apartamento, 70.32 de área total, 41.31 de área privativa, 0.00 de área do terreno,  2 qto(s), a.serv, WC, 1 sala(s), cozinha, 1 vaga(s) de garagem.",60991.41,124000.0,50.82,Venda Online,,JOAO PESSOA,PB,Não
8444431439576,"RUA FLORESTAL, N. 2834, Apto 203,",INDUSTRIAS,"Apartamento, 57.44 de área total, 42.90 de área privativa, 0.00 de área do terreno,  2 qto(s), a.serv, WC, 1 sala(s), cozinha, 1 vaga(s) de garagem.",66471.58,135000.0,50.77,Venda Direta Online,,JOAO PESSOA,PB,Não
8787711113290,"RUA INACIO ALBINO NETO, N. 240, Apto 406, PAV 03 BL 19",GRAMAME,"Apartamento, 81.15 de área total, 44.63 de área privativa, 0.00 de área do terreno,  2 qto(s), a.serv, WC, 1 sala(s), cozinha, 1 vaga(s) de garagem.",64009.67,130000.0,50.77,Venda Online,,JOAO PESSOA,PB,Não
8444419261800,"RUA VIGILANTE GIVANILDO GOMES, N. 120, Apto 104, 3º ANDAR",MUCUMAGRO,"Apartamento, 63.35 de área total, 45.07 de área privativa, 0.00 de área do terreno,  2 qto(s), WC, 1 sala(s), cozinha, 1 vaga(s) de garagem.",67633.11,136000.0,50.27,Venda Online,,JOAO PESSOA,PB,Não
8444426174780,"RUA DOS CEDROS, N. 255, Apto 202, APARTAMENTO 202",MUCUMAGRO,"Apartamento, 0.00 de área total, 42.24 de área privativa, 0.00 de área do terreno,  2 qto(s), a.serv, WC, 1 sala(s), cozinha.",68627.71,138000.0,50.27,Venda Online,,JOAO PESSOA,PB,Não
8444426190387,"RUA DOUTOR AUGUSTO DE ALMEIDA FILHO, N. 120, Apto 304, BL A",GRAMAME,"Apartamento, 61.65 de área total, 43.78 de área privativa, 0.00 de área do terreno,  2 qto(s), WC, 1 sala(s), cozinha, 1 vaga(s) de garagem.",66141.2,133000.0,50.27,Venda Direta Online,,JOAO PESSOA,PB,Não
8444426270976,"RUA DOUTOR AUGUSTO DE ALMEIDA FILHO, N. 120, Apto 202, BL B",GRAMAME,"Apartamento, 58.39 de área total, 40.05 de área privativa, 0.00 de área do terreno,  2 qto(s), WC, 1 sala(s), cozinha, 1 vaga(s) de garagem.",68627.71,138000.0,50.27,Venda Direta Online,,JOAO PESSOA,PB,Não
8787712918357,"RUA INACIO ALBINO NETO, N. 240, Apto 202, BL 22",GRAMAME,"Apartamento, 81.15 de área total, 44.63 de área privativa, 0.00 de área do terreno,  2 qto(s), a.serv, WC, 1 sala(s), cozinha.",63654.69,128000.0,50.27,Venda Online,,JOAO PESSOA,PB,Não
8787702205021,"RUA GENERAL PEDRO GONCALVES DE MEDEIROS, N. 183, Apto 101, BL 32",OITIZEIRO,"Apartamento, 0.00 de área total, 49.80 de área privativa, 0.00 de área do terreno,  2 qto(s), WC, 1 sala(s), cozinha, 1 vaga(s) de garagem.",64649.29,130000.0,50.27,Venda Online,,JOAO PESSOA,PB,Não
8444432717812,"RODOVIA MINISTRO ABERLARDO JUREMA ARAUJO, N. SN, Apto 411, ANDAR 03 BL B KM 112",MUCUMAGRO,"Apartamento, 0.00 de área total, 40.21 de área privativa, 0.00 de área do terreno,  2 qto(s), WC, 1 sala(s), cozinha, 1 vaga(s) de garagem.",72655.96,146000.0,50.24,Venda Online,,JOAO PESSOA,PB,Não
8444426942923,"RUA GUSTAVO LIMA FILHO, N. 312, Apto 203, PAV 01",GRAMAME,"Apartamento, 63.19 de área total, 41.44 de área privativa, 0.00 de área do terreno,  2 qto(s), a.serv, WC, 1 sala(s), cozinha.",72158.31,145000.0,50.24,Venda Online,,JOAO PESSOA,PB,Não
8787716036715,"RUA INACIO ALBINO NETO, N. 240, Apto 304, PAV 02 BL 23",GRAMAME,"Apartamento, 0.00 de área total, 45.09 de área privativa, 0.00 de área do terreno.",69897.41,140456.78,50.24,Venda Online,,JOAO PESSOA,PB,Não
8444426546360,"RUA FRANCISCO DE ASSIS DIAS, N. 80, Apto 405, BLA",PARATIBE,"Apartamento, 76.99 de área total, 43.24 de área privativa, 0.00 de área do terreno,  2 qto(s), a.serv, WC, 1 sala(s), cozinha, 1 vaga(s) de garagem.",69670.09,140000.0,50.24,Venda Direta Online,,JOAO PESSOA,PB,Não
8787712749555,"RUA AGRICULTOR CARLOS ONOFRE NOBREGA, N. 950, Apto 405, BL E LT 2148 QD 258",DISTRITO INDUSTRIAL,"Apartamento, 92.88 de área total, 46.82 de área privativa, 0.00 de área do terreno,  2 qto(s), varanda, a.serv, WC, 1 sala(s), cozinha, 1 vaga(s) de garagem.",70402.24,140000.0,49.72,Venda Direta Online,,JOAO PESSOA,PB,Não
8444424658802,"RUA PROFESSORA MARIA IGNES PEREGRINO, N. 145, Apto 102,",GRAMAME,"Apartamento, 0.00 de área total, 52.11 de área privativa, 0.00 de área do terreno,  2 qto(s), a.serv, 1 sala(s), cozinha, 1 vaga(s) de garagem.",72413.73,144000.0,49.72,Venda Online,,JOAO PESSOA,PB,Não
8787708570902,"RUA ANA ESPINOLA NAVARRO, N. 400, Apto 307, BL B06 SUBCOND B",ERNANI SATIRO,"Apartamento, 0.00 de área total, 45.06 de área privativa, 0.00 de área do terreno,  2 qto(s), a.serv, WC, 1 sala(s), cozinha, 1 vaga(s) de garagem.",56432.06,112000.0,49.62,Venda Online,,JOAO PESSOA,PB,Não
8787703996634,"RUA ANA ESPINOLA NAVARRO, N. 400, Apto 403, BLOCO A04",ERNANI SATIRO,"Apartamento, 66.61 de área total, 45.06 de área privativa, 0.00 de área do terreno,  2 qto(s), a.serv, WC, 1 sala(s), cozinha, 1 vaga(s) de garagem.",60663.5,120000.0,49.45,Venda Online,,JOAO PESSOA,PB,Não
8444432879049,"RUA APOSENTADA JOSEFA CAVALCANTE ARAUJO, N. 213, Apto 202, 1º ANDAR",MUMBABA,"Apartamento, 63.95 de área total, 42.83 de área privativa, 0.00 de área do terreno,  2 qto(s), WC, 1 sala(s), cozinha, 1 vaga(s) de garagem.",58489.72,115700.0,49.45,Venda Online,,JOAO PESSOA,PB,Não
8444416756019,"RUA ESTUDANTE DALMO BELMONT, N. 38, Apto 202, ANDAR 01",MUCUMAGRO,"Apartamento, 47.13 de área total, 42.24 de área privativa, 0.00 de área do terreno,  2 qto(s), WC, 1 sala(s), cozinha, 1 vaga(s) de garagem.",64878.59,128000.0,49.32,Venda Online,,JOAO PESSOA,PB,Não
8787716857395,"RUA INACIO ALBINO NETO, N. 240, Apto 202, BL27",GRAMAME,"Apartamento, 81.15 de área total, 44.63 de área privativa, 0.00 de área do terreno,  2 qto(s), a.serv, WC, 1 sala(s), cozinha.",66399.18,131000.0,49.32,Venda Online,,JOAO PESSOA,PB,Não
8555539293817,"RUA ANA ESPINOLA NAVARRO, N. 400, Apto 308, BLOCO A05",ERNANI SATIRO,"Apartamento, 0.00 de área total, 46.54 de área privativa, 0.00 de área do terreno,  2 qto(s), a.serv, WC, 1 sala(s), cozinha, 1 vaga(s) de garagem.",87088.86,171000.0,49.08,Venda Direta Online,,JOAO PESSOA,PB,Sim
8444429984040,"RUA ALEXSANDRO FERREIRA NARCIZO, N. 412, Apto 202, 1º ANDAR",GRAMAME,"Apartamento, 71.33 de área total, 42.71 de área privativa, 0.00 de área do terreno,  2 qto(s), WC, 1 sala(s), cozinha, 1 vaga(s) de garagem.",88718.6,174200.0,49.08,Venda Direta Online,,JOAO PESSOA,PB,Sim
8787704681777,"RUA INACIO ALBINO NETO, N. 240, Apto 408, BLOCO 16 - 3º ANDAR",GRAMAME,"Apartamento, 81.83 de área total, 45.09 de área privativa, 0.00 de área do terreno,  2 qto(s), a.serv, WC, 1 sala(s), cozinha, 1 vaga(s) de garagem.",81486.66,160000.0,49.08,Venda Direta Online,,JOAO PESSOA,PB,Sim
8444427014892,"RUA JUIZ DOMINGUES PORTO, N. 340, Apto 201,",CRUZ DAS ARMAS,"Apartamento, 64.50 de área total, 48.00 de área privativa, 0.00 de área do terreno,  2 qto(s), WC, 1 sala(s), cozinha, 1 vaga(s) de garagem.",68021.36,133083.95,48.89,Venda Online,,JOAO PESSOA,PB,Não
8555538783586,"RUA ANA ESPINOLA NAVARRO, N. 400, Apto 207, BL A20 SUBCOND A",ERNANI SATIRO,"Apartamento, 66.61 de área total, 45.06 de área privativa, 0.00 de área do terreno,  2 qto(s), a.serv, WC, 1 sala(s), cozinha, 1 vaga(s) de garagem.",67467.34,132000.0,48.89,Venda Online,,JOAO PESSOA,PB,Não
8787706559146,"RUA ANA ESPINOLA NAVARRO, N. 400, Apto 208, BL A13 SUBCOND A",ERNANI SATIRO,"Apartamento, 0.00 de área total, 46.54 de área privativa, 0.00 de área do terreno,  2 qto(s), a.serv, WC, 1 sala(s), cozinha, 1 vaga(s) de garagem.",65422.88,128000.0,48.89,Venda Online,,JOAO PESSOA,PB,Não
8444426808321,"RUA DOMINGOS JOSE DA PAIXAO, N. 1460, Apto 205, BL F",MUCUMAGRO,"Apartamento, 64.84 de área total, 46.30 de área privativa, 0.00 de área do terreno,  2 qto(s), WC, 1 sala(s), cozinha, 1 vaga(s) de garagem.",67978.46,133000.0,48.89,Venda Online,,JOAO PESSOA,PB,Não
8787701246735,"RUA ESTUDANTE DALMO BELMONT, N. SN, Apto 204,",MUCUMAGRO,"Apartamento, 0.00 de área total, 44.55 de área privativa, 0.00 de área do terreno,  2 qto(s), a.serv, WC, 1 sala(s), cozinha, 1 vaga(s) de garagem.",65933.99,129000.0,48.89,Venda Online,,JOAO PESSOA,PB,Não
8787704119629,"RUA ESCRITOR PATATIVA DO ASSARE, N. 100, Apto 302, 2º ANDAR - BL A - LT 400 QD 29",MUCUMAGRO,"Apartamento, 61.88 de área total, 44.55 de área privativa, 0.00 de área do terreno,  2 qto(s), WC, 1 sala(s), cozinha, 1 vaga(s) de garagem.",64911.76,127000.0,48.89,Venda Online,,JOAO PESSOA,PB,Não
8787708465742,"RUA INACIO ALBINO NETO, N. 240, Apto 207, BLOCO 17",GRAMAME,"Apartamento, 0.00 de área total, 44.63 de área privativa, 0.00 de área do terreno,  2 qto(s), a.serv, WC, 1 sala(s), cozinha.",64911.76,127000.0,48.89,Venda Online,,JOAO PESSOA,PB,Não
8787701726745,"RUA ESTUDANTE DALMO BELMONT, N. 145, Apto 401,",MUCUMAGRO,"Apartamento, 60.28 de área total, 41.36 de área privativa, 0.00 de área do terreno,  2 qto(s), a.serv, WC, 1 sala(s), cozinha, 1 vaga(s) de garagem.",71719.21,140000.0,48.78,Venda Online,,JOAO PESSOA,PB,Não
8787710192090,"RUA MARLUCE BELMONT CAVALCANTE, N. 80, Apto 202B, BL 03",GRAMAME,"Apartamento, 50.57 de área total, 43.68 de área privativa, 0.00 de área do terreno,  2 qto(s), a.serv, WC, 1 sala(s), cozinha.",79403.42,155000.0,48.78,Venda Direta Online,,JOAO PESSOA,PB,Não
8787718483956,"RUA MILTON DE OLIVEIRA MELO, N. 379, Apto 302, BL A",GRAMAME,"Apartamento, 66.92 de área total, 43.48 de área privativa, 0.00 de área do terreno,  2 qto(s), a.serv, WC, 1 sala(s), cozinha, 1 vaga(s) de garagem.",74280.62,145000.0,48.78,Venda Direta Online,,JOAO PESSOA,PB,Não
8787707818099,"RUA ANA ESPINOLA NAVARRO, N. 400, Apto 408, BLB SUBCOND 03",ERNANI SATIRO,"Apartamento, 57.00 de área total, 46.54 de área privativa, 0.00 de área do terreno,  2 qto(s), a.serv, WC, 1 sala(s), cozinha, 1 vaga(s) de garagem.",57599.74,112000.0,48.58,Venda Direta Online,,JOAO PESSOA,PB,Não
8787711339337,"RUA INACIO ALBINO NETO, N. 240, Apto 405,  BL 20",GRAMAME,"Apartamento, 0.00 de área total, 45.09 de área privativa, 0.00 de área do terreno,  2 qto(s), a.serv, WC, 1 sala(s), cozinha, 1 vaga(s) de garagem.",58813.71,114000.0,48.41,Venda Online,,JOAO PESSOA,PB,Não
8787701548987,"RUA GENERAL PEDRO GONCALVES DE MEDEIROS, N. 183, Apto 102, BL 01",OITIZEIRO,"Apartamento, 67.34 de área total, 49.80 de área privativa, 0.00 de área do terreno,  2 qto(s), a.serv, WC, 1 sala(s), cozinha, 1 vaga(s) de garagem.",60361.44,117000.0,48.41,Venda Online,,JOAO PESSOA,PB,Não
8555538704961,"RUA ANA ESPINOLA NAVARRO, N. 400, Apto 208, 1º ANDAR DO BLOCO A18 DO SUBCOND. A",ERNANI SATIRO,"Apartamento, 68.42 de área total, 46.54 de área privativa, 0.00 de área do terreno,  2 qto(s), a.serv, WC, 1 sala(s), cozinha, 1 vaga(s) de garagem.",73908.38,143000.0,48.32,Venda Online,,JOAO PESSOA,PB,Não
8787716120767,"RUA CARAMBOLAS, N. 255, Apto 106, TERREO",MUCUMAGRO,"Apartamento, 83.85 de área total, 50.10 de área privativa, 0.00 de área do terreno,  2 qto(s), varanda, a.serv, WC, 1 sala(s), cozinha, 1 vaga(s) de garagem.",75458.91,146000.0,48.32,Venda Online,,JOAO PESSOA,PB,Não
8444432249614,"RUA JOAQUIM ALVES BEZERRA, N. 78, Apto 401,",GRAMAME,"Apartamento, 61.58 de área total, 43.53 de área privativa, 0.00 de área do terreno,  2 qto(s), a.serv, WC, 1 sala(s), cozinha, 1 vaga(s) de garagem.",74942.07,145000.0,48.32,Venda Online,,JOAO PESSOA,PB,Não
8787718214645,"RUA NIZA SIQUEIRA DE MELO, N. 265, Apto 106,",GRAMAME,"Apartamento, 50.39 de área total, 50.39 de área privativa, 0.00 de área do terreno,  2 qto(s), varanda, a.serv, WC, 1 sala(s), cozinha, 1 vaga(s) de garagem.",80110.49,155000.0,48.32,Venda Online,,JOAO PESSOA,PB,Não
8444426165811,"RUA DOUTOR AUGUSTO DE ALMEIDA FILHO, N. 120, Apto 107, BL A",GRAMAME,"Apartamento, 57.38 de área total, 40.05 de área privativa, 0.00 de área do terreno,  2 qto(s), a.serv, WC, 1 sala(s), cozinha, 1 vaga(s) de garagem.",71945.72,138000.0,47.87,Venda Online,,JOAO PESSOA,PB,Não
8444426512929,"RUA DOUTOR AUGUSTO DE ALMEIDA FILHO, N. 120, Apto 103, BL C",GRAMAME,"Apartamento, 0.00 de área total, 41.31 de área privativa, 0.00 de área do terreno,  2 qto(s), a.serv, WC, 1 sala(s), cozinha, 1 vaga(s) de garagem.",70485.94,135200.0,47.87,Venda Online,,JOAO PESSOA,PB,Não
8787709759430,"RUA MARLUCE BELMONT CAVALCANTE, N. 80, Apto 203A, BL 03",GRAMAME,"Apartamento, 61.74 de área total, 43.40 de área privativa, 0.00 de área do terreno,  2 qto(s), a.serv, WC, 1 sala(s), cozinha.",69338.98,133000.0,47.87,Venda Online,,JOAO PESSOA,PB,Não
8787715786249,"RUA INACIO ALBINO NETO, N. 240, Apto 101, BL 23",GRAMAME,"Apartamento, 81.83 de área total, 45.09 de área privativa, 0.00 de área do terreno,  2 qto(s), a.serv, WC, 1 sala(s), cozinha.",60977.67,115000.0,46.98,Venda Online,,JOAO PESSOA,PB,Não
1555522361344,"RUA CORONEL JOCA VELHO, N. 500, Apto 106, BL D",ALTO DO MATEUS,"Apartamento, 60.93 de área total, 42.72 de área privativa, 0.00 de área do terreno,  1 qto(s), varanda, a.serv, WC, 1 sala(s), cozinha, 1 vaga(s) de garagem.",79056.22,148000.0,46.59,Venda Direta Online,,JOAO PESSOA,PB,Não
8787704890341,"RUA ANA ESPINOLA NAVARRO, N. 400, Apto 307, BL A07 SUBCONDOMINIO A",ERNANI SATIRO,"Apartamento, 66.61 de área total, 45.06 de área privativa, 0.00 de área do terreno,  2 qto(s), a.serv, WC, 1 sala(s), cozinha, 1 vaga(s) de garagem.",72336.72,135000.0,46.42,Venda Online,,JOAO PESSOA,PB,Não
8787706750938,"RUA JORNALISTA ANTONIO BARRETO NETO, N. 58, Apto 305, LT 0373 QD 007 2 ANDAR BL A",PLANALTO BOA ESPERANCA,"Apartamento, 63.15 de área total, 47.20 de área privativa, 0.00 de área do terreno,  2 qto(s), a.serv, WC, 2 sala(s), cozinha, 1 vaga(s) de garagem.",69657.58,130000.0,46.42,Venda Online,,JOAO PESSOA,PB,Não
8444432563777,"RUA NAIR MARANHAO DE ALMEIDA, N. 282, Apto 106,",GRAMAME,"Apartamento, 53.42 de área total, 38.95 de área privativa, 0.00 de área do terreno,  2 qto(s), varanda, a.serv, WC, 1 sala(s), cozinha, 1 vaga(s) de garagem.",82586.87,152500.0,45.85,Venda Direta Online,,JOAO PESSOA,PB,Não
8787712507268,"RUA INACIO ALBINO NETO, N. 240, Apto 101, TP B BL 21",GRAMAME,"Apartamento, 81.83 de área total, 45.09 de área privativa, 0.00 de área do terreno,  2 qto(s), a.serv, WC, 1 sala(s), cozinha.",81232.99,150000.0,45.85,Venda Direta Online,,JOAO PESSOA,PB,Não
8787717063260,"RUA NIZA SIQUEIRA DE MELO, N. 276, Apto 405, 3 ANDAR",GRAMAME,"Apartamento, 70.31 de área total, 46.90 de área privativa, 0.00 de área do terreno,  2 qto(s), varanda, a.serv, WC, 1 sala(s), cozinha, 1 vaga(s) de garagem.",83940.76,155000.0,45.85,Venda Direta Online,,JOAO PESSOA,PB,Não
8444415758301,"RUA DJANIRA BELLO FURTADO, N. 33, Apto 202,",JOSE AMERICO DE ALMEIDA,"Apartamento, 54.38 de área total, 39.25 de área privativa, 0.00 de área do terreno,  2 qto(s), a.serv, WC, 1 sala(s), cozinha, 1 vaga(s) de garagem.",69341.46,127500.0,45.62,Venda Direta Online,,JOAO PESSOA,PB,Não
8555538812381,"RUA ANA ESPINOLA NAVARRO, N. 400, Apto 410, BL A21 SUBCONDOMÍNIO A",ERNANI SATIRO,"Apartamento, 65.69 de área total, 44.30 de área privativa, 0.00 de área do terreno,  2 qto(s), WC, 1 sala(s), cozinha, 1 vaga(s) de garagem.",65021.82,119400.0,45.55,Venda Direta Online,,JOAO PESSOA,PB,Não
8787707169546,"RUA ANA ESPINOLA NAVARRO, N. 400, Apto 405, BL B13 SUBCONDOMINIO B",ERNANI SATIRO,"Apartamento, 66.39 de área total, 44.81 de área privativa, 0.00 de área do terreno,  2 qto(s), a.serv, WC, 1 sala(s), cozinha, 1 vaga(s) de garagem.",65893.14,121000.0,45.55,Venda Online,,JOAO PESSOA,PB,Não
8444424220602,"RUA PROFESSORA MARIA IGNES PEREGRINO, N. 145, Apto 304, 2 ANDAR",GRAMAME,"Apartamento, 59.47 de área total, 52.11 de área privativa, 0.00 de área do terreno,  2 qto(s), varanda, a.serv, WC, 1 sala(s), cozinha, 1 vaga(s) de garagem.",64804.0,119000.0,45.55,Venda Direta Online,,JOAO PESSOA,PB,Não
8444425949657,"RUA JOSINALDO FLORENCIO DA SILVA, N. 103, Apto 202, BL B",GRAMAME,"Apartamento, 61.77 de área total, 42.60 de área privativa, 0.00 de área do terreno,  2 qto(s), WC, 1 sala(s), cozinha, 1 vaga(s) de garagem.",64804.0,119000.0,45.55,Venda Online,,JOAO PESSOA,PB,Não
8787712510641,"RUA INACIO ALBINO NETO, N. 240, Apto 103, TP B BL 21",GRAMAME,"Apartamento, 45.09 de área total, 45.09 de área privativa, 0.00 de área do terreno,  2 qto(s), a.serv, WC, 1 sala(s), cozinha.",63714.85,117000.0,45.55,Venda Direta Online,,JOAO PESSOA,PB,Não
8787717707370,"RUA OLAVO PESSOA DE AMORIM, N. 49, Apto 202,",PARATIBE,"Apartamento, 54.31 de área total, 41.15 de área privativa, 0.00 de área do terreno,  2 qto(s), a.serv, WC, 1 sala(s), cozinha, 1 vaga(s) de garagem.",67526.85,124000.0,45.55,Venda Online,,JOAO PESSOA,PB,Não
8787716841456,"RUA INACIO ALBINO NETO, N. 240, Apto 104, BL 27",GRAMAME,"Apartamento, 45.09 de área total, 45.09 de área privativa, 0.00 de área do terreno,  2 qto(s), a.serv, WC, 1 sala(s), cozinha.",87704.0,160000.0,45.19,Venda Direta Online,,JOAO PESSOA,PB,Não
8787702489410,"RUA TELEGRAFISTA CHATEAUBRIAND BRASIL FILHO, N. 700, Apto 307, BL E",VALENTINA DE FIGUEIREDO,"Apartamento, 99.42 de área total, 48.99 de área privativa, 0.00 de área do terreno,  2 qto(s), WC, 1 sala(s), cozinha, 1 vaga(s) de garagem.",75942.7,138000.0,44.97,Venda Online,,JOAO PESSOA,PB,Não
8787706560217,"RUA ANA ESPINOLA NAVARRO, N. 400, Apto 209, BL A10 SUBCONDOMINIO A",ERNANI SATIRO,"Apartamento, 65.69 de área total, 44.30 de área privativa, 0.00 de área do terreno,  2 qto(s), a.serv, WC, 1 sala(s), cozinha, 1 vaga(s) de garagem.",73191.15,133000.0,44.97,Venda Direta Online,,JOAO PESSOA,PB,Não
8787710449686,"RUA ANA ESPINOLA NAVARRO, N. 400, Apto 308, BL 09",ERNANI SATIRO,"Apartamento, 57.00 de área total, 46.54 de área privativa, 0.00 de área do terreno,  2 qto(s), WC, 1 sala(s), cozinha, 1 vaga(s) de garagem.",69338.98,126000.0,44.97,Venda Direta Online,,JOAO PESSOA,PB,Não
8555509460650,"RUA DOS DIAMANTES, N. 650, Apto 102, BL H",INDUSTRIAS,"Apartamento, 84.72 de área total, 48.42 de área privativa, 0.00 de área do terreno,  2 qto(s), a.serv, WC, 1 sala(s), cozinha, 1 vaga(s) de garagem.",69338.98,126000.0,44.97,Venda Online,,JOAO PESSOA,PB,Não
8555518963821,"RUA DOS DIAMANTES, N. 650, Apto 103, BL A LT 1036 QD 115",INDUSTRIAS,"Apartamento, 84.72 de área total, 48.42 de área privativa, 0.00 de área do terreno,  2 qto(s), a.serv, WC, 1 sala(s), cozinha, 1 vaga(s) de garagem.",71540.22,130000.0,44.97,Venda Direta Online,,JOAO PESSOA,PB,Não
8787700802570,"RUA DOMINGOS JOSE DA PAIXAO, N. SN, Apto 307, BL B",MUCUMAGRO,"Apartamento, 64.84 de área total, 46.30 de área privativa, 0.00 de área do terreno,  2 qto(s), a.serv, WC, 1 sala(s), cozinha, 1 vaga(s) de garagem.",73191.15,133000.0,44.97,Venda Direta Online,,JOAO PESSOA,PB,Não
8787702688642,"RUA ESCRITOR PATATIVA DO ASSARE, N. 160, Apto 104, TÉRREO BL A",MUCUMAGRO,"Apartamento, 61.76 de área total, 44.55 de área privativa, 0.00 de área do terreno,  2 qto(s), a.serv, WC, 1 sala(s), cozinha, 1 vaga(s) de garagem.",70714.76,128500.0,44.97,Venda Direta Online,,JOAO PESSOA,PB,Não
8444416240543,"RUA AIRTON PEREIRA DE MORAIS, N. 64, Apto 101,",GRAMAME,"Apartamento, 63.79 de área total, 41.65 de área privativa, 0.00 de área do terreno,  2 qto(s), a.serv, WC, 1 sala(s), cozinha, 1 vaga(s) de garagem.",74291.77,135000.0,44.97,Venda Direta Online,,JOAO PESSOA,PB,Não
8444422998681,"RUA JOSINALDO FLORENCIO DA SILVA, N. 179, Apto 302, BL D",GRAMAME,"Apartamento, 72.34 de área total, 42.82 de área privativa, 0.00 de área do terreno,  2 qto(s), WC, 1 sala(s), cozinha, 1 vaga(s) de garagem.",70714.76,128500.0,44.97,Venda Direta Online,,JOAO PESSOA,PB,Não
8444425386717,"RUA JOSINALDO FLORENCIO DA SILVA, N. 103, Apto 208, BL B",GRAMAME,"Apartamento, 61.77 de área total, 42.60 de área privativa, 0.00 de área do terreno,  2 qto(s), WC, 1 sala(s), cozinha, 1 vaga(s) de garagem.",74842.08,136000.0,44.97,Venda Direta Online,,JOAO PESSOA,PB,Não
8444426224290,"RUA DOUTOR AUGUSTO DE ALMEIDA FILHO, N. 120, Apto 309, BL B",GRAMAME,"Apartamento, 57.38 de área total, 40.05 de área privativa, 0.00 de área do terreno,  2 qto(s), a.serv, WC, 1 sala(s), cozinha, 1 vaga(s) de garagem.",71248.89,129470.61,44.97,Venda Direta Online,,JOAO PESSOA,PB,Não
8787701446483,"RUA INACIO ALBINO NETO, N. 240, Apto 403, BL 10",GRAMAME,"Apartamento, 81.15 de área total, 44.63 de área privativa, 0.00 de área do terreno,  2 qto(s), a.serv, WC, 1 sala(s), cozinha, 1 vaga(s) de garagem.",69338.98,126000.0,44.97,Venda Direta Online,,JOAO PESSOA,PB,Não
8787716305740,"RUA PROFESSORA SEVERINA RAMOS DE AZEVEDO, N. 261, Apto 405, 3 ANDAR BL D",GRAMAME,"Apartamento, 73.87 de área total, 41.45 de área privativa, 0.00 de área do terreno,  2 qto(s), a.serv, WC, 1 sala(s), cozinha, 1 vaga(s) de garagem.",74291.77,135000.0,44.97,Venda Direta Online,,JOAO PESSOA,PB,Não
8787717959310,"RUA ARNALDO FERREIRA DA SILVA, N. 119, Apto 403, BL A",GRAMAME,"Apartamento, 0.00 de área total, 45.38 de área privativa, 0.00 de área do terreno,  2 qto(s), varanda, a.serv, WC, 1 sala(s), cozinha, 1 vaga(s) de garagem.",73949.42,134377.89,44.97,Venda Direta Online,,JOAO PESSOA,PB,Não
8444428425551,"RUA ESTUDANTE HUMBERLUCIO SIQUEIRA DE OLIV. JUNIOR, N. 282, Apto 101, .",MUMBABA,"Apartamento, 0.00 de área total, 44.12 de área privativa, 0.00 de área do terreno,  2 qto(s), a.serv, WC, 1 sala(s), cozinha, 1 vaga(s) de garagem.",73741.47,134000.0,44.97,Venda Direta Online,,JOAO PESSOA,PB,Não
8787713724076,"RUA LUIZ QUIRINO GOMES, N. 35, Apto 405, BL 03 QD 587",JARDIM VENEZA,"Apartamento, 50.02 de área total, 42.95 de área privativa, 0.00 de área do terreno,  2 qto(s), a.serv, 1 sala(s), cozinha, 1 vaga(s) de garagem.",77310.39,139000.0,44.39,Venda Direta Online,,JOAO PESSOA,PB,Não
8787701116556,"RUA TELEGRAFISTA CHATEAUBRIAND BRASIL FILHO, N. 700, Apto 407, BL C",MUCUMAGRO,"Apartamento, 0.00 de área total, 48.99 de área privativa, 0.00 de área do terreno,  2 qto(s), WC, 1 sala(s), cozinha, 1 vaga(s) de garagem.",77310.39,139000.0,44.39,Venda Online,,JOAO PESSOA,PB,Não
8555539785124,"RUA CICERO SOARES DA SILVA, N. 165, Apto 201, BL C",CUIA,"Apartamento, 62.20 de área total, 43.62 de área privativa, 0.00 de área do terreno,  2 qto(s), WC, 1 sala(s), cozinha, 1 vaga(s) de garagem.",77866.57,140000.0,44.39,Venda Direta Online,,JOAO PESSOA,PB,Não
8444423076320,"RUA JOSINALDO FLORENCIO DA SILVA, N. 179, Apto 402, BL C",GRAMAME,"Apartamento, 61.25 de área total, 43.17 de área privativa, 0.00 de área do terreno,  2 qto(s), WC, 1 sala(s), cozinha, 1 vaga(s) de garagem.",77866.57,140000.0,44.39,Venda Online,,JOAO PESSOA,PB,Não
8444427117489,"RUA JOSE MATIAS GUEDES, N. 209, Apto 203, 1° ANDAR",GRAMAME,"Apartamento, 62.44 de área total, 40.87 de área privativa, 0.00 de área do terreno,  2 qto(s), a.serv, WC, 1 sala(s), cozinha, 1 vaga(s) de garagem.",81759.9,147000.0,44.39,Venda Direta Online,,JOAO PESSOA,PB,Sim
8787716289184,"RUA JOSE PIRES BEJAMIM, N. 243, Apto 403, 3 ANDAR",GRAMAME,"Apartamento, 49.83 de área total, 49.82 de área privativa, 0.00 de área do terreno,  2 qto(s), varanda, a.serv, WC, 1 sala(s), cozinha, 1 vaga(s) de garagem.",77866.57,140000.0,44.39,Venda Direta Online,,JOAO PESSOA,PB,Não
8787716573443,"RUA RICARDO SOARES DE SOUZA NETO, N. 107, Apto 303,",GRAMAME,"Apartamento, 66.77 de área total, 45.90 de área privativa, 0.00 de área do terreno,  2 qto(s), a.serv, WC, 1 sala(s), cozinha, 1 vaga(s) de garagem.",77310.39,139000.0,44.39,Venda Direta Online,,JOAO PESSOA,PB,Não
8787718894182,"RUA MILTON DE OLIVEIRA MELO, N. 330, Apto 304, BL C",GRAMAME,"Apartamento, 0.00 de área total, 47.27 de área privativa, 0.00 de área do terreno,  2 qto(s), a.serv, WC, 1 sala(s), cozinha, 1 vaga(s) de garagem.",83428.47,150000.0,44.39,Venda Direta Online,,JOAO PESSOA,PB,Não
8787720111670,"RUA LUIZ SPINELLI, N. 712, Apto 302, 2° ANDAR",GRAMAME,"Apartamento, 61.63 de área total, 42.70 de área privativa, 0.00 de área do terreno,  2 qto(s), WC, 1 sala(s), cozinha, 1 vaga(s) de garagem.",81203.72,146000.0,44.39,Venda Direta Online,,JOAO PESSOA,PB,Sim
8555524268331,"RUA SILVIA BEZERRA GUEDES, N. 651, Apto 304, BL F",OITIZEIRO,"Apartamento, 0.00 de área total, 43.96 de área privativa, 0.00 de área do terreno,  2 qto(s), a.serv, WC, 1 sala(s), cozinha, 1 vaga(s) de garagem.",82810.3,148888.56,44.39,Venda Direta Online,,JOAO PESSOA,PB,Sim
8444432314947,"R ESTUDANTE HUMBERLUCIO SIQUEIRA D OLIVEIRA JR, N. 315, Apto 201,",MUMBABA,"Apartamento, 52.95 de área total, 42.83 de área privativa, 0.00 de área do terreno,  2 qto(s), WC, 1 sala(s), cozinha, 1 vaga(s) de garagem.",79535.14,143000.0,44.39,Venda Direta Online,,JOAO PESSOA,PB,Sim
8444426948581,"RUA DOMINGOS JOSE DA PAIXAO, N. 1460, Apto 305, BL F",MUCUMAGRO,"Apartamento, 64.84 de área total, 46.30 de área privativa, 0.00 de área do terreno,  2 qto(s), WC, 1 sala(s), cozinha, 1 vaga(s) de garagem.",69862.78,125000.0,44.11,Venda Direta Online,,JOAO PESSOA,PB,Não
8090400079215,"RUA SEBASTIANA PEREIRA GOMES, N. 29, CS 31",FUNCIONARIOS,"Casa, 0.00 de área total, 53.42 de área privativa, 109.12 de área do terreno,  2 qto(s), WC, 1 sala(s), cozinha, Terraco, 1 vaga(s) de garagem.",89548.9,159066.59,43.71,Venda Direta Online,,JOAO PESSOA,PB,Sim
8444426362323,"RUA CARAMBOLAS, N. 255, Apto 203, BL B",MUCUMAGRO,"Apartamento, 83.85 de área total, 50.10 de área privativa, 0.00 de área do terreno,  2 qto(s), a.serv, WC, 1 sala(s), cozinha, 1 vaga(s) de garagem.",93452.16,166000.0,43.71,Venda Direta Online,,JOAO PESSOA,PB,Sim
8444427237778,"RUA CARAMBOLAS, N. 255, Apto 305, BL F",MUCUMAGRO,"Apartamento, 83.85 de área total, 50.10 de área privativa, 0.00 de área do terreno,  2 qto(s), a.serv, WC, 1 sala(s), cozinha, 1 vaga(s) de garagem.",93452.16,166000.0,43.71,Venda Direta Online,,JOAO PESSOA,PB,Sim
8444427477043,"RUA CARAMBOLAS, N. 255, Apto 205, BL G",MUCUMAGRO,"Apartamento, 83.85 de área total, 50.10 de área privativa, 0.00 de área do terreno,  2 qto(s), a.serv, WC, 1 sala(s), cozinha, 1 vaga(s) de garagem.",93452.16,166000.0,43.71,Venda Direta Online,,JOAO PESSOA,PB,Sim
8787702603515,"RUA TELEGRAFISTA CHATEAUBRIAND BRASIL FILHO, N. 700, Apto 202, BL E",MUCUMAGRO,"Apartamento, 99.42 de área total, 48.15 de área privativa, 0.00 de área do terreno,  2 qto(s), WC, 1 sala(s), cozinha, 1 vaga(s) de garagem.",99250.7,176300.0,43.71,Venda Direta Online,,JOAO PESSOA,PB,Sim
8444433084538,"RUA JOAQUIM ALVES BEZERRA, N. 235, Apto 210, BL B",GRAMAME,"Apartamento, 53.53 de área total, 41.38 de área privativa, 0.00 de área do terreno,  2 qto(s), varanda, a.serv, WC, 1 sala(s), cozinha, 1 vaga(s) de garagem.",95195.37,169096.47,43.71,Venda Direta Online,,JOAO PESSOA,PB,Não
8787716508846,"RUA NAIR MARANHAO DE ALMEIDA, N. 235, Apto 205,",GRAMAME,"Apartamento, 58.81 de área total, 46.90 de área privativa, 0.00 de área do terreno,  2 qto(s), varanda, a.serv, WC, 1 sala(s), cozinha, 1 vaga(s) de garagem.",95177.46,169064.65,43.71,Venda Direta Online,,JOAO PESSOA,PB,Não
8787710369259,"RUA ANA ESPINOLA NAVARRO, N. 400, Apto 404, BL A18 SUBCONDOMINIO A",ERNANI SATIRO,"Apartamento, 66.61 de área total, 45.06 de área privativa, 0.00 de área do terreno,  2 qto(s), WC, 1 sala(s), cozinha, 1 vaga(s) de garagem.",75682.03,134000.0,43.53,Venda Direta Online,,JOAO PESSOA,PB,Não
8444421073919,"RUA FRANCISCA DALVA DE SOUSA AZEVEDO, N. 71, Apto 202,",MUCUMAGRO,"Apartamento, 62.86 de área total, 46.55 de área privativa, 0.00 de área do terreno,  2 qto(s), a.serv, WC, 1 sala(s), cozinha, 1 vaga(s) de garagem.",73422.86,130000.0,43.53,Venda Direta Online,,JOAO PESSOA,PB,Não
8444434780635,"RODOVIA MINISTRO ABERLARDO JUREMA ARAUJO, N. 0, Apto 404, BL A",MUCUMAGRO,"Apartamento, 74.66 de área total, 41.23 de área privativa, 0.00 de área do terreno,  2 qto(s), a.serv, WC, 1 sala(s), cozinha, 1 vaga(s) de garagem.",76811.61,136000.0,43.53,Venda Direta Online,,JOAO PESSOA,PB,Não
8787701957771,"RUA DOMINGOS JOSE DA PAIXAO, N. 1460, Apto 112, BL B",MUCUMAGRO,"Apartamento, 64.84 de área total, 46.30 de área privativa, 0.00 de área do terreno,  2 qto(s), WC, 1 sala(s), cozinha, 1 vaga(s) de garagem.",73422.86,130000.0,43.53,Venda Direta Online,,JOAO PESSOA,PB,Não
8787702027018,"RUA TELEGRAFISTA CHATEAUBRIAND BRASIL FILHO, N. 700, Apto 101, BL E TÉRREO",MUCUMAGRO,"Apartamento, 97.93 de área total, 48.15 de área privativa, 0.00 de área do terreno,  2 qto(s), WC, 1 sala(s), cozinha, 1 vaga(s) de garagem.",75682.03,134000.0,43.53,Venda Direta Online,,JOAO PESSOA,PB,Não
8444422814602,"RUA JOSINALDO FLORENCIO DA SILVA, N. 179, Apto 206, BL D",GRAMAME,"Apartamento, 60.84 de área total, 42.82 de área privativa, 0.00 de área do terreno,  2 qto(s), a.serv, WC, 1 sala(s), cozinha, 1 vaga(s) de garagem.",75117.23,133000.0,43.53,Venda Direta Online,,JOAO PESSOA,PB,Não
8444418262820,"RUA EUCLIDES NUNES MACHADO, N. 173, Apto 102, TÉRREO",MUCUMAGRO,"Apartamento, 105.06 de área total, 51.19 de área privativa, 0.00 de área do terreno,  2 qto(s), a.serv, WC, 1 sala(s), cozinha, 1 vaga(s) de garagem.",83911.48,147000.0,42.92,Venda Online,,JOAO PESSOA,PB,Não
8787718954339,"RUA MILTON DE OLIVEIRA MELO, N. 330, Apto 206, BLOCO C",GRAMAME,"Apartamento, 43.38 de área total, 43.38 de área privativa, 0.00 de área do terreno,  2 qto(s), WC, 1 sala(s), cozinha, 1 vaga(s) de garagem.",79915.69,140000.0,42.92,Venda Direta Online,,JOAO PESSOA,PB,Não
8787706146666,"RUA ANA ESPINOLA NAVARRO, N. 400, Apto 208, BLOCO A01",ERNANI SATIRO,"Apartamento, 65.69 de área total, 44.30 de área privativa, 0.00 de área do terreno,  2 qto(s), a.serv, WC, 1 sala(s), cozinha, 1 vaga(s) de garagem.",59999.74,105000.0,42.86,Licitação Aberta,,JOAO PESSOA,PB,Não
8787711017410,"RUA ANA ESPINOLA NAVARRO, N. 400, Apto 108, BL A14 SUBCOND A VG 8",ERNANI SATIRO,"Apartamento, 0.00 de área total, 36.33 de área privativa, 0.00 de área do terreno,  1 qto(s), a.serv, WC, cozinha, 1 vaga(s) de garagem.",63428.3,111000.0,42.86,Venda Direta Online,,JOAO PESSOA,PB,Não
8787701501093,"RUA ESTUDANTE DALMO BELMONT, N. 145, Apto 104, TERREO",MUCUMAGRO,"Apartamento, 44.00 de área total, 44.45 de área privativa, 0.00 de área do terreno,  2 qto(s), WC, 1 sala(s), cozinha, 1 vaga(s) de garagem.",63890.74,111809.28,42.86,Venda Direta Online,,JOAO PESSOA,PB,Não
8444407969528,"RUA JOSE GALDINO DOS SANTOS, N. 124, Apto 202,",GRAMAME,"Apartamento, 45.10 de área total, 45.10 de área privativa, 0.00 de área do terreno,  2 qto(s), a.serv, WC, 1 sala(s), cozinha, 1 vaga(s) de garagem.",59999.74,105000.0,42.86,Venda Direta Online,,JOAO PESSOA,PB,Não
8444427832021,"RUA SANTA SOFIA, N. 222, Apto 103,",VALENTINA DE FIGUEIREDO,"Apartamento, 71.62 de área total, 56.00 de área privativa, 0.00 de área do terreno,  2 qto(s), WC, 1 sala(s), cozinha, 1 vaga(s) de garagem.",70507.67,123000.0,42.68,Venda Direta Online,,JOAO PESSOA,PB,Não
8444423127455,"RUA ESCRITOR JOAQUIM DA SILVA, N. 152, Apto 403, 4º ANDAR, POSIÇÃO LESTE",JARDIM VENEZA,"Apartamento, 108.53 de área total, 47.06 de área privativa, 0.00 de área do terreno,  2 qto(s), a.serv, WC, 1 sala(s), cozinha, 1 vaga(s) de garagem.",68214.74,119000.0,42.68,Venda Direta Online,,JOAO PESSOA,PB,Não
8444419340905,"RUA VIGILANTE GIVANILDO GOMES, N. 120, Apto 202,",MUCUMAGRO,"Apartamento, 60.98 de área total, 43.00 de área privativa, 0.00 de área do terreno,  2 qto(s), a.serv, WC, 1 sala(s), cozinha, 1 vaga(s) de garagem.",70234.63,122523.69,42.68,Licitação Aberta,,JOAO PESSOA,PB,Não
8787701674303,"RUA TELEGRAFISTA CHATEUBRIAND BRASIL FILHO, N. 700, Apto 304, BL B",MUCUMAGRO,"Apartamento, 97.93 de área total, 48.15 de área privativa, 0.00 de área do terreno,  2 qto(s), a.serv, WC, 1 sala(s), cozinha, 1 vaga(s) de garagem.",71080.9,124000.0,42.68,Venda Direta Online,,JOAO PESSOA,PB,Não
8787718036690,"RUA ROSA MISTICA, N. 158, Apto 301, 2 ANDAR",MUCUMAGRO,"Apartamento, 65.50 de área total, 47.06 de área privativa, 0.00 de área do terreno,  1 qto(s), a.serv, WC, 1 sala(s), cozinha, 1 vaga(s) de garagem.",71654.14,125000.0,42.68,Licitação Aberta,,JOAO PESSOA,PB,Não
8444410682307,"RUA ADALBERTO PEIXOTO DE VASCONCELOS, N. 48, Apto 202,",JOAO PAULO II,"Apartamento, 58.10 de área total, 43.90 de área privativa, 0.00 de área do terreno,  2 qto(s), a.serv, WC, 1 sala(s), cozinha, 1 vaga(s) de garagem.",68787.97,120000.0,42.68,Venda Online,,JOAO PESSOA,PB,Não
8444422828689,"RUA JOSINALDO FLORENCIO DA SILVA, N. 179, Apto 102, TÉRREO, BLOCO C",GRAMAME,"Apartamento, 61.25 de área total, 43.17 de área privativa, 0.00 de área do terreno,  2 qto(s), WC, 1 sala(s), cozinha, 1 vaga(s) de garagem.",67068.27,117000.0,42.68,Venda Direta Online,,JOAO PESSOA,PB,Não
8444422833755,"RUA JOSINALDO FLORENCIO DA SILVA, N. 179, Apto 101, TÉRREO, BL C",GRAMAME,"Apartamento, 61.25 de área total, 43.17 de área privativa, 0.00 de área do terreno,  2 qto(s), WC, 1 sala(s), cozinha, 1 vaga(s) de garagem.",70507.67,123000.0,42.68,Venda Online,,JOAO PESSOA,PB,Não
8444422907678,"RUA JOSINALDO FLORENCIO DA SILVA, N. 179, Apto 305, BLOCO A, 2 ANDAR",GRAMAME,"Apartamento, 72.34 de área total, 42.82 de área privativa, 0.00 de área do terreno,  2 qto(s), a.serv, WC, 1 sala(s), cozinha, 1 vaga(s) de garagem.",68787.97,120000.0,42.68,Venda Direta Online,,JOAO PESSOA,PB,Não
8444424561558,"RUA PROFESSORA ALICE MENDES DA NOBREGA, N. 271, Apto 303,",GRAMAME,"Apartamento, 54.10 de área total, 38.12 de área privativa, 0.00 de área do terreno,  2 qto(s), a.serv, WC, 1 sala(s), cozinha, 1 vaga(s) de garagem.",70507.67,123000.0,42.68,Venda Direta Online,,JOAO PESSOA,PB,Não
8444425304850,"RUA JOSINALDO FLORENCIO DA SILVA, N. 103, Apto 206, BL B",GRAMAME,"Apartamento, 73.53 de área total, 42.82 de área privativa, 0.00 de área do terreno,  2 qto(s), a.serv, WC, 1 sala(s), cozinha, 1 vaga(s) de garagem.",69361.21,121000.0,42.68,Venda Direta Online,,JOAO PESSOA,PB,Não
8444425338216,"RUA JOSINALDO FLORENCIO DA SILVA, N. 103, Apto 409, 3º ANDAR, BLOCO B",GRAMAME,"Apartamento, 62.20 de área total, 42.96 de área privativa, 0.00 de área do terreno,  2 qto(s), WC, 1 sala(s), cozinha, 1 vaga(s) de garagem.",69361.21,121000.0,42.68,Venda Online,,JOAO PESSOA,PB,Não
8444425426271,"RUA JOSINALDO FLORENCIO DA SILVA, N. 103, Apto 303, BL B",GRAMAME,"Apartamento, 62.20 de área total, 42.96 de área privativa, 0.00 de área do terreno,  2 qto(s), WC, 1 sala(s), cozinha, 1 vaga(s) de garagem.",68214.74,119000.0,42.68,Venda Direta Online,,JOAO PESSOA,PB,Não
8444425603084,"RUA JOSINALDO FLORENCIO DA SILVA, N. 103, Apto 109, BL B",GRAMAME,"Apartamento, 62.20 de área total, 42.96 de área privativa, 0.00 de área do terreno,  2 qto(s), a.serv, WC, 1 sala(s), cozinha, 1 vaga(s) de garagem.",65921.81,115000.0,42.68,Venda Direta Online,,JOAO PESSOA,PB,Não
8787709184631,"RUA INACIO ALBINO NETO, N. 240, Apto 308, BL 17",GRAMAME,"Apartamento, 81.83 de área total, 45.09 de área privativa, 0.00 de área do terreno,  2 qto(s), a.serv, WC, 1 sala(s), cozinha, 1 vaga(s) de garagem.",69533.18,121300.0,42.68,Venda Direta Online,,JOAO PESSOA,PB,Não
8787710756996,"RUA INACIO ALBINO NETO, N. 240, Apto 206, BL 20, TIPO A",GRAMAME,"Apartamento, 81.15 de área total, 44.63 de área privativa, 0.00 de área do terreno,  2 qto(s), a.serv, WC, 1 sala(s), cozinha, 1 vaga(s) de garagem.",69361.21,121000.0,42.68,Venda Direta Online,,JOAO PESSOA,PB,Não
8787710776660,"RUA INACIO ALBINO NETO, N. 240, Apto 108, TERREO, BL 20",GRAMAME,"Apartamento, 81.83 de área total, 45.09 de área privativa, 0.00 de área do terreno,  2 qto(s), a.serv, WC, 1 sala(s), cozinha, 1 vaga(s) de garagem.",70507.67,123000.0,42.68,Venda Direta Online,,JOAO PESSOA,PB,Não
8787718291046,"RUA INACIO ALBINO NETO, N. 240, Apto 304, 2º ANDAR, BL 26",GRAMAME,"Apartamento, 81.83 de área total, 45.09 de área privativa, 0.00 de área do terreno,  2 qto(s), a.serv, WC, 1 sala(s), cozinha.",71654.14,125000.0,42.68,Venda Online,,JOAO PESSOA,PB,Não
8444414621574,"RUA ARAUCARIA, N. 30, Apto 101,",PARATIBE,"Apartamento, 45.50 de área total, 43.50 de área privativa, 0.00 de área do terreno,  2 qto(s), a.serv, WC, 1 sala(s), cozinha, 1 vaga(s) de garagem.",65921.81,115000.0,42.68,Venda Direta Online,,JOAO PESSOA,PB,Não
8444427234868,"RUA FRANCISCO DE ASSIS DIAS, N. 80, Apto 108, TÉRREO, BLOCO C",PARATIBE,"Apartamento, 65.49 de área total, 43.24 de área privativa, 0.00 de área do terreno,  2 qto(s), a.serv, WC, 1 sala(s), cozinha, 1 vaga(s) de garagem.",71654.14,125000.0,42.68,Venda Online,,JOAO PESSOA,PB,Não
8787704345181,"RUA DOMINGOS JOSE DA PAIXAO, N. 1460, Apto 110, QD 100 BL E",VALENTINA DE FIGUEIREDO,"Apartamento, 64.84 de área total, 46.30 de área privativa, 0.00 de área do terreno,  2 qto(s), a.serv, WC, 1 sala(s), cozinha, 1 vaga(s) de garagem.",77622.6,134000.0,42.08,Venda Online,,JOAO PESSOA,PB,Não
8787703737396,"RUA ANA ESPINOLA NAVARRO, N. 400, Apto 110, TÉRREO, BL A19, SUBCONDOMÍNIO A",ERNANI SATIRO,"Apartamento, 65.69 de área total, 44.30 de área privativa, 0.00 de área do terreno,  2 qto(s), a.serv, WC, 1 sala(s), cozinha, 1 vaga(s) de garagem.",76464.05,132000.0,42.08,Venda Online,,JOAO PESSOA,PB,Não
8787709038279,"RUA ANA ESPINOLA NAVARRO, N. 400, Apto 302, BL B06 SUBCOND B",ERNANI SATIRO,"Apartamento, 65.77 de área total, 44.30 de área privativa, 0.00 de área do terreno,  2 qto(s), a.serv, WC, 1 sala(s), cozinha, 1 vaga(s) de garagem.",76464.05,132000.0,42.08,Venda Direta Online,,JOAO PESSOA,PB,Não
8444419457802,"RUA ARTUR DOS SANTOS GOMES, N. 59, Apto 101,",GRAMAME,"Apartamento, 69.46 de área total, 52.00 de área privativa, 0.00 de área do terreno,  2 qto(s), a.serv, WC, 1 sala(s), cozinha, 1 vaga(s) de garagem.",75305.5,130000.0,42.08,Licitação Aberta,,JOAO PESSOA,PB,Não
8444421146118,"RUA PROFESSORA SEVERINA RAMOS DE AZEVEDO, N. 250, Apto 301,",GRAMAME,"Apartamento, 52.04 de área total, 40.54 de área privativa, 0.00 de área do terreno,  2 qto(s), a.serv, WC, 1 sala(s), cozinha, 1 vaga(s) de garagem.",73567.68,127000.0,42.08,Venda Direta Online,,JOAO PESSOA,PB,Não
8444422962113,"RUA JOSINALDO FLORENCIO DA SILVA, N. 179, Apto 403, 3 ANDAR BL D",GRAMAME,"Apartamento, 60.84 de área total, 42.82 de área privativa, 0.00 de área do terreno,  2 qto(s), WC, 1 sala(s), cozinha, 1 vaga(s) de garagem.",75305.5,130000.0,42.08,Licitação Aberta,,JOAO PESSOA,PB,Não
8787718140676,"RUA MILTON DE OLIVEIRA MELO, N. 379, Apto 306, BL B",GRAMAME,"Apartamento, 54.46 de área total, 42.96 de área privativa, 0.00 de área do terreno,  2 qto(s), WC, 1 sala(s), cozinha, 1 vaga(s) de garagem.",79360.41,137000.0,42.08,Venda Direta Online,,JOAO PESSOA,PB,Não
8444414240686,"RUA DIOGENES CASSIMIRO DO NASCIMENTO, N. 262, Apto 101, T",PARATIBE,"Apartamento, 62.82 de área total, 42.87 de área privativa, 0.00 de área do terreno,  2 qto(s), a.serv, WC, 1 sala(s), cozinha, 1 vaga(s) de garagem.",76174.41,131500.0,42.08,Venda Direta Online,,JOAO PESSOA,PB,Não
8444431447781,"RUA FRANCISCO DE ASSIS DIAS, N. 80, Apto 302, BL F",PARATIBE,"Apartamento, 65.49 de área total, 43.24 de área privativa, 0.00 de área do terreno,  2 qto(s), a.serv, WC, 1 sala(s), cozinha, 1 vaga(s) de garagem.",79360.41,137000.0,42.08,Venda Direta Online,,JOAO PESSOA,PB,Não
8787706335213,"RUA CHATEAUBRIAND BRASIL NETO, N. SN, Apto 201, BL D",PARATIBE,"Apartamento, 48.02 de área total, 48.02 de área privativa, 0.00 de área do terreno,  2 qto(s), a.serv, WC, 1 sala(s), cozinha, 1 vaga(s) de garagem.",74784.16,129100.0,42.08,Venda Direta Online,,JOAO PESSOA,PB,Não
8787716047172,"RUA FRANCISCO DE ASSIS DIAS, N. 80, Apto 205, BLOCO E, 1º ANDAR",PARATIBE,"Apartamento, 65.49 de área total, 43.24 de área privativa, 0.00 de área do terreno,  2 qto(s), WC, 1 sala(s), cozinha, 1 vaga(s) de garagem.",72988.41,126000.0,42.08,Venda Online,,JOAO PESSOA,PB,Não
8444424276187,"RUA ARCONCIO PEREIRA DA SILVA, N. 705, Apto 102,",ALTO DO CEU,"Apartamento, 62.93 de área total, 57.35 de área privativa, 0.00 de área do terreno,  2 qto(s), a.serv, WC, 1 sala(s), cozinha, 1 vaga(s) de garagem.",78201.87,135000.0,42.08,Licitação Aberta,,JOAO PESSOA,PB,Não
8787700742470,"RUA TEL. CHATEUABRIAND BRASIL FILHO, N. 700, Apto 203, BLB",MUCUMAGRO,"Apartamento, 0.00 de área total, 48.99 de área privativa, 0.00 de área do terreno,  2 qto(s), a.serv, WC, 1 sala(s), cozinha, 1 vaga(s) de garagem.",72910.85,125000.0,41.68,Venda Online,,JOAO PESSOA,PB,Não
8444427334390,"RUA DOMINGOS JOSE DA PAIXAO, N. 1460, Apto 409, QD 100 BL F",MACUMAGRO,"Apartamento, 64.84 de área total, 46.30 de área privativa, 0.00 de área do terreno,  2 qto(s), WC, 1 sala(s), cozinha.",81964.82,140000.0,41.46,Licitação Aberta,,JOAO PESSOA,PB,Não
8787712504102,"RUA AGRICULTOR CARLOS ONOFRE NOBREGA, N. 950, Apto 101, TÉRREO, BLOCO E",COSTA E SILVA,"Apartamento, 0.00 de área total, 46.82 de área privativa, 0.00 de área do terreno,  2 qto(s), varanda, a.serv, WC, 1 sala(s), cozinha, 1 vaga(s) de garagem.",84892.14,145000.0,41.46,Venda Direta Online,,JOAO PESSOA,PB,Não
8444432087088,"RUA ANA ESPINOLA NAVARRO, N. 400, Apto 206, BL A11 GARAGEM 288 SUBCONDOMINIO A",ERNANI SATIRO,"Apartamento, 56.61 de área total, 46.29 de área privativa, 0.00 de área do terreno,  2 qto(s), a.serv, WC, 1 sala(s), cozinha, 1 vaga(s) de garagem.",82843.01,141500.0,41.46,Venda Direta Online,,JOAO PESSOA,PB,Não
8555539124020,"RUA ANA ESPINOLA NAVARRO, N. 400, Apto 306, 2º ANDAR, BL  A02, SUBCONDOMÍNIO A",ERNANI SATIRO,"Apartamento, 56.61 de área total, 46.29 de área privativa, 0.00 de área do terreno,  2 qto(s), a.serv, WC, 1 sala(s), cozinha, 1 vaga(s) de garagem.",83233.52,142167.0,41.46,Venda Direta Online,,JOAO PESSOA,PB,Não
8555539184678,"RUA ANA ESPINOLA NAVARRO, N. 400, Apto 105, BLOCO A14",ERNANI SATIRO,"Apartamento, 68.58 de área total, 44.81 de área privativa, 0.00 de área do terreno,  2 qto(s), a.serv, WC, 1 sala(s), cozinha, 1 vaga(s) de garagem.",88404.91,151000.0,41.46,Venda Online,,JOAO PESSOA,PB,Não
8787709265445,"RUA ANA ESPINOLA NAVARRO, N. 400, Apto 402, BL B14",ERNANI SATIRO,"Apartamento, 0.00 de área total, 44.30 de área privativa, 0.00 de área do terreno,  2 qto(s), a.serv, WC, 1 sala(s), cozinha, 1 vaga(s) de garagem.",84892.14,145000.0,41.46,Venda Direta Online,,JOAO PESSOA,PB,Não
8787701573671,"RUA JOSE ARI SANTIAGO MAIA, N. 100, Apto 204, 1 ANDAR BL A",JOSE AMERICO DE ALMEIDA,"Apartamento, 62.46 de área total, 53.91 de área privativa, 0.00 de área do terreno,  2 qto(s), a.serv, WC, 1 sala(s), cozinha, 1 vaga(s) de garagem.",89575.84,153000.0,41.46,Licitação Aberta,,JOAO PESSOA,PB,Não
8444431713236,"RUA NOSSA SENHORA DO MONTE CARMELO, N. 30, Apto 403, BLOCO D",MANGABEIRA,"Apartamento, 91.39 de área total, 51.31 de área privativa, 0.00 de área do terreno,  2 qto(s), varanda, a.serv, WC, 1 sala(s), cozinha, 1 vaga(s) de garagem.",84892.14,145000.0,41.46,Licitação Aberta,,JOAO PESSOA,PB,Não
8444434951235,"RODOVIA MINISTRO ABERLARDO JUREMA ARAUJO, N. SN, Apto 301, 2º ANDAR, BLOCO A, KM 11.2",MUCUMAGRO,"Apartamento, 73.24 de área total, 40.21 de área privativa, 0.00 de área do terreno,  2 qto(s), WC, 1 sala(s), cozinha, 1 vaga(s) de garagem.",90746.77,155000.0,41.46,Venda Direta Online,,JOAO PESSOA,PB,Não
8444435061349,"RODOVIA MINISTRO ABERLARDO JUREMA ARAUJO, N. KM 11.2, Apto 405, BL A",MUCUMAGRO,"Apartamento, 75.43 de área total, 41.78 de área privativa, 0.00 de área do terreno,  2 qto(s), a.serv, WC, 1 sala(s), cozinha, 1 vaga(s) de garagem.",87233.99,149000.0,41.46,Venda Direta Online,,JOAO PESSOA,PB,Não
8787710303665,"RUA ROSA MISTICA, N. 33, Apto 408, BL B",MUCUMAGRO,"Apartamento, 96.93 de área total, 48.02 de área privativa, 0.00 de área do terreno,  2 qto(s), a.serv, WC, 1 sala(s), cozinha, 1 vaga(s) de garagem.",81964.82,140000.0,41.46,Venda Direta Online,,JOAO PESSOA,PB,Não
8787713914304,"RUA ROSA MISTICA, N. 33, Apto 305, BL D",MUCUMAGRO,"Apartamento, 96.93 de área total, 48.02 de área privativa, 0.00 de área do terreno,  2 qto(s), a.serv, WC, 1 sala(s), cozinha, 1 vaga(s) de garagem.",88404.91,151000.0,41.46,Venda Direta Online,,JOAO PESSOA,PB,Não
8787715371820,"RUA CARAMBOLAS, N. 255, Apto 201, BL J",MUCUMAGRO,"Apartamento, 71.40 de área total, 49.15 de área privativa, 0.00 de área do terreno,  2 qto(s), varanda, a.serv, WC, 1 sala(s), cozinha, 1 vaga(s) de garagem.",82550.28,141000.0,41.46,Venda Direta Online,,JOAO PESSOA,PB,Não
8787720240356,"RUA DAS IMBAUBAS, N. 110, Apto 302, 2º ANDAR, BL B",MUCUMAGRO,"Apartamento, 71.34 de área total, 45.38 de área privativa, 0.00 de área do terreno,  2 qto(s), varanda, a.serv, WC, 1 sala(s), cozinha, 1 vaga(s) de garagem.",81379.36,139000.0,41.46,Venda Online,,JOAO PESSOA,PB,Não
8444410866696,"RUA MONTE HOREBE, N. 721, Apto 201, 1º ANDAR",GRAMAME,"Apartamento, 52.50 de área total, 50.50 de área privativa, 0.00 de área do terreno,  2 qto(s), a.serv, WC, 1 sala(s), cozinha, 1 vaga(s) de garagem.",83721.21,143000.0,41.46,Venda Online,,JOAO PESSOA,PB,Não
8444413907210,"RUA DOUTOR GILBERTO MORAIS VIEIRA, N. 296, Apto 302, 2º ANDAR",GRAMAME,"Apartamento, 73.33 de área total, 51.00 de área privativa, 0.00 de área do terreno,  2 qto(s), a.serv, WC, 1 sala(s), cozinha, 1 vaga(s) de garagem.",86063.06,147000.0,41.46,Venda Direta Online,,JOAO PESSOA,PB,Não
8444425078990,"RUA JOAO JORGE DE LIMA, N. 16, Apto 403,",GRAMAME,"Apartamento, 41.92 de área total, 41.92 de área privativa, 0.00 de área do terreno,  2 qto(s), a.serv, WC, 1 sala(s), cozinha, 1 vaga(s) de garagem.",84306.67,144000.0,41.46,Venda Direta Online,,JOAO PESSOA,PB,Não
8444428471219,"RUA CRISTIANE MACHADO, N. 59, Apto 403,",GRAMAME,"Apartamento, 73.95 de área total, 49.82 de área privativa, 0.00 de área do terreno,  2 qto(s), a.serv, WC, 1 sala(s), cozinha, 1 vaga(s) de garagem.",84892.14,145000.0,41.46,Venda Direta Online,,JOAO PESSOA,PB,Não
8444428597115,"RUA JOAO MARIA DE ARAUJO, N. 1149, Apto 101,",GRAMAME,"Apartamento, 76.57 de área total, 39.95 de área privativa, 0.00 de área do terreno,  2 qto(s), a.serv, WC, 1 sala(s), cozinha, 1 vaga(s) de garagem.",81964.82,140000.0,41.46,Venda Direta Online,,JOAO PESSOA,PB,Não
8444436164850,"RUA CARLOS ANDRE FERREIRA NARCIZO, N. 1370, Apto 306, BL B",GRAMAME,"Apartamento, 51.93 de área total, 45.59 de área privativa, 0.00 de área do terreno,  2 qto(s), varanda, a.serv, WC, 1 sala(s), cozinha, 1 vaga(s) de garagem.",86333.95,147462.7,41.46,Venda Direta Online,,JOAO PESSOA,PB,Não
8444436224276,"AVENIDA CARLOS ANDRE FERREIRA NARCIZO, N. 1370, Apto 302, 2º ANDAR, BLOCO B",GRAMAME,"Apartamento, 0.00 de área total, 44.28 de área privativa, 0.00 de área do terreno,  2 qto(s), varanda, WC, 1 sala(s), cozinha, 1 vaga(s) de garagem.",81964.82,140000.0,41.46,Venda Direta Online,,JOAO PESSOA,PB,Não
8787704695212,"RUA INACIO ALBINO NETO, N. 240, Apto 308, BL 16, TIPO A",GRAMAME,"Apartamento, 81.83 de área total, 45.09 de área privativa, 0.00 de área do terreno,  2 qto(s), a.serv, WC, 1 sala(s), cozinha, 1 vaga(s) de garagem.",83721.21,143000.0,41.46,Venda Direta Online,,JOAO PESSOA,PB,Não
8787709184410,"RUA INACIO ALBINO NETO, N. 240, Apto 108, BLOCO 17",GRAMAME,"Apartamento, 0.00 de área total, 45.09 de área privativa, 0.00 de área do terreno,  2 qto(s), 1 sala(s), cozinha, 1 vaga(s) de garagem.",86063.06,147000.0,41.46,Venda Direta Online,,JOAO PESSOA,PB,Não
8787711341188,"RUA MARLUCE BELMONT CAVALCANTE, N. 80, Apto 101B, BL 03",GRAMAME,"Apartamento, 69.17 de área total, 43.68 de área privativa, 0.00 de área do terreno,  2 qto(s), a.serv, WC, 1 sala(s), cozinha, 1 vaga(s) de garagem.",88404.91,151000.0,41.46,Venda Direta Online,,JOAO PESSOA,PB,Não
8787715668203,"RUA INACIO ALBINO NETO, N. 240, Apto 204, BL 23",GRAMAME,"Apartamento, 81.83 de área total, 45.09 de área privativa, 0.00 de área do terreno,  2 qto(s), a.serv, WC, 1 sala(s), cozinha, 1 vaga(s) de garagem.",90746.77,155000.0,41.46,Venda Direta Online,,JOAO PESSOA,PB,Não
8787716254801,"RUA PROFESSORA SEVERINA RAMOS DE AZEVEDO, N. 261, Apto 205, BL D",GRAMAME,"Apartamento, 60.06 de área total, 41.45 de área privativa, 0.00 de área do terreno,  2 qto(s), WC, 1 sala(s), cozinha, 1 vaga(s) de garagem.",83135.75,142000.0,41.46,Venda Direta Online,,JOAO PESSOA,PB,Não
8787716470253,"RUA NAIR MARANHAO DE ALMEIDA, N. 235, Apto 404, BL 1",GRAMAME,"Apartamento, 0.00 de área total, 48.55 de área privativa, 0.00 de área do terreno,  2 qto(s), varanda, a.serv, 1 sala(s), cozinha, 1 vaga(s) de garagem.",88404.91,151000.0,41.46,Venda Direta Online,,JOAO PESSOA,PB,Não
8787717647807,"RUA INACIO ALBINO NETO, N. 240, Apto 204, BL 27",GRAMAME,"Apartamento, 81.83 de área total, 45.09 de área privativa, 0.00 de área do terreno,  2 qto(s), a.serv, WC, 1 sala(s), cozinha, Terraco.",85477.6,146000.0,41.46,Venda Direta Online,,JOAO PESSOA,PB,Não
8787717885171,"RUA MILTON DE OLIVEIRA MELO, N. 330, Apto 101, BL A",GRAMAME,"Apartamento, 72.06 de área total, 49.02 de área privativa, 0.00 de área do terreno,  2 qto(s), a.serv, WC, 1 sala(s), cozinha, 1 vaga(s) de garagem.",85770.33,146500.0,41.46,Venda Direta Online,,JOAO PESSOA,PB,Não
8787718243610,"RUA NIZA SIQUEIRA DE MELO, N. 265, Apto 301, PAV 02",GRAMAME,"Apartamento, 0.00 de área total, 43.80 de área privativa, 0.00 de área do terreno,  2 qto(s), varanda, a.serv, WC, 1 sala(s), cozinha, 1 vaga(s) de garagem.",87819.45,150000.0,41.46,Venda Direta Online,,JOAO PESSOA,PB,Não
8787718492084,"RUA MILTON DE OLIVEIRA MELO, N. 330, Apto 203, BL D PAV 1",GRAMAME,"Apartamento, 53.63 de área total, 43.38 de área privativa, 0.00 de área do terreno,  2 qto(s), WC, 1 sala(s), cozinha, 1 vaga(s) de garagem.",87819.45,150000.0,41.46,Venda Direta Online,,JOAO PESSOA,PB,Não
8787719172369,"RUA MARIA EMILIA DE ALMEIDA WANDERLEY, N. 88, Apto 301,",GRAMAME,"Apartamento, 62.76 de área total, 45.61 de área privativa, 0.00 de área do terreno,  2 qto(s), a.serv, WC, 1 sala(s), cozinha, Terraco, 1 vaga(s) de garagem.",89575.84,153000.0,41.46,Venda Direta Online,,JOAO PESSOA,PB,Não
8787721435258,"RUA ENGENHEIRO BENEDITO FERREIRA QUEIROGA, N. 175, Apto 408, BL DESCONHECIDO APTO 408",GRAMAME,"Apartamento, 55.09 de área total, 43.81 de área privativa, 0.00 de área do terreno,  2 qto(s), varanda, a.serv, WC, 1 sala(s), cozinha, 1 vaga(s) de garagem.",88990.38,152000.0,41.46,Venda Direta Online,,JOAO PESSOA,PB,Não
8444420447068,"RUA JOAO GONCALVES RIBEIRO, N. 120, Apto 406, 3º ANDAR, BL D",PARATIBE,"Apartamento, 65.02 de área total, 47.00 de área privativa, 0.00 de área do terreno,  2 qto(s), varanda, WC, 1 sala(s), cozinha, 1 vaga(s) de garagem.",81964.82,140000.0,41.46,Venda Online,,JOAO PESSOA,PB,Não
8444426334729,"RUA FRANCISCO DE ASSIS DIAS, N. 80, Apto 304, 2º ANDAR, BLOCO A",PARATIBE,"Apartamento, 65.49 de área total, 43.24 de área privativa, 0.00 de área do terreno,  2 qto(s), WC, 1 sala(s), cozinha, 1 vaga(s) de garagem.",84306.67,144000.0,41.46,Venda Online,,JOAO PESSOA,PB,Não
8444430915285,"RUA FRANCISCO DE ASSIS DIAS, N. 80, Apto 205, 1º ANDAR, BLOCO F",PARATIBE,"Apartamento, 65.49 de área total, 43.24 de área privativa, 0.00 de área do terreno,  2 qto(s), WC, 1 sala(s), cozinha, 1 vaga(s) de garagem.",83721.21,143000.0,41.46,Venda Online,,JOAO PESSOA,PB,Não
8444436832101,"RUA MATILDE TAVARES DE ALEXANDRIA BEZERR, N. 175, Apto 104, TERREO",PARATIBE,"Apartamento, 42.19 de área total, 38.75 de área privativa, 0.00 de área do terreno,  2 qto(s), WC, 1 sala(s), cozinha, 1 vaga(s) de garagem.",90746.77,155000.0,41.46,Venda Online,,JOAO PESSOA,PB,Não
8787715888327,"RUA OLAVO PESSOA DE AMORIM, N. 121, Apto 202,",PARATIBE,"Apartamento, 0.00 de área total, 42.27 de área privativa, 0.00 de área do terreno,  2 qto(s), varanda, a.serv, WC, 1 sala(s), 1 vaga(s) de garagem.",86941.26,148500.0,41.46,Venda Online,,JOAO PESSOA,PB,Não
8787717254392,"RUA FRANCISCO DE ASSIS DIAS, N. 80, Apto 103, BL G",PARATIBE,"Apartamento, 65.49 de área total, 43.24 de área privativa, 0.00 de área do terreno,  2 qto(s), a.serv, WC, 1 sala(s), cozinha, 1 vaga(s) de garagem.",81964.82,140000.0,41.46,Venda Online,,JOAO PESSOA,PB,Não
8555535245982,"RUA HERMENEGILDO FRANCISCO DA CRUZ, N. 120, Apto 109,",PLANALTO BOA ESPERANCA,"Apartamento, 0.00 de área total, 51.73 de área privativa, 0.00 de área do terreno,  2 qto(s), varanda, a.serv, WC, 1 sala(s), 1 vaga(s) de garagem.",90746.77,155000.0,41.46,Venda Online,,JOAO PESSOA,PB,Não
8787721014759,"RUA RITA PORFIRIO CHAVES, N. 147, Apto 203, 1 ANDAR",PLANALTO BOA ESPERANCA,"Apartamento, 75.04 de área total, 47.98 de área privativa, 0.00 de área do terreno,  2 qto(s), varanda, WC, 1 sala(s), cozinha.",86063.06,147000.0,41.46,Licitação Aberta,,JOAO PESSOA,PB,Não
8444403512698,"RUA MARTINHO LUTERO, N. 780, Apto 201,",JARDIM VENEZA,"Apartamento, 0.00 de área total, 82.12 de área privativa, 0.00 de área do terreno,  2 qto(s), WC, 1 sala(s), cozinha, 1 vaga(s) de garagem.",97778.11,165000.0,40.75,Venda Direta Online,,JOAO PESSOA,PB,Não
8444407802771,"RUA LUIZ GONZAGA MENDES LIRA, N. 90, Apto 204,",JOSE AMERICO DE ALMEIDA,"Apartamento, 50.00 de área total, 50.03 de área privativa, 0.00 de área do terreno,  2 qto(s), varanda, a.serv, WC, 1 sala(s), cozinha, 1 vaga(s) de garagem.",97185.51,164000.0,40.75,Venda Direta Online,,JOAO PESSOA,PB,Não
8444426194536,"RUA DOS MAMOEIROS, N. 227, Apto 106, TÉRREO, BL C",MUCUMAGRO,"Apartamento, 70.25 de área total, 48.00 de área privativa, 0.00 de área do terreno,  2 qto(s), a.serv, WC, 1 sala(s), cozinha, 1 vaga(s) de garagem.",99555.89,168000.0,40.75,Venda Online,,JOAO PESSOA,PB,Não
8444427147965,"RUA CARAMBOLAS, N. 255, Apto 101, TÉRREO, BL E",MUCUMAGRO,"Apartamento, 71.65 de área total, 49.40 de área privativa, 0.00 de área do terreno,  2 qto(s), varanda, WC, 1 sala(s), cozinha, 1 vaga(s) de garagem.",96000.33,162000.0,40.75,Venda Online,,JOAO PESSOA,PB,Não
8444434819396,"RODOVIA MINISTRO ABERLARDO JUREMA ARAUJO, N. SN, Apto 410, 3º ANDAR, BLOCO A",MUCUMAGRO,"Apartamento, 84.74 de área total, 40.21 de área privativa, 0.00 de área do terreno,  2 qto(s), a.serv, WC, 1 sala(s), cozinha, 1 vaga(s) de garagem.",96592.92,163000.0,40.75,Venda Direta Online,,JOAO PESSOA,PB,Não
8787701303631,"RUA TELEGRAFISTA CHATEAUBRIAND BRASIL FILHO, N. 700, Apto 203, BLC",MUCUMAGRO,"Apartamento, 87.92 de área total, 48.99 de área privativa, 0.00 de área do terreno,  2 qto(s), a.serv, WC, 1 sala(s), cozinha, 1 vaga(s) de garagem.",94222.54,159000.0,40.75,Venda Direta Online,,JOAO PESSOA,PB,Não
8787701884413,"RUA DOM HELDER CAMARA, N. 80, Apto 101, TÉRREO, BL C, LT 559, QD 01",MUCUMAGRO,"Apartamento, 61.79 de área total, 45.35 de área privativa, 0.00 de área do terreno,  2 qto(s), WC, 1 sala(s), cozinha, 1 vaga(s) de garagem.",94275.79,159089.86,40.75,Venda Online,,JOAO PESSOA,PB,Não
8787702818961,"RUA SANTA SOFIA, N. 185, Apto 105, BL A",MUCUMAGRO,"Apartamento, 72.98 de área total, 51.78 de área privativa, 0.00 de área do terreno,  2 qto(s), varanda, WC, 1 sala(s), cozinha, 1 vaga(s) de garagem.",103111.46,174000.0,40.75,Venda Direta Online,,JOAO PESSOA,PB,Não
8787700472677,"RUA CICERO SOARES DA SILVA, N. 165, Apto 407, BL D",CUIA,"Apartamento, 62.20 de área total, 43.62 de área privativa, 0.00 de área do terreno,  2 qto(s), WC, 1 sala(s), cozinha, 1 vaga(s) de garagem.",92444.76,156000.0,40.75,Venda Online,,JOAO PESSOA,PB,Não
8444425031293,"RUA MANOEL FELISBERTO DA SILVA, N. 321, Apto 202, BL C",GRAMAME,"Apartamento, 48.16 de área total, 48.16 de área privativa, 0.00 de área do terreno,  2 qto(s), a.serv, WC, 1 sala(s), cozinha, 1 vaga(s) de garagem.",96000.33,162000.0,40.75,Venda Direta Online,,JOAO PESSOA,PB,Não
8444425398650,"RUA PROFESSORA ALICE MENDES DA NOBREGA, N. 17, Apto 304,",GRAMAME,"Apartamento, 107.72 de área total, 50.74 de área privativa, 0.00 de área do terreno,  2 qto(s), a.serv, WC, 1 sala(s), cozinha, 1 vaga(s) de garagem.",99555.89,168000.0,40.75,Venda Direta Online,,JOAO PESSOA,PB,Não
8444425716032,"RUA MANOEL FELISBERTO DA SILVA, N. 341, Apto 401, BL E",GRAMAME,"Apartamento, 48.09 de área total, 48.09 de área privativa, 0.00 de área do terreno,  2 qto(s), a.serv, WC, 1 sala(s), cozinha, 1 vaga(s) de garagem.",101926.27,172000.0,40.75,Venda Direta Online,,JOAO PESSOA,PB,Não
8444428413782,"RUA CRISTIANE MACHADO, N. 59, Apto 301,",GRAMAME,"Apartamento, 74.10 de área total, 49.20 de área privativa, 0.00 de área do terreno,  2 qto(s), WC, 1 sala(s), cozinha, 1 vaga(s) de garagem.",94815.14,160000.0,40.75,Venda Direta Online,,JOAO PESSOA,PB,Não
8444428587810,"RUA KLEONYCE CORREA, N. 426, Apto 205,",GRAMAME,"Apartamento, 76.55 de área total, 55.19 de área privativa, 0.00 de área do terreno,  2 qto(s), WC, 1 sala(s), cozinha, 1 vaga(s) de garagem.",103704.06,175000.0,40.75,Venda Direta Online,,JOAO PESSOA,PB,Não
8444428611878,"RUA CRISTIANE MACHADO, N. 59, Apto 404, 3º ANDAR",GRAMAME,"Apartamento, 73.29 de área total, 48.55 de área privativa, 0.00 de área do terreno,  2 qto(s), WC, 1 sala(s), cozinha, 1 vaga(s) de garagem.",93926.24,158500.0,40.75,Venda Online,,JOAO PESSOA,PB,Não
8444429010355,"RUA KLEONYCE CORREA, N. 426, Apto 107, VAGA PNE DE GARAGEM",GRAMAME,"Apartamento, 1.00 de área total, 50.41 de área privativa, 0.00 de área do terreno,  2 qto(s), varanda, WC, 1 sala(s), cozinha, 1 vaga(s) de garagem.",97778.11,165000.0,40.75,Licitação Aberta,,JOAO PESSOA,PB,Não
8444434170675,"RUA JOAQUIM ALVES BEZERRA, N. 262, Apto 102, BL A",GRAMAME,"Apartamento, 46.93 de área total, 46.93 de área privativa, 0.00 de área do terreno,  2 qto(s), WC, 1 sala(s), cozinha, 1 vaga(s) de garagem.",104358.28,176104.0,40.75,Venda Direta Online,,JOAO PESSOA,PB,Não
8444434255441,"RUA ROSA ANGELA MARTA CAGLIANI, N. 430, Apto 302,",GRAMAME,"Apartamento, 62.40 de área total, 62.40 de área privativa, 0.00 de área do terreno,  2 qto(s), varanda, a.serv, WC, 1 sala(s), cozinha, 1 vaga(s) de garagem.",106914.25,180417.18,40.75,Licitação Aberta,,JOAO PESSOA,PB,Não
8444434831892,"RUA JOAQUIM ALVES BEZERRA, N. 235, Apto 403, BL, A",GRAMAME,"Apartamento, 64.35 de área total, 41.38 de área privativa, 0.00 de área do terreno,  2 qto(s), varanda, a.serv, WC, 1 sala(s), cozinha, 1 vaga(s) de garagem.",97274.88,164150.81,40.75,Venda Direta Online,,JOAO PESSOA,PB,Não
8787718095034,"RUA ARNALDO FERREIRA DA SILVA, N. 119, Apto 406, 3º ANDAR, BL A",GRAMAME,"Apartamento, 45.68 de área total, 45.38 de área privativa, 0.00 de área do terreno,  2 qto(s), varanda, a.serv, WC, 1 sala(s), cozinha, 1 vaga(s) de garagem.",97185.51,164000.0,40.75,Venda Online,,JOAO PESSOA,PB,Não
8787718220130,"RUA DELMO ALVES SOARES, N. 60, Apto 103, TERREO",GRAMAME,"Apartamento, 51.70 de área total, 47.39 de área privativa, 0.00 de área do terreno,  2 qto(s), a.serv, WC, 1 sala(s), cozinha, 1 vaga(s) de garagem.",92444.76,156000.0,40.75,Venda Direta Online,,JOAO PESSOA,PB,Não
8787718880866,"RUA JOSE PIRES BEJAMIM, N. 293, Apto 309, AND 2",GRAMAME,"Apartamento, 76.79 de área total, 54.18 de área privativa, 0.00 de área do terreno,  2 qto(s), WC, 1 sala(s), cozinha, 1 vaga(s) de garagem.",97778.11,165000.0,40.75,Venda Direta Online,,JOAO PESSOA,PB,Não
8787719024025,"RUA DELMO ALVES SOARES, N. 22, Apto 203,",GRAMAME,"Apartamento, 44.05 de área total, 44.05 de área privativa, 0.00 de área do terreno,  2 qto(s), WC, 1 sala(s), cozinha, 1 vaga(s) de garagem.",92908.21,156782.08,40.75,Licitação Aberta,,JOAO PESSOA,PB,Não
8787719667163,"RUA ESTUDANTE ROBERTA RODRIGUES TAVARES, N. 47, Apto 302, BL A",GRAMAME,"Apartamento, 63.34 de área total, 44.58 de área privativa, 0.00 de área do terreno,  2 qto(s), a.serv, WC, 1 sala(s), cozinha, 1 vaga(s) de garagem.",94815.14,160000.0,40.75,Venda Direta Online,,JOAO PESSOA,PB,Não
8787720441386,"RUA MARIA EMILIA DE ALMEIDA WANDERLEY, N. 128, Apto 405, 3º ANDAR",GRAMAME,"Apartamento, 46.36 de área total, 41.25 de área privativa, 0.00 de área do terreno,  2 qto(s), a.serv, WC, 1 sala(s), cozinha.",97778.11,165000.0,40.75,Venda Online,,JOAO PESSOA,PB,Não
8787721455151,"RUA INACIO MARCELINO, N. 2001, Apto 305, BLOCO B QUADRA 287",GRAMAME,"Apartamento, 0.00 de área total, 50.15 de área privativa, 0.00 de área do terreno,  2 qto(s), varanda, a.serv, WC, 1 sala(s), cozinha, 1 vaga(s) de garagem.",96070.35,162118.16,40.75,Licitação Aberta,,JOAO PESSOA,PB,Não
8444405870141,"RUA ANALICE MOURA UCHOA, N. 58, Apto 101, BL B",PARATIBE,"Apartamento, 66.74 de área total, 53.59 de área privativa, 0.00 de área do terreno,  2 qto(s), varanda, a.serv, WC, 1 sala(s), cozinha, 1 vaga(s) de garagem.",99555.89,168000.0,40.75,Venda Online,,JOAO PESSOA,PB,Não
8444422752992,"RUA ANTONIO JOSE DE MORAIS, N. 130, Apto 102, TÉRREO",PARATIBE,"Apartamento, 57.84 de área total, 48.27 de área privativa, 0.00 de área do terreno,  2 qto(s), a.serv, WC, 1 sala(s), cozinha, 1 vaga(s) de garagem.",96000.33,162000.0,40.75,Venda Online,,JOAO PESSOA,PB,Não
8787705751922,"RUA CHATEAUBRIAND BRASIL NETO, N. 509, Apto 401, 3 ANDAR,BLOCO C,",PARATIBE,"Apartamento, 85.10 de área total, 48.02 de área privativa, 0.00 de área do terreno,  2 qto(s), a.serv, WC, 1 sala(s), cozinha, 1 vaga(s) de garagem.",93629.95,158000.0,40.75,Venda Direta Online,,JOAO PESSOA,PB,Não
8787707140483,"RUA PAU- FERRO, N. 293, Apto 103, BLOCO B",PARATIBE,"Apartamento, 93.75 de área total, 55.10 de área privativa, 0.00 de área do terreno,  2 qto(s), a.serv, WC, 1 sala(s), cozinha, 1 vaga(s) de garagem.",94815.14,160000.0,40.75,Licitação Aberta,,JOAO PESSOA,PB,Não
8444413306314,"AVENIDA GOIANIA, N. 646, Apto 102, TÉRREO",PLANALTO BOA ESPERANCA,"Apartamento, 46.87 de área total, 43.40 de área privativa, 0.00 de área do terreno,  2 qto(s), a.serv, WC, 1 sala(s), cozinha, 1 vaga(s) de garagem.",98370.7,166000.0,40.75,Venda Online,,JOAO PESSOA,PB,Não
8787719641660,"RUA PROFESSORA EUNILDE CALDAS TAVARES, N. 117, Apto 205, BL A",PLANALTO BOA ESPERANCA,"Apartamento, 49.18 de área total, 49.18 de área privativa, 0.00 de área do terreno,  2 qto(s), a.serv, WC, 1 sala(s), cozinha, 1 vaga(s) de garagem.",97778.11,165000.0,40.75,Venda Direta Online,,JOAO PESSOA,PB,Não
8444430835699,"RUA ESTUDANTE HUMBERLUCIO S DE OLIVEIRA JUNIOR, N. 234, CS 236",MUMBABA,"Casa, 100.00 de área total, 57.00 de área privativa, 100.00 de área do terreno,  2 qto(s), a.serv, WC, 1 sala(s), cozinha, 1 vaga(s) de garagem.",99555.89,168000.0,40.75,Venda Direta Online,,JOAO PESSOA,PB,Não
1444415673618,"RUA DOUTOR VALDEVINO GREGORIO DE ANDRADE, N. 800, Apto 401, 3 ANDAR",GRAMAME,"Apartamento, 0.00 de área total, 56.25 de área privativa, 0.00 de área do terreno,  2 qto(s), varanda, a.serv, WC, 1 sala(s), cozinha, 1 vaga(s) de garagem.",144767.36,230000.0,37.06,Licitação Aberta,,JOAO PESSOA,PB,Não
10300065,"RUA MARECHAL ESPERIDIÃO ROSAS, N. 534",EXPEDICIONARIOS,"Casa, 0.00 de área total, 75.48 de área privativa, 325.00 de área do terreno.",281696.43,442005.5,36.27,Licitação Aberta,,JOAO PESSOA,PB,Sim
8444427020302,"RUA CARAMBOLAS, N. 255, Apto 105, BLOCO G",MUCUMAGRO,"Apartamento, 0.00 de área total, 50.10 de área privativa, 0.00 de área do terreno,  2 qto(s), a.serv, WC, 1 sala(s), cozinha, 1 vaga(s) de garagem.",123299.78,160000.0,22.94,Leilão SFI - Edital Único,,JOAO PESSOA,PB,Não
8444424502543,"RUA MARIA DAS NEVES ALMEIDA CAVALCANTI, N. 65, Apto 301, 2 ANDAR",JOAO PAULO II,"Apartamento, 61.43 de área total, 48.60 de área privativa, 0.00 de área do terreno,  2 qto(s), WC, 1 sala(s), cozinha, 1 vaga(s) de garagem.",115364.85,143000.0,19.33,Leilão SFI - Edital Único,,JOAO PESSOA,PB,Não
8555537483953,"RUA DIOGENES GOMES DA SILVA, N. 1446, Apto 403, BLOCO A",MANGABEIRA,"Apartamento, 46.55 de área total, 46.55 de área privativa, 0.00 de área do terreno,  2 qto(s), a.serv, WC, 1 sala(s), cozinha, 1 vaga(s) de garagem.",88512.6,94000.0,5.84,Leilão SFI - Edital Único,,JOAO PESSOA,PB,Não
8787722690685,"RUA ABELARDO TARGINO DA FONSECA, N. 1435, Apto 401, BLOCO 1",CUIA,"Apartamento, 113.41 de área total, 38.03 de área privativa, 0.00 de área do terreno,  2 qto(s), WC, 1 sala(s), cozinha, 1 vaga(s) de garagem.",138414.3,146000.0,5.2,Leilão SFI - Edital Único,,JOAO PESSOA,PB,Não
8444408669048,"RUA MACAIBAS, N. 181, CS 183",Bairro das Industria,"Casa, 0.00 de área total, 54.45 de área privativa, 100.00 de área do terreno,  2 qto(s), a.serv, WC, 1 sala(s), cozinha, 1 vaga(s) de garagem.",136000.0,136000.0,0.0,Leilão SFI - Edital Único,,JOAO PESSOA,PB,Não
1555524214160,"RUA IOLANDA ELOY DE MEDEIROS, N. 101, Apto 1302, BL B",AGUA FRIA,"Apartamento, 135.47 de área total, 76.18 de área privativa, 0.00 de área do terreno,  3 qto(s), WC, WC Emp, 1 sala(s), DCE, cozinha, 2 vaga(s) de garagem.",375000.0,375000.0,0.0,Leilão SFI - Edital Único,,JOAO PESSOA,PB,Não
8787714409611,"RUA MURILO BUARQUE, N. 420, Apto 201, BL G",CRISTO REDENTOR,"Apartamento, 85.24 de área total, 40.06 de área privativa, 0.00 de área do terreno,  2 qto(s), a.serv, WC, 1 sala(s), cozinha, 1 vaga(s) de garagem.",138000.0,138000.0,0.0,Leilão SFI - Edital Único,,JOAO PESSOA,PB,Não
8444427105936,"RUA DOUTOR VALDEVINO GREGORIO DE ANDRADE, N. 800, Apto 404,",VALENTINA DE FIGUEIREDO,"Apartamento, 0.00 de área total, 51.33 de área privativa, 0.00 de área do terreno,  2 qto(s), a.serv, 1 sala(s), cozinha, 1 vaga(s) de garagem.",157000.0,157000.0,0.0,Leilão SFI - Edital Único,,JOAO PESSOA,PB,Não
1444405038383,"RUA GLAUCIA MARIA DOS SANTOS GOUVEIA, N. 592, Apto 102,",MANAIRA,"Apartamento, 86.83 de área total, 56.09 de área privativa, 0.00 de área do terreno,  2 qto(s), WC, 1 sala(s), cozinha, 1 vaga(s) de garagem.",250000.0,250000.0,0.0,Leilão SFI - Edital Único,,JOAO PESSOA,PB,Não
1444405004110,"AVENIDA HILTON SOUTO MAIOR, N. 7101, QD 2 LT16",PORTAL DO SOL,"Terreno, 0.00 de área total, 0.00 de área privativa, 602.37 de área do terreno.",1355000.0,1355000.0,0.0,Leilão SFI - Edital Único,,JOAO PESSOA,PB,Não
8444425798535,"RUA DOMINGOS JOSE DA PAIXAO, N. 1765, Apto 206, BL B PAV 01",MUCUMAGRO,"Apartamento, 84.59 de área total, 50.84 de área privativa, 0.00 de área do terreno,  2 qto(s), varanda, a.serv, WC, 1 sala(s), cozinha, 1 vaga(s) de garagem.",190622.35,190622.35,0.0,Leilão SFI - Edital Único,,JOAO PESSOA,PB,Não
8444427414360,"RUA CICERO CESAR MOREIRA DE OLIVEIRA, N. 314, Apto 101,",MUCUMAGRO,"Apartamento, 60.14 de área total, 42.72 de área privativa, 0.00 de área do terreno,  2 qto(s), a.serv, WC, 1 sala(s), cozinha, 1 vaga(s) de garagem.",199208.26,199208.26,0.0,Leilão SFI - Edital Único,,JOAO PESSOA,PB,Não
8787700396750,"RUA SANTA MARTA, N. 20, Apto 207, LT 195 QD 53",MUCUMAGRO,"Apartamento, 63.98 de área total, 45.65 de área privativa, 0.00 de área do terreno,  2 qto(s), a.serv, WC, 1 sala(s), cozinha, 1 vaga(s) de garagem.",157000.0,157000.0,0.0,Leilão SFI - Edital Único,,JOAO PESSOA,PB,Não
8787700442808,"RUA SANTA MARTA, N. 20, Apto 307, LT 195 QD 53",MUCUMAGRO,"Apartamento, 63.98 de área total, 45.65 de área privativa, 0.00 de área do terreno,  2 qto(s), a.serv, WC, 1 sala(s), cozinha, 1 vaga(s) de garagem.",157000.0,157000.0,0.0,Leilão SFI - Edital Único,,JOAO PESSOA,PB,Não
8787702591720,"RUA CAFEZAIS, N. 32, Apto 104, 104",MUCUMAGRO,"Apartamento, 66.64 de área total, 47.00 de área privativa, 0.00 de área do terreno,  2 qto(s), a.serv, WC, 1 sala(s), cozinha, 1 vaga(s) de garagem.",163260.54,163260.54,0.0,Leilão SFI - Edital Único,,JOAO PESSOA,PB,Não
8787704273113,"RUA PATATIVA DO ASSARE, N. 100, Apto 303,  BL C QD 29",MUCUMAGRO,"Apartamento, 50.38 de área total, 44.55 de área privativa, 0.00 de área do terreno,  2 qto(s), a.serv, WC, 1 sala(s), cozinha, 1 vaga(s) de garagem.",157000.0,157000.0,0.0,Leilão SFI - Edital Único,,JOAO PESSOA,PB,Não
8787709836752,"RUA CHATEAUBRIAND BRASIL FILHO, N. 820, Apto 108, PAV TERREO BL D",MUCUMAGRO,"Apartamento, 85.11 de área total, 48.02 de área privativa, 0.00 de área do terreno,  2 qto(s), a.serv, WC, 1 sala(s), cozinha, 1 vaga(s) de garagem.",132500.0,132500.0,0.0,Leilão SFI - Edital Único,,JOAO PESSOA,PB,Não
8444422896684,"RUA ONEZIO FERNANDES MAIA, N. 161, Apto 203,",JOAO PAULO II,"Apartamento, 73.12 de área total, 48.65 de área privativa, 0.00 de área do terreno,  2 qto(s), a.serv, WC, 1 sala(s), cozinha, 1 vaga(s) de garagem.",160000.0,160000.0,0.0,Leilão SFI - Edital Único,,JOAO PESSOA,PB,Não
1555503710568,"RUA PREFEITO JOSE CAETANO DE BRITO, N. 31, LT.302 QD.632 LOT.JD.OCEANIA IV 2ªEP.",AEROCLUBE,"Casa, 0.00 de área total, 261.28 de área privativa, 0.00 de área do terreno,  4 qto(s), varanda, a.serv, WC, 2 sala(s), 1 lavabo(s), cozinha, Terraco, 1 vaga(s) de garagem.",785000.0,785000.0,0.0,Leilão SFI - Edital Único,,JOAO PESSOA,PB,Não
8444411379136,"RUA COMERCIANTE ALVARO ANTERO NASCIMENTO, N. 1491, Apto AP3,",GRAMAME,"Apartamento, 63.65 de área total, 55.56 de área privativa, 0.00 de área do terreno,  2 qto(s), a.serv, WC, 1 sala(s), cozinha, 1 vaga(s) de garagem.",144000.0,144000.0,0.0,Leilão SFI - Edital Único,,JOAO PESSOA,PB,Não
8444423061276,"RUA JOAO MARIA DE ARAUJO, N. 1022, Apto 103, PAV TERREO",GRAMAME,"Apartamento, 65.90 de área total, 46.75 de área privativa, 0.00 de área do terreno,  2 qto(s), a.serv, WC, 1 sala(s), cozinha, 1 vaga(s) de garagem.",162000.0,162000.0,0.0,Leilão SFI - Edital Único,,JOAO PESSOA,PB,Não
8444424066484,"RUA MANOEL FELISBERTO DA SILVA, N. 341, Apto 202, PAV 01 BL A",GRAMAME,"Apartamento, 68.82 de área total, 48.16 de área privativa, 0.00 de área do terreno,  2 qto(s), varanda, a.serv, WC, 1 sala(s), cozinha, 1 vaga(s) de garagem.",146000.0,146000.0,0.0,Leilão SFI - Edital Único,,JOAO PESSOA,PB,Não
8444424899346,"RUA MANOEL FELISBERTO DA SILVA, N. 321, Apto 408, 3ºA.BL.C COND.RES.HAVAI",GRAMAME,"Apartamento, 66.87 de área total, 48.39 de área privativa, 0.00 de área do terreno,  2 qto(s), varanda, a.serv, WC, 1 sala(s), cozinha, 1 vaga(s) de garagem.",160000.0,160000.0,0.0,Leilão SFI - Edital Único,,JOAO PESSOA,PB,Não
8444426027893,"RUA APOSENTADO LAERCIO XAVIER DE ANDRADE, N. 26, Apto 101, TERREO",GRAMAME,"Apartamento, 45.46 de área total, 42.78 de área privativa, 0.00 de área do terreno,  2 qto(s), a.serv, WC, 1 sala(s), cozinha, 1 vaga(s) de garagem.",132000.0,132000.0,0.0,Leilão SFI - Edital Único,,JOAO PESSOA,PB,Não
8444426585039,"RUA KLEONYCE CORREA, N. 66, Apto 103, TERREO",GRAMAME,"Apartamento, 64.55 de área total, 43.93 de área privativa, 0.00 de área do terreno,  2 qto(s), WC, 1 sala(s), cozinha, 1 vaga(s) de garagem.",145000.0,145000.0,0.0,Leilão SFI - Edital Único,,JOAO PESSOA,PB,Não
8444426649622,"RUA KLEONYCE CORREA, N. 66, Apto 405, PAV 03",GRAMAME,"Apartamento, 69.85 de área total, 49.03 de área privativa, 0.00 de área do terreno,  2 qto(s), varanda, a.serv, WC, 1 sala(s), cozinha, 1 vaga(s) de garagem.",139000.0,139000.0,0.0,Leilão SFI - Edital Único,,JOAO PESSOA,PB,Não
8444426752334,"RUA JOSE MATIAS GUEDES, N. 138, Apto 304, ANDAR 2",GRAMAME,"Apartamento, 62.03 de área total, 42.82 de área privativa, 0.00 de área do terreno,  2 qto(s), a.serv, WC, 1 sala(s), cozinha, 1 vaga(s) de garagem.",159000.0,159000.0,0.0,Leilão SFI - Edital Único,,JOAO PESSOA,PB,Não
8444428715746,"RUA JOSE PIRES BEJAMIM, N. 215, Apto 203, 1º ANDAR",GRAMAME,"Apartamento, 73.95 de área total, 49.82 de área privativa, 0.00 de área do terreno,  2 qto(s), varanda, a.serv, WC, 1 sala(s), cozinha, 1 vaga(s) de garagem.",175000.0,175000.0,0.0,Leilão SFI - Edital Único,,JOAO PESSOA,PB,Não
8444432278983,"RUA JOAQUIM ALVES BEZERRA, N. 235, Apto 203, PAV 01 BL A",GRAMAME,"Apartamento, 64.35 de área total, 41.38 de área privativa, 0.00 de área do terreno,  2 qto(s), varanda, a.serv, WC, 1 sala(s), cozinha, 1 vaga(s) de garagem.",152000.0,152000.0,0.0,Leilão SFI - Edital Único,,JOAO PESSOA,PB,Não
8444438659199,"RUA ARNALDO CAMPELO, N. 251, Apto 201, BL A",GRAMAME,"Apartamento, 85.92 de área total, 45.60 de área privativa, 0.00 de área do terreno,  2 qto(s), varanda, a.serv, WC, 1 sala(s), cozinha, 1 vaga(s) de garagem.",187932.16,187932.16,0.0,Leilão SFI - Edital Único,,JOAO PESSOA,PB,Não
8555502307288,"RUA GABRIEL FELIPE DOS SANTOS, N. 49, LT 143 QD 234",GRAMAME,"Casa, 71.39 de área total, 71.39 de área privativa, 200.00 de área do terreno,  3 qto(s), a.serv, WC, 2 sala(s), cozinha, Terraco.",140000.0,140000.0,0.0,Leilão SFI - Edital Único,,JOAO PESSOA,PB,Não
8555534519949,"RUA ASSIS FERREIRA DE LIMA, N. 107, Apto 101,",GRAMAME,"Apartamento, 55.15 de área total, 50.20 de área privativa, 0.00 de área do terreno,  2 qto(s), a.serv, WC, 1 sala(s), cozinha, 1 vaga(s) de garagem.",140000.0,140000.0,0.0,Leilão SFI - Edital Único,,JOAO PESSOA,PB,Não
8555534667859,"RUA CARLOS ALBERTO DA SILVA, N. 36, Apto 104,",GRAMAME,"Apartamento, 66.06 de área total, 50.20 de área privativa, 0.00 de área do terreno,  2 qto(s), a.serv, WC, 1 sala(s), cozinha, 1 vaga(s) de garagem.",151000.0,151000.0,0.0,Leilão SFI - Edital Único,,JOAO PESSOA,PB,Não
8555536808298,"RUA APOSENTADO BENEDITO MANOEL INACIO, N. 154, Apto 204, PAV 01",GRAMAME,"Apartamento, 50.20 de área total, 50.20 de área privativa, 0.00 de área do terreno,  2 qto(s), a.serv, WC, 1 sala(s), cozinha, 1 vaga(s) de garagem.",176500.0,176500.0,0.0,Leilão SFI - Edital Único,,JOAO PESSOA,PB,Não
8787700595396,"RUA PEDRO MONTENEGRO DE OLIVEIRA, N. 179, Apto 403, LT 100 QD 158 LOT PQ DO SOL I",GRAMAME,"Apartamento, 62.42 de área total, 46.40 de área privativa, 0.00 de área do terreno,  2 qto(s), a.serv, WC, 1 sala(s), cozinha, 1 vaga(s) de garagem.",134000.0,134000.0,0.0,Leilão SFI - Edital Único,,JOAO PESSOA,PB,Não
8787707132952,"RUA PAULO CESAR DA SILVA PONTES, N. 80, Apto 202,",GRAMAME,"Apartamento, 70.78 de área total, 52.00 de área privativa, 0.00 de área do terreno,  2 qto(s), varanda, a.serv, WC, 1 sala(s), cozinha, 1 vaga(s) de garagem.",142000.0,142000.0,0.0,Leilão SFI - Edital Único,,JOAO PESSOA,PB,Não
8787709585156,"RUA MANOEL FELISBERTO DA SILVA, N. 421, Apto 106, PAV 01 BL 05",GRAMAME,"Apartamento, 70.67 de área total, 53.33 de área privativa, 0.00 de área do terreno,  2 qto(s), varanda, a.serv, WC, 1 sala(s), cozinha, 1 vaga(s) de garagem.",202000.0,202000.0,0.0,Leilão SFI - Edital Único,,JOAO PESSOA,PB,Não
8787711456970,"RUA DOUTOR VALDEVINO GREGORIO DE ANDRADE, N. 800, Apto 301, QD 172 LT 316 BLOCO 02",GRAMAME,"Apartamento, 78.11 de área total, 42.93 de área privativa, 0.00 de área do terreno,  2 qto(s), a.serv, WC, 1 sala(s), cozinha, 1 vaga(s) de garagem.",153000.0,153000.0,0.0,Leilão SFI - Edital Único,,JOAO PESSOA,PB,Não
8787717236335,"RUA INACIO ALBINO NETO, N. 240, Apto 404, BL 27",GRAMAME,"Apartamento, 81.83 de área total, 45.09 de área privativa, 0.00 de área do terreno,  2 qto(s), a.serv, WC, 1 sala(s), cozinha.",165000.0,165000.0,0.0,Leilão SFI - Edital Único,,JOAO PESSOA,PB,Não
8787718455464,"RUA MILTON DE OLIVEIRA MELO, N. 330, Apto 103, BL D",GRAMAME,"Apartamento, 65.13 de área total, 43.38 de área privativa, 0.00 de área do terreno,  2 qto(s), a.serv, WC, 1 sala(s), cozinha, 1 vaga(s) de garagem.",154000.0,154000.0,0.0,Leilão SFI - Edital Único,,JOAO PESSOA,PB,Não
1555511864315,"RUA JOAO TEIXEIRA DE CARVALHO, N. 580, Apto 304,",PEDRO GONDIM,"Apartamento, 161.50 de área total, 66.64 de área privativa, 0.00 de área do terreno,  2 qto(s), varanda, WC, 1 sala(s), cozinha, 1 vaga(s) de garagem.",310000.0,310000.0,0.0,Leilão SFI - Edital Único,,JOAO PESSOA,PB,Não
8444404047336,"RUA ANA ALVES CHAVES, N. 221, Apto AP 10,",PARATIBE,"Apartamento, 50.12 de área total, 50.12 de área privativa, 0.00 de área do terreno,  2 qto(s), WC, 1 sala(s), cozinha, 1 vaga(s) de garagem.",140000.0,140000.0,0.0,Leilão SFI - Edital Único,,JOAO PESSOA,PB,Não
8444406603007,"RUA VITORINA ANDRADE DE ARAUJO, N. 88, Apto 304, 2ºA.PREDIO RES. CAMINHA",PARATIBE,"Apartamento, 0.00 de área total, 46.15 de área privativa, 0.00 de área do terreno,  2 qto(s), a.serv, WC, 1 sala(s), cozinha, 1 vaga(s) de garagem.",130000.0,130000.0,0.0,Leilão SFI - Edital Único,,JOAO PESSOA,PB,Não
8444422653447,"RUA JOAO GONCALVES RIBEIRO, N. 120, Apto 107, BL A",PARATIBE,"Apartamento, 0.00 de área total, 47.00 de área privativa, 0.00 de área do terreno,  2 qto(s), varanda, a.serv, WC, 1 sala(s), cozinha, 1 vaga(s) de garagem.",150000.0,150000.0,0.0,Leilão SFI - Edital Único,,JOAO PESSOA,PB,Não
8444426335911,"RUA FRANCISCO DE ASSIS DIAS, N. 80, Apto 202, BL A",PARATIBE,"Apartamento, 65.49 de área total, 43.24 de área privativa, 0.00 de área do terreno,  2 qto(s), a.serv, WC, 1 sala(s), cozinha, 1 vaga(s) de garagem.",152000.0,152000.0,0.0,Leilão SFI - Edital Único,,JOAO PESSOA,PB,Não
8787716863050,"RUA FRANCISCO DE ASSIS DIAS, N. 80, Apto 302, ANDAR 2 BL G",PARATIBE,"Apartamento, 76.99 de área total, 43.24 de área privativa, 0.00 de área do terreno,  2 qto(s), a.serv, WC, 1 sala(s), cozinha, 1 vaga(s) de garagem.",152000.0,152000.0,0.0,Leilão SFI - Edital Único,,JOAO PESSOA,PB,Não
8444419908863,"AVENIDA CUIABA, N. 95, Apto 308, 2° ANDAR",PLANALTO BOA ESPERANCA,"Apartamento, 64.61 de área total, 47.10 de área privativa, 0.00 de área do terreno,  2 qto(s), a.serv, WC, 1 sala(s), cozinha, 1 vaga(s) de garagem.",155000.0,155000.0,0.0,Leilão SFI - Edital Único,,JOAO PESSOA,PB,Não
8444421244349,"RUA SEVERINA CRISPIM VERAS, N. 741, Apto 208,",PLANALTO BOA ESPERANCA,"Apartamento, 81.67 de área total, 46.64 de área privativa, 0.00 de área do terreno,  2 qto(s), a.serv, WC, 1 sala(s), cozinha, 1 vaga(s) de garagem.",150000.0,150000.0,0.0,Leilão SFI - Edital Único,,JOAO PESSOA,PB,Não
8555520103664,"RUA JOAO DE BRITO LIMA MOURA, N. 672, Apto 402,",ALTO DO CEU,"Apartamento, 76.94 de área total, 61.14 de área privativa, 0.00 de área do terreno,  2 qto(s), WC, 1 sala(s), cozinha, 1 vaga(s) de garagem.",180000.0,180000.0,0.0,Leilão SFI - Edital Único,,JOAO PESSOA,PB,Não
8787701513423,"RUA JOAO DE BRITO LIMA MOURA, N. 640, Apto 106,",ALTO DO CEU,"Apartamento, 0.00 de área total, 57.22 de área privativa, 0.00 de área do terreno,  2 qto(s), a.serv, WC, 1 sala(s), cozinha, Terraco, 1 vaga(s) de garagem.",219000.0,219000.0,0.0,Leilão SFI - Edital Único,,JOAO PESSOA,PB,Não
8444430631856,"RUA FRANCISCO DE ASSIS DIAS, N. 80, Apto 408, BL F",PARATIBE,"Apartamento, 65.49 de área total, 43.24 de área privativa, 0.00 de área do terreno,  2 qto(s), a.serv, WC, 1 sala(s), cozinha, 1 vaga(s) de garagem.",135050.84,135000.0,0.0,Leilão SFI - Edital Único,,JOAO PESSOA,PB,Não
8444434387771,"RUA COMERCIANTE ERNANDO FEITOSA DE PAIVA, N. 161, CS 163",GRAMAME,"Casa, 90.68 de área total, 59.69 de área privativa, 125.00 de área do terreno,  2 qto(s), a.serv, WC, 1 sala(s), cozinha, Terraco, 1 vaga(s) de garagem.",195606.08,195000.0,0.0,Leilão SFI - Edital Único,,JOAO PESSOA,PB,Não
8444428089802,"RUA ANA ESPINOLA NAVARRO, N. 400, Apto 409, BL A02 PARQUE CALIFORNIA",ERNANI SATIRO,"Apartamento, 65.69 de área total, 44.30 de área privativa, 0.00 de área do terreno,  2 qto(s), a.serv, WC, 1 sala(s), cozinha, 1 vaga(s) de garagem.",131946.8,130000.0,0.0,Leilão SFI - Edital Único,,JOAO PESSOA,PB,Não
8444424254256,"RUA ANTONIO LUIZ DO NASCIMENTO, N. 464, CS 462",INDUSTRIAS,"Casa, 76.50 de área total, 56.50 de área privativa, 100.00 de área do terreno,  2 qto(s), a.serv, WC, 1 sala(s), cozinha, Terraco, 1 vaga(s) de garagem.",147045.27,144000.0,0.0,Leilão SFI - Edital Único,,JOAO PESSOA,PB,Não
8444428446621,"RUA MONO CARVOEIRO, N. 133, Apto 102,",PARATIBE,"Apartamento, 80.81 de área total, 53.75 de área privativa, 0.00 de área do terreno,  2 qto(s), varanda, a.serv, WC, 1 sala(s), cozinha, 1 vaga(s) de garagem.",136874.64,134000.0,0.0,Leilão SFI - Edital Único,,JOAO PESSOA,PB,Não
1444406391907,"RUA GILBERTO STUCKERT, N. 49, Apto 101, APTO 101",JARDIM OCEANIA,"Apartamento, 0.00 de área total, 75.81 de área privativa, 0.00 de área do terreno,  3 qto(s), a.serv, WC, 1 sala(s), cozinha, Terraco, 1 vaga(s) de garagem.",261014.0,255000.0,0.0,Leilão SFI - Edital Único,,JOAO PESSOA,PB,Não
8787717957210,"RUA PROFESSOR LUIZ BURITY, N. 701, Apto 405, BL A",ALTO DO CEU,"Apartamento, 89.42 de área total, 58.53 de área privativa, 0.00 de área do terreno,  3 qto(s), varanda, a.serv, WC, 1 sala(s), cozinha, 1 vaga(s) de garagem.",247232.38,240977.25,0.0,Leilão SFI - Edital Único,,JOAO PESSOA,PB,Não
8787716694070,"RUA MANOEL FELISBERTO DA SILVA, N. 501, Apto 302, 2°A. BL.B COND RES.NOVO HORIZONTE II",GRAMAME,"Apartamento, 84.93 de área total, 51.67 de área privativa, 0.00 de área do terreno,  2 qto(s), varanda, a.serv, WC, 1 sala(s), cozinha, 1 vaga(s) de garagem.",157124.33,152675.89,0.0,Leilão SFI - Edital Único,,JOAO PESSOA,PB,Não
8444431819425,"RUA ANA ESPINOLA NAVARRO, N. 400, Apto 110, BL B 08 VG 375",ERNANI SATIRO,"Apartamento, 54.27 de área total, 44.30 de área privativa, 0.00 de área do terreno,  2 qto(s), a.serv, WC, 1 sala(s), cozinha, 1 vaga(s) de garagem.",139540.13,135000.0,0.0,Leilão SFI - Edital Único,,JOAO PESSOA,PB,Não
8444434293327,"RUA JOAQUIM ALVES BEZERRA, N. 262, Apto 303, BL A",GRAMAME,"Apartamento, 46.93 de área total, 46.93 de área privativa, 0.00 de área do terreno,  2 qto(s), WC, 1 sala(s), cozinha, 1 vaga(s) de garagem.",151389.52,145000.0,0.0,Leilão SFI - Edital Único,,JOAO PESSOA,PB,Não
8444435656946,"RUA SUSANA CARREIRA CAMARA DE MENDONCA, N. 326, Apto 202, ANDAR 1",MUCUMAGRO,"Apartamento, 59.81 de área total, 42.72 de área privativa, 0.00 de área do terreno,  2 qto(s), a.serv, WC, 1 sala(s), cozinha, 1 vaga(s) de garagem.",163949.34,157000.0,0.0,Leilão SFI - Edital Único,,JOAO PESSOA,PB,Não
8787704506002,"RUA AGRICULTOR CARLOS ONOFRE NOBREGA, N. 950, Apto 401, BL A",COSTA E SILVA,"Apartamento, 92.88 de área total, 46.82 de área privativa, 0.00 de área do terreno,  2 qto(s), a.serv, WC, 1 sala(s), cozinha, 1 vaga(s) de garagem.",132127.63,126500.0,0.0,Leilão SFI - Edital Único,,JOAO PESSOA,PB,Não
8787717051092,"RUA NIZA SIQUEIRA DE MELO, N. 276, Apto 205, ANDAR 1",GRAMAME,"Apartamento, 70.31 de área total, 46.90 de área privativa, 0.00 de área do terreno,  2 qto(s), varanda, a.serv, WC, 1 sala(s), cozinha, 1 vaga(s) de garagem.",149527.8,143000.0,0.0,Leilão SFI - Edital Único,,JOAO PESSOA,PB,Não
8444410455548,"RUA MEDICO ROBERTO VIEIRA BATISTA, N. 664, CS 668",JARDIM VENEZA,"Casa, 42.30 de área total, 42.30 de área privativa, 432.00 de área do terreno,  2 qto(s), a.serv, WC, 1 sala(s), cozinha, 1 vaga(s) de garagem.",127999.0,122195.96,0.0,Leilão SFI - Edital Único,,JOAO PESSOA,PB,Não
8444435195000,"RUA COMERCIANTE WALDEMAR CHAVES, N. 43, Apto 403, ANDAR 3 BL A",GRAMAME,"Apartamento, 75.58 de área total, 50.88 de área privativa, 0.00 de área do terreno,  2 qto(s), varanda, WC, 1 sala(s), cozinha, 1 vaga(s) de garagem.",161772.89,153800.0,0.0,Leilão SFI - Edital Único,,JOAO PESSOA,PB,Não
8444426499400,"RUA CARAMBOLAS, N. 255, Apto 408, BL A ANDAR 3",MUCUMAGRO,"Apartamento, 71.40 de área total, 49.15 de área privativa, 0.00 de área do terreno,  2 qto(s), varanda, a.serv, WC, 1 sala(s), cozinha, 1 vaga(s) de garagem.",138991.71,131000.0,0.0,Leilão SFI - Edital Único,,JOAO PESSOA,PB,Não
8444421721716,"RUA ARNALDO CAMPELO, N. 291, Apto 302, ANDAR 2",GRAMAME,"Apartamento, 44.02 de área total, 39.47 de área privativa, 0.00 de área do terreno,  2 qto(s), a.serv, WC, 1 sala(s), cozinha, 1 vaga(s) de garagem.",123142.57,116000.0,0.0,Leilão SFI - Edital Único,,JOAO PESSOA,PB,Não
8787715616955,"RUA ETELVINA ALVES DE OLIVEIRA, N. 420, Apto 203, BL 04",JOSE AMERICO DE ALMEIDA,"Apartamento, 0.00 de área total, 42.95 de área privativa, 0.00 de área do terreno,  2 qto(s), WC, 1 sala(s), cozinha, 1 vaga(s) de garagem.",145506.7,135312.42,0.0,Leilão SFI - Edital Único,,JOAO PESSOA,PB,Não
10309115,"RUA JOSÉ MARINHO DE SOUZA, N. 79, Apto 501",PORTAL DO SOL,"Apartamento, 0.00 de área total, 84.28 de área privativa, 0.00 de área do terreno, 1 vaga(s) de garagem.",439893.0,409000.0,0.0,Leilão SFI - Edital Único,,JOAO PESSOA,PB,Não
8787703297566,"RUA ANA ESPINOLA NAVARRO, N. 400, Apto 206, PAV 01 BL A01",ERNANI SATIRO,"Apartamento, 46.54 de área total, 46.54 de área privativa, 0.00 de área do terreno,  2 qto(s), a.serv, WC, 1 sala(s), cozinha, 1 vaga(s) de garagem.",129844.93,120100.0,0.0,Leilão SFI - Edital Único,,JOAO PESSOA,PB,Não
8444435143396,"RUA COMERCIANTE WALDEMAR CHAVES, N. 43, Apto 208, BL A",GRAMAME,"Apartamento, 75.58 de área total, 50.88 de área privativa, 0.00 de área do terreno,  2 qto(s), WC, 1 sala(s), cozinha, 1 vaga(s) de garagem.",171160.63,158000.0,0.0,Leilão SFI - Edital Único,,JOAO PESSOA,PB,Não
8787706147620,"RUA ANA ESPINOLA NAVARRO, N. 400, Apto 203, BL B 02 SUBCOND B",ERNANI SATIRO,"Apartamento, 45.06 de área total, 45.06 de área privativa, 0.00 de área do terreno,  2 qto(s), a.serv, WC, 1 sala(s), cozinha, 1 vaga(s) de garagem.",133585.31,122000.0,0.0,Leilão SFI - Edital Único,,JOAO PESSOA,PB,Não
8444430774142,"RUA ARNALDO FERREIRA DA SILVA, N. 119, Apto 407, 3°A. BL.B COND.RES.VILA DO SOL IV",GRAMAME,"Apartamento, 45.54 de área total, 45.54 de área privativa, 0.00 de área do terreno,  2 qto(s), varanda, a.serv, WC, 1 sala(s), cozinha, 1 vaga(s) de garagem.",161046.06,145500.0,0.0,Leilão SFI - Edital Único,,JOAO PESSOA,PB,Não
8787718890179,"RUA EVANG MARIA VENANCIO FERREIRA DE AGUIAR, N. 61, Apto 102, TERREO BL 12",JOAO PAULO II,"Apartamento, 80.90 de área total, 39.24 de área privativa, 0.00 de área do terreno,  2 qto(s), varanda, WC, 1 sala(s), cozinha, 1 vaga(s) de garagem.",149622.18,134000.0,0.0,Leilão SFI - Edital Único,,JOAO PESSOA,PB,Não
8787720836259,"RUA ESTUDANTE ROBERTA RODRIGUES TAVARES, N. 297, Apto 107, BL A TERREO",GRAMAME,"Apartamento, 51.65 de área total, 39.13 de área privativa, 0.00 de área do terreno,  2 qto(s), WC, 1 sala(s), cozinha, 1 vaga(s) de garagem.",159570.89,142700.0,0.0,Leilão SFI - Edital Único,,JOAO PESSOA,PB,Não
8444437410529,"RODOVIA MINISTRO ABERLARDO JUREMA ARAUJO, N. 11,2, Apto 106, BL D  KM 11 2",MUCUMAGRO,"Apartamento, 41.78 de área total, 41.78 de área privativa, 0.00 de área do terreno,  2 qto(s), a.serv, WC, 1 sala(s), cozinha, 1 vaga(s) de garagem.",166534.91,148000.0,0.0,Leilão SFI - Edital Único,,JOAO PESSOA,PB,Não
8787718267005,"RUA MILTON DE OLIVEIRA MELO, N. 379, Apto 208, BL B 1 ANDAR",GRAMAME,"Apartamento, 66.34 de área total, 41.46 de área privativa, 0.00 de área do terreno,  2 qto(s), WC, 1 sala(s), cozinha, 1 vaga(s) de garagem.",146399.13,130000.0,0.0,Leilão SFI - Edital Único,,JOAO PESSOA,PB,Não
8787718250889,"RUA INACIO ALBINO NETO, N. 240, Apto AP 40, BL 26",GRAMAME,"Apartamento, 81.15 de área total, 44.63 de área privativa, 0.00 de área do terreno,  2 qto(s), WC, 1 sala(s), cozinha.",150139.34,132000.0,0.0,Leilão SFI - Edital Único,,JOAO PESSOA,PB,Não
8444439081093,"RUA MANOEL RODRIGUES DE LACERDA, N. 405, Apto 101, PAV TERREO BL C",GRAMAME,"Apartamento, 86.08 de área total, 39.97 de área privativa, 0.00 de área do terreno,  2 qto(s), varanda, a.serv, WC, 1 sala(s), cozinha, 1 vaga(s) de garagem.",188143.7,153000.0,0.0,Leilão SFI - Edital Único,,JOAO PESSOA,PB,Não
8444437256880,"RUA DELEGADO DR. FRANCISCO DE ASSIS DA S, N. 113, Apto 302, 2 ANDAR",GRAMAME,"Apartamento, 60.13 de área total, 42.77 de área privativa, 0.00 de área do terreno,  2 qto(s), varanda, a.serv, WC, 1 sala(s), cozinha, 1 vaga(s) de garagem.",173386.88,135000.0,0.0,Leilão SFI - Edital Único,,JOAO PESSOA,PB,Não
8444438531915,"RUA MANOEL RODRIGUES DE LACERDA, N. 405, Apto 302, BL C",GRAMAME,"Apartamento, 73.30 de área total, 39.15 de área privativa, 0.00 de área do terreno,  2 qto(s), varanda, a.serv, WC, 1 sala(s), cozinha, 1 vaga(s) de garagem.",188146.2,145000.0,0.0,Leilão SFI - Edital Único,,JOAO PESSOA,PB,Não
8444410285545,"RUA INACIO CANUTO DE OLIVEIRA, N. 68, Apto 201,",MUCUMAGRO,"Apartamento, 50.03 de área total, 48.58 de área privativa, 0.00 de área do terreno,  2 qto(s), varanda, a.serv, WC, 1 sala(s), cozinha, 1 vaga(s) de garagem.",130078.0,100000.0,0.0,Leilão SFI - Edital Único,,JOAO PESSOA,PB,Não
8787724291230,"RUA JOAO FRANCISCO DE ABREU, N. 603, Apto 101, BL B",FUNCIONARIOS,"Apartamento, 50.00 de área total, 48.32 de área privativa, 0.00 de área do terreno,  2 qto(s), a.serv, WC, 1 sala(s), cozinha, 1 vaga(s) de garagem.",189870.05,145000.0,0.0,Leilão SFI - Edital Único,,JOAO PESSOA,PB,Não
8444410489515,"RUA MANOEL FERNANDES JUNIOR, N. 199, Apto 202,",MUCUMAGRO,"Apartamento, 52.13 de área total, 43.50 de área privativa, 0.00 de área do terreno,  2 qto(s), a.serv, WC, 1 sala(s), cozinha, 1 vaga(s) de garagem.",126456.77,95000.0,0.0,Leilão SFI - Edital Único,,JOAO PESSOA,PB,Não
8444414286082,"RUA 4, N. 16, CS 16",CENTRO,"Casa, 96.90 de área total, 96.90 de área privativa, 58.50 de área do terreno, WC, 1 sala(s).",57384.39,120000.0,52.18,Venda Direta Online,,JURIPIRANGA,PB,Não
8444400291810,"RUA PROJETADA, N. SN, CASA 28",CENTRO,"Casa, 67.00 de área total, 67.00 de área privativa, 99.00 de área do terreno,  3 qto(s), a.serv, WC, 1 sala(s), cozinha, Terraco.",53385.48,101000.0,47.15,Venda Direta Online,,JURIPIRANGA,PB,Não
1444417531748,"RUA PROJETADA 4, N. 06, BR 104, KM119, QD C, LT NAÇÕES RES PRI",LOTEAMENTO N,"Terreno, 0.00 de área total, 0.00 de área privativa, 549.37 de área do terreno.",170162.92,267000.0,36.27,Venda Direta Online,,LAGOA SECA,PB,Sim
8444406270571,"RUA JOSÉ ONILDO DE CARVALHO FALCÃO, N. SN, CASA 06",CENTRO,"Casa, 162.15 de área total, 51.00 de área privativa, 113.39 de área do terreno,  2 qto(s), a.serv, WC, 1 sala(s), cozinha, Terraco, 1 vaga(s) de garagem.",59728.31,113000.0,47.15,Venda Direta Online,,LUCENA,PB,Não
1444407538081,"RUA PROJETADA I, N. 143, QD I LT 03",LOT DO CONDADO,"Casa, 67.50 de área total, 67.50 de área privativa, 207.28 de área do terreno,  2 qto(s), a.serv, WC, 2 sala(s), cozinha, Terraco, 1 vaga(s) de garagem.",80185.6,142000.0,43.54,Venda Direta Online,,MAMANGUAPE,PB,Não
8444404969276,"RUA SEBASTIAO FERNANDES DA COSTA, N. 140,",GURGURI,"Casa, 102.15 de área total, 102.15 de área privativa, 206.72 de área do terreno,  2 qto(s), a.serv, WC, 2 sala(s), cozinha, 1 vaga(s) de garagem.",97390.99,170477.34,42.88,Venda Direta Online,,MAMANGUAPE,PB,Não
8444427770123,"PROJETADA 01, N. SN, QUADRA P LOTE 3A",RODOVIA BR 230 KM 14,"Terreno, 0.00 de área total, 0.00 de área privativa, 130.00 de área do terreno.",26140.98,45000.0,41.91,Licitação Aberta,,MASSARANDUBA,PB,Não
8444416064532,"RUA JOÃO HENRIQUE DE ANDRADE, N. S/N, CASA SN",CENTRO,"Casa, 69.89 de área total, 69.89 de área privativa, 140.00 de área do terreno,  2 qto(s), a.serv, WC, 1 sala(s), cozinha, Terraco.",48832.18,94000.0,48.06,Venda Direta Online,,MOGEIRO,PB,Não
8444416206523,"RUA REGINALDO ALVES BEZERRA, N. 522, LT 06 QD P2",LOT ALTO DA SERRA,"Casa, 63.00 de área total, 63.00 de área privativa, 140.91 de área do terreno,  2 qto(s), a.serv, WC, 1 sala(s), cozinha, 1 vaga(s) de garagem.",77983.66,148000.0,47.31,Venda Direta Online,,MONTEIRO,PB,Não
8444418232130,"VIA LOCAL 04, N. SN, LOTE 04, QUADRA 02",MONTEIRO,"Terreno, 66.90 de área total, 0.00 de área privativa, 140.91 de área do terreno.",75305.5,130000.0,42.08,Venda Direta Online,,MONTEIRO,PB,Não
8444416882189,"RUA MARTIM JOSE BEZERRA, N. 200, LT 21",JARDIM BOA VISTA,"Casa, 67.00 de área total, 67.00 de área privativa, 133.86 de área do terreno,  2 qto(s), a.serv, WC, 1 sala(s), cozinha, 1 vaga(s) de garagem.",136000.0,136000.0,0.0,Leilão SFI - Edital Único,,MONTEIRO,PB,Não
10170509,"RUA 20, N. S/N",SALGADINHO,"Gleba Urbana, 0.00 de área total, 0.00 de área privativa, 88400.00 de área do terreno.",740073.35,1950000.0,62.05,Venda Direta Online,,PATOS,PB,Não
10219362,"FAIXA DE DOMÍNIO DA RODOVIA BR-361, N. 00, QD 04, LT 50, RUA PROJETADA 4",BIVAR OLINTO,"Terreno, 0.00 de área total, 0.00 de área privativa, 324.91 de área do terreno.",56363.19,108000.0,47.82,Venda Direta Online,,PATOS,PB,Não
10219364,"FAIXA DE DOMÍNIO DA RODOVIA BR-361, N. 00, QD 04, LT 49, RUA PROJETADA 4",BIVAR OLINTO,"Terreno, 0.00 de área total, 0.00 de área privativa, 324.20 de área do terreno.",56363.19,108000.0,47.82,Venda Direta Online,,PATOS,PB,Não
10219366,"FAIXA DE DOMÍNIO DA RODOVIA BR-361, N. 00, QD 13, LT 08, RUA PROJETADA 2",BIVAR OLINTO,"Terreno, 0.00 de área total, 0.00 de área privativa, 317.88 de área do terreno.",55319.43,106000.0,47.82,Venda Direta Online,,PATOS,PB,Não
10308714,"AVENIDA ANTÔNIO DAVID DE LIMA, N. 00, QD 15, LT 01",BIVAR OLINTO,"Terreno, 0.00 de área total, 0.00 de área privativa, 4492.57 de área do terreno.",750000.0,680000.0,0.0,Leilão SFI - Edital Único,,PATOS,PB,Não
8444405381183,"RUA OTACILIO TOME, N. 919,",CENTRO,"Casa, 0.00 de área total, 87.94 de área privativa, 144.75 de área do terreno,  2 qto(s), a.serv, WC, 1 sala(s), cozinha, Terraco.",51092.27,94000.0,45.65,Venda Direta Online,,PAULISTA,PB,Não
8444414414153,"RUA PROJETADA J, N. 185-A, LOTE 06 QUADRA L",CENTRO,"Casa, 0.00 de área total, 60.26 de área privativa, 160.00 de área do terreno,  2 qto(s), a.serv, WC, 1 sala(s), cozinha, Terraco, 1 vaga(s) de garagem.",52428.44,110000.0,52.34,Venda Direta Online,,PEDRAS DE FOGO,PB,Não
8444429415363,"RUA GERONCIO PEREIRA CHAVES, N. 85, LT 18 QD 33-A",CENTRO,"Casa, 81.65 de área total, 81.65 de área privativa, 125.00 de área do terreno,  2 qto(s), a.serv, WC, 1 sala(s), cozinha, Terraco, 1 vaga(s) de garagem.",77354.29,151000.0,48.78,Venda Direta Online,,PEDRAS DE FOGO,PB,Não
8444406198544,"RUA MANOEL HENRIQUES DA COSTA, N. 210, UNI 01",JK,"Casa, 43.00 de área total, 43.00 de área privativa, 72.00 de área do terreno,  2 qto(s), WC, 1 sala(s), cozinha.",48194.9,90000.0,46.46,Venda Direta Online,,PICUI,PB,Não
8444414444206,"RUA PROJETADA, N. 115, QD 34",PEDRO TOMAZ DANTAS,"Casa, 99.35 de área total, 99.35 de área privativa, 83.50 de área do terreno,  2 qto(s), a.serv, WC, 1 sala(s), cozinha, 1 vaga(s) de garagem.",93037.35,157000.0,40.75,Venda Direta Online,,PICUI,PB,Não
8444404341331,"RUA ANA LINS, N. 124, CS 08B QD A",VIA LOCAL 2,"Casa, 61.18 de área total, 61.18 de área privativa, 112.50 de área do terreno,  2 qto(s), WC, 1 sala(s), cozinha.",46472.85,80000.0,41.91,Venda Direta Online,,PILAR,PB,Não
8444436738326,"VIA LOCAL 02, N. 152, QD B",VIA LOCAL 2,"Casa, 50.00 de área total, 50.00 de área privativa, 100.00 de área do terreno,  2 qto(s), a.serv, WC, 1 sala(s), cozinha, 1 vaga(s) de garagem.",152788.66,149500.0,0.0,Leilão SFI - Edital Único,,PILAR,PB,Não
1444405796555,"RUA ESTRELA DO MAR, N. 995, CS 205",SETOR NORTE,"Casa, 102.00 de área total, 102.00 de área privativa, 0.01 de área do terreno,  2 qto(s), varanda, a.serv, WC, 1 sala(s), 1 lavabo(s), cozinha, Terraco.",139102.55,221000.0,37.06,Licitação Aberta,,PITIMBU,PB,Não
8444417292261,"R PROJETADA, N. 90, LT 21B QD E",LOT SAO FRANCISCO,"Casa, 0.00 de área total, 93.82 de área privativa, 125.00 de área do terreno,  2 qto(s), WC, 1 sala(s), cozinha, Terraco, 1 vaga(s) de garagem.",68071.43,125000.0,45.55,Venda Direta Online,,POMBAL,PB,Não
8444421941287,"RUA MANOEL FERREIRA CALADO, N. 275,",Nova Vida Norte,"Casa, 89.90 de área total, 89.90 de área privativa, 126.00 de área do terreno,  2 qto(s), a.serv, WC, 1 sala(s), cozinha, Terraco, 1 vaga(s) de garagem.",80306.1,138632.53,42.08,Licitação Aberta,,POMBAL,PB,Não
8555506228790,"RUA ISAURA JUVINO DA SILVA, N. SN, TERRENO 02",Nova Vida Norte,"Casa, 81.19 de área total, 81.19 de área privativa, 126.18 de área do terreno,  2 qto(s), a.serv, WC, 1 sala(s), cozinha, Terraco.",43568.3,75000.0,41.91,Venda Direta Online,,POMBAL,PB,Não
8444426405634,"RUA ANTONIO RODRIGUES DE AZEVEDO, N. SN, Apto SN, UNIDADE 02",CENTRO,"Apartamento, 50.00 de área total, 500.00 de área privativa, 0.00 de área do terreno,  2 qto(s), a.serv, WC, 1 sala(s), cozinha, 1 vaga(s) de garagem.",69934.44,122000.0,42.68,Venda Direta Online,,PUXINANA,PB,Não
8444426883480,"RUA JUSTINO ALVES DE AZEVEDO, N. SN, TERRENO G",CENTRO,"Casa, 66.65 de área total, 66.65 de área privativa, 125.00 de área do terreno,  2 qto(s), a.serv, WC, 1 sala(s), cozinha.",81964.82,140000.0,41.46,Venda Direta Online,,PUXINANA,PB,Não
8444429227265,"RUA PROJETADA III, N. SN, QD A LT A6 A",CENTRO,"Casa, 51.00 de área total, 51.00 de área privativa, 125.00 de área do terreno,  2 qto(s), a.serv, WC, 1 sala(s), cozinha.",146714.81,60500.0,0.0,Leilão SFI - Edital Único,,PUXINANA,PB,Não
8444401262171,"RUA SISINIA VITORIO SERAFIM, N. SN, LT 07",BELA VISTA,"Casa, 0.00 de área total, 112.29 de área privativa, 138.00 de área do terreno,  2 qto(s), a.serv, WC, 3 sala(s), cozinha, 1 vaga(s) de garagem.",67905.55,160000.0,57.56,Venda Direta Online,,REMIGIO,PB,Não
1444420984847,"R PROJETADA 01, N. SN,",MARIA,"Prédio, 400.00 de área total, 400.00 de área privativa, 10000.00 de área do terreno.",519092.49,905000.0,42.65,Venda Online,,RIACHO DOS CAVALOS,PB,Não
8444427379262,"RUA SEBASTIÃO MENDES, N. 45-A, Apto 26, LT 12A QD 06B",LOT SOL NASCENTE,"Casa, 0.00 de área total, 42.00 de área privativa, 52.90 de área do terreno,  2 qto(s), a.serv, WC, 1 sala(s), cozinha, Terraco, 1 vaga(s) de garagem.",33380.65,149000.0,77.6,Venda Online,,SANTA RITA,PB,Não
8555513304242,"RUA JOAO DUARTE, N. 260, CS 104",Solar do Tibiri,"Casa, 0.00 de área total, 58.39 de área privativa, 350.34 de área do terreno,  2 qto(s), a.serv, WC, 1 sala(s), cozinha, Terraco.",42877.07,120700.0,64.48,Venda Direta Online,,SANTA RITA,PB,Não
8444407061003,"RUA PROJETADA, N. 132, CS 03 LT 12 QD 05",LT VALE STA RITA I,"Casa, 0.00 de área total, 49.17 de área privativa, 82.55 de área do terreno,  2 qto(s), a.serv, WC, 1 sala(s), cozinha, Terraco, 1 vaga(s) de garagem.",43086.64,113000.0,61.88,Venda Direta Online,,SANTA RITA,PB,Não
8444404105484,"RUA PROJETADA, N. 71, 71B, A-7, QD 07,",Lot Vale Sta Rita I,"Casa, 0.00 de área total, 51.90 de área privativa, 171.00 de área do terreno,  2 qto(s), a.serv, WC, 1 sala(s), cozinha, Terraco.",44377.27,116000.0,61.75,Venda Direta Online,,SANTA RITA,PB,Não
8444406891436,"RUA PROJETADA, N. 321, LT 4, QD A13",VALE DE SANTA RITA,"Casa, 0.00 de área total, 62.00 de área privativa, 151.58 de área do terreno,  2 qto(s), a.serv, WC, 1 sala(s), cozinha, Terraco, 1 vaga(s) de garagem.",46009.64,120266.95,61.75,Venda Direta Online,,SANTA RITA,PB,Não
8444408086611,"R PROJETADA, N. 110A, QD 08 LT 22-A",PRIVE AEROPORTO,"Casa, 0.00 de área total, 69.00 de área privativa, 180.00 de área do terreno,  2 qto(s), WC, 1 sala(s), cozinha, Terraco.",60164.13,153823.85,60.89,Venda Direta Online,,SANTA RITA,PB,Não
8555514811105,"RUA DEPUTADO CLODOMIRO LEITE, N. 06, Apto 201, QD 07, LT 13",Lot Boa Vista,"Apartamento, 0.00 de área total, 47.90 de área privativa, 0.00 de área do terreno,  2 qto(s), a.serv, WC, 1 sala(s), cozinha, Terraco, 1 vaga(s) de garagem.",44121.6,108000.0,59.15,Venda Direta Online,,SANTA RITA,PB,Não
8787702218077,"RUA PROJETADA, N. 70,  LT T, QD 07",SANTA RITA,"Casa, 73.35 de área total, 73.35 de área privativa, 150.00 de área do terreno,  2 qto(s), a.serv, WC, 1 sala(s), cozinha, Terraco, 1 vaga(s) de garagem.",59761.75,146000.0,59.07,Venda Direta Online,,SANTA RITA,PB,Não
8444424905940,"RUA JOSE PAULINO CAVALCANTE, N. 420, Apto 202, LT  09, QD 08-B",ACUDE,"Apartamento, 0.00 de área total, 50.80 de área privativa, 250.00 de área do terreno,  2 qto(s), WC, 1 sala(s), cozinha, 1 vaga(s) de garagem.",51236.07,125000.0,59.02,Venda Direta Online,,SANTA RITA,PB,Não
8444418105015,"RUA JOSE PAULINO CAVALCANTE, N. 56, QD 193, LT 76-E",ACUDE,"Casa, 0.00 de área total, 130.04 de área privativa, 140.00 de área do terreno,  3 qto(s), a.serv, WC, 1 sala(s), cozinha, Terraco, 1 vaga(s) de garagem.",53874.41,130000.0,58.56,Venda Direta Online,,SANTA RITA,PB,Não
8444401745962,"RUA AECIO DE FARIAS, N. 109-B, LT 17-A QD 05-B",TIBIRI,"Casa, 0.00 de área total, 69.85 de área privativa, 150.00 de área do terreno,  2 qto(s), a.serv, WC, 1 sala(s), cozinha, 1 vaga(s) de garagem.",77771.76,180000.0,56.8,Venda Direta Online,,SANTA RITA,PB,Não
8444408023679,"RUA PROJETADA, N. 47-B, QD 03 LT 05-B",VALE DE SANTA RITA I,"Casa, 0.00 de área total, 60.34 de área privativa, 180.00 de área do terreno,  2 qto(s), a.serv, WC, 1 sala(s), cozinha, Terraco, 1 vaga(s) de garagem.",47063.04,108000.0,56.43,Venda Direta Online,,SANTA RITA,PB,Não
8444406543977,"RUA RUA MANAUS, N. 143A, CASA 1",VARZEA NOVA,"Casa, 0.00 de área total, 60.00 de área privativa, 125.00 de área do terreno,  2 qto(s), WC, 1 sala(s), cozinha, Terraco, 1 vaga(s) de garagem.",59893.53,134000.0,55.31,Venda Direta Online,,SANTA RITA,PB,Não
8444407294733,"RUA EUZEBIO ENEDINO DA COSTA, N. 81, B, 09B16",,"Casa, 0.00 de área total, 66.94 de área privativa, 125.00 de área do terreno,  2 qto(s), a.serv, WC, 1 sala(s), cozinha, Terraco.",63920.76,143000.0,55.31,Venda Direta Online,,SANTA RITA,PB,Não
8444411150236,"RUA NEWTON LACERDA, N. 74, QD 37 - LT 128-C - LOT AGUIRLANDIA",AGUIARLANDIA,"Casa, 0.00 de área total, 46.80 de área privativa, 150.00 de área do terreno,  2 qto(s), WC, 1 sala(s), cozinha, Terraco.",46617.06,101000.0,53.85,Venda Direta Online,,SANTA RITA,PB,Não
8444407620436,"RUA SANDOVAL ALVES DE OLIVEIRA, N. 221, QD 5-A LT 29",TIBIRI,"Casa, 0.00 de área total, 60.30 de área privativa, 120.00 de área do terreno,  2 qto(s), a.serv, WC, 1 sala(s), cozinha, 1 vaga(s) de garagem.",49078.47,106000.0,53.7,Venda Direta Online,,SANTA RITA,PB,Não
8555515298207,"RUA PROJETADA 105, N. 103, LT 26",CENTRO,"Casa, 0.00 de área total, 49.00 de área privativa, 250.00 de área do terreno,  2 qto(s), a.serv, WC, 1 sala(s), cozinha, Terraco.",56673.92,122000.0,53.55,Venda Online,,SANTA RITA,PB,Não
8444407582259,"RUA CORONEL EDNALDO TAVARES RUFINO, N. 409, Apto 202,",JARDIM EUROPA,"Apartamento, 0.00 de área total, 52.00 de área privativa, 0.00 de área do terreno,  2 qto(s), varanda, a.serv, WC, 1 sala(s), cozinha, 1 vaga(s) de garagem.",54815.76,118000.0,53.55,Venda Direta Online,,SANTA RITA,PB,Não
8444406695289,"RUA MARIA HELENA ALVES, N. 415, QD 05-C LT 11-A",CENTRO,"Casa, 0.00 de área total, 62.00 de área privativa, 125.00 de área do terreno,  2 qto(s), a.serv, WC, 1 sala(s), cozinha, Terraco.",63171.2,134500.0,53.04,Venda Direta Online,,SANTA RITA,PB,Não
8444410641317,"RUA JOSE PAULINO CAVALCANTE, N. 151A, CS 151A QD 5 LT 33A",ACUDE,"Casa, 121.55 de área total, 68.89 de área privativa, 180.00 de área do terreno,  2 qto(s), a.serv, WC, 1 sala(s), cozinha, Terraco, 1 vaga(s) de garagem.",75852.11,160000.0,52.6,Venda Direta Online,,SANTA RITA,PB,Não
8444405907231,"RUA WALDEMAR DE CARVALHO LELIS, N. 200, Apto 101,  QUADRA 05 LOTE 22",Lot Boa Vista,"Apartamento, 78.97 de área total, 54.00 de área privativa, 0.00 de área do terreno,  2 qto(s), a.serv, WC, 1 sala(s), cozinha, Terraco.",48728.1,102236.32,52.34,Venda Direta Online,,SANTA RITA,PB,Não
8444411187814,"RUA PROJETADA, N. 70-A, Apto 70B, LT L, QD 07",VALE DE SANTA RITA I,"Apartamento, 64.70 de área total, 129.44 de área privativa, 0.00 de área do terreno,  2 qto(s), a.serv, WC, 1 sala(s), 1 lavabo(s), cozinha, Terraco, 1 vaga(s) de garagem.",55314.62,115671.76,52.18,Venda Online,,SANTA RITA,PB,Não
8444412546397,"RUA MANOEL ALVES DA COSTA, N. 116, Apto 01, LT 151, QD 05",PLANO DE VIDA,"Apartamento, 0.00 de área total, 46.13 de área privativa, 0.00 de área do terreno,  2 qto(s), a.serv, WC, 1 sala(s), cozinha, 1 vaga(s) de garagem.",57428.44,120092.1,52.18,Venda Direta Online,,SANTA RITA,PB,Não
8444405044276,"RUA WALDEMAR DE CARVALHO, N. 200, Apto 102,",NAELSON PANTA JUNIOR,"Apartamento, 79.00 de área total, 54.00 de área privativa, 0.00 de área do terreno,  2 qto(s), a.serv, WC, 1 sala(s), cozinha, Terraco, 1 vaga(s) de garagem.",58101.7,121500.0,52.18,Venda Direta Online,,SANTA RITA,PB,Não
8444408489163,"RUA ALICE ALVES DE FIGUEREDO, N. 21-A, LT 04-A3 QD 39",LOT JARDIM EUROPA II,"Casa, 68.60 de área total, 68.60 de área privativa, 125.00 de área do terreno,  2 qto(s), a.serv, WC, 1 sala(s), cozinha, Terraco.",61572.84,127351.24,51.66,Venda Direta Online,,SANTA RITA,PB,Não
8444422658007,"RUA JUCELINO MOLA, N. 360 A, LT 13 QD 03 C",LOT SOL NASCENTE,"Casa, 64.35 de área total, 64.35 de área privativa, 125.00 de área do terreno,  2 qto(s), a.serv, WC, 1 sala(s), cozinha, Terraco.",61064.57,126300.0,51.66,Venda Direta Online,,SANTA RITA,PB,Não
8555513281935,"RUA JOAO DUARTE, N. 260, NR 103 LT 35-A QD 4-A",TIBIRI,"Casa, 58.39 de área total, 58.39 de área privativa, 90.00 de área do terreno,  2 qto(s), a.serv, WC, 1 sala(s), cozinha, Terraco.",55838.63,114600.0,51.28,Venda Direta Online,,SANTA RITA,PB,Não
8444407867148,"RUA PROJETADA, N. 413, QD 4, LT A-01-L",SANTA RITA,"Casa, 62.00 de área total, 62.00 de área privativa, 151.58 de área do terreno,  2 qto(s), a.serv, WC, 1 sala(s), cozinha, Terraco.",73335.67,150000.0,51.11,Venda Online,,SANTA RITA,PB,Não
8444409802167,"RUA TANCREDO NEVES, N. 272, CS 101, LT 11, QD 12",Várzea Nova,"Casa, 56.50 de área total, 56.50 de área privativa, 100.00 de área do terreno,  2 qto(s), WC, 1 sala(s), cozinha, Terraco.",52945.92,108000.0,50.98,Venda Direta Online,,SANTA RITA,PB,Não
8555513285230,"RUA JOAO DUARTE, N. 260, CS 102, QD 4-A, LT 35-A",LOT SOLAR DO TIBIRI,"Casa, 58.39 de área total, 58.39 de área privativa, 720.00 de área do terreno,  2 qto(s), a.serv, WC, 1 sala(s), cozinha, Terraco.",53926.39,110000.0,50.98,Venda Direta Online,,SANTA RITA,PB,Não
8444406443166,"RUA PROJETADA, N. 303,  QUADRA 04   LOTE A-01",SANTA RITA,"Casa, 62.00 de área total, 62.00 de área privativa, 151.58 de área do terreno,  2 qto(s), a.serv, WC, 1 sala(s), cozinha, Terraco, 1 vaga(s) de garagem.",56072.75,114000.0,50.82,Venda Online,,SANTA RITA,PB,Não
8444407013190,"RUA PROJETADA, N. 353, LT N A-1F, QD 04",SANTA RITA,"Casa, 62.00 de área total, 62.00 de área privativa, 151.50 de área do terreno,  2 qto(s), a.serv, WC, 1 sala(s), cozinha, Terraco.",60007.68,122000.0,50.82,Venda Online,,SANTA RITA,PB,Não
8444408813939,"RUA SENADOR PRESTES, N. 200, Apto 202, LOTE 20 QUADRA 20",BOA VISTA,"Apartamento, 62.00 de área total, 62.00 de área privativa, 0.00 de área do terreno,  2 qto(s), WC, 1 sala(s), cozinha.",60499.55,123000.0,50.82,Venda Online,,SANTA RITA,PB,Não
8444408987724,"R PROJETADA, N. 295, CS A LT57A QD 4-C",SOLAR DO TIBIRI II,"Casa, 0.00 de área total, 64.10 de área privativa, 125.00 de área do terreno,  2 qto(s), a.serv, WC, 1 sala(s), cozinha, Terraco.",59023.95,120000.0,50.82,Venda Direta Online,,SANTA RITA,PB,Não
8444405976888,"RUA PROJETADA, N. SN, LOTE 09-B QUADRA 11-B",JARDIM EUROPA,"Casa, 64.80 de área total, 64.80 de área privativa, 125.00 de área do terreno,  2 qto(s), a.serv, WC, 1 sala(s), cozinha, Terraco.",59515.82,121000.0,50.82,Venda Online,,SANTA RITA,PB,Não
8444412809789,"RUA JORNAL O NORTE, N. 40, LT 245B, QD 01",AGUIARLANDIA,"Casa, 65.65 de área total, 65.65 de área privativa, 125.05 de área do terreno,  2 qto(s), WC, 1 sala(s), cozinha, Terraco, 1 vaga(s) de garagem.",65979.21,134000.0,50.77,Venda Direta Online,,SANTA RITA,PB,Não
8444414120672,"RUA PROJETADA, N. 542B, LT45B QD02 CS B",VALE DE SANTA RITA I,"Casa, 67.50 de área total, 67.50 de área privativa, 180.00 de área do terreno,  3 qto(s), a.serv, WC, 1 sala(s), cozinha, Terraco.",63024.91,128000.0,50.77,Venda Direta Online,,SANTA RITA,PB,Não
8444406756512,"RUA JOAO FIRMINO DE LIMA, N. 380, CASA104 - LOTE 308-A - QUADRA 12",PORTAL DE TIBIRI,"Casa, 77.71 de área total, 47.46 de área privativa, 440.00 de área do terreno,  2 qto(s), a.serv, WC, 1 sala(s), cozinha, Terraco, 1 vaga(s) de garagem.",77242.56,156000.0,50.49,Venda Direta Online,,SANTA RITA,PB,Não
8444408707659,"RUA PROJETADA, N. 393, 04A-1J, QUADRA 04",VALE DE SANTA RITA I,"Casa, 62.00 de área total, 62.00 de área privativa, 151.50 de área do terreno,  2 qto(s), WC, 1 sala(s), cozinha, Terraco.",63254.96,127196.2,50.27,Venda Online,,SANTA RITA,PB,Não
8444405346604,"RUA NOVA JERUSALEM, N. 330,",PORTAL DE SANTA RITA,"Casa, 56.50 de área total, 56.50 de área privativa, 113.00 de área do terreno,  2 qto(s), a.serv, WC, 1 sala(s), cozinha, Terraco, 1 vaga(s) de garagem.",52999.77,106000.0,50.01,Venda Direta Online,,SANTA RITA,PB,Não
8555514800502,"RUA DEPUTADO CLODOMIR LEITE, N. 6, Apto 101, QD07 LT13",JARDIM EUROPA,"Apartamento, 47.90 de área total, 47.90 de área privativa, 0.00 de área do terreno,  2 qto(s), a.serv, WC, 1 sala(s), cozinha, Terraco, 1 vaga(s) de garagem.",53499.76,107000.0,50.01,Venda Direta Online,,SANTA RITA,PB,Não
8444400367689,"RUA JUAREZ TAVORA, N. 661, LT 01",CENTRO,"Casa, 71.50 de área total, 71.50 de área privativa, 130.00 de área do terreno,  2 qto(s), a.serv, WC, 1 sala(s), cozinha, Terraco, 1 vaga(s) de garagem.",59683.29,118990.83,49.85,Venda Direta Online,,SANTA RITA,PB,Não
8444408737191,"R PROJETADA 106 B, N. 160, CS B LT 18 B QD 05",PRIVE AEROPORTO,"Casa, 0.00 de área total, 69.58 de área privativa, 180.00 de área do terreno,  2 qto(s), a.serv, WC, 1 sala(s), cozinha, Terraco, 1 vaga(s) de garagem.",60189.47,120000.0,49.85,Venda Direta Online,,SANTA RITA,PB,Não
8444406789879,"R TOSCANO DO CINEMA, N. 207B,  QUADRA 5C LOTE 36B",LOT SOLAR DO TIBIRI,"Casa, 75.95 de área total, 75.95 de área privativa, 187.50 de área do terreno,  2 qto(s), a.serv, WC, 1 sala(s), cozinha, Terraco, 1 vaga(s) de garagem.",73419.48,146000.0,49.72,Venda Online,,SANTA RITA,PB,Não
8444407692160,"RUA CORONEL EDNALDO TAVARES RUFINO, N. 409, Apto 101,",JARDIM EUROPA,"Apartamento, 69.50 de área total, 52.00 de área privativa, 0.00 de área do terreno,  2 qto(s), varanda, a.serv, WC, 1 sala(s), cozinha, 1 vaga(s) de garagem.",59146.92,117000.0,49.45,Venda Online,,SANTA RITA,PB,Não
8444411748220,"RUA PROJETADA, N. 199, LT 32 QD 05",PRIVE AEROPORTO,"Casa, 49.16 de área total, 49.16 de área privativa, 360.00 de área do terreno,  2 qto(s), a.serv, WC, 1 sala(s), cozinha, Terraco.",66445.1,130000.0,48.89,Venda Online,,SANTA RITA,PB,Não
8444409639630,"RUA DEP CLODOMIR LEITE (ANTIGA R PROJETADA), N. 1011B, QD 9B LT 32A",Lot Plan Tibiri I,"Casa, 0.00 de área total, 70.75 de área privativa, 125.00 de área do terreno,  2 qto(s), a.serv, WC, 1 sala(s), cozinha, Terraco.",76842.01,150000.0,48.78,Venda Direta Online,,SANTA RITA,PB,Não
8444405619023,"RUA  ATAIDE DE BRITO, N. 732, CS 01 LOT 15 QD 10-B",JARDIM EUROPA,"Casa, 129.32 de área total, 61.60 de área privativa, 125.00 de área do terreno,  2 qto(s), a.serv, WC, 1 sala(s), cozinha, Terraco, 1 vaga(s) de garagem.",72231.49,141000.0,48.78,Venda Online,,SANTA RITA,PB,Não
8444413027903,"RUA PROJETADA, N. 170, CS A LT 30 QD 05",PRIVE AEROPORT,"Casa, 0.00 de área total, 49.16 de área privativa, 89.28 de área do terreno,  2 qto(s), a.serv, WC, 1 sala(s), Terraco, 1 vaga(s) de garagem.",58114.03,113000.0,48.58,Venda Direta Online,,SANTA RITA,PB,Não
8444413138047,"RUA MISSIONARIA SIMONE DUARTE DA SILVA, N. 122, CS 102 LT 122 QD 05",Lot Plano de Vida,"Casa, 43.00 de área total, 43.00 de área privativa, 110.00 de área do terreno,  2 qto(s), a.serv, WC, 1 sala(s), cozinha, Terraco.",57599.74,112000.0,48.58,Venda Direta Online,,SANTA RITA,PB,Não
8555529687758,"RUA SEBASTIAO MENDES, N. 45-A, CS 25 LT 12-A QD 06-B",LOT SOL NASCENTE,"Casa, 42.00 de área total, 42.00 de área privativa, 52.90 de área do terreno,  2 qto(s), a.serv, WC, 1 sala(s), cozinha, Terraco, 1 vaga(s) de garagem.",56571.18,110000.0,48.58,Venda Direta Online,,SANTA RITA,PB,Não
8555511145155,"RUA JULIO FRANCISCO DE LIMA, N. 122, QD 20",PORTAL DE TIBIRI,"Casa, 45.00 de área total, 45.00 de área privativa, 400.00 de área do terreno,  2 qto(s), WC, 1 sala(s), cozinha, Terraco, 1 vaga(s) de garagem.",53485.47,104000.0,48.58,Venda Direta Online,,SANTA RITA,PB,Não
8555518132300,"RUA PROJETADA, N. 51, QUADRA 07 LOTE  A 1",VALE DE SANTA RITA,"Casa, 51.90 de área total, 51.90 de área privativa, 198.00 de área do terreno,  2 qto(s), a.serv, WC, 1 sala(s), cozinha, Terraco.",52456.91,102000.0,48.58,Venda Direta Online,,SANTA RITA,PB,Não
8555505004812,"RUA JORNAL A PROVINCIA DO PARA, N. 24, CS 01 LOT 07 QD 1-B",TIBIRI,"Casa, 53.00 de área total, 53.00 de área privativa, 150.00 de área do terreno,  2 qto(s), WC, 1 sala(s), cozinha, Terraco, 1 vaga(s) de garagem.",56571.18,110000.0,48.58,Venda Direta Online,,SANTA RITA,PB,Não
8555513039220,"RUA MARIA HELENA ALVES ( ANT RUA MARIA H.ALVES), N. 70, CS 106 LOT A-1 QD 5-B",TIBIRI,"Casa, 0.00 de área total, 52.00 de área privativa, 100.00 de área do terreno,  2 qto(s), a.serv, WC, 1 sala(s), cozinha, Terraco, 1 vaga(s) de garagem.",53485.47,104000.0,48.58,Venda Direta Online,,SANTA RITA,PB,Não
8555527807381,"RUA SEBASTIAO MENDES (ANTIGA RUA PROJETADA), N. 45 A, CS 06 LOT 12-A  QD 06-B",TIBIRI,"Casa, 0.00 de área total, 42.00 de área privativa, 48.00 de área do terreno,  2 qto(s), a.serv, WC, 1 sala(s), cozinha, Terraco, 1 vaga(s) de garagem.",55542.61,108000.0,48.58,Venda Direta Online,,SANTA RITA,PB,Não
8444407181300,"RUA VICE PREFEITO MILTON FERRAZ, N. 275, CASA A, QUADRA 12C LOTE 45-A",PLANALTO TIBIRI II,"Casa, 63.24 de área total, 63.24 de área privativa, 125.00 de área do terreno,  2 qto(s), a.serv, WC, 1 sala(s), cozinha, Terraco.",60619.4,117500.0,48.41,Venda Direta Online,,SANTA RITA,PB,Não
8444408761238,"RUA PROJETADA, N. 461, LT A-29 QD 04",VALE DE SANTA RITA,"Casa, 62.00 de área total, 62.00 de área privativa, 151.58 de área do terreno,  2 qto(s), a.serv, WC, 1 sala(s), cozinha, Terraco.",60171.53,116631.89,48.41,Venda Direta Online,,SANTA RITA,PB,Não
8444411554590,"RUA PROJETADA, N. 199, CS A LT 32 QD 05",PRIVE AEROPORTO,"Casa, 82.95 de área total, 49.16 de área privativa, 82.95 de área do terreno,  2 qto(s), a.serv, WC, 1 sala(s), cozinha, Terraco, 1 vaga(s) de garagem.",59082.46,114520.92,48.41,Venda Direta Online,,SANTA RITA,PB,Não
8444411749928,"RUA ESTUDANTE FELYPE DE MELO FREIRE, N. 62, LT 36 QD 11",PRIVE AEROPORTO,"Casa, 82.95 de área total, 49.16 de área privativa, 89.14 de área do terreno,  2 qto(s), a.serv, WC, 1 sala(s), cozinha, Terraco, 1 vaga(s) de garagem.",59117.35,114588.55,48.41,Venda Direta Online,,SANTA RITA,PB,Não
8444406166774,"RUA JOAO ANTONIO MENDONCA (ANTIGA RUA PROJETADA 2), N. 212-A, LOT 32A-7 QD 4-B",HEITEL SANTIAGO,"Casa, 59.64 de área total, 59.64 de área privativa, 134.47 de área do terreno,  2 qto(s), a.serv, WC, 1 sala(s), cozinha, Terraco.",61909.17,120000.0,48.41,Venda Direta Online,,SANTA RITA,PB,Não
8555514871930,"RUA DEPUTADO CLODOMIRO LEITE, N. 06, Apto 202, LT 13 QD 07",POPULAR,"Apartamento, 0.00 de área total, 47.90 de área privativa, 0.00 de área do terreno,  2 qto(s), a.serv, WC, 1 sala(s), cozinha, Terraco, 1 vaga(s) de garagem.",60745.48,117000.0,48.09,Venda Direta Online,,SANTA RITA,PB,Não
8444413700527,"PROJETADA, N. 140, LOTE 44, QUADRA 14, UNIDADE C",PRIVE AEROPORTO,"Casa, 79.21 de área total, 46.16 de área privativa, 89.14 de área do terreno,  2 qto(s), a.serv, WC, 1 sala(s), Terraco, 1 vaga(s) de garagem.",50535.9,96993.06,47.9,Venda Direta Online,,SANTA RITA,PB,Não
8444404583530,"RUA SEVERINO LUIZ DE OLIVEIRA, N. 32-B, LT 26-B QD 05-A",HEITEL SANTIAGO,"Casa, 68.70 de área total, 68.70 de área privativa, 125.00 de área do terreno,  3 qto(s), a.serv, WC, 1 sala(s), cozinha, Terraco.",69860.34,134000.0,47.87,Venda Direta Online,,SANTA RITA,PB,Não
8555518221469,"RUA MANUEL ALVES DAS COSTA, N. 113, CS 02 LT 168 QD 06",Lot Plano de Vida,"Casa, 59.30 de área total, 59.30 de área privativa, 100.00 de área do terreno,  2 qto(s), a.serv, WC, 1 sala(s), cozinha, Terraco, 1 vaga(s) de garagem.",73768.33,140000.0,47.31,Venda Direta Online,,SANTA RITA,PB,Não
8444400791448,"RUA MARIA DELGRACAS DA CONCEICAO, N. 36, CS 02",PORTAL DE TIBIRI,"Casa, 54.54 de área total, 54.54 de área privativa, 120.00 de área do terreno,  2 qto(s), a.serv, WC, 1 sala(s), cozinha, Terraco, 1 vaga(s) de garagem.",73768.33,140000.0,47.31,Venda Direta Online,,SANTA RITA,PB,Não
8444407888277,"RUA SEBASTIAO FERR SANTOS (ANTIGA RUA PROJETADA), N. 152A, LT 32A QD 04C",TIBIRI,"Casa, 63.93 de área total, 63.93 de área privativa, 125.00 de área do terreno,  2 qto(s), a.serv, WC, 1 sala(s), cozinha, Terraco.",57614.03,109000.0,47.15,Venda Online,,SANTA RITA,PB,Não
8444408494400,"RUA PROJETADA, N. 338, LT 36 QD 36",LOT PORTAL TIBIRI II,"Casa, 0.00 de área total, 60.90 de área privativa, 160.00 de área do terreno,  2 qto(s), a.serv, WC, 1 sala(s), cozinha, Terraco, 1 vaga(s) de garagem.",66606.89,125000.0,46.72,Venda Direta Online,,SANTA RITA,PB,Não
8444417166746,"RUA PROJETADA, N. 130, CASA 101, LT 22, QD 06",SANTO AMARO,"Casa, 0.00 de área total, 78.72 de área privativa, 0.01 de área do terreno,  2 qto(s), a.serv, WC, 2 sala(s), Terraco, 1 vaga(s) de garagem.",93798.41,174480.88,46.25,Venda Direta Online,,SANTA RITA,PB,Sim
8444411877730,"RUA CONDE DEU, N. 411A, QD 2A  LT 9A",LOT JARDIM EUROPA I,"Casa, 0.00 de área total, 69.91 de área privativa, 150.00 de área do terreno,  2 qto(s), WC, 1 sala(s), cozinha, Terraco, 1 vaga(s) de garagem.",86892.96,161162.21,46.09,Venda Direta Online,,SANTA RITA,PB,Não
8444414071370,"RUA PROJETADA, N. 15, LT 05-B QD 13",PRIVE AEROPORTO,"Casa, 0.00 de área total, 60.09 de área privativa, 180.00 de área do terreno,  2 qto(s), varanda, WC, 1 sala(s), cozinha, 1 vaga(s) de garagem.",79608.33,147000.0,45.85,Venda Direta Online,,SANTA RITA,PB,Não
8444408202018,"RUA PROJETADA, N. 51B, LT 45B QD 12",PRIVE AEROPORTO,"Casa, 69.00 de área total, 69.00 de área privativa, 180.00 de área do terreno,  2 qto(s), a.serv, WC, 1 sala(s), cozinha, Terraco, 1 vaga(s) de garagem.",60256.88,111000.0,45.72,Venda Direta Online,,SANTA RITA,PB,Não
8444401216579,"CLODOMIRO LEITE, N. 06, Apto 203, QUADRA 7 LOTE 13",BOA VISTA,"Apartamento, 47.90 de área total, 47.90 de área privativa, 0.00 de área do terreno,  2 qto(s), a.serv, WC, 1 sala(s), cozinha, 1 vaga(s) de garagem.",69069.53,127000.0,45.62,Venda Direta Online,,SANTA RITA,PB,Não
8444404102930,"RUA DEMOCRITO DE SOUZA FILHO, N. 194A, QD 15C LT 34-A1",PLANALTO TIBIRI II,"Casa, 69.17 de área total, 69.17 de área privativa, 167.00 de área do terreno,  2 qto(s), a.serv, WC, 1 sala(s), cozinha, 1 vaga(s) de garagem.",115322.09,212000.0,45.61,Venda Direta Online,,SANTA RITA,PB,Sim
8444403475598,"RUA PROJETADA, N. 71, LT A-5 QD 07",SANTA RITA,"Casa, 52.31 de área total, 52.31 de área privativa, 171.00 de área do terreno,  2 qto(s), a.serv, WC, 1 sala(s), cozinha, Terraco, 1 vaga(s) de garagem.",62625.71,115000.0,45.55,Venda Direta Online,,SANTA RITA,PB,Não
8444408355698,"RUA SEVERINO LUIZ DE OLIVEIRA, N. 152A, LT 04-A QD 05-A",VALE DE SANTA RITA,"Casa, 65.88 de área total, 65.88 de área privativa, 125.00 de área do terreno,  2 qto(s), a.serv, WC, 1 sala(s), cozinha, Terraco, 1 vaga(s) de garagem.",65348.57,120000.0,45.55,Venda Direta Online,,SANTA RITA,PB,Não
8444412130530,"RUA ESTUDANTE FELYPE DE MELO FREIRE, N. 62, CS 102 LT 36 QD 11",PRIVE AEROPORTO,"Casa, 82.95 de área total, 49.16 de área privativa, 360.00 de área do terreno,  2 qto(s), a.serv, WC, 1 sala(s), cozinha, Terraco, 1 vaga(s) de garagem.",66437.71,122000.0,45.55,Venda Direta Online,,SANTA RITA,PB,Não
8444404941673,"RUA PROJETADA, N. 22, CS 106 QD 10 LT A-01",VALE DE SANTA RITA,"Casa, 52.50 de área total, 52.50 de área privativa, 120.00 de área do terreno,  2 qto(s), a.serv, WC, 1 sala(s), cozinha, 1 vaga(s) de garagem.",48947.49,89000.0,45.01,Venda Direta Online,,SANTA RITA,PB,Não
8444405659815,"RUA MISSIONÁRIA SIMONI DUARTE DA SILVA, N. 123, CS 102 LT 123 QD 05",PLANO DE VIDA,"Casa, 46.60 de área total, 45.00 de área privativa, 91.60 de área do terreno,  2 qto(s), a.serv, WC, 1 sala(s), cozinha, Terraco.",75392.38,137000.0,44.97,Venda Online,,SANTA RITA,PB,Não
8444407436236,"RUA PROJETADA, N. 170A, LT 12A QD 36",Jardim Europa II,"Casa, 0.00 de área total, 66.05 de área privativa, 125.00 de área do terreno,  2 qto(s), a.serv, 1 sala(s), cozinha, Terraco.",71540.22,130000.0,44.97,Venda Direta Online,,SANTA RITA,PB,Não
8555505321281,"RUA PROJETADA, N. 60, LT 57 QD 05",Portal do Tibiri II,"Casa, 66.43 de área total, 66.43 de área privativa, 200.00 de área do terreno,  2 qto(s), a.serv, WC, 1 sala(s), cozinha, Terraco, 1 vaga(s) de garagem.",70396.16,127921.07,44.97,Venda Direta Online,,SANTA RITA,PB,Não
8444412875676,"RUA DEP. JOSE LEITE DE SOUZA, N. 85, LT 161-A QD 230",MARCOS MOURA,"Casa, 67.50 de área total, 67.50 de área privativa, 136.30 de área do terreno,  2 qto(s), a.serv, WC, 1 sala(s), cozinha, Terraco.",74842.08,136000.0,44.97,Venda Direta Online,,SANTA RITA,PB,Não
8444405964553,"RUA DEPUTADO INÁCIO BENTO, N. 191B, LT 22B QD 37",JARDIM EUROPA,"Casa, 0.00 de área total, 62.00 de área privativa, 125.00 de área do terreno.",73191.15,133000.0,44.97,Venda Direta Online,,SANTA RITA,PB,Não
8444403252173,"RUA PROJETADA 53, N. 102, LT 174 , QD06",SANTA RITA,"Casa, 43.00 de área total, 43.00 de área privativa, 80.00 de área do terreno,  2 qto(s), WC, 1 sala(s), cozinha, Terraco, 1 vaga(s) de garagem.",68186.07,122000.0,44.11,Venda Direta Online,,SANTA RITA,PB,Não
8444403982511,"RUA RAIOS DE SOL, N. 563, CS B LT 48-B QD 5-C",LOT SOL NASCENTE,"Casa, 63.36 de área total, 63.36 de área privativa, 125.00 de área do terreno,  2 qto(s), WC, 1 sala(s), cozinha, 1 vaga(s) de garagem.",68744.97,123000.0,44.11,Venda Direta Online,,SANTA RITA,PB,Não
8444407686267,"JOAO ANTONIO DE MENDONÇA, N. 213B, 08A29B",SANTA RITA,"Casa, 66.21 de área total, 66.21 de área privativa, 125.00 de área do terreno,  2 qto(s), a.serv, WC, 1 sala(s), cozinha, Terraco.",67068.27,120000.0,44.11,Venda Direta Online,,SANTA RITA,PB,Não
8444410662586,"RUA COLIBRI, N. 197, LT 1D2 QD E1",Planalto Santa Rita,"Casa, 63.83 de área total, 63.83 de área privativa, 125.00 de área do terreno,  2 qto(s), a.serv, WC, 1 sala(s), cozinha, Terraco, 1 vaga(s) de garagem.",66509.37,119000.0,44.11,Venda Direta Online,,SANTA RITA,PB,Não
8444414898967,"RUA PROJETADA, N. 389, CS 102 LT 03 QD B",LOT CIDADE VIVA,"Casa, 57.91 de área total, 57.91 de área privativa, 100.00 de área do terreno,  2 qto(s), a.serv, WC, 1 sala(s), cozinha, Terraco, 1 vaga(s) de garagem.",67068.27,120000.0,44.11,Venda Direta Online,,SANTA RITA,PB,Não
8444406942880,"AVENIDA LOURDES TORRES, N. 161-B, LT 17-A1 QD 10",PORTAL DE SANTA RITA,"Casa, 56.10 de área total, 56.10 de área privativa, 125.00 de área do terreno,  2 qto(s), a.serv, WC, 1 sala(s), cozinha, Terraco, 1 vaga(s) de garagem.",76246.82,135000.0,43.53,Venda Direta Online,,SANTA RITA,PB,Não
8444409502333,"RUA PROJETADA, N. 114B, LT 14B QD 7A",LOT EYTEL SANTIAGO,"Casa, 67.23 de área total, 67.23 de área privativa, 125.00 de área do terreno,  2 qto(s), a.serv, WC, 1 sala(s), cozinha, Terraco, 1 vaga(s) de garagem.",71430.27,126471.99,43.53,Venda Direta Online,,SANTA RITA,PB,Não
8444411910958,"RUA MISSIONARIA SIMONI DUARTE DA SILVA, N. 166, CS 02 LT 89 QD 04",PLANO DE VIDA  1,"Casa, 57.02 de área total, 57.02 de área privativa, 100.00 de área do terreno,  2 qto(s), a.serv, WC, 1 sala(s), cozinha, 1 vaga(s) de garagem.",76246.82,135000.0,43.53,Venda Direta Online,,SANTA RITA,PB,Não
8444411771460,"RUA ABDIAS ENEDINO DAS CHAGAS, N. 140, OTE 673 - QUADRA 29",Lot Plano de Vida II,"Casa, 0.00 de área total, 114.00 de área privativa, 0.00 de área do terreno,  2 qto(s), WC, 1 sala(s), cozinha.",88478.1,155000.0,42.92,Venda Online,,SANTA RITA,PB,Não
8444412522781,"RUA CRISTÓVÃO COLOMBO, N. 36-B, LT 64-B QD 5-C",PLANALTO TIBIRI II,"Casa, 60.80 de área total, 60.80 de área privativa, 125.00 de área do terreno,  2 qto(s), a.serv, WC, 1 sala(s), cozinha, Terraco, 1 vaga(s) de garagem.",82769.83,145000.0,42.92,Venda Direta Online,,SANTA RITA,PB,Não
8444400260396,"RUA RAIOS DO SOL, N. 194, CS 102,  QD 08-B",SOL NASCENTE,"Casa, 0.00 de área total, 59.52 de área privativa, 66.66 de área do terreno,  2 qto(s), WC, 1 sala(s), cozinha, Terraco, 1 vaga(s) de garagem.",61499.45,107624.5,42.86,Venda Direta Online,,SANTA RITA,PB,Não
8444401124860,"RUA PROJETADA, N. 220, Apto 103, QD G1 LT 10",LOT PLANALTO S RITA,"Apartamento, 51.88 de área total, 51.88 de área privativa, 0.00 de área do terreno,  2 qto(s), a.serv, WC, 1 sala(s), cozinha, Terraco, 1 vaga(s) de garagem.",59428.31,104000.0,42.86,Venda Direta Online,,SANTA RITA,PB,Não
8444401824366,"RUA MAESTRO PEDRO SANTOS, N. 430, Apto 101, QD 08B LT 07A",Jardim Europa,"Apartamento, 47.20 de área total, 47.20 de área privativa, 0.00 de área do terreno,  2 qto(s), WC, 1 sala(s), cozinha, 1 vaga(s) de garagem.",62856.87,110000.0,42.86,Venda Direta Online,,SANTA RITA,PB,Não
8444410670279,"AVENIDA ANGOLA, N. 231B, LT 26B QD 01A",HEITEL SANTIAGO,"Casa, 0.00 de área total, 67.20 de área privativa, 125.00 de área do terreno,  2 qto(s), a.serv, WC, 1 sala(s), cozinha, Terraco, 1 vaga(s) de garagem.",63428.3,111000.0,42.86,Venda Direta Online,,SANTA RITA,PB,Não
8444412081190,"RUA PROJETADA, N. 40A, LT 18A QD 13",SANTA RITA,"Casa, 53.75 de área total, 53.75 de área privativa, 125.00 de área do terreno,  2 qto(s), a.serv, WC, 1 sala(s), cozinha, Terraco, 1 vaga(s) de garagem.",63428.3,111000.0,42.86,Licitação Aberta,,SANTA RITA,PB,Não
8555514814120,"RUA DEPUTADO CLODOMIRO LEITE, N. 06, Apto 103, LT 13 QD 7",BOA VISTA,"Apartamento, 47.90 de área total, 47.90 de área privativa, 0.00 de área do terreno,  2 qto(s), a.serv, WC, 1 sala(s), cozinha, Terraco, 1 vaga(s) de garagem.",63999.72,112000.0,42.86,Venda Direta Online,,SANTA RITA,PB,Não
8555511428688,"RUA JULIO FRANCISCO DE LIMA, N. 122, CASA 103, LOTE 466-A, QUADRA 20",PORTAL DE TIBIRI,"Casa, 45.00 de área total, 45.00 de área privativa, 400.00 de área do terreno,  2 qto(s), WC, 1 sala(s), cozinha, Terraco, 1 vaga(s) de garagem.",62856.87,110000.0,42.86,Venda Direta Online,,SANTA RITA,PB,Não
8444412329736,"RUA PROJETADA, N. 129, CS B, LT 09, QD 07, LOT PRIVE AEROPORT",PRIVE AEROPORTO,"Casa, 59.33 de área total, 49.95 de área privativa, 199.80 de área do terreno,  2 qto(s), a.serv, WC, 1 sala(s), cozinha, Terraco, 1 vaga(s) de garagem.",61714.02,108000.0,42.86,Venda Direta Online,,SANTA RITA,PB,Não
8444407810260,"RUA JOAO ANTONIO MENDONCA, N. 240A, LT 33A QD 8A",HEITEL SANTIAGO,"Casa, 62.61 de área total, 62.61 de área privativa, 125.00 de área do terreno,  2 qto(s), a.serv, WC, 1 sala(s), cozinha, Terraco.",60571.17,106000.0,42.86,Venda Direta Online,,SANTA RITA,PB,Não
8555511113873,"RUA EDVALDO JORGE LOPES DA SILVA ( ANT RUA PROJETA, N. 110, LT 04 QD 13B",TIBIRI,"Casa, 69.30 de área total, 69.30 de área privativa, 250.00 de área do terreno,  2 qto(s), a.serv, WC, 1 sala(s), cozinha, Terraco.",63428.3,111000.0,42.86,Licitação Aberta,,SANTA RITA,PB,Não
8555529687235,"RUA SEBASTIAO MENDES, N. 29, LT 12A QD 6B",TIBIRI,"Casa, 42.00 de área total, 42.00 de área privativa, 0.00 de área do terreno,  2 qto(s), a.serv, WC, 1 sala(s), cozinha, Terraco, 1 vaga(s) de garagem.",60399.74,105700.0,42.86,Venda Direta Online,,SANTA RITA,PB,Não
8444405475390,"RUA ADAYLME MACIEL FERREIRA, N. 25, LOTE 8 QUADRA I",JARDIM EUROPA,"Casa, 65.61 de área total, 65.61 de área privativa, 125.00 de área do terreno,  2 qto(s), a.serv, WC, 1 sala(s), cozinha, Terraco, 1 vaga(s) de garagem.",59428.31,104000.0,42.86,Licitação Aberta,,SANTA RITA,PB,Não
8444401395368,"RUA PROJETADA, N. 39C, LT 09C QD 11B",Planalto Tibiri I,"Casa, 75.38 de área total, 75.38 de área privativa, 166.75 de área do terreno,  2 qto(s), a.serv, WC, 1 sala(s), cozinha, Terraco.",68214.74,119000.0,42.68,Licitação Aberta,,SANTA RITA,PB,Não
8444404793291,"RUA CONDE D´EU, N. 432 B, LT 20B QD 03A",PLANALTO TIBIRI II,"Casa, 69.68 de área total, 69.68 de área privativa, 180.00 de área do terreno,  2 qto(s), WC, 1 sala(s), cozinha, Terraco.",68825.86,120066.09,42.68,Venda Direta Online,,SANTA RITA,PB,Não
8444406939153,"RUA ORLANDO CAVALCANTI, N. 281B, LT 09B, QD 09C,",PLANALTO TIBIRI II,"Casa, 69.68 de área total, 69.68 de área privativa, 125.00 de área do terreno,  2 qto(s), a.serv, WC, 1 sala(s), cozinha, Terraco, 1 vaga(s) de garagem.",70794.29,123500.0,42.68,Licitação Aberta,,SANTA RITA,PB,Não
8444408254379,"RUA JOÃO DA PENHA DOS SANTOS, N. 196, Apto 04, LOTE 07, QUADRA F",SANTA RITA,"Apartamento, 62.40 de área total, 44.22 de área privativa, 0.00 de área do terreno,  2 qto(s), a.serv, WC, 1 sala(s), cozinha, 1 vaga(s) de garagem.",65348.57,114000.0,42.68,Venda Direta Online,,SANTA RITA,PB,Não
8444408426072,"AVENIDA NOEMIA FERREIRA DA SILVA, N. 21A, 8A28A21 A LOTE 28 A QD 8 A",LOT EYTEL SANTIAGO,"Casa, 68.45 de área total, 68.45 de área privativa, 125.00 de área do terreno,  2 qto(s), a.serv, WC, 1 sala(s), cozinha, Terraco, 1 vaga(s) de garagem.",67068.27,117000.0,42.68,Venda Direta Online,,SANTA RITA,PB,Não
8444408794020,"R NOVA JERUSALEM, N. 317B, LT 17B QD 07",PORTAL DE SANTA RITA,"Casa, 0.00 de área total, 67.97 de área privativa, 125.00 de área do terreno,  2 qto(s), WC, 1 sala(s), cozinha, Terraco.",71080.9,124000.0,42.68,Venda Direta Online,,SANTA RITA,PB,Não
8444411779380,"RUA PROJETADA, N. 416, CS 102 LT B QD 7",Lot Vale Sta Rita I,"Casa, 64.72 de área total, 64.72 de área privativa, 87.75 de área do terreno,  2 qto(s), a.serv, WC, 1 sala(s), cozinha, Terraco.",65348.57,114000.0,42.68,Venda Direta Online,,SANTA RITA,PB,Não
8444411973399,"RUA PROJETADA, N. 154 A, LT 18 A QD 06",Prive Aeroporto,"Casa, 65.01 de área total, 65.01 de área privativa, 180.00 de área do terreno,  2 qto(s), a.serv, WC, WC Emp, 1 sala(s), cozinha, Terraco.",68787.97,120000.0,42.68,Venda Direta Online,,SANTA RITA,PB,Não
8444420607545,"RUA PROJETADA, N. 50, QD 17 - LOTE 6E",Lot Portal Tibiri I,"Casa, 0.00 de área total, 59.05 de área privativa, 140.00 de área do terreno,  2 qto(s), a.serv, WC, 1 sala(s), cozinha, Terraco, 1 vaga(s) de garagem.",65348.57,114000.0,42.68,Venda Direta Online,,SANTA RITA,PB,Não
8555503566490,"RUA HERMENEGILDO GOMES, N. 185-3, LT 10 QD 05",Lot Paraiso Tropical,"Casa, 60.25 de área total, 60.25 de área privativa, 119.98 de área do terreno,  2 qto(s), a.serv, WC, 1 sala(s), cozinha, 1 vaga(s) de garagem.",69361.21,121000.0,42.68,Venda Direta Online,,SANTA RITA,PB,Não
8555518211056,"RUA DR PEDROSA C/RUA MARIA DO CARMO MELO AGUIAR, N. 30, Apto 403, QUADRA U BLOCO 01",LOTEAMENTO NICE,"Apartamento, 53.50 de área total, 53.50 de área privativa, 0.00 de área do terreno,  2 qto(s), a.serv, WC, 1 sala(s), cozinha, 1 vaga(s) de garagem.",68787.97,120000.0,42.68,Licitação Aberta,,SANTA RITA,PB,Não
8444411620330,"RUA PROJETADA, N. 13, Apto 102, LT - 01 DA QD - 02",PORTAL DE TIBIRI,"Apartamento, 110.71 de área total, 60.61 de área privativa, 0.00 de área do terreno,  2 qto(s), varanda, a.serv, WC, 1 sala(s), cozinha, 1 vaga(s) de garagem.",65348.57,114000.0,42.68,Venda Direta Online,,SANTA RITA,PB,Não
8444417810262,"RUA ASCENDINO MONTEIRO DA SILVA, N. 475A, LT 09A QD 27",PORTAL DE TIBIRI,"Casa, 57.54 de área total, 57.54 de área privativa, 150.00 de área do terreno,  2 qto(s), a.serv, WC, 1 sala(s), cozinha, Terraco.",65921.81,115000.0,42.68,Venda Direta Online,,SANTA RITA,PB,Não
8444416171800,"EDNALDO MARQUES DA SILVA, N. 132, QD B LT 27",VALE DAS AGUAS,"Casa, 65.40 de área total, 65.40 de área privativa, 132.00 de área do terreno,  2 qto(s), a.serv, WC, 1 sala(s), cozinha, Terraco, 1 vaga(s) de garagem.",68651.39,119761.73,42.68,Venda Direta Online,,SANTA RITA,PB,Não
8444408144140,"PROJETADA, N. 30, LT 09-A QD 20",PRIVE AEROPORTO,"Casa, 68.00 de área total, 68.00 de área privativa, 125.00 de área do terreno,  2 qto(s), a.serv, WC, 1 sala(s), cozinha.",68787.97,120000.0,42.68,Venda Direta Online,,SANTA RITA,PB,Não
8444410505324,"AVENIDA NOEMIA FERREIRA DA SILVA (ANTIGA RUA PROJE, N. 340B,  LT 34B QD 08A",HEITEL SANTIAGO,"Casa, 66.82 de área total, 66.82 de área privativa, 125.00 de área do terreno,  2 qto(s), a.serv, WC, 1 sala(s), cozinha, Terraco, 1 vaga(s) de garagem.",67068.27,117000.0,42.68,Licitação Aberta,,SANTA RITA,PB,Não
8444405304812,"RUA PROJETADA, N. 172-B,  LOTE 35B QUADRA 09B",TIBIRI,"Casa, 67.23 de área total, 67.23 de área privativa, 125.00 de área do terreno,  2 qto(s), a.serv, WC, 1 sala(s), cozinha, Terraco, 1 vaga(s) de garagem.",68787.97,120000.0,42.68,Licitação Aberta,,SANTA RITA,PB,Não
8444408432161,"RUA PROJETADA, N. 265, QD 01C, LT 51B",TIBIRI,"Casa, 0.00 de área total, 67.00 de área privativa, 125.00 de área do terreno,  2 qto(s), a.serv, WC, 1 sala(s), cozinha, Terraco.",71654.14,125000.0,42.68,Venda Direta Online,,SANTA RITA,PB,Não
8444414870736,"RUA ASA BRANCA, N. 120A, QD 04 LT 12A",TIBIRI,"Casa, 58.60 de área total, 58.60 de área privativa, 150.00 de área do terreno,  2 qto(s), a.serv, WC, 1 sala(s), cozinha, Terraco.",68787.97,120000.0,42.68,Venda Direta Online,,SANTA RITA,PB,Não
8444409593363,"RUA DEPUTADO CLODOMIR LEITE, N. 891, LT 16 QD 17B",JARDIM EUROPA,"Casa, 64.00 de área total, 64.00 de área privativa, 125.00 de área do terreno,  2 qto(s), a.serv, WC, 1 sala(s), cozinha, 1 vaga(s) de garagem.",68787.97,120000.0,42.68,Venda Direta Online,,SANTA RITA,PB,Não
8444412601681,"RUA MARIA DO SOCORRO DA SILVA SOARES, N. 122A, QD T LT 26 A",NAELSON PANTA JUNIOR,"Casa, 66.85 de área total, 66.85 de área privativa, 125.00 de área do terreno,  3 qto(s), a.serv, WC, 1 sala(s), cozinha, Terraco.",69934.44,122000.0,42.68,Venda Direta Online,,SANTA RITA,PB,Não
8444405475064,"RUA PROJETADA, N. 330, LT 10 QD 9 CS 102",SANTA RITA,"Casa, 56.50 de área total, 56.50 de área privativa, 200.00 de área do terreno,  2 qto(s), WC, 1 sala(s), cozinha, Terraco, 1 vaga(s) de garagem.",53839.36,93000.0,42.11,Venda Online,,SANTA RITA,PB,Não
8555519878470,"RUA PEDRO MOUSINHO DA COSTA, N. 12, CS 13 LT 236A QD 07",LOT PLANO DE VIDA,"Casa, 62.00 de área total, 47.50 de área privativa, 100.00 de área do terreno,  2 qto(s), a.serv, WC, 1 sala(s), cozinha, Terraco, 1 vaga(s) de garagem.",57891.78,100000.0,42.11,Venda Direta Online,,SANTA RITA,PB,Não
8444404892362,"RUA PROJETADA, N. 92, QD 05 LT 29 CS 103",VALE DE SANTA RITA,"Casa, 49.17 de área total, 49.17 de área privativa, 82.55 de área do terreno,  2 qto(s), a.serv, WC, 1 sala(s), cozinha, Terraco, 1 vaga(s) de garagem.",56155.03,97000.0,42.11,Venda Direta Online,,SANTA RITA,PB,Não
8444405042737,"RUA PROJETADA, N. 22, CS 102M QD 10, LT A-01",VALE DE SANTA RITA,"Casa, 375.40 de área total, 54.80 de área privativa, 120.00 de área do terreno,  2 qto(s), a.serv, WC, 1 sala(s), cozinha, 1 vaga(s) de garagem.",53839.36,93000.0,42.11,Venda Direta Online,,SANTA RITA,PB,Não
8444408783169,"RUA PROJETADA, N. 33, CS A QD 17",VALE DE SANTA RITA,"Casa, 69.00 de área total, 69.00 de área privativa, 180.00 de área do terreno,  3 qto(s), a.serv, WC, 1 sala(s), cozinha, Terraco.",52102.6,90000.0,42.11,Licitação Aberta,,SANTA RITA,PB,Não
8444406232157,"RUA DIONISIO ALVES DE OLIVEIRA, N. 342, D, 09A25",TIBIRI,"Casa, 51.31 de área total, 51.31 de área privativa, 450.00 de área do terreno,  2 qto(s), a.serv, WC, 1 sala(s), cozinha, 1 vaga(s) de garagem.",55576.11,96000.0,42.11,Venda Direta Online,,SANTA RITA,PB,Não
8444402862903,"RUA SEBASTIAO FERREIRA DOS SANTOS (ANTIGA RUA PROJ, N. 131B, LT 47B QD 03C",Tibiri,"Casa, 60.26 de área total, 60.26 de área privativa, 125.00 de área do terreno,  2 qto(s), WC, 1 sala(s), cozinha, Terraco.",79360.41,137000.0,42.08,Venda Direta Online,,SANTA RITA,PB,Não
8444404879064,"RUA JÚLIO FRANCISCO DE LIMA, N. 73,",COND VITORIA I,"Casa, 56.98 de área total, 56.98 de área privativa, 94.56 de área do terreno,  2 qto(s), a.serv, WC, 1 sala(s), cozinha, Terraco, 1 vaga(s) de garagem.",73567.68,127000.0,42.08,Venda Direta Online,,SANTA RITA,PB,Não
8444406035980,"R. FRANCISCO GUIMARÃES, N. 300, LOTE 27 QUADRA 10C",PLANALTO TIBIRI II,"Casa, 67.28 de área total, 67.28 de área privativa, 125.00 de área do terreno,  2 qto(s), a.serv, WC, 1 sala(s), cozinha, Terraco.",73567.68,127000.0,42.08,Licitação Aberta,,SANTA RITA,PB,Não
8444406085570,"RUA PROJETADA, N. 10A, LT 02A QD 07B",Planalto Tibiri I,"Casa, 63.94 de área total, 63.94 de área privativa, 125.55 de área do terreno,  2 qto(s), a.serv, WC, 1 sala(s), cozinha, Terraco.",74726.23,129000.0,42.08,Venda Direta Online,,SANTA RITA,PB,Não
8444407036629,"RUA POLICARPO QUARESMA, N. 611, 01, 2411",COND HAB MULTIFAMILI,"Casa, 55.06 de área total, 55.06 de área privativa, 100.00 de área do terreno,  2 qto(s), a.serv, WC, 1 sala(s), cozinha, Terraco, 1 vaga(s) de garagem.",74494.52,128600.0,42.08,Venda Direta Online,,SANTA RITA,PB,Não
8444409833879,"RUA PROJETADA, N. 92, 92B, LOTEAMENTO VALE DE SANTA RITA I",VALE DE SANTA RITA I,"Casa, 69.95 de área total, 69.95 de área privativa, 180.00 de área do terreno,  2 qto(s), a.serv, WC, 1 sala(s), cozinha, Terraco, 1 vaga(s) de garagem.",77622.6,134000.0,42.08,Venda Direta Online,,SANTA RITA,PB,Não
8444410509079,"RUA MARIA ROSA, N. 60B, QUADRA 01 LOTE 06",SANTA RITA,"Casa, 69.97 de área total, 69.97 de área privativa, 125.00 de área do terreno,  2 qto(s), a.serv, WC, 1 sala(s), cozinha, Terraco, 1 vaga(s) de garagem.",74664.77,128893.91,42.08,Licitação Aberta,,SANTA RITA,PB,Não
8444410510000,"RUA SEBASTIÃO FERREIRA DOS SANTOS, N. 331A, LT 63-A, QD 03-C",LOT SOLAR DO TIBIRI,"Casa, 62.06 de área total, 62.06 de área privativa, 125.00 de área do terreno,  2 qto(s), a.serv, WC, 1 sala(s), cozinha, Terraco, 1 vaga(s) de garagem.",73200.66,126366.4,42.08,Venda Direta Online,,SANTA RITA,PB,Não
8444411327039,"RUA MISSIONÁRIA SIMONI DUARTE DA SILVA, N. 115, CS 101",PLANO DE VIDA,"Casa, 81.45 de área total, 63.20 de área privativa, 100.00 de área do terreno,  2 qto(s), a.serv, WC, 1 sala(s), cozinha, Terraco.",75884.78,131000.0,42.08,Venda Direta Online,,SANTA RITA,PB,Não
8444413096409,"RUA PROJETADA, N. 320, CS 02",VALE DE SANTA RITA I,"Casa, 0.00 de área total, 70.00 de área privativa, 360.00 de área do terreno,  3 qto(s), WC, 1 sala(s), cozinha, 1 vaga(s) de garagem.",73567.68,127000.0,42.08,Licitação Aberta,,SANTA RITA,PB,Não
8444417422645,"RUA PROJETADA, N. 37, LT 544 QD 25",LOT PLANO DE VIDA,"Casa, 97.47 de área total, 56.94 de área privativa, 100.00 de área do terreno,  2 qto(s), a.serv, WC, 1 sala(s), cozinha, Terraco, 1 vaga(s) de garagem.",78781.14,136000.0,42.08,Licitação Aberta,,SANTA RITA,PB,Não
8444425926665,"RUA PROJETADA, N. 229, LT 41, QD A03,",EITEL SANTIAGO,"Casa, 62.00 de área total, 62.00 de área privativa, 250.00 de área do terreno,  2 qto(s), a.serv, WC, 1 sala(s), cozinha, Terraco, 1 vaga(s) de garagem.",79360.41,137000.0,42.08,Licitação Aberta,,SANTA RITA,PB,Não
8444426687338,"RUA PROJETADA, N. 42, CS 02 QD 36 LT 08",LOT JARDIM MIRITANIA,"Casa, 0.00 de área total, 56.75 de área privativa, 200.00 de área do terreno,  2 qto(s), WC, 1 sala(s), cozinha, 1 vaga(s) de garagem.",73567.68,127000.0,42.08,Licitação Aberta,,SANTA RITA,PB,Não
8555513715129,"RUA PROJETADA, N. 392A, LT 16B QD 2C",SOLAR TIBIRI,"Casa, 61.00 de área total, 61.00 de área privativa, 125.00 de área do terreno,  2 qto(s), a.serv, WC, 1 sala(s), cozinha, Terraco.",79360.41,137000.0,42.08,Licitação Aberta,,SANTA RITA,PB,Não
8555515799893,"RUA PROJETADA, N. SN, LT 33-B QD 17 B",LT PLANALTO TIBIRI I,"Casa, 69.40 de área total, 69.40 de área privativa, 150.00 de área do terreno,  3 qto(s), a.serv, WC, 1 sala(s), cozinha, Terraco.",74146.96,128000.0,42.08,Licitação Aberta,,SANTA RITA,PB,Não
8555516032375,"RUA CAPITÃO TOMAZ PANTA, N. 82, LT 16 QD 24",BOA VISTA,"Casa, 62.57 de área total, 55.69 de área privativa, 300.00 de área do terreno,  2 qto(s), WC, 1 sala(s), cozinha, Terraco, 1 vaga(s) de garagem.",78201.87,135000.0,42.08,Venda Online,,SANTA RITA,PB,Não
8444418962562,"PRACA ANTENOR NAVARRO, N. 402, Apto 101, LOT PLANO DE VIDA 1 PV TERREO",CENTRO,"Apartamento, 83.99 de área total, 52.96 de área privativa, 0.00 de área do terreno,  2 qto(s), a.serv, WC, 1 sala(s), cozinha, Terraco, 1 vaga(s) de garagem.",79360.41,137000.0,42.08,Venda Direta Online,,SANTA RITA,PB,Não
8444412190940,"RUA SOLON DE LUCENA, N. 197, QD 13 LT 508 UN3",POPULAR,"Casa, 64.96 de área total, 64.96 de área privativa, 230.00 de área do terreno,  2 qto(s), a.serv, WC, 1 sala(s), cozinha, Terraco, 1 vaga(s) de garagem.",75884.78,131000.0,42.08,Venda Direta Online,,SANTA RITA,PB,Não
8555535498740,"RUA MANOEL ALVES DA SILVA, N. 29, CS 29 QD I LT 12",DISTRITO DE VARZEA NOVA,"Casa, 52.31 de área total, 52.31 de área privativa, 108.31 de área do terreno,  2 qto(s), WC, 1 sala(s), cozinha, Terraco, 1 vaga(s) de garagem.",73857.32,127500.0,42.08,Venda Direta Online,,SANTA RITA,PB,Não
8444408788160,"AV. JESUS DE NAZARÉ (ANTIGA R. PROJETADA), N. 20B, QD 10 LT 46B",MARCOS MOURA,"Casa, 69.25 de área total, 69.25 de área privativa, 130.00 de área do terreno,  2 qto(s), a.serv, WC, 1 sala(s), cozinha, Terraco.",75305.5,130000.0,42.08,Venda Direta Online,,SANTA RITA,PB,Não
8444411423240,"RUA PROJETADA, N. 61, Apto 102, LT 26 QD 20",MARCOS MOURA,"Apartamento, 119.50 de área total, 70.50 de área privativa, 0.00 de área do terreno,  3 qto(s), a.serv, WC, 1 sala(s), cozinha, 1 vaga(s) de garagem.",79939.69,138000.0,42.08,Venda Direta Online,,SANTA RITA,PB,Não
8444412354404,"RUA MANOEL ALVES DA COSTA, N. 116, Apto 02, LT 151 QD 05",VALE DAS AGUAS,"Apartamento, 52.61 de área total, 46.10 de área privativa, 0.00 de área do terreno,  2 qto(s), a.serv, WC, 1 sala(s), cozinha, 1 vaga(s) de garagem.",72988.41,126000.0,42.08,Venda Direta Online,,SANTA RITA,PB,Não
8444410184013,"RUA PROJETADA, N. 25, QD 10, LOT 48-B",PRIVE AEROPORTO,"Casa, 62.80 de área total, 62.80 de área privativa, 125.50 de área do terreno,  2 qto(s), a.serv, WC, 1 sala(s), cozinha, Terraco.",73419.29,126743.83,42.08,Venda Direta Online,,SANTA RITA,PB,Não
8444410543900,"RUA PROJETADA, N. 23, LT 48-C QD 10",PRIVE AEROPORTO,"Casa, 68.70 de área total, 68.70 de área privativa, 133.00 de área do terreno,  2 qto(s), a.serv, WC, 1 sala(s), cozinha, Terraco.",74377.04,128397.19,42.08,Venda Direta Online,,SANTA RITA,PB,Não
8444401598315,"RUA PROJETADA, N. 44, CASA 101",HEITEL SANTIAGO,"Casa, 52.67 de área total, 52.67 de área privativa, 350.00 de área do terreno,  2 qto(s), a.serv, WC, 1 sala(s), cozinha, Terraco, 1 vaga(s) de garagem.",77622.6,134000.0,42.08,Licitação Aberta,,SANTA RITA,PB,Não
8444404227490,"RUA TELENÓFILO HONÓRIO(ANT RUA PROJETADA), N. 502A, 13-A5, QD 4-B",TIBIRI,"Casa, 0.00 de área total, 69.30 de área privativa, 150.00 de área do terreno,  2 qto(s), a.serv, WC, 1 sala(s), cozinha, Terraco.",75305.5,130000.0,42.08,Licitação Aberta,,SANTA RITA,PB,Não
8444405978937,"RUA CRISTOVAO COLOMBO, N. 71A, LT 14A, QD 5C,",TIBIRI,"Casa, 67.23 de área total, 67.23 de área privativa, 125.00 de área do terreno,  2 qto(s), a.serv, WC, 1 sala(s), cozinha, Terraco, 1 vaga(s) de garagem.",76464.05,132000.0,42.08,Licitação Aberta,,SANTA RITA,PB,Não
8444409219224,"RUA SEBASTIAO FERREIRA DOS SANTOS, N. 171, CS 1, LT 35, QD 03-B",TIBIRI,"Casa, 47.50 de área total, 47.50 de área privativa, 142.50 de área do terreno,  2 qto(s), a.serv, WC, 1 sala(s), cozinha, Terraco, 1 vaga(s) de garagem.",75305.5,130000.0,42.08,Venda Direta Online,,SANTA RITA,PB,Não
8444410546160,"RUA DEMOCRITO DE SOUSA FILHO, N. 24A, QD 15C",TIBIRI,"Casa, 66.26 de área total, 66.26 de área privativa, 125.00 de área do terreno,  2 qto(s), a.serv, WC, 1 sala(s), cozinha, Terraco.",73907.98,127587.45,42.08,Licitação Aberta,,SANTA RITA,PB,Não
8444415825777,"RUA DEPUTADO SOARES MADRUGA, N. 212, Apto 101, LT 44 QD 14",TIBIRI,"Apartamento, 71.91 de área total, 52.70 de área privativa, 0.00 de área do terreno,  2 qto(s), a.serv, WC, 1 sala(s), cozinha.",79939.69,138000.0,42.08,Venda Direta Online,,SANTA RITA,PB,Não
8555510865782,"RUA EUZEBIO ENEDINIO DA COSTA, N. 122, CS103, LT 24, QD 24",Planalto Santa Rita,"Casa, 45.86 de área total, 45.86 de área privativa, 82.30 de área do terreno,  2 qto(s), a.serv, WC, 1 sala(s), cozinha, Terraco, 1 vaga(s) de garagem.",45311.03,78000.0,41.91,Licitação Aberta,,SANTA RITA,PB,Não
8444403854416,"RUA DEPUTADO ANTONIO AVILA LINS, N. 110, LT 07B QD 03B",TIBIRI,"Casa, 0.00 de área total, 69.87 de área privativa, 150.00 de área do terreno,  2 qto(s), WC, 1 sala(s), cozinha, Terraco.",34854.64,60000.0,41.91,Licitação Aberta,,SANTA RITA,PB,Não
8444402397259,"RUA PROJETADA, N. 129A, 2-C32-A",SANTA RITA,"Casa, 65.46 de área total, 65.46 de área privativa, 125.00 de área do terreno,  2 qto(s), WC, 1 sala(s), cozinha, Terraco.",83135.75,142000.0,41.46,Venda Direta Online,,SANTA RITA,PB,Não
8444405232226,"RUA PROJETADA, N. 120, LT 35-A3 QD 05C",SANTA RITA,"Casa, 62.99 de área total, 62.99 de área privativa, 125.00 de área do terreno,  2 qto(s), a.serv, WC, 1 sala(s), cozinha, Terraco.",83135.75,142000.0,41.46,Venda Direta Online,,SANTA RITA,PB,Não
8444406610925,"RUA PROJETADA, N. 8-A, QUADRA 3-B",PLANALTO TIBIIR II,"Casa, 69.98 de área total, 69.98 de área privativa, 150.00 de área do terreno,  2 qto(s), a.serv, WC, 1 sala(s), cozinha, Terraco, 1 vaga(s) de garagem.",84892.14,145000.0,41.46,Venda Online,,SANTA RITA,PB,Não
8444406664286,"RUA PROJETADA, N. 343, QD 04 LT A-1E",Lot Vale Sta Rita I,"Casa, 69.68 de área total, 62.00 de área privativa, 151.58 de área do terreno,  2 qto(s), a.serv, WC, 1 sala(s), cozinha, Terraco.",87233.99,149000.0,41.46,Venda Direta Online,,SANTA RITA,PB,Não
8444407200089,"RUA PROJETADA, N. 63, LT 10A1 QD 02",Várzea Nova,"Casa, 68.25 de área total, 68.25 de área privativa, 135.00 de área do terreno,  3 qto(s), a.serv, WC, 1 sala(s), cozinha, Terraco.",85477.6,146000.0,41.46,Venda Direta Online,,SANTA RITA,PB,Não
8444407317008,"RUA PROJETADA, N. 142, LT 29-A34 QD 09",Várzea Nova,"Casa, 69.68 de área total, 54.42 de área privativa, 125.20 de área do terreno,  2 qto(s), a.serv, WC, 1 sala(s), cozinha, Terraco.",81964.82,140000.0,41.46,Licitação Aberta,,SANTA RITA,PB,Não
8444407549979,"PROJETADA 402B, N. 402, LT 09C QD 34B",LOT SOL NASCENTE,"Casa, 63.93 de área total, 63.93 de área privativa, 125.00 de área do terreno,  2 qto(s), a.serv, WC, 1 sala(s), cozinha, Terraco.",87233.99,149000.0,41.46,Venda Direta Online,,SANTA RITA,PB,Não
8444408423774,"RUA PROJETADA, N. 66, LT 06H QD 04",LT VALE STA RITA I,"Casa, 61.00 de área total, 61.00 de área privativa, 153.60 de área do terreno,  2 qto(s), a.serv, WC, 1 sala(s), cozinha, Terraco, 1 vaga(s) de garagem.",84905.34,145022.55,41.46,Venda Direta Online,,SANTA RITA,PB,Não
8444408961989,"RUA FRANCISCO GUIMARAES, N. 230B, LT 15 QD 10C",PLANALTO TIBIRI II,"Casa, 68.00 de área total, 68.00 de área privativa, 125.00 de área do terreno,  2 qto(s), a.serv, WC, 1 sala(s), cozinha, Terraco, 1 vaga(s) de garagem.",83135.75,142000.0,41.46,Licitação Aberta,,SANTA RITA,PB,Não
8444417154551,"RUA MARIA IVONETE MARINHO DE ANDRADE, N. 111 A,",EITEL SANTIAGO,"Casa, 62.00 de área total, 62.00 de área privativa, 125.00 de área do terreno,  2 qto(s), a.serv, WC, 1 sala(s), cozinha, Terraco, 1 vaga(s) de garagem.",87819.45,150000.0,41.46,Venda Direta Online,,SANTA RITA,PB,Não
8555536377289,"AVENIDA CONDE, N. 416, Apto 101, LT 23 QD 01A",PLANALTO TIRIBI I,"Apartamento, 108.26 de área total, 56.86 de área privativa, 0.00 de área do terreno,  2 qto(s), varanda, a.serv, WC, 1 sala(s), cozinha.",90746.77,155000.0,41.46,Venda Direta Online,,SANTA RITA,PB,Não
8444411547101,"RUA PROJETADA, N. 255-B, 10-C02-BLOTEAMENTO SOL NASCENTE",DISTRITO DE VARZEA NOVA,"Casa, 65.02 de área total, 65.02 de área privativa, 150.00 de área do terreno,  2 qto(s), a.serv, WC, 1 sala(s), cozinha, Terraco, 1 vaga(s) de garagem.",81964.82,140000.0,41.46,Venda Online,,SANTA RITA,PB,Não
8444407035657,"RUA PROJETADA, N. 373, LOTE A -01H, QUADRA 04",ACUDE,"Casa, 62.00 de área total, 62.00 de área privativa, 151.58 de área do terreno,  2 qto(s), a.serv, WC, 1 sala(s), cozinha.",90161.3,154000.0,41.46,Venda Direta Online,,SANTA RITA,PB,Não
8444413020550,"RUA PROJETADA, N. 170B, QUADRA 5",PRIVE AEROPORTO,"Casa, 82.21 de área total, 49.16 de área privativa, 360.00 de área do terreno,  2 qto(s), a.serv, WC, 1 sala(s), cozinha, Terraco, 1 vaga(s) de garagem.",82550.28,141000.0,41.46,Venda Direta Online,,SANTA RITA,PB,Não
8444418265101,"RUA PROJETADA, N. 159A, LT 34A QD A03",HEITEL SANTIAGO,"Casa, 64.20 de área total, 64.20 de área privativa, 125.00 de área do terreno,  2 qto(s), WC, 1 sala(s), cozinha, Terraco, 1 vaga(s) de garagem.",81613.54,139400.0,41.46,Venda Direta Online,,SANTA RITA,PB,Não
8444406743895,"RUA MARIA HELENA ALVES, N. 425A, QD 5C LT 13B",TIBIRI,"Casa, 63.36 de área total, 62.00 de área privativa, 125.00 de área do terreno,  2 qto(s), a.serv, WC, 1 sala(s), cozinha, Terraco, 1 vaga(s) de garagem.",87233.99,149000.0,41.46,Venda Direta Online,,SANTA RITA,PB,Não
8444407767178,"RUA MARIA LOPES DA SILVA, N. 233A, QD 1C LT 46-A",TIBIRI,"Casa, 67.20 de área total, 67.20 de área privativa, 125.00 de área do terreno,  2 qto(s), a.serv, WC, 1 sala(s), cozinha, Terraco, 1 vaga(s) de garagem.",81964.82,140000.0,41.46,Venda Direta Online,,SANTA RITA,PB,Não
8555514902780,"PADRE ROMA, N. 391, LT 33A QD 23",TIBIRI,"Casa, 64.86 de área total, 64.86 de área privativa, 150.00 de área do terreno,  2 qto(s), a.serv, WC, 1 sala(s), cozinha, Terraco.",82550.28,141000.0,41.46,Licitação Aberta,,SANTA RITA,PB,Não
8555519677270,"RUA PROJETADA VL-15, N. SN, LT 32A QD 16B",TIBIRI,"Casa, 65.03 de área total, 65.03 de área privativa, 150.00 de área do terreno,  2 qto(s), WC, 1 sala(s), cozinha, Terraco.",84892.14,145000.0,41.46,Venda Direta Online,,SANTA RITA,PB,Não
8444403478376,"RUA MARIA ALVES GONCALVES DE LIMA, N. 219, LT 09-B, QD 03-B,",LOT SOL NASCENTE,"Casa, 69.94 de área total, 69.94 de área privativa, 150.00 de área do terreno,  3 qto(s), a.serv, WC, 1 sala(s), cozinha, Terraco, 1 vaga(s) de garagem.",97778.11,165000.0,40.75,Venda Direta Online,,SANTA RITA,PB,Não
8444406263850,"RUA PEDRO P. MAIA SOBRINHO, N. 100, Apto 102, LT 23 QD R",LOT PLANALTO S RITA,"Apartamento, 97.55 de área total, 55.25 de área privativa, 0.00 de área do terreno,  2 qto(s), a.serv, WC, 1 sala(s), cozinha, 1 vaga(s) de garagem.",93037.35,157000.0,40.75,Venda Direta Online,,SANTA RITA,PB,Não
8444413169368,"RUA JULIA FELIX DE CASTRO, N. 121A,  LT 26A QD 6A",Eytel Santiago,"Casa, 68.09 de área total, 68.09 de área privativa, 125.00 de área do terreno,  2 qto(s), a.serv, WC, 1 sala(s), cozinha, Terraco, 1 vaga(s) de garagem.",95111.43,160500.0,40.75,Venda Direta Online,,SANTA RITA,PB,Não
8444426587015,"RUA CAPITAO VITURINO CARNEIRO DA CUNHA, N. 410, LT 10, QD 1-C, LOT PLANALTO TIBIRI II",PLANALTO TIBIRI II,"Casa, 65.00 de área total, 65.00 de área privativa, 125.00 de área do terreno,  2 qto(s), WC, 1 sala(s), cozinha, Terraco.",94815.14,160000.0,40.75,Venda Online,,SANTA RITA,PB,Não
8444403457328,"RUA RODOLFO BASTOS DA SILVA, N. 63A, QD 02 LT 06A",PORTAL DE TIBIRI,"Casa, 63.00 de área total, 63.00 de área privativa, 125.00 de área do terreno,  2 qto(s), a.serv, WC, 1 sala(s), cozinha, Terraco.",97778.11,165000.0,40.75,Venda Direta Online,,SANTA RITA,PB,Não
8444428176527,"RUA JOSE AMERICO TAVARES, N. 91, CS A , QD 22, LT 484 LOT PLANO DE VIDA",PORTAL DE TIBIRI,"Casa, 0.00 de área total, 67.50 de área privativa, 230.00 de área do terreno,  2 qto(s), a.serv, 1 sala(s), cozinha, Terraco, 1 vaga(s) de garagem.",92444.76,156000.0,40.75,Licitação Aberta,,SANTA RITA,PB,Não
8555517729833,"RUA MANUEL ALVES DAS COSTA, N. 183, CS 102 QD 06 LT 161",PORTAL DE TIBIRI,"Casa, 67.41 de área total, 67.41 de área privativa, 200.00 de área do terreno,  2 qto(s), a.serv, WC, 1 sala(s), cozinha, Terraco, 1 vaga(s) de garagem.",97778.11,165000.0,40.75,Venda Direta Online,,SANTA RITA,PB,Não
8444408815303,"RUA PROJETADA, N. 361, LT A-19, QD 04",VALE DE SANTA RITA,"Casa, 62.00 de área total, 62.00 de área privativa, 151.58 de área do terreno,  2 qto(s), a.serv, WC, 1 sala(s), cozinha, Terraco, 1 vaga(s) de garagem.",94815.14,160000.0,40.75,Venda Direta Online,,SANTA RITA,PB,Não
8444413401350,"RUA PROJETADA, N. 50, QD 07",VALE DE SANTA RITA,"Casa, 69.68 de área total, 69.68 de área privativa, 150.00 de área do terreno,  2 qto(s), a.serv, WC, 2 sala(s), cozinha, Terraco, 1 vaga(s) de garagem.",93037.35,157000.0,40.75,Venda Direta Online,,SANTA RITA,PB,Não
8444408401576,"RUA PROJETADA, N. 21A, LT 04A QD 11",PRIVE AEROPORTO,"Casa, 67.73 de área total, 67.73 de área privativa, 145.00 de área do terreno,  2 qto(s), a.serv, WC, 1 sala(s), cozinha, Terraco.",96592.92,163000.0,40.75,Venda Direta Online,,SANTA RITA,PB,Não
8444400188270,"RUA MAESTRO PEDRO DOS SANTOS, N. 440, CS B LT Z-1 QD 11-B",JARDIM EUROPA,"Casa, 61.26 de área total, 61.26 de área privativa, 125.00 de área do terreno,  2 qto(s), a.serv, WC, 1 sala(s), cozinha, Terraco, 1 vaga(s) de garagem.",100741.08,170000.0,40.75,Venda Direta Online,,SANTA RITA,PB,Não
8444401541658,"RUA CLODOMIRO LEITE, N. 06, Apto 204, LT 13 QD 07",BOA VISTA,"Apartamento, 47.90 de área total, 47.90 de área privativa, 0.00 de área do terreno,  2 qto(s), a.serv, WC, 1 sala(s), cozinha, Terraco, 1 vaga(s) de garagem.",65607.95,110000.0,40.36,Venda Direta Online,,SANTA RITA,PB,Não
8444405348704,"RUA DEMOCRITO DE SOUZA FILHO, N. 238A, LT 08A QD 07C",PLANALTO TIBIRI II,"Casa, 0.00 de área total, 67.19 de área privativa, 125.00 de área do terreno,  2 qto(s), a.serv, WC, 1 sala(s), cozinha, Terraco.",63222.21,106000.0,40.36,Venda Direta Online,,SANTA RITA,PB,Não
8444405282908,"RUA RODOLFO BASTOS DA SILVA, N. 92B, LOT PORTAL DO TIBIRI II QD 01",TIBIRI,"Casa, 63.49 de área total, 63.49 de área privativa, 125.00 de área do terreno,  2 qto(s), a.serv, WC, 1 sala(s), cozinha, Terraco, 1 vaga(s) de garagem.",65607.95,110000.0,40.36,Venda Direta Online,,SANTA RITA,PB,Não
10302839,"RUA SEVERINO LUCAS DE FARIAS, N. 00, QD 15-B, LT 06",TIBIRI,"Terreno, 0.00 de área total, 0.00 de área privativa, 250.00 de área do terreno.",70592.66,118000.0,40.18,Licitação Aberta,,SANTA RITA,PB,Não
8444408589265,"RUA ADELITA LUZIA DA SILVA, N. 81, CS 1",PLANO DE VIDA,"Casa, 51.56 de área total, 51.56 de área privativa, 100.00 de área do terreno,  2 qto(s), a.serv, WC, 1 sala(s), cozinha, Terraco.",80973.91,134000.0,39.58,Venda Direta Online,,SANTA RITA,PB,Não
8444411022130,"R DEMOCRITO DE SOUZA FILHO, N. 193-A, LT 09-A, QD 14-C",Lot Plan Tibiri II,"Casa, 69.76 de área total, 69.76 de área privativa, 125.00 de área do terreno,  2 qto(s), a.serv, WC, 1 sala(s), cozinha, Terraco, 1 vaga(s) de garagem.",82182.47,136000.0,39.58,Venda Direta Online,,SANTA RITA,PB,Não
8444423981758,"RUA CAPITÃO TOMAZ PANDA E SILVA, N. 12, Apto 101, PAV TERREO",Lot Boa Vista,"Apartamento, 72.80 de área total, 72.80 de área privativa, 0.00 de área do terreno,  3 qto(s), a.serv, WC, 1 sala(s), cozinha, 1 vaga(s) de garagem.",76743.93,127000.0,39.58,Venda Direta Online,,SANTA RITA,PB,Não
10302837,"RUA SEVERINO LUCAS DE FARIAS, N. 00, QD 15-B, LT 24",TIBIRI,"Terreno, 0.00 de área total, 0.00 de área privativa, 250.00 de área do terreno.",34537.46,57000.0,39.41,Licitação Aberta,,SANTA RITA,PB,Não
10302838,"RUA SEVERINO LUCAS DE FARIAS, N. 00, QD 15-B, LT 08",TIBIRI,"Terreno, 0.00 de área total, 0.00 de área privativa, 250.00 de área do terreno.",34537.46,57000.0,39.41,Licitação Aberta,,SANTA RITA,PB,Não
10302840,"RUA SEVERINO LUCAS DE FARIAS, N. 00, QD 15-B, LT 22",TIBIRI,"Terreno, 0.00 de área total, 0.00 de área privativa, 250.00 de área do terreno.",34537.46,57000.0,39.41,Licitação Aberta,,SANTA RITA,PB,Não
10302841,"RUA SEVERINO LUCAS DE FARIAS, N. 00, QD 15-B, LT 04",TIBIRI,"Terreno, 0.00 de área total, 0.00 de área privativa, 250.00 de área do terreno.",34537.46,57000.0,39.41,Licitação Aberta,,SANTA RITA,PB,Não
8444406732583,"RUA POLICARPO QUARESMA, N. 473-C, LOTE 37-A3, QUADRA 24",PORTAL DE TIBIRI,"Casa, 0.00 de área total, 68.60 de área privativa, 133.60 de área do terreno,  3 qto(s), WC, 1 sala(s), cozinha, Terraco.",67068.27,110000.0,39.03,Venda Direta Online,,SANTA RITA,PB,Não
1444407110634,"RUA MALTA, N. 175, LT 18 QD 59",Tibiri II,"Casa, 0.00 de área total, 0.01 de área privativa, 200.00 de área do terreno,  1 qto(s), WC, 1 sala(s), cozinha.",159328.58,250000.0,36.27,Venda Direta Online,,SANTA RITA,PB,Não
10302836,"RUA SEVERINO LUCAS DE FARIAS, N. 00, QD 15-B, LT 14",TIBIRI,"Comercial, 0.00 de área total, 122.00 de área privativa, 250.00 de área do terreno.",152955.43,240000.0,36.27,Licitação Aberta,,SANTA RITA,PB,Não
8444401008631,"RUA CLEANTO LEITE, N. 86A, LT 30A QD 1B",SOLAR DO TIRIBI,"Casa, 75.00 de área total, 75.00 de área privativa, 150.00 de área do terreno,  2 qto(s), a.serv, WC, 1 sala(s), cozinha, Terraco.",126000.0,126000.0,0.0,Leilão SFI - Edital Único,,SANTA RITA,PB,Não
8444404115811,"RUA PROJETADA, N. 81-A,",Eytel Santiago,"Casa, 62.00 de área total, 62.00 de área privativa, 125.00 de área do terreno,  2 qto(s), WC, 1 sala(s), cozinha, Terraco.",100000.0,100000.0,0.0,Leilão SFI - Edital Único,,SANTA RITA,PB,Não
8444405158468,"RUA SEBASTIANA FRANCISCA DA CRUZ, N. 82B, CASA B, LT 192 - QD 06",PLANO DE VIDA  1,"Casa, 0.00 de área total, 68.77 de área privativa, 159.15 de área do terreno,  2 qto(s), a.serv, WC, 1 sala(s), cozinha, Terraco, 1 vaga(s) de garagem.",125000.0,125000.0,0.0,Leilão SFI - Edital Único,,SANTA RITA,PB,Não
8444407522876,"RUA MARIA LOPES DA SILVA, N. 223B, LT 44B, QD 1-C",LOT SOLAR DO TIBIRI,"Casa, 0.00 de área total, 67.20 de área privativa, 125.00 de área do terreno,  2 qto(s), a.serv, WC, 1 sala(s), cozinha, Terraco, 1 vaga(s) de garagem.",127000.0,127000.0,0.0,Leilão SFI - Edital Único,,SANTA RITA,PB,Não
8444408817071,"RUA PROJETADA, N. 122-A, LT 02A QD 27",Jardim Europa II,"Casa, 60.00 de área total, 60.00 de área privativa, 134.94 de área do terreno,  3 qto(s), a.serv, WC, 1 sala(s), cozinha.",145000.0,145000.0,0.0,Leilão SFI - Edital Único,,SANTA RITA,PB,Não
8444412865689,"RUA PROJETADA, N. 26, LT 939, QD 40, CASA 101",PLANO DE VIDA III,"Casa, 0.00 de área total, 71.44 de área privativa, 120.00 de área do terreno,  2 qto(s), a.serv, WC, 1 sala(s), cozinha, Terraco.",160000.0,160000.0,0.0,Leilão SFI - Edital Único,,SANTA RITA,PB,Não
8555509075102,"RUA MARIA MARQUES DA SILVA ANTIGA RUA PROJETADA, N. 150, BL F QD 45",LOT JARDIM MIRITANIA,"Casa, 52.94 de área total, 52.94 de área privativa, 130.65 de área do terreno,  2 qto(s), a.serv, WC, 1 sala(s), cozinha, Terraco, 1 vaga(s) de garagem.",114500.0,114500.0,0.0,Leilão SFI - Edital Único,,SANTA RITA,PB,Não
8555526766851,"RUA MARIA MARQUES DA SILVA, N. 150, CS 06 QD 45 BL E",JARDIM MIRITANIA,"Casa, 52.94 de área total, 55.00 de área privativa, 101.75 de área do terreno,  2 qto(s), a.serv, WC, 1 sala(s), cozinha, Terraco, 1 vaga(s) de garagem.",100000.0,100000.0,0.0,Leilão SFI - Edital Único,,SANTA RITA,PB,Não
8444403415099,"RUA VISCONDE DE MAUÁ, N. 614, LT 12-A, QD 27",PORTAL DE TIBIRI,"Casa, 0.00 de área total, 58.44 de área privativa, 150.00 de área do terreno,  2 qto(s), a.serv, WC, 1 sala(s), cozinha.",148000.0,148000.0,0.0,Leilão SFI - Edital Único,,SANTA RITA,PB,Não
8444408481340,"RUA PROJETADA, N. 319 A, 319A  082F",PORTAL DE TIBIRI,"Casa, 69.81 de área total, 69.81 de área privativa, 133.40 de área do terreno,  3 qto(s), a.serv, WC, 1 sala(s), cozinha, Terraco.",130000.0,130000.0,0.0,Leilão SFI - Edital Único,,SANTA RITA,PB,Não
8444409416305,"RUA JULIO FRANCISCO DE LIMA, N. 114, LT 450A QD 20",PORTAL DE TIBIRI,"Casa, 66.56 de área total, 66.56 de área privativa, 125.00 de área do terreno,  2 qto(s), a.serv, WC, 1 sala(s), cozinha, Terraco, 1 vaga(s) de garagem.",141000.0,141000.0,0.0,Leilão SFI - Edital Único,,SANTA RITA,PB,Não
8555505672084,"RUA MANOEL ALVES DE OLIVEIRA, N. 355-A, LT 35, QD 2-B",PORTAL DE TIBIRI,"Casa, 0.00 de área total, 58.65 de área privativa, 150.00 de área do terreno,  2 qto(s), a.serv, WC, 1 sala(s), cozinha, Terraco, 2 vaga(s) de garagem.",80000.0,80000.0,0.0,Leilão SFI - Edital Único,,SANTA RITA,PB,Não
8555518549758,"R SEBASTIANA FRANCISCA DA CRUZ, N. 12, CS 02  QD 06 LT 190 LOT PLANO E VIDA",PORTAL DE TIBIRI,"Casa, 0.00 de área total, 40.20 de área privativa, 100.00 de área do terreno,  2 qto(s), a.serv, WC, 1 sala(s), cozinha, Terraco, 1 vaga(s) de garagem.",82000.0,82000.0,0.0,Leilão SFI - Edital Único,,SANTA RITA,PB,Não
8444404889132,"RUA PROJETADA, N. 22, CS 105  QD 10 LT A01",VALE DE SANTA RITA,"Casa, 52.50 de área total, 52.50 de área privativa, 120.00 de área do terreno,  2 qto(s), a.serv, WC, 1 sala(s), cozinha, 1 vaga(s) de garagem.",110000.0,110000.0,0.0,Leilão SFI - Edital Único,,SANTA RITA,PB,Não
8444408707926,"RUA PROJETADA, N. 383, LT A-1 L , QD 04",VALE DE SANTA RITA,"Casa, 0.00 de área total, 62.00 de área privativa, 151.50 de área do terreno,  2 qto(s), a.serv, WC, 1 sala(s), cozinha, Terraco.",150000.0,150000.0,0.0,Leilão SFI - Edital Único,,SANTA RITA,PB,Não
8444407644505,"RUA JOAO ANTONIO MENDONCA, N. 240B, LT 33B QD 8A",HEITEL SANTIAGO,"Casa, 62.61 de área total, 62.61 de área privativa, 125.00 de área do terreno,  2 qto(s), a.serv, WC, 1 sala(s), cozinha, Terraco.",112000.0,112000.0,0.0,Leilão SFI - Edital Único,,SANTA RITA,PB,Não
8444412896347,"RUA PROJETADA (TRINTA E CINCO), N. 51-B, QD 17-B - LT 11-A2 (ATUAL R. COMOGE)",TIBIRI,"Casa, 0.00 de área total, 66.26 de área privativa, 125.00 de área do terreno,  2 qto(s), a.serv, WC, 1 sala(s), cozinha, Terraco.",145000.0,145000.0,0.0,Leilão SFI - Edital Único,,SANTA RITA,PB,Não
8555526388768,"RUA SEBASTIAO MENDES, N. 45-4, CASA 44  LT 12A  QD 06B",TIBIRI,"Casa, 0.00 de área total, 42.00 de área privativa, 52.90 de área do terreno,  2 qto(s), a.serv, WC, 1 sala(s), cozinha, Terraco, 1 vaga(s) de garagem.",87000.0,87000.0,0.0,Leilão SFI - Edital Único,,SANTA RITA,PB,Não
8555526491607,"RUA SEBASTIAO MENDES, N. 45A, LT 12A  QD 06B  VAGA DESCOBERTA",TIBIRI,"Casa, 52.35 de área total, 42.00 de área privativa, 52.90 de área do terreno,  2 qto(s), a.serv, WC, 1 sala(s), cozinha, Terraco, 1 vaga(s) de garagem.",87000.0,87000.0,0.0,Leilão SFI - Edital Único,,SANTA RITA,PB,Não
8444405476230,"RUA CONDE DEU, N. 522, LT 6B  QD 3A",JARDIM EUROPA,"Casa, 69.96 de área total, 69.96 de área privativa, 180.00 de área do terreno,  2 qto(s), a.serv, WC, 1 sala(s), cozinha, Terraco, 1 vaga(s) de garagem.",115000.0,115000.0,0.0,Leilão SFI - Edital Único,,SANTA RITA,PB,Não
8555506466763,"RUA COLIBRI, N. 31A, LT 4A QD E1",NAELSON PANTA JUNIOR,"Casa, 65.18 de área total, 65.18 de área privativa, 150.00 de área do terreno,  3 qto(s), WC, 1 sala(s), cozinha, Terraco.",110000.0,110000.0,0.0,Leilão SFI - Edital Único,,SANTA RITA,PB,Não
8444405860715,"RUA MARIA DA PENHA SOARES, N. 30, E40",DISTRITO DE VARZEA NOVA,"Casa, 60.90 de área total, 60.90 de área privativa, 126.00 de área do terreno,  2 qto(s), WC, 1 sala(s), Terraco, 1 vaga(s) de garagem.",161761.27,158000.0,0.0,Leilão SFI - Edital Único,,SANTA RITA,PB,Não
8444407772520,"RUA EUZEBIO ENEDINO DA COSTA, N. 150A, LT 29A QD 10B",TIBIRI,"Casa, 53.08 de área total, 53.08 de área privativa, 125.00 de área do terreno,  2 qto(s), a.serv, WC, 1 sala(s), cozinha, Terraco.",112941.9,110000.0,0.0,Leilão SFI - Edital Único,,SANTA RITA,PB,Não
8444408831430,"RUA PROJETADA, N. 103A, LT 46A QD 17",VALE DE SANTA RITA I,"Casa, 68.42 de área total, 68.42 de área privativa, 180.00 de área do terreno,  2 qto(s), WC, 1 sala(s), cozinha, Terraco.",129475.85,125000.0,0.0,Leilão SFI - Edital Único,,SANTA RITA,PB,Não
8555514467650,"RUA GENERAL ANTONIO ALVES, N. 177A, LT 09 QD 8B",SANTA RITA,"Casa, 58.56 de área total, 58.56 de área privativa, 125.00 de área do terreno,  3 qto(s), WC, 1 sala(s), cozinha, Terraco, 1 vaga(s) de garagem.",124500.0,120000.0,0.0,Leilão SFI - Edital Único,,SANTA RITA,PB,Não
8444419050966,"PRACA ANTENOR NAVARRO, N. 402, Apto 202, LOTE 312 QUADRA 12",CENTRO,"Apartamento, 0.00 de área total, 49.72 de área privativa, 0.00 de área do terreno,  2 qto(s), WC, 1 sala(s), cozinha, Terraco, 1 vaga(s) de garagem.",130890.73,126000.0,0.0,Leilão SFI - Edital Único,,SANTA RITA,PB,Não
8444408916339,"RUA NOEMIA FERREIRA DA SILVA, N. 340-A,",VALE DE SANTA RITA,"Casa, 64.60 de área total, 64.60 de área privativa, 125.00 de área do terreno,  2 qto(s), a.serv, WC, 1 sala(s), cozinha, Terraco, 1 vaga(s) de garagem.",123635.45,115000.0,0.0,Leilão SFI - Edital Único,,SANTA RITA,PB,Não
8444413868355,"RUA MANAUS, N. 370A,",Planalto Santa Rita,"Casa, 69.35 de área total, 69.35 de área privativa, 125.00 de área do terreno,  2 qto(s), a.serv, WC, 1 sala(s), cozinha, Terraco, 1 vaga(s) de garagem.",142640.65,131000.0,0.0,Leilão SFI - Edital Único,,SANTA RITA,PB,Não
8444434440940,"RUA PROJETADA, N. 69, LT 21A4 QD 43",LOT JARDIM MIRITANIA,"Casa, 71.19 de área total, 71.19 de área privativa, 150.00 de área do terreno,  2 qto(s), a.serv, WC, 1 sala(s), cozinha, Terraco.",173600.0,159196.36,0.0,Leilão SFI - Edital Único,,SANTA RITA,PB,Não
8444401357482,"RUA DIONISIO ALVES DE OLIVEIRA, N. 350A,",Solar do Tibiri,"Casa, 72.80 de área total, 72.80 de área privativa, 150.00 de área do terreno,  2 qto(s), a.serv, WC, 1 sala(s), cozinha, Terraco.",145800.0,133500.0,0.0,Leilão SFI - Edital Único,,SANTA RITA,PB,Não
8444412148049,"RUA JUSCELINO MOLA, N. 145-B, LT 22B QD 02C",LOT SOL NASCENTE,"Casa, 66.58 de área total, 66.58 de área privativa, 125.00 de área do terreno,  2 qto(s), a.serv, WC, 1 sala(s), cozinha, Terraco, 1 vaga(s) de garagem.",124951.88,113000.0,0.0,Leilão SFI - Edital Único,,SANTA RITA,PB,Não
8444411830172,"RUA PROJETADA, N. 170, QD 05, LT 30, CASA D",PRIVE AEROPORTO,"Casa, 0.00 de área total, 49.16 de área privativa, 85.35 de área do terreno,  2 qto(s), a.serv, WC, 1 sala(s), cozinha, Terraco, 1 vaga(s) de garagem.",105886.55,94000.0,0.0,Leilão SFI - Edital Único,,SANTA RITA,PB,Não
8444409703916,"RUA MAESTRO PEDRO SANTOS, N. 157-B, QD 11B LT 57B",JARDIM EUROPA,"Casa, 68.14 de área total, 68.14 de área privativa, 125.00 de área do terreno,  2 qto(s), a.serv, WC, 1 sala(s), cozinha, Terraco.",129114.06,114000.0,0.0,Leilão SFI - Edital Único,,SANTA RITA,PB,Não
8444419139894,"RUA PROJETADA ( ATUAL JOSE PAULINO CAVALCANTE ), N. 265-A, LT 21-A, QD 12-B",ACUDE,"Casa, 0.00 de área total, 67.30 de área privativa, 125.00 de área do terreno,  2 qto(s), a.serv, WC, 1 sala(s), cozinha, Terraco, 1 vaga(s) de garagem.",125389.26,107000.0,0.0,Leilão SFI - Edital Único,,SANTA RITA,PB,Não
8444411636236,"RUA ESTUDANTE FELYPE DE MELO FREIRE, N. 62, LT 36 QD 11",PRIVE AEROPORTO,"Casa, 0.00 de área total, 49.16 de área privativa, 360.00 de área do terreno,  2 qto(s), a.serv, WC, 1 sala(s), cozinha, Terraco, 1 vaga(s) de garagem.",116351.63,90000.0,0.0,Leilão SFI - Edital Único,,SANTA RITA,PB,Não
8444405768860,"RUA PROJETADA, N. SN, 03-A1 QUADRA 02",HEITEL SANTIAGO,"Casa, 60.13 de área total, 60.13 de área privativa, 162.00 de área do terreno,  2 qto(s), WC, WC Emp, 1 sala(s), cozinha, Terraco.",157289.06,105000.0,0.0,Leilão SFI - Edital Único,,SANTA RITA,PB,Não
8073700025463,"R ELIZA AMARAL DE MEDEIROS, N. 1, 1, CONJUNTO ZILA BRITO",SÃO JOÃO DO CARIRI,"Casa, 0.00 de área total, 115.50 de área privativa, 215.68 de área do terreno,  5 qto(s), a.serv, WC, 2 sala(s), cozinha, 2 vaga(s) de garagem.",129752.35,250000.0,48.1,Venda Online,,SAO JOAO DO CARIRI,PB,Não
8444426719353,"RUA JOSE PAULO FILHO, N. 344, 344A  LT 09 LOT. SOLEDADE LESTE",CENTRO,"Casa, 51.40 de área total, 51.40 de área privativa, 98.88 de área do terreno,  2 qto(s), a.serv, WC, 1 sala(s), cozinha, 1 vaga(s) de garagem.",125000.0,125000.0,0.0,Leilão SFI - Edital Único,,SOLEDADE,PB,Não
8555516875968,"RUA ANA CARTAXO DA NOBREGA, N. SN, LOT RACHEL GADELHA",MARIA RACHEL,"Casa, 89.31 de área total, 89.31 de área privativa, 110.00 de área do terreno,  2 qto(s), WC, 1 sala(s), cozinha, Terraco, 1 vaga(s) de garagem.",69833.84,121824.51,42.68,Licitação Aberta,,SOUSA,PB,Não
8444416219234,"RUA PROJETADA 31, N. 44, LT 07 QD 141",GATO PRETO,"Casa, 79.40 de área total, 79.40 de área privativa, 90.58 de área do terreno,  2 qto(s), a.serv, WC, 1 sala(s), cozinha, Terraco.",148000.0,148000.0,0.0,Leilão SFI - Edital Único,,SOUSA,PB,Não
8444404396551,"RUA ESPEDITO LOURENCO DE SOUSA, N. SN, LT 07 QD 46",MARIA RACHEL,"Casa, 0.00 de área total, 66.84 de área privativa, 110.00 de área do terreno,  2 qto(s), a.serv, WC, 1 sala(s), cozinha, Terraco, 1 vaga(s) de garagem.",150000.0,140000.0,0.0,Leilão SFI - Edital Único,,SOUSA,PB,Não
8444413355854,"RUA PROJETADA 02, N. SN, QD R LT 01",LOTEAMENTO PAIXÃO,"Casa, 111.85 de área total, 83.85 de área privativa, 144.00 de área do terreno,  3 qto(s), a.serv, WC, 1 sala(s), cozinha, 1 vaga(s) de garagem.",73191.15,133000.0,44.97,Venda Direta Online,,SUME,PB,Não
8444417506113,"RUA GILDETE BARROS DE SOUSA, N. 125, LT 0165 QD 125",RES COSTA DA SERRA,"Casa, 70.00 de área total, 70.00 de área privativa, 156.00 de área do terreno,  2 qto(s), a.serv, WC, 1 sala(s), cozinha, 1 vaga(s) de garagem.",76246.82,135000.0,43.53,Venda Direta Online,,SUME,PB,Não
8444410178110,"RUA PROJETADA 06, N. SN, LT 04 QD 03",LOT COSTA DA SERRA,"Casa, 67.52 de área total, 67.52 de área privativa, 240.00 de área do terreno,  2 qto(s), a.serv, WC, 1 sala(s), cozinha, 1 vaga(s) de garagem.",66495.04,116000.0,42.68,Venda Direta Online,,SUME,PB,Não
8444409901483,"RUA PROJETADA 06, N. 131, QD 03 LT 02",VARZEA REDONDA,"Casa, 67.52 de área total, 67.52 de área privativa, 240.00 de área do terreno,  2 qto(s), a.serv, WC, 1 sala(s), cozinha, Terraco, 1 vaga(s) de garagem.",78781.14,136000.0,42.08,Venda Direta Online,,SUME,PB,Não
8444409523195,"RUA MANOEL BATISTA LIMA, N. 143, LT 03 QD E",MORADA NOBRE,"Casa, 66.00 de área total, 66.00 de área privativa, 140.00 de área do terreno,  2 qto(s), a.serv, WC, 1 sala(s), cozinha, 1 vaga(s) de garagem.",83135.75,142000.0,41.46,Venda Direta Online,,SUME,PB,Não
1444407277415,"RUA JOAO CASSIMIRO, N. 58",VARZEA REDONDA,"Casa, 0.00 de área total, 93.00 de área privativa, 121.90 de área do terreno,  3 qto(s), WC, 2 sala(s), cozinha.",225200.0,225200.0,0.0,Leilão SFI - Edital Único,,SUME,PB,Não
8444426727852,"RUA PROJETADA 2, N. SN, LT11, QD 31,",LOT PORTAL DA SERRA,"Terreno, 0.00 de área total, 0.00 de área privativa, 240.00 de área do terreno.",21077.0,36282.69,41.91,Licitação Aberta,,TEIXEIRA,PB,Não
8444403516758,"RUA JOSE AMORIM FILHO, N. 09,",CENTRO,"Casa, 144.35 de área total, 144.35 de área privativa, 280.00 de área do terreno,  4 qto(s), a.serv, WC, 2 sala(s), cozinha, 1 vaga(s) de garagem.",190153.09,298366.27,36.27,Venda Direta Online,,TEIXEIRA,PB,Sim
