link,endereco,bairro,descricao,preco,avaliacao,desconto,modalidade,foto,cidade,estado,financiamento
8555507642727,"RUA DO CORREDOR, N. SN,  LT 325 QD 062",GAMELEIRA,"Casa, 37.21 de área total, 37.21 de área privativa, 74.97 de área do terreno,  2 qto(s), WC, 1 sala(s), cozinha.",25560.07,44000.0,41.91,Licitação Aberta,,AGUAS FORMOSAS,MG,Não
8444403570957,"RUA CANAA, N. 189, LT 53 QD L",BETEL,"Casa, 63.96 de área total, 63.96 de área privativa, 150.00 de área do terreno,  2 qto(s), WC, 1 sala(s), cozinha.",49647.34,176000.0,71.8,Venda Direta Online,,AIMORES,MG,Não
8555510461029,"RUA ANTONIO FERNANDES TIMBIRA, N. 230,",PORTO NOVO,"Casa, 54.82 de área total, 54.82 de área privativa, 48.88 de área do terreno.",70000.0,70000.0,0.0,Leilão SFI - Edital Único,,ALEM PARAIBA,MG,Não
10290991,"RUA JOAQUIM BORGES, N. 308, QD V,LTS 9 E 10 UNIF",JARDIM AEROPORTO,"Casa, 0.00 de área total, 490.31 de área privativa, 600.00 de área do terreno.",1274628.6,2000000.0,36.27,Licitação Aberta,,ALFENAS,MG,Sim
8444423534638,"RUA ANESIA VIEIRA DE OLIVEIRA, N. 274,",RESIDENCIAL NOVO HORIZONTE,"Casa, 55.00 de área total, 55.00 de área privativa, 210.00 de área do terreno,  1 qto(s), a.serv, WC, 1 sala(s), cozinha, 2 vaga(s) de garagem.",200000.0,200000.0,0.0,Leilão SFI - Edital Único,,ALFENAS,MG,Não
10307846,"RUA ALEIXO PARAGUASSU, N. 624",CENTRO,"Casa, 0.00 de área total, 257.86 de área privativa, 385.16 de área do terreno.",730000.0,730000.0,0.0,Leilão SFI - Edital Único,,ALMENARA,MG,Não
8444420351427,"RUA DOMINGOS BATISTA, N. 119,",ALTEROSA,"Casa, 42.00 de área total, 42.00 de área privativa, 261.12 de área do terreno,  1 qto(s), a.serv, WC, 1 sala(s), cozinha.",65921.81,115000.0,42.68,Venda Direta Online,,ALTEROSA,MG,Não
1444422148663,"AVENIDA OESTE DE MINAS, N. SN, LT 05, QD 09",VALE DO IPÊ,"Terreno, 0.00 de área total, 0.00 de área privativa, 5250.00 de área do terreno.",117072.73,186000.0,37.06,Venda Direta Online,,ANTONIO CARLOS,MG,Não
1444422178414,"RUA JOÃO BATISTA PIERMATEI, N. 26, Apto 101,",CENTRO,"Apartamento, 230.53 de área total, 166.75 de área privativa, 0.00 de área do terreno,  3 qto(s), a.serv, WC, 2 sala(s), cozinha.",300812.35,472000.0,36.27,Venda Direta Online,,ANTONIO PRADO DE MINAS,MG,Sim
10224694,"RUA NOVE, N. S/N, QD 15, LT 05",JARDIM PANORAMA,"Terreno, 0.00 de área total, 0.00 de área privativa, 2275.00 de área do terreno.",289659.34,505000.0,42.65,Venda Direta Online,,ARAGUARI,MG,Sim
10221025,"RUA QUATRO, N. 00, QD 17, LT 04",JARDIM PANORAMA,"Terreno, 0.00 de área total, 0.00 de área privativa, 1406.00 de área do terreno.",111203.36,191000.0,41.78,Venda Online,,ARAGUARI,MG,Não
8444424796253,"RUA ELVIRA CASCÃO, N. SN, QD 19 LT 05",NOVO HORIZONTE,"Casa, 52.07 de área total, 52.07 de área privativa, 200.00 de área do terreno,  2 qto(s), a.serv, WC, 1 sala(s), cozinha, 1 vaga(s) de garagem.",89575.84,153000.0,41.46,Venda Direta Online,,ARAGUARI,MG,Não
1444419785682,"RUA JOSE LIMIRIO DE ABADIO (ANTIGA RUA 17), N. 0, LT B4 QD 60",PARQUE DOS VERDES,"Casa, 47.51 de área total, 47.51 de área privativa, 140.00 de área do terreno,  2 qto(s), WC, 1 sala(s), cozinha.",60836.46,102000.0,40.36,Licitação Aberta,,ARAGUARI,MG,Não
8444411626451,"RUA 7, N. 155, LT 14 QD 11",RES PQ DOS VERDES,"Casa, 93.25 de área total, 48.25 de área privativa, 200.00 de área do terreno,  2 qto(s), a.serv, WC, 1 sala(s), cozinha.",200000.0,200000.0,0.0,Leilão SFI - Edital Único,,ARAGUARI,MG,Não
10305201,"P SAO VICENTE, N. 04 / 10, LT 01, PREDIO 04 E AP 201",IDELMINO,"Loja, 0.00 de área total, 446.53 de área privativa, 0.00 de área do terreno.",1530000.0,1530000.0,0.0,Leilão SFI - Edital Único,,ARAGUARI,MG,Não
8444417291249,"RUA MANUEL CABRAL GOMIDE, N. 221, QD 104 LOT VILA GOIAS  PARTE ALTA",FATIMA,"Casa, 43.58 de área total, 43.58 de área privativa, 300.00 de área do terreno,  2 qto(s), a.serv, WC, 1 sala(s), cozinha.",173000.0,173000.0,0.0,Leilão SFI - Edital Único,,ARAGUARI,MG,Não
8444428805370,"RUA MANUEL CABRAL GOMIDE, N. 448, LOTE S6 QUADRA 119",BAIRRO VILA GOIAS,"Casa, 58.12 de área total, 58.12 de área privativa, 203.00 de área do terreno,  2 qto(s), a.serv, WC, 1 sala(s), cozinha.",205253.95,195000.0,0.0,Leilão SFI - Edital Único,,ARAGUARI,MG,Não
1444418860621,"ALAMEDA PALACIO ROYAL, N. SN, LT 07 QD 08",RES PARIS PARK,"Casa, 170.55 de área total, 170.55 de área privativa, 300.00 de área do terreno,  3 qto(s), a.serv, WC, 2 sala(s), 1 lavabo(s), cozinha, 2 vaga(s) de garagem.",586329.16,920000.0,36.27,Licitação Aberta,,ARAPORA,MG,Não
8444421131404,"RUA HONORIO DE PAIVA ABREU, N. 1070F,",BELA VISTA,"Casa, 63.56 de área total, 63.56 de área privativa, 164.20 de área do terreno,  2 qto(s), a.serv, WC, 1 sala(s), cozinha.",320000.0,320000.0,0.0,Leilão SFI - Edital Único,,ARAXA,MG,Não
8444414147570,"R BAHIA, N. 691,",ROSÁRIO,"Casa, 0.00 de área total, 48.45 de área privativa, 120.00 de área do terreno,  2 qto(s), WC, 1 sala(s), cozinha.",51333.84,100000.0,48.67,Venda Direta Online,,AREADO,MG,Não
8444421615509,"RUA BAHIA, N. 429,",ROSÁRIO,"Casa, 68.55 de área total, 68.55 de área privativa, 118.50 de área do terreno,  3 qto(s), a.serv, WC, 1 sala(s), cozinha.",49280.49,96000.0,48.67,Venda Direta Online,,AREADO,MG,Não
8444425807720,"RUA TRES, N. 99, LT 13 QD D",LOT RECANTO VERDE,"Casa, 0.00 de área total, 66.08 de área privativa, 163.00 de área do terreno.",103354.71,190000.0,45.61,Venda Direta Online,,AREADO,MG,Não
8444424148456,"RUA JOSE BONIFACIO, N. 870,",ROSÁRIO,"Casa, 69.86 de área total, 69.86 de área privativa, 134.81 de área do terreno,  2 qto(s), a.serv, WC, 1 sala(s), cozinha, 1 vaga(s) de garagem.",82182.47,136000.0,39.58,Venda Direta Online,,AREADO,MG,Não
8444421391821,"RUA HUM, N. 129, QD D LT 5",JARDIM PRIMAVERA,"Casa, 60.55 de área total, 40.55 de área privativa, 132.71 de área do terreno,  2 qto(s), a.serv, WC, 1 sala(s), cozinha.",117072.73,186000.0,37.06,Venda Direta Online,,AREADO,MG,Não
8787718135044,"AVENIDA HELENA AGUIAR DE FIGUEIREDO, N. 675, Apto 204, BL04",IPANEMA,"Apartamento, 123.84 de área total, 41.82 de área privativa, 0.00 de área do terreno,  2 qto(s), WC, 1 sala(s), cozinha, 1 vaga(s) de garagem.",100741.08,170000.0,40.75,Licitação Aberta,,BARBACENA,MG,Não
8787716976815,"AVENIDA HELENA AGUIAR DE FIGUEIREDO, N. 675, Apto 302, BL 04",IPANEMA,"Apartamento, 48.02 de área total, 48.02 de área privativa, 0.00 de área do terreno,  2 qto(s), WC, 1 sala(s), cozinha, 1 vaga(s) de garagem.",118465.05,196000.0,39.56,Licitação Aberta,,BARBACENA,MG,Não
8787717671333,"AVENIDA HELENA AGUIAR DE FIGUEIREDO, N. 675, Apto 201, BL 04",IPANEMA,"Apartamento, 123.89 de área total, 41.84 de área privativa, 0.00 de área do terreno,  2 qto(s), WC, 1 sala(s), cozinha, 1 vaga(s) de garagem.",111816.5,185000.0,39.56,Licitação Aberta,,BARBACENA,MG,Não
1444416848730,"RUA PIRATININ, N. 212, Apto 702,",CENTRO,"Apartamento, 298.73 de área total, 261.36 de área privativa, 0.00 de área do terreno,  3 qto(s), a.serv, WC, 2 sala(s), 1 lavabo(s), cozinha, Terraco, 3 vaga(s) de garagem.",908172.88,1425000.0,36.27,Venda Direta Online,,BARBACENA,MG,Sim
10290987,"RUA JOSE MALVAR MARTINS FILHO, N. 47, Apto 303, VG 303",SANTA TEREZA II,"Apartamento, 0.00 de área total, 117.08 de área privativa, 0.00 de área do terreno, 1 vaga(s) de garagem.",318657.15,500000.0,36.27,Licitação Aberta,,BARBACENA,MG,Sim
10208103,"RUA CURITIBA, N. 786, SL 501",CENTRO,"Sala, 0.00 de área total, 308.55 de área privativa, 0.00 de área do terreno.",333387.21,780000.0,57.26,Venda Direta Online,,BELO HORIZONTE,MG,Não
1444404402219,"RUA GLYCON TERRA PINTO, N. SN, QUARTEIRÃO Nº 7",NOSSA SENHORA DO ROSARIO,"Terreno, 0.00 de área total, 0.00 de área privativa, 264.27 de área do terreno.",97879.82,203000.0,51.79,Venda Direta Online,,BELO HORIZONTE,MG,Não
8787711627502,"RUA PADRE ARGEMIRO MOREIRA, N. 11300, Apto 401, BLOCO 01",MARIA TERESA,"Apartamento, 52.42 de área total, 43.33 de área privativa, 0.00 de área do terreno,  2 qto(s), WC, 1 sala(s), cozinha.",96000.33,162000.0,40.75,Licitação Aberta,,BELO HORIZONTE,MG,Não
8787714864840,"RUA FLOR DO CERRADO, N. 701, Apto 501, BLOCO 01",MARIA TERESA,"Apartamento, 52.53 de área total, 43.33 de área privativa, 0.00 de área do terreno,  2 qto(s), WC, 1 sala(s), cozinha.",100741.08,170000.0,40.75,Licitação Aberta,,BELO HORIZONTE,MG,Não
8787714042912,"RUA JORNALISTA PAULO HENEINE, N. 20, Apto 1102,  BLOCO 02",MANTIQUEIRA,"Apartamento, 78.72 de área total, 44.45 de área privativa, 0.00 de área do terreno,  2 qto(s), WC, 1 sala(s), cozinha, 1 vaga(s) de garagem.",140223.93,232000.0,39.56,Licitação Aberta,,BELO HORIZONTE,MG,Não
8787705011627,"RUA CARLOS LACERDA, N. 941, Apto 202, BLOCO 18",TREVO,"Apartamento, 100.13 de área total, 42.10 de área privativa, 0.00 de área do terreno,  2 qto(s), WC, 1 sala(s), cozinha, 1 vaga(s) de garagem.",139015.11,230000.0,39.56,Licitação Aberta,,BELO HORIZONTE,MG,Não
8787701302180,"RUA DAS CHACARAS, N. 400, Apto 604, BL A BOX 26",MANTIQUEIRA,"Apartamento, 108.10 de área total, 47.40 de área privativa, 0.00 de área do terreno, 1 vaga(s) de garagem.",148177.69,242000.0,38.77,Licitação Aberta,,BELO HORIZONTE,MG,Não
8787717875192,"RUA JORNALISTA PAULO HENEINE, N. 95, Apto 802, BLOCO 02",MANTIQUEIRA,"Apartamento, 92.07 de área total, 45.22 de área privativa, 0.00 de área do terreno,  2 qto(s), WC, 1 sala(s), cozinha, 1 vaga(s) de garagem.",154071.98,251626.4,38.77,Licitação Aberta,,BELO HORIZONTE,MG,Não
8787710615942,"RUA ANTONIO ALVES, N. 300, Apto 606, BL 03",DIAMANTE (BARREIRO),"Apartamento, 47.40 de área total, 47.40 de área privativa, 0.00 de área do terreno,  2 qto(s), WC, 1 sala(s), cozinha, 1 vaga(s) de garagem.",176956.0,289000.0,38.77,Licitação Aberta,,BELO HORIZONTE,MG,Não
8444415971102,"RUA DOS UAICAS, N. 743, Apto 104, BL 04",SANTA MONICA,"Apartamento, 51.06 de área total, 44.98 de área privativa, 0.00 de área do terreno,  2 qto(s), WC, 1 sala(s), cozinha.",187035.81,301000.0,37.87,Venda Online,,BELO HORIZONTE,MG,Sim
8444413157807,"RUA JOAQUIM GONCALVES DA SILVA, N. 12, Apto 403, BL 13",CANDELARIA,"Apartamento, 45.52 de área total, 45.52 de área privativa, 0.00 de área do terreno,  2 qto(s), WC, 1 sala(s), cozinha.",151043.49,237000.0,36.27,Venda Direta Online,,BELO HORIZONTE,MG,Não
1787702428731,"RUA JORNALISTA PAULO HENEINE, N. 95, Apto 302, BLOCO 01",MANTIQUEIRA,"Apartamento, 92.07 de área total, 45.22 de área privativa, 0.00 de área do terreno, 1 vaga(s) de garagem.",178448.0,280000.0,36.27,Licitação Aberta,,BELO HORIZONTE,MG,Não
10285152,"RUA MARIA DA CONCEICAO FURTADO (2468), N. s/n, LT 01, QD 216",JARDIM VITORIA,"Terreno, 0.00 de área total, 0.00 de área privativa, 353.59 de área do terreno.",203940.58,320000.0,36.27,Venda Direta Online,,BELO HORIZONTE,MG,Sim
1555508613358,"RUA PAVIA, N. SN, LT 10 E 11, QD 8, FRENTE COM RUA TRENT",BANDEIRANTES (PAMPULHA),"Terreno, 0.00 de área total, 0.00 de área privativa, 1000.00 de área do terreno.",558287.33,876000.0,36.27,Licitação Aberta,,BELO HORIZONTE,MG,Sim
10279385,"RUA GENTIOS, N. 50, Apto 1701, VGS 58,59,60,61",CORACAO DE JESUS,"Apartamento, 0.00 de área total, 238.00 de área privativa, 0.00 de área do terreno,  4 qto(s), a.serv, WC, 2 sala(s), 2 lavabo(s), DCE, cozinha, Terraco, 4 vaga(s) de garagem.",1402091.46,2200000.0,36.27,Licitação Aberta,,BELO HORIZONTE,MG,Sim
10281397,"RUA JAIME GOMES, N. 191, Apto 303",FLORESTA,"Apartamento, 0.00 de área total, 109.00 de área privativa, 0.00 de área do terreno.",248552.58,390000.0,36.27,Licitação Aberta,,BELO HORIZONTE,MG,Não
1600000219995,"RUA ALZIRA MARIA FERREIRA, N. 306, LT 56 QT 67",SANTA MONICA,"Casa, 225.27 de área total, 225.27 de área privativa, 360.00 de área do terreno,  3 qto(s), a.serv, WC, 1 sala(s).",675553.16,1060000.0,36.27,Licitação Aberta,,BELO HORIZONTE,MG,Sim
10307853,"AVENIDA DO CONTORNO, N. 9215, SL 102",PRADO,"Sala, 0.00 de área total, 26.71 de área privativa, 0.00 de área do terreno.",123523.36,166270.0,25.71,Leilão SFI - Edital Único,,BELO HORIZONTE,MG,Não
8787711385975,"RUA VARGEM DA SERRA, N. 267, Apto 801, 8º PAVIMENTO BLOCO 1",ENGENHO NOGUEIRA,"Apartamento, 113.31 de área total, 48.73 de área privativa, 0.00 de área do terreno,  2 qto(s), WC, 1 sala(s), cozinha, 1 vaga(s) de garagem.",224417.87,275000.0,18.4,Leilão SFI - Edital Único,,BELO HORIZONTE,MG,Não
10307854,"AVENIDA DO CONTORNO, N. 9215, SL 103",PRADO,"Sala, 0.00 de área total, 21.58 de área privativa, 0.00 de área do terreno.",122744.8,149106.0,17.68,Leilão SFI - Edital Único,,BELO HORIZONTE,MG,Não
1787702274017,"RUA JORNALISTA PAULO HENEINE, N. 95, Apto 808, BLOCO 01",MANTIQUEIRA,"Apartamento, 88.58 de área total, 43.26 de área privativa, 0.00 de área do terreno,  2 qto(s), WC, 1 sala(s), cozinha, 1 vaga(s) de garagem.",232906.78,260000.0,10.43,Leilão SFI - Edital Único,,BELO HORIZONTE,MG,Não
1787701842712,"RUA ANTONIO ALVES, N. 300, Apto 802, BLOCO 04 8º PAVIMENTO",Diamante,"Apartamento, 121.08 de área total, 51.96 de área privativa, 0.00 de área do terreno,  1 qto(s), WC, 1 sala(s), cozinha, 1 vaga(s) de garagem.",310527.72,336762.43,7.8,Leilão SFI - Edital Único,,BELO HORIZONTE,MG,Não
8444414198310,"RUA FELICIO BRANDI, N. 56, Apto 403, ED SANTA BARBARA  BL 05",PAQUETÁ,"Apartamento, 48.69 de área total, 43.27 de área privativa, 0.00 de área do terreno,  2 qto(s), WC, 1 sala(s), cozinha.",230000.0,230000.0,0.0,Leilão SFI - Edital Único,,BELO HORIZONTE,MG,Não
8787714479776,"RUA ANTONIO ALVES, N. 300, Apto 904, BL 03  LT 01 QT 182 VG 299",Diamante,"Apartamento, 111.61 de área total, 47.40 de área privativa, 0.00 de área do terreno,  2 qto(s), WC, 1 sala(s), cozinha, 1 vaga(s) de garagem.",294000.0,294000.0,0.0,Leilão SFI - Edital Único,,BELO HORIZONTE,MG,Não
8555509761936,"RUA AUGUSTA ALVARENGA INEZ, N. 39, Apto 103, BL 06  LT 14 QUART 47",CANDELARIA,"Apartamento, 0.00 de área total, 45.89 de área privativa, 0.00 de área do terreno.",160000.0,160000.0,0.0,Leilão SFI - Edital Único,,BELO HORIZONTE,MG,Não
8787701903787,"AVENIDA PROFESSOR CLOVIS SALGADO, N. 747, Apto 501, BL 07 LT 19 VAGA 14",ITATIAIA,"Apartamento, 59.39 de área total, 43.94 de área privativa, 0.00 de área do terreno,  2 qto(s), WC, 1 sala(s), cozinha, 1 vaga(s) de garagem.",246000.0,246000.0,0.0,Leilão SFI - Edital Único,,BELO HORIZONTE,MG,Não
1555524405390,"RUA BOTUROBI, N. 390, Apto 201, BL 05 LT 27 QUART 01",JARDIM AMERICA,"Apartamento, 66.12 de área total, 40.00 de área privativa, 0.00 de área do terreno,  2 qto(s), a.serv, WC, 1 sala(s), cozinha, 1 vaga(s) de garagem.",268000.0,268000.0,0.0,Leilão SFI - Edital Único,,BELO HORIZONTE,MG,Não
1444405348684,"RUA LA PAZ, N. 71, CS 74 BL 6 QD 21 PAV 2",COPACABANA,"Casa, 41.34 de área total, 41.34 de área privativa, 36.00 de área do terreno,  3 qto(s), a.serv, WC, 1 sala(s), cozinha, 1 vaga(s) de garagem.",181000.0,181000.0,0.0,Leilão SFI - Edital Único,,BELO HORIZONTE,MG,Não
1444406941605,"RUA UIRAPIANA, N. 85, Apto 02,  BL 06",ALIPIO DE MELO,"Apartamento, 74.00 de área total, 73.59 de área privativa, 0.00 de área do terreno,  3 qto(s), a.serv, WC, 1 sala(s), cozinha.",265000.0,265000.0,0.0,Leilão SFI - Edital Único,,BELO HORIZONTE,MG,Não
1555510972599,"RUA PERICLES VIEIRA DE MENDONCA, N. 36, LT 5 QD 10",BELVEDERE,"Casa, 394.75 de área total, 394.75 de área privativa, 420.00 de área do terreno,  5 qto(s), a.serv, WC, WC Emp, 1 sala(s), 1 lavabo(s), cozinha.",3000000.0,3000000.0,0.0,Leilão SFI - Edital Único,,BELO HORIZONTE,MG,Não
1444401589792,"RUA IMBIACA, N. 803, Apto 102, 1 PAV",DOM CABRAL,"Apartamento, 57.80 de área total, 44.36 de área privativa, 0.00 de área do terreno,  2 qto(s), a.serv, WC, 1 sala(s), cozinha.",247000.0,247000.0,0.0,Leilão SFI - Edital Único,,BELO HORIZONTE,MG,Não
8787716885305,"RUA ANA DIAS DUARTE, N. 140, Apto 204, BL 01",JARDIM GUANABARA,"Apartamento, 0.00 de área total, 56.49 de área privativa, 0.00 de área do terreno,  1 qto(s), WC, 1 sala(s), cozinha, 1 vaga(s) de garagem.",295000.0,295000.0,0.0,Venda Online,,BELO HORIZONTE,MG,Sim
8415700006890,"RUA DELFINOPOLIS, N. 138, Apto 105,",RENASCENCA,"Apartamento, 83.73 de área total, 52.62 de área privativa, 0.00 de área do terreno,  2 qto(s), a.serv, WC, 1 sala(s), cozinha, 1 vaga(s) de garagem.",285000.0,285000.0,0.0,Leilão SFI - Edital Único,,BELO HORIZONTE,MG,Não
1555518201354,"RUA DOS XAVANTES, N. 255, CS04  LT 07 E 08  QUARTEIRÃO 57",SANTA MONICA,"Casa, 44.49 de área total, 44.49 de área privativa, 92.78 de área do terreno,  2 qto(s), a.serv, WC, 1 sala(s), cozinha, 1 vaga(s) de garagem.",282000.0,282000.0,0.0,Leilão SFI - Edital Único,,BELO HORIZONTE,MG,Não
1555527431456,"RUA DOS BOROROS, N. 105, Apto 501, BL 03 VG 29",SANTA MONICA,"Apartamento, 101.11 de área total, 41.06 de área privativa, 0.00 de área do terreno,  2 qto(s), WC, 1 sala(s), cozinha, 1 vaga(s) de garagem.",322500.0,322500.0,0.0,Leilão SFI - Edital Único,,BELO HORIZONTE,MG,Não
8787711963979,"RUA ROSA ZANDONA, N. 194, Apto 706, BL 02 TORRE 02 VG 92",VENDA NOVA,"Apartamento, 81.11 de área total, 44.90 de área privativa, 0.00 de área do terreno,  2 qto(s), WC, 1 sala(s), cozinha, 1 vaga(s) de garagem.",255000.0,255000.0,0.0,Leilão SFI - Edital Único,,BELO HORIZONTE,MG,Não
8166700024002,"RUA BARAO DO MONTE ALTO, N. 960, Apto 307, BL 04",URUCUIA,"Apartamento, 54.10 de área total, 54.10 de área privativa, 0.00 de área do terreno,  2 qto(s), a.serv, WC, 1 sala(s), cozinha.",200000.0,200000.0,0.0,Leilão SFI - Edital Único,,BELO HORIZONTE,MG,Não
8444437880401,"RUA FUED MANSUR KFURI, N. 209, Apto 102, BLOCO 07",DOM SILVERIO,"Apartamento, 49.99 de área total, 43.96 de área privativa, 0.00 de área do terreno,  2 qto(s), WC, 1 sala(s), cozinha.",164000.0,164000.0,0.0,Leilão SFI - Edital Único,,BELO HORIZONTE,MG,Não
1444400055085,"RUA CAPUTIRA, N. 31, Apto 302,",COLEGIO BATISTA,"Apartamento, 0.00 de área total, 71.49 de área privativa, 0.00 de área do terreno, 1 vaga(s) de garagem.",270000.0,270000.0,0.0,Leilão SFI - Edital Único,,BELO HORIZONTE,MG,Não
8787708753080,"RUA PADRE ARGEMIRO MOREIRA, N. 11810, Apto 202, BL 07",MARIA TERESA,"Apartamento, 73.00 de área total, 55.58 de área privativa, 0.00 de área do terreno,  3 qto(s), WC, 1 sala(s), cozinha.",250000.0,250000.0,0.0,Leilão SFI - Edital Único,,BELO HORIZONTE,MG,Não
1787701870430,"RUA SENHORA DO PORTO, N. 1330, Apto 703, BLOCO 02 VGS 461 462",PALMEIRAS,"Apartamento, 143.81 de área total, 67.40 de área privativa, 0.00 de área do terreno,  3 qto(s), a.serv, WC, 1 sala(s), cozinha, 2 vaga(s) de garagem.",413795.9,408000.0,0.0,Leilão SFI - Edital Único,,BELO HORIZONTE,MG,Não
1787702687354,"RUA JOAO FERNANDES DE OLIVEIRA, N. 260, Apto 505, BL A VG 29 4 PAV",PLANALTO,"Apartamento, 118.22 de área total, 46.96 de área privativa, 0.00 de área do terreno,  2 qto(s), a.serv, WC, 1 sala(s), cozinha, 1 vaga(s) de garagem.",297209.59,293000.0,0.0,Leilão SFI - Edital Único,,BELO HORIZONTE,MG,Não
10307849,"AVENIDA DO CONTORNO, N. 9215, SL 101",PRADO,"Sala, 0.00 de área total, 26.17 de área privativa, 0.00 de área do terreno.",168073.87,165118.0,0.0,Leilão SFI - Edital Único,,BELO HORIZONTE,MG,Não
8444436012597,"RUA BRUNO FELIPE FERREIRA, N. 170, Apto 303, BL 04",SOLAR DO BARREIRO (BARREIRO),"Apartamento, 90.13 de área total, 41.00 de área privativa, 0.00 de área do terreno,  2 qto(s), WC, 1 sala(s), cozinha.",160601.82,155000.0,0.0,Leilão SFI - Edital Único,,BELO HORIZONTE,MG,Não
8787712391227,"RUA ALOISIO ARAGAO VILLAR, N. 641, Apto 104, BL 06",TREVO,"Apartamento, 106.79 de área total, 42.11 de área privativa, 0.00 de área do terreno,  2 qto(s), WC, 1 sala(s), cozinha, 1 vaga(s) de garagem.",223720.0,209000.0,0.0,Leilão SFI - Edital Único,,BELO HORIZONTE,MG,Não
8787707254713,"RUA VEREADOR FAUSTO SANTANA, N. 342, Apto 602, BL A VAGA 234",ENGENHO NOGUEIRA,"Apartamento, 108.63 de área total, 48.67 de área privativa, 0.00 de área do terreno,  1 qto(s), WC, 1 sala(s), cozinha, 1 vaga(s) de garagem.",321403.5,300000.0,0.0,Leilão SFI - Edital Único,,BELO HORIZONTE,MG,Não
8444419578790,"RUA NILZA BRITO, N. 51, Apto 308, BL 04 LT 09 QD 117",VITORIA,"Apartamento, 45.21 de área total, 45.21 de área privativa, 0.00 de área do terreno,  2 qto(s), WC, 1 sala(s), cozinha.",159984.18,147000.0,0.0,Leilão SFI - Edital Único,,BELO HORIZONTE,MG,Não
1444401577964,"RUA JOSE CLETO, N. 425, Apto 304, BL 06 LT 35",SANTA CRUZ,"Apartamento, 0.00 de área total, 33.36 de área privativa, 0.00 de área do terreno,  1 qto(s), WC, cozinha, 1 vaga(s) de garagem.",281984.92,251000.0,0.0,Leilão SFI - Edital Único,,BELO HORIZONTE,MG,Não
8787720270760,"RUA JORNALISTA PAULO HENEINE, N. 95, Apto 1406, BLOBO 01",MANTIQUEIRA,"Apartamento, 111.14 de área total, 45.22 de área privativa, 0.00 de área do terreno,  2 qto(s), WC, 1 sala(s), cozinha, 1 vaga(s) de garagem.",340095.74,300000.0,0.0,Leilão SFI - Edital Único,,BELO HORIZONTE,MG,Não
8787719070370,"RUA JORNALISTA PAULO HENEINE, N. 95, Apto 408, BL 01",MANTIQUEIRA,"Apartamento, 88.58 de área total, 43.26 de área privativa, 0.00 de área do terreno,  2 qto(s), a.serv, WC, 1 sala(s), cozinha, 1 vaga(s) de garagem.",325832.06,270000.0,0.0,Leilão SFI - Edital Único,,BELO HORIZONTE,MG,Não
1555532566232,"AVENIDA VILARINHO, N. 2900, Apto 1004, BL 06 LT 22 QT 30 VG 79",VENDA NOVA,"Apartamento, 96.69 de área total, 45.38 de área privativa, 0.00 de área do terreno,  2 qto(s), WC, 1 sala(s), cozinha, 1 vaga(s) de garagem.",251032.21,207000.0,0.0,Leilão SFI - Edital Único,,BELO HORIZONTE,MG,Não
1444424127906,"RUA INACIO MURTA, N. 25, LT 03 QUART 84  CS 01",SANTA AMELIA,"Casa, 102.90 de área total, 102.90 de área privativa, 180.70 de área do terreno,  3 qto(s), a.serv, WC, 1 sala(s), cozinha, 1 vaga(s) de garagem.",1004142.13,792000.0,0.0,Leilão SFI - Edital Único,,BELO HORIZONTE,MG,Não
1444411135069,"RUA ADELIA HILBERT TEIXEIRA, N. 1, Apto 901, TORRE 6",RESID MONTE VILLE,"Apartamento, 103.51 de área total, 103.51 de área privativa, 0.00 de área do terreno,  2 qto(s), WC, 1 sala(s), cozinha, 1 vaga(s) de garagem.",452860.06,354000.0,0.0,Leilão SFI - Edital Único,,BELO HORIZONTE,MG,Não
1787702440120,"RUA JORNALISTA PAULO HENEINE, N. 95, Apto 903, BL 02",MANTIQUEIRA,"Apartamento, 92.08 de área total, 45.22 de área privativa, 0.00 de área do terreno,  2 qto(s), WC, 1 sala(s), cozinha, 1 vaga(s) de garagem.",340095.74,265000.0,0.0,Leilão SFI - Edital Único,,BELO HORIZONTE,MG,Não
1787702460210,"RUA JORNALISTA PAULO HENEINE, N. 95, Apto 1108, LT 01 QUART 171  BL 01  VG 62",MANTIQUEIRA,"Apartamento, 88.58 de área total, 43.26 de área privativa, 0.00 de área do terreno,  1 qto(s), WC, 1 sala(s), cozinha, 1 vaga(s) de garagem.",325832.06,250000.0,0.0,Leilão SFI - Edital Único,,BELO HORIZONTE,MG,Não
10307851,"AVENIDA DO CONTORNO, N. 9215, SL 104",PRADO,"Sala, 0.00 de área total, 21.88 de área privativa, 0.00 de área do terreno.",122807.81,93000.0,0.0,Leilão SFI - Edital Único,,BELO HORIZONTE,MG,Não
8444438511000,"RUA ELISA, N. 270, Apto 301, LT 05 QUART 82  VG 04",PIRATININGA,"Apartamento, 92.23 de área total, 62.62 de área privativa, 0.00 de área do terreno,  2 qto(s), a.serv, WC, 1 sala(s), DCE, cozinha, 1 vaga(s) de garagem.",364050.72,272000.0,0.0,Leilão SFI - Edital Único,,BELO HORIZONTE,MG,Não
8555538144362,"RUA ANA PEREIRA MENEZES, N. 207, Apto 301, 3º PAVIMENTO BLOVO 08",SAO GABRIEL,"Apartamento, 54.01 de área total, 42.98 de área privativa, 0.00 de área do terreno,  2 qto(s), WC, 1 sala(s), cozinha.",232349.06,171000.0,0.0,Leilão SFI - Edital Único,,BELO HORIZONTE,MG,Não
8787716297756,"RUA JORNALISTA PAULO HENEINE, N. 95, Apto 201, BL 01",MANTIQUEIRA,"Apartamento, 79.56 de área total, 43.26 de área privativa, 0.00 de área do terreno,  2 qto(s), WC, 1 sala(s), cozinha, 1 vaga(s) de garagem.",319506.43,234000.0,0.0,Leilão SFI - Edital Único,,BELO HORIZONTE,MG,Não
1555529559450,"RUA CORRETOR JUVENTINO, N. 71, Apto 404, BLOCO 01",CANDELARIA,"Apartamento, 67.31 de área total, 67.31 de área privativa, 0.00 de área do terreno, 1 vaga(s) de garagem.",343948.76,240000.0,0.0,Leilão SFI - Edital Único,,BELO HORIZONTE,MG,Não
1444400038334,"RUA PADRE PEDRO EVANGELISTA, N. 140, Apto 303,",CORACAO EUCARISTICO,"Apartamento, 41.20 de área total, 41.20 de área privativa, 0.00 de área do terreno,  3 qto(s), a.serv, WC, 1 sala(s), cozinha, 1 vaga(s) de garagem.",450559.81,299000.0,0.0,Leilão SFI - Edital Único,,BELO HORIZONTE,MG,Não
1444402635658,"RUA LINDOIA, N. 289, CASA 03",PIRATININGA,"Casa, 58.13 de área total, 119.62 de área privativa, 360.00 de área do terreno,  2 qto(s), a.serv, WC, 1 sala(s), cozinha, 1 vaga(s) de garagem.",312866.72,207000.0,0.0,Leilão SFI - Edital Único,,BELO HORIZONTE,MG,Não
1555533075933,"AVENIDA EDMEIA MATTOS LAZZAROTTI, N. 3895, LOTE 19, QUADRA 01",INGA,"Comercial, 0.00 de área total, 360.00 de área privativa, 360.00 de área do terreno.",1345563.86,2415000.0,44.29,Venda Direta Online,,BETIM,MG,Não
10222637,"RUA JAPU, N. SN, QD 80, LT 43",ICAIVERA,"Terreno, 0.00 de área total, 0.00 de área privativa, 563.00 de área do terreno.",128087.64,220000.0,41.78,Venda Direta Online,,BETIM,MG,Não
8444437791271,"RUA VOLUNTARIOS DA PATRIA, N. 391, Apto 203, BL 01",SAO JORGE,"Apartamento, 48.96 de área total, 43.52 de área privativa, 0.00 de área do terreno,  2 qto(s), a.serv, WC, 1 sala(s), cozinha.",86648.52,148000.0,41.46,Licitação Aberta,,BETIM,MG,Não
8444437832768,"RUA PITANGUI, N. 263, Apto 102, BL 08 QD 56",BOM RETIRO,"Apartamento, 47.16 de área total, 42.75 de área privativa, 0.00 de área do terreno,  2 qto(s), WC, 1 sala(s), cozinha.",87819.45,150000.0,41.46,Licitação Aberta,,BETIM,MG,Não
8787707117414,"RUA QUATRO, N. 98, Apto 304, BL 21 BOX 215",PINGO D'AGUA,"Apartamento, 59.07 de área total, 39.30 de área privativa, 0.00 de área do terreno,  2 qto(s), a.serv, WC, 1 sala(s), cozinha, 1 vaga(s) de garagem.",104889.24,177000.0,40.75,Licitação Aberta,,BETIM,MG,Não
8787714443739,"RUA CLAUDIO CLOVER, N. 481, Apto 604, BL 09",JARDIM BRASILIA,"Apartamento, 41.99 de área total, 41.99 de área privativa, 0.00 de área do terreno,  2 qto(s), WC, 1 sala(s), cozinha, 1 vaga(s) de garagem.",119069.46,197000.0,39.56,Licitação Aberta,,BETIM,MG,Não
8787703054000,"RUA DIRCEU JOSE ALVARENGA, N. 326, Apto 404, BL 04 VAGA 76",BETIM INDUSTRIAL,"Apartamento, 129.70 de área total, 90.32 de área privativa, 0.00 de área do terreno,  2 qto(s), WC, 2 sala(s), 1 lavabo(s), cozinha, Terraco, 1 vaga(s) de garagem.",140223.93,232000.0,39.56,Licitação Aberta,,BETIM,MG,Não
8787704231860,"RUA TAILANDIA, N. 26, Apto 401, BL 01",CAMPOS ELISEOS,"Apartamento, 64.87 de área total, 46.46 de área privativa, 0.00 de área do terreno,  2 qto(s), WC, 1 sala(s), cozinha, 1 vaga(s) de garagem.",114234.15,189000.0,39.56,Licitação Aberta,,BETIM,MG,Não
1444412157058,"RUA PARANA, N. 256, Apto 301,",ESPIRITO SANTO,"Apartamento, 0.00 de área total, 94.62 de área privativa, 0.00 de área do terreno,  2 qto(s), WC, 1 sala(s), cozinha, 1 vaga(s) de garagem.",380000.0,380000.0,0.0,Leilão SFI - Edital Único,,BETIM,MG,Não
1555533733205,"RUA INCONFIDENTES, N. 100, Apto 401B, 4 PAV PREDIO 02 VG 78 E 79 LT 09 QD 04",CHACARA,"Apartamento, 0.00 de área total, 80.78 de área privativa, 0.00 de área do terreno,  3 qto(s), varanda, a.serv, WC, 1 sala(s), cozinha, 2 vaga(s) de garagem.",425000.0,425000.0,0.0,Leilão SFI - Edital Único,,BETIM,MG,Não
8444410102793,"AVENIDA CORONEL ABILIO RODRIGUES PEREIRA, N. 916, Apto 402, BL 05",BOM RETIRO,"Apartamento, 58.35 de área total, 43.65 de área privativa, 0.00 de área do terreno,  2 qto(s), a.serv, WC, 1 sala(s), cozinha, 1 vaga(s) de garagem.",180000.0,180000.0,0.0,Leilão SFI - Edital Único,,BETIM,MG,Não
8444436413230,"RUA PAU BRASIL, N. 271, Apto 301, BL 03",VILA DAS FLORES,"Apartamento, 47.52 de área total, 47.52 de área privativa, 0.00 de área do terreno,  2 qto(s), a.serv, WC, 1 sala(s), cozinha.",170000.0,170000.0,0.0,Leilão SFI - Edital Único,,BETIM,MG,Não
8787702502107,"RUA DOS IPES, N. 59, Apto 101, BL 15 VG 243",VILA DAS FLORES,"Apartamento, 89.06 de área total, 43.63 de área privativa, 0.00 de área do terreno,  2 qto(s), WC, 1 sala(s), cozinha, 1 vaga(s) de garagem.",155000.0,155000.0,0.0,Leilão SFI - Edital Único,,BETIM,MG,Não
8444420148915,"RUA TAYLANDIA, N. 195, Apto 303, BL 18 VG 287",GRANJA VERDE,"Apartamento, 57.30 de área total, 42.46 de área privativa, 0.00 de área do terreno,  1 qto(s), a.serv, WC, 1 sala(s), cozinha, 1 vaga(s) de garagem.",235474.11,235474.11,0.0,Leilão SFI - Edital Único,,BETIM,MG,Não
8787711193545,"RUA SAO ROQUE, N. 162, Apto 104, BL 1 VGS 66 67",PRESIDENTE KENNEDY,"Apartamento, 124.72 de área total, 50.84 de área privativa, 0.00 de área do terreno,  2 qto(s), a.serv, WC, 1 sala(s), cozinha, 2 vaga(s) de garagem.",163000.0,163000.0,0.0,Leilão SFI - Edital Único,,BETIM,MG,Não
8555518691139,"RUA CRISANTEMOS, N. 581, Apto 12, VG 12",JARDIM DAS ALTEROSAS - 2A SECAO,"Apartamento, 89.45 de área total, 45.29 de área privativa, 0.00 de área do terreno,  2 qto(s), a.serv, WC, 1 sala(s), cozinha, 1 vaga(s) de garagem.",145686.95,145686.95,0.0,Leilão SFI - Edital Único,,BETIM,MG,Não
8555537574886,"RUA JOANA ESCOLASTICA ROSA, N. 534, Apto 804, BL B  VG 57",JARDIM DAS ALTEROSAS - 2A SECAO,"Apartamento, 108.78 de área total, 47.40 de área privativa, 0.00 de área do terreno,  2 qto(s), WC, 1 sala(s), cozinha, 1 vaga(s) de garagem.",185440.42,185440.42,0.0,Leilão SFI - Edital Único,,BETIM,MG,Não
8787714152980,"AVENIDA PINGO DE OURO, N. 891, Apto 304, BL 02 SUBCOND RESIDENCIAL ALEMANHA  VG",MONTE VERDE,"Apartamento, 152.06 de área total, 50.91 de área privativa, 0.00 de área do terreno,  2 qto(s), varanda, a.serv, WC, 1 sala(s), cozinha, 1 vaga(s) de garagem.",180000.0,180000.0,0.0,Leilão SFI - Edital Único,,BETIM,MG,Não
8787720546218,"RUA JULIA CRUZ BAHIA, N. 150, Apto 302, BL 13",NITEROI,"Apartamento, 106.22 de área total, 44.52 de área privativa, 0.00 de área do terreno,  2 qto(s), 1 vaga(s) de garagem.",218320.1,214590.25,0.0,Leilão SFI - Edital Único,,BETIM,MG,Não
8787703473984,"RUA DE BRASILIA, N. 860, Apto 202, BL 09",DUQUE DE CAXIAS,"Apartamento, 110.57 de área total, 43.64 de área privativa, 0.00 de área do terreno,  2 qto(s), WC, 1 sala(s), cozinha, 1 vaga(s) de garagem.",158430.56,155000.0,0.0,Leilão SFI - Edital Único,,BETIM,MG,Não
8444429699930,"RUA PEDRO JOAO JOSE, N. 110, Apto 403, BL 27",PARQUE IPIRANGA,"Apartamento, 49.10 de área total, 43.39 de área privativa, 0.00 de área do terreno,  2 qto(s), WC, 1 sala(s), cozinha, 1 vaga(s) de garagem.",154333.73,150000.0,0.0,Leilão SFI - Edital Único,,BETIM,MG,Não
8555536915582,"AVENIDA JUIZ MARCO TULIO ISAAC, N. 9425, Apto 102, PAV 1 BL 21",NOVA BADEN,"Apartamento, 61.01 de área total, 43.50 de área privativa, 0.00 de área do terreno,  2 qto(s), WC, 1 sala(s), cozinha, 1 vaga(s) de garagem.",152424.34,145000.0,0.0,Leilão SFI - Edital Único,,BETIM,MG,Não
8444435276108,"RUA MELINDRE, N. 151, Apto 302,",JARDIM DAS ALTEROSAS 1A SECAO,"Apartamento, 81.67 de área total, 53.63 de área privativa, 0.00 de área do terreno,  2 qto(s), WC, 1 sala(s), cozinha.",269184.55,246000.0,0.0,Leilão SFI - Edital Único,,BETIM,MG,Não
8444427886610,"RUA CAMPINA VERDE, N. 95, Apto 304, BL D",JARDIM TERESOPOLIS,"Apartamento, 56.04 de área total, 56.04 de área privativa, 0.00 de área do terreno,  2 qto(s), a.serv, WC, 1 sala(s), cozinha.",147878.81,129000.0,0.0,Leilão SFI - Edital Único,,BETIM,MG,Não
8444409635236,"RUA NOVE, N. 16, Apto 104, BL 04",MORADA DO TREVO,"Apartamento, 44.95 de área total, 41.58 de área privativa, 0.00 de área do terreno,  2 qto(s), a.serv, WC, 1 sala(s), cozinha, 1 vaga(s) de garagem.",160847.0,138000.0,0.0,Leilão SFI - Edital Único,,BETIM,MG,Não
8444426673914,"RUA GERALDINA MARIA DA CONCEIÇÃO, N. SN, LT 07 QD E",LOT POR DO SOL,"Casa, 56.57 de área total, 56.57 de área privativa, 200.00 de área do terreno.",69361.21,121000.0,42.68,Licitação Aberta,,BOA ESPERANCA,MG,Não
8444409767701,"RUA ITAOBIM, N. 432, LT 13 QD 22",JK,"Casa, 60.00 de área total, 60.00 de área privativa, 288.00 de área do terreno,  2 qto(s), a.serv, WC, 1 sala(s), cozinha.",150000.0,150000.0,0.0,Leilão SFI - Edital Único,,BOM DESPACHO,MG,Não
8444419479601,"RUA CHICO MARQUES, N. 401, LT 02  QD 108",NOSSA SENHORA DE FATIMA,"Casa, 64.50 de área total, 64.50 de área privativa, 108.31 de área do terreno,  3 qto(s), a.serv, WC, cozinha, 1 vaga(s) de garagem.",175000.0,175000.0,0.0,Leilão SFI - Edital Único,,BOM DESPACHO,MG,Não
8444401301800,"RUA OSVALDO MACHADO, N. 1201, LT 13 QD 33",ALTO SAO FRANCISCO,"Casa, 55.00 de área total, 55.00 de área privativa, 420.00 de área do terreno,  2 qto(s), a.serv, WC, 1 sala(s), cozinha, 1 vaga(s) de garagem.",85466.19,140000.0,38.96,Venda Direta Online,,BURITIZEIRO,MG,Não
8555513673698,"RUA JOAO FRANCISCO BRAGA, N. 1159, QD 05 LT 22",BANDEIRANTES,"Casa, 0.00 de área total, 54.32 de área privativa, 330.00 de área do terreno,  2 qto(s), a.serv, WC, 1 sala(s), cozinha, 1 vaga(s) de garagem.",120000.0,120000.0,0.0,Leilão SFI - Edital Único,,BURITIZEIRO,MG,Não
1555537587106,"AVENIDA EUROPA, N. SN, LT 01  QD 03 ESQUINA COM AV. ITÁLIA",LOT GARDEN VILLE,"Terreno, 0.00 de área total, 0.00 de área privativa, 700.00 de área do terreno.",59778.27,138000.0,56.69,Venda Direta Online,,CAETANOPOLIS,MG,Não
10142523,"RUA EXISTENTE (ATUAL RUA B DO ELDORADO), N. 203, QUADRA A, LOTE 09",CALDAS,"Terreno, 0.00 de área total, 0.00 de área privativa, 2284.00 de área do terreno.",165846.53,338000.0,50.94,Venda Direta Online,,CALDAS,MG,Sim
8444429472049,"RUA BENIGNA VASQUES RODRIGUES, N. 17-A, LT 11-A QD M",VILA MARIANA,"Casa, 79.39 de área total, 79.39 de área privativa, 185.00 de área do terreno,  2 qto(s), a.serv, WC, 1 sala(s), cozinha, 1 vaga(s) de garagem.",233554.23,425000.0,45.05,Venda Online,,CAMBUI,MG,Sim
8444433105187,"RUA JOSE MUNGAIA, N. 130, LT 03 QD B",NOVO BANDEIRANTES,"Casa, 32.98 de área total, 32.98 de área privativa, 193.25 de área do terreno,  2 qto(s), a.serv, WC, 1 sala(s), cozinha.",66097.22,115306.0,42.68,Venda Online,,CAMPO BELO,MG,Não
8444435829603,"SEBASTIÃO ALVES MOREIRA, N. 45, QD C LT 10",NOVO BANDEIRANTES,"Casa, 32.98 de área total, 32.98 de área privativa, 201.82 de área do terreno,  2 qto(s), a.serv, WC, 1 sala(s), cozinha, 1 vaga(s) de garagem.",106667.03,180000.0,40.75,Venda Direta Online,,CAMPO BELO,MG,Não
8555501328613,"AVENIDA BRASIL, N. 120, QD N",JARDIM AMÉRICA,"Casa, 66.16 de área total, 66.16 de área privativa, 100.00 de área do terreno,  2 qto(s), a.serv, WC, 2 sala(s), cozinha, 1 vaga(s) de garagem.",130715.48,213000.0,38.64,Venda Direta Online,,CAMPO BELO,MG,Sim
10307858,"RUA SÃO BENEDITO, N. 115",SÃO BENEDITO,"Casa, 0.00 de área total, 90.66 de área privativa, 196.66 de área do terreno.",143000.0,143000.0,0.0,Leilão SFI - Edital Único,,CAMPO BELO,MG,Não
8555536532969,"RUA E, N. SN, LT 352, QD 13",TERCIO WANDERLEY,"Terreno, 0.00 de área total, 0.00 de área privativa, 300.00 de área do terreno,  2 qto(s), a.serv, WC, 1 sala(s), cozinha.",94167.7,200000.0,52.92,Venda Direta Online,,CAMPO FLORIDO,MG,Não
1555536263781,"RUA FRANCISCO GONCALVES TORRES, N. SN,",ARACAS,"Terreno, 0.00 de área total, 0.00 de área privativa, 10012.00 de área do terreno.",452493.15,710000.0,36.27,Venda Direta Online,,CAPIM BRANCO,MG,Não
8444431232319,"AVENIDA PIO MINEIRO, N. SN, LT 18A QD 133",LOT BURARAMA,"Terreno, 0.00 de área total, 0.00 de área privativa, 150.00 de área do terreno.",17427.32,30000.0,41.91,Licitação Aberta,,CAPITAO ENEAS,MG,Não
8444427109885,"RUA LAURA EMILIA COSTA DONA, N. 195, LT 19, QD A",ELDORADO,"Casa, 35.70 de área total, 35.70 de área privativa, 127.50 de área do terreno,  1 qto(s), WC, cozinha.",54642.62,112500.0,51.43,Venda Direta Online,,CARANGOLA,MG,Não
8444413223338,"RUA VEREADOR CLOVIS CAMPOS ALVIM, N. 05, QD E LOT 06",CAIXA D'AGUA,"Casa, 0.00 de área total, 44.86 de área privativa, 201.54 de área do terreno.",31584.39,54370.48,41.91,Venda Direta Online,,CARANGOLA,MG,Não
1444403315924,"RUA PROF AUGUSTO AMARANTE, N. SN, LT 04, QD E",CAIXA D'AGUA,"Terreno, 0.00 de área total, 0.00 de área privativa, 356.36 de área do terreno.",38172.99,63000.0,39.41,Venda Direta Online,,CARANGOLA,MG,Não
8444427061513,"RUA RUA LAURA EMILIA COSTA DONA, N. SN, LOTE 09 QUADRA B",ELDORADO,"Terreno, 44.00 de área total, 0.00 de área privativa, 127.50 de área do terreno, a.serv.",103782.76,104000.0,0.21,Leilão SFI - Edital Único,,CARANGOLA,MG,Não
1444422730877,"RUA JOAO THOME DA SILVA, N. 160, QD B LT 11",TRIANGULO,"Casa, 299.34 de área total, 149.67 de área privativa, 270.00 de área do terreno,  3 qto(s), a.serv, WC, 1 sala(s), cozinha, Terraco.",854574.88,825000.0,0.0,Leilão SFI - Edital Único,,CARANGOLA,MG,Não
8444415514992,"RUA DOUTOR FIORAVANTE PADULA NETO, N. 27,",CAIXA D'AGUA,"Casa, 0.00 de área total, 57.50 de área privativa, 198.87 de área do terreno,  2 qto(s), WC, 1 sala(s), cozinha, 1 vaga(s) de garagem.",109429.05,52000.0,0.0,Leilão SFI - Edital Único,,CARANGOLA,MG,Não
8555534806468,"RUA ANDRE DE OLIVEIRA VALADAO, N. 30, Apto 101,",LOTEAMENTO IZALTINO SILVEIRA DA MATA,"Apartamento, 91.64 de área total, 52.04 de área privativa, 0.00 de área do terreno,  2 qto(s), a.serv, WC, 1 sala(s), cozinha, 1 vaga(s) de garagem.",81600.28,162000.0,49.63,Venda Direta Online,,CARATINGA,MG,Não
1444419144059,"RUA PETRINA DE SOUZA BARROS, N. SN, AREA 03",JOSE MOYSES NACIF,"Terreno, 0.00 de área total, 0.00 de área privativa, 297.00 de área do terreno.",124625.81,198000.0,37.06,Licitação Aberta,,CARATINGA,MG,Não
8444408523604,"RUA JOSE DOMINGOS FILHO, N. 360-A, QD 01 LT 07",BOM JESUS,"Casa, 54.39 de área total, 54.39 de área privativa, 125.00 de área do terreno,  2 qto(s), a.serv, WC, 1 sala(s), cozinha, 1 vaga(s) de garagem.",113000.0,113000.0,0.0,Leilão SFI - Edital Único,,CARMO DA MATA,MG,Não
10286392,"SITIO VARGEM ALEGRE - ESTRADA SERRA DA ONÇA, N. 00, BAIRRO CATAGUARINO",ZONA RURAL,"Imóvel rural, 0.00 de área total, 0.00 de área privativa, 630000.00 de área do terreno.",600000.0,337000.0,0.0,Leilão SFI - Edital Único,,CATAGUASES,MG,Não
8444425584888,"R JOSE LAURINDO JUNIOR, N. 0, PARTE 01 DO LT 442, QD 070",SAO JANUARIO,"Casa, 0.00 de área total, 66.79 de área privativa, 260.95 de área do terreno.",79076.8,153000.0,48.32,Venda Online,,CENTRALINA,MG,Não
8787715621649,"RUA 11, N. 1245, LT 19 QD 14",CLÁUDIO,"Casa, 49.31 de área total, 49.31 de área privativa, 200.00 de área do terreno,  2 qto(s), a.serv, WC, 1 sala(s), cozinha, 1 vaga(s) de garagem.",170000.0,170000.0,0.0,Leilão SFI - Edital Único,,CLAUDIO,MG,Não
8787715348012,"RUA 12, N. 1305, LT 15 QD 17",CENTRO,"Casa, 49.31 de área total, 49.31 de área privativa, 200.00 de área do terreno,  2 qto(s), a.serv, WC, 1 sala(s), cozinha.",180000.0,180000.0,0.0,Leilão SFI - Edital Único,,CLAUDIO,MG,Não
8444425173756,"RUA SALVADOR RODRIGUES DE LANA, N. 76, Apto 202, LT 04  QD F",CENTRO,"Apartamento, 82.20 de área total, 69.70 de área privativa, 0.00 de área do terreno,  2 qto(s), a.serv, WC, 1 sala(s), cozinha, 1 vaga(s) de garagem.",252000.0,252000.0,0.0,Leilão SFI - Edital Único,,COIMBRA,MG,Não
8444432873091,"RUA JOSE TITO DOS SANTOS, N. 217,",CENTRO,"Casa, 104.30 de área total, 104.30 de área privativa, 309.54 de área do terreno,  3 qto(s), a.serv, WC, 1 sala(s), cozinha.",307032.81,250000.0,0.0,Leilão SFI - Edital Único,,CONCEICAO DA APARECIDA,MG,Não
8444433841568,"RUA OSVALDO LOPES BARBOSA, N. 90, Apto 303, BLOCO 01 VG 02",MOINHOS,"Apartamento, 0.00 de área total, 49.28 de área privativa, 0.00 de área do terreno,  2 qto(s), a.serv, WC, 1 sala(s), cozinha, 1 vaga(s) de garagem.",165000.0,165000.0,0.0,Leilão SFI - Edital Único,,CONSELHEIRO LAFAIETE,MG,Não
1444406615317,"RUA MILTON TEREZA FILHO, N. 15, Apto 401,  BLOCO 3",PARQUE DAS ACACIAS,"Apartamento, 0.00 de área total, 57.44 de área privativa, 0.00 de área do terreno,  2 qto(s), WC, 1 sala(s), cozinha, 1 vaga(s) de garagem.",245000.0,245000.0,0.0,Leilão SFI - Edital Único,,CONSELHEIRO LAFAIETE,MG,Não
8444415466068,"RUA PROJETO FRED, N. 290, Apto 304, BL 09",ARPOADOR,"Apartamento, 0.00 de área total, 44.88 de área privativa, 0.00 de área do terreno,  2 qto(s), WC, 1 sala(s), cozinha, 1 vaga(s) de garagem.",109438.73,190000.0,42.41,Licitação Aberta,,CONTAGEM,MG,Não
8444438184042,"AV SEMA, N. 525, Apto 203, BL 15",ICAIVERA,"Apartamento, 56.77 de área total, 43.50 de área privativa, 0.00 de área do terreno,  2 qto(s), WC, 1 sala(s), cozinha.",75305.5,130000.0,42.08,Venda Online,,CONTAGEM,MG,Não
8555537037732,"AVENIDA DOUTOR PAULO RIBEIRO NUNES, N. 220, Apto 202, BL 10, QD 02, LT 22",BAIRRO EMPRESARIAL DO MANDU,"Apartamento, 59.41 de área total, 41.85 de área privativa, 0.00 de área do terreno,  2 qto(s), WC, 1 sala(s), cozinha.",103704.06,175000.0,40.75,Licitação Aberta,,CONTAGEM,MG,Não
8787706590701,"RUA BARU, N. 485, Apto 101, BL 07,  LT 02, QD 03",CONQUISTA VEREDAS,"Apartamento, 96.37 de área total, 43.70 de área privativa, 0.00 de área do terreno,  2 qto(s), WC, 1 sala(s), cozinha, 1 vaga(s) de garagem.",106074.43,179000.0,40.75,Licitação Aberta,,CONTAGEM,MG,Não
8787714553984,"RUA JOSE SOARES DA COSTA NETO, N. 295, Apto 301, BLOCO 13",LUGAR DENOMINADO FAZENDA BOM JESUS,"Apartamento, 95.23 de área total, 43.84 de área privativa, 0.00 de área do terreno,  2 qto(s), WC, 1 sala(s), cozinha, 1 vaga(s) de garagem.",104296.65,176000.0,40.75,Licitação Aberta,,CONTAGEM,MG,Não
8444404694943,"R PROFESSOR AURELIANO ZANON, N. 270, Apto 202,",BELA VISTA,"Apartamento, 40.00 de área total, 37.17 de área privativa, 0.00 de área do terreno,  2 qto(s), a.serv, WC, 1 sala(s), cozinha, 1 vaga(s) de garagem.",89281.64,150000.0,40.48,Venda Online,,CONTAGEM,MG,Não
8787715098628,"RUA 18, N. 185, Apto 204, BL 17",ALTO DA CONQUISTA,"Apartamento, 89.30 de área total, 42.41 de área privativa, 0.00 de área do terreno,  2 qto(s), a.serv, WC, 1 sala(s), cozinha.",130296.27,215574.72,39.56,Licitação Aberta,,CONTAGEM,MG,Não
8787715333007,"RUA DEZOITO, N. 185, Apto 103, BL18",ALTO DA CONQUISTA,"Apartamento, 42.41 de área total, 42.41 de área privativa, 0.00 de área do terreno,  2 qto(s), a.serv, WC, 1 sala(s), cozinha, 1 vaga(s) de garagem.",120882.7,200000.0,39.56,Licitação Aberta,,CONTAGEM,MG,Não
8787715666863,"RUA 18, N. 185, Apto 401, BL 10 COM RUA DIMA PERRIN E RUA CONQUI",CONTAGEM,"Apartamento, 89.30 de área total, 52.76 de área privativa, 0.00 de área do terreno,  2 qto(s), a.serv, WC, 1 sala(s), cozinha, 1 vaga(s) de garagem.",129948.9,215000.0,39.56,Licitação Aberta,,CONTAGEM,MG,Não
8787706243645,"RUA DOUTOR ARTHUR HERMETO, N. 235, Apto 104, BL 01",PARQUE MARACANA,"Apartamento, 71.00 de área total, 52.06 de área privativa, 0.00 de área do terreno,  2 qto(s), WC, 1 sala(s), cozinha.",136794.59,226326.16,39.56,Licitação Aberta,,CONTAGEM,MG,Não
8787715004950,"RUA DO SILENCIO, N. 1100, Apto 902, TORRE 01 BOX114",CHACARA CONTAGEM,"Apartamento, 69.20 de área total, 47.94 de área privativa, 0.00 de área do terreno,  2 qto(s), WC, 1 sala(s), cozinha, 1 vaga(s) de garagem.",126020.21,208500.0,39.56,Licitação Aberta,,CONTAGEM,MG,Não
8787716864022,"RUA DO SILENCIO, N. 1100, Apto 1101, T 08",CHACARA CONTAGEM,"Apartamento, 65.47 de área total, 43.31 de área privativa, 0.00 de área do terreno,  2 qto(s), WC, 1 sala(s), cozinha.",129948.9,215000.0,39.56,Licitação Aberta,,CONTAGEM,MG,Não
8787710202354,"RUA JOAO ROSA, N. 35, Apto 204, BL 09 BOX 138 SUBCOND ARVOREDO",CHACARAS CALIFORNIA,"Apartamento, 81.67 de área total, 42.16 de área privativa, 0.00 de área do terreno,  2 qto(s), WC, 1 sala(s), cozinha, 1 vaga(s) de garagem.",126926.84,210000.0,39.56,Licitação Aberta,,CONTAGEM,MG,Não
8787712891106,"RUA JOAO ROSA, N. 65, Apto 201, BL 03 SUBCOND CONQUISTA DO BOSQUE BOX",CHACARAS CALIFORNIA,"Apartamento, 95.15 de área total, 48.83 de área privativa, 0.00 de área do terreno,  2 qto(s), WC, 1 sala(s), cozinha, 1 vaga(s) de garagem.",135388.62,224000.0,39.56,Licitação Aberta,,CONTAGEM,MG,Não
8787716694534,"AVENIDA NOSSA SENHORA DA CONCEICAO, N. 1670, Apto 301, BL 1B",TIJUCA,"Apartamento, 89.61 de área total, 44.85 de área privativa, 0.00 de área do terreno,  2 qto(s), WC, 1 sala(s), cozinha.",120882.7,200000.0,39.56,Licitação Aberta,,CONTAGEM,MG,Não
8787715124335,"RUA JOSE SOARES DA COSTA NETO, N. 295, Apto 302, BLOCO 02 VG 254",LUGAR DENOMINADO FAZENDA BOM JESUS,"Apartamento, 95.23 de área total, 43.84 de área privativa, 0.00 de área do terreno, 1 vaga(s) de garagem.",113025.32,187000.0,39.56,Licitação Aberta,,CONTAGEM,MG,Não
8787713042439,"AVENIDA CRISTAL, N. 420, Apto 1206, BL 01 VAGA DE GARAGEM 107",JARDIM RIACHO DAS PEDRAS,"Apartamento, 83.49 de área total, 57.51 de área privativa, 0.00 de área do terreno,  2 qto(s), 1 vaga(s) de garagem.",165322.22,270000.0,38.77,Licitação Aberta,,CONTAGEM,MG,Não
8787717894570,"RUA PINHO, N. 270, Apto 202, BL 01, QD 06, LT 10",COLONIAL,"Apartamento, 75.02 de área total, 44.85 de área privativa, 0.00 de área do terreno,  2 qto(s), WC, 1 sala(s), cozinha.",159811.47,261000.0,38.77,Licitação Aberta,,CONTAGEM,MG,Não
8787719521843,"RUA RIO PARANAGUA, N. 255, Apto 1705, BLOCO 03",PARQUE RIACHO DAS PEDRAS,"Apartamento, 81.55 de área total, 46.37 de área privativa, 0.00 de área do terreno, 1 vaga(s) de garagem.",257397.85,420375.57,38.77,Licitação Aberta,,CONTAGEM,MG,Não
8444406318256,"RUA VINTE E UM, N. 120, Apto 403, BLOCO 03",OITIS,"Apartamento, 44.35 de área total, 41.13 de área privativa, 0.00 de área do terreno,  2 qto(s), WC, 1 sala(s), cozinha, 1 vaga(s) de garagem.",105610.35,171000.0,38.24,Venda Direta Online,,CONTAGEM,MG,Não
1787701919383,"AVENIDA MARECHAL CASTELO BRANCO, N. 185, Apto 1005, BL 01",JK,"Apartamento, 0.00 de área total, 46.37 de área privativa, 0.00 de área do terreno.",191194.29,300000.0,36.27,Licitação Aberta,,CONTAGEM,MG,Não
1787702918348,"RUA PINHO, N. 270, Apto 103, BL 05",COLONIAL,"Apartamento, 174.63 de área total, 130.11 de área privativa, 0.00 de área do terreno,  2 qto(s), 1 sala(s), cozinha, 1 vaga(s) de garagem.",191194.29,300000.0,36.27,Licitação Aberta,,CONTAGEM,MG,Não
1787702149999,"RUA RIO PARANAGUA, N. 255, Apto 1402, BL 01 VAGA DE GARAGEM 104",PARQUE RIACHO DAS PEDRAS,"Apartamento, 92.06 de área total, 53.27 de área privativa, 0.00 de área do terreno,  2 qto(s), WC, 1 sala(s), cozinha, 1 vaga(s) de garagem.",217961.49,342000.0,36.27,Licitação Aberta,,CONTAGEM,MG,Não
1787702382928,"RUA RIO PARANAGUA, N. 255, Apto 701, BL 03",PARQUE RIACHO DAS PEDRAS,"Apartamento, 81.55 de área total, 46.37 de área privativa, 0.00 de área do terreno,  2 qto(s), a.serv, WC, 1 sala(s), cozinha.",172074.86,270000.0,36.27,Licitação Aberta,,CONTAGEM,MG,Não
8787715503638,"RUA NOSSA SENHORA DA CONCEICAO, N. 1670, Apto 403, BLOCO 6A",PRAIA,"Apartamento, 75.70 de área total, 44.85 de área privativa, 0.00 de área do terreno,  2 qto(s), WC, 1 sala(s), cozinha, 1 vaga(s) de garagem.",163387.05,200000.0,18.31,Leilão SFI - Edital Único,,CONTAGEM,MG,Não
8787715911728,"RUA NOSSA SENHORA DA CONCEICAO, N. 1670, Apto 401, BLOCO 3A LOTE 04 QUADRA 01",PRAIA,"Apartamento, 75.70 de área total, 44.85 de área privativa, 0.00 de área do terreno,  2 qto(s), WC, 1 sala(s), cozinha, 1 vaga(s) de garagem.",192776.5,200000.0,3.62,Leilão SFI - Edital Único,,CONTAGEM,MG,Não
1787700965578,"RUA BETA CENTAURI, N. 280, Apto 202, BL 25",CHACARAS COTIA,"Apartamento, 69.17 de área total, 41.85 de área privativa, 0.00 de área do terreno,  2 qto(s), WC, 1 sala(s), cozinha.",222500.0,222500.0,0.0,Leilão SFI - Edital Único,,CONTAGEM,MG,Não
1444400608378,"AVENIDA DOUTOR GUILHERMINO DE OLIVEIRA, N. 171, CS 01  LT 33  QD 25",NOVO ELDORADO,"Casa, 0.00 de área total, 51.84 de área privativa, 360.00 de área do terreno.",300000.0,300000.0,0.0,Leilão SFI - Edital Único,,CONTAGEM,MG,Não
8787712383232,"RUA MINAS GERAIS, N. 100, Apto 401, BL 20 VG 228",CAIAPOS,"Apartamento, 61.31 de área total, 43.84 de área privativa, 0.00 de área do terreno,  2 qto(s), WC, 1 sala(s), cozinha, 1 vaga(s) de garagem.",180000.0,180000.0,0.0,Leilão SFI - Edital Único,,CONTAGEM,MG,Não
1787701152236,"RUA JOAO ROSA, N. 65, Apto 1103, BL 03 SUBCOND CONQUISTA DO BOSQUE VG 6",CHACARAS CALIFORNIA,"Apartamento, 97.18 de área total, 49.72 de área privativa, 0.00 de área do terreno,  2 qto(s), WC, 1 sala(s), cozinha, 1 vaga(s) de garagem.",200000.0,200000.0,0.0,Leilão SFI - Edital Único,,CONTAGEM,MG,Não
8242700010906,"RUA DOS ANTURIOS, N. 280, Apto 403, BL 04 LT 1A QD 23",SAPUCAIA,"Apartamento, 0.00 de área total, 44.61 de área privativa, 0.00 de área do terreno,  2 qto(s), WC, 1 sala(s), cozinha, 1 vaga(s) de garagem.",151000.0,151000.0,0.0,Leilão SFI - Edital Único,,CONTAGEM,MG,Não
1787702112947,"RUA RIO PARANAGUA, N. 255, Apto 508,  BLOCO 01",PARQUE RIACHO DAS PEDRAS,"Apartamento, 81.55 de área total, 46.37 de área privativa, 0.00 de área do terreno,  2 qto(s), WC, 1 sala(s), cozinha, 1 vaga(s) de garagem.",307000.0,307000.0,0.0,Leilão SFI - Edital Único,,CONTAGEM,MG,Não
8787718439892,"RUA RIO PARANAGUA, N. 255, Apto 1201, BL 03 VG 399",PARQUE RIACHO DAS PEDRAS,"Apartamento, 0.00 de área total, 46.37 de área privativa, 0.00 de área do terreno, 1 vaga(s) de garagem.",396000.0,396000.0,0.0,Leilão SFI - Edital Único,,CONTAGEM,MG,Não
8787713311111,"RUA EUGENIO TOLEDO LOPES, N. 100, Apto 404, BL 02",LUGAR DENOMINADO FAZENDA BOM JESUS,"Apartamento, 88.54 de área total, 44.85 de área privativa, 0.00 de área do terreno,  2 qto(s), WC, 1 sala(s), cozinha, 1 vaga(s) de garagem.",190000.0,190000.0,0.0,Leilão SFI - Edital Único,,CONTAGEM,MG,Não
8787714458787,"RUA JOSE SOARES DA COSTA NETO, N. 295, Apto 401, BL 15",LUGAR DENOMINADO FAZENDA BOM JESUS,"Apartamento, 95.23 de área total, 43.84 de área privativa, 0.00 de área do terreno,  2 qto(s), WC, 1 sala(s), cozinha, 1 vaga(s) de garagem.",188000.0,188000.0,0.0,Leilão SFI - Edital Único,,CONTAGEM,MG,Não
8787715236656,"RUA JOSE SOARES DA COSTA NETO, N. 295, Apto 404, BL 02",LUGAR DENOMINADO FAZENDA BOM JESUS,"Apartamento, 95.23 de área total, 43.84 de área privativa, 0.00 de área do terreno,  2 qto(s), WC, 1 sala(s), cozinha, 1 vaga(s) de garagem.",205000.0,205000.0,0.0,Leilão SFI - Edital Único,,CONTAGEM,MG,Não
8787715395800,"RUA JOSE SOARES DA COSTA NETO, N. 295, Apto 302, BL 07",FAZENDA BOM JESUS,"Apartamento, 95.23 de área total, 43.84 de área privativa, 0.00 de área do terreno,  2 qto(s), WC, 1 sala(s), cozinha, 1 vaga(s) de garagem.",189545.78,188000.0,0.0,Leilão SFI - Edital Único,,CONTAGEM,MG,Não
8787716293866,"RUA DO SILENCIO, N. 1100, Apto 1201,  TORRE 07",CHACARA CONTAGEM,"Apartamento, 74.00 de área total, 43.31 de área privativa, 0.00 de área do terreno,  2 qto(s), WC, 1 sala(s), cozinha, 2 vaga(s) de garagem.",216552.66,207000.0,0.0,Leilão SFI - Edital Único,,CONTAGEM,MG,Não
8787714165526,"RUA 18, N. 185, Apto 104, BL 07",ESTRELA DALVA,"Apartamento, 89.32 de área total, 52.76 de área privativa, 0.00 de área do terreno,  2 qto(s), WC, 1 sala(s), cozinha, 1 vaga(s) de garagem.",201336.96,185000.0,0.0,Leilão SFI - Edital Único,,CONTAGEM,MG,Não
8787710563233,"VIA DE ACESSO, N. 375, Apto 201, BL 01",DONATO,"Apartamento, 60.73 de área total, 43.50 de área privativa, 0.00 de área do terreno,  2 qto(s), WC, 1 sala(s), cozinha.",170028.06,155000.0,0.0,Leilão SFI - Edital Único,,CONTAGEM,MG,Não
8787719222994,"RUA MINAS GERAIS, N. 286, Apto 202, BL 09 QD 02A",CAIAPOS,"Apartamento, 128.02 de área total, 42.41 de área privativa, 0.00 de área do terreno,  2 qto(s), WC, 1 sala(s), cozinha.",225975.94,200000.0,0.0,Leilão SFI - Edital Único,,CONTAGEM,MG,Não
8787712241683,"VIA DE ACESSO, N. 375, Apto 101, BL 12",DONATO,"Apartamento, 0.00 de área total, 55.30 de área privativa, 0.00 de área do terreno, 1 vaga(s) de garagem.",181567.31,160000.0,0.0,Leilão SFI - Edital Único,,CONTAGEM,MG,Não
8787719936245,"RUA FILOMENA JARDIM VOLGA, N. 220, Apto 204, BL 01 LT 05 QD 04 VG 08",SENHORA DA CONCEICAO - 2A SECAO,"Apartamento, 89.57 de área total, 44.85 de área privativa, 0.00 de área do terreno,  2 qto(s), WC, 1 sala(s), cozinha, 1 vaga(s) de garagem.",233597.67,200000.0,0.0,Leilão SFI - Edital Único,,CONTAGEM,MG,Não
10305195,"AVENIDA JOSE CARNEIRO DE MENDONCA, N. 583, STR 6  QD 32  LT 570",UNIAO,"Casa, 0.00 de área total, 52.50 de área privativa, 258.75 de área do terreno,  2 qto(s), varanda, a.serv, WC, 1 sala(s), cozinha.",227000.0,227000.0,0.0,Leilão SFI - Edital Único,,COROMANDEL,MG,Não
1444407255462,"RUA PROF TEREZA LEOPOLDINA DOS ANJOS, N. 162, LT 07 QD 07",SYLVIO PEREIRA I,"Casa, 76.42 de área total, 21.31 de área privativa, 147.00 de área do terreno,  2 qto(s), a.serv, WC, 1 sala(s), cozinha.",113021.61,183000.0,38.24,Licitação Aberta,,CORONEL FABRICIANO,MG,Não
8233200010967,"RUA AUGUSTA, N. 300, Apto 302,",BOM JESUS,"Apartamento, 91.82 de área total, 91.82 de área privativa, 0.00 de área do terreno,  2 qto(s), a.serv, WC, 1 sala(s), cozinha, 1 vaga(s) de garagem.",116443.31,185000.0,37.06,Venda Direta Online,,CORONEL FABRICIANO,MG,Não
1444414705745,"RUA RIO DE JANEIRO, N. 30, Apto 401,  BLOCO A4",AMARO LANARI,"Apartamento, 83.55 de área total, 65.90 de área privativa, 0.00 de área do terreno,  3 qto(s), WC, 1 sala(s), cozinha.",244000.0,244000.0,0.0,Leilão SFI - Edital Único,,CORONEL FABRICIANO,MG,Não
8787717146778,"RUA SANTINA MARIA DE JESUS, N. 515, QD 01 QD 16",CRISTAIS,"Casa, 46.00 de área total, 46.00 de área privativa, 216.30 de área do terreno,  2 qto(s), a.serv, WC, 1 sala(s), cozinha.",78922.48,136244.0,42.08,Licitação Aberta,,CRISTAIS,MG,Não
1444411645660,"ALAMEDA F, N. 03, LT 02 QD F",GRAMINHA,"Casa, 70.00 de área total, 70.00 de área privativa, 216.90 de área do terreno.",220000.0,220000.0,0.0,Leilão SFI - Edital Único,,CRISTINA,MG,Não
8444409080145,"RUA FERNANDO DONIZETE GONZAGA, N. 219, QD 48 LT 24",CIDADE DELTA,"Casa, 57.88 de área total, 57.88 de área privativa, 200.00 de área do terreno,  2 qto(s), a.serv, WC, 1 sala(s).",52102.6,90000.0,42.11,Venda Direta Online,,DELTA,MG,Não
8555537485700,"RUA MARAJUARAS, N. 1051, Apto 05,  QUADRA 222, LOTE 650, 1º PAV, ZONA 04",FAZENDA GAFANHOTO,"Apartamento, 48.44 de área total, 45.83 de área privativa, 0.00 de área do terreno,  2 qto(s), WC, 1 sala(s), cozinha, 1 vaga(s) de garagem.",84482.3,148000.0,42.92,Venda Online,,DIVINOPOLIS,MG,Não
8787701270962,"RUA MARAJUARAS, N. 1051, Apto 05,",FAZENDA GAFANHOTO,"Apartamento, 48.44 de área total, 45.83 de área privativa, 0.00 de área do terreno,  2 qto(s), WC, 1 sala(s), cozinha, 1 vaga(s) de garagem.",84482.3,148000.0,42.92,Venda Online,,DIVINOPOLIS,MG,Não
8787701690058,"RUA MARAJUARAS, N. 1051, Apto 03, BL 06 VG 142",FAZ GAFANHOTO,"Apartamento, 48.44 de área total, 45.83 de área privativa, 0.00 de área do terreno,  2 qto(s), WC, 1 sala(s), cozinha, 1 vaga(s) de garagem.",64417.88,112731.78,42.86,Venda Direta Online,,DIVINOPOLIS,MG,Não
8787710032955,"RUA MARAJUARAS, N. 1051, Apto 02, QD 222, BL13, LT 650",CENTRO,"Apartamento, 119.90 de área total, 45.83 de área privativa, 0.00 de área do terreno,  2 qto(s), WC, 1 sala(s), cozinha, 1 vaga(s) de garagem.",63428.3,111000.0,42.86,Licitação Aberta,,DIVINOPOLIS,MG,Não
8787704301869,"RUA MARAJUARAS, N. 1051, Apto 04, BL 12",FAZENDA GAFANHOTO,"Apartamento, 119.90 de área total, 45.83 de área privativa, 0.00 de área do terreno,  2 qto(s), a.serv, WC, 1 sala(s), cozinha.",68502.47,119501.94,42.68,Venda Direta Online,,DIVINOPOLIS,MG,Não
8444417081686,"AVENIDA BRIGADEIRO EDUARDO GOMES, N. SN, Apto 661, LT 240 QD 103",MARIA PECANHA,"Apartamento, 66.97 de área total, 66.97 de área privativa, 0.00 de área do terreno,  2 qto(s), a.serv, WC, 1 sala(s), cozinha, 1 vaga(s) de garagem.",69934.44,122000.0,42.68,Licitação Aberta,,DIVINOPOLIS,MG,Não
8555537767927,"RUA MARAJUARAS, N. 1051, Apto 13, BL 02",JARDIM CANDIDES,"Apartamento, 48.44 de área total, 45.83 de área privativa, 0.00 de área do terreno, a.serv, 1 vaga(s) de garagem.",68787.97,120000.0,42.68,Venda Direta Online,,DIVINOPOLIS,MG,Não
8555537756445,"RUA MARAJUARAS, N. 1051, Apto 218, BLOCO 02",IPANEMA,"Apartamento, 48.44 de área total, 45.83 de área privativa, 0.00 de área do terreno,  2 qto(s), WC, 1 sala(s), cozinha, 1 vaga(s) de garagem.",70221.05,122500.0,42.68,Venda Direta Online,,DIVINOPOLIS,MG,Não
8787701501450,"RUA MARAJUARAS, N. 1051, Apto 13,  SUB 77 BL 05",IPANEMA,"Apartamento, 48.44 de área total, 45.83 de área privativa, 0.00 de área do terreno, a.serv, 1 vaga(s) de garagem.",70221.05,122500.0,42.68,Venda Direta Online,,DIVINOPOLIS,MG,Não
8787704256197,"RUA MARAJUARAS, N. 1051, Apto 15, BL 10",FABIO NOTINI,"Apartamento, 48.44 de área total, 45.83 de área privativa, 0.00 de área do terreno,  2 qto(s), a.serv, WC, 1 sala(s), cozinha, 1 vaga(s) de garagem.",70221.05,122500.0,42.68,Venda Direta Online,,DIVINOPOLIS,MG,Não
8787704703282,"RUA MARAJUARAS, N. 1051, Apto 14, BL 12 2 PAV LT 650 QD 222 Z43",GAFANHOTO,"Apartamento, 48.44 de área total, 45.83 de área privativa, 0.00 de área do terreno,  2 qto(s), a.serv, WC, 1 sala(s), cozinha, 1 vaga(s) de garagem.",70221.05,122500.0,42.68,Venda Direta Online,,DIVINOPOLIS,MG,Não
8444435862643,"RUA GUALTER TEIXEIRA MALTA, N. 1037, LT 280 QD 064 ZN 53",COPACABANA,"Casa, 105.50 de área total, 39.00 de área privativa, 187.50 de área do terreno,  3 qto(s), a.serv, WC, 1 sala(s), cozinha.",104000.35,180000.0,42.23,Venda Direta Online,,DIVINOPOLIS,MG,Não
8444413580602,"RUA GAMELEIRA, N. 561,",JARDINOPOLIS,"Casa, 98.40 de área total, 42.43 de área privativa, 270.00 de área do terreno,  2 qto(s), a.serv, WC, 1 sala(s), cozinha, 1 vaga(s) de garagem.",79459.06,137170.3,42.08,Licitação Aberta,,DIVINOPOLIS,MG,Não
8787701138290,"RUA ANTONIO CAMPOS BAHIA, N. 430, SUB LT 368 LT 184 QD 368 ZONA 043",RESIDENCIAL SAO FREI GALVAO,"Casa, 43.37 de área total, 43.37 de área privativa, 175.00 de área do terreno,  2 qto(s), a.serv, WC, 1 sala(s), cozinha.",74984.5,129445.85,42.08,Licitação Aberta,,DIVINOPOLIS,MG,Não
8787709993157,"RUA MARAJUARAS, N. 1051, Apto 10, BLOCO 13 VG 69",FAZENDA DO GAFANHOTO,"Apartamento, 122.51 de área total, 45.83 de área privativa, 0.00 de área do terreno, 1 vaga(s) de garagem.",86648.52,148000.0,41.46,Licitação Aberta,,DIVINOPOLIS,MG,Não
8787716230600,"RUA FRANCISCO JOSE PEDRO, N. 951, Apto 302, BLOCO 19",CHACARA SANTA RITA,"Apartamento, 121.19 de área total, 45.49 de área privativa, 0.00 de área do terreno, 1 vaga(s) de garagem.",99555.89,168000.0,40.75,Licitação Aberta,,DIVINOPOLIS,MG,Não
8444423678060,"RUA MARAJUARAS, N. SN, Apto 1379, BL 02 TERREO LT 86 QD 44 ZN 43",JARDIM CANDIDES,"Apartamento, 0.00 de área total, 61.55 de área privativa, 0.00 de área do terreno, 1 vaga(s) de garagem.",114892.9,190089.89,39.56,Venda Direta Online,,DIVINOPOLIS,MG,Não
8787701719404,"RUA DELFINOPOLIS, N. 500, Apto 104, BLOCO 04",PLANALTO,"Apartamento, 66.45 de área total, 53.26 de área privativa, 0.00 de área do terreno, 1 vaga(s) de garagem.",153076.13,250000.0,38.77,Licitação Aberta,,DIVINOPOLIS,MG,Não
8444402461488,"AVENIDA ORION, N. 219F, LT 274 QD 054",MANGABEIRAS,"Casa, 0.00 de área total, 55.54 de área privativa, 315.60 de área do terreno,  2 qto(s), varanda, a.serv, WC, 1 sala(s), cozinha.",111168.79,180000.0,38.24,Venda Direta Online,,DIVINOPOLIS,MG,Não
8787709389136,"RUA DURCELINA DE MORAIS, N. 20, SUBLOTE 000 LOTE 200 QUADRA 403 ZONA 4",RESIDENCIAL SAO FREI GALVAO,"Casa, 45.29 de área total, 45.29 de área privativa, 171.12 de área do terreno,  2 qto(s), a.serv, WC, 1 sala(s), cozinha, 1 vaga(s) de garagem.",96436.77,108000.0,10.71,Leilão SFI - Edital Único,,DIVINOPOLIS,MG,Não
8444407631810,"RUA JOSIAS CALDEIRA, N. 260,",DAVANUZE,"Casa, 69.97 de área total, 69.97 de área privativa, 166.93 de área do terreno,  3 qto(s), a.serv, WC, cozinha.",198000.0,198000.0,0.0,Leilão SFI - Edital Único,,DIVINOPOLIS,MG,Não
8444413393470,"RUA RAFAEL GIMENES, N. 145, 035226288",MARIA PECANHA,"Casa, 69.95 de área total, 69.95 de área privativa, 180.00 de área do terreno,  3 qto(s), a.serv, WC, 1 sala(s), cozinha, 1 vaga(s) de garagem.",152000.0,152000.0,0.0,Leilão SFI - Edital Único,,DIVINOPOLIS,MG,Não
8444425047084,"RUA JOSE GOMES DA SILVA, N. SN, Apto 210, BL 02 LT 144 QD 226 ZN 35",QUINTA DAS PALMEIRAS,"Apartamento, 106.41 de área total, 76.41 de área privativa, 0.00 de área do terreno,  3 qto(s), a.serv, WC, 1 sala(s), cozinha, Terraco, 1 vaga(s) de garagem.",200000.0,200000.0,0.0,Leilão SFI - Edital Único,,DIVINOPOLIS,MG,Não
8444430079835,"RUA SOLDADO DOMINGOS BRANDAO, N. 640, Apto 304, BL 03 SUBLOTE 044",REALENGO,"Apartamento, 68.11 de área total, 48.64 de área privativa, 0.00 de área do terreno,  2 qto(s), a.serv, WC, 1 sala(s), cozinha.",185000.0,185000.0,0.0,Leilão SFI - Edital Único,,DIVINOPOLIS,MG,Não
8444437555039,"RUA NECESIO DO NASCIMENTO BARRETO, N. 106-F, SUBLOTE 002 LT 136 QD 246 ZN 036",SANTA LUCIA,"Casa, 48.52 de área total, 48.52 de área privativa, 157.78 de área do terreno,  2 qto(s), a.serv, WC, 1 sala(s), cozinha.",190000.0,190000.0,0.0,Leilão SFI - Edital Único,,DIVINOPOLIS,MG,Não
8787701212520,"RUA ARISTIDES ALVES RODRIGUES, N. 141, RUA 10 QD 373 ZONA 43 LT 156 SUBLT 373",RESIDENCIAL SAO FREI GALVAO,"Casa, 43.00 de área total, 43.00 de área privativa, 170.50 de área do terreno,  2 qto(s), a.serv, WC, 1 sala(s), cozinha.",152500.0,152500.0,0.0,Leilão SFI - Edital Único,,DIVINOPOLIS,MG,Não
8555539273107,"RUA JESUS JOTA, N. 1501, Apto 304, BLOCO 09 SUBLOTE 140",INTERLAGOS,"Apartamento, 87.90 de área total, 42.83 de área privativa, 0.00 de área do terreno,  2 qto(s), a.serv, WC, 1 sala(s), cozinha, 1 vaga(s) de garagem.",154675.36,145608.45,0.0,Leilão SFI - Edital Único,,DIVINOPOLIS,MG,Não
8444411991907,"RUA EMBUIA, N. 497, LT 276 QD 100",JARDINOPOLIS,"Casa, 68.00 de área total, 68.00 de área privativa, 129.00 de área do terreno,  3 qto(s), a.serv, WC, cozinha, 1 vaga(s) de garagem.",147142.61,138000.0,0.0,Leilão SFI - Edital Único,,DIVINOPOLIS,MG,Não
1011304002071,"RUA JOAO SEVERINO DE AZEVEDO, N. SN, LT 37 QD 63 ZN 36",SAGRADA FAMILIA,"Casa, 80.00 de área total, 80.00 de área privativa, 300.00 de área do terreno,  3 qto(s), a.serv, WC, 1 sala(s), cozinha.",213737.24,194000.0,0.0,Leilão SFI - Edital Único,,DIVINOPOLIS,MG,Não
8444408964716,"RUA IPE, N. 441, SUBLOTE 002 LOTE 164 QUADRA 182 ZONA 0",JARDINOPOLIS,"Casa, 0.00 de área total, 52.52 de área privativa, 122.50 de área do terreno.",164273.22,135000.0,0.0,Leilão SFI - Edital Único,,DIVINOPOLIS,MG,Não
8444406616290,"RUA BOM DESPACHO, N. 202, CS 01",POUSADAS DO LAGO,"Casa, 58.66 de área total, 46.66 de área privativa, 120.00 de área do terreno,  2 qto(s), a.serv, WC, 1 sala(s), cozinha, 1 vaga(s) de garagem.",76959.62,160000.0,51.91,Venda Direta Online,,ESMERALDAS,MG,Não
8444414746431,"RUA DOZE, N. 88, CASA: 01",JARDIM DOS BANDEIRANTES (MELO VIANA),"Casa, 53.24 de área total, 53.24 de área privativa, 180.00 de área do terreno,  2 qto(s), a.serv, WC Emp, 1 sala(s), cozinha, 1 vaga(s) de garagem.",81995.95,161000.0,49.08,Venda Online,,ESMERALDAS,MG,Não
8444410810194,"RUA DEZ, N. 263, Apto 101,",VALE DAS ESMERALDAS 2 (MELO VIANA),"Apartamento, 0.00 de área total, 72.10 de área privativa, 0.00 de área do terreno, 1 vaga(s) de garagem.",71945.72,138000.0,47.87,Venda Direta Online,,ESMERALDAS,MG,Não
8444407153080,"RUA L, N. 788, CS 9, QD 02, LT 11A",PARQUE GIRASSOL,"Casa, 190.47 de área total, 46.97 de área privativa, 190.47 de área do terreno,  2 qto(s), a.serv, WC, 1 sala(s), cozinha.",61714.02,108000.0,42.86,Venda Direta Online,,ESMERALDAS,MG,Não
8444405418109,"RUA BOM DESPACHO (ANTIGA RUA DOIS), N. 202, CASA 02",POUSADAS DO LAGO,"Casa, 97.21 de área total, 46.21 de área privativa, 127.94 de área do terreno, 1 vaga(s) de garagem.",60571.17,106000.0,42.86,Venda Direta Online,,ESMERALDAS,MG,Não
8444406657859,"RUA SANTA MARIA MADALENA, N. 163, CS 03 LT 08 QD 09",POUSADAS DO LAGO,"Casa, 0.00 de área total, 42.00 de área privativa, 360.00 de área do terreno, 1 vaga(s) de garagem.",59999.74,105000.0,42.86,Venda Direta Online,,ESMERALDAS,MG,Não
8444404694420,"AVENIDA JEQUITIBA, N. 255, CS 04, QD 03, LT 15A",RECANTO DA MATA,"Casa, 44.98 de área total, 44.98 de área privativa, 136.01 de área do terreno,  2 qto(s), a.serv, WC, 1 sala(s), cozinha, 1 vaga(s) de garagem.",68787.97,120000.0,42.68,Venda Direta Online,,ESMERALDAS,MG,Não
8444405613416,"RUA CONTAGEM, N. 71, CS 02",RECREIO 2A SECAO,"Casa, 47.25 de área total, 47.25 de área privativa, 1000.00 de área do terreno,  2 qto(s), a.serv, WC, 1 sala(s), cozinha, 1 vaga(s) de garagem.",68787.97,120000.0,42.68,Licitação Aberta,,ESMERALDAS,MG,Não
8444424514550,"RUA ENCONTRO DAS ARARAS, N. 561, CS 02 LT 02 QD 09",DUMAVILLE,"Casa, 217.60 de área total, 57.12 de área privativa, 217.60 de área do terreno,  2 qto(s), a.serv, WC, 1 sala(s), cozinha, 1 vaga(s) de garagem.",77622.6,134000.0,42.08,Venda Direta Online,,ESMERALDAS,MG,Não
8444410987779,"RUA ARAXA, N. 249, Apto 101, 1º PAVIMENTO",SAO FRANCISCO DE ASSIS,"Apartamento, 55.39 de área total, 55.39 de área privativa, 0.00 de área do terreno,  2 qto(s), a.serv, WC, 1 sala(s), cozinha, 1 vaga(s) de garagem.",78201.87,135000.0,42.08,Venda Online,,ESMERALDAS,MG,Não
8787706165474,"RUA JOAO GUIMARAES ROSA, N. 1151, Apto 204, BL 07",SAO PEDRO,"Apartamento, 60.08 de área total, 44.70 de área privativa, 0.00 de área do terreno,  2 qto(s), a.serv, WC, 1 sala(s), cozinha, 1 vaga(s) de garagem.",73229.94,126416.96,42.08,Licitação Aberta,,ESMERALDAS,MG,Não
8787704670155,"RUA DAS FLORES, N. 184, Apto 101, BL O",SERRA VERDE,"Apartamento, 93.33 de área total, 47.10 de área privativa, 0.00 de área do terreno,  2 qto(s), a.serv, WC, 1 sala(s), cozinha, 1 vaga(s) de garagem.",90746.77,155000.0,41.46,Venda Online,,ESMERALDAS,MG,Não
8444400921570,"RUA QUATRO, N. 37, QD 05 LT 22 CS 1",RECREIO DO TIJUCO (MELO VIANA),"Casa, 45.33 de área total, 45.33 de área privativa, 360.00 de área do terreno,  2 qto(s), a.serv, WC, 1 sala(s), cozinha, 1 vaga(s) de garagem.",81964.82,140000.0,41.46,Venda Direta Online,,ESMERALDAS,MG,Não
8444404868089,"RUA ZILDA LUCIA DA SILVA, N. 683, CS 1",POUSADA DOS BANDEIRANTES,"Casa, 168.00 de área total, 51.44 de área privativa, 168.00 de área do terreno,  2 qto(s), a.serv, WC, 1 sala(s), cozinha, 1 vaga(s) de garagem.",94815.14,160000.0,40.75,Venda Online,,ESMERALDAS,MG,Não
8444411168143,"RUA DAS VIDEIRAS (ANTIGA RUA A), N. 130, Apto 01,",VILA ESMERALDAS,"Apartamento, 111.83 de área total, 64.40 de área privativa, 0.00 de área do terreno,  2 qto(s), a.serv, WC, 1 sala(s), cozinha, 1 vaga(s) de garagem.",105481.84,178000.0,40.75,Licitação Aberta,,ESMERALDAS,MG,Não
8444419326309,"AVENIDA UM, N. 1700, CASA 10",DUMAVILLE,"Casa, 200.87 de área total, 62.08 de área privativa, 200.87 de área do terreno,  3 qto(s), a.serv, WC, 1 sala(s), cozinha, 1 vaga(s) de garagem.",111816.5,185000.0,39.56,Venda Direta Online,,ESMERALDAS,MG,Não
8444416051724,"RUA NIGERIA, N. 28, CASA 01",RECANTO VERDE,"Casa, 180.00 de área total, 55.41 de área privativa, 180.00 de área do terreno, 1 vaga(s) de garagem.",111212.08,184000.0,39.56,Licitação Aberta,,ESMERALDAS,MG,Não
1444405516030,"RUA FRANCA, N. 376, LT 02 QD 22",SAO FRANCISCO DE ASSIS,"Terreno, 0.00 de área total, 0.00 de área privativa, 373.40 de área do terreno.",45928.77,75800.0,39.41,Licitação Aberta,,ESMERALDAS,MG,Não
1444408359903,"RUA DOS BEM TE VIS (ANTIGA R SETE), N. 114, CS 05 QD 10 LT 13",DUMAVILLE,"Casa, 0.00 de área total, 46.40 de área privativa, 262.28 de área do terreno,  2 qto(s), a.serv, WC, 1 sala(s), cozinha, 1 vaga(s) de garagem.",85466.19,140000.0,38.96,Licitação Aberta,,ESMERALDAS,MG,Não
8444403794227,"AVENIDA LUIZA GONCALVES DE OLIVEIRA, N. 732, CS 10, LT 09-A, QD 18",DUMAVILLE,"Casa, 89.95 de área total, 47.88 de área privativa, 101.96 de área do terreno,  2 qto(s), a.serv, WC, 1 sala(s), cozinha.",85466.19,140000.0,38.96,Venda Direta Online,,ESMERALDAS,MG,Não
1600000077546,"ALAMEDA DOS CEDROS, N. SN, CHACARA 10 GLEBA 10 SETOR 01",CONDOMINIO NOSSA FAZENDA,"Casa, 0.00 de área total, 100.00 de área privativa, 21525.00 de área do terreno.",1083434.31,1700000.0,36.27,Venda Direta Online,,ESMERALDAS,MG,Sim
1555526764915,"RUA TRES, N. SN, LT 50",VALE DAS ESMERALDAS 3 (MELO VIANA),"Terreno, 0.00 de área total, 0.00 de área privativa, 2008.00 de área do terreno.",235806.29,370000.0,36.27,Venda Direta Online,,ESMERALDAS,MG,Sim
8444404946152,"RUA 11, N. 257, CASA 02 LOTE 17 QUADRA 10",VALE DO PALMITAL,"Casa, 126.00 de área total, 52.33 de área privativa, 126.00 de área do terreno,  2 qto(s), a.serv, WC, 1 sala(s), cozinha, 1 vaga(s) de garagem.",109177.63,125000.0,12.66,Leilão SFI - Edital Único,,ESMERALDAS,MG,Não
8444400883954,"ALAMEDA DO IPE AMARELO, N. 35, CS 02 QD 03 GL 17B",QUINTAS SÃO JOSÉ,"Casa, 138.50 de área total, 45.50 de área privativa, 138.50 de área do terreno,  2 qto(s), a.serv, WC, 1 sala(s), cozinha, 1 vaga(s) de garagem.",162000.0,162000.0,0.0,Leilão SFI - Edital Único,,ESMERALDAS,MG,Não
8555516904259,"RUA NOSSA SENHORA APARECIDA, N. 169, CS 03 LT 16 QD 25",SANTA CECÍLIA,"Casa, 0.00 de área total, 46.90 de área privativa, 75.12 de área do terreno, 1 vaga(s) de garagem.",124000.0,124000.0,0.0,Leilão SFI - Edital Único,,ESMERALDAS,MG,Não
1444401788094,"RUA ACACIA, N. 147, CASA 01",FLORESTA ENCANTADA,"Casa, 69.95 de área total, 69.95 de área privativa, 360.00 de área do terreno, 1 vaga(s) de garagem.",196000.0,196000.0,0.0,Leilão SFI - Edital Único,,ESMERALDAS,MG,Não
1444406101488,"RUA AROEIRA BRANCA, N. 224, LOTE 04 QUADRA 21",FLORESTA ENCANTADA,"Casa, 183.80 de área total, 69.35 de área privativa, 183.80 de área do terreno,  2 qto(s), a.serv, 1 sala(s), cozinha, 2 vaga(s) de garagem.",220000.0,220000.0,0.0,Leilão SFI - Edital Único,,ESMERALDAS,MG,Não
8444411972430,"RUA PAINEIRA ROSA ANTIGA RUA O, N. 240, CS01",FLORESTA ENCANTADA,"Casa, 51.12 de área total, 51.12 de área privativa, 180.00 de área do terreno,  2 qto(s), a.serv, WC, 1 sala(s), cozinha, 1 vaga(s) de garagem.",192000.0,192000.0,0.0,Leilão SFI - Edital Único,,ESMERALDAS,MG,Não
1555505449077,"ALAMEDA DAS SUCUPIRAS, N. SN, GLEBA 59 SETOR 01",CONDOMINIO NOSSA FAZENDA,"Casa, 520.00 de área total, 137.00 de área privativa, 18480.00 de área do terreno,  4 qto(s), a.serv, WC, 1 sala(s), cozinha.",2603000.0,2603000.0,0.0,Leilão SFI - Edital Único,,ESMERALDAS,MG,Não
8444414842791,"RUA SETE, N. 52, Apto 202,",RECANTO VERDE II,"Apartamento, 75.68 de área total, 51.98 de área privativa, 0.00 de área do terreno, 1 sala(s), 1 vaga(s) de garagem.",140000.0,140000.0,0.0,Leilão SFI - Edital Único,,ESMERALDAS,MG,Não
8444420702823,"RUA AMERICO CAETANO MINGONI, N. 351, Apto 104, BLOCO 04 1 PAVIMENTO VAGA 36",REFUGIO DOS TROPEIROS 2,"Apartamento, 115.72 de área total, 47.04 de área privativa, 0.00 de área do terreno, 1 vaga(s) de garagem.",122000.0,122000.0,0.0,Leilão SFI - Edital Único,,ESMERALDAS,MG,Não
8444415501386,"AVENIDA SAO JUDAS TADEU, N. 1768, Apto 101, LT 11 QD 38",SANTA CECILIA,"Apartamento, 146.35 de área total, 65.65 de área privativa, 0.00 de área do terreno,  2 qto(s), a.serv, WC, 1 sala(s), cozinha, 1 vaga(s) de garagem.",162000.0,162000.0,0.0,Leilão SFI - Edital Único,,ESMERALDAS,MG,Não
8555518757105,"RUA MENINO JESUS DE PRAGA, N. 179, QD 25 LT 27 CS 01",SANTA CECILIA,"Casa, 90.00 de área total, 46.84 de área privativa, 78.00 de área do terreno,  2 qto(s), WC, 1 sala(s), cozinha, 1 vaga(s) de garagem.",140000.0,140000.0,0.0,Leilão SFI - Edital Único,,ESMERALDAS,MG,Não
8787706202477,"RUA JOAO GUIMARAES ROSA, N. 1151, Apto 101, BL 09  LT 08A QD 37",SAO PEDRO,"Apartamento, 60.08 de área total, 44.70 de área privativa, 0.00 de área do terreno,  2 qto(s), a.serv, WC, 1 sala(s), cozinha, 1 vaga(s) de garagem.",130000.0,130000.0,0.0,Leilão SFI - Edital Único,,ESMERALDAS,MG,Não
8787707264220,"RUA JOAO GUIMARAES ROSA, N. 1151, Apto 104, BL 08 1 PAV",SAO PEDRO,"Apartamento, 60.08 de área total, 44.70 de área privativa, 0.00 de área do terreno,  2 qto(s), a.serv, WC, 1 sala(s), cozinha, 1 vaga(s) de garagem.",153000.0,153000.0,0.0,Leilão SFI - Edital Único,,ESMERALDAS,MG,Não
8787707148255,"RUA JOAO GUIMARAES ROSA, N. 1151, Apto AP 20, 2° PAVIMENTO BL 05",SAO PEDRO,"Apartamento, 60.08 de área total, 44.70 de área privativa, 0.00 de área do terreno,  2 qto(s), a.serv, WC, 1 sala(s), cozinha, 1 vaga(s) de garagem.",124819.32,120000.0,0.0,Leilão SFI - Edital Único,,ESMERALDAS,MG,Não
8444411099117,"RUA 10, N. 263, Apto 202, 2º PAVIMENTO",VALE DO PALMITAL (MELO VIANA),"Apartamento, 75.73 de área total, 71.11 de área privativa, 0.00 de área do terreno,  2 qto(s), a.serv, WC, 1 sala(s), cozinha, Terraco, 1 vaga(s) de garagem.",159102.72,148000.0,0.0,Leilão SFI - Edital Único,,ESMERALDAS,MG,Não
8444413020372,"RUA TURQUIA, N. 147, CS 01",RECANTO VERDE,"Casa, 57.75 de área total, 57.75 de área privativa, 180.00 de área do terreno,  2 qto(s), a.serv, WC, 1 sala(s), cozinha, 1 vaga(s) de garagem.",155664.08,140000.0,0.0,Leilão SFI - Edital Único,,ESMERALDAS,MG,Não
8444404764402,"RUA NESPEIRAS, N. 23, Apto 201,",FLORESTA ENCANTADA,"Apartamento, 126.12 de área total, 72.25 de área privativa, 0.00 de área do terreno,  2 qto(s), WC, 1 sala(s), cozinha, 1 vaga(s) de garagem.",129468.54,67000.0,0.0,Leilão SFI - Edital Único,,ESMERALDAS,MG,Não
8444402823045,"RUA DAVID GOMES DA SILVA, N. 79, LT 01 QD C",ESPERA FELIZ,"Casa, 0.00 de área total, 75.73 de área privativa, 79.12 de área do terreno,  2 qto(s), a.serv, WC, 1 sala(s), cozinha, Terraco, 1 vaga(s) de garagem.",36355.22,75000.0,51.53,Venda Online,,ESPERA FELIZ,MG,Não
8444405617241,"RUA TIRADENTES, N. 105, LT 10-A QD 30-F",AEROPORTO,"Casa, 64.13 de área total, 64.13 de área privativa, 192.00 de área do terreno,  2 qto(s), varanda, a.serv, WC, 1 sala(s), cozinha.",50001.04,99000.0,49.5,Venda Direta Online,,FORMOSO,MG,Não
8444401684432,"RUA CINCO, N. 371, LOTE 06 QUADRA 03",FLORESTA,"Casa, 51.00 de área total, 51.00 de área privativa, 180.00 de área do terreno,  2 qto(s), a.serv, WC, 1 sala(s), cozinha.",82200.0,137000.0,40.0,Leilão SFI - Edital Único,,FORTUNA DE MINAS,MG,Não
1444424066460,"RUA PARANA, N. 54, QD 186-A LT 05",NOSSA SENHORA APARECIDA,"Casa, 296.00 de área total, 296.00 de área privativa, 312.00 de área do terreno,  4 qto(s), a.serv, WC, 1 sala(s), 1 lavabo(s), cozinha, 2 vaga(s) de garagem.",895426.59,1405000.0,36.27,Venda Direta Online,,FRUTAL,MG,Sim
8444421364573,"RUA MOACIR CAMPOS, N. 76, QD 1443 LT 06",MORADA DOS IPES,"Casa, 57.15 de área total, 57.15 de área privativa, 163.30 de área do terreno,  2 qto(s), a.serv, WC, 1 sala(s), cozinha.",160000.0,160000.0,0.0,Leilão SFI - Edital Único,,FRUTAL,MG,Não
8787705595971,"RUA TICOTICO, N. 51, QD 1276 LT 6",LOTEAMENTO RESIDENCIAL PARQUE DAS ACACIA,"Casa, 65.13 de área total, 65.13 de área privativa, 200.00 de área do terreno,  2 qto(s), a.serv, WC, 1 sala(s), cozinha.",170000.0,170000.0,0.0,Leilão SFI - Edital Único,,FRUTAL,MG,Não
8444424775612,"RUA OTOGAMIZ FREITAS SANTOS, N. 127, LT 14 QD D",LOT MAR DE MINAS,"Casa, 42.49 de área total, 42.49 de área privativa, 300.00 de área do terreno,  1 qto(s), a.serv, WC, 1 sala(s), cozinha.",135000.0,135000.0,0.0,Leilão SFI - Edital Único,,GUAPE,MG,Não
10214787,"RUA PEDRO FRANCHI, N. 00, ÁREAS 4, 6 E 7",VILA CAMPANHA,"Terreno, 0.00 de área total, 0.00 de área privativa, 1043.27 de área do terreno.",369382.04,654000.0,43.52,Venda Direta Online,,GUAXUPE,MG,Sim
8787711334874,"RUA RIO GRANDE DO NORTE, N. 239, LT 52 QD 65 ST 06",PORTAL DO CERRADO,"Casa, 41.89 de área total, 41.89 de área privativa, 204.10 de área do terreno,  2 qto(s), varanda, WC, 1 sala(s), cozinha.",62625.71,115000.0,45.55,Venda Direta Online,,GUIMARANIA,MG,Não
8787714172697,"RUA RIO GRANDE DO NORTE, N. 589, LT 99 QD 68 SETOR 06",PORTAL DO CERRADO,"Casa, 41.89 de área total, 41.89 de área privativa, 164.96 de área do terreno,  2 qto(s), a.serv, WC, 1 sala(s), cozinha.",65348.57,120000.0,45.55,Venda Direta Online,,GUIMARANIA,MG,Não
8787714323164,"RUA RIO GRANDE DO NORTE, N. 599, LT 108 QD 68 ST 06",PORTAL DO CERRADO,"Casa, 41.89 de área total, 41.89 de área privativa, 163.98 de área do terreno,  2 qto(s), varanda, a.serv, WC, 1 sala(s), cozinha.",68071.43,125000.0,45.55,Venda Direta Online,,GUIMARANIA,MG,Não
8787711738118,"RUA RIO GRANDE DO NORTE, N. 350, LT 178 QD 63 ST 06",PORTAL DO CERRADO,"Casa, 41.89 de área total, 41.89 de área privativa, 180.00 de área do terreno,  2 qto(s), varanda, a.serv, WC, 1 sala(s), cozinha.",74291.77,135000.0,44.97,Venda Direta Online,,GUIMARANIA,MG,Não
8787711766839,"RUA RIO GRANDE DO NORTE, N. 370, LT 160 QD 63 ST 06",PORTAL DO CERRADO,"Casa, 41.89 de área total, 41.89 de área privativa, 180.00 de área do terreno,  2 qto(s), varanda, a.serv, WC, 1 sala(s), cozinha.",74291.77,135000.0,44.97,Venda Direta Online,,GUIMARANIA,MG,Não
8787714055984,"RUA RIO GRANDE DO NORTE, N. 570, LT 355 QD 61 ST 06",PORTAL DO CERRADO,"Casa, 41.89 de área total, 41.89 de área privativa, 180.00 de área do terreno,  2 qto(s), varanda, a.serv, WC, 1 sala(s), cozinha.",74291.77,135000.0,44.97,Venda Direta Online,,GUIMARANIA,MG,Não
8787711893865,"RUA RIO GRANDE DO NORTE, N. 460, LT 169 QD 62 SETOR 06",CENTRO,"Casa, 41.89 de área total, 41.89 de área privativa, 180.00 de área do terreno,  2 qto(s), varanda, a.serv, WC, 1 sala(s), cozinha.",74291.77,135000.0,44.97,Venda Direta Online,,GUIMARANIA,MG,Não
8787710904391,"RUA RIO GRANDE DO NORTE, N. 219, LT 34 QD 65 ST 06",PORTAL DO CERRADO,"Casa, 41.89 de área total, 41.89 de área privativa, 206.68 de área do terreno,  2 qto(s), varanda, WC, 1 sala(s), cozinha.",64273.76,115000.0,44.11,Venda Direta Online,,GUIMARANIA,MG,Não
8787714172387,"RUA RIO GRANDE DO NORTE, N. 539, LT 54 QD 68 ST 06",PORTAL DO CERRADO,"Casa, 41.89 de área total, 41.89 de área privativa, 169.91 de área do terreno,  2 qto(s), varanda, WC, 1 sala(s), cozinha.",69862.78,125000.0,44.11,Venda Direta Online,,GUIMARANIA,MG,Não
8787711349022,"RUA RIO GRANDE DO NORTE, N. SN, LOTE 28, QUADRA 66",PORTAL DO CERRADO,"Terreno, 41.89 de área total, 0.00 de área privativa, 195.64 de área do terreno.",64571.15,113000.0,42.86,Venda Direta Online,,GUIMARANIA,MG,Não
8787712400668,"RUA RIO GRANDE DO NORTE, N. 470,",PORTAL DO CERRADO,"Casa, 41.89 de área total, 41.89 de área privativa, 180.00 de área do terreno,  2 qto(s), varanda, WC, 1 sala(s), cozinha.",71654.14,125000.0,42.68,Licitação Aberta,,GUIMARANIA,MG,Não
8787711870881,"RUA RIO GRANDE DO NORTE, N. 500, LT 418 QD 61 SETOR 06",PORTAL DO CERRADO,"Casa, 41.89 de área total, 41.89 de área privativa, 180.00 de área do terreno,  2 qto(s), a.serv, WC, 1 sala(s), cozinha.",75305.5,130000.0,42.08,Venda Direta Online,,GUIMARANIA,MG,Não
8444415758530,"RUA VITALINO RUELA, N. 565-B, UNIDADE 03",CENTRO,"Casa, 87.76 de área total, 71.95 de área privativa, 0.00 de área do terreno,  2 qto(s), a.serv, WC, 1 sala(s), cozinha, 1 vaga(s) de garagem.",72988.41,126000.0,42.08,Venda Online,,IAPU,MG,Não
1444415024482,"AV. TATÃO PALHARES, N. 1777, LT 8 QD 9",Ibia,"Casa, 69.84 de área total, 69.84 de área privativa, 392.40 de área do terreno,  3 qto(s), a.serv, WC, 1 sala(s), cozinha, 1 vaga(s) de garagem.",262000.0,262000.0,0.0,Leilão SFI - Edital Único,,IBIA,MG,Não
1444415527328,"ALAMEDA DO ITABIRITO, N. SN, CHAC 15A QD 02",QUINTAS DA JANGADA - 2A SECAO,"Terreno, 0.00 de área total, 0.00 de área privativa, 1198.50 de área do terreno.",235168.97,410000.0,42.65,Venda Online,,IBIRITE,MG,Sim
8444407245457,"AVENIDA TOM JOBIM, N. 41, CS 05 LT 03 QD 02",JARDIM MONTANHES,"Casa, 45.74 de área total, 45.74 de área privativa, 95.71 de área do terreno,  2 qto(s), WC, 1 sala(s), cozinha.",175000.0,175000.0,0.0,Leilão SFI - Edital Único,,IBIRITE,MG,Não
8787713416444,"AVENIDA BOA ESPERANCA, N. 111, Apto 704, BL D",VARZEA,"Apartamento, 90.19 de área total, 46.96 de área privativa, 0.00 de área do terreno,  2 qto(s), WC, 1 sala(s), cozinha, 1 vaga(s) de garagem.",224000.0,224000.0,0.0,Leilão SFI - Edital Único,,IBIRITE,MG,Não
8444430007133,"RUA NELSON PINHEIRO DINIZ, N. 31, Apto 302, PAV 2 VG 6",CANAA - 1A SECAO,"Apartamento, 75.00 de área total, 50.52 de área privativa, 0.00 de área do terreno,  2 qto(s), WC, 1 sala(s), cozinha, 1 vaga(s) de garagem.",230000.0,225000.0,0.0,Leilão SFI - Edital Único,,IBIRITE,MG,Não
8444414506724,"RUA DAGMAR DE ALMEIDA, N. 1047, CS 3  LT 10 QD 41",NOVO HORIZONTE,"Casa, 60.40 de área total, 50.05 de área privativa, 115.81 de área do terreno,  2 qto(s), a.serv, WC, 1 sala(s), cozinha, 1 vaga(s) de garagem.",250000.0,225520.27,0.0,Leilão SFI - Edital Único,,IBIRITE,MG,Não
1444405778956,"RUA 01, N. SN, LT 23 QD 06",RESIDENCIAL VISTA DA SERRA,"Terreno, 0.00 de área total, 0.00 de área privativa, 2371.00 de área do terreno.",117702.16,187000.0,37.06,Licitação Aberta,,IGARAPE,MG,Não
1444408726000,"RUA MEM DE SÁ, N. 389, CASA 01  LT 09 QD 86",POUSADA DEL REY,"Casa, 0.00 de área total, 69.80 de área privativa, 360.00 de área do terreno,  3 qto(s), a.serv, WC, 1 sala(s), cozinha.",470000.0,470000.0,0.0,Leilão SFI - Edital Único,,IGARAPE,MG,Não
8444430121289,"RUA LAERCIO DONIZETE DE ALMEIDA, N. SN, LT 12 QD J",IJACI,"Terreno, 0.00 de área total, 0.00 de área privativa, 202.57 de área do terreno.",151610.97,103000.0,0.0,Leilão SFI - Edital Único,,IJACI,MG,Não
1444416085779,"R SALTO OSORIO (ANTIGA R USIMINAS OU AV F), N. SN, QD 13 LT 24",CIDADE NOBRE,"Terreno, 0.00 de área total, 0.00 de área privativa, 880.00 de área do terreno.",691486.02,1085000.0,36.27,Venda Direta Online,,IPATINGA,MG,Sim
8555535282012,"RUA ENGENHEIRO SIMAO LACERDA, N. 70, Apto 411, BL C",PADRE EUSTAQUIO,"Apartamento, 58.97 de área total, 55.57 de área privativa, 0.00 de área do terreno,  2 qto(s), WC, 1 sala(s), cozinha, 1 vaga(s) de garagem.",270000.0,270000.0,0.0,Leilão SFI - Edital Único,,ITABIRITO,MG,Não
8444416478868,"RUA EVARISTO ALKIMIN DA COSTA, N. 261, CS 03 LT 05",ACUDE,"Casa, 69.31 de área total, 56.81 de área privativa, 399.02 de área do terreno,  2 qto(s), a.serv, WC, 1 sala(s), cozinha, 1 vaga(s) de garagem.",87233.99,149000.0,41.46,Venda Online,,ITAJUBA,MG,Não
10279406,"RUA FIORELO CASCARDO, N. SN, ÁREA VERDE 2",VARGINHA,"Terreno, 0.00 de área total, 0.00 de área privativa, 1614.00 de área do terreno.",932072.16,1500000.0,37.87,Venda Direta Online,,ITAJUBA,MG,Sim
10291036,"RUA FIORELO CASCARDO, N. s/n, 00",VARGINHA,"Terreno, 0.00 de área total, 0.00 de área privativa, 2195.95 de área do terreno.",740015.96,1161147.58,36.27,Licitação Aberta,,ITAJUBA,MG,Sim
1444423759534,"RUA DONA AMELIA, N. 405, LOTE 21 QUADRA 39",BOM JESUS,"Casa, 272.82 de área total, 272.82 de área privativa, 291.00 de área do terreno,  3 qto(s), a.serv, WC, 2 sala(s), 1 lavabo(s), cozinha.",1123000.0,1123000.0,0.0,Leilão SFI - Edital Único,,ITAMARANDIBA,MG,Não
1444402846756,"RODOVIA BR-354, N. 2962,",ESTIVA,"Casa, 377.69 de área total, 377.69 de área privativa, 12450.00 de área do terreno.",1441417.47,844000.0,0.0,Leilão SFI - Edital Único,,ITAMONTE,MG,Não
8444424813280,"RUA JOÃO KIRCHNER, N. SN, LT D CÓRREGO DO FERRO",ITAU DE MINAS,"Terreno, 0.00 de área total, 0.00 de área privativa, 224.00 de área do terreno.",134657.71,60000.0,0.0,Leilão SFI - Edital Único,,ITAU DE MINAS,MG,Não
1555529910432,"RUA CÂNDIDO BERNARDES, N. 662, L 13  Q 22",SAO GERALDO,"Terreno, 0.00 de área total, 0.00 de área privativa, 495.52 de área do terreno.",84852.04,205000.0,58.61,Venda Direta Online,,ITAUNA,MG,Não
1444419025238,"RUA TUPIS, N. 128, LT01",RESIDENCIAL BURITIS,"Casa, 0.00 de área total, 252.68 de área privativa, 821.34 de área do terreno,  2 qto(s), WC, 1 sala(s), 1 lavabo(s), cozinha.",405069.73,750000.0,46.0,Venda Online,,ITUIUTABA,MG,Sim
1444420103620,"RUA ANDRE MANDIN TEODORO, N. 197, LT 15",SOL NASCENTE,"Prédio, 221.83 de área total, 221.83 de área privativa, 250.00 de área do terreno,  3 qto(s), a.serv, WC, 1 sala(s), cozinha.",373784.83,690000.0,45.83,Venda Direta Online,,ITUIUTABA,MG,Não
1444424728250,"RUA QUINZE, N. SN, LT 02, QD 56",SANTA MARIA,"Terreno, 0.00 de área total, 0.00 de área privativa, 0.00 de área do terreno.",340963.15,535000.0,36.27,Venda Online,,ITUIUTABA,MG,Sim
1444411236370,"RUA GIRASSOL, N. 298, QD 06 LT 49",CIDADE JARDIM,"Casa, 175.23 de área total, 175.23 de área privativa, 300.00 de área do terreno,  3 qto(s), a.serv, WC, 1 sala(s), cozinha.",560000.0,560000.0,0.0,Leilão SFI - Edital Único,,ITUIUTABA,MG,Não
8555532303914,"RUA CALIFORNIA, N. 100, QD 03 LT 32",RESIDENCIAL JARDIM ESTADOS UNIDOS,"Casa, 64.53 de área total, 64.53 de área privativa, 200.00 de área do terreno,  2 qto(s), a.serv, WC, 1 sala(s), cozinha.",140000.0,140000.0,0.0,Leilão SFI - Edital Único,,ITUIUTABA,MG,Não
8555531008200,"AVENIDA 01, N. 204, LT 05 QD 02",CENTRO,"Casa, 0.00 de área total, 45.16 de área privativa, 180.00 de área do terreno,  2 qto(s), a.serv, WC, 1 sala(s), cozinha, 1 vaga(s) de garagem.",70036.73,130000.0,46.13,Venda Online,,ITURAMA,MG,Não
8555529132284,"RUA JOÃO FERREIRA ROSA, N. 80, LT 07 QD 20",RES VERA LÚCIA ELIAS,"Casa, 57.74 de área total, 45.16 de área privativa, 180.00 de área do terreno,  2 qto(s), a.serv, WC, 1 sala(s), cozinha.",71396.86,124551.19,42.68,Venda Direta Online,,ITURAMA,MG,Não
8555512597440,"AV JOAO FERREIRA DA SILVA, N. 1232, LT 05 QD R  R05ANTIGA AVENIDA 3",BAIRRO SANTA ROSA,"Prédio, 42.77 de área total, 42.77 de área privativa, 200.00 de área do terreno,  2 qto(s), a.serv, WC, 1 sala(s), cozinha.",103118.0,174011.03,40.75,Venda Direta Online,,ITURAMA,MG,Não
8444426209231,"RUA MIRASSOL, N. 236,  LOTE 27 QUADRA 09",CENTRO,"Casa, 43.00 de área total, 43.00 de área privativa, 177.00 de área do terreno,  2 qto(s), a.serv, WC, 1 sala(s), cozinha, 1 vaga(s) de garagem.",99433.15,167792.88,40.75,Licitação Aberta,,ITURAMA,MG,Não
8444424985838,"AV. PAINEIRA, N. SN, LT 01 QD 04",BAIRRO FLORESTA,"Terreno, 0.00 de área total, 0.00 de área privativa, 240.00 de área do terreno.",148661.6,70000.0,0.0,Leilão SFI - Edital Único,,ITURAMA,MG,Não
1444404168402,"0 LOTE 08 QUADRA 12 LOTEAMENTO RESERVA REAL  UNIDA, N. SN, LT 08 QD 12",CENTRO,"Terreno, 0.00 de área total, 0.00 de área privativa, 1000.00 de área do terreno.",63359.26,220000.0,71.21,Venda Online,,JABOTICATUBAS,MG,Não
1444406472117,"LT 10, N. 10, QD 11",UNIDADE TENIS,"Terreno, 0.00 de área total, 0.01 de área privativa, 1055.44 de área do terreno.",47001.97,110000.0,57.28,Venda Direta Online,,JABOTICATUBAS,MG,Não
1444407150741,"LOTE 02, N. SN, QD 16",CENTRO,"Terreno, 0.00 de área total, 0.00 de área privativa, 1046.59 de área do terreno.",49063.07,100000.0,50.94,Venda Direta Online,,JABOTICATUBAS,MG,Não
1444405045479,"LT 06 QD 38, N. SN, LOT RESERVA REAL - UNIDADE GOLFE",RESERVA REAL,"Terreno, 0.00 de área total, 0.00 de área privativa, 1011.52 de área do terreno.",61853.6,117000.0,47.14,Venda Online,,JABOTICATUBAS,MG,Não
1444403691730,"SEM NOME, N. SN, LT 04 QD 39",RESERVA REAL UN GOLF,"Terreno, 0.00 de área total, 0.00 de área privativa, 1000.00 de área do terreno.",65358.03,115000.0,43.17,Venda Direta Online,,JABOTICATUBAS,MG,Não
1444406460267,"RUA ISO 04, N. SN, UNIDADE TENIS LT 12 QD 11",RESERVA REAL,"Terreno, 0.00 de área total, 0.00 de área privativa, 1048.37 de área do terreno.",65358.03,115000.0,43.17,Venda Direta Online,,JABOTICATUBAS,MG,Não
1444403533883,"RUA SEM NOME, N. SN, LT 01 QD 36",RESERVA REAL UN GOLF,"Terreno, 0.00 de área total, 0.00 de área privativa, 1000.50 de área do terreno.",146263.63,255000.0,42.65,Venda Direta Online,,JABOTICATUBAS,MG,Sim
1444405615194,"QD 26, LT 11, N. SN,",RESERVA REAL,"Terreno, 0.00 de área total, 0.00 de área privativa, 1060.20 de área do terreno.",66323.67,111200.0,40.36,Venda Direta Online,,JABOTICATUBAS,MG,Não
1444404428048,"RUA GUARANI, N. 320, LT 01 QD 42",JABOTICATUBAS,"Terreno, 0.00 de área total, 0.00 de área privativa, 1495.81 de área do terreno.",54957.41,91000.0,39.61,Venda Direta Online,,JABOTICATUBAS,MG,Não
1444406575994,"QUADRA 15, N. SN, LT 01",CENTRO,"Terreno, 0.00 de área total, 0.00 de área privativa, 1005.70 de área do terreno.",88518.56,145000.0,38.96,Venda Direta Online,,JABOTICATUBAS,MG,Não
1444403568008,"RESERVAREAL - UNIDADE GOLFE, N. SN, LT 22 QD 32 COND GOLFE",RESERVA REAL,"Terreno, 0.00 de área total, 0.00 de área privativa, 1004.83 de área do terreno.",133783.92,218000.0,38.64,Venda Direta Online,,JABOTICATUBAS,MG,Sim
10218357,"RUA 11, N. 00, QD 23, LT 22",PIONEIRO,"Terreno, 0.00 de área total, 0.00 de área privativa, 446.71 de área do terreno.",39793.82,71000.0,43.96,Venda Direta Online,,JAIBA,MG,Não
8555537742924,"RUA B, N. S/N, QD-G, LT47",LOTEAMENTO LIBERDADE,"Casa, 51.39 de área total, 51.39 de área privativa, 200.00 de área do terreno,  2 qto(s), varanda, a.serv, WC, cozinha.",100741.08,170000.0,40.75,Venda Direta Online,,JANUARIA,MG,Não
8444417186542,"AVENIDA LEÃO XIII, N. 1650, CASA 14",Januária,"Casa, 172.17 de área total, 76.53 de área privativa, 192.67 de área do terreno,  2 qto(s), a.serv, WC, 1 sala(s), cozinha, 1 vaga(s) de garagem.",280694.01,160000.0,0.0,Leilão SFI - Edital Único,,JANUARIA,MG,Não
1555529441106,"RUA CEL VICENTE NUNES AZEVEDO, N. 45, .",CENTRO,"Casa, 0.00 de área total, 210.85 de área privativa, 314.00 de área do terreno,  3 qto(s), WC, 1 sala(s), cozinha, 1 vaga(s) de garagem.",253843.69,470000.0,46.0,Venda Online,,JEQUITAI,MG,Não
8444418144932,"RUA VALMIR LEITE, N. 1020,",SANTA LUZIA,"Casa, 51.25 de área total, 51.25 de área privativa, 130.00 de área do terreno,  2 qto(s), a.serv, WC, 1 sala(s), cozinha.",68214.74,119000.0,42.68,Venda Direta Online,,JEQUITINHONHA,MG,Não
8444420563670,"RUA PALMEIRA IMPERIAL, N. 61, QD 05 LT 15",MORADA NOVA,"Casa, 69.00 de área total, 69.00 de área privativa, 185.81 de área do terreno,  2 qto(s), a.serv, WC, 1 sala(s), cozinha.",107463.17,174000.0,38.24,Venda Online,,JEQUITINHONHA,MG,Não
10290986,"RUA DIRCEU DA FONSECA, N. 00, QD G, LT 01",MANGABEIRAS,"Comercial, 0.00 de área total, 309.83 de área privativa, 528.00 de área do terreno.",712517.39,1118000.0,36.27,Licitação Aberta,,JOAO MONLEVADE,MG,Sim
8169888000658,"RUA THOMAS EDSON, N. 33, LOTE 05-A QUADRA 08, CS 07, VG 07",CANAAN,"Casa, 39.96 de área total, 39.96 de área privativa, 88.79 de área do terreno,  2 qto(s), a.serv, WC, 1 sala(s), cozinha, 1 vaga(s) de garagem.",62285.44,109000.0,42.86,Licitação Aberta,,JUATUBA,MG,Não
8444410872211,"RUA SEBASTIAO ROBERTO SCHNEIDER, N. 43/202,",SAO DAMIAO,"Casa, 75.85 de área total, 75.85 de área privativa, 266.00 de área do terreno,  2 qto(s), a.serv, WC, 1 sala(s), cozinha, 1 vaga(s) de garagem.",99123.81,205000.0,51.65,Venda Direta Online,,JUIZ DE FORA,MG,Sim
1555525368404,"RUA CELMA MOREIRA SILVEIRA (ANT RUA A), N. 204",FONTESVILLE II,"Comercial, 0.00 de área total, 289.00 de área privativa, 0.00 de área do terreno,  1 qto(s), WC, 2 sala(s).",135919.75,276740.14,50.89,Venda Direta Online,,JUIZ DE FORA,MG,Não
8555514545987,"RUA TRES ILHAS, N. 362, CASA 1 FUNDOS",SANTA LUZIA,"Outros, 0.00 de área total, 63.00 de área privativa, 0.00 de área do terreno,  2 qto(s), a.serv, WC, 1 sala(s), cozinha.",122855.83,245000.0,49.86,Venda Direta Online,,JUIZ DE FORA,MG,Não
8444401571425,"RUA GUIMARAES JUNIOR, N. 735, Apto 201,",NOVA ERA,"Apartamento, 72.00 de área total, 72.00 de área privativa, 0.00 de área do terreno,  2 qto(s), a.serv, WC, 1 sala(s), cozinha, Terraco.",85383.52,170000.0,49.78,Venda Direta Online,,JUIZ DE FORA,MG,Sim
8444412339944,"RUA SAO TARCISIO, N. 244, CS 03",MEGIOLARO,"Casa, 50.23 de área total, 50.23 de área privativa, 0.00 de área do terreno,  2 qto(s), WC, 1 sala(s), cozinha.",41557.98,82000.0,49.32,Venda Direta Online,,JUIZ DE FORA,MG,Não
8555535686318,"RUA PROFESSOR IRINEU JOSE DE PAULA, N. 200, Apto 203, TORRE I",PREVIDENCIARIOS,"Apartamento, 54.07 de área total, 44.00 de área privativa, 0.00 de área do terreno,  2 qto(s), WC, 1 sala(s), cozinha, 1 vaga(s) de garagem.",71800.9,134000.0,46.42,Venda Direta Online,,JUIZ DE FORA,MG,Não
1444402473887,"AVENIDA ANTONIO MIRANDA, N. SN, QD A LT 02",VILA IDEAL,"Casa, 0.00 de área total, 100.00 de área privativa, 305.70 de área do terreno.",206315.51,382000.0,46.0,Venda Online,,JUIZ DE FORA,MG,Não
8444429069627,"RUA MARTINS BARBOSA, N. 1000, Apto 302,",BENFICA,"Apartamento, 38.29 de área total, 38.29 de área privativa, 0.00 de área do terreno,  2 qto(s), WC, 1 sala(s), cozinha, 1 vaga(s) de garagem.",74876.13,129258.78,42.08,Licitação Aberta,,JUIZ DE FORA,MG,Não
8444434838919,"RUA PEDRO ANTONIO DA CONCEICAO, N. 235, Apto 103, BL F LT 21-A QD B",SANTA ISABEL,"Apartamento, 51.00 de área total, 51.51 de área privativa, 0.00 de área do terreno,  2 qto(s), WC, 1 sala(s), cozinha, 1 vaga(s) de garagem.",78201.87,135000.0,42.08,Venda Direta Online,,JUIZ DE FORA,MG,Não
8444435852737,"RUA PROFESSOR IRINEU JOSE DE PAULA, N. 200, Apto 105, TR II QD F",PREVIDENCIARIOS,"Apartamento, 54.88 de área total, 44.00 de área privativa, 0.00 de área do terreno,  2 qto(s), WC, 1 sala(s), cozinha, 1 vaga(s) de garagem.",74837.47,129192.04,42.08,Venda Direta Online,,JUIZ DE FORA,MG,Não
8444433105446,"RUA MARCIANO PINTO, N. 1635, Apto 401, BL H AREA 01-A",SANTA EFIGENIA,"Apartamento, 62.08 de área total, 62.08 de área privativa, 0.00 de área do terreno,  2 qto(s), WC, 1 sala(s), cozinha, 1 vaga(s) de garagem.",84306.67,144000.0,41.46,Venda Direta Online,,JUIZ DE FORA,MG,Não
8444434079147,"RUA MARCIANO PINTO, N. 1635, Apto 102SS, BL M AREA 01-A",SANTA EFIGENIA,"Apartamento, 0.00 de área total, 62.08 de área privativa, 0.00 de área do terreno,  2 qto(s), WC, 1 sala(s), cozinha, 1 vaga(s) de garagem.",84001.09,143478.05,41.46,Venda Direta Online,,JUIZ DE FORA,MG,Não
8444435592662,"RUA MARCIANO PINTO, N. 1635, Apto 202, BL O AREA 01A",SANTA EFIGENIA,"Apartamento, 0.00 de área total, 62.08 de área privativa, 0.00 de área do terreno, 1 vaga(s) de garagem.",84306.67,144000.0,41.46,Venda Direta Online,,JUIZ DE FORA,MG,Não
8787705294262,"RUA LYGIA LUCAS KAMIL, N. 270, Apto 607,  LT 49 QD F",SANTA ISABEL,"Apartamento, 65.04 de área total, 65.04 de área privativa, 0.00 de área do terreno,  2 qto(s), WC, 1 sala(s), cozinha.",89575.84,153000.0,41.46,Venda Direta Online,,JUIZ DE FORA,MG,Não
8787702217283,"RUA DAS MARCASSITAS, N. 260, Apto 603, TORRE IV",SÃO CLEMENTE,"Apartamento, 57.66 de área total, 57.66 de área privativa, 0.00 de área do terreno,  2 qto(s), WC, 1 sala(s), cozinha, 1 vaga(s) de garagem.",114772.28,194759.31,41.07,Venda Online,,JUIZ DE FORA,MG,Não
8444435698339,"AVENIDA BRASIL, N. 16701, Apto 807, TR 03 PAV 08",BARBOSA LAGE,"Apartamento, 72.61 de área total, 72.61 de área privativa, 0.00 de área do terreno,  2 qto(s), WC, 1 sala(s), cozinha, 1 vaga(s) de garagem.",96589.07,162993.5,40.75,Venda Direta Online,,JUIZ DE FORA,MG,Não
8787715952033,"RUA SEBASTIAO GARCIA, N. 80, Apto 2002, TORRE II",BENFICA,"Apartamento, 62.91 de área total, 62.91 de área privativa, 0.00 de área do terreno, 1 vaga(s) de garagem.",108313.58,182778.55,40.75,Licitação Aberta,,JUIZ DE FORA,MG,Não
8787702903012,"RUA DIOMAR MONTEIRO, N. SN, Apto 102, BL 09 AREA  A1A2",GRAMA,"Apartamento, 88.99 de área total, 47.52 de área privativa, 0.00 de área do terreno,  2 qto(s), WC, 1 sala(s), cozinha, 1 vaga(s) de garagem.",96994.09,163676.98,40.75,Venda Direta Online,,JUIZ DE FORA,MG,Não
8787707342280,"AVENIDA JUIZ DE FORA, N. 1801, Apto 106, TR 03",GRANJAS BETANIA,"Apartamento, 0.00 de área total, 79.13 de área privativa, 0.00 de área do terreno, 1 vaga(s) de garagem.",96000.33,162000.0,40.75,Venda Direta Online,,JUIZ DE FORA,MG,Não
8787710371113,"AVENIDA JUIZ DE FORA, N. 1801, Apto 807, TR 01 AREA A",GRANJAS BETANIA,"Apartamento, 42.00 de área total, 78.98 de área privativa, 0.00 de área do terreno,  2 qto(s), WC, 1 sala(s), cozinha, 1 vaga(s) de garagem.",102888.69,173624.08,40.75,Venda Direta Online,,JUIZ DE FORA,MG,Não
8555527149040,"RUA PROFESSOR IRINEU JOSE DE PAULA, N. 20, Apto 503, TR IV LT 41 QD E",PREVIDENCIARIOS,"Apartamento, 51.97 de área total, 51.97 de área privativa, 0.00 de área do terreno,  2 qto(s), WC, 1 sala(s), cozinha.",94867.3,160088.03,40.75,Venda Direta Online,,JUIZ DE FORA,MG,Não
8444419029789,"RUA MARTINS BARBOSA, N. 900, Apto 103,",BENFICA,"Apartamento, 39.49 de área total, 39.49 de área privativa, 0.00 de área do terreno,  2 qto(s), a.serv, WC, 1 sala(s), cozinha.",65607.95,110000.0,40.36,Licitação Aberta,,JUIZ DE FORA,MG,Não
8444412565316,"RUA MARCIANO PINTO, N. 1635, Apto 303, BL R",SAGRADO CORACAO DE JESUS,"Apartamento, 62.08 de área total, 62.08 de área privativa, 0.00 de área do terreno,  2 qto(s), WC, 1 sala(s), cozinha, 1 vaga(s) de garagem.",83391.04,138000.0,39.58,Venda Direta Online,,JUIZ DE FORA,MG,Não
8787714814168,"RUA SEBASTIAO GARCIA, N. 80, Apto 202, TR 02 LT 01-A",BENFICA,"Apartamento, 62.91 de área total, 62.91 de área privativa, 0.00 de área do terreno,  2 qto(s), WC, 1 sala(s), cozinha, 1 vaga(s) de garagem.",126926.84,210000.0,39.56,Venda Direta Online,,JUIZ DE FORA,MG,Não
8787716289826,"RUA EUCHERIO RODRIGUES, N. 700, Apto 605, BL 03",JOQUEI CLUBE,"Apartamento, 65.62 de área total, 65.62 de área privativa, 0.00 de área do terreno,  2 qto(s), WC, 1 sala(s), cozinha.",134179.8,222000.0,39.56,Venda Direta Online,,JUIZ DE FORA,MG,Não
8787718849039,"RUA EUCHERIO RODRIGUES, N. 700, Apto 108, BL 01 AREA C9A1",JOQUEI CLUBE,"Apartamento, 63.95 de área total, 63.95 de área privativa, 0.00 de área do terreno,  2 qto(s), WC, 1 sala(s), cozinha.",134784.21,223000.0,39.56,Venda Direta Online,,JUIZ DE FORA,MG,Não
8787711630678,"AVENIDA JUIZ DE FORA, N. 1801, Apto 1105, TORRE III",GRAMA,"Apartamento, 79.15 de área total, 79.15 de área privativa, 0.00 de área do terreno,  2 qto(s), WC, 1 sala(s), cozinha.",119358.9,197478.88,39.56,Venda Direta Online,,JUIZ DE FORA,MG,Não
8787704227944,"RUA DAS MARCASSITAS, N. 260, Apto 704, TR IV LT 27B",MARILANDIA,"Apartamento, 91.30 de área total, 57.66 de área privativa, 0.00 de área do terreno,  2 qto(s), WC, 1 sala(s), cozinha, 1 vaga(s) de garagem.",110652.39,183073.98,39.56,Venda Direta Online,,JUIZ DE FORA,MG,Não
8444429584173,"RUA ANTONIO GATAS BARA, N. 155, Apto 203, PAV 01 LT 26 QD VIII VG 203",NOVA BENFICA,"Apartamento, 87.15 de área total, 87.15 de área privativa, 0.00 de área do terreno,  2 qto(s), a.serv, WC, 1 sala(s), 1 vaga(s) de garagem.",129948.9,215000.0,39.56,Venda Direta Online,,JUIZ DE FORA,MG,Não
8787710783942,"AV PEDRO HENRIQUE KRAMBECK (ANT VIA PEDRO NAVA), N. 4755, Apto 507, TR II",SAO PEDRO,"Apartamento, 78.46 de área total, 78.46 de área privativa, 0.00 de área do terreno,  2 qto(s), WC, 1 sala(s), cozinha, 1 vaga(s) de garagem.",126926.84,210000.0,39.56,Licitação Aberta,,JUIZ DE FORA,MG,Não
8444416136908,"R MARCIANO PINTO, N. 1635, Apto 301, BL G",MORADA ALEGRE,"Apartamento, 0.00 de área total, 62.08 de área privativa, 0.00 de área do terreno,  2 qto(s), a.serv, WC, 1 sala(s), cozinha, 1 vaga(s) de garagem.",87589.45,143478.05,38.96,Venda Direta Online,,JUIZ DE FORA,MG,Não
1444410778896,"AVENIDA BARAO DO RIO BRANCO, N. 10, Apto 203, CJ A",SANTA TEREZINHA,"Apartamento, 50.22 de área total, 50.22 de área privativa, 0.00 de área do terreno,  2 qto(s), WC, 1 sala(s), cozinha, 1 vaga(s) de garagem.",94623.28,155000.0,38.96,Venda Direta Online,,JUIZ DE FORA,MG,Não
8787719742068,"AVENIDA GARCIA RODRIGUES PAES, N. SN, Apto 906, BLOCO 01, VAGA 141",ESRORIL,"Apartamento, 55.00 de área total, 76.49 de área privativa, 0.00 de área do terreno,  2 qto(s), WC, 1 sala(s), cozinha, 1 vaga(s) de garagem.",146340.78,239000.0,38.77,Venda Online,,JUIZ DE FORA,MG,Não
10278708,"RUA PAULA LIMA, N. 27, LOJA E SOBRELOJA",CENTRO,"Loja, 0.00 de área total, 231.40 de área privativa, 0.00 de área do terreno.",669849.19,1078000.0,37.87,Venda Direta Online,,JUIZ DE FORA,MG,Não
1787701786901,"RUA SEBASTIAO GARCIA, N. 80, Apto 305, TR 01 LT 01-A",BENFICA,"Apartamento, 69.53 de área total, 57.00 de área privativa, 0.00 de área do terreno,  2 qto(s), WC, 1 sala(s), cozinha, 1 vaga(s) de garagem.",125255.24,199000.0,37.06,Venda Direta Online,,JUIZ DE FORA,MG,Não
1555531630085,"RUA DOUTOR SEBASTIAO DE ANDRADE, N. 1255, Apto 203, BL 02  A1B",ELDORADO,"Apartamento, 50.00 de área total, 76.96 de área privativa, 0.00 de área do terreno,  2 qto(s), WC, 1 sala(s), cozinha, 1 vaga(s) de garagem.",126681.89,201266.6,37.06,Venda Direta Online,,JUIZ DE FORA,MG,Não
8555539017968,"RUA DOUTOR SEBASTIAO DE ANDRADE, N. 1255, Apto 1212, BL 02 AREA A2 VG 171",ELDORADO,"Apartamento, 66.00 de área total, 66.00 de área privativa, 0.00 de área do terreno,  2 qto(s), a.serv, WC, 1 sala(s), cozinha, 1 vaga(s) de garagem.",152636.77,239500.0,36.27,Venda Direta Online,,JUIZ DE FORA,MG,Não
1444405496683,"RUA JOAO HENRIQUE DIELLE, N. 36, Apto 201, LT 19 QD II",SAO MATEUS,"Apartamento, 276.84 de área total, 276.84 de área privativa, 0.00 de área do terreno, Terraco, 2 vaga(s) de garagem.",418078.18,656000.0,36.27,Venda Direta Online,,JUIZ DE FORA,MG,Não
8555535653223,"ALAMEDA DOS FLAMBOYANTS, N. 190, Apto 606, TORRE II GRANJA 32",NOVA CALIFORNIA,"Apartamento, 60.52 de área total, 60.52 de área privativa, 0.00 de área do terreno,  2 qto(s), WC, 1 sala(s), cozinha, 1 vaga(s) de garagem.",144399.86,164246.45,12.09,Leilão SFI - Edital Único,,JUIZ DE FORA,MG,Não
1444416820126,"RUA MANOEL JOSE REZENDE, N. 599, PORTAL DO AEROPORTO",NOVO HORIZONTE,"Casa, 384.00 de área total, 384.00 de área privativa, 1029.90 de área do terreno,  4 qto(s), a.serv, WC, 2 sala(s), 2 lavabo(s), cozinha, Terraco, 1 vaga(s) de garagem.",1776900.0,1776900.0,0.0,Leilão SFI - Edital Único,,JUIZ DE FORA,MG,Não
8787716329577,"RUA EUCHERIO RODRIGUES, N. 700, Apto 506, BL 3",INDUSTRIAL,"Apartamento, 54.00 de área total, 54.00 de área privativa, 0.00 de área do terreno,  2 qto(s), WC, 1 sala(s), cozinha.",212601.25,212601.25,0.0,Leilão SFI - Edital Único,,JUIZ DE FORA,MG,Não
8787716696499,"AVENIDA BRASIL, N. 700, Apto 603, BL 03",INDUSTRIAL,"Apartamento, 65.62 de área total, 65.62 de área privativa, 0.00 de área do terreno,  2 qto(s), WC, 1 sala(s), cozinha, 1 vaga(s) de garagem.",198000.0,198000.0,0.0,Leilão SFI - Edital Único,,JUIZ DE FORA,MG,Não
8787712936711,"AVENIDA JUIZ DE FORA, N. 1801, Apto 302, TORRE 2",GRAMA,"Apartamento, 71.62 de área total, 47.00 de área privativa, 0.00 de área do terreno,  2 qto(s), WC, 1 sala(s), cozinha, 1 vaga(s) de garagem.",157716.74,157716.74,0.0,Leilão SFI - Edital Único,,JUIZ DE FORA,MG,Não
8444435112687,"AVENIDA FRANCISCO VALADARES, N. 2190, Apto 1208,",VILA IDEAL,"Apartamento, 86.14 de área total, 47.34 de área privativa, 0.00 de área do terreno,  2 qto(s), WC, 1 sala(s), cozinha, 1 vaga(s) de garagem.",209302.71,209302.71,0.0,Leilão SFI - Edital Único,,JUIZ DE FORA,MG,Não
8787705238664,"RUA PARACATU, N. 1450, Apto 402, BL A",SANTA TEREZINHA,"Apartamento, 115.90 de área total, 85.00 de área privativa, 0.00 de área do terreno,  2 qto(s), a.serv, WC, 1 sala(s), cozinha, 1 vaga(s) de garagem.",365000.0,365000.0,0.0,Leilão SFI - Edital Único,,JUIZ DE FORA,MG,Não
8555523659213,"RUA PROFESSOR MAURICIO MACEDO, N. 100, Apto 503, BL E VG 99",SANTA ISABEL,"Apartamento, 64.79 de área total, 64.79 de área privativa, 0.00 de área do terreno,  2 qto(s), a.serv, WC, 1 sala(s), cozinha, 1 vaga(s) de garagem.",146100.0,146100.0,0.0,Leilão SFI - Edital Único,,JUIZ DE FORA,MG,Não
8787708972920,"RUA OCTAVIO MALVACCINI, N. 585, Apto 101, BL 10",SAO PEDRO,"Apartamento, 81.21 de área total, 44.00 de área privativa, 0.00 de área do terreno,  2 qto(s), WC, 1 sala(s), cozinha, 1 vaga(s) de garagem.",173126.56,171000.0,0.0,Leilão SFI - Edital Único,,JUIZ DE FORA,MG,Não
8555536364799,"RUA SYLVIO RIBEIRO ARAGAO, N. 200, Apto 304, BL 03",JOQUEI CLUBE,"Apartamento, 40.00 de área total, 40.00 de área privativa, 0.00 de área do terreno,  2 qto(s), WC, 1 sala(s), cozinha, 1 vaga(s) de garagem.",155040.73,153000.0,0.0,Leilão SFI - Edital Único,,JUIZ DE FORA,MG,Não
8787718684129,"RUA EUCHERIO RODRIGUES, N. 700, Apto 705,  BL 01",JOQUEI CLUBE,"Apartamento, 76.47 de área total, 76.47 de área privativa, 0.00 de área do terreno,  2 qto(s), WC, 1 sala(s), cozinha, 1 vaga(s) de garagem.",240224.02,229864.99,0.0,Leilão SFI - Edital Único,,JUIZ DE FORA,MG,Não
8787717454340,"RUA EUCHERIO RODRIGUES, N. 700, Apto 405, BL 02",INDUSTRIAL,"Apartamento, 65.63 de área total, 65.63 de área privativa, 0.00 de área do terreno,  2 qto(s), WC, 1 sala(s), cozinha, 1 vaga(s) de garagem.",196930.52,188000.0,0.0,Leilão SFI - Edital Único,,JUIZ DE FORA,MG,Não
8787716263649,"RUA EUCHERIO RODRIGUES, N. 700, Apto 705, BL 03",JOQUEI CLUBE,"Apartamento, 76.47 de área total, 76.47 de área privativa, 0.00 de área do terreno,  2 qto(s), WC, 1 sala(s), cozinha, 1 vaga(s) de garagem.",211976.75,198000.0,0.0,Leilão SFI - Edital Único,,JUIZ DE FORA,MG,Não
8787716113337,"RUA SEBASTIAO GARCIA, N. 80, Apto 1403,  TORRE II",BENFICA,"Apartamento, 69.44 de área total, 57.00 de área privativa, 0.00 de área do terreno,  2 qto(s), WC, 1 sala(s), cozinha, 1 vaga(s) de garagem.",216728.09,202000.0,0.0,Leilão SFI - Edital Único,,JUIZ DE FORA,MG,Não
8787702247662,"RUA DAS MARCASSITAS, N. 260, Apto 406, TORRE IV",MARILANDIA,"Apartamento, 58.00 de área total, 58.19 de área privativa, 0.00 de área do terreno,  2 qto(s), WC, 1 sala(s), cozinha.",193431.55,176000.0,0.0,Leilão SFI - Edital Único,,JUIZ DE FORA,MG,Não
8787714914596,"AVENIDA  ADHEMAR REZENDE DE ANDRADE, N. 4755, Apto 1104, TORRE V  ANTES BR440",SAO PEDRO,"Apartamento, 77.75 de área total, 59.00 de área privativa, 0.00 de área do terreno,  2 qto(s), WC, 1 sala(s), cozinha, 1 vaga(s) de garagem.",221223.19,201000.0,0.0,Leilão SFI - Edital Único,,JUIZ DE FORA,MG,Não
8444436269008,"RUA PEDRO ANTONIO DA CONCEICAO, N. 235, Apto 102, BL D",SANTA ISABEL,"Apartamento, 51.51 de área total, 51.51 de área privativa, 0.00 de área do terreno,  2 qto(s), a.serv, WC, 1 sala(s), cozinha, 1 vaga(s) de garagem.",119960.56,107000.0,0.0,Leilão SFI - Edital Único,,JUIZ DE FORA,MG,Não
8787717390156,"RUA EUCHERIO RODRIGUES, N. 700, Apto 402, BL 3",JOQUEI CLUBE,"Apartamento, 46.00 de área total, 46.00 de área privativa, 0.00 de área do terreno,  2 qto(s), WC, 1 sala(s), cozinha, 1 vaga(s) de garagem.",190155.95,168200.0,0.0,Leilão SFI - Edital Único,,JUIZ DE FORA,MG,Não
8787716318770,"RUA EUCHERIO RODRIGUES, N. 700, Apto 401, BL 03",INDUSTRIAL,"Apartamento, 46.00 de área total, 68.35 de área privativa, 0.00 de área do terreno,  2 qto(s), WC, 1 sala(s), cozinha.",191464.06,168200.0,0.0,Leilão SFI - Edital Único,,JUIZ DE FORA,MG,Não
8787719088325,"RUA EUCHERIO RODRIGUES, N. 700, Apto 707, BL 01",JOQUEI CLUBE,"Apartamento, 79.16 de área total, 79.16 de área privativa, 0.00 de área do terreno,  2 qto(s), WC, 1 sala(s), cozinha, 1 vaga(s) de garagem.",249094.48,204000.0,0.0,Leilão SFI - Edital Único,,JUIZ DE FORA,MG,Não
1444415161129,"RUA DONA AMBROSINA NUNES LIMA, N. 188,",JOQUEI CLUBE,"Casa, 0.00 de área total, 59.66 de área privativa, 410.00 de área do terreno, cozinha, Terraco.",644587.6,515000.0,0.0,Leilão SFI - Edital Único,,JUIZ DE FORA,MG,Não
8787718251770,"RUA EUCHERIO RODRIGUES, N. 700, Apto 1108, BL 02",JOQUEI CLUBE,"Apartamento, 79.90 de área total, 57.00 de área privativa, 0.00 de área do terreno,  2 qto(s), WC, 1 sala(s), cozinha, 1 vaga(s) de garagem.",257799.58,199905.12,0.0,Leilão SFI - Edital Único,,JUIZ DE FORA,MG,Não
8444418971804,"RUA MARTINS BARBOSA, N. 1000, Apto 301, ED CEREJEIRA",BENFICA,"Apartamento, 38.29 de área total, 38.29 de área privativa, 0.00 de área do terreno,  1 qto(s), WC, 1 sala(s), cozinha, 1 vaga(s) de garagem.",139997.41,106000.0,0.0,Leilão SFI - Edital Único,,JUIZ DE FORA,MG,Não
8787719835465,"RUA EUCHERIO RODRIGUES, N. 700, Apto 501, BL 02",JOQUEI CLUBE,"Apartamento, 46.00 de área total, 68.34 de área privativa, 0.00 de área do terreno,  2 qto(s), WC, 1 sala(s), cozinha.",223796.45,168200.0,0.0,Leilão SFI - Edital Único,,JUIZ DE FORA,MG,Não
1555505665187,"VILA AMADO SALES, N. 85,",SAO BERNARDO,"Casa, 144.00 de área total, 144.00 de área privativa, 178.00 de área do terreno,  3 qto(s), a.serv, WC, 1 sala(s), cozinha, Terraco, 1 vaga(s) de garagem.",533839.61,345000.0,0.0,Leilão SFI - Edital Único,,JUIZ DE FORA,MG,Não
8555511946891,"RUA GERALDO DOMINGOS PEREIRA, N. 116, LT 03 QD 22 Z 06",GOMES,"Casa, 69.82 de área total, 69.82 de área privativa, 220.00 de área do terreno,  3 qto(s), a.serv, WC, 1 sala(s), cozinha.",253000.0,253000.0,0.0,Leilão SFI - Edital Único,,LAGOA DA PRATA,MG,Não
8555538388695,"RUA SANTA CRUZ, N. 300, Apto 701, BL B",PALMITAL,"Apartamento, 47.40 de área total, 47.40 de área privativa, 0.00 de área do terreno,  2 qto(s), WC, 1 sala(s), cozinha, 1 vaga(s) de garagem.",230000.0,230000.0,0.0,Leilão SFI - Edital Único,,LAGOA SANTA,MG,Não
8444411195302,"RUA ANTONIO FERNANDES VALENTIM, N. 1038, FUNDOS",QUINTA RESIDENCIA,"Casa, 87.99 de área total, 87.99 de área privativa, 322.00 de área do terreno,  2 qto(s), a.serv, WC, 1 sala(s), 1 lavabo(s), cozinha.",94493.47,180000.0,47.51,Venda Direta Online,,LEOPOLDINA,MG,Sim
8444406473057,"RUA EDUARDO CLEMENTINO SILVA (ANTIGA RUA C), N. 160,",BELA VISTA,"Casa, 103.20 de área total, 103.20 de área privativa, 100.00 de área do terreno,  2 qto(s).",70577.7,121000.0,41.68,Venda Direta Online,,LEOPOLDINA,MG,Não
8444433580268,"RUA ALVARO TAVARES PAES, N. SN, LT 35, QD 27",MACHADO,"Terreno, 0.00 de área total, 0.00 de área privativa, 275.89 de área do terreno.",50944.77,88000.0,42.11,Licitação Aberta,,MACHADO,MG,Não
8444431048879,"ALVARO TAVARES PAES, N. SN, LT 27 QD 27",MACHADO,"Terreno, 0.00 de área total, 0.00 de área privativa, 300.48 de área do terreno.",46472.85,80000.0,41.91,Venda Direta Online,,MACHADO,MG,Não
8444427298289,"RUA EPITÁCIO DE CARVALHO, N. SN, QD 30 LT 13",CENTRO,"Casa, 50.00 de área total, 50.00 de área privativa, 207.29 de área do terreno,  2 qto(s), a.serv, WC, 1 sala(s), cozinha.",100741.08,170000.0,40.75,Venda Direta Online,,MACHADO,MG,Não
8444422996930,"RUA INGLATERRA, N. 43, CS 2  QD 22 LT 16 VG 2",JD DAS MANGABEIRAS,"Casa, 74.50 de área total, 74.50 de área privativa, 180.00 de área do terreno,  2 qto(s), a.serv, WC, 1 sala(s), 2 vaga(s) de garagem.",180000.0,180000.0,0.0,Leilão SFI - Edital Único,,MATEUS LEME,MG,Não
8444430549408,"RUA ZE VILACA, N. 686, CS 24",RECANTO DO LAGO AZUL,"Casa, 118.52 de área total, 42.38 de área privativa, 138.39 de área do terreno,  2 qto(s), WC, 1 sala(s), cozinha, 1 vaga(s) de garagem.",133000.0,133000.0,0.0,Leilão SFI - Edital Único,,MATEUS LEME,MG,Não
8444405857960,"RUA ANTONIO JOSE DO COUTO, N. 105,",MONTE ALEGRE,"Casa, 44.00 de área total, 44.00 de área privativa, 308.53 de área do terreno,  1 qto(s).",72332.66,133000.0,45.62,Venda Direta Online,,MATIAS BARBOSA,MG,Não
8444403710864,"RUA DOUTOR JOSÉ PEDRO RIBEIRO JUNQUEIRA, N. 274, CS 12, LT 06-A",CENTRO,"Casa, 71.20 de área total, 71.20 de área privativa, 688.11 de área do terreno,  2 qto(s), a.serv, WC, 1 sala(s), cozinha.",111553.31,184564.55,39.56,Venda Direta Online,,MATIAS BARBOSA,MG,Não
1444419179910,"RUA ANTONIO PAULO VICTOR, N. 297, LT 08-A, QD D",LOT MORADA DA GARCA,"Casa, 212.95 de área total, 212.95 de área privativa, 1193.75 de área do terreno,  3 qto(s), a.serv, WC, WC Emp, 1 sala(s), cozinha, 1 vaga(s) de garagem.",560836.58,880000.0,36.27,Venda Direta Online,,MATIAS BARBOSA,MG,Sim
10309357,"RUA JUVÊNCIO DA MOTTA PIRES, N. 00, QD A, LT 20",LOTEAMENTO SOLEDADE,"Terreno, 0.00 de área total, 0.00 de área privativa, 315.00 de área do terreno.",85000.0,85000.0,0.0,Leilão SFI - Edital Único,,MATIAS BARBOSA,MG,Não
1555532190283,"GLEBA C2  SETOR SC III N 1, N. SN, LT 127P",SETOR SC-III,"Casa, 0.00 de área total, 120.00 de área privativa, 2198.10 de área do terreno,  1 qto(s).",165701.72,260000.0,36.27,Venda Direta Online,,MATIAS CARDOSO,MG,Não
8444417312815,"RUA PRESIDENTE EURICO GASPAR, N. 11A, CS 02",PRESIDENTE,"Casa, 0.00 de área total, 44.40 de área privativa, 65.40 de área do terreno,  2 qto(s), a.serv, WC, 1 sala(s), cozinha, 1 vaga(s) de garagem.",63406.03,135000.0,53.04,Venda Direta Online,,MATOZINHOS,MG,Não
8444416939253,"RUA PRESIDENTE EURICO GASPAR  DUTRA, N. 11, CASA 01",PRESIDENTE,"Casa, 65.90 de área total, 44.40 de área privativa, 65.90 de área do terreno,  2 qto(s), a.serv, WC, 1 sala(s), cozinha, 1 vaga(s) de garagem.",57548.35,117000.0,50.82,Venda Direta Online,,MATOZINHOS,MG,Não
8444414701551,"PRESIDENTE EURICO GASPAR DUTRA, N. 11B, CASA 03",BAIRRO PRESIDENTE,"Casa, 118.80 de área total, 44.40 de área privativa, 360.00 de área do terreno,  2 qto(s), a.serv, WC, 1 sala(s), cozinha, 1 vaga(s) de garagem.",51078.75,100000.0,48.93,Venda Online,,MATOZINHOS,MG,Não
8444409490017,"RUA GENERAL ORLANDO TORRES, N. 540, LT 06 QD C",BAIRRO SÃO MIGUEL,"Casa, 101.16 de área total, 32.46 de área privativa, 190.00 de área do terreno.",122651.14,220000.0,44.25,Venda Online,,MATOZINHOS,MG,Não
8444431186201,"AVENIDA ANDRE FAVALELLI, N. 500, Apto 18, BL 14",MATOZINHOS,"Apartamento, 50.54 de área total, 50.54 de área privativa, 0.00 de área do terreno,  2 qto(s), WC, 1 sala(s), cozinha, 1 vaga(s) de garagem.",98370.7,166000.0,40.75,Venda Direta Online,,MATOZINHOS,MG,Não
8555539390812,"RUA DR JURANDIR COSTA CAMPOS, N. 1199, Apto 304, BL 09",ESTACÃO,"Apartamento, 51.07 de área total, 51.07 de área privativa, 0.00 de área do terreno,  2 qto(s), WC, 1 sala(s), cozinha, 1 vaga(s) de garagem.",96000.33,162000.0,40.75,Venda Direta Online,,MATOZINHOS,MG,Não
8555539445676,"RUA DR JURANDIR COSTA CAMPOS, N. 1199, Apto 303, BL 07",ESTACÃO,"Apartamento, 51.08 de área total, 51.08 de área privativa, 0.00 de área do terreno,  2 qto(s), WC, 1 sala(s), cozinha, 1 vaga(s) de garagem.",103704.06,175000.0,40.75,Venda Direta Online,,MATOZINHOS,MG,Não
8787703440180,"AVENIDA ANDRÉ FAVALELLI, N. 500, Apto 04, BL 05 VG 76",ESTACÃO,"Apartamento, 50.54 de área total, 50.54 de área privativa, 0.00 de área do terreno,  2 qto(s), a.serv, WC, 1 sala(s), cozinha, 1 vaga(s) de garagem.",94815.14,160000.0,40.75,Venda Direta Online,,MATOZINHOS,MG,Não
1444404826515,"RUA PRESIDENTE RODRIGUES ALVES, N. 0, LT 08 QD 42",BAIRRO PRESIDENTE,"Terreno, 0.00 de área total, 0.00 de área privativa, 394.40 de área do terreno.",50897.31,84000.0,39.41,Venda Direta Online,,MATOZINHOS,MG,Não
8787704471543,"AVENIDA ANDRE FAVALELLI, N. 500, Apto 02, 1 PAV BL 12  VG 194 AREA 03",ESTACÃO,"Apartamento, 50.54 de área total, 50.54 de área privativa, 0.00 de área do terreno,  2 qto(s), a.serv, WC, 1 sala(s), cozinha, 1 vaga(s) de garagem.",150000.0,150000.0,0.0,Leilão SFI - Edital Único,,MATOZINHOS,MG,Não
8787707461980,"AVENIDA ANDRE FAVALELLI, N. 500, Apto 03, PAV 01 BL 19 VG 315",ESTACÃO,"Apartamento, 50.54 de área total, 50.54 de área privativa, 0.00 de área do terreno,  2 qto(s), a.serv, WC, 1 sala(s), cozinha, 1 vaga(s) de garagem.",150000.0,150000.0,0.0,Leilão SFI - Edital Único,,MATOZINHOS,MG,Não
8444424686407,"RUA ABRAO ELIAN, N. 116, CASA 08",CENTRO,"Casa, 42.73 de área total, 42.73 de área privativa, 66.00 de área do terreno,  2 qto(s), a.serv, WC, 1 sala(s), cozinha, 1 vaga(s) de garagem.",126000.0,126000.0,0.0,Leilão SFI - Edital Único,,MATOZINHOS,MG,Não
8444438339097,"RUA PRESIDENTE W LUIZ, N. 715, Apto 204,",BAIRRO PRESIDENTE,"Apartamento, 90.25 de área total, 44.24 de área privativa, 0.00 de área do terreno,  2 qto(s), WC, 1 sala(s), cozinha.",152526.13,150000.0,0.0,Leilão SFI - Edital Único,,MATOZINHOS,MG,Não
8787712652543,"RUA SANTA CLARA, N. 384,",SAGRADA FAMILIA,"Casa, 43.00 de área total, 43.00 de área privativa, 180.00 de área do terreno,  2 qto(s), a.serv, WC, 1 sala(s), cozinha, 1 vaga(s) de garagem.",150000.0,150000.0,0.0,Leilão SFI - Edital Único,,MONTE ALEGRE DE MINAS,MG,Não
8444421578298,"AVENIDA AMERICO FERNANDES, N. 82, QD 05",JARDIM AMÉRICO,"Casa, 90.00 de área total, 60.00 de área privativa, 223.29 de área do terreno,  2 qto(s), a.serv, WC, 1 sala(s), cozinha.",159199.17,260000.0,38.77,Venda Direta Online,,MONTE CARMELO,MG,Não
8555534486226,"RUA 8, N. 20, QD N LT 02",RESIDENCIAL MINAS GERAIS,"Casa, 0.00 de área total, 60.34 de área privativa, 197.66 de área do terreno,  2 qto(s), a.serv, WC, 1 sala(s), cozinha, 1 vaga(s) de garagem.",42548.36,83000.0,48.74,Venda Direta Online,,MONTES CLAROS,MG,Não
8444416962050,"RUA ALICE GONÇALVES SIQUEIRA (ANTIGA RUA 61), N. SN, CS 9A LT 14 QD 110",DELFINO MAGALHAES,"Casa, 0.00 de área total, 50.00 de área privativa, 200.00 de área do terreno,  2 qto(s), WC, 1 sala(s), cozinha.",75016.65,141000.0,46.8,Licitação Aberta,,MONTES CLAROS,MG,Não
8787700832860,"RUA ANTONIO LOPES DA SILVA, N. SN, Apto 502, BL 07",SANTOS REIS,"Apartamento, 63.53 de área total, 43.44 de área privativa, 0.00 de área do terreno,  2 qto(s), WC, 1 sala(s), cozinha, 1 vaga(s) de garagem.",89575.84,153000.0,41.46,Licitação Aberta,,MONTES CLAROS,MG,Não
8787707196128,"RUA ANTONIO LOPES DA SILVA, N. SN, Apto 202, BL19 PAV 02 AREA 02",VILA ATLANTIDA,"Apartamento, 0.00 de área total, 43.73 de área privativa, 0.00 de área do terreno,  2 qto(s), a.serv, WC, 1 sala(s), cozinha, 1 vaga(s) de garagem.",106667.03,180000.0,40.75,Venda Online,,MONTES CLAROS,MG,Não
8444423761324,"RUA QUATRO, N. 429,",RESIDENCIAL VITORIA,"Casa, 52.13 de área total, 52.13 de área privativa, 150.00 de área do terreno,  2 qto(s), a.serv, WC, 1 sala(s), cozinha, 1 vaga(s) de garagem.",100741.08,170000.0,40.75,Venda Direta Online,,MONTES CLAROS,MG,Não
8787706359805,"AVENIDA RUY DUARTE PINTO (ANTIGA AV BELVEDERE), N. 514, Apto 505, BL 04 BOX 320",BELVEDERE II,"Apartamento, 77.80 de área total, 47.30 de área privativa, 0.00 de área do terreno,  2 qto(s), a.serv, WC, 1 sala(s), cozinha, 1 vaga(s) de garagem.",97778.11,165000.0,40.75,Licitação Aberta,,MONTES CLAROS,MG,Não
8787715299097,"AVENIDA UM, N. 701, Apto 403, BL 04",RESIDENCIAL SUL JACARANDAS,"Apartamento, 70.20 de área total, 42.90 de área privativa, 0.00 de área do terreno, 1 vaga(s) de garagem.",96000.33,162000.0,40.75,Licitação Aberta,,MONTES CLAROS,MG,Não
1444415697924,"RUA 03, N. SN, LT 35 QD 13",RESIDENCIAL VILLA SEGURA,"Terreno, 0.00 de área total, 0.00 de área privativa, 200.00 de área do terreno.",78556.78,130000.0,39.58,Licitação Aberta,,MONTES CLAROS,MG,Não
8444411269713,"RUA RIO GURUTUBA, N. 346, CS 02, LT 25, QD K",PLANALTO,"Casa, 0.00 de área total, 79.28 de área privativa, 110.00 de área do terreno,  2 qto(s), a.serv, WC, 1 sala(s), cozinha.",117860.63,195000.0,39.56,Licitação Aberta,,MONTES CLAROS,MG,Não
1444412811840,"RUA COSME ANTUNES, N. 327, LT 20 QD 14",VARGEM GRANDE II,"Casa, 196.23 de área total, 196.23 de área privativa, 312.00 de área do terreno,  3 qto(s), a.serv, WC, 2 sala(s), 1 lavabo(s), cozinha, 2 vaga(s) de garagem.",414254.3,650000.0,36.27,Licitação Aberta,,MONTES CLAROS,MG,Sim
8444433007037,"AVENIDA CORONEL LUIZ MAIA, N. 2585, CASA 89",DELFINO MAGALHAES,"Casa, 134.58 de área total, 54.86 de área privativa, 100.00 de área do terreno,  3 qto(s), a.serv, WC, 1 sala(s), cozinha.",230300.0,230300.0,0.0,Leilão SFI - Edital Único,,MONTES CLAROS,MG,Não
8444414345682,"RUA PURUS, N. 235, QD. 32 LT. 07A",GUARUJA,"Casa, 62.18 de área total, 62.18 de área privativa, 127.50 de área do terreno,  2 qto(s), WC, 1 sala(s), cozinha, 1 vaga(s) de garagem.",190000.0,190000.0,0.0,Leilão SFI - Edital Único,,MONTES CLAROS,MG,Não
8555526978190,"RUA QUATRO, N. 470",VARGEM GRANDE II,"Casa, 0.00 de área total, 45.04 de área privativa, 200.00 de área do terreno,  2 qto(s), WC, 1 sala(s), cozinha.",188565.77,188565.77,0.0,Leilão SFI - Edital Único,,MONTES CLAROS,MG,Não
8555535662931,"RUA C, N. 190, QD 17 LT 08",ACACIAS,"Casa, 50.34 de área total, 50.34 de área privativa, 125.00 de área do terreno,  3 qto(s), a.serv, WC, 1 sala(s), cozinha, 1 vaga(s) de garagem.",155000.0,155000.0,0.0,Leilão SFI - Edital Único,,MONTES CLAROS,MG,Não
8555537985258,"AVENIDA BELVEDERE, N. 120, Apto 407, BL 12 VAGA 385",BELVEDERE II,"Apartamento, 61.76 de área total, 43.12 de área privativa, 0.00 de área do terreno,  2 qto(s), a.serv, WC, 1 sala(s), cozinha, 1 vaga(s) de garagem.",150000.0,145000.0,0.0,Leilão SFI - Edital Único,,MONTES CLAROS,MG,Não
8787715608537,"RUA DOIS, N. SN, Apto 204, BL 16",SAO JUDAS TADEU,"Apartamento, 74.68 de área total, 40.83 de área privativa, 0.00 de área do terreno,  2 qto(s), a.serv, WC, 1 sala(s), cozinha, 1 vaga(s) de garagem.",183297.02,170000.0,0.0,Leilão SFI - Edital Único,,MONTES CLAROS,MG,Não
8444425806171,"RUA VINTE E SEIS, N. SN, LT 04 QD 41",FAZENDA VARGEM GRAND,"Terreno, 0.00 de área total, 0.00 de área privativa, 200.00 de área do terreno.",187000.0,105000.0,0.0,Leilão SFI - Edital Único,,MONTES CLAROS,MG,Não
8444429281880,"RUA EDSON MIRANDA JUNIOR, N. 145, Apto 103,",PORTO,"Apartamento, 66.40 de área total, 48.40 de área privativa, 0.00 de área do terreno,  1 qto(s), a.serv, WC, 1 sala(s), cozinha, 1 vaga(s) de garagem.",78781.14,136000.0,42.08,Licitação Aberta,,MURIAE,MG,Não
8013300015700,"RUA CARLOS DIAS GOES, N. 93, Apto 0, 2 SUBSOLO",SAO CRISTOVAO,"Apartamento, 64.85 de área total, 64.85 de área privativa, 0.00 de área do terreno,  2 qto(s), a.serv, WC, 1 sala(s), cozinha.",62223.17,107000.0,41.85,Venda Online,,MURIAE,MG,Não
1444421260729,"ALAMEDA PETUNIAS, N. SN, QD G LT 03",QUINTA DAS FLORES,"Casa, 279.44 de área total, 279.44 de área privativa, 450.00 de área do terreno,  4 qto(s), a.serv, WC, 1 sala(s), 1 lavabo(s), cozinha.",608635.16,955000.0,36.27,Venda Direta Online,,MURIAE,MG,Não
8013300018954,"R DOUTOR MARCUS TARCISIO, N. 410,",BARRA,"Casa, 68.60 de área total, 68.60 de área privativa, 170.24 de área do terreno,  2 qto(s), WC, 2 sala(s), cozinha.",184000.0,184000.0,0.0,Leilão SFI - Edital Único,,MURIAE,MG,Não
8444407197592,"RUA NOSSA SENHORA APARECIDA, N. 79,",CENTRO,"Casa, 51.82 de área total, 51.82 de área privativa, 150.00 de área do terreno,  2 qto(s), WC, 1 sala(s), cozinha, 1 vaga(s) de garagem.",120882.7,200000.0,39.56,Venda Direta Online,,MUTUM,MG,Não
1444402296144,"RUA DIAMANTINA, N. SN, LT 12, QD A",BOA VISTA,"Terreno, 0.00 de área total, 0.00 de área privativa, 731.00 de área do terreno.",94542.3,140000.0,32.47,Venda Direta Online,,NOVA LIMA,MG,Não
10309354,"QD 12 LT 02 (RUA VEREDA DA SERRA), N. 00",VEREDAS DAS GERAES,"Terreno, 0.00 de área total, 0.00 de área privativa, 843.00 de área do terreno.",378038.25,350000.0,0.0,Leilão SFI - Edital Único,,NOVA LIMA,MG,Sim
10309353,"QD 12 LT 01 (RUA VEREDA DA SERRA), N. 00",VEREDAS DAS GERAES,"Terreno, 0.00 de área total, 0.00 de área privativa, 770.00 de área do terreno.",372585.78,342000.0,0.0,Leilão SFI - Edital Único,,NOVA LIMA,MG,Sim
10309356,"QD 25 LT 12 (RUA VEREDA DA PAISAGEM), N. 00",VEREDAS DAS GERAES,"Terreno, 0.00 de área total, 0.00 de área privativa, 1308.00 de área do terreno.",497118.48,387000.0,0.0,Leilão SFI - Edital Único,,NOVA LIMA,MG,Não
10309355,"QD 15 LT 14 (RUA VEREDA DA AURORA), N. 00, LOT VEREDA DAS GERAE",VEREDAS DAS GERAES,"Terreno, 0.00 de área total, 0.00 de área privativa, 1257.00 de área do terreno.",545247.48,384000.0,0.0,Leilão SFI - Edital Único,,NOVA LIMA,MG,Sim
10309336,"RUA OITO, N. 00, QD 14, LT 11",JARDINS,"Terreno, 0.00 de área total, 0.00 de área privativa, 200.00 de área do terreno.",125000.0,105000.0,0.0,Leilão SFI - Edital Único,,OLIVEIRA,MG,Não
1444420741006,"R RICARDO DE SOUZA BARROS, N. 226,",CENTRO,"Casa, 0.00 de área total, 120.00 de área privativa, 220.00 de área do terreno.",197681.52,350000.0,43.52,Venda Online,,PALMA,MG,Não
8444429667150,"R. JOAQUIM ASCANIO DO PRADO (ANTIGA RUA 05), N. S/N, LT 03, QD F",LOT SAO MARCOS,"Terreno, 0.00 de área total, 0.00 de área privativa, 200.00 de área do terreno.",46472.85,80000.0,41.91,Venda Online,,PARAGUACU,MG,Não
8444438795912,"AVENIDA ANTONIO ADAO DA SILVA, N. 719, Apto 201, BL 04",COHAB,"Apartamento, 53.45 de área total, 46.07 de área privativa, 0.00 de área do terreno,  2 qto(s), a.serv, WC, 1 sala(s), cozinha, 1 vaga(s) de garagem.",79360.41,137000.0,42.08,Licitação Aberta,,PASSOS,MG,Não
1444417531160,"RUA JOAQUIM SIMPLÍCIO DA SILVA (ANTIGA R DÁLIAS), N. 90, LT 16 QD H",LOT RES MIRANTE VALE,"Casa, 122.71 de área total, 122.71 de área privativa, 250.00 de área do terreno,  3 qto(s), a.serv, WC, 1 sala(s), cozinha.",251739.15,395000.0,36.27,Licitação Aberta,,PASSOS,MG,Não
1444419045506,"AVENIDA JK, N. 819, LT 14 QD 01",VILA RICA,"Casa, 192.97 de área total, 192.97 de área privativa, 360.00 de área do terreno,  3 qto(s).",452493.15,710000.0,36.27,Licitação Aberta,,PASSOS,MG,Sim
8444414256361,"RUA MANOEL DA SILVEIRA MAIA, N. 92, ZONA 8  QD 21  LT 09",COHAB,"Casa, 0.00 de área total, 53.17 de área privativa, 160.00 de área do terreno,  2 qto(s), varanda, a.serv, WC, 1 sala(s), cozinha.",168000.0,168000.0,0.0,Leilão SFI - Edital Único,,PASSOS,MG,Não
8444438438230,"RUA VEREADOR JOSE MARIANO NEGRINHO, N. 424, Apto 201, BL. 12  ENTRADA D",PENHA,"Apartamento, 53.45 de área total, 46.07 de área privativa, 0.00 de área do terreno,  2 qto(s), a.serv, WC, 1 sala(s), cozinha, 1 vaga(s) de garagem.",115000.0,115000.0,0.0,Leilão SFI - Edital Único,,PASSOS,MG,Não
8444411126661,"RUA JOAQUIM FERNANDES DA SILVA, N. 33, LT 180 QD H",JOAO PAULO II,"Casa, 0.00 de área total, 69.83 de área privativa, 180.86 de área do terreno,  2 qto(s), a.serv, WC, 1 sala(s), cozinha, 1 vaga(s) de garagem.",193000.0,193000.0,0.0,Leilão SFI - Edital Único,,PASSOS,MG,Não
8444438266588,"RUA VEREADOR JOSE MARIANO NEGRINHO, N. 424, Apto 101, BL 04",PENHA,"Apartamento, 53.45 de área total, 46.07 de área privativa, 0.00 de área do terreno,  2 qto(s), a.serv, WC, 1 sala(s), cozinha.",139000.0,133000.0,0.0,Leilão SFI - Edital Único,,PASSOS,MG,Não
8787707964826,"AVENIDA WILSON GOMES COELHO, N. 110, Apto 43B, BL B",ALTO DA SERRA,"Apartamento, 54.89 de área total, 48.00 de área privativa, 0.00 de área do terreno,  2 qto(s), WC, 1 sala(s), cozinha, 1 vaga(s) de garagem.",83135.75,142000.0,41.46,Licitação Aberta,,PATOS DE MINAS,MG,Não
8787708381255,"RUA MARIA JOANA ENVANGELISTA, N. 8, QD A8 LT 23",JARDIM QUEBEC,"Casa, 62.84 de área total, 62.84 de área privativa, 264.43 de área do terreno,  2 qto(s), a.serv, WC, 1 sala(s), cozinha, 2 vaga(s) de garagem.",106667.03,180000.0,40.75,Venda Direta Online,,PATOS DE MINAS,MG,Não
8787709597324,"RUA SEBASTIAO REINALDO SOBRINHO, N. 18, LT 02, QD A19",JARDIM QUEBEC,"Casa, 118.84 de área total, 62.84 de área privativa, 200.00 de área do terreno,  2 qto(s), a.serv, WC, 1 sala(s), cozinha.",95407.73,161000.0,40.75,Venda Direta Online,,PATOS DE MINAS,MG,Não
8787707326781,"AVENIDA WILSON GOMES COELHO, N. SN, Apto 22B, BLOCO B",AURELIO CAIXETA,"Apartamento, 89.88 de área total, 48.00 de área privativa, 0.00 de área do terreno,  2 qto(s), a.serv, WC, 1 sala(s), cozinha, 1 vaga(s) de garagem.",126926.84,210000.0,39.56,Venda Direta Online,,PATOS DE MINAS,MG,Não
8787708616724,"AVENIDA WILSON GOMES COELHO, N. 230, Apto 31 B, BLOCO B",ALTO DA SERRA,"Apartamento, 54.89 de área total, 48.00 de área privativa, 0.00 de área do terreno,  2 qto(s), a.serv, WC, 1 sala(s), cozinha, 1 vaga(s) de garagem.",116349.6,192500.0,39.56,Venda Direta Online,,PATOS DE MINAS,MG,Não
8787704275124,"AVENIDA RONALDO FERNANDES DE SOUZA1233, N. 479, LOTE 24, QUADRA B6",CENTRO,"Casa, 105.00 de área total, 62.84 de área privativa, 271.61 de área do terreno,  2 qto(s), a.serv, WC, 1 sala(s), cozinha.",154222.59,251872.38,38.77,Venda Online,,PATOS DE MINAS,MG,Não
8787704634779,"RUA CHE GUEVARA, N. 31, LT 17 QD A19",CORACAO EUCARISTICO,"Casa, 116.00 de área total, 62.84 de área privativa, 207.87 de área do terreno,  2 qto(s), a.serv, WC, 1 sala(s), cozinha.",148177.69,242000.0,38.77,Venda Direta Online,,PATOS DE MINAS,MG,Não
1555522229004,"R DR NOE FERREIRA, N. 282, QD 09 LT 06",BELA VISTA,"Casa, 0.00 de área total, 202.92 de área privativa, 360.00 de área do terreno,  8 qto(s), a.serv, WC, 2 sala(s), cozinha.",420627.44,660000.0,36.27,Venda Direta Online,,PATOS DE MINAS,MG,Sim
8444408321068,"RUA DA BAHIA, N. 660, LT 09 ST 23 QD 30 SOB Nº 0080",VILA ROSA,"Casa, 103.42 de área total, 56.05 de área privativa, 576.00 de área do terreno,  3 qto(s), a.serv, 1 sala(s), cozinha.",228520.56,206000.0,0.0,Leilão SFI - Edital Único,,PATOS DE MINAS,MG,Não
8444427430942,"RUA DOS BALSAMOS, N. SN, LOTE 7 QUADRA 053",JARDIM ESPERANCA,"Terreno, 50.00 de área total, 0.00 de área privativa, 200.00 de área do terreno,  2 qto(s), WC, 1 sala(s), cozinha.",167938.11,75000.0,0.0,Leilão SFI - Edital Único,,PATOS DE MINAS,MG,Não
1444406328660,"RUA CECILIA MARIA CUNHA, N. 3257, LT 14 QD 48 SETOR 38",SERRA NEGRA,"Casa, 69.08 de área total, 69.08 de área privativa, 252.00 de área do terreno,  2 qto(s), a.serv, WC, 1 sala(s), cozinha, 1 vaga(s) de garagem.",174000.0,174000.0,0.0,Leilão SFI - Edital Único,,PATROCINIO,MG,Não
8444406408190,"RUA ENGENHEIRO HELIO VIEIRA DE MELO, N. 201, Apto 03,",SANTA TEREZA,"Apartamento, 80.39 de área total, 59.40 de área privativa, 0.00 de área do terreno,  2 qto(s), a.serv, WC, 1 sala(s), cozinha, 1 vaga(s) de garagem.",108444.81,183000.0,40.75,Venda Direta Online,,PEDRO LEOPOLDO,MG,Não
8444415046395,"RUA JOCKEY CLUBE, N. 482D, UN 05 PAV 2",CENTRO,"Casa, 34.38 de área total, 34.38 de área privativa, 197.95 de área do terreno,  1 qto(s), WC, 1 sala(s), cozinha.",91570.92,150000.0,38.96,Venda Direta Online,,PEDRO LEOPOLDO,MG,Não
8555520499282,"RUA ANA BORGES DE ALMEIDA, N. 695, LT 03 QD 38",Novo Horizonte,"Casa, 69.98 de área total, 69.98 de área privativa, 177.80 de área do terreno,  2 qto(s), a.serv, WC, 1 sala(s), cozinha.",177000.0,177000.0,0.0,Leilão SFI - Edital Único,,PERDIZES,MG,Não
8444413634729,"RUA JOSE GASPAR, N. SN, LT 07 QD E",PIRAUBINHA,"Casa, 0.00 de área total, 57.75 de área privativa, 200.00 de área do terreno.",78641.95,165884.8,52.6,Venda Direta Online,,PIRAUBA,MG,Sim
10289444,"RUA DO IPÊ AMARELO, N. S/N, QD 12, LT 02, RES PALMEIRAS IMPERIAIS",PALMEIRAS IMPERIAIS,"Terreno, 0.00 de área total, 0.00 de área privativa, 368.87 de área do terreno.",104992.75,170000.0,38.24,Licitação Aberta,,PLANURA,MG,Não
8787719271430,"AVENIDA FRANCISCO GILBERTO BLASI, N. 50, Apto 104, TORRE 19",LOTEAMENTO RESIDENCIAL TIRADENTES,"Apartamento, 54.13 de área total, 47.46 de área privativa, 0.00 de área do terreno,  1 qto(s), WC, 1 sala(s), cozinha, 1 vaga(s) de garagem.",136597.45,226000.0,39.56,Venda Direta Online,,POCOS DE CALDAS,MG,Não
8787717978188,"RUA PARAIBA, N. 50, Apto 101, TORRE 23 TIPO I",RES TIRADENTES,"Apartamento, 71.83 de área total, 51.96 de área privativa, 0.00 de área do terreno,  2 qto(s), a.serv, WC, 1 sala(s), cozinha, 1 vaga(s) de garagem.",146953.08,240000.0,38.77,Venda Direta Online,,POCOS DE CALDAS,MG,Não
8444429342447,"R. AUGUSTO SCASSIOTTI (ATUAL RUA JOSÉ MAMUD ASSAN), N. 555, Apto 402, BL B2",CHACARA DOS PESSEGUEIROS,"Apartamento, 0.00 de área total, 45.02 de área privativa, 0.00 de área do terreno,  2 qto(s), a.serv, WC, 1 sala(s), cozinha, 1 vaga(s) de garagem.",170000.0,170000.0,0.0,Venda Direta Online,,POCOS DE CALDAS,MG,Sim
8444422893995,"RUA ZIRCONIO, N. 500, Apto 01, PAV TERREO VG 02",JARDIM KENNEDY,"Apartamento, 49.88 de área total, 35.28 de área privativa, 0.00 de área do terreno,  2 qto(s), a.serv, WC, 1 sala(s), cozinha, 1 vaga(s) de garagem.",181361.41,170000.0,0.0,Leilão SFI - Edital Único,,POCOS DE CALDAS,MG,Não
1444424853330,"RUA MARIA ÁLVARES MACIEL, N. 312, CS 01 LT 15 QD U",SANTO ANTÔNIO,"Casa, 200.00 de área total, 67.49 de área privativa, 360.00 de área do terreno,  2 qto(s), a.serv, WC, 1 sala(s), cozinha.",650000.0,635000.0,0.0,Leilão SFI - Edital Único,,POMPEU,MG,Não
8787708092490,"AVENIDA CAMILO DE BARROS LARAIA, N. 745, Apto 201, BL 14",IPIRANGA,"Apartamento, 52.33 de área total, 45.78 de área privativa, 0.00 de área do terreno,  2 qto(s), a.serv, WC, 1 sala(s), cozinha, 1 vaga(s) de garagem.",123300.35,204000.0,39.56,Licitação Aberta,,POUSO ALEGRE,MG,Não
8787716025071,"RUA MADALENA PRADO OLIVEIRA, N. 140, Apto 203, T 06",SAO JOAO,"Apartamento, 115.63 de área total, 49.03 de área privativa, 0.00 de área do terreno,  2 qto(s), WC, 1 sala(s), cozinha, 1 vaga(s) de garagem.",146646.93,239500.0,38.77,Licitação Aberta,,POUSO ALEGRE,MG,Não
8787711275312,"AVENIDA SEBASTIAO DE PAULA, N. 500, Apto 302, TORRE 03 TP I 3 PAV",SAO JOAO,"Apartamento, 116.00 de área total, 51.52 de área privativa, 0.00 de área do terreno,  2 qto(s), a.serv, WC, 1 sala(s), cozinha, 1 vaga(s) de garagem.",246000.0,246000.0,0.0,Leilão SFI - Edital Único,,POUSO ALEGRE,MG,Não
8787716182070,"RUA MADALENA PRADO OLIVEIRA, N. 140, Apto 103, TORRE 6",SAO JOAO,"Apartamento, 63.93 de área total, 49.03 de área privativa, 0.00 de área do terreno,  2 qto(s), a.serv, WC, 1 sala(s), cozinha, 1 vaga(s) de garagem.",220000.0,220000.0,0.0,Leilão SFI - Edital Único,,POUSO ALEGRE,MG,Não
8787707348688,"AVENIDA CAMILO DE BARROS LARAIA, N. 745, Apto 201, BLOCO 16",IPIRANGA,"Apartamento, 111.52 de área total, 45.78 de área privativa, 0.00 de área do terreno,  2 qto(s), a.serv, WC, 1 sala(s), cozinha, 1 vaga(s) de garagem.",185000.0,185000.0,0.0,Leilão SFI - Edital Único,,POUSO ALEGRE,MG,Não
8787708027745,"AVENIDA CAMILO DE BARROS LARAIA, N. 745, Apto 404, TP I BL 8 PAV 4",IPIRANGA,"Apartamento, 113.52 de área total, 45.78 de área privativa, 0.00 de área do terreno,  2 qto(s), WC, 1 sala(s), cozinha, 1 vaga(s) de garagem.",190000.0,190000.0,0.0,Leilão SFI - Edital Único,,POUSO ALEGRE,MG,Não
8444421166747,"RUA EDNA, N. 181,",RESID JD GABRIELA,"Casa, 64.62 de área total, 64.62 de área privativa, 160.00 de área do terreno,  2 qto(s), a.serv, WC, 1 sala(s), cozinha, 1 vaga(s) de garagem.",190000.0,190000.0,0.0,Leilão SFI - Edital Único,,PRATA,MG,Não
8444430135468,"RUA JOAQUIM BENTO, N. 130, LT 16 QD F",PRATA,"Casa, 68.40 de área total, 58.90 de área privativa, 200.00 de área do terreno,  2 qto(s), a.serv, WC, 1 sala(s), cozinha.",200313.91,195000.0,0.0,Leilão SFI - Edital Único,,PRATA,MG,Não
8444414850212,"RUA CEL. JUVENTINO LEMOS, N. 189,",CENTRO,"Casa, 109.25 de área total, 69.25 de área privativa, 220.00 de área do terreno,  3 qto(s), a.serv, WC, 1 sala(s), cozinha.",165701.72,260000.0,36.27,Venda Direta Online,,PRATAPOLIS,MG,Sim
8444408979195,"AVENIDA SÃO TIAGO, N. 235, LT 134 ST 05 QD 102",SALTADOR,"Casa, 91.07 de área total, 59.50 de área privativa, 200.00 de área do terreno,  2 qto(s), a.serv, WC, 1 sala(s), cozinha, 1 vaga(s) de garagem.",126926.84,210000.0,39.56,Venda Direta Online,,PRESIDENTE OLEGARIO,MG,Não
8555517661694,"RUA PIMPIM MOREIRA, N. SN, LOTE 02, QUADRA 103, SETOR 05",SALTADOR,"Casa, 101.11 de área total, 46.61 de área privativa, 150.00 de área do terreno.",98816.7,160000.0,38.24,Venda Direta Online,,PRESIDENTE OLEGARIO,MG,Não
10196268,"RUA OURO PRETO, N. 00, QD 105, LT 24",SEVILHA 2A SECAO,"Terreno, 0.00 de área total, 0.00 de área privativa, 604.25 de área do terreno.",43868.51,110000.0,60.12,Venda Direta Online,,RIBEIRAO DAS NEVES,MG,Não
10156457,"RUA VICOSA, N. S/N, LT 26, QD 52",SEVILHA 2A SECAO,"Terreno, 0.00 de área total, 0.00 de área privativa, 360.00 de área do terreno.",44495.89,91839.0,51.56,Venda Online,,RIBEIRAO DAS NEVES,MG,Não
10156465,"RUA CAMPO FLORIDO, N. S/N, LT 05, QD 60",SEVILHA 2A SECAO,"Terreno, 0.00 de área total, 0.00 de área privativa, 360.00 de área do terreno.",41236.33,85111.31,51.56,Venda Online,,RIBEIRAO DAS NEVES,MG,Não
10156466,"RUA SÃO JOAO DEL REI, N. S/N, LT 41, QD 107",SEVILHA 2A SECAO,"Terreno, 0.00 de área total, 0.00 de área privativa, 360.00 de área do terreno.",66421.37,137000.0,51.52,Venda Online,,RIBEIRAO DAS NEVES,MG,Não
10156622,"AVENIDA MARANHAO, N. S/N, LT 12, QD 68",SEVILHA 2A SECAO,"Terreno, 0.00 de área total, 0.00 de área privativa, 452.00 de área do terreno.",66878.64,137943.17,51.52,Venda Online,,RIBEIRAO DAS NEVES,MG,Não
10156458,"RUA CARANDAI, N. S/N, LT 07, QD 56",SEVILHA 2A SECAO,"Terreno, 0.00 de área total, 0.00 de área privativa, 360.00 de área do terreno.",38907.37,80000.0,51.37,Venda Online,,RIBEIRAO DAS NEVES,MG,Não
10156567,"RUA GRAO MONGOL, N. S/N, LT 49, QD 46",SEVILHA 2A SECAO,"Terreno, 0.00 de área total, 0.00 de área privativa, 360.00 de área do terreno.",38907.37,80000.0,51.37,Venda Online,,RIBEIRAO DAS NEVES,MG,Não
10156568,"RUA GRAO MONGOL, N. S/N, LT 50, QD 46",SEVILHA 2A SECAO,"Terreno, 0.00 de área total, 0.00 de área privativa, 360.00 de área do terreno.",33071.27,68000.0,51.37,Venda Online,,RIBEIRAO DAS NEVES,MG,Não
10162395,"RUA CAMPANARIO (ANTIGA RUA 55), N. S/N, QD 104 LT 24",SEVILHA 2A SECAO,"Terreno, 0.00 de área total, 0.00 de área privativa, 360.00 de área do terreno.",40315.1,72969.77,44.76,Venda Direta Online,,RIBEIRAO DAS NEVES,MG,Não
8787711597662,"R BOTAFOGO, N. 325, Apto 201, BL 55 VG 12",JUSTINÓPOLIS,"Apartamento, 69.96 de área total, 38.40 de área privativa, 0.00 de área do terreno,  2 qto(s), a.serv, WC, 1 sala(s), cozinha, 1 vaga(s) de garagem.",106667.03,180000.0,40.75,Venda Online,,RIBEIRAO DAS NEVES,MG,Não
8787710408424,"RUA LAURO SODRE NOGUEIRA, N. 302, Apto B204, BL 11 VAGA 75",SAO PEDRO,"Apartamento, 61.05 de área total, 43.53 de área privativa, 0.00 de área do terreno,  2 qto(s), WC, 1 sala(s), cozinha, 1 vaga(s) de garagem.",101926.27,172000.0,40.75,Licitação Aberta,,RIBEIRAO DAS NEVES,MG,Não
8787713157031,"AVENIDA DENISE CRISTINA DA ROCHA, N. 612, Apto 304, BL 09",VALE DAS CEREJEIRAS (JUSTINOPOLIS),"Apartamento, 75.74 de área total, 38.40 de área privativa, 0.00 de área do terreno,  2 qto(s), WC, 1 sala(s), cozinha, 1 vaga(s) de garagem.",103704.06,175000.0,40.75,Licitação Aberta,,RIBEIRAO DAS NEVES,MG,Não
8787715185881,"RUA ADIR ALVES DE LIMA, N. 90, Apto 204, BL 12",DONA CLARA,"Apartamento, 56.51 de área total, 38.40 de área privativa, 0.00 de área do terreno,  2 qto(s), WC, 1 sala(s), cozinha.",97778.11,165000.0,40.75,Licitação Aberta,,RIBEIRAO DAS NEVES,MG,Não
8008400027240,"RUA MEARIM, N. 131, LT 20A QD 07",GUADALAJARA (JUSTINOPOLIS),"Casa, 53.50 de área total, 53.50 de área privativa, 200.00 de área do terreno,  1 qto(s), a.serv, WC, 1 sala(s), cozinha.",108389.57,180000.0,39.79,Venda Direta Online,,RIBEIRAO DAS NEVES,MG,Não
8787719914128,"RUA ADIR ALVES DE LIMA, N. 90, Apto 303, GLB 02 BL 07",DONA CLARA,"Apartamento, 53.51 de área total, 38.40 de área privativa, 0.00 de área do terreno,  2 qto(s), WC, 1 sala(s), cozinha.",116047.39,192000.0,39.56,Licitação Aberta,,RIBEIRAO DAS NEVES,MG,Não
8444417005459,"RUA NATALINO ACORSI NETO, N. 61, CS2,  QD 40, LT 13",SAN GENARO,"Casa, 144.19 de área total, 60.88 de área privativa, 113.60 de área do terreno,  2 qto(s), 1 vaga(s) de garagem.",108080.77,175000.0,38.24,Licitação Aberta,,RIBEIRAO DAS NEVES,MG,Não
8444409005151,"AVENIDA DENISE CRISTINA DA ROCHA, N. 2555, Apto 404, BL 15",CENTRO (JUSTINOPOLIS),"Apartamento, 46.97 de área total, 46.96 de área privativa, 0.00 de área do terreno,  2 qto(s), a.serv, WC, 1 sala(s), cozinha.",96346.29,156000.0,38.24,Licitação Aberta,,RIBEIRAO DAS NEVES,MG,Não
8787706750911,"RUA RAIMUNDO NONATO DE SOUZA, N. 1225, Apto 201, BLOCO 13",ROSANA,"Apartamento, 138.74 de área total, 46.19 de área privativa, 0.00 de área do terreno,  2 qto(s), WC, 1 sala(s), cozinha, 1 vaga(s) de garagem.",97745.12,157000.0,37.75,Leilão SFI - Edital Único,,RIBEIRAO DAS NEVES,MG,Não
8444411776984,"RUA TREZE DE MAIO, N. 122, CS03  QD 4B LT 7",DESM. LIDICE,"Casa, 83.83 de área total, 64.38 de área privativa, 261.09 de área do terreno,  2 qto(s), a.serv, WC, 1 sala(s), cozinha, 1 vaga(s) de garagem.",242000.0,242000.0,0.0,Leilão SFI - Edital Único,,RIBEIRAO DAS NEVES,MG,Não
8444416672443,"RUA ANTONIO TEIXEIRA, N. 79, Apto 204, BL 21",JARDIM ALA,"Apartamento, 98.59 de área total, 42.38 de área privativa, 0.00 de área do terreno,  2 qto(s), WC, 1 sala(s), cozinha, 1 vaga(s) de garagem.",161000.0,161000.0,0.0,Leilão SFI - Edital Único,,RIBEIRAO DAS NEVES,MG,Não
8444427490872,"RUA ALICE VENTURA, N. 288, Apto 302, BLOCO 07",TONY,"Apartamento, 50.86 de área total, 50.86 de área privativa, 0.00 de área do terreno,  2 qto(s), WC, 1 sala(s), cozinha, 1 vaga(s) de garagem.",200000.0,200000.0,0.0,Leilão SFI - Edital Único,,RIBEIRAO DAS NEVES,MG,Não
8555500234216,"AVENIDA DENISE CRISTINA DA ROCHA, N. 2555, Apto 403, BL 15",JUSTINOPOLIS,"Apartamento, 46.96 de área total, 46.96 de área privativa, 0.00 de área do terreno,  2 qto(s), WC, 1 sala(s), cozinha.",138000.0,138000.0,0.0,Leilão SFI - Edital Único,,RIBEIRAO DAS NEVES,MG,Não
8555511128692,"AVENIDA DENISE CRISTINA DA ROCHA, N. 2555, Apto 002, BL 15",JUSTINÓPOLIS,"Apartamento, 46.96 de área total, 46.96 de área privativa, 0.00 de área do terreno,  2 qto(s), WC, 1 sala(s), cozinha.",138000.0,138000.0,0.0,Leilão SFI - Edital Único,,RIBEIRAO DAS NEVES,MG,Não
8555531682687,"RUA ALDA SALOMAO RESENDE, N. 72, Apto 102, BL 22",HENRIQUES,"Apartamento, 45.01 de área total, 45.01 de área privativa, 0.00 de área do terreno,  2 qto(s), WC, 1 sala(s), cozinha, 1 vaga(s) de garagem.",150000.0,150000.0,0.0,Leilão SFI - Edital Único,,RIBEIRAO DAS NEVES,MG,Não
8787702088467,"RUA GERALDINO ROCHA, N. 215, Apto 403, BL 02",FELIXLANDIA,"Apartamento, 64.37 de área total, 47.88 de área privativa, 0.00 de área do terreno,  2 qto(s), WC, 1 sala(s), cozinha, 1 vaga(s) de garagem.",182000.0,182000.0,0.0,Leilão SFI - Edital Único,,RIBEIRAO DAS NEVES,MG,Não
8787703985810,"RUA RAIMUNDO NONATO DE SOUZA, N. 1025, Apto 203, BL 07",VARGEM DO ARROZAL,"Apartamento, 138.74 de área total, 46.53 de área privativa, 0.00 de área do terreno,  2 qto(s), WC, 1 sala(s), cozinha, 1 vaga(s) de garagem.",190000.0,190000.0,0.0,Leilão SFI - Edital Único,,RIBEIRAO DAS NEVES,MG,Não
8787710313857,"RUA BOTAFOGO, N. 325, Apto 101, BL 38",JUSTINÓPOLIS,"Apartamento, 69.95 de área total, 38.40 de área privativa, 0.00 de área do terreno,  2 qto(s), WC, 1 sala(s), cozinha, 1 vaga(s) de garagem.",170000.0,170000.0,0.0,Leilão SFI - Edital Único,,RIBEIRAO DAS NEVES,MG,Não
8787711276262,"AVENIDA DENISE CRISTINA DA ROCHA, N. 612, Apto 103, BL 5",T. URB. JUSTINÓPOLIS,"Apartamento, 75.74 de área total, 38.40 de área privativa, 0.00 de área do terreno,  2 qto(s), WC, 1 sala(s), cozinha, 1 vaga(s) de garagem.",172000.0,172000.0,0.0,Leilão SFI - Edital Único,,RIBEIRAO DAS NEVES,MG,Não
8787711288120,"AVENIDA DENISE CRISTINA DA ROCHA, N. 612, Apto 201, BL  9 SUBCOND 01  PROVINCIAS DE L",JUSTINOPOLIS,"Apartamento, 75.74 de área total, 38.40 de área privativa, 0.00 de área do terreno,  2 qto(s), WC, 1 sala(s), cozinha, 1 vaga(s) de garagem.",172000.0,172000.0,0.0,Leilão SFI - Edital Único,,RIBEIRAO DAS NEVES,MG,Não
8787711963960,"AVENIDA DENISE CRISTINA DA ROCHA, N. 612, Apto 102, BL 4 VG 18",T. URB. JUSTINÓPOLIS,"Apartamento, 75.74 de área total, 38.40 de área privativa, 0.00 de área do terreno,  2 qto(s), WC, 1 sala(s), cozinha, 1 vaga(s) de garagem.",197000.0,197000.0,0.0,Leilão SFI - Edital Único,,RIBEIRAO DAS NEVES,MG,Não
8787712205687,"AVENIDA DENISE CRISTINA DA ROCHA, N. 612, Apto 404, BL 4 VG 32",T. URB. JUSTINÓPOLIS,"Apartamento, 75.74 de área total, 38.40 de área privativa, 0.00 de área do terreno,  2 qto(s), WC, 1 sala(s), cozinha, 1 vaga(s) de garagem.",172000.0,172000.0,0.0,Leilão SFI - Edital Único,,RIBEIRAO DAS NEVES,MG,Não
8787713652296,"AVENIDA DENISE CRISTINA DA ROCHA, N. 612, Apto 402, BLOCO  26",TER URB JUSTINOPOLIS,"Apartamento, 75.82 de área total, 38.48 de área privativa, 0.00 de área do terreno,  2 qto(s), a.serv, WC, 1 sala(s), cozinha, 1 vaga(s) de garagem.",190000.0,190000.0,0.0,Leilão SFI - Edital Único,,RIBEIRAO DAS NEVES,MG,Não
8787717940431,"RUA MONTE CASTELO, N. 555, Apto 303, BL 06  VG 03",OLHOS D ÁGUA,"Apartamento, 108.75 de área total, 45.36 de área privativa, 0.00 de área do terreno,  2 qto(s), WC, 1 sala(s), cozinha, 1 vaga(s) de garagem.",205440.0,205440.0,0.0,Leilão SFI - Edital Único,,RIBEIRAO DAS NEVES,MG,Não
8787716731723,"RUA ADIR ALVES DE LIMA, N. 90, Apto 303, BL 14",ROSANA,"Apartamento, 53.51 de área total, 38.40 de área privativa, 0.00 de área do terreno,  2 qto(s), a.serv, WC, 1 sala(s), cozinha.",183000.0,183000.0,0.0,Leilão SFI - Edital Único,,RIBEIRAO DAS NEVES,MG,Não
8444414692439,"RUA MARIA DA CONCEICAO GUIMARAES FERREIRA, N. 320, CASA 01  LT 06  QUADRA 8A",SAO PEDRO,"Casa, 99.35 de área total, 21.28 de área privativa, 67.72 de área do terreno,  2 qto(s), varanda, a.serv, WC, 1 sala(s), 1 lavabo(s), cozinha, 1 vaga(s) de garagem.",248000.0,248000.0,0.0,Leilão SFI - Edital Único,,RIBEIRAO DAS NEVES,MG,Não
8787709480109,"RUA LAURO SODRE NOGUEIRA, N. 302, Apto B 103, BLOCO 03",SAO PEDRO,"Apartamento, 0.00 de área total, 43.53 de área privativa, 0.00 de área do terreno,  2 qto(s), WC, 1 sala(s), cozinha.",160000.0,160000.0,0.0,Leilão SFI - Edital Único,,RIBEIRAO DAS NEVES,MG,Não
8787710791473,"RUA JOSE PEDRO PEREIRA, N. 558, Apto 401, BL 18",SAO PEDRO,"Apartamento, 99.58 de área total, 40.89 de área privativa, 0.00 de área do terreno,  2 qto(s), WC, 1 sala(s), cozinha, 1 vaga(s) de garagem.",142000.0,142000.0,0.0,Leilão SFI - Edital Único,,RIBEIRAO DAS NEVES,MG,Não
8787713163910,"RUA LAURO SODRE NOGUEIRA, N. 302, Apto A301, BL 04 VG 154",SAO PEDRO,"Apartamento, 61.05 de área total, 43.53 de área privativa, 0.00 de área do terreno,  2 qto(s), WC, 1 sala(s), cozinha, 1 vaga(s) de garagem.",165000.0,165000.0,0.0,Leilão SFI - Edital Único,,RIBEIRAO DAS NEVES,MG,Não
8787713859834,"RUA JOSE PEDRO PEREIRA, N. 558, Apto 403, BL 04",SAO PEDRO,"Apartamento, 99.58 de área total, 40.89 de área privativa, 0.00 de área do terreno,  2 qto(s), WC, 1 sala(s), cozinha, 1 vaga(s) de garagem.",170000.0,170000.0,0.0,Leilão SFI - Edital Único,,RIBEIRAO DAS NEVES,MG,Não
8787707560326,"RUA JOSE FERREIRA DE PAULA, N. 849, Apto 403, BLOCO 02",VENEZA,"Apartamento, 73.77 de área total, 52.31 de área privativa, 0.00 de área do terreno,  2 qto(s), WC, 1 sala(s), cozinha, 1 vaga(s) de garagem.",140297.19,140297.19,0.0,Leilão SFI - Edital Único,,RIBEIRAO DAS NEVES,MG,Não
8444411508874,"ALAMEDA DAS TAMAREIRAS, N. 1294, CASA 02",VALE DAS ACACIAS,"Casa, 121.69 de área total, 42.73 de área privativa, 0.00 de área do terreno,  2 qto(s), a.serv, WC, 1 sala(s), cozinha, Terraco, 1 vaga(s) de garagem.",112000.0,112000.0,0.0,Leilão SFI - Edital Único,,RIBEIRAO DAS NEVES,MG,Não
8008708007154,"RUA JOSE ROMUALDO BONIFACIO DA ROCHA, N. 25, Apto 403, BL 1",CENTRO (JUSTINOPOLIS),"Apartamento, 52.92 de área total, 52.92 de área privativa, 0.00 de área do terreno,  2 qto(s), WC, 1 sala(s), cozinha.",87000.0,87000.0,0.0,Leilão SFI - Edital Único,,RIBEIRAO DAS NEVES,MG,Não
8787708642636,"RUA BOTAFOGO, N. 325, Apto 302, BL 47  VG 125",URCA (JUSTINOPOLIS),"Apartamento, 69.95 de área total, 38.40 de área privativa, 0.00 de área do terreno,  2 qto(s), a.serv, WC, 1 sala(s), cozinha, 1 vaga(s) de garagem.",160000.0,160000.0,0.0,Leilão SFI - Edital Único,,RIBEIRAO DAS NEVES,MG,Não
8787712782706,"RUA BOTAFOGO, N. 325, Apto 104, BL  42 VG 269",URCA (JUSTINOPOLIS),"Apartamento, 69.50 de área total, 38.40 de área privativa, 0.00 de área do terreno,  2 qto(s), a.serv, WC, 1 sala(s), cozinha, 1 vaga(s) de garagem.",167000.0,167000.0,0.0,Leilão SFI - Edital Único,,RIBEIRAO DAS NEVES,MG,Não
8444411900987,"RUA CEARA, N. 40, Apto 101,",MENEZES (JUSTINOPOLIS),"Apartamento, 51.03 de área total, 51.03 de área privativa, 0.00 de área do terreno,  2 qto(s), a.serv, WC, 1 sala(s), cozinha, 2 vaga(s) de garagem.",179000.0,179000.0,0.0,Leilão SFI - Edital Único,,RIBEIRAO DAS NEVES,MG,Não
8555532926679,"RUA PAVUNA, N. 150, Apto 304,",BOTAFOGO (JUSTINOPOLIS),"Apartamento, 55.81 de área total, 55.81 de área privativa, 0.00 de área do terreno,  3 qto(s), a.serv, WC, 1 sala(s), cozinha.",150000.0,150000.0,0.0,Leilão SFI - Edital Único,,RIBEIRAO DAS NEVES,MG,Não
8444411865391,"RUA JOAO PINHEIRO, N. 45, Apto 103, LT 03 QD 79",SEVILHA 2A SECAO,"Apartamento, 78.92 de área total, 64.74 de área privativa, 0.00 de área do terreno,  2 qto(s), a.serv, WC, 1 sala(s), cozinha, 1 vaga(s) de garagem.",170000.0,170000.0,0.0,Leilão SFI - Edital Único,,RIBEIRAO DAS NEVES,MG,Não
8555501146302,"RUA PAULO SILVA, N. 80, Apto 42, BL 03 2 PAV VG 42",BOM SOSSEGO,"Apartamento, 44.48 de área total, 44.48 de área privativa, 0.00 de área do terreno,  2 qto(s), WC, 1 sala(s), cozinha, 1 vaga(s) de garagem.",155000.0,155000.0,0.0,Leilão SFI - Edital Único,,RIBEIRAO DAS NEVES,MG,Não
8444407129082,"RUA DO ROSARIO, N. 201, Apto 102, BLOCO 20",TONY (JUSTINOPOLIS),"Apartamento, 43.33 de área total, 43.33 de área privativa, 0.00 de área do terreno,  2 qto(s), WC, 1 sala(s), cozinha, 1 vaga(s) de garagem.",175000.0,175000.0,0.0,Leilão SFI - Edital Único,,RIBEIRAO DAS NEVES,MG,Não
8787705640179,"RUA GERALDINO ROCHA, N. 215, Apto 303, BL 17",FELIXLANDIA (JUSTINOPOLIS),"Apartamento, 64.40 de área total, 47.91 de área privativa, 0.00 de área do terreno,  2 qto(s), WC, 1 sala(s), cozinha, 1 vaga(s) de garagem.",170000.0,170000.0,0.0,Leilão SFI - Edital Único,,RIBEIRAO DAS NEVES,MG,Não
8787705661761,"RUA GERALDINO ROCHA, N. 215, Apto 203, BL 13",FELIXLANDIA (JUSTINOPOLIS),"Apartamento, 64.37 de área total, 47.88 de área privativa, 0.00 de área do terreno,  2 qto(s), a.serv, WC, 1 sala(s), cozinha, 1 vaga(s) de garagem.",181000.0,181000.0,0.0,Leilão SFI - Edital Único,,RIBEIRAO DAS NEVES,MG,Não
8787710260664,"AVENIDA A, N. 180, Apto 304, BL 60 VG 30",METROPOLITANO,"Apartamento, 76.08 de área total, 38.40 de área privativa, 0.00 de área do terreno,  2 qto(s), WC, 1 sala(s), cozinha, 1 vaga(s) de garagem.",174000.0,174000.0,0.0,Leilão SFI - Edital Único,,RIBEIRAO DAS NEVES,MG,Não
8444402449259,"RUA JULIETA GOMES, N. 711, CASA 01",RESIDENCIAL PORTO SEGURO,"Casa, 65.99 de área total, 45.36 de área privativa, 88.13 de área do terreno,  2 qto(s), a.serv, WC, 1 sala(s), cozinha, 1 vaga(s) de garagem.",155500.0,155500.0,0.0,Leilão SFI - Edital Único,,RIBEIRAO DAS NEVES,MG,Não
8444417659939,"RUA JOSE VICENTE DA COSTA, N. 76, CS 02 LT 05 QD 02",RESIDENCIAL PORTO SEGURO,"Casa, 59.55 de área total, 43.30 de área privativa, 360.00 de área do terreno,  2 qto(s), a.serv, WC, 1 sala(s), cozinha, 1 vaga(s) de garagem.",190000.0,190000.0,0.0,Leilão SFI - Edital Único,,RIBEIRAO DAS NEVES,MG,Não
8444414029993,"AVENIDA MANOEL LUCIANO PIO, N. 641, Apto 202, LT 05 QD 26",BELVEDERE,"Apartamento, 47.86 de área total, 45.83 de área privativa, 0.00 de área do terreno,  2 qto(s), a.serv, WC, 1 sala(s), cozinha, 1 vaga(s) de garagem.",143000.0,143000.0,0.0,Leilão SFI - Edital Único,,RIBEIRAO DAS NEVES,MG,Não
8444421554232,"RUA TRINTA E SETE, N. 81, Apto 201, BL 04  VG 70",SAO LUIZ,"Apartamento, 60.93 de área total, 60.93 de área privativa, 0.00 de área do terreno,  2 qto(s), a.serv, WC, 1 sala(s), cozinha, 1 vaga(s) de garagem.",156698.78,156698.78,0.0,Leilão SFI - Edital Único,,RIBEIRAO DAS NEVES,MG,Não
8444422158713,"RUA TRINTA E SETE, N. 81, Apto 302, BL 05 VG 86",SAO LUIZ,"Apartamento, 60.93 de área total, 60.93 de área privativa, 0.00 de área do terreno,  2 qto(s), WC, 1 sala(s), cozinha, 1 vaga(s) de garagem.",134000.0,134000.0,0.0,Leilão SFI - Edital Único,,RIBEIRAO DAS NEVES,MG,Não
8787711462430,"RUA TRINTA E SETE, N. 92, Apto 402, BL 05 VG 94",SAO LUIZ,"Apartamento, 47.98 de área total, 47.98 de área privativa, 0.00 de área do terreno,  2 qto(s), WC, 1 sala(s), cozinha, 1 vaga(s) de garagem.",165372.17,165372.17,0.0,Leilão SFI - Edital Único,,RIBEIRAO DAS NEVES,MG,Não
8787715086468,"RUA ADIR ALVES DE LIMA, N. 90, Apto 203, BL 14 GLEBA 02",DONA CLARA,"Apartamento, 53.51 de área total, 38.40 de área privativa, 0.00 de área do terreno,  2 qto(s), WC, 1 sala(s), cozinha.",183000.0,183000.0,0.0,Leilão SFI - Edital Único,,RIBEIRAO DAS NEVES,MG,Não
8787715332388,"RUA ADIR ALVES DE LIMA, N. 90, Apto 102, BL 15",DONA CLARA,"Apartamento, 38.40 de área total, 38.40 de área privativa, 0.00 de área do terreno,  2 qto(s), WC, 1 sala(s), cozinha.",202000.0,202000.0,0.0,Leilão SFI - Edital Único,,RIBEIRAO DAS NEVES,MG,Não
8787715374382,"RUA ADIR ALVES DE LIMA, N. 90, Apto 304, BL 13 GLEBA 02",DONA CLARA,"Apartamento, 53.51 de área total, 38.40 de área privativa, 0.00 de área do terreno,  2 qto(s), WC, 1 sala(s), cozinha.",183000.0,183000.0,0.0,Leilão SFI - Edital Único,,RIBEIRAO DAS NEVES,MG,Não
8787716537560,"RUA ADIR ALVES DE LIMA, N. 90, Apto 104, BL 13 GLEBA 02",DONA CLARA,"Apartamento, 53.51 de área total, 38.40 de área privativa, 0.00 de área do terreno,  2 qto(s), WC, 1 sala(s), cozinha.",183000.0,183000.0,0.0,Leilão SFI - Edital Único,,RIBEIRAO DAS NEVES,MG,Não
8787716668460,"RUA ADIR ALVES DE LIMA, N. 90, Apto 404, BL 14",DONA CLARA,"Apartamento, 53.51 de área total, 38.40 de área privativa, 0.00 de área do terreno,  2 qto(s), WC, 1 sala(s), cozinha.",186819.51,186819.51,0.0,Leilão SFI - Edital Único,,RIBEIRAO DAS NEVES,MG,Não
8787717394895,"RUA ADIR ALVES DE LIMA, N. 90, Apto 301, BLOCO 14",DONA CLARA,"Apartamento, 38.40 de área total, 38.40 de área privativa, 0.00 de área do terreno,  2 qto(s), WC, 1 sala(s), cozinha.",202000.0,202000.0,0.0,Leilão SFI - Edital Único,,RIBEIRAO DAS NEVES,MG,Não
8787718624967,"RUA ADIR ALVES DE LIMA, N. 90, Apto 102, BL 04",DONA CLARA,"Apartamento, 53.51 de área total, 38.40 de área privativa, 0.00 de área do terreno,  2 qto(s), WC, 1 sala(s), cozinha.",230000.0,230000.0,0.0,Leilão SFI - Edital Único,,RIBEIRAO DAS NEVES,MG,Não
8787719218113,"RUA ADIR ALVES DE LIMA, N. 90, Apto 403, BL 07",DONA CLARA,"Apartamento, 53.51 de área total, 38.40 de área privativa, 0.00 de área do terreno,  2 qto(s), WC, 1 sala(s), cozinha.",230000.0,230000.0,0.0,Leilão SFI - Edital Único,,RIBEIRAO DAS NEVES,MG,Não
8787719229158,"RUA ADIR ALVES DE LIMA, N. 90, Apto 403, BL 09",DONA CLARA,"Apartamento, 53.51 de área total, 38.40 de área privativa, 0.00 de área do terreno,  2 qto(s), WC, 1 sala(s), cozinha.",230000.0,230000.0,0.0,Leilão SFI - Edital Único,,RIBEIRAO DAS NEVES,MG,Não
8787719991823,"RUA ADIR ALVES DE LIMA, N. 90, Apto 203, BL 05",DONA CLARA,"Apartamento, 53.51 de área total, 38.40 de área privativa, 0.00 de área do terreno,  2 qto(s), WC, 1 sala(s), cozinha.",230000.0,230000.0,0.0,Leilão SFI - Edital Único,,RIBEIRAO DAS NEVES,MG,Não
8787711706356,"RUA JOSE PEDRO PEREIRA, N. 558, Apto 104, BL 9",VILA MARIANA,"Apartamento, 121.14 de área total, 56.75 de área privativa, 0.00 de área do terreno,  2 qto(s), WC, 1 sala(s), cozinha, 1 vaga(s) de garagem.",184914.77,184914.77,0.0,Leilão SFI - Edital Único,,RIBEIRAO DAS NEVES,MG,Não
8787711724893,"RUA JOSE PEDRO PEREIRA, N. 558, Apto 102, BL 11",VILA MARIANA,"Apartamento, 110.16 de área total, 48.67 de área privativa, 0.00 de área do terreno,  2 qto(s), WC, 1 sala(s), cozinha, 1 vaga(s) de garagem.",188000.0,188000.0,0.0,Leilão SFI - Edital Único,,RIBEIRAO DAS NEVES,MG,Não
8787713634964,"AVENIDA DENISE CRISTINA DA ROCHA, N. 612, Apto 104, BL 07 PROVÍNCIA LISBOA",T. URB. JUSTINÓPOLIS,"Apartamento, 76.24 de área total, 38.40 de área privativa, 0.00 de área do terreno,  2 qto(s), WC, 1 sala(s), cozinha, 1 vaga(s) de garagem.",165047.25,165000.0,0.0,Leilão SFI - Edital Único,,RIBEIRAO DAS NEVES,MG,Não
8787718074606,"RUA ADIR ALVES DE LIMA, N. 90, Apto 401, BL 09",DONA CLARA,"Apartamento, 53.51 de área total, 38.40 de área privativa, 0.00 de área do terreno,  2 qto(s), WC, 1 sala(s), cozinha.",190715.39,186864.62,0.0,Leilão SFI - Edital Único,,RIBEIRAO DAS NEVES,MG,Não
8787716060110,"RUA ADIR ALVES DE LIMA, N. 90, Apto 202, BL12",DONA CLARA,"Apartamento, 53.51 de área total, 38.40 de área privativa, 0.00 de área do terreno,  2 qto(s), a.serv, WC, 1 sala(s), cozinha.",179626.52,175000.0,0.0,Leilão SFI - Edital Único,,RIBEIRAO DAS NEVES,MG,Não
8787713533424,"AVENIDA DENISE CRISTINA DA ROCHA, N. 612, Apto 404, BL 17 PROVÍNCIA LISBOA",TER URB JUSTINOPOLIS,"Apartamento, 75.74 de área total, 38.40 de área privativa, 0.00 de área do terreno,  2 qto(s), WC, 1 sala(s), cozinha, 1 vaga(s) de garagem.",170506.7,165000.0,0.0,Leilão SFI - Edital Único,,RIBEIRAO DAS NEVES,MG,Não
8787720174191,"RUA ADIR ALVES DE LIMA, N. 90, Apto 103, BL 06 GLEBA 02",DONA CLARA,"Apartamento, 62.59 de área total, 46.67 de área privativa, 0.00 de área do terreno,  2 qto(s), WC, 1 sala(s), cozinha.",212673.66,205000.0,0.0,Leilão SFI - Edital Único,,RIBEIRAO DAS NEVES,MG,Não
8787705539354,"RUA RAIMUNDO NONATO DE SOUZA, N. 1025, Apto 302, BL 02 VG 133",ROSANA,"Apartamento, 138.74 de área total, 46.53 de área privativa, 0.00 de área do terreno,  2 qto(s), a.serv, WC, 1 sala(s), cozinha, 1 vaga(s) de garagem.",136554.47,128000.0,0.0,Leilão SFI - Edital Único,,RIBEIRAO DAS NEVES,MG,Não
8787717465822,"RUA ADIR ALVES DE LIMA, N. 90, Apto 201, BL 11",DONA CLARA,"Apartamento, 53.51 de área total, 38.40 de área privativa, 0.00 de área do terreno,  2 qto(s), WC, 1 sala(s), cozinha, 1 vaga(s) de garagem.",206017.98,189002.12,0.0,Leilão SFI - Edital Único,,RIBEIRAO DAS NEVES,MG,Não
8787703212889,"RUA GERALDINO ROCHA, N. 215, Apto 403, BL 10",FELIXLANDIA,"Apartamento, 64.37 de área total, 47.91 de área privativa, 0.00 de área do terreno,  2 qto(s), WC, 1 sala(s), cozinha, 1 vaga(s) de garagem.",164577.11,150345.92,0.0,Leilão SFI - Edital Único,,RIBEIRAO DAS NEVES,MG,Não
8787719175660,"RUA ADIR ALVES DE LIMA, N. 90, Apto 201, BL 01 GLEBA 02",DONA CLARA,"Apartamento, 0.00 de área total, 38.40 de área privativa, 0.00 de área do terreno.",207736.73,188000.0,0.0,Leilão SFI - Edital Único,,RIBEIRAO DAS NEVES,MG,Não
8787716073734,"AVENIDA DENISE CRISTINA DA ROCHA, N. 612, Apto 202, BL 21 SUBCOND 01 PROV DE LISBOA VG 321",JUSTINÓPOLIS,"Apartamento, 75.74 de área total, 38.40 de área privativa, 0.00 de área do terreno,  2 qto(s), a.serv, WC, 1 sala(s), cozinha, 1 vaga(s) de garagem.",193826.2,175000.0,0.0,Leilão SFI - Edital Único,,RIBEIRAO DAS NEVES,MG,Não
8787718076595,"RUA ADIR ALVES DE LIMA, N. 90, Apto 102, BL 08 GLEBA 02",DONA CLARA,"Apartamento, 53.51 de área total, 38.40 de área privativa, 0.00 de área do terreno,  2 qto(s), WC, 1 sala(s), cozinha.",190385.03,171000.0,0.0,Leilão SFI - Edital Único,,RIBEIRAO DAS NEVES,MG,Não
8787718351928,"RUA ADIR ALVES DE LIMA, N. 90, Apto 203, BL 08 GLEBA 02",DONA CLARA,"Apartamento, 53.51 de área total, 38.40 de área privativa, 0.00 de área do terreno,  2 qto(s), WC, 1 sala(s), cozinha.",190387.64,171000.0,0.0,Leilão SFI - Edital Único,,RIBEIRAO DAS NEVES,MG,Não
8787718364191,"RUA ADIR ALVES DE LIMA, N. 90, Apto 303, BL15 GLEBA 02",DONA CLARA,"Apartamento, 53.51 de área total, 38.40 de área privativa, 0.00 de área do terreno,  2 qto(s), WC, 1 sala(s), cozinha.",190387.64,171000.0,0.0,Leilão SFI - Edital Único,,RIBEIRAO DAS NEVES,MG,Não
8787717428455,"RUA ADIR ALVES DE LIMA, N. 90, Apto 201, BL 14 GLEBA 02",DONA CLARA,"Apartamento, 53.51 de área total, 38.40 de área privativa, 0.00 de área do terreno,  2 qto(s), WC, 1 sala(s), cozinha.",190889.61,171000.0,0.0,Leilão SFI - Edital Único,,RIBEIRAO DAS NEVES,MG,Não
8444402633165,"RUA AUSTRALIA, N. 59, Apto 303, 3 PAV LT 26 QD 23",ESPERANCA JUSTINOPOL,"Apartamento, 65.79 de área total, 45.09 de área privativa, 0.00 de área do terreno,  2 qto(s), WC, 1 sala(s), cozinha, 2 vaga(s) de garagem.",137091.98,122000.0,0.0,Leilão SFI - Edital Único,,RIBEIRAO DAS NEVES,MG,Não
8787716924351,"AVENIDA MONTE CASTELO, N. 555, Apto 202, BL. 08",VILA REAL (JUSTINOPOLIS),"Apartamento, 0.00 de área total, 45.52 de área privativa, 0.00 de área do terreno, 1 vaga(s) de garagem.",184887.3,160000.0,0.0,Leilão SFI - Edital Único,,RIBEIRAO DAS NEVES,MG,Não
8787721059558,"RUA ADIR ALVES DE LIMA, N. 90, Apto 302, BL 11 GLEBA 02 VG 136",DONA CLARA,"Apartamento, 49.71 de área total, 41.28 de área privativa, 0.00 de área do terreno,  2 qto(s), a.serv, WC, 1 sala(s), cozinha, 1 vaga(s) de garagem.",232267.61,198000.0,0.0,Leilão SFI - Edital Único,,RIBEIRAO DAS NEVES,MG,Não
8444407724762,"RUA SAO JOAO DEL REI, N. 341, CASA 03",SEVILHA,"Casa, 0.00 de área total, 44.22 de área privativa, 0.00 de área do terreno,  2 qto(s), WC, 1 sala(s), cozinha, 1 vaga(s) de garagem.",122589.88,104000.0,0.0,Leilão SFI - Edital Único,,RIBEIRAO DAS NEVES,MG,Não
8787715467232,"AVENIDA DENISE CRISTINA DA ROCHA, N. 612, Apto 204, BL 28 PROVÍNCIA LISBOA",T. URB. JUSTINÓPOLIS,"Apartamento, 75.74 de área total, 38.40 de área privativa, 0.00 de área do terreno,  2 qto(s), WC, 1 sala(s), cozinha, 1 vaga(s) de garagem.",195178.05,165000.0,0.0,Leilão SFI - Edital Único,,RIBEIRAO DAS NEVES,MG,Não
8787719442153,"RUA ADIR ALVES DE LIMA, N. 90, Apto 302, BL 08",DONA CLARA,"Apartamento, 53.51 de área total, 38.40 de área privativa, 0.00 de área do terreno,  2 qto(s), WC, 1 sala(s), cozinha.",207101.52,175000.0,0.0,Leilão SFI - Edital Único,,RIBEIRAO DAS NEVES,MG,Não
8787719938965,"RUA ADIR ALVES DE LIMA, N. 90, Apto 204, BL 01",DONA CLARA,"Apartamento, 53.51 de área total, 38.40 de área privativa, 0.00 de área do terreno,  2 qto(s), a.serv, WC, 1 sala(s), cozinha.",207450.45,175000.0,0.0,Leilão SFI - Edital Único,,RIBEIRAO DAS NEVES,MG,Não
8787719424295,"RUA ADIR ALVES DE LIMA, N. 90, Apto 104, BL 10  GLEBA 02",DONA CLARA,"Apartamento, 53.51 de área total, 38.40 de área privativa, 0.00 de área do terreno,  2 qto(s), WC, 1 sala(s), cozinha.",207351.45,171000.0,0.0,Leilão SFI - Edital Único,,RIBEIRAO DAS NEVES,MG,Não
8787718782546,"RUA ADIR ALVES DE LIMA, N. 90, Apto 304, BL 02 GLEBA 02",DONA CLARA,"Apartamento, 53.51 de área total, 38.40 de área privativa, 0.00 de área do terreno,  2 qto(s), WC, 1 sala(s), cozinha.",207686.16,171000.0,0.0,Leilão SFI - Edital Único,,RIBEIRAO DAS NEVES,MG,Não
8787715676885,"RUA ADIR ALVES DE LIMA, N. 90, Apto 404, BL12",DONA CLARA,"Apartamento, 53.51 de área total, 38.40 de área privativa, 0.00 de área do terreno,  2 qto(s), 1 sala(s), cozinha, 1 vaga(s) de garagem.",179955.31,123000.0,0.0,Leilão SFI - Edital Único,,RIBEIRAO DAS NEVES,MG,Não
8787717295617,"RUA ADIR ALVES DE LIMA, N. 90, Apto 302, BL 14",DONA CLARA,"Apartamento, 53.51 de área total, 38.40 de área privativa, 0.00 de área do terreno,  2 qto(s), 1 sala(s), cozinha, 1 vaga(s) de garagem.",191481.98,123000.0,0.0,Leilão SFI - Edital Único,,RIBEIRAO DAS NEVES,MG,Não
1444421269297,"RUA BRUMADINHO, N. 329, LOTE 20 DA QUADRA 144",JUSTINÓPOLIS,"Terreno, 0.00 de área total, 0.00 de área privativa, 360.00 de área do terreno.",779331.38,200000.0,0.0,Leilão SFI - Edital Único,,RIBEIRAO DAS NEVES,MG,Não
10012090,"RUA ANTONIO CAIAFA, N. 360, QD 02, LT A",RIO POMBA,"Galpão, 0.00 de área total, 534.60 de área privativa, 2086.22 de área do terreno.",991796.44,991796.44,0.0,Leilão SFI - Edital Único,,RIO POMBA,MG,Não
8444417565764,"RUA FLAMBOYANT, N. 123, Apto 203,",VALE DOS IPE,"Apartamento, 55.92 de área total, 55.92 de área privativa, 0.00 de área do terreno,  2 qto(s), a.serv, WC, 1 sala(s), cozinha, 1 vaga(s) de garagem.",152000.0,152000.0,0.0,Leilão SFI - Edital Único,,RODEIRO,MG,Não
8444420667459,"RUA FLAMBOYANT, N. 123, Apto 202,",VALE DOS IPE,"Apartamento, 68.42 de área total, 55.92 de área privativa, 0.00 de área do terreno,  2 qto(s), WC, 1 sala(s), cozinha, 1 vaga(s) de garagem.",150000.0,150000.0,0.0,Leilão SFI - Edital Único,,RODEIRO,MG,Não
8787705225899,"RUA BRITANITE, N. 2, Apto 403, BL 02 VG 147",BORBA GATO,"Apartamento, 158.87 de área total, 55.70 de área privativa, 0.00 de área do terreno,  2 qto(s), a.serv, WC, 1 sala(s), cozinha, 1 vaga(s) de garagem.",90746.77,155000.0,41.46,Venda Direta Online,,SABARA,MG,Não
1016001029268,"RUA MARIA IZABEL FERNANDES, N. SN, ESQUINA RUA JOAO SILVA NASCIMENTO",DISTRITO ZELANDIA,"Casa, 0.00 de área total, 320.00 de área privativa, 1120.00 de área do terreno.",109271.01,196000.0,44.25,Venda Online,,SANTA JULIANA,MG,Não
8787701724360,"AVENIDA PROFESSOR DJALMA GUIMARAES, N. 1862, Apto 401, BL 07",CHACARAS SANTA INES (SAO BENEDITO),"Apartamento, 61.33 de área total, 44.50 de área privativa, 0.00 de área do terreno,  2 qto(s), a.serv, WC, 1 sala(s), cozinha, 1 vaga(s) de garagem.",90746.77,155000.0,41.46,Licitação Aberta,,SANTA LUZIA,MG,Não
8444436302072,"AVENIDA JOSE GONCALVES DA SILVA, N. 163, Apto 404, BL 13",BOM JESUS,"Apartamento, 45.95 de área total, 40.36 de área privativa, 0.00 de área do terreno,  2 qto(s), a.serv, WC, 1 sala(s), cozinha.",98370.7,166000.0,40.75,Licitação Aberta,,SANTA LUZIA,MG,Não
8787717290674,"RUA DONA MARIA JOSE LARA, N. 201, Apto 601, BLOCO 05",CHACARAS GERVASIO MONTEIRO LARA (SAO BEN,"Apartamento, 81.55 de área total, 44.62 de área privativa, 0.00 de área do terreno,  2 qto(s), WC, 1 sala(s), cozinha, 1 vaga(s) de garagem.",106667.03,180000.0,40.75,Licitação Aberta,,SANTA LUZIA,MG,Não
8787701521850,"AVENIDA PROFESSOR DJALMA GUIMARAES, N. 1862, Apto 304, 06",CHACARAS SANTA INES,"Apartamento, 49.92 de área total, 44.46 de área privativa, 0.00 de área do terreno,  2 qto(s), WC, 1 sala(s), cozinha, 1 vaga(s) de garagem.",172000.0,172000.0,0.0,Leilão SFI - Edital Único,,SANTA LUZIA,MG,Não
8787702492969,"AVENIDA DOM PEDRO I, N. 715, Apto 501, BL B VG 74 5 PAV",CHACARAS GRANJA POUSADA DEL REY,"Apartamento, 0.00 de área total, 47.40 de área privativa, 0.00 de área do terreno, 1 vaga(s) de garagem.",185000.0,185000.0,0.0,Leilão SFI - Edital Único,,SANTA LUZIA,MG,Não
8787706542871,"RUA IMPERATRIZ DONA AMELIA, N. 80, Apto 403, BL 04 VG 31",CHACARAS GRANJA POUSADA DEL REY,"Apartamento, 62.08 de área total, 41.85 de área privativa, 0.00 de área do terreno,  2 qto(s), WC, 1 sala(s), cozinha, 1 vaga(s) de garagem.",179000.0,179000.0,0.0,Leilão SFI - Edital Único,,SANTA LUZIA,MG,Não
8787702895060,"AVENIDA ORTOCRIM, N. 500, Apto 204, BL 04",BELO VALE,"Apartamento, 60.09 de área total, 43.69 de área privativa, 0.00 de área do terreno,  2 qto(s), WC, 1 sala(s), cozinha, 1 vaga(s) de garagem.",161000.0,161000.0,0.0,Leilão SFI - Edital Único,,SANTA LUZIA,MG,Não
8787706848474,"RUA GIL CARVALHO, N. 852, Apto 402, BL 09  VG 228",MONTE CARLO,"Apartamento, 118.47 de área total, 40.64 de área privativa, 0.00 de área do terreno,  2 qto(s), a.serv, WC, 1 sala(s), cozinha, 1 vaga(s) de garagem.",155000.0,155000.0,0.0,Leilão SFI - Edital Único,,SANTA LUZIA,MG,Não
8444415610509,"RUA DENILSON DE OLIVEIRA PINTO, N. 50, Apto 101, BL 07",LIBERDADE,"Apartamento, 61.66 de área total, 44.94 de área privativa, 0.00 de área do terreno,  2 qto(s), WC, 1 sala(s), cozinha, 1 vaga(s) de garagem.",165000.0,165000.0,0.0,Leilão SFI - Edital Único,,SANTA LUZIA,MG,Não
8787708825811,"AVENIDA BARAO DE MACAUBAS, N. 1020, Apto 103, BL 18",CORREGO TENENTE,"Apartamento, 110.96 de área total, 47.41 de área privativa, 0.00 de área do terreno,  2 qto(s), WC, 1 sala(s), cozinha, 1 vaga(s) de garagem.",225560.97,211500.0,0.0,Leilão SFI - Edital Único,,SANTA LUZIA,MG,Não
8787706195900,"RUA GIL CARVALHO, N. 852, Apto 504, BL 18",MONTE CARLO,"Apartamento, 108.12 de área total, 40.64 de área privativa, 0.00 de área do terreno,  2 qto(s), a.serv, WC, 1 sala(s), cozinha, 1 vaga(s) de garagem.",194624.16,160000.0,0.0,Leilão SFI - Edital Único,,SANTA LUZIA,MG,Não
10211718,"RUA 02 ESQ AV BEIRA RIO, N. SN, QD C, LT 01, BAIRRO CHAVESLANDIA",SANTA VITÓRIA,"Terreno, 0.00 de área total, 0.00 de área privativa, 4720.04 de área do terreno.",203024.26,380000.0,46.58,Venda Direta Online,,SANTA VITORIA,MG,Sim
10290967,"RUA JANIO QUADROS, N. 373, QD 41, LT 16-C",CENTRO,"Casa, 0.00 de área total, 60.00 de área privativa, 127.60 de área do terreno.",146000.0,146000.0,0.0,Leilão SFI - Edital Único,,SANTA VITORIA,MG,Não
8444439269998,"RUA BRUNO TIGANO, N. SN, LT 80 QD G",SÃ£o Luiz,"Terreno, 0.00 de área total, 0.00 de área privativa, 189.70 de área do terreno.",275511.78,100105.72,0.0,Leilão SFI - Edital Único,,SANTANA DA VARGEM,MG,Não
10299182,"RUA EXPEDITO ANÍCIO DE OLIVEIRA, N. 00, QD 15, LT 30",RES. BETÂNIA PARAÍSO,"Terreno, 0.00 de área total, 0.00 de área privativa, 220.00 de área do terreno.",87297.61,143000.0,38.96,Venda Direta Online,,SANTANA DO PARAISO,MG,Não
10299183,"RUA EXPEDITO ANÍCIO DE OLIVEIRA, N. 00, QD 15, LT 29",RES. BETÂNIA PARAÍSO,"Terreno, 0.00 de área total, 0.00 de área privativa, 220.00 de área do terreno.",87297.61,143000.0,38.96,Venda Direta Online,,SANTANA DO PARAISO,MG,Não
8444407398091,"RUA CORA CORALINA, N. 47, Apto 201,",BAIRRO CIDADE NOVA,"Apartamento, 83.20 de área total, 59.32 de área privativa, 0.00 de área do terreno,  2 qto(s), WC, 1 sala(s), cozinha, 1 vaga(s) de garagem.",246000.0,246000.0,0.0,Leilão SFI - Edital Único,,SANTANA DO PARAISO,MG,Não
8444408601672,"RUA JENIPAPO, N. 134, Apto 202, 1 PAV LT 54 QD 05",JARDIM VITÓRIA,"Apartamento, 65.07 de área total, 58.60 de área privativa, 0.00 de área do terreno,  2 qto(s), WC, 1 sala(s), cozinha, 1 vaga(s) de garagem.",160000.0,160000.0,0.0,Leilão SFI - Edital Único,,SANTANA DO PARAISO,MG,Não
8444410833119,"RUA DIADEMA, N. 714, Apto 02, PAV TERREO LT 19 QD 03",PARQUE CARAVELAS,"Apartamento, 71.44 de área total, 51.74 de área privativa, 0.00 de área do terreno,  2 qto(s), a.serv, WC, 1 sala(s), cozinha, 1 vaga(s) de garagem.",190000.0,190000.0,0.0,Leilão SFI - Edital Único,,SANTANA DO PARAISO,MG,Não
8444412024862,"RUA OLAVO BILAC, N. 146, CS 146 1 DUPLEX  LT 42 QD 30",CIDADE NOVA,"Casa, 76.95 de área total, 70.56 de área privativa, 360.00 de área do terreno,  2 qto(s), a.serv, WC, 1 sala(s), 1 lavabo(s), cozinha, 1 vaga(s) de garagem.",291000.0,291000.0,0.0,Leilão SFI - Edital Único,,SANTANA DO PARAISO,MG,Não
11284,"PRAÇA JOSÉ ANTÔNIO PEDRO, N. 05, Apto 302",CENTRO,"Apartamento, 0.00 de área total, 131.22 de área privativa, 0.00 de área do terreno,  3 qto(s), a.serv, WC, 1 sala(s), cozinha, Terraco.",401533.82,401533.82,0.0,Leilão SFI - Edital Único,,SANTOS DUMONT,MG,Não
8444425363822,"RUA DAS DORES, N. 240, LT 56 QD 5 SETOR 85",BONFIM,"Casa, 109.00 de área total, 74.00 de área privativa, 201.00 de área do terreno,  3 qto(s), a.serv, WC, 1 sala(s), cozinha, 2 vaga(s) de garagem.",150000.0,150000.0,0.0,Leilão SFI - Edital Único,,SAO GONCALO DO PARA,MG,Não
1555516750610,"RUA BELO HORIZONTE, N. 255, LT 32 QD 02",VALE DO SOL,"Casa, 0.00 de área total, 144.87 de área privativa, 405.00 de área do terreno, 1 vaga(s) de garagem.",393319.92,617152.19,36.27,Venda Direta Online,,SAO GONCALO DO RIO ABAIXO,MG,Não
8555515576789,"RUA DAS MARGARIDAS, N. 28 B,",PIO XII,"Casa, 0.00 de área total, 53.33 de área privativa, 300.00 de área do terreno.",96000.32,180000.0,46.67,Venda Direta Online,,SAO JOAO DEL REI,MG,Não
8787715990393,"AVENIDA DOMINGOS PINTO CAMARANO, N. 360, Apto 402,",COLONIA DO MARCAL,"Apartamento, 80.26 de área total, 42.90 de área privativa, 0.00 de área do terreno,  2 qto(s), WC, 1 sala(s), cozinha.",103704.06,175000.0,40.75,Licitação Aberta,,SAO JOAO DEL REI,MG,Não
8787714145436,"AVENIDA DOMINGOS PINTO CAMARANO, N. 360, Apto 402, BL06 PV4",COLONIA DO MARCAL,"Apartamento, 0.00 de área total, 42.90 de área privativa, 0.00 de área do terreno.",114838.57,190000.0,39.56,Licitação Aberta,,SAO JOAO DEL REI,MG,Não
8787715735040,"AVENIDA DOMINGOS PINTO CAMARANO, N. 360, Apto 101, BL.12",COLONIA DO MARCAL,"Apartamento, 80.26 de área total, 42.90 de área privativa, 0.00 de área do terreno,  2 qto(s), WC, 1 sala(s), cozinha.",126926.84,210000.0,39.56,Venda Direta Online,,SAO JOAO DEL REI,MG,Não
8787714457470,"AVENIDA DOMINGOS PINTO CAMARANO, N. 360, Apto 403, BL 06 PAV 04",COLONIA DO MARCAL,"Apartamento, 0.00 de área total, 42.90 de área privativa, 0.00 de área do terreno.",145749.99,238035.15,38.77,Venda Direta Online,,SAO JOAO DEL REI,MG,Não
8787713815055,"AVENIDA DOMINGOS PINTO CAMARANO, N. 360, Apto 503, BL.3 5 PAVIMENTO",COLONIA DO MARCAL,"Apartamento, 0.00 de área total, 42.90 de área privativa, 0.00 de área do terreno,  2 qto(s), WC, cozinha.",190000.0,190000.0,0.0,Leilão SFI - Edital Único,,SAO JOAO DEL REI,MG,Não
8787716456269,"AVENIDA DOMINGOS PINTO CAMARANO, N. 360, Apto 402, BL 2 PAV 4",COLONIA DO MARCAL,"Apartamento, 80.26 de área total, 42.90 de área privativa, 0.00 de área do terreno,  2 qto(s), WC, 1 sala(s), cozinha, 1 vaga(s) de garagem.",210000.0,210000.0,0.0,Leilão SFI - Edital Único,,SAO JOAO DEL REI,MG,Não
8787716532488,"AVENIDA DOMINGOS PINTO CAMARANO, N. 360, Apto 101, BL 09  VG 03",COLONIA DO MARCAL,"Apartamento, 80.26 de área total, 42.90 de área privativa, 0.00 de área do terreno,  2 qto(s), a.serv, WC, 1 sala(s), cozinha, 1 vaga(s) de garagem.",201000.0,201000.0,0.0,Leilão SFI - Edital Único,,SAO JOAO DEL REI,MG,Não
10290983,"SITIO CORREGO MANTENINHA, N. 00, TRÊS BARRAS",CENTRO,"Gleba, 0.00 de área total, 0.00 de área privativa, 467150.00 de área do terreno.",3036000.0,3036000.0,0.0,Leilão SFI - Edital Único,,SAO JOAO DO MANTENINHA,MG,Não
1444413974793,"RUA ALCEBIADES VALENTE, N. 422, Apto 102, .",SANTA TEREZINHA,"Apartamento, 0.00 de área total, 36.58 de área privativa, 0.00 de área do terreno,  1 qto(s), WC, 1 sala(s), cozinha.",32274.68,103000.0,68.67,Venda Online,,SAO JOAO NEPOMUCENO,MG,Não
8787711188681,"RUA JASMIM, N. 679, CS 35",JARDIM VILA RICA,"Casa, 161.46 de área total, 54.16 de área privativa, 161.46 de área do terreno,  2 qto(s), a.serv, WC, 1 sala(s), cozinha.",77622.6,134000.0,42.08,Licitação Aberta,,SAO JOAQUIM DE BICAS,MG,Não
8444406044610,"RUA RIO DE JANEIRO, N. 1263, CS 09 QD 101 LT 12-A",TEREZA CRISTINA,"Casa, 114.38 de área total, 88.26 de área privativa, 49.00 de área do terreno,  3 qto(s), varanda, a.serv, WC, 1 sala(s), cozinha, 1 vaga(s) de garagem.",120882.7,200000.0,39.56,Licitação Aberta,,SAO JOAQUIM DE BICAS,MG,Não
1444417702305,"RUA ITAJUBÁ, N. 612, CS 05  LT 37  QD 24",PEDRA BRANCA,"Casa, 50.41 de área total, 48.54 de área privativa, 127.71 de área do terreno,  2 qto(s), a.serv, WC, 1 sala(s), cozinha, 1 vaga(s) de garagem.",202216.25,202216.25,0.0,Leilão SFI - Edital Único,,SAO JOAQUIM DE BICAS,MG,Não
8444420886207,"RUA AROLDO PEREIRA DA SILVA, N. 28, CASA 01",VILA BELO VALE,"Casa, 58.47 de área total, 56.44 de área privativa, 127.24 de área do terreno,  2 qto(s), a.serv, WC, 1 sala(s), cozinha, 1 vaga(s) de garagem.",196000.0,196000.0,0.0,Leilão SFI - Edital Único,,SAO JOAQUIM DE BICAS,MG,Não
1444413912240,"RUA JOSE VERISSIMO DA SILVA, N. 848, CASA 04",PQ JARDIM ENCANTADO,"Casa, 0.00 de área total, 59.79 de área privativa, 675.00 de área do terreno, 1 vaga(s) de garagem.",195000.0,195000.0,0.0,Leilão SFI - Edital Único,,SAO JOSE DA LAPA,MG,Não
8444422777219,"RUA JOAO DIAS DE CASTRO, N. 250,",JARDIM DIAMANTINA,"Casa, 0.00 de área total, 66.44 de área privativa, 160.00 de área do terreno,  3 qto(s), a.serv, WC, 1 sala(s), cozinha.",183691.35,300000.0,38.77,Venda Direta Online,,SAO SEBASTIAO DO PARAISO,MG,Sim
8444416645098,"RUA BELMIRO GOMES, N. 411, Apto 304, BL 03",JARDIM ANCHIETA,"Apartamento, 0.00 de área total, 50.30 de área privativa, 0.00 de área do terreno.",144000.0,144000.0,0.0,Leilão SFI - Edital Único,,SARZEDO,MG,Não
10004532,"PRACA DA ARVORE, N. S/Nº, ROD SERRANIA ALFENAS - KM 0 -",CENTRO,"Terreno, 0.00 de área total, 0.00 de área privativa, 3270.00 de área do terreno.",302243.58,600000.0,49.63,Venda Direta Online,,SERRANIA,MG,Não
8444419051113,"RUA TANGARA, N. 0, LT 08 QD 13",ITAPOA II,"Terreno, 0.00 de área total, 0.00 de área privativa, 360.00 de área do terreno.",66956.22,137000.0,51.13,Venda Direta Online,,SETE LAGOAS,MG,Não
8444427331910,"AVENIDA ROMEU SILVA, N. 230, Apto 16, BL 04, CHÁCARA: 02-A, VG 16",RECANTO SAO JOSE,"Apartamento, 124.65 de área total, 53.45 de área privativa, 0.00 de área do terreno,  2 qto(s), WC, 1 sala(s), cozinha, 1 vaga(s) de garagem.",77941.19,138000.0,43.53,Venda Direta Online,,SETE LAGOAS,MG,Não
8555537572140,"AVENIDA MUCIO JOSE REIS, N. 1889, Apto 402, BL 08, GARAGEM N164, LT 3669, QD 003",MORRO VERMELHO,"Apartamento, 76.21 de área total, 42.60 de área privativa, 0.00 de área do terreno,  2 qto(s), a.serv, WC, 1 sala(s), cozinha, 1 vaga(s) de garagem.",78781.14,136000.0,42.08,Licitação Aberta,,SETE LAGOAS,MG,Não
8787710453560,"AVENIDA PREFEITO ALBERTO MOURA, N. 1251, Apto 401, BL 06 BOX 69",DISTRITO INDUSTRIAL,"Apartamento, 55.35 de área total, 38.40 de área privativa, 0.00 de área do terreno,  2 qto(s), WC, 1 sala(s), cozinha, 1 vaga(s) de garagem.",75305.5,130000.0,42.08,Licitação Aberta,,SETE LAGOAS,MG,Não
8787706769469,"RUA CHICO DOS PINHOES, N. 220, Apto 101, BL 10 VAGA 107 AREA B",NOVO HORIZONTE,"Apartamento, 56.76 de área total, 38.40 de área privativa, 0.00 de área do terreno,  2 qto(s), WC, 1 sala(s), cozinha, 1 vaga(s) de garagem.",86648.52,148000.0,41.46,Licitação Aberta,,SETE LAGOAS,MG,Não
8787710923361,"RUA CHICO DOS PINHOES, N. 220, Apto 203, BL 08 BOX 150",NOVO HORIZONTE,"Apartamento, 0.00 de área total, 38.40 de área privativa, 0.00 de área do terreno, 1 vaga(s) de garagem.",90746.77,155000.0,41.46,Licitação Aberta,,SETE LAGOAS,MG,Não
8555527645748,"AVENIDA JAIME RODRIGUES BRANCO, N. 451, Apto 101, BL 06",ELDORADO,"Apartamento, 89.34 de área total, 44.92 de área privativa, 0.00 de área do terreno,  2 qto(s), WC, 1 sala(s), cozinha.",102518.87,173000.0,40.75,Venda Online,,SETE LAGOAS,MG,Não
8444407043080,"RUA LUPICINIO RODRIGUES, N. 364, LOTE 16 QUADRA 23",BRASILIA,"Casa, 90.04 de área total, 57.42 de área privativa, 180.00 de área do terreno,  2 qto(s), a.serv, WC, 1 sala(s), cozinha.",145800.0,243000.0,40.0,Leilão SFI - Edital Único,,SETE LAGOAS,MG,Não
8555533252230,"RUA SANTA RITA DO SAPUCAI, N. 54, Apto 702, BL D BOX 48",CATARINA,"Apartamento, 99.64 de área total, 47.40 de área privativa, 0.00 de área do terreno,  2 qto(s), WC, 1 sala(s), cozinha, 1 vaga(s) de garagem.",111816.5,185000.0,39.56,Licitação Aberta,,SETE LAGOAS,MG,Não
8444425769012,"RUA DOUTOR CARLOS V F LINHARES, N. 165A, CS 02 LT 01 QD 06",RESIDENCIAL CAMPESTRE,"Casa, 171.20 de área total, 52.80 de área privativa, 103.20 de área do terreno,  2 qto(s), a.serv, WC, 1 sala(s), cozinha.",117256.22,194000.0,39.56,Licitação Aberta,,SETE LAGOAS,MG,Não
1555529559913,"AVENIDA PREFEITO ALBERTO MOURA, N. 1349, Apto 601, BL C",DISTRITO INDUSTRIAL,"Apartamento, 98.36 de área total, 47.40 de área privativa, 0.00 de área do terreno,  2 qto(s), WC, 1 sala(s), cozinha, 1 vaga(s) de garagem.",104992.75,170000.0,38.24,Licitação Aberta,,SETE LAGOAS,MG,Não
8555538152888,"AVENIDA MUCIO JOSE REIS, N. 1889, Apto 103, BLOCO 07",MORRO VERMELHO,"Apartamento, 76.90 de área total, 42.66 de área privativa, 0.00 de área do terreno,  2 qto(s), a.serv, WC, 1 sala(s), cozinha, 1 vaga(s) de garagem.",106089.86,148000.0,28.32,Leilão SFI - Edital Único,,SETE LAGOAS,MG,Não
1555535105635,"AVENIDA JAIME RODRIGUES BRANCO, N. 231, Apto 203, BL A VG 180 E 191",BOQUEIRAO,"Apartamento, 100.05 de área total, 65.17 de área privativa, 0.00 de área do terreno,  2 qto(s), WC, 1 sala(s), cozinha, 2 vaga(s) de garagem.",270000.0,270000.0,0.0,Leilão SFI - Edital Único,,SETE LAGOAS,MG,Não
8444416127720,"RUA MARIA APARECIDA LOPES, N. 178-A, UN 02  LOTE 15  QD 06",CANADA,"Casa, 99.15 de área total, 64.74 de área privativa, 142.29 de área do terreno,  2 qto(s), a.serv, WC, 1 sala(s), cozinha, 1 vaga(s) de garagem.",210000.0,210000.0,0.0,Leilão SFI - Edital Único,,SETE LAGOAS,MG,Não
8555527710655,"AVENIDA JAIME RODRIGUES BRANCO, N. 451, Apto 304, BL 15",ELDORADO,"Apartamento, 89.33 de área total, 44.92 de área privativa, 0.00 de área do terreno,  2 qto(s), WC, 1 sala(s), cozinha, 1 vaga(s) de garagem.",135000.0,135000.0,0.0,Leilão SFI - Edital Único,,SETE LAGOAS,MG,Não
8787714983407,"AVENIDA PREFEITO ALBERTO MOURA, N. 1251, Apto 404, BL 15  VG 248",DISTRITO INDUSTRIAL,"Apartamento, 55.33 de área total, 38.40 de área privativa, 0.00 de área do terreno,  2 qto(s), a.serv, WC, 1 sala(s), cozinha, 1 vaga(s) de garagem.",170000.0,170000.0,0.0,Leilão SFI - Edital Único,,SETE LAGOAS,MG,Não
8444422336832,"RUA PROFESSORA MARIA DA GLORIA GOMES, N. 276A, UN 03  LT 15  QD 09",MONTREAL II,"Casa, 78.80 de área total, 78.80 de área privativa, 0.00 de área do terreno,  2 qto(s), a.serv, WC, 1 sala(s), 1 lavabo(s), cozinha, 1 vaga(s) de garagem.",210000.0,210000.0,0.0,Leilão SFI - Edital Único,,SETE LAGOAS,MG,Não
1444414464829,"RUA K, N. 216, QD 04",RESIDENCIAL CAMPESTRE,"Casa, 75.56 de área total, 75.56 de área privativa, 231.75 de área do terreno,  3 qto(s), a.serv, WC, 1 sala(s), cozinha.",210000.0,210000.0,0.0,Leilão SFI - Edital Único,,SETE LAGOAS,MG,Não
8787710739668,"AVENIDA PREFEITO ALBERTO MOURA, N. 1251, Apto 302, BL 04 VG 195",DISTRITO INDUSTRIAL,"Apartamento, 55.33 de área total, 38.40 de área privativa, 0.00 de área do terreno,  2 qto(s), WC, 1 sala(s), cozinha, 1 vaga(s) de garagem.",144272.14,142790.0,0.0,Leilão SFI - Edital Único,,SETE LAGOAS,MG,Não
1444415199290,"RUA JARBAS DE ASSIS NONATO, N. 122-B, LT 11  QD 21",BOUGANVILE LL,"Casa, 59.34 de área total, 51.34 de área privativa, 119.27 de área do terreno,  2 qto(s), a.serv, WC, 1 sala(s), cozinha.",178437.48,170000.0,0.0,Leilão SFI - Edital Único,,SETE LAGOAS,MG,Não
8787712182806,"AVENIDA PREFEITO ALBERTO MOURA, N. 1251, Apto 104, BL 13",DISTRITO INDUSTRIAL,"Apartamento, 55.33 de área total, 38.40 de área privativa, 0.00 de área do terreno,  2 qto(s), WC, 1 sala(s), cozinha, 1 vaga(s) de garagem.",136791.36,130000.0,0.0,Leilão SFI - Edital Único,,SETE LAGOAS,MG,Não
8787709218587,"RUA ANTONIO FONSECA LEAL, N. 699, Apto 103, BL 10 VG 81",SANTA FELICIDADE,"Apartamento, 103.80 de área total, 44.50 de área privativa, 0.00 de área do terreno,  2 qto(s), a.serv, WC, 1 sala(s), cozinha, 1 vaga(s) de garagem.",136791.36,130000.0,0.0,Leilão SFI - Edital Único,,SETE LAGOAS,MG,Não
8444400871654,"RUA MONTE HERMION, N. 37,  QD I LT 10",BOA ESPERANÇA II,"Casa, 70.00 de área total, 70.00 de área privativa, 128.12 de área do terreno,  3 qto(s), a.serv, WC, 1 sala(s), cozinha.",110000.0,110000.0,0.0,Leilão SFI - Edital Único,,SOBRALIA,MG,Não
1444404659171,"RUA ALTAMIRO NUNES LEITE, N. SN, LT 06 QD 16",FILADELFIA,"Terreno, 0.00 de área total, 0.00 de área privativa, 323.07 de área do terreno.",70592.66,118000.0,40.18,Licitação Aberta,,TEOFILO OTONI,MG,Não
10289413,"RUA MARIA GOMES DOS SANTOS, N. 00, 00",FREI DIMAS,"Gleba, 0.00 de área total, 0.00 de área privativa, 12159.57 de área do terreno.",1098092.54,1723000.0,36.27,Venda Direta Online,,TEOFILO OTONI,MG,Sim
17556,"RUA CABO BENEDITO ALVES, N. 1470, BAIRRO COTIA",JARDIM PARAISO,"Comercial, 0.00 de área total, 261.48 de área privativa, 6500.00 de área do terreno.",1130340.61,2362000.0,52.15,Venda Online,,TRES CORACOES,MG,Não
8444417984015,"RUA A, N. 60, LT 11 QD B",RESIDENCIAL PARAISO,"Casa, 56.00 de área total, 56.00 de área privativa, 173.35 de área do terreno,  2 qto(s), a.serv, WC, 1 sala(s), cozinha, 1 vaga(s) de garagem.",131762.14,218000.0,39.56,Venda Direta Online,,TRES CORACOES,MG,Não
8787712406380,"RUA CAPITAO MUSA, N. 166, Apto 304, BL 03 PAV 03",ALTO DA COLINA,"Apartamento, 143.85 de área total, 44.82 de área privativa, 0.00 de área do terreno,  2 qto(s), WC, 1 sala(s), cozinha, 1 vaga(s) de garagem.",180000.0,180000.0,0.0,Leilão SFI - Edital Único,,TRES CORACOES,MG,Não
8787713636762,"RUA CAPITAO MUSA, N. 166, Apto 102, BL 03 PAV TERREO",ALTO DA COLINA,"Apartamento, 99.34 de área total, 44.96 de área privativa, 0.00 de área do terreno,  2 qto(s), WC, 1 sala(s), cozinha, 1 vaga(s) de garagem.",182000.0,182000.0,0.0,Leilão SFI - Edital Único,,TRES CORACOES,MG,Não
8787713711160,"RUA CAPITAO MUSA, N. 166, Apto 301, BL 04 PAV 03",ALTO DA COLINA,"Apartamento, 99.34 de área total, 44.96 de área privativa, 0.00 de área do terreno,  3 qto(s), WC, 1 sala(s), cozinha, 1 vaga(s) de garagem.",182000.0,182000.0,0.0,Leilão SFI - Edital Único,,TRES CORACOES,MG,Não
8787714063430,"RUA CAPITAO MUSA, N. 166, Apto 303, BL 02  PAV 03",ALTO DA COLINA,"Apartamento, 99.03 de área total, 44.82 de área privativa, 0.00 de área do terreno,  2 qto(s), WC, 1 sala(s), cozinha, 1 vaga(s) de garagem.",180000.0,180000.0,0.0,Leilão SFI - Edital Único,,TRES CORACOES,MG,Não
8787714130374,"RUA CAPITAO MUSA, N. 166, Apto 503, BL 03 LOT JD RIO VERDE",ALTO DA COLINA,"Apartamento, 99.03 de área total, 44.82 de área privativa, 0.00 de área do terreno,  2 qto(s), WC, 1 sala(s), cozinha, 1 vaga(s) de garagem.",180000.0,180000.0,0.0,Leilão SFI - Edital Único,,TRES CORACOES,MG,Não
8787714465945,"RUA CAPITAO MUSA, N. 166, Apto 202, BL 03 PAV 02",ALTO DA COLINA,"Apartamento, 99.34 de área total, 44.96 de área privativa, 0.00 de área do terreno,  2 qto(s), WC, 1 sala(s), cozinha, 1 vaga(s) de garagem.",182000.0,182000.0,0.0,Leilão SFI - Edital Único,,TRES CORACOES,MG,Não
8787715489295,"RUA CAPITAO MUSA, N. 166, Apto 103, BL 02 PAV TERREO",ALTO DA COLINA,"Apartamento, 112.83 de área total, 53.42 de área privativa, 0.00 de área do terreno,  2 qto(s), WC, 1 sala(s), cozinha, 1 vaga(s) de garagem.",205000.0,205000.0,0.0,Leilão SFI - Edital Único,,TRES CORACOES,MG,Não
8787712493330,"RUA CAPITAO MUSA, N. 166, Apto 403, BL 02",RESIDENCIAL DHARMA,"Apartamento, 99.03 de área total, 44.82 de área privativa, 0.00 de área do terreno,  2 qto(s), a.serv, WC, cozinha, 1 vaga(s) de garagem.",180000.0,180000.0,0.0,Leilão SFI - Edital Único,,TRES CORACOES,MG,Não
8444428824600,"RUA SEBASTIAO RENATO PEREIRA, N. 31,",RIO DO PEIXE,"Casa, 137.69 de área total, 137.69 de área privativa, 240.00 de área do terreno,  3 qto(s), a.serv, WC, 1 sala(s), cozinha.",169712.81,156000.0,0.0,Leilão SFI - Edital Único,,TRES CORACOES,MG,Não
8444426296649,"RUA PROJETADA L, N. SN, LT 05 QD 15",RESIDENCIAL PROGRESSO,"Terreno, 0.00 de área total, 0.00 de área privativa, 200.00 de área do terreno.",145395.84,60000.0,0.0,Leilão SFI - Edital Único,,TRES CORACOES,MG,Não
1444417845742,"RUA ALMERINDA LOURENÇO DO AMARAL, N. 171, Apto 101,",SANTA ROSA,"Apartamento, 205.61 de área total, 205.61 de área privativa, 0.00 de área do terreno,  4 qto(s), a.serv, WC, 2 sala(s), 1 lavabo(s), cozinha, 1 vaga(s) de garagem.",355000.0,355000.0,0.0,Leilão SFI - Edital Único,,TRES MARIAS,MG,Não
8444410830446,"RUA 06, N. 108A,",TRES MARIAS,"Casa, 59.73 de área total, 59.73 de área privativa, 140.00 de área do terreno,  2 qto(s), a.serv, WC, 1 sala(s), cozinha.",130000.0,130000.0,0.0,Leilão SFI - Edital Único,,TRES MARIAS,MG,Não
8444429596546,"RUA JOAO NICOLAU DA SILVA, N. 81, LT 13 QD 270-B",TIRADENTES,"Casa, 61.77 de área total, 61.77 de área privativa, 126.00 de área do terreno,  2 qto(s), WC, 1 sala(s), cozinha, 1 vaga(s) de garagem.",103704.06,175000.0,40.75,Venda Direta Online,,TUPACIGUARA,MG,Não
8787711111964,"RUA JOSE VIEIRA DE ALMEIDA, N. 80, Apto 1112,",RESIDENCIAL SAO JOSE,"Apartamento, 72.11 de área total, 41.45 de área privativa, 0.00 de área do terreno,  2 qto(s), a.serv, WC, 1 sala(s), cozinha.",90746.77,155000.0,41.46,Licitação Aberta,,UBA,MG,Não
8787702329960,"RUA MAJOR CARNEIRO, N. 87, Apto 702, PAV 07 BL 01",VILA FRANEL,"Apartamento, 56.47 de área total, 41.45 de área privativa, 0.00 de área do terreno,  2 qto(s), WC, 1 sala(s), cozinha, 1 vaga(s) de garagem.",96000.33,162000.0,40.75,Licitação Aberta,,UBA,MG,Não
10171965,"FAZENDA DA GLORIA, N. SN, ÁREA DE TERRAS RURAL",UBÁ,"Imóvel rural, 0.00 de área total, 499.63 de área privativa, 42514.00 de área do terreno.",1146000.0,1146000.0,0.0,Leilão SFI - Edital Único,,UBA,MG,Não
8787710137242,"RUA JOSE VIEIRA DE ALMEIDA, N. 80, Apto 311,",RESIDENCIAL SAO JOSE,"Apartamento, 72.11 de área total, 41.45 de área privativa, 0.00 de área do terreno,  2 qto(s), a.serv, WC, 1 sala(s), cozinha.",164116.14,164116.14,0.0,Leilão SFI - Edital Único,,UBA,MG,Não
8787708660553,"AVENIDA PEDRO LUCAS, N. 601, Apto 104, BL 02 VG 03",CACHIMBO,"Apartamento, 0.00 de área total, 42.90 de área privativa, 0.00 de área do terreno.",87233.99,179000.0,51.27,Venda Direta Online,,UBERABA,MG,Não
8555520185466,"RUA HENRIQUE GUILLAUMON, N. 107, Apto 05, PRIMEIRO PAVIMENTO",SERRA DO SOL,"Apartamento, 50.00 de área total, 45.65 de área privativa, 0.00 de área do terreno,  2 qto(s), a.serv, WC, 1 sala(s), cozinha.",39385.96,80000.0,50.77,Venda Online,,UBERABA,MG,Não
8444425951465,"RUA IONE FERNANDES, N. SN, QD Y LT 34",ALFREDO FREIRE IV,"Casa, 45.00 de área total, 45.00 de área privativa, 200.00 de área do terreno,  2 qto(s), a.serv, WC, 1 sala(s).",65444.98,131600.0,50.27,Venda Direta Online,,UBERABA,MG,Não
8787718278627,"RUA OUTONO, N. 250, Apto 304, BL 17 VAGA 197",VILA ARQUELAU,"Apartamento, 78.07 de área total, 39.30 de área privativa, 0.00 de área do terreno,  2 qto(s), a.serv, WC, 1 sala(s), 1 vaga(s) de garagem.",96071.52,187000.0,48.63,Venda Online,,UBERABA,MG,Não
8444422920631,"RUA DOUTOR PEDRO BALDO, N. 169,",ALFREDO FREIRE,"Terreno, 0.00 de área total, 0.00 de área privativa, 200.00 de área do terreno.",66280.07,125000.0,46.98,Venda Online,,UBERABA,MG,Não
1444408148724,"RUA ELAINE GONZAGA SOARES, N. 341,",BELA VISTA,"Casa, 178.33 de área total, 94.33 de área privativa, 5030.74 de área do terreno,  2 qto(s), a.serv, WC, 1 sala(s), cozinha.",387348.92,725000.0,46.58,Venda Direta Online,,UBERABA,MG,Sim
1444405439353,"ALAMEDA COLONIAL, N. 95, LT 02 QD A",RECANTO DAS TORRES,"Casa, 0.00 de área total, 1436.00 de área privativa, 2057.62 de área do terreno,  4 qto(s), a.serv, WC, WC Emp, 2 sala(s), 1 lavabo(s), cozinha, 2 vaga(s) de garagem.",3196792.63,5915000.0,45.96,Venda Direta Online,,UBERABA,MG,Não
8444431545384,"AVENIDA LAERTE DE OLIVEIRA, N. 405, Apto 202, BL 15 VG 262",ZECA MENDES,"Apartamento, 58.52 de área total, 40.28 de área privativa, 0.00 de área do terreno,  2 qto(s), WC, 1 sala(s), cozinha, 1 vaga(s) de garagem.",94829.95,173000.0,45.19,Venda Direta Online,,UBERABA,MG,Não
8444426076347,"RUA OSVALDO JOSE DA COSTA, N. SN, LT 18 QD E1",LOTEAMENTO ILHA BELA,"Terreno, 0.00 de área total, 0.00 de área privativa, 200.00 de área do terreno.",56444.48,100000.0,43.56,Venda Direta Online,,UBERABA,MG,Não
8444433485982,"RUA DEZENOVE, N. SN, LT 12, QD 17",PARQUE DAS AROEIRAS,"Terreno, 0.01 de área total, 0.00 de área privativa, 200.00 de área do terreno.",62856.87,110000.0,42.86,Venda Online,,UBERABA,MG,Não
8444436378257,"RUA ALAOR DE JESUS MINARE, N. S/N, LT 27 QD P",UPG MARAJO,"Terreno, 0.00 de área total, 0.00 de área privativa, 200.00 de área do terreno.",57891.78,100000.0,42.11,Venda Direta Online,,UBERABA,MG,Não
8444436748780,"RUA LACI LEITE DE MENEZES 226, N. 226, LT 28 QD V",UPG MARAJO,"Terreno, 0.00 de área total, 0.00 de área privativa, 0.00 de área do terreno.",55426.53,95741.63,42.11,Venda Online,,UBERABA,MG,Não
8444425297633,"RUA ADEMAR DA SILVA, N. 3/84.522, QD B1 LT 14",LOTEAMENTO ILHA BELA,"Terreno, 0.00 de área total, 0.00 de área privativa, 200.00 de área do terreno.",56155.03,97000.0,42.11,Licitação Aberta,,UBERABA,MG,Não
8444424884713,"RUA ADEMAR DA SILVA, N. SN, LT 15 QD B1",LOTEAMENTO ILHA BELA,"Casa, 49.20 de área total, 49.20 de área privativa, 200.00 de área do terreno,  2 qto(s), a.serv, WC, 1 sala(s), cozinha, 1 vaga(s) de garagem.",76464.05,132000.0,42.08,Licitação Aberta,,UBERABA,MG,Não
8444422289125,"RUA 08, N. SN, LT 12, QD AR, RUA 08, AR12",JARDIM MARACANA,"Terreno, 0.00 de área total, 0.00 de área privativa, 258.20 de área do terreno.",84599.4,144500.0,41.46,Licitação Aberta,,UBERABA,MG,Não
8787713053929,"RUA DONA CECILIA BORGES PAULUK, N. 70, Apto 202, BL 21 VG97",VALLIM,"Apartamento, 57.06 de área total, 40.57 de área privativa, 0.00 de área do terreno,  2 qto(s), WC, 1 sala(s), cozinha, 1 vaga(s) de garagem.",89575.84,153000.0,41.46,Venda Online,,UBERABA,MG,Não
8787714424874,"RUA DONA CECILIA BORGES PAULUK, N. 70, Apto 201, BL 22",VALLIM,"Apartamento, 57.06 de área total, 52.07 de área privativa, 0.00 de área do terreno,  2 qto(s), a.serv, WC, 1 sala(s), cozinha, 1 vaga(s) de garagem.",87819.45,150000.0,41.46,Venda Direta Online,,UBERABA,MG,Não
8787714720341,"RUA DONA CECILIA BORGES PAULUK, N. 70, Apto 204, BLOCO 06, VAGA 48",VALLIM,"Apartamento, 57.06 de área total, 52.07 de área privativa, 0.00 de área do terreno,  2 qto(s), WC, 1 sala(s), cozinha, 1 vaga(s) de garagem.",87819.45,150000.0,41.46,Venda Online,,UBERABA,MG,Não
8555537077602,"RUA ABILIO MONTEIRO, N. 454, Apto 402, BLOCO 12",RECREIO DOS BANDEIRANTES,"Apartamento, 60.90 de área total, 42.66 de área privativa, 0.00 de área do terreno,  2 qto(s), a.serv, WC, 1 sala(s), cozinha, 1 vaga(s) de garagem.",90161.3,154000.0,41.46,Venda Direta Online,,UBERABA,MG,Não
8444433733030,"AVENIDA DOS CURIOS, N. 501, Apto 403, BL 09 PAV 01 VG 150",CONJUNTO PONTAL,"Apartamento, 81.65 de área total, 44.14 de área privativa, 0.00 de área do terreno,  2 qto(s), WC, 1 sala(s), cozinha, 1 vaga(s) de garagem.",85252.04,145614.73,41.46,Venda Direta Online,,UBERABA,MG,Não
8787717664493,"RUA OUTONO, N. 250, Apto 404, BL 17",VILA ARQUELAU,"Apartamento, 39.30 de área total, 39.30 de área privativa, 0.00 de área do terreno,  2 qto(s), WC, 1 sala(s), cozinha, 1 vaga(s) de garagem.",88990.38,152000.0,41.46,Venda Direta Online,,UBERABA,MG,Não
8444434994910,"AVENIDA JOSIAS FERREIRA SOBRINHO, N. 345, Apto 201, BL 06 PAV 02",JARDIM MARACANA,"Apartamento, 86.55 de área total, 43.09 de área privativa, 0.00 de área do terreno,  2 qto(s), a.serv, WC, 1 sala(s), cozinha.",90746.77,155000.0,41.46,Licitação Aberta,,UBERABA,MG,Não
8787704460517,"AVENIDA JOSIAS FERREIRA SOBRINHO, N. 345, Apto 401, BL06",JARDIM MARACANA,"Apartamento, 86.54 de área total, 43.08 de área privativa, 0.00 de área do terreno,  2 qto(s), WC, 1 sala(s), cozinha, 1 vaga(s) de garagem.",84892.14,145000.0,41.46,Venda Online,,UBERABA,MG,Não
8787702734075,"RUA CARLOS TASSO RODRIGUES DA CUNHA, N. 770, Apto 403, BL 11",ALTO DO FABRICIO,"Apartamento, 0.00 de área total, 44.07 de área privativa, 0.00 de área do terreno,  2 qto(s), a.serv, WC, 1 sala(s), cozinha.",94815.14,160000.0,40.75,Venda Direta Online,,UBERABA,MG,Não
8787703616408,"AVENIDA JOSE MIGUEL ARABE, N. 373, Apto 401, BLOCO 21, VAGA 29",PARAISO,"Apartamento, 49.17 de área total, 60.67 de área privativa, 0.00 de área do terreno,  2 qto(s), a.serv, WC, 1 sala(s), cozinha, 1 vaga(s) de garagem.",97185.51,164000.0,40.75,Venda Direta Online,,UBERABA,MG,Não
8787711489797,"AVENIDA LAERTE DE OLIVEIRA, N. 85, Apto 204, BL 10",UBERABA,"Apartamento, 58.07 de área total, 39.30 de área privativa, 0.00 de área do terreno,  2 qto(s), a.serv, WC, 1 sala(s), cozinha, 1 vaga(s) de garagem.",100741.08,170000.0,40.75,Venda Direta Online,,UBERABA,MG,Não
8787712043407,"RUA DONA CECÍLIA BORGES PAULUK, N. 70, Apto 204,  BL26 VG164",VALLIM,"Apartamento, 45.56 de área total, 40.57 de área privativa, 0.00 de área do terreno,  2 qto(s), WC, 1 sala(s), cozinha, 1 vaga(s) de garagem.",94815.14,160000.0,40.75,Venda Online,,UBERABA,MG,Não
8787712236698,"RUA DONA CECILIA BORGES PAULUK, N. 70, Apto 202, BL 24",VALLIM,"Apartamento, 57.06 de área total, 40.57 de área privativa, 0.00 de área do terreno,  2 qto(s), WC, 1 sala(s), cozinha, 1 vaga(s) de garagem.",106074.43,179000.0,40.75,Venda Direta Online,,UBERABA,MG,Não
8787712433000,"RUA DONA CECILIA BORGES PAULUK, N. 70, Apto 203, BL26, GARAGEM 163",BAIRRO VALLIM,"Apartamento, 52.07 de área total, 40.57 de área privativa, 0.00 de área do terreno,  2 qto(s), a.serv, WC, 1 sala(s), cozinha, 1 vaga(s) de garagem.",100741.08,170000.0,40.75,Venda Direta Online,,UBERABA,MG,Não
8787712724161,"RUA DONA CECILIA BORGES PAULUK, N. 70, Apto 201,  BL16 VG74",VALLIM,"Apartamento, 57.06 de área total, 40.57 de área privativa, 0.00 de área do terreno,  2 qto(s), WC, 1 sala(s), cozinha, 1 vaga(s) de garagem.",106074.43,179000.0,40.75,Venda Online,,UBERABA,MG,Não
8787712945338,"RUA DONA CECILIA BORGES PAULUK, N. 70, Apto 201, BL 21",VALLIM,"Apartamento, 52.07 de área total, 40.57 de área privativa, 0.00 de área do terreno,  2 qto(s), WC, 1 sala(s), cozinha, 1 vaga(s) de garagem.",100741.08,170000.0,40.75,Venda Direta Online,,UBERABA,MG,Não
8444432780336,"RUA ALVARO JACINTO DA CRUZ, N. 471, Apto 302, BL 21",RECREIO DOS BANDEIRANTES,"Apartamento, 58.19 de área total, 39.30 de área privativa, 0.00 de área do terreno,  2 qto(s), a.serv, WC, 1 sala(s), cozinha, 1 vaga(s) de garagem.",97778.11,165000.0,40.75,Venda Direta Online,,UBERABA,MG,Não
8787707713734,"RUA ALVARO JACINTO DA CRUZ, N. 471, Apto 301, BL 21 VG 312",RECREIO DOS BANDEIRANTES,"Apartamento, 58.19 de área total, 39.30 de área privativa, 0.00 de área do terreno,  2 qto(s), a.serv, WC, 1 sala(s), cozinha, 1 vaga(s) de garagem.",97778.11,165000.0,40.75,Venda Direta Online,,UBERABA,MG,Não
8787709658641,"RUA ALVARO JACINTO DA CRUZ, N. 471, Apto 301, QD 01 BL 14 CHAC 7 E 8 VG 269",RECREIO DOS BANDEIRANTES,"Apartamento, 58.19 de área total, 39.30 de área privativa, 0.00 de área do terreno,  2 qto(s), a.serv, WC, 1 sala(s), cozinha, 1 vaga(s) de garagem.",92444.76,156000.0,40.75,Venda Direta Online,,UBERABA,MG,Não
8787710397155,"RUA ALVARO JACINTO DA CRUZ, N. 471, Apto 404, BL 08 PAV 04 CHAC 7 E 8",RECREIO DOS BANDEIRANTES,"Apartamento, 58.19 de área total, 39.30 de área privativa, 0.00 de área do terreno,  2 qto(s), WC, 1 sala(s), cozinha, 1 vaga(s) de garagem.",97778.11,165000.0,40.75,Venda Direta Online,,UBERABA,MG,Não
8444437208673,"RUA CARLOS SALGE, N. 161, Apto 401, BL 01 PAV 01/TERREO VG 13",PARQUE HILEIA,"Apartamento, 98.88 de área total, 44.14 de área privativa, 0.00 de área do terreno,  2 qto(s), a.serv, WC, 1 sala(s), cozinha, 1 vaga(s) de garagem.",93629.95,158000.0,40.75,Venda Direta Online,,UBERABA,MG,Não
8787718834848,"RUA OUTONO, N. 250, Apto 204, BL 16 VG 184",BOA VISTA,"Apartamento, 0.00 de área total, 39.30 de área privativa, 0.00 de área do terreno,  2 qto(s), WC, 1 sala(s), cozinha, 1 vaga(s) de garagem.",108444.81,183000.0,40.75,Venda Direta Online,,UBERABA,MG,Não
8787714022709,"RUA OUTONO, N. 250, Apto 301, BL 02 PAV 03 VG 266",VILA ARQUELAU,"Apartamento, 0.00 de área total, 39.30 de área privativa, 0.00 de área do terreno,  2 qto(s), WC, 1 sala(s), cozinha, 1 vaga(s) de garagem.",93629.95,158000.0,40.75,Venda Direta Online,,UBERABA,MG,Não
8787712170727,"RUA DONA CECILIA BORGES PAULUK, N. 70, Apto 101,  BL 30 VG 238",CONJUNTO CHICA FERREIRA,"Apartamento, 56.81 de área total, 51.34 de área privativa, 0.00 de área do terreno,  2 qto(s), WC, 1 sala(s), cozinha, 1 vaga(s) de garagem.",107259.62,181000.0,40.75,Venda Online,,UBERABA,MG,Não
8787712933771,"RUA DONA CECILIA BORGES PAULUK, N. 70, Apto 104, BL 14",CONJUNTO CHICA FERREIRA,"Apartamento, 62.84 de área total, 40.57 de área privativa, 0.00 de área do terreno,  2 qto(s), WC, 1 sala(s), cozinha, Terraco, 1 vaga(s) de garagem.",100741.08,170000.0,40.75,Venda Direta Online,,UBERABA,MG,Não
8787714720783,"RUA DONA CECILIA BORGES PAULUK, N. 70, Apto 103, BL 05 VG 38",CONJUNTO CHICA FERREIRA,"Apartamento, 56.81 de área total, 51.34 de área privativa, 0.00 de área do terreno,  2 qto(s), a.serv, WC, 1 sala(s), cozinha, 1 vaga(s) de garagem.",107259.62,181000.0,40.75,Venda Direta Online,,UBERABA,MG,Não
8787714740008,"RUA DONA CECILIA BORGES PAULUK, N. 70, Apto 104, TERREO, BL10",CONJUNTO CHICA FERREIRA,"Apartamento, 68.31 de área total, 51.34 de área privativa, 0.00 de área do terreno,  2 qto(s), WC, 1 sala(s), cozinha, 1 vaga(s) de garagem.",103234.33,174207.34,40.75,Venda Direta Online,,UBERABA,MG,Não
8555515540814,"RUA ALZIRA BENTO DA SILVA, N. 216, Apto 101, LT 02 QD AY",JARDIM MARACANA,"Apartamento, 56.49 de área total, 50.92 de área privativa, 0.00 de área do terreno,  2 qto(s), a.serv, WC, 1 sala(s), cozinha, 1 vaga(s) de garagem.",94815.14,160000.0,40.75,Venda Direta Online,,UBERABA,MG,Não
8444430561351,"RUA 17, N. 670,",RESIDENCIAL 2000,"Casa, 72.48 de área total, 72.48 de área privativa, 200.00 de área do terreno,  2 qto(s), a.serv, WC, 1 sala(s), cozinha, 1 vaga(s) de garagem.",97778.11,165000.0,40.75,Venda Direta Online,,UBERABA,MG,Não
8444437563929,"AVENIDA JOSE MIGUEL ARABE, N. 823, Apto 403, 4º PAV, BL 21, VAGA 31, LT 01, QD 02",PARQUE DOS BURITIS,"Apartamento, 60.67 de área total, 39.30 de área privativa, 0.00 de área do terreno,  2 qto(s), a.serv, WC, 1 sala(s), cozinha, 1 vaga(s) de garagem.",96592.92,163000.0,40.75,Venda Direta Online,,UBERABA,MG,Não
8444427489793,"AVENIDA LAERTE DE OLIVEIRA, N. 405, Apto 401, BL 19, VG 333",LOTEAMENTO RESERVA USHUAIA,"Apartamento, 58.52 de área total, 40.28 de área privativa, 0.00 de área do terreno,  2 qto(s), a.serv, WC, 1 sala(s), cozinha, 1 vaga(s) de garagem.",100127.23,168964.13,40.75,Venda Direta Online,,UBERABA,MG,Não
8787705090195,"AVENIDA JOSE MIGUEL ARABE, N. 823, Apto 403, BL 18, QD 02, LT 1",LOTEAMENTO RESERVA USHUAIA,"Apartamento, 60.67 de área total, 39.30 de área privativa, 0.00 de área do terreno,  2 qto(s), WC, 1 sala(s), 1 vaga(s) de garagem.",97778.11,165000.0,40.75,Venda Direta Online,,UBERABA,MG,Não
8787711894497,"RUA DONA CECILIA BORGES PAULUK, N. 70, Apto 101, BL 24",VALLIM,"Apartamento, 68.31 de área total, 62.84 de área privativa, 0.00 de área do terreno,  2 qto(s), a.serv, WC, 1 sala(s), cozinha, 1 vaga(s) de garagem.",112420.91,186000.0,39.56,Venda Direta Online,,UBERABA,MG,Não
8787713229989,"RUA DONA CECILIA BORGES PAULUK, N. 70, Apto 201, BL 13",VALLIM,"Apartamento, 45.56 de área total, 52.07 de área privativa, 0.00 de área do terreno,  2 qto(s), a.serv, WC, 1 sala(s), cozinha, 1 vaga(s) de garagem.",112420.91,186000.0,39.56,Venda Direta Online,,UBERABA,MG,Não
8787714426494,"RUA DONA CECILIA BORGES PAULUK, N. 70, Apto 203, BL22 VG195",VALLIM,"Apartamento, 57.06 de área total, 40.57 de área privativa, 0.00 de área do terreno,  2 qto(s), WC, 1 sala(s), cozinha, 1 vaga(s) de garagem.",141385.77,233922.26,39.56,Venda Online,,UBERABA,MG,Não
8787714721321,"RUA DONA CECILIA BORGES PAULUK, N. 70, Apto 102, BL 08 TERREO VG 143",VALLIM,"Apartamento, 68.31 de área total, 51.34 de área privativa, 0.00 de área do terreno,  2 qto(s), WC, 1 sala(s), cozinha, 1 vaga(s) de garagem.",112420.91,186000.0,39.56,Venda Direta Online,,UBERABA,MG,Não
8787717336321,"AVENIDA ODAIR RODRIGUES VILELA, N. 102, Apto 802, TORRE II BOX 182",PARAISO,"Apartamento, 59.27 de área total, 40.35 de área privativa, 0.00 de área do terreno,  2 qto(s), a.serv, WC, 1 sala(s), cozinha, 1 vaga(s) de garagem.",120882.7,200000.0,39.56,Licitação Aberta,,UBERABA,MG,Não
8787721786913,"AVENIDA ODAIR RODRIGUES VILELA, N. 102, Apto 1211,  TORRE I VG 89",PARAISO,"Apartamento, 70.77 de área total, 40.35 de área privativa, 0.00 de área do terreno,  2 qto(s), a.serv, WC, 1 sala(s), cozinha, 1 vaga(s) de garagem.",119673.87,198000.0,39.56,Venda Direta Online,,UBERABA,MG,Não
8787712411422,"RUA ALVARO JACINTO DA CRUZ, N. 471, Apto 302, BL 12 VG 190",RECREIO DOS BANDEIRANTES,"Apartamento, 58.19 de área total, 39.30 de área privativa, 0.00 de área do terreno,  2 qto(s), WC, 1 sala(s), cozinha, 1 vaga(s) de garagem.",112420.91,186000.0,39.56,Venda Direta Online,,UBERABA,MG,Não
8787712719745,"RUA ALVARO JACINTO DA CRUZ, N. 471, Apto 203, BL 18 VG 283",RECREIO DOS BANDEIRANTES,"Apartamento, 58.19 de área total, 39.30 de área privativa, 0.00 de área do terreno,  2 qto(s), WC, 1 sala(s), cozinha, 1 vaga(s) de garagem.",112420.91,186000.0,39.56,Venda Direta Online,,UBERABA,MG,Não
8787711850350,"AVENIDA NIZA MARQUEZ GUARITA, N. 780, Apto 205, TORRE 02",LOURDES,"Apartamento, 81.39 de área total, 45.18 de área privativa, 0.00 de área do terreno,  2 qto(s), WC, 1 sala(s), cozinha, 1 vaga(s) de garagem.",128740.08,213000.0,39.56,Venda Direta Online,,UBERABA,MG,Não
8787711977554,"RUA OUTONO, N. 250, Apto 101, BL 05 TÉRREO VG 43",BOA VISTA,"Apartamento, 88.63 de área total, 39.30 de área privativa, 0.00 de área do terreno,  2 qto(s), WC, 1 sala(s), cozinha, 1 vaga(s) de garagem.",111816.5,185000.0,39.56,Venda Direta Online,,UBERABA,MG,Não
8787712315024,"RUA OUTONO, N. 250, Apto 402, BL 03",BOA VISTA,"Apartamento, 78.07 de área total, 39.30 de área privativa, 0.00 de área do terreno,  2 qto(s), WC, 1 sala(s), cozinha, 1 vaga(s) de garagem.",111816.5,185000.0,39.56,Venda Direta Online,,UBERABA,MG,Não
8787715539853,"RUA OUTONO, N. 250, Apto 403, BL 05",BOA VISTA,"Apartamento, 78.07 de área total, 39.30 de área privativa, 0.00 de área do terreno,  2 qto(s), WC, 1 sala(s), cozinha, 1 vaga(s) de garagem.",111816.5,185000.0,39.56,Venda Direta Online,,UBERABA,MG,Não
8787715578905,"RUA OUTONO, N. 250, Apto 202, BL 06",BOA VISTA,"Apartamento, 78.07 de área total, 39.30 de área privativa, 0.00 de área do terreno,  2 qto(s), WC, 1 sala(s), cozinha, 1 vaga(s) de garagem.",111816.5,185000.0,39.56,Venda Direta Online,,UBERABA,MG,Não
8787716469913,"RUA OUTONO, N. 250, Apto 302, BL 04",BOA VISTA,"Apartamento, 78.07 de área total, 39.30 de área privativa, 0.00 de área do terreno,  2 qto(s), a.serv, WC, 1 sala(s), cozinha, 1 vaga(s) de garagem.",113025.32,187000.0,39.56,Venda Online,,UBERABA,MG,Não
8787717452950,"RUA OUTONO, N. 250, Apto 403, BL15, VG216",BOA VISTA,"Apartamento, 78.07 de área total, 39.30 de área privativa, 0.00 de área do terreno,  2 qto(s), a.serv, WC, 1 sala(s), cozinha, 1 vaga(s) de garagem.",114838.57,190000.0,39.56,Venda Direta Online,,UBERABA,MG,Não
8444426349149,"AVENIDA DOS CURIOS, N. 501, Apto 404, BL 01",CONJUNTO PONTAL,"Apartamento, 44.14 de área total, 44.14 de área privativa, 0.00 de área do terreno,  2 qto(s), a.serv, WC, 1 sala(s), cozinha, 1 vaga(s) de garagem.",113025.32,187000.0,39.56,Venda Direta Online,,UBERABA,MG,Não
8787718040884,"RUA OUTONO, N. 250, Apto 401, BLOCO 13",VILA ARQUELAU,"Apartamento, 78.07 de área total, 39.30 de área privativa, 0.00 de área do terreno,  2 qto(s), a.serv, WC, 1 sala(s), cozinha, 1 vaga(s) de garagem.",113025.32,187000.0,39.56,Venda Direta Online,,UBERABA,MG,Não
8787718614953,"RUA OUTONO, N. 250, Apto 204, BL 14",VILA ARQUELAU,"Apartamento, 78.07 de área total, 39.30 de área privativa, 0.00 de área do terreno,  2 qto(s), WC, 1 sala(s), cozinha, 1 vaga(s) de garagem.",111816.5,185000.0,39.56,Venda Direta Online,,UBERABA,MG,Não
8787712043644,"RUA DONA CECILIA BORGES PAULUK, N. 70, Apto 201, BL28 VG 225",CONJUNTO CHICA FERREIRA,"Apartamento, 45.56 de área total, 40.57 de área privativa, 0.00 de área do terreno,  2 qto(s), a.serv, WC, 1 sala(s), cozinha, 1 vaga(s) de garagem.",112420.91,186000.0,39.56,Venda Online,,UBERABA,MG,Não
8787712312440,"RUA DONA CECILIA BORGES PAULUK, N. 70, Apto 103, BL 16 VG 76",CONJUNTO CHICA FERREIRA,"Apartamento, 56.81 de área total, 51.34 de área privativa, 0.00 de área do terreno,  2 qto(s), a.serv, WC, 1 sala(s), cozinha, 1 vaga(s) de garagem.",126926.84,210000.0,39.56,Venda Direta Online,,UBERABA,MG,Não
8787712620315,"RUA DONA CECILIA BORGES PAULUK, N. 70, Apto 102, BL 22 VG 190",CONJUNTO CHICA FERREIRA,"Apartamento, 68.31 de área total, 51.34 de área privativa, 0.00 de área do terreno,  2 qto(s), WC, 1 sala(s), cozinha, 1 vaga(s) de garagem.",122091.53,202000.0,39.56,Venda Direta Online,,UBERABA,MG,Não
8787714993119,"RUA DONA CECILIA BORGES PAULUK, N. 70, Apto 103, BL 01 VG 03-PNE",CONJUNTO CHICA FERREIRA,"Apartamento, 86.30 de área total, 63.98 de área privativa, 0.00 de área do terreno,  2 qto(s), WC, 1 sala(s), cozinha, 1 vaga(s) de garagem.",124509.18,206000.0,39.56,Venda Direta Online,,UBERABA,MG,Não
8787716272443,"RUA CLODION REZENDE, N. 363, Apto 401, BL A TORRE 02",JARDIM DO LAGO,"Apartamento, 82.32 de área total, 41.97 de área privativa, 0.00 de área do terreno,  2 qto(s), a.serv, WC, 1 sala(s), cozinha, 1 vaga(s) de garagem.",125718.01,208000.0,39.56,Venda Direta Online,,UBERABA,MG,Não
8787717426690,"RUA HONORIO PIRES FRANCA, N. 601, Apto 43, BL B TORRE 3 BOX 88",JARDIM DO LAGO,"Apartamento, 83.59 de área total, 41.97 de área privativa, 0.00 de área do terreno,  2 qto(s), WC, 1 sala(s), cozinha, 1 vaga(s) de garagem.",114838.57,190000.0,39.56,Licitação Aberta,,UBERABA,MG,Não
8444429237279,"RUA ADEMAR DA SILVA, N. 3/84.522,",LOTEAMENTO ILHA BELA,"Casa, 48.46 de área total, 48.46 de área privativa, 200.00 de área do terreno,  2 qto(s), a.serv, WC, 1 sala(s), cozinha.",131762.14,218000.0,39.56,Licitação Aberta,,UBERABA,MG,Não
8444416025316,"AVENIDA NIZA MARQUEZ GUARITA, N. 1315, Apto 304, BL 03",COND PARQUE UTAH,"Apartamento, 96.40 de área total, 44.14 de área privativa, 0.00 de área do terreno,  2 qto(s), WC, 1 sala(s), cozinha, 1 vaga(s) de garagem.",94623.28,155000.0,38.96,Venda Direta Online,,UBERABA,MG,Não
1787701397298,"RUA ALVARO JACINTO DA CRUZ, N. 471, Apto 401, BL 21 VG 337",RECREIO DOS BANDEIRANTES,"Apartamento, 58.19 de área total, 39.30 de área privativa, 0.00 de área do terreno,  2 qto(s), WC, 1 sala(s), cozinha, 1 vaga(s) de garagem.",101904.73,165000.0,38.24,Venda Direta Online,,UBERABA,MG,Não
1444414516284,"RUA CARLOS SALGE, N. 161, Apto 303, BL5, LT01A15, QD06",PARQUE HILEIA,"Apartamento, 98.88 de área total, 44.14 de área privativa, 0.00 de área do terreno,  2 qto(s), a.serv, WC, 1 sala(s), cozinha, 1 vaga(s) de garagem.",98816.7,160000.0,38.24,Venda Direta Online,,UBERABA,MG,Não
1787700977070,"AVENIDA JOSE MIGUEL ARABE, N. 823, Apto 303, PAV 03  BL 03",LOTEAMENTO RESERVA USHUAIA,"Apartamento, 73.67 de área total, 46.46 de área privativa, 0.00 de área do terreno,  2 qto(s), a.serv, WC, 1 sala(s), cozinha, 1 vaga(s) de garagem.",101904.73,165000.0,38.24,Licitação Aberta,,UBERABA,MG,Não
1444411832681,"RUA ALZIRA BENTO DA SILVA, N. 211, Apto 101, BL 09, GLEBA  AB",JARDIM MARACANA,"Apartamento, 69.37 de área total, 61.11 de área privativa, 0.00 de área do terreno,  3 qto(s), a.serv, WC, 1 sala(s), cozinha.",116443.31,185000.0,37.06,Venda Direta Online,,UBERABA,MG,Não
1444401433415,"RUA SAO SEBASTIAO, N. 311,",CENTRO,"Casa, 0.00 de área total, 57.00 de área privativa, 0.01 de área do terreno,  3 qto(s), WC, 1 sala(s), cozinha.",876307.16,1375000.0,36.27,Venda Direta Online,,UBERABA,MG,Sim
1787702276508,"RUA GENERAL OSORIO, N. 935, Apto 1201, TORRE 01 BOX 69",ESTADOS UNIDOS,"Apartamento, 75.12 de área total, 45.77 de área privativa, 0.00 de área do terreno,  2 qto(s), varanda, a.serv, WC, 1 sala(s), cozinha, 1 vaga(s) de garagem.",152955.43,240000.0,36.27,Licitação Aberta,,UBERABA,MG,Não
1444404507592,"RUA MARIA SALOME GLAUSS CELIA, N. 511,",JD DO LAGO,"Casa, 223.95 de área total, 223.95 de área privativa, 360.00 de área do terreno,  3 qto(s), a.serv, WC, 1 sala(s), cozinha, 1 vaga(s) de garagem.",551647.08,847000.0,34.88,Leilão SFI - Edital Único,,UBERABA,MG,Não
8787714841246,"AVENIDA ODAIR RODRIGUES VILELA, N. 102, Apto 002, TERREO TORRE II",PARAISO,"Apartamento, 70.77 de área total, 40.35 de área privativa, 0.00 de área do terreno,  2 qto(s), a.serv, WC, 1 sala(s), cozinha, 1 vaga(s) de garagem.",125005.29,166000.0,24.7,Leilão SFI - Edital Único,,UBERABA,MG,Não
8787717309189,"AVENIDA ODAIR RODRIGUES VILELA, N. 102, Apto 707, 7º PAVIMENTO TORRE II",PARAISO,"Apartamento, 77.83 de área total, 45.18 de área privativa, 0.00 de área do terreno,  2 qto(s), a.serv, WC, 1 sala(s), cozinha, 1 vaga(s) de garagem.",137097.2,178000.0,22.98,Leilão SFI - Edital Único,,UBERABA,MG,Não
8787721800908,"AVENIDA ODAIR RODRIGUES VILELA, N. 102, Apto 309, 3º PAVIMENTO TORRE II",PARAISO,"Apartamento, 77.01 de área total, 44.62 de área privativa, 0.00 de área do terreno,  2 qto(s), WC, 1 sala(s), cozinha, 1 vaga(s) de garagem.",188782.93,235000.0,19.67,Leilão SFI - Edital Único,,UBERABA,MG,Não
8787714837648,"AVENIDA ODAIR RODRIGUES VILELA, N. 102, Apto 802, 8º PAVIMENTO TORRE I",SANTA MARIA,"Apartamento, 70.77 de área total, 40.35 de área privativa, 0.00 de área do terreno,  2 qto(s), a.serv, WC, 1 sala(s), cozinha, 1 vaga(s) de garagem.",139664.64,166000.0,15.87,Leilão SFI - Edital Único,,UBERABA,MG,Não
8787714872923,"AVENIDA ODAIR RODRIGUES VILELA, N. 102, Apto 406, 4º PAVIMENTO TORRE II",PARAISO,"Apartamento, 45.18 de área total, 45.18 de área privativa, 0.00 de área do terreno,  2 qto(s), a.serv, WC, 1 sala(s), cozinha, 1 vaga(s) de garagem.",162205.54,182000.0,10.88,Leilão SFI - Edital Único,,UBERABA,MG,Não
8444416752455,"RUA ENEAS GUERRA TERRA, N. 637, Apto 02, PAV TERREO LT 03 QD 03",COND PREDIO 637,"Apartamento, 50.00 de área total, 44.75 de área privativa, 0.00 de área do terreno,  2 qto(s), a.serv, WC, 1 sala(s), cozinha.",80000.0,80000.0,0.0,Leilão SFI - Edital Único,,UBERABA,MG,Não
8787716691233,"AVENIDA ODAIR RODRIGUES VILELA, N. 102, Apto 206, TR 01",PARAISO,"Apartamento, 66.33 de área total, 45.18 de área privativa, 0.00 de área do terreno,  2 qto(s), WC, 1 sala(s), cozinha.",215000.0,215000.0,0.0,Leilão SFI - Edital Único,,UBERABA,MG,Não
8555532525038,"AVENIDA GERALDO FORMIGA DO NASCIMENTO, N. 841, QD C, VIA DE ACESSO 05, CASA 555",RECREIO DOS BANDEIRANTES,"Casa, 0.00 de área total, 71.05 de área privativa, 125.00 de área do terreno, 1 vaga(s) de garagem.",237000.0,237000.0,0.0,Leilão SFI - Edital Único,,UBERABA,MG,Não
10305211,"Rua PONTA GROSSA, N. 476, QD 25, LT 19",CONJUNTO JOSE VALLIM DE MELO,"Casa, 0.00 de área total, 414.50 de área privativa, 250.00 de área do terreno.",890000.0,890000.0,0.0,Leilão SFI - Edital Único,,UBERABA,MG,Sim
1787701833888,"RUA OUTONO, N. 250, Apto 402, BL 01  VG 16",BOA VISTA,"Apartamento, 71.40 de área total, 42.02 de área privativa, 0.00 de área do terreno,  2 qto(s), WC, 1 sala(s), cozinha, 1 vaga(s) de garagem.",184000.0,184000.0,0.0,Leilão SFI - Edital Único,,UBERABA,MG,Não
8787717743857,"RUA OUTONO, N. 250, Apto 204, BLOCO 11 2º PAVIMENTO",VILA ARQUELAU,"Apartamento, 78.07 de área total, 39.30 de área privativa, 0.00 de área do terreno,  2 qto(s), a.serv, WC, 1 sala(s), cozinha, 1 vaga(s) de garagem.",195000.0,195000.0,0.0,Leilão SFI - Edital Único,,UBERABA,MG,Não
8787715089793,"RUA DONA CECILIA BORGES PAULUK, N. 70, Apto 204, PAV 2 BL 12 VG 156",CONJUNTO CHICA FERREIRA,"Apartamento, 45.56 de área total, 40.57 de área privativa, 0.00 de área do terreno,  2 qto(s), WC, 1 sala(s), cozinha, 1 vaga(s) de garagem.",201000.0,201000.0,0.0,Leilão SFI - Edital Único,,UBERABA,MG,Não
8444438978847,"AVENIDA JOSIAS FERREIRA SOBRINHO, N. 345, Apto 101, BL 09",JARDIM MARACANA,"Apartamento, 97.04 de área total, 43.08 de área privativa, 0.00 de área do terreno,  2 qto(s), a.serv, WC, 1 sala(s), cozinha, 1 vaga(s) de garagem.",170000.0,170000.0,0.0,Leilão SFI - Edital Único,,UBERABA,MG,Não
8787713276642,"RUA CLODION REZENDE, N. 363, Apto 302, BL A TORRE 3  VG 206",JARDIM DO LAGO,"Apartamento, 93.82 de área total, 41.97 de área privativa, 0.00 de área do terreno,  2 qto(s), WC, 1 sala(s), cozinha, 1 vaga(s) de garagem.",188000.0,188000.0,0.0,Leilão SFI - Edital Único,,UBERABA,MG,Não
8444419622234,"RUA MARIA BATISTA DE ANDRADE, N. 73, LT 31 QD 1",CONJUNTO JOSE BARBOSA,"Casa, 0.00 de área total, 48.92 de área privativa, 200.00 de área do terreno.",249000.0,249000.0,0.0,Leilão SFI - Edital Único,,UBERABA,MG,Não
8444421358760,"RUA ITAMARACA, N. 131,",JARDIM COPACABANA,"Casa, 74.94 de área total, 74.94 de área privativa, 200.00 de área do terreno,  2 qto(s), a.serv, WC, 1 sala(s), cozinha.",200294.68,200294.68,0.0,Leilão SFI - Edital Único,,UBERABA,MG,Não
8444433639750,"RUA SCARLETT MARIA DE MEDEIROS PEREIRA, N. 841, LT 25  QD 08",PARQUE DAS AROEIRAS,"Casa, 112.59 de área total, 39.94 de área privativa, 200.00 de área do terreno,  2 qto(s), a.serv, WC, 1 sala(s), cozinha.",290000.0,290000.0,0.0,Leilão SFI - Edital Único,,UBERABA,MG,Não
8555532483769,"RUA MARIA CANDIDA DE JESUS, N. 116, QD D1 LT 11",JARDIM MARAJO,"Casa, 64.53 de área total, 64.53 de área privativa, 200.00 de área do terreno,  2 qto(s), a.serv, WC, 1 sala(s), cozinha.",220000.0,220000.0,0.0,Leilão SFI - Edital Único,,UBERABA,MG,Não
8555533346480,"RUA RAIMUNDO ALVES DOS SANTOS, N. 130, QD X  LT 07",JARDIM MARAJO,"Casa, 64.53 de área total, 64.53 de área privativa, 250.00 de área do terreno.",178000.0,178000.0,0.0,Leilão SFI - Edital Único,,UBERABA,MG,Não
8787716047270,"AVENIDA ODAIR RODRIGUES VILELA, N. 102, Apto 1111, TORRE II PAV 11 VG 229",DESMEMBRAMENTO UNIAO DA MOCIDADE ESPIRIT,"Apartamento, 59.27 de área total, 40.35 de área privativa, 0.00 de área do terreno,  2 qto(s), WC, 1 sala(s), cozinha, 1 vaga(s) de garagem.",200000.0,200000.0,0.0,Leilão SFI - Edital Único,,UBERABA,MG,Não
8444432792245,"AVENIDA CANUTA LUCAS DE FREITAS, N. 437, QD 18 LT 09",PARQUE DOS GIRASSOIS III,"Casa, 107.55 de área total, 107.55 de área privativa, 250.00 de área do terreno,  2 qto(s), a.serv, WC, 1 sala(s), cozinha.",196083.19,190000.0,0.0,Leilão SFI - Edital Único,,UBERABA,MG,Não
8787719086543,"AVENIDA ODAIR RODRIGUES VILELA, N. 102, Apto 805, TORRE II PAV 8 VG 185",DESMEMBRAMENTO UNIAO DA MOCIDADE ESPIRIT,"Apartamento, 66.33 de área total, 45.18 de área privativa, 0.00 de área do terreno,  2 qto(s), WC, 1 sala(s), cozinha, 1 vaga(s) de garagem.",235079.69,215000.0,0.0,Leilão SFI - Edital Único,,UBERABA,MG,Não
1444419895011,"RUA DO CARMO, N. 123,",NOSSA SENHORA DA ABADIA,"Casa, 136.92 de área total, 136.92 de área privativa, 288.00 de área do terreno,  2 qto(s), a.serv, WC, 1 sala(s), 1 lavabo(s), cozinha.",771485.81,705000.0,0.0,Leilão SFI - Edital Único,,UBERABA,MG,Não
1444423333227,"RUA LEONIDES GONCALVES DA COSTA, N. 37, LOTE 20 QUADRA 14",RESIDENCIAL MORADA DU PARK,"Casa, 160.08 de área total, 69.30 de área privativa, 200.00 de área do terreno,  3 qto(s), a.serv, WC, 1 sala(s), 1 lavabo(s), cozinha, 1 vaga(s) de garagem.",380612.97,306000.0,0.0,Leilão SFI - Edital Único,,UBERABA,MG,Não
8444431198781,"RUA VALERIA ALVES DE SOUZA, N. 108, LT 10 QD X",LOTEAMENTO ILHA BELA,"Casa, 50.00 de área total, 50.00 de área privativa, 200.00 de área do terreno,  2 qto(s), a.serv, WC, 1 sala(s), cozinha.",228161.31,180000.0,0.0,Leilão SFI - Edital Único,,UBERABA,MG,Não
8444437300499,"RUA CARLOS TASSO RODRIGUES DA CUNHA, N. 895, Apto 403, BL 08  VG 95",FABRICIO,"Apartamento, 69.86 de área total, 44.14 de área privativa, 0.00 de área do terreno,  2 qto(s), a.serv, WC, 1 sala(s), cozinha, 1 vaga(s) de garagem.",191769.72,146000.0,0.0,Leilão SFI - Edital Único,,UBERABA,MG,Não
8444426181868,"RUA OSVALDO JOSE DA COSTA, N. SN, LT 27  QD Z",LOTEAMENTO ILHA BELA,"Terreno, 0.00 de área total, 0.00 de área privativa, 200.00 de área do terreno.",171552.81,120000.0,0.0,Leilão SFI - Edital Único,,UBERABA,MG,Não
8444424604370,"RUA IRACEMA BARRETO PIRES, N. SN, LT 23. QD. 02",ALFREDO FREIRE III,"Terreno, 0.00 de área total, 0.00 de área privativa, 210.20 de área do terreno.",172322.31,72000.0,0.0,Leilão SFI - Edital Único,,UBERABA,MG,Não
8555515567356,"RUA ULISSES FINOTTI, N. 155",JARDIM CANAA,"Casa, 0.00 de área total, 50.00 de área privativa, 200.21 de área do terreno,  2 qto(s), a.serv, WC, 1 sala(s), cozinha, 1 vaga(s) de garagem.",143618.85,300000.0,52.13,Licitação Aberta,,UBERLANDIA,MG,Não
8555538286027,"RUA SEDEM, N. 393, Apto 103, PAV 01 BL 01",MORUMBI,"Apartamento, 85.65 de área total, 43.94 de área privativa, 0.00 de área do terreno,  2 qto(s), WC, 1 sala(s), cozinha, 1 vaga(s) de garagem.",68787.97,120000.0,42.68,Licitação Aberta,,UBERLANDIA,MG,Não
8555530208876,"RUA LUZIA NEVES FLECK, N. 150, Apto 302, BL 05 BOX 393",GAVEA SUL,"Apartamento, 61.53 de área total, 43.91 de área privativa, 0.00 de área do terreno,  2 qto(s), WC, 1 sala(s), cozinha, 1 vaga(s) de garagem.",85770.33,146500.0,41.46,Licitação Aberta,,UBERLANDIA,MG,Não
8444436188857,"AVENIDA AMERICO ATTIE, N. 200, Apto 207, BL 08",MANSOUR,"Apartamento, 80.12 de área total, 43.11 de área privativa, 0.00 de área do terreno,  2 qto(s), WC, 1 sala(s), cozinha.",86648.52,148000.0,41.46,Venda Direta Online,,UBERLANDIA,MG,Não
8787712052350,"RUA JOSE GARIBALDINO, N. 350, Apto 102, TÉRREO BL 29 VG 357",CHACARAS TUBALINA E QUARTEL,"Apartamento, 0.00 de área total, 39.30 de área privativa, 0.00 de área do terreno,  2 qto(s), WC, 1 sala(s), cozinha, 1 vaga(s) de garagem.",81379.36,139000.0,41.46,Licitação Aberta,,UBERLANDIA,MG,Não
8787712562617,"RUA ALBATROZ, N. 336, Apto 203, BL 01",GRAND VILLE,"Apartamento, 56.73 de área total, 39.30 de área privativa, 0.00 de área do terreno,  2 qto(s), WC, 1 sala(s), cozinha, 1 vaga(s) de garagem.",83721.21,143000.0,41.46,Licitação Aberta,,UBERLANDIA,MG,Não
8787708315686,"RUA PROFESSORA MARIA CELIA CENCE, N. 160, Apto 202, BLOCO 59, VAGA 531",GAVEA SUL,"Apartamento, 58.28 de área total, 41.14 de área privativa, 0.00 de área do terreno,  2 qto(s), WC, 1 sala(s), cozinha, 1 vaga(s) de garagem.",97778.11,165000.0,40.75,Venda Online,,UBERLANDIA,MG,Não
8787714844539,"RUA GUATEMALA, N. 405, Apto 304, BL H",TIBERY,"Apartamento, 0.00 de área total, 55.09 de área privativa, 0.00 de área do terreno, 1 vaga(s) de garagem.",104889.24,177000.0,40.75,Licitação Aberta,,UBERLANDIA,MG,Não
8555522530276,"AVENIDA AMERICO ATTIE, N. 121, Apto 403, BL 07, QD 03 LT 02",MANSOUR,"Apartamento, 64.45 de área total, 44.14 de área privativa, 0.00 de área do terreno,  2 qto(s), WC, 1 sala(s), cozinha, 1 vaga(s) de garagem.",93333.65,157500.0,40.75,Venda Direta Online,,UBERLANDIA,MG,Não
8787710224447,"RUA CARNAUBA, N. 90, Apto 31, PAV 03 BL G",MORUMBI,"Apartamento, 84.29 de área total, 50.50 de área privativa, 0.00 de área do terreno,  2 qto(s), a.serv, WC, 1 sala(s), cozinha, 1 vaga(s) de garagem.",103704.06,175000.0,40.75,Licitação Aberta,,UBERLANDIA,MG,Não
8444436024579,"RUA ORIDES FERREIRA, N. 370, Apto 303, BL 07 BOX 214",SHOPPING PARK,"Apartamento, 61.82 de área total, 43.61 de área privativa, 0.00 de área do terreno,  2 qto(s), WC, 1 sala(s), cozinha, 1 vaga(s) de garagem.",98370.7,166000.0,40.75,Licitação Aberta,,UBERLANDIA,MG,Não
8555528991305,"RUA MARIO JACOB YUNES, N. 201, Apto 403, PAV 4 BL 50",SHOPPING PARK,"Apartamento, 61.71 de área total, 43.77 de área privativa, 0.00 de área do terreno,  2 qto(s), a.serv, WC, 1 sala(s), cozinha, 1 vaga(s) de garagem.",94815.14,160000.0,40.75,Venda Online,,UBERLANDIA,MG,Não
8555535076200,"RUA LUZIA NEVES FLECK, N. 150, Apto 104, BL 26 VAGA 306",SHOPPING PARK,"Apartamento, 68.80 de área total, 43.90 de área privativa, 0.00 de área do terreno,  2 qto(s), a.serv, WC, 1 sala(s), cozinha, 1 vaga(s) de garagem.",100741.08,170000.0,40.75,Licitação Aberta,,UBERLANDIA,MG,Não
8787705542029,"RUA PROFESSORA MARIA CELIA CENCE, N. 160, Apto 302, BL 24 BOX 676",SHOPPING PARK,"Apartamento, 58.28 de área total, 41.14 de área privativa, 0.00 de área do terreno,  2 qto(s), WC, 1 sala(s), cozinha, 1 vaga(s) de garagem.",98963.3,167000.0,40.75,Licitação Aberta,,UBERLANDIA,MG,Não
8787716754383,"AVENIDA MINISTRO HOMERO SANTOS, N. 280, Apto 304, BL 01 , LD B",SHOPPING PARK,"Apartamento, 59.60 de área total, 43.05 de área privativa, 0.00 de área do terreno,  2 qto(s), WC, 1 sala(s), cozinha, 1 vaga(s) de garagem.",94815.14,160000.0,40.75,Licitação Aberta,,UBERLANDIA,MG,Não
8787716771172,"AVENIDA MINISTRO HOMERO SANTOS, N. 280, Apto 201, BL 01 LD B",SHOPPING PARK,"Apartamento, 61.32 de área total, 43.05 de área privativa, 0.00 de área do terreno,  2 qto(s), WC, 1 sala(s), cozinha, 1 vaga(s) de garagem.",93037.35,157000.0,40.75,Licitação Aberta,,UBERLANDIA,MG,Não
8787716945472,"AVENIDA MINISTRO HOMERO SANTOS, N. 280, Apto 204, BL C LD B",SHOPPING PARK,"Apartamento, 60.82 de área total, 43.05 de área privativa, 0.00 de área do terreno,  2 qto(s), WC, 1 sala(s), cozinha, 1 vaga(s) de garagem.",93037.35,157000.0,40.75,Licitação Aberta,,UBERLANDIA,MG,Não
8787705284453,"AVENIDA EDSON GALLANA, N. 590, Apto 504, BL B",JARDIM CANAA,"Apartamento, 68.13 de área total, 44.61 de área privativa, 0.00 de área do terreno,  2 qto(s), WC, 1 sala(s), cozinha, 1 vaga(s) de garagem.",92444.76,156000.0,40.75,Licitação Aberta,,UBERLANDIA,MG,Não
8555522148363,"RUA FRANCISCO RODRIGUES SERRALHA, N. 350, Apto 303, BL 06 VAGA 168 LT 01 QD 01",CHACARAS TUBALINA E QUARTEL,"Apartamento, 61.00 de área total, 43.61 de área privativa, 0.00 de área do terreno,  2 qto(s), WC, 1 sala(s), cozinha, 1 vaga(s) de garagem.",100741.08,170000.0,40.75,Licitação Aberta,,UBERLANDIA,MG,Não
8555531271792,"AV IMBAUBA, N. 2200, Apto 302, BL 01",CHACARAS TUBALINA E QUARTEL,"Apartamento, 0.00 de área total, 43.61 de área privativa, 0.00 de área do terreno,  2 qto(s), a.serv, WC, 1 sala(s), cozinha.",100741.08,170000.0,40.75,Licitação Aberta,,UBERLANDIA,MG,Não
8787711078959,"RUA JOSE GARIBALDINO, N. SN, Apto 303, 3 PAVIMENTO BL 05",CHACARAS TUBALINA E QUARTEL,"Apartamento, 46.64 de área total, 39.30 de área privativa, 0.00 de área do terreno,  2 qto(s), WC, 1 sala(s), cozinha, 1 vaga(s) de garagem.",98370.7,166000.0,40.75,Licitação Aberta,,UBERLANDIA,MG,Não
8787711335781,"RUA JOSE GARIBALDINO, N. 350, Apto 104, BL 15",CHACARAS TUBALINA E QUARTEL,"Apartamento, 57.43 de área total, 39.30 de área privativa, 0.00 de área do terreno,  2 qto(s), WC, 1 sala(s), cozinha, 1 vaga(s) de garagem.",103704.06,175000.0,40.75,Licitação Aberta,,UBERLANDIA,MG,Não
8787712956780,"RUA JOSE GARIBALDINO, N. 350, Apto 304, BOX 97",CHACARAS TUBALINA E QUARTEL,"Apartamento, 57.43 de área total, 39.30 de área privativa, 0.00 de área do terreno,  2 qto(s), WC, 1 sala(s), cozinha, 1 vaga(s) de garagem.",92444.76,156000.0,40.75,Licitação Aberta,,UBERLANDIA,MG,Não
8787713992798,"RUA JOSE GARIBALDINO, N. 350, Apto 104, BLOCO 02",CHACARAS TUBALINA E QUARTEL,"Apartamento, 57.43 de área total, 39.30 de área privativa, 0.00 de área do terreno, a.serv, 1 vaga(s) de garagem.",94222.54,159000.0,40.75,Licitação Aberta,,UBERLANDIA,MG,Não
8787717579860,"RUA CIANO, N. 385, Apto 401, PAV 04 TORRE 01",GRAND VILLE,"Apartamento, 88.95 de área total, 47.90 de área privativa, 0.00 de área do terreno,  2 qto(s), WC, 1 sala(s), cozinha, 1 vaga(s) de garagem.",106667.03,180000.0,40.75,Licitação Aberta,,UBERLANDIA,MG,Não
8555537781911,"RUA SU1, N. 100, Apto 102, TERREO BLOCO 33",FAZENDA IBIPORÃ,"Apartamento, 61.05 de área total, 43.62 de área privativa, 0.00 de área do terreno,  2 qto(s), WC, 1 vaga(s) de garagem.",142740.0,237900.0,40.0,Leilão SFI - Edital Único,,UBERLANDIA,MG,Não
8787717715624,"AVENIDA MANUEL LUCIO, N. 601, Apto 806, 7º PAVIMENTO BLOCO C",GRAND VILLE UBERLAND,"Apartamento, 85.17 de área total, 44.70 de área privativa, 0.00 de área do terreno,  2 qto(s), WC, 1 sala(s), cozinha, 1 vaga(s) de garagem.",147000.0,245000.0,40.0,Leilão SFI - Edital Único,,UBERLANDIA,MG,Não
8787714919440,"RUA FRANCISCA DE ASSIS VALERIO, N. 146, Apto 802, BL 02 VAGA 140",LUIZOTE DE FREITAS,"Apartamento, 73.20 de área total, 51.96 de área privativa, 0.00 de área do terreno,  2 qto(s), a.serv, WC, 1 sala(s), cozinha, 1 vaga(s) de garagem.",111816.5,185000.0,39.56,Licitação Aberta,,UBERLANDIA,MG,Não
8444429916869,"RUA ANTONIO MANO DE CARVALHO, N. 178, Apto 604A, BL 4 LT 01 A 20 QD 112",NOSSA SENHORA DAS GRACAS,"Apartamento, 69.23 de área total, 49.55 de área privativa, 0.00 de área do terreno,  2 qto(s), WC, 1 sala(s), cozinha, 1 vaga(s) de garagem.",113629.74,188000.0,39.56,Licitação Aberta,,UBERLANDIA,MG,Não
8444436218934,"RUA GONCALO ALVES, N. 455, CS 03",RESIDENCIAL INTEGRACAO,"Casa, 100.52 de área total, 47.72 de área privativa, 100.52 de área do terreno,  2 qto(s), a.serv, WC, 1 sala(s), cozinha, 1 vaga(s) de garagem.",118465.05,196000.0,39.56,Licitação Aberta,,UBERLANDIA,MG,Não
8787706027527,"RUA INGA, N. 612, Apto 02, T, BL C, QD 72, ÁREA A",MORUMBI,"Apartamento, 91.27 de área total, 75.23 de área privativa, 0.00 de área do terreno,  2 qto(s), a.serv, WC, 1 sala(s), cozinha, 1 vaga(s) de garagem.",119673.87,198000.0,39.56,Venda Direta Online,,UBERLANDIA,MG,Não
8787707349641,"RUA PROFESSORA MARIA CELIA CENCE, N. 160, Apto 303, QD 04 BL 57 LT 01",SHOPPING PARK,"Apartamento, 58.28 de área total, 41.14 de área privativa, 0.00 de área do terreno,  2 qto(s), a.serv, WC, 1 sala(s), cozinha.",114838.57,190000.0,39.56,Venda Direta Online,,UBERLANDIA,MG,Não
8787712617713,"RUA CASTELA, N. 194, Apto 303B, BLOCO B",LARANJEIRAS,"Apartamento, 66.90 de área total, 45.35 de área privativa, 0.00 de área do terreno, 1 vaga(s) de garagem.",120882.7,200000.0,39.56,Licitação Aberta,,UBERLANDIA,MG,Não
8787715907771,"RUA NICOLAU ALVES DE BRITO, N. 155, Apto 902, BL 01",LARANJEIRAS,"Apartamento, 71.35 de área total, 51.92 de área privativa, 0.00 de área do terreno,  2 qto(s), a.serv, WC, 1 sala(s), cozinha, 1 vaga(s) de garagem.",139015.11,230000.0,39.56,Licitação Aberta,,UBERLANDIA,MG,Não
8444402395965,"ALAMEDA NICOLAU DE OLIVEIRA CAMPOS, N. 110, Apto 101, BOX 01",JARDIM HOLANDA,"Apartamento, 77.75 de área total, 49.74 de área privativa, 0.00 de área do terreno,  2 qto(s), WC, 1 sala(s), cozinha, 1 vaga(s) de garagem.",116047.39,192000.0,39.56,Licitação Aberta,,UBERLANDIA,MG,Não
8444432056875,"AVENIDA RURAL, N. 68, Apto 105, BL 2A/2B",JARDIM BRASILIA,"Apartamento, 51.69 de área total, 45.21 de área privativa, 0.00 de área do terreno,  2 qto(s), WC, 1 sala(s), cozinha, 1 vaga(s) de garagem.",111816.5,185000.0,39.56,Licitação Aberta,,UBERLANDIA,MG,Não
8787703790300,"RUA ALFREDO VIEIRA, N. 280, Apto 307, BL B LT C VG 89  VG 90",JARDIM EUROPA,"Apartamento, 87.77 de área total, 56.83 de área privativa, 0.00 de área do terreno,  2 qto(s), a.serv, WC, 1 sala(s), cozinha, 2 vaga(s) de garagem.",129948.9,215000.0,39.56,Venda Direta Online,,UBERLANDIA,MG,Não
8787717212690,"AVENIDA AGUIA-PESCADORA, N. 88, CS 18",LOTEAMENTO RESIDENCIAL PEQUIS,"Casa, 113.48 de área total, 57.59 de área privativa, 113.48 de área do terreno,  2 qto(s), a.serv, WC, 1 sala(s), cozinha, 1 vaga(s) de garagem.",134179.8,222000.0,39.56,Venda Online,,UBERLANDIA,MG,Não
8444437067751,"RUA ALBATROZ, N. 336, Apto 301, BL 14 VAGA 94",GRAND VILLE,"Apartamento, 56.73 de área total, 39.30 de área privativa, 0.00 de área do terreno,  2 qto(s), WC, 1 vaga(s) de garagem.",114838.57,190000.0,39.56,Licitação Aberta,,UBERLANDIA,MG,Não
8787715495830,"ALAMEDA DOS MANDARINS, N. 200, Apto 806, BL 5",GRAND VILLE,"Apartamento, 53.60 de área total, 44.69 de área privativa, 0.00 de área do terreno,  2 qto(s), a.serv, WC, 1 sala(s), cozinha, 1 vaga(s) de garagem.",129948.9,215000.0,39.56,Licitação Aberta,,UBERLANDIA,MG,Não
8787720587178,"RUA FRANCISCA DE ASSIS VALERIO, N. 146, Apto 007, BL 02 VAGA 98",LOTEAMENTO LUIZOTE DE FREITAS IV,"Apartamento, 90.80 de área total, 51.96 de área privativa, 0.00 de área do terreno,  2 qto(s), WC, 1 sala(s), cozinha, 1 vaga(s) de garagem.",132970.97,220000.0,39.56,Licitação Aberta,,UBERLANDIA,MG,Não
8787719673082,"AVENIDA NICOMEDES ALVES DOS SANTOS, N. 6611, Apto 305, TR 2 PAV 3",SHOPPING PARK,"Apartamento, 79.57 de área total, 41.71 de área privativa, 0.00 de área do terreno,  2 qto(s), WC, 1 sala(s), cozinha, 1 vaga(s) de garagem.",156137.65,255000.0,38.77,Venda Direta Online,,UBERLANDIA,MG,Não
8787721070586,"RUA REINALDO ALVES DA ROCHA, N. 850, Apto 03, BL 02",LOTEAMENTO PORTAL DO VALE II,"Apartamento, 100.14 de área total, 73.28 de área privativa, 0.00 de área do terreno,  2 qto(s), a.serv, WC, 1 sala(s), cozinha, Terraco, 1 vaga(s) de garagem.",177568.31,290000.0,38.77,Licitação Aberta,,UBERLANDIA,MG,Não
8787715676982,"RUA DO TAPITI, N. 1157, Apto 22, BLOCO D TORRE 02",LOTEAMENTO RESIDENCIAL PEQUIS,"Apartamento, 87.27 de área total, 41.97 de área privativa, 0.00 de área do terreno,  2 qto(s), WC, 1 sala(s), cozinha, 1 vaga(s) de garagem.",114895.35,182000.0,36.88,Leilão SFI - Edital Único,,UBERLANDIA,MG,Não
10285157,"RUA AVELINO JOSE DE SOUZA, N. 146, QD U, LT 05 E 06 - FAZENDA DO SALTO",JARDIM BRASILIA,"Loja, 0.00 de área total, 495.67 de área privativa, 851.00 de área do terreno.",913271.39,1433000.0,36.27,Venda Direta Online,,UBERLANDIA,MG,Não
8787718519896,"AVENIDA MANUEL LUCIO, N. 601, Apto 303, 2º PAVIMENTO BLOCO B",GRAND VILLE,"Apartamento, 86.62 de área total, 44.57 de área privativa, 0.00 de área do terreno,  2 qto(s), a.serv, WC, 1 sala(s), cozinha, 1 vaga(s) de garagem.",155925.27,230000.0,32.21,Leilão SFI - Edital Único,,UBERLANDIA,MG,Não
8555537879385,"ALAMEDA JOSE DE OLIVEIRA GUIMARAES, N. 700, Apto 102, TERREO BLOCO 19",CHACARAS JD HOLANDA,"Apartamento, 64.94 de área total, 45.64 de área privativa, 0.00 de área do terreno,  2 qto(s), a.serv, WC, 1 sala(s), cozinha, 1 vaga(s) de garagem.",135981.22,173000.0,21.4,Leilão SFI - Edital Único,,UBERLANDIA,MG,Não
8444415705488,"RUA SU1, N. 100, Apto 401, BL 18 VG 286",FAZENDA IBIPORÃ,"Apartamento, 43.62 de área total, 43.62 de área privativa, 0.00 de área do terreno, 1 vaga(s) de garagem.",122462.59,154000.0,20.48,Leilão SFI - Edital Único,,UBERLANDIA,MG,Não
8787712069821,"RUA ALBATROZ, N. 336, Apto 304, 3º PAVIMENTO BLOCO 03",GRAND VILLE UBERLAND,"Apartamento, 65.10 de área total, 46.90 de área privativa, 0.00 de área do terreno,  2 qto(s), WC, 1 sala(s), cozinha, 1 vaga(s) de garagem.",157280.11,169000.0,6.94,Leilão SFI - Edital Único,,UBERLANDIA,MG,Não
8787719846491,"RUA DO TAPITI, N. 1157, Apto 13, 1º PAVIMENTO BLOCO B TORRE 04",LOTEAMENTO RESIDENCIAL PEQUIS,"Apartamento, 87.27 de área total, 41.97 de área privativa, 0.00 de área do terreno,  2 qto(s), WC, 1 sala(s), cozinha, 1 vaga(s) de garagem.",137858.27,143000.0,3.6,Leilão SFI - Edital Único,,UBERLANDIA,MG,Não
8444429314893,"RUA SP147, N. 160, LT 20  QD 16",SHOPING PARK,"Casa, 0.00 de área total, 37.91 de área privativa, 200.00 de área do terreno,  2 qto(s), a.serv, WC, 1 sala(s), cozinha.",194000.0,194000.0,0.0,Leilão SFI - Edital Único,,UBERLANDIA,MG,Não
8444430350580,"RUA YOLE FONSECA RIBEIRO, N. 191, Apto 402, BL 06 4 PAV",CIDADE VERDE I,"Apartamento, 64.03 de área total, 44.14 de área privativa, 0.00 de área do terreno,  2 qto(s), WC, 1 sala(s), cozinha, 1 vaga(s) de garagem.",167000.0,167000.0,0.0,Leilão SFI - Edital Único,,UBERLANDIA,MG,Não
8444437467253,"RUA ANTÔNIO BERNARDES DA COSTA, N. 400, Apto 402F, BL F VG 134",PARQUE SÃO JORGE,"Apartamento, 64.86 de área total, 45.70 de área privativa, 0.00 de área do terreno,  2 qto(s), WC, 1 sala(s), cozinha, 1 vaga(s) de garagem.",180000.0,180000.0,0.0,Leilão SFI - Edital Único,,UBERLANDIA,MG,Não
8787703439344,"RUA ONÇA PINTADA, N. 1000, Apto 203, 1 PAV BL 01 LADO B VG 21",PEQUIS,"Apartamento, 43.05 de área total, 43.05 de área privativa, 0.00 de área do terreno,  2 qto(s), a.serv, WC, 1 sala(s), cozinha, 1 vaga(s) de garagem.",109000.0,109000.0,0.0,Leilão SFI - Edital Único,,UBERLANDIA,MG,Não
8787710569070,"RUA JOAO RODRIGUES DE CASTRO, N. 105, Apto 203, BL 07 VG 67",B. MOINHO DE VENTO,"Apartamento, 0.00 de área total, 41.14 de área privativa, 0.00 de área do terreno, 1 vaga(s) de garagem.",195000.0,195000.0,0.0,Leilão SFI - Edital Único,,UBERLANDIA,MG,Não
8787708945337,"AVENIDA DOS EUCALIPTOS, N. 1140, Apto 401, BL 26 VG 171",JARDIM PATRICIA,"Apartamento, 39.30 de área total, 39.30 de área privativa, 0.00 de área do terreno,  2 qto(s), a.serv, WC, 1 sala(s), cozinha, 1 vaga(s) de garagem.",171000.0,171000.0,0.0,Leilão SFI - Edital Único,,UBERLANDIA,MG,Não
1444420132832,"RUA JOSE GOMES RIBEIRO, N. 265, ANTIGA RUA 37",TOCANTINS,"Casa, 180.00 de área total, 70.00 de área privativa, 250.00 de área do terreno, a.serv.",365000.0,365000.0,0.0,Leilão SFI - Edital Único,,UBERLANDIA,MG,Não
8787711840273,"RUA CARMO GIFONI, N. 1500, Apto 903, NONO PAV TORRE B LT 01A QD 03 VG 115",MARTINS,"Apartamento, 0.00 de área total, 50.03 de área privativa, 0.00 de área do terreno,  2 qto(s), WC, 1 sala(s), cozinha, 1 vaga(s) de garagem.",265000.0,265000.0,0.0,Leilão SFI - Edital Único,,UBERLANDIA,MG,Não
8787705786092,"AVENIDA OSCARINA CUNHA CHAVES, N. 510, Apto 301, TORRE 02  VG 112",PATRIMONIO,"Apartamento, 73.52 de área total, 51.06 de área privativa, 0.00 de área do terreno,  2 qto(s), WC, 1 sala(s), cozinha, 1 vaga(s) de garagem.",250000.0,250000.0,0.0,Leilão SFI - Edital Único,,UBERLANDIA,MG,Não
8444436120799,"RUA LUCIA FONSECA ATTIE, N. 51, Apto 108, PAV 01 BL 01 LT 05",MANSOUR,"Apartamento, 90.91 de área total, 43.42 de área privativa, 0.00 de área do terreno,  2 qto(s), WC, 1 sala(s), cozinha.",126000.0,126000.0,0.0,Leilão SFI - Edital Único,,UBERLANDIA,MG,Não
8555526816344,"RUA ISMAEL CARVALHO ESPINDOLA, N. 60, Apto 204, BL 16 VAGA 101",MANSOUR,"Apartamento, 64.44 de área total, 44.10 de área privativa, 0.00 de área do terreno,  2 qto(s), WC, 1 sala(s), cozinha, 1 vaga(s) de garagem.",148000.0,148000.0,0.0,Leilão SFI - Edital Único,,UBERLANDIA,MG,Não
8444433801957,"RUA SEDEM, N. 393, Apto 404, PAV 04 BL 06 VG 05 LT 01 A 38 QD 189",MORUMBI,"Apartamento, 85.65 de área total, 43.94 de área privativa, 0.00 de área do terreno,  2 qto(s), WC, 1 sala(s), cozinha, 1 vaga(s) de garagem.",160000.0,160000.0,0.0,Leilão SFI - Edital Único,,UBERLANDIA,MG,Não
8787703507633,"RUA DO ESTIVADOR, N. 654, Apto 701, VG 69",SAO LUCAS,"Apartamento, 96.47 de área total, 56.87 de área privativa, 0.00 de área do terreno,  2 qto(s), a.serv, WC, 1 sala(s), cozinha, 1 vaga(s) de garagem.",290000.0,290000.0,0.0,Leilão SFI - Edital Único,,UBERLANDIA,MG,Não
8444432936077,"RUA THIERS BOTELHO, N. 165, RESIDENCIAL TAPAJÓS  ANTIGA RUA SP 149",SHOPPING PARK,"Casa, 128.00 de área total, 128.00 de área privativa, 200.00 de área do terreno,  2 qto(s), a.serv, WC, 1 sala(s), cozinha.",355000.0,355000.0,0.0,Leilão SFI - Edital Único,,UBERLANDIA,MG,Não
8444437033717,"RUA LUIZ FUAD ABIB, N. 105, Apto 303, BLOCO 04",SHOPPING PARK,"Apartamento, 61.83 de área total, 43.61 de área privativa, 0.00 de área do terreno,  2 qto(s), WC, 1 sala(s), cozinha, 1 vaga(s) de garagem.",175000.0,175000.0,0.0,Leilão SFI - Edital Único,,UBERLANDIA,MG,Não
8555536553524,"RUA PROFESSORA MARIA CELIA CENCE, N. 160, Apto 404, BL 40  LT 01  QD 04",SHOPPING PARK,"Apartamento, 58.28 de área total, 41.14 de área privativa, 0.00 de área do terreno,  2 qto(s), a.serv, WC, 1 sala(s), cozinha, 1 vaga(s) de garagem.",169900.0,169900.0,0.0,Leilão SFI - Edital Único,,UBERLANDIA,MG,Não
8787714018639,"AVENIDA MINISTRO HOMERO SANTOS, N. 505, Apto 403, PAV 4 BL 2 VG 47",SHOPPING PARK,"Apartamento, 61.36 de área total, 45.21 de área privativa, 0.00 de área do terreno,  2 qto(s), WC, 1 sala(s), cozinha, 1 vaga(s) de garagem.",145000.0,145000.0,0.0,Leilão SFI - Edital Único,,UBERLANDIA,MG,Não
8787716383261,"RUA JOAO BOSCO RIBEIRO DE SOUSA, N. 100, Apto 05,  BL 01 QD 12",SHOPPING PARK,"Apartamento, 78.06 de área total, 47.31 de área privativa, 0.00 de área do terreno,  2 qto(s), WC, 1 sala(s), cozinha, 1 vaga(s) de garagem.",200000.0,200000.0,0.0,Leilão SFI - Edital Único,,UBERLANDIA,MG,Não
8787717157338,"RUA HAYDEE SOARES VASCONCELOS, N. 100, Apto 705, BL 02",SHOPPING PARK,"Apartamento, 87.83 de área total, 56.87 de área privativa, 0.00 de área do terreno,  2 qto(s), WC, 1 sala(s), cozinha, 1 vaga(s) de garagem.",250000.0,250000.0,0.0,Leilão SFI - Edital Único,,UBERLANDIA,MG,Não
8787717986814,"AVENIDA NICOMEDES ALVES DOS SANTOS, N. 6611, Apto 402, BL 03 VAGA 62",SHOPPING PARK,"Apartamento, 89.32 de área total, 48.06 de área privativa, 0.00 de área do terreno,  2 qto(s), WC, 1 sala(s), cozinha, 1 vaga(s) de garagem.",230000.0,230000.0,0.0,Leilão SFI - Edital Único,,UBERLANDIA,MG,Não
8787719002544,"AVENIDA NICOMEDES ALVES DOS SANTOS, N. 6711, Apto 301, TORRE 2",SHOPPING PARK,"Apartamento, 76.97 de área total, 40.44 de área privativa, 0.00 de área do terreno,  2 qto(s), WC, 1 sala(s), cozinha, 1 vaga(s) de garagem.",208000.0,208000.0,0.0,Leilão SFI - Edital Único,,UBERLANDIA,MG,Não
1444423107316,"RUA AGUAPE, N. 129, Apto 303, BL. A",CHACARAS TUBALINA E QUARTEL,"Apartamento, 63.22 de área total, 46.08 de área privativa, 0.00 de área do terreno,  2 qto(s), WC, 1 sala(s), cozinha, 1 vaga(s) de garagem.",183000.0,183000.0,0.0,Leilão SFI - Edital Único,,UBERLANDIA,MG,Não
8787716374335,"AVENIDA NICOMEDES ALVES DOS SANTOS, N. 6611, Apto 1105, TR 03 VG 125",GAVEA,"Apartamento, 79.57 de área total, 41.71 de área privativa, 0.00 de área do terreno,  2 qto(s), WC, 1 sala(s), cozinha, 1 vaga(s) de garagem.",220000.0,220000.0,0.0,Leilão SFI - Edital Único,,UBERLANDIA,MG,Não
8787718772524,"AVENIDA NICOMEDES ALVES DOS SANTOS, N. 6711, Apto 206, 2 PAV TORRE 2",GAVEA,"Apartamento, 78.98 de área total, 41.71 de área privativa, 0.00 de área do terreno,  2 qto(s), WC, 1 sala(s), cozinha, 1 vaga(s) de garagem.",213000.0,213000.0,0.0,Leilão SFI - Edital Único,,UBERLANDIA,MG,Não
8444403104972,"AVENIDA ALICE DE OLIVEIRA E SILVA, N. 345, Apto 303, VAGA 12",JARDIM HOLANDA,"Apartamento, 76.56 de área total, 57.94 de área privativa, 0.00 de área do terreno,  2 qto(s), WC, 1 sala(s), cozinha, 1 vaga(s) de garagem.",180000.0,180000.0,0.0,Leilão SFI - Edital Único,,UBERLANDIA,MG,Não
8444437781292,"AVENIDA PALESTINA, N. 35, Apto 101, BLOCO 12",JARDIM HOLANDA,"Apartamento, 80.68 de área total, 44.52 de área privativa, 0.00 de área do terreno,  2 qto(s), WC, 1 sala(s), cozinha.",195000.0,195000.0,0.0,Leilão SFI - Edital Único,,UBERLANDIA,MG,Não
8787712353651,"ALAMEDA JOSE DE OLIVEIRA GUIMARAES, N. 1233, Apto 504, BL 01",JARDIM HOLANDA,"Apartamento, 91.54 de área total, 48.17 de área privativa, 0.00 de área do terreno,  2 qto(s), a.serv, WC, 1 sala(s), cozinha, 1 vaga(s) de garagem.",210000.0,210000.0,0.0,Leilão SFI - Edital Único,,UBERLANDIA,MG,Não
8787712352663,"AVENIDA RURAL, N. 68, Apto 205, BLOCO 2A 2B",JARDIM BRASILIA,"Apartamento, 62.49 de área total, 45.21 de área privativa, 0.00 de área do terreno,  2 qto(s), WC, 1 sala(s), cozinha, 1 vaga(s) de garagem.",174000.0,174000.0,0.0,Leilão SFI - Edital Único,,UBERLANDIA,MG,Não
8555519291959,"RUA IOLANDA ALVES FIGUEIRA, N. 55, LT 29 QD 08",JARDIM EUROPA,"Casa, 0.00 de área total, 67.39 de área privativa, 250.00 de área do terreno,  3 qto(s), a.serv, WC, 1 sala(s), cozinha, 2 vaga(s) de garagem.",186000.0,186000.0,0.0,Leilão SFI - Edital Único,,UBERLANDIA,MG,Não
8787701131369,"RUA ROBERTO CARLOS MEDEIROS, N. 270, Apto 405, BL D VG 78",JARDIM EUROPA,"Apartamento, 64.44 de área total, 48.69 de área privativa, 0.00 de área do terreno,  2 qto(s), WC, 1 sala(s), cozinha, 1 vaga(s) de garagem.",180000.0,180000.0,0.0,Leilão SFI - Edital Único,,UBERLANDIA,MG,Não
8444438385560,"RUA PATOMERGULHAO, N. 20, CASA 01  QUADRA 02  LOTE 14",LOTEAMENTO RESIDENCIAL PEQUIS,"Casa, 68.37 de área total, 48.92 de área privativa, 87.92 de área do terreno,  2 qto(s), a.serv, WC, 1 sala(s), cozinha, 1 vaga(s) de garagem.",178000.0,178000.0,0.0,Leilão SFI - Edital Único,,UBERLANDIA,MG,Não
8787719869963,"RUA DO TAPITI, N. 1157, Apto 04, PAV TERREO BL D T 01 VG 113 LT 43A QD",LOTEAMENTO RESIDENCIAL PEQUIS,"Apartamento, 87.27 de área total, 41.97 de área privativa, 0.00 de área do terreno,  2 qto(s), WC, 1 sala(s), cozinha, 1 vaga(s) de garagem.",180000.0,180000.0,0.0,Leilão SFI - Edital Único,,UBERLANDIA,MG,Não
8787718766281,"AVENIDA MANUEL LUCIO, N. 601, Apto 106, BL B",GRAND VILLE,"Apartamento, 119.58 de área total, 76.50 de área privativa, 0.00 de área do terreno,  2 qto(s), a.serv, WC, 1 sala(s), cozinha, 1 vaga(s) de garagem.",325000.0,325000.0,0.0,Leilão SFI - Edital Único,,UBERLANDIA,MG,Não
8787708199325,"RUA WEBERSON ARANTES, N. 618, LOTE Nº 10 DA QUADRA Nº 02",MANSOUR III,"Casa, 47.52 de área total, 47.52 de área privativa, 200.00 de área do terreno,  2 qto(s), a.serv, WC, 1 sala(s), cozinha.",233000.0,233000.0,0.0,Leilão SFI - Edital Único,,UBERLANDIA,MG,Não
8787720233600,"RUA DO TAPITI, N. 1157, Apto 21, BL D TORRE 01 2° PAV TIPO VG 124",RESIDENCIAL PEQUIS,"Apartamento, 87.27 de área total, 41.97 de área privativa, 0.00 de área do terreno,  2 qto(s), WC, 1 sala(s), cozinha, 1 vaga(s) de garagem.",143709.75,143000.0,0.0,Leilão SFI - Edital Único,,UBERLANDIA,MG,Não
8444429137363,"RUA PJ06, N. 140, LT47  QD D",SHOPPING PARK,"Casa, 75.23 de área total, 75.23 de área privativa, 200.00 de área do terreno,  2 qto(s), a.serv, WC, 1 sala(s), cozinha, 1 vaga(s) de garagem.",199103.78,197600.0,0.0,Leilão SFI - Edital Único,,UBERLANDIA,MG,Não
8787712368250,"RUA ARISTIDES FERNANDES MORAIS, N. 405, Apto 03, BLOCO C  PAVIMENTO TÉRREO",CONJUNTO ALVORADA,"Apartamento, 79.00 de área total, 49.81 de área privativa, 0.00 de área do terreno,  2 qto(s), a.serv, WC, 1 sala(s), cozinha, 1 vaga(s) de garagem.",198359.25,196000.0,0.0,Leilão SFI - Edital Único,,UBERLANDIA,MG,Não
8787718946646,"AVENIDA NICOMEDES ALVES DOS SANTOS, N. 6711, Apto 708, PAV 07 T 02 VG 180 LT 01B QD 10",SHOPPING PARK,"Apartamento, 75.70 de área total, 40.44 de área privativa, 0.00 de área do terreno,  2 qto(s), WC, 1 sala(s), cozinha, 1 vaga(s) de garagem.",211086.88,208000.0,0.0,Leilão SFI - Edital Único,,UBERLANDIA,MG,Não
8787714687212,"RUA FRANCISCA DE ASSIS VALERIO, N. 146, Apto 504, LT 1A VAGA 03",LOTEAMENTO LUIZOTE DE FREITAS IV,"Apartamento, 73.20 de área total, 51.96 de área privativa, 0.00 de área do terreno,  2 qto(s), WC, 1 sala(s), cozinha, 1 vaga(s) de garagem.",199933.3,195000.0,0.0,Leilão SFI - Edital Único,,UBERLANDIA,MG,Não
8787714035347,"RUA FERNANDO AUGUSTO DE PAULA, N. 55, Apto 1107, PAV 11 BL 01 AREA 1B1 VG 185",RESIDENCIAL FRUTA DO CONDE,"Apartamento, 73.80 de área total, 51.92 de área privativa, 0.00 de área do terreno,  2 qto(s), WC, 1 sala(s), cozinha, 1 vaga(s) de garagem.",194925.09,190000.0,0.0,Leilão SFI - Edital Único,,UBERLANDIA,MG,Não
8787718361818,"AVENIDA NICOMEDES ALVES DOS SANTOS, N. 6711, Apto 307, 3 PAV  T 02",SHOPPING PARK,"Apartamento, 40.44 de área total, 40.44 de área privativa, 0.00 de área do terreno,  2 qto(s), a.serv, WC, 1 sala(s), cozinha, 1 vaga(s) de garagem.",206270.38,200000.0,0.0,Leilão SFI - Edital Único,,UBERLANDIA,MG,Não
8444434620794,"RUA ANTONIO BERNARDES DA COSTA, N. 400, Apto 401I, BL I PAV 3 VG 160",LARANJEIRAS,"Apartamento, 64.85 de área total, 45.69 de área privativa, 0.00 de área do terreno,  2 qto(s), WC, 1 sala(s), cozinha, 1 vaga(s) de garagem.",159518.78,153000.0,0.0,Leilão SFI - Edital Único,,UBERLANDIA,MG,Não
8787717868463,"ALAMEDA DOS MANDARINS, N. 200, Apto 808, 7º PAVIMENTO BLOCO 05",GRAND VILLE UBERLAND,"Apartamento, 53.02 de área total, 40.83 de área privativa, 0.00 de área do terreno,  2 qto(s), WC, 1 sala(s), cozinha, 1 vaga(s) de garagem.",217982.66,208000.0,0.0,Leilão SFI - Edital Único,,UBERLANDIA,MG,Não
1444423014571,"AVENIDA DO OLEO, N. 361, Apto 303, BL 23",JARDIM PATRICIA,"Apartamento, 0.00 de área total, 70.64 de área privativa, 0.00 de área do terreno.",309251.97,293000.0,0.0,Leilão SFI - Edital Único,,UBERLANDIA,MG,Não
8444437081606,"ALAMEDA JOAO DE ALMEIDA, N. 861, Apto 202,",JARDIM HOLANDA,"Apartamento, 76.91 de área total, 56.80 de área privativa, 0.00 de área do terreno,  2 qto(s), a.serv, WC, 1 sala(s), cozinha, 1 vaga(s) de garagem.",198687.41,188000.0,0.0,Leilão SFI - Edital Único,,UBERLANDIA,MG,Não
8787721660588,"AVENIDA NICOMEDES ALVES DOS SANTOS, N. 6711, Apto 806, PAV 08 T 02 VG 257 LT 01B QD 10",SHOPPING PARK,"Apartamento, 77.72 de área total, 41.71 de área privativa, 0.00 de área do terreno,  2 qto(s), WC, 1 sala(s), cozinha, 1 vaga(s) de garagem.",223661.34,210000.0,0.0,Leilão SFI - Edital Único,,UBERLANDIA,MG,Não
8787714927671,"AVENIDA MINISTRO HOMERO SANTOS, N. 505, Apto 101, BL 01  VG 26",SHOPPING PARK,"Apartamento, 62.08 de área total, 45.86 de área privativa, 0.00 de área do terreno,  2 qto(s), 1 sala(s), cozinha, 1 vaga(s) de garagem.",160383.75,150000.0,0.0,Leilão SFI - Edital Único,,UBERLANDIA,MG,Não
8787722807833,"AVENIDA NICOMEDES ALVES DOS SANTOS, N. 6711, Apto 1005, TORRE 2 PAV 10 VG 242",SHOPPING PARK,"Apartamento, 77.72 de área total, 41.71 de área privativa, 0.00 de área do terreno,  2 qto(s), WC, 1 sala(s), cozinha, 1 vaga(s) de garagem.",240018.98,220000.0,0.0,Leilão SFI - Edital Único,,UBERLANDIA,MG,Não
8555539694889,"AVENIDA PALESTINA, N. 35, Apto 203, PAV 02 BL 08 LT 21B QD B",CHACARAS JD HOLANDA,"Apartamento, 62.17 de área total, 51.37 de área privativa, 0.00 de área do terreno,  2 qto(s), WC, 1 sala(s), cozinha.",152821.59,140000.0,0.0,Leilão SFI - Edital Único,,UBERLANDIA,MG,Não
8787717458222,"RUA DAS PALMEIRAS, N. 1075, Apto 304, PAV 2 LT 14  QD 02",PANORAMA,"Apartamento, 56.66 de área total, 31.37 de área privativa, 0.00 de área do terreno,  1 qto(s), WC, 1 sala(s), cozinha, 1 vaga(s) de garagem.",125897.14,115000.0,0.0,Leilão SFI - Edital Único,,UBERLANDIA,MG,Não
8555522091051,"RUA DALLAS, N. 121, Apto 202, BL15 1 PAV",NOVO MUNDO,"Apartamento, 93.74 de área total, 42.70 de área privativa, 0.00 de área do terreno,  2 qto(s), a.serv, WC, 1 sala(s), cozinha.",157582.78,143000.0,0.0,Leilão SFI - Edital Único,,UBERLANDIA,MG,Não
8787717606493,"RUA ANTONIO LAZARO MACHADO, N. 343, Apto 403, 3 PAVIMENTO VG 17",SHOPPING PARK,"Apartamento, 63.92 de área total, 44.11 de área privativa, 0.00 de área do terreno,  2 qto(s), WC, 1 sala(s), cozinha, 1 vaga(s) de garagem.",173619.27,155000.0,0.0,Leilão SFI - Edital Único,,UBERLANDIA,MG,Não
8787716581322,"RUA DO TAPITI, N. 1157, Apto 33, BL C TORRE 03",LOTEAMENTO RESIDENCIAL PEQUIS,"Apartamento, 87.27 de área total, 41.97 de área privativa, 0.00 de área do terreno,  2 qto(s), WC, 1 sala(s), cozinha, 1 vaga(s) de garagem.",163112.3,145000.0,0.0,Leilão SFI - Edital Único,,UBERLANDIA,MG,Não
8444437557198,"RUA ARRUDA, N. 686, CASA 02",MORUMBI,"Casa, 65.28 de área total, 62.49 de área privativa, 84.74 de área do terreno,  2 qto(s), WC, 1 sala(s), cozinha, 1 vaga(s) de garagem.",217524.13,190000.0,0.0,Leilão SFI - Edital Único,,UBERLANDIA,MG,Não
8787721264763,"AVENIDA NICOMEDES ALVES DOS SANTOS, N. 6711, Apto 904, TR 02  LT 01B  QD 10",SHOPPING PARK,"Apartamento, 77.71 de área total, 41.71 de área privativa, 0.00 de área do terreno,  2 qto(s), WC, 1 sala(s), cozinha, 1 vaga(s) de garagem.",223887.52,195000.0,0.0,Leilão SFI - Edital Único,,UBERLANDIA,MG,Não
8787711808540,"RUA FACAO, N. 526, Apto 23, PAV 2  BL B LT 25  QD 145",MORUMBI,"Apartamento, 69.03 de área total, 50.50 de área privativa, 0.00 de área do terreno,  2 qto(s), WC, 1 sala(s), cozinha, 1 vaga(s) de garagem.",203489.25,177000.0,0.0,Leilão SFI - Edital Único,,UBERLANDIA,MG,Não
8787723210288,"ALAMEDA JOSE DE OLIVEIRA GUIMARAES, N. 50, Apto 901, BLOCO A  VAGA 155",JARDIM HOLANDA,"Apartamento, 96.33 de área total, 56.05 de área privativa, 0.00 de área do terreno,  2 qto(s), a.serv, WC, 1 sala(s), cozinha, 1 vaga(s) de garagem.",311176.88,270000.0,0.0,Leilão SFI - Edital Único,,UBERLANDIA,MG,Não
8787719204325,"ALAMEDA DOS MANDARINS, N. 200, Apto 207, PAV 1 BL 06 VG 240",GRAND VILLE,"Apartamento, 81.20 de área total, 61.21 de área privativa, 0.00 de área do terreno,  3 qto(s), WC, 1 sala(s), cozinha, 1 vaga(s) de garagem.",357978.19,310000.0,0.0,Leilão SFI - Edital Único,,UBERLANDIA,MG,Não
8787722901775,"AVENIDA NICOMEDES ALVES DOS SANTOS, N. 6711, Apto 104, BL 02",SHOPPING PARK,"Apartamento, 112.03 de área total, 41.71 de área privativa, 0.00 de área do terreno,  2 qto(s), WC, 1 sala(s), cozinha, 1 vaga(s) de garagem.",268354.81,230000.0,0.0,Leilão SFI - Edital Único,,UBERLANDIA,MG,Não
8787703051028,"AVENIDA DOS EUCALIPTOS, N. 1140, Apto 301, BL 02  VG 524",JARDIM PATRICIA,"Apartamento, 58.03 de área total, 39.30 de área privativa, 0.00 de área do terreno,  2 qto(s), a.serv, WC, 1 sala(s), cozinha, 1 vaga(s) de garagem.",204497.38,175000.0,0.0,Leilão SFI - Edital Único,,UBERLANDIA,MG,Não
8787718773237,"RUA DO TAPITI, N. 1157, Apto 23, 2º PAVIMENTO BLOCO B TORRE 04",LOTEAMENTO RESIDENCIAL PEQUIS,"Apartamento, 0.00 de área total, 41.97 de área privativa, 0.00 de área do terreno.",157500.15,134000.0,0.0,Leilão SFI - Edital Único,,UBERLANDIA,MG,Não
8787719851347,"ALAMEDA DOS MANDARINS, N. 200, Apto 101, PAV TÉRREO BL 06 VG 252",GRAND VILLE,"Apartamento, 78.27 de área total, 61.73 de área privativa, 0.00 de área do terreno,  3 qto(s), WC, 1 sala(s), cozinha, 1 vaga(s) de garagem.",349634.38,295000.0,0.0,Leilão SFI - Edital Único,,UBERLANDIA,MG,Não
8787707188982,"RUA ALBATROZ, N. 111, Apto 03, PAV TERRÉO BL 10 VG 280",GRAND VILLE,"Apartamento, 63.15 de área total, 47.31 de área privativa, 0.00 de área do terreno,  2 qto(s), a.serv, WC, 1 sala(s), cozinha, 1 vaga(s) de garagem.",231160.55,185000.0,0.0,Leilão SFI - Edital Único,,UBERLANDIA,MG,Não
8787704427080,"RUA BETIS, N. 305, Apto 601, BL 03 PV 5 VG 171",LARANJEIRAS,"Apartamento, 72.48 de área total, 48.18 de área privativa, 0.00 de área do terreno,  2 qto(s), WC, 1 sala(s), cozinha, 1 vaga(s) de garagem.",241499.39,192000.0,0.0,Leilão SFI - Edital Único,,UBERLANDIA,MG,Não
8787718622948,"AVENIDA VEREADOR CARLITO CORDEIRO, N. 1895, Apto 1208, PAV 12 T B LT 01A QD 05",LARANJEIRAS,"Apartamento, 89.35 de área total, 50.41 de área privativa, 0.00 de área do terreno,  2 qto(s), WC, 1 sala(s), cozinha.",249929.27,197000.0,0.0,Leilão SFI - Edital Único,,UBERLANDIA,MG,Não
8787713104639,"RUA ALBATROZ, N. 336, Apto 303, BL 14",GRAND VILLE,"Apartamento, 56.73 de área total, 39.30 de área privativa, 0.00 de área do terreno,  2 qto(s), a.serv, WC, 1 sala(s), cozinha, 1 vaga(s) de garagem.",206560.55,160000.0,0.0,Leilão SFI - Edital Único,,UBERLANDIA,MG,Não
8444437218431,"AVENIDA LYDIA DA ROCHA E SILVA, N. 292, Apto 202, VG 04 2 PAV",Parque Santo Antonio,"Apartamento, 78.03 de área total, 54.18 de área privativa, 0.00 de área do terreno,  2 qto(s), WC, 1 sala(s), cozinha, 1 vaga(s) de garagem.",250761.0,194000.0,0.0,Leilão SFI - Edital Único,,UBERLANDIA,MG,Não
8787710693994,"RUA CIANO, N. 155, Apto 205, PAV 2  TORRE 2",GRAND VILLE,"Apartamento, 88.07 de área total, 47.91 de área privativa, 0.00 de área do terreno,  2 qto(s), a.serv, WC, 1 sala(s), cozinha, 1 vaga(s) de garagem.",245946.18,190000.0,0.0,Leilão SFI - Edital Único,,UBERLANDIA,MG,Não
8444415921148,"RUA DYENIFER APARECIDA COSTA SANTOS, N. 237, CS 02  LT 29 QD 31",JARDIM EUROPA,"Casa, 94.75 de área total, 54.00 de área privativa, 125.00 de área do terreno,  2 qto(s), a.serv, WC, 1 sala(s), cozinha, 2 vaga(s) de garagem.",317325.77,244000.0,0.0,Leilão SFI - Edital Único,,UBERLANDIA,MG,Não
10309326,"RUA JOTA FERREIRA, N. 00, LT B",JARDIM EUROPA,"Terreno, 0.00 de área total, 0.00 de área privativa, 4590.92 de área do terreno.",4127000.0,2740000.0,0.0,Leilão SFI - Edital Único,,UBERLANDIA,MG,Sim
8787712936258,"RUA LEANDRO GUERRA MENDES, N. 225, LT 04 4D 06",LOTEAMENTO LUIZOTE DE FREITAS IV,"Casa, 46.75 de área total, 46.75 de área privativa, 213.71 de área do terreno,  2 qto(s), a.serv, WC, 1 sala(s), cozinha, 1 vaga(s) de garagem.",256681.79,151000.0,0.0,Leilão SFI - Edital Único,,UBERLANDIA,MG,Não
10305199,"ALAMEDA DIAMANTE AZUL, N. 0, QD 005, LT 04 - SITIOS RECREIO RES OAS",SITIOS RECREIO RES,"Terreno, 0.00 de área total, 0.00 de área privativa, 5000.00 de área do terreno.",2397921.23,1380000.0,0.0,Leilão SFI - Edital Único,,UBERLANDIA,MG,Não
8787717342011,"ALAMEDA JARDIM HOLANDA, N. 1350, Apto 703, BLOCO A",JARDIM HOLANDA,"Apartamento, 91.11 de área total, 48.05 de área privativa, 0.00 de área do terreno,  2 qto(s), WC, 1 sala(s), cozinha, 1 vaga(s) de garagem.",385867.54,213000.0,0.0,Leilão SFI - Edital Único,,UBERLANDIA,MG,Não
8444424898927,"RUA ATILIO SPINI, N. 300, CS 01 LT 27 QD G E 12",SHOPPING PARK,"Casa, 0.00 de área total, 40.32 de área privativa, 108.33 de área do terreno,  2 qto(s), a.serv, WC, 1 sala(s), cozinha, 1 vaga(s) de garagem.",655194.69,188000.0,0.0,Leilão SFI - Edital Único,,UBERLANDIA,MG,Não
10291025,"RUA ARLINDO GOMES BRANQUINHO, N. 00, Qd 3, Lt 15",CAPIM BRANCO II,"Terreno, 0.00 de área total, 0.00 de área privativa, 805.00 de área do terreno.",441658.81,693000.0,36.27,Licitação Aberta,,UNAI,MG,Sim
8444409821650,"RUA CAPITAO JOSE MENDES FERREIRA (ANTIGA RUA 03), N. 99, L-19, Q-D",RIO VERDE II,"Casa, 0.00 de área total, 51.41 de área privativa, 100.00 de área do terreno,  2 qto(s), a.serv, WC, 1 sala(s), cozinha, 1 vaga(s) de garagem.",89166.23,174000.0,48.76,Licitação Aberta,,VARGINHA,MG,Não
1444420836139,"RUA JOSE COELHO LEMOS, N. 0, LT 17 QD C",JARDIM INDAIA,"Terreno, 0.00 de área total, 0.00 de área privativa, 2655.65 de área do terreno.",509163.48,953000.0,46.58,Venda Direta Online,,VARGINHA,MG,Sim
8555532940183,"AVENIDA JOSE OLAVO DE PAIVA, N. 361, Apto 268, BL26",VARGEM,"Apartamento, 0.00 de área total, 54.11 de área privativa, 0.00 de área do terreno, 1 vaga(s) de garagem.",139015.11,230000.0,39.56,Venda Direta Online,,VARGINHA,MG,Não
8787720029442,"AVENIDA ROGASSIANO FRANCISCO COELHO, N. 1485, Apto 503, TORRE 02",RESIDENCIAL PORTINARI,"Apartamento, 62.78 de área total, 47.25 de área privativa, 0.00 de área do terreno,  2 qto(s), a.serv, WC, 1 sala(s), cozinha, 1 vaga(s) de garagem.",202742.66,207000.0,2.06,Leilão SFI - Edital Único,,VARGINHA,MG,Não
8787713729558,"RUA SILVANO GALO, N. 70, Apto 204, BL 07",JARDIM SION,"Apartamento, 52.11 de área total, 45.24 de área privativa, 0.00 de área do terreno,  2 qto(s), WC, 1 sala(s), cozinha.",202000.0,202000.0,0.0,Leilão SFI - Edital Único,,VARGINHA,MG,Não
8787705947606,"AVENIDA PORTO SECO, N. 150, Apto 304, T 17",AEROPORTO,"Apartamento, 178.54 de área total, 48.84 de área privativa, 0.00 de área do terreno,  2 qto(s), a.serv, WC, 1 sala(s), cozinha, 1 vaga(s) de garagem.",180000.0,180000.0,0.0,Leilão SFI - Edital Único,,VARGINHA,MG,Não
8444430055634,"RUA RADIALISTA A. F. DE PAUL, N. 30, Apto AP 20,",VALE DOS COQUEIROS,"Apartamento, 0.00 de área total, 48.92 de área privativa, 0.00 de área do terreno, 1 vaga(s) de garagem.",195000.0,195000.0,0.0,Leilão SFI - Edital Único,,VARGINHA,MG,Não
8016300015755,"AVENIDA CRUZILIA, N. 21, LOT 13 QD C",JARDIM VALE DOS IPES,"Casa, 0.00 de área total, 43.30 de área privativa, 360.00 de área do terreno,  2 qto(s), WC, 1 sala(s), cozinha.",189862.0,175000.0,0.0,Leilão SFI - Edital Único,,VARGINHA,MG,Não
8787719456413,"AVENIDA ROGASSIANO FRANCISCO COELHO, N. SN, Apto 104, TR 11",NOVA VARGINHA,"Apartamento, 62.78 de área total, 47.25 de área privativa, 0.00 de área do terreno,  2 qto(s), a.serv, WC, 1 sala(s), cozinha, 1 vaga(s) de garagem.",228000.0,207000.0,0.0,Leilão SFI - Edital Único,,VARGINHA,MG,Não
8787722068704,"AVENIDA ROGASSIANO FRANCISCO COELHO, N. SN, Apto 401, TORRE 05",NOVA VARGINHA,"Apartamento, 62.78 de área total, 47.25 de área privativa, 0.00 de área do terreno,  2 qto(s), a.serv, WC, 1 sala(s), cozinha, 1 vaga(s) de garagem.",232000.0,207000.0,0.0,Leilão SFI - Edital Único,,VARGINHA,MG,Não
1444421111812,"RUA  08, N. SN, LT 27 QD 06",PORTO REAL,"Casa, 225.26 de área total, 225.26 de área privativa, 275.00 de área do terreno,  5 qto(s), a.serv, WC, 1 sala(s), cozinha.",370000.0,320627.88,0.0,Leilão SFI - Edital Único,,VARGINHA,MG,Não
8444431483028,"RUA 35, N. 757, LT 03 QD 31",BAIRRO PEDRAS GRANDE,"Casa, 46.36 de área total, 46.36 de área privativa, 180.00 de área do terreno,  2 qto(s), a.serv, WC, 1 sala(s), cozinha, 1 vaga(s) de garagem.",87819.45,150000.0,41.46,Venda Direta Online,,VARZEA DA PALMA,MG,Não
8444404973931,"RUA FLORIANO PEIXOTO, N. 216,",LAMEIRÃO II,"Casa, 67.84 de área total, 64.87 de área privativa, 180.00 de área do terreno,  2 qto(s), a.serv, WC, 1 sala(s), cozinha, 1 vaga(s) de garagem.",117000.0,195000.0,40.0,Leilão SFI - Edital Único,,VARZEA DA PALMA,MG,Não
8444428719903,"RUA SERRA DAS PALMEIRAS, N. 630, Apto 302, BL12",SERRA DOURADA,"Apartamento, 92.34 de área total, 43.15 de área privativa, 0.00 de área do terreno,  2 qto(s), a.serv, WC, 1 sala(s), cozinha.",87819.45,150000.0,41.46,Venda Direta Online,,VESPASIANO,MG,Não
8787714076582,"RUA SERRA DA BOA ESPERANCA, N. 425, Apto 203, BL 13, VAGA 124, LT 01, GLEBA 02A",SERRA DOURADA,"Apartamento, 51.15 de área total, 40.57 de área privativa, 0.00 de área do terreno,  2 qto(s), a.serv, WC, 1 sala(s), cozinha, 1 vaga(s) de garagem.",100741.08,170000.0,40.75,Licitação Aberta,,VESPASIANO,MG,Não
8787715471671,"RUA PRINCIPAL, N. 407, Apto 101, 1º PAVIMENTO BLOCO 13",BERNARDO DE SOUZA,"Apartamento, 98.62 de área total, 44.30 de área privativa, 0.00 de área do terreno,  2 qto(s), WC, 1 sala(s), cozinha, 1 vaga(s) de garagem.",108000.0,180000.0,40.0,Leilão SFI - Edital Único,,VESPASIANO,MG,Não
8787702964283,"AVENIDA DIVINO MARQUES GUIMARAES, N. 2249, Apto 204, BL 03",BONSUCESSO,"Apartamento, 61.96 de área total, 45.04 de área privativa, 0.00 de área do terreno,  2 qto(s), WC, 1 sala(s), 1 vaga(s) de garagem.",111544.51,184550.0,39.56,Licitação Aberta,,VESPASIANO,MG,Não
8787710793514,"RUA MARIA ALVARENGA MAGALHAES, N. 370, Apto 902, BL 06",CENTRAL PARK,"Apartamento, 106.77 de área total, 45.99 de área privativa, 0.00 de área do terreno,  2 qto(s), WC, 1 sala(s), cozinha, 1 vaga(s) de garagem.",117860.63,195000.0,39.56,Licitação Aberta,,VESPASIANO,MG,Não
8787721223960,"RUA FRANCISCO ANTONIO DE OLIVEIRA, N. 38, Apto 304, BL 8",SERRA AZUL,"Apartamento, 0.00 de área total, 44.30 de área privativa, 0.00 de área do terreno, 1 vaga(s) de garagem.",114234.15,189000.0,39.56,Licitação Aberta,,VESPASIANO,MG,Não
1444417254930,"RUA 27, N. SN, LT 02 QD 23",GRAN PARK,"Terreno, 0.00 de área total, 0.00 de área privativa, 407.60 de área do terreno.",203940.58,320000.0,36.27,Licitação Aberta,,VESPASIANO,MG,Não
8444434479900,"AVENIDA MARIO FONSECA VIANA, N. 2330, Apto 103, BLOCO 49",ANGICOS,"Apartamento, 80.16 de área total, 43.10 de área privativa, 0.00 de área do terreno,  2 qto(s), a.serv, WC, 1 sala(s), cozinha, 1 vaga(s) de garagem.",131176.49,152000.0,13.7,Leilão SFI - Edital Único,,VESPASIANO,MG,Não
8787713160075,"RUA PRINCIPAL, N. 407, Apto 201, BL 15 VAGA 262",BERNARDO DE SOUZA,"Apartamento, 81.69 de área total, 44.30 de área privativa, 0.00 de área do terreno,  2 qto(s), WC, 1 sala(s), cozinha, 1 vaga(s) de garagem.",169000.0,169000.0,0.0,Leilão SFI - Edital Único,,VESPASIANO,MG,Não
8555533101932,"RUA FREI PAULO, N. 311, Apto 302, BL 29",BONSUCESSO,"Apartamento, 52.25 de área total, 44.83 de área privativa, 0.00 de área do terreno,  2 qto(s), WC, 1 sala(s), cozinha, 1 vaga(s) de garagem.",206000.0,206000.0,0.0,Leilão SFI - Edital Único,,VESPASIANO,MG,Não
1444415898881,"RUA HEBERT FERNANDES, N. 248, Apto 101,  0320",NAZIA 2A SECAO,"Apartamento, 142.47 de área total, 73.78 de área privativa, 0.00 de área do terreno,  3 qto(s), a.serv, WC, 1 sala(s), cozinha, 1 vaga(s) de garagem.",442000.0,442000.0,0.0,Leilão SFI - Edital Único,,VESPASIANO,MG,Não
8444426217234,"RUA SETE, N. 560, Apto 101, LT 05 QD 26",NOVA PAMPULHA,"Apartamento, 48.94 de área total, 43.21 de área privativa, 0.00 de área do terreno,  2 qto(s), WC, 1 sala(s), cozinha, 1 vaga(s) de garagem.",160000.0,160000.0,0.0,Leilão SFI - Edital Único,,VESPASIANO,MG,Não
8787705794990,"AVENIDA JOSE HIGINO BERNARDO, N. 365, Apto 401, BL 09  VG 115",NOVA PAMPULHA,"Apartamento, 92.54 de área total, 43.20 de área privativa, 0.00 de área do terreno,  2 qto(s), a.serv, WC, 1 sala(s), cozinha, 1 vaga(s) de garagem.",170000.0,170000.0,0.0,Leilão SFI - Edital Único,,VESPASIANO,MG,Não
8787707889972,"AVENIDA JOSE HIGINO BERNARDO, N. 365, Apto 201, BL 11",NOVA PAMPULHA,"Apartamento, 92.54 de área total, 53.55 de área privativa, 0.00 de área do terreno,  2 qto(s), WC, 1 sala(s), cozinha, 1 vaga(s) de garagem.",160000.0,160000.0,0.0,Leilão SFI - Edital Único,,VESPASIANO,MG,Não
8787708404387,"AVENIDA JOSE HIGINO BERNARDO, N. 365, Apto 404, PAV 4  BL 10  VG 173",NOVA PAMPULHA,"Apartamento, 92.54 de área total, 43.20 de área privativa, 0.00 de área do terreno,  2 qto(s), WC, 1 sala(s), cozinha, 1 vaga(s) de garagem.",160000.0,160000.0,0.0,Leilão SFI - Edital Único,,VESPASIANO,MG,Não
8787716774422,"AVENIDA DIVINO MARQUES GUIMARAES, N. 2035, Apto 1203, BL C  VG 115",NOVA PAMPULHA,"Apartamento, 120.05 de área total, 46.97 de área privativa, 0.00 de área do terreno,  2 qto(s), a.serv, WC, 1 sala(s), cozinha, 1 vaga(s) de garagem.",180712.47,180000.0,0.0,Leilão SFI - Edital Único,,VESPASIANO,MG,Não
8444421129833,"AVENIDA SERRA DAS PALMEIRAS, N. 437, Apto 01",SERRA DOURADA,"Apartamento, 0.00 de área total, 71.00 de área privativa, 0.00 de área do terreno,  2 qto(s), a.serv, WC, 1 sala(s), cozinha, 1 vaga(s) de garagem.",234953.3,230000.0,0.0,Leilão SFI - Edital Único,,VESPASIANO,MG,Não
1444419742592,"RUA JORGE AMADO, N. 168,",RESIDENCIAL PARK I,"Casa, 197.15 de área total, 197.15 de área privativa, 405.00 de área do terreno,  3 qto(s), a.serv, WC, WC Emp, 1 sala(s), 1 lavabo(s), cozinha, 6 vaga(s) de garagem.",1461605.13,1424000.0,0.0,Leilão SFI - Edital Único,,VESPASIANO,MG,Não
8555531970828,"AVENIDA ANTONIO MAMEDES, N. 708, Apto 203, BL15",BONSUCESSO,"Apartamento, 50.55 de área total, 43.39 de área privativa, 0.00 de área do terreno,  2 qto(s), WC, 1 sala(s), cozinha, 1 vaga(s) de garagem.",110453.4,106000.0,0.0,Leilão SFI - Edital Único,,VESPASIANO,MG,Não
10305213,"AV JOSE HIGINO BERNARDO, N. 0, QD 100, LT 01",NOVA PAMPULHA,"Terreno, 0.00 de área total, 0.00 de área privativa, 1120.00 de área do terreno.",783457.31,500000.0,0.0,Leilão SFI - Edital Único,,VESPASIANO,MG,Não
10305212,"Rua QUARENTA E TRES, N. 0, QD 20, LT 12",NOVA PAMPULHA,"Terreno, 0.00 de área total, 0.00 de área privativa, 1000.00 de área do terreno.",528854.07,250000.0,0.0,Leilão SFI - Edital Único,,VESPASIANO,MG,Não
8555519657155,"RUA LEOPOLDO ANTONUCCI, N. 129,  LOTE 39 QUADRA 3D",SANTA CRUZ,"Casa, 69.35 de área total, 69.35 de área privativa, 209.00 de área do terreno,  3 qto(s), a.serv, WC, 1 sala(s), cozinha, 1 vaga(s) de garagem.",101926.27,172000.0,40.75,Licitação Aberta,,VISCONDE DO RIO BRANCO,MG,Não
