link,endereco,bairro,descricao,preco,avaliacao,desconto,modalidade,foto,cidade,estado,financiamento
8555537855095,"AVENIDA CONSELHEIRO JUNQUEIRA, N. SN, QD Q LT 06",CATU,"Casa, 50.02 de área total, 50.02 de área privativa, 136.00 de área do terreno,  2 qto(s), varanda, a.serv, WC, 1 sala(s), cozinha.",100741.08,170000.0,40.75,Licitação Aberta,,ALAGOINHAS,BA,Não
1555529342515,"RUA DOS EUCALIPTOS, N. 273,",BARREIRO,"Casa, 66.00 de área total, 66.00 de área privativa, 195.00 de área do terreno,  3 qto(s), WC, 1 sala(s), cozinha, 1 vaga(s) de garagem.",106583.08,177000.0,39.79,Venda Direta Online,,ALAGOINHAS,BA,Não
1444406192505,"RUA G, N. 189",LOT PORTO FELIZ,"Casa, 0.00 de área total, 40.05 de área privativa, 200.00 de área do terreno,  2 qto(s), varanda, a.serv, WC, 1 sala(s), cozinha.",82786.76,137000.0,39.58,Licitação Aberta,,ALAGOINHAS,BA,Não
1555535804258,"RUA SAO GABRIEL, N. SN,",NOVA BRASILIA,"Terreno, 0.00 de área total, 0.00 de área privativa, 20000.00 de área do terreno.",560071.81,878800.0,36.27,Venda Direta Online,,ALAGOINHAS,BA,Não
1787700086957,"RUA CONSELHEIRO JUNQUEIRA, N. SN, CS 15",CATU,"Casa, 50.02 de área total, 50.02 de área privativa, 136.00 de área do terreno,  2 qto(s), varanda, a.serv, WC, 1 sala(s), cozinha.",149000.0,149000.0,0.0,Leilão SFI - Edital Único,,ALAGOINHAS,BA,Não
8787711584633,"RUA CONSELHEIRO JUNQUEIRA, N. 294,",CATU,"Casa, 0.00 de área total, 40.50 de área privativa, 127.10 de área do terreno.",135989.15,134500.0,0.0,Leilão SFI - Edital Único,,ALAGOINHAS,BA,Não
8787701176168,"RUA CONSELHEIRO JUNQUEIRA, N. SN, QD K LT 12",CATU,"Casa, 50.02 de área total, 50.02 de área privativa, 136.00 de área do terreno,  2 qto(s), varanda, a.serv, WC, 1 sala(s), cozinha.",122918.1,115000.0,0.0,Leilão SFI - Edital Único,,ALAGOINHAS,BA,Não
8444413392571,"RUA ANTONIO BRITO, N. 257, QUADRA 25",CIDADE JARDIM,"Casa, 69.92 de área total, 69.92 de área privativa, 225.00 de área do terreno,  2 qto(s), a.serv, WC, 1 sala(s), cozinha.",83598.59,110000.0,24.01,Leilão SFI - Edital Único,,BARRA DO CHOCA,BA,Não
8444409559076,"RUA ESTRELA DALVA, N. 159, LT 15A QD 27",SOMBRA DA TARDE,"Casa, 67.75 de área total, 67.75 de área privativa, 125.00 de área do terreno.",333055.66,167807.27,0.0,Leilão SFI - Edital Único,,BARREIRAS,BA,Não
1555532275017,"RUA OTACILIO MONTEIRO DA FRANCA, N. S/N, LT 08, QD 40",MORADA DA LUA,"Terreno, 0.00 de área total, 0.00 de área privativa, 360.00 de área do terreno.",182829.61,82000.0,0.0,Venda Direta Online,,BARREIRAS,BA,Não
8444407376551,"RUA TOM JOBIM, N. 47, CS 002 QD 29 LT P 01 P 02 P 03A",BANDEIRANTES,"Casa, 57.00 de área total, 57.00 de área privativa, 90.00 de área do terreno,  2 qto(s), varanda, a.serv, WC, 1 sala(s), cozinha, 1 vaga(s) de garagem.",454688.78,175000.0,0.0,Leilão SFI - Edital Único,,BARREIRAS,BA,Não
1444407517793,"LOTEAMENTO JUREMA, N. SN, QUADRA IV",JUREMA,"Terreno, 0.00 de área total, 0.00 de área privativa, 600.00 de área do terreno.",61768.57,118000.0,47.66,Venda Online,,BOM JESUS DA LAPA,BA,Não
8444433173220,"RUA LAS VEGAS, N. 58, LT 20A QD 24",LOTEAMENTO MARIANA,"Casa, 86.35 de área total, 86.35 de área privativa, 164.37 de área do terreno,  2 qto(s), a.serv, WC, 1 sala(s), cozinha, 1 vaga(s) de garagem.",174506.78,300000.0,41.84,Venda Direta Online,,BOM JESUS DA LAPA,BA,Sim
8444423924410,"RUA VI, N. 114, LT 10 QD A-1",RES SAO FRANCISCO,"Casa, 0.00 de área total, 72.90 de área privativa, 281.66 de área do terreno,  2 qto(s), a.serv, WC, 1 sala(s), cozinha.",114838.57,190000.0,39.56,Venda Direta Online,,BOM JESUS DA LAPA,BA,Não
1555524299778,"RUA C, N. 56, QD 02 LT 04",NOSSA SENHORA DA SOLEDADE,"Casa, 192.00 de área total, 192.00 de área privativa, 300.00 de área do terreno,  4 qto(s), a.serv, WC, 2 sala(s), cozinha, 1 vaga(s) de garagem.",520000.0,520000.0,0.0,Leilão SFI - Edital Único,,BOM JESUS DA LAPA,BA,Não
8555505288306,"RUA NOVA ABRANTES, N. S/N, CASA 02 - 1º ANDAR",VILA DE ABRANTES (ABRANTES),"Casa, 0.00 de área total, 75.38 de área privativa, 631.86 de área do terreno,  2 qto(s), a.serv, WC, 1 sala(s), cozinha.",68153.98,214500.0,68.23,Venda Direta Online,,CAMACARI,BA,Não
1444406596061,"AVENIDA ATLANTICA, N. 41, .",JAUA (ABRANTES),"Casa, 0.00 de área total, 223.48 de área privativa, 237.27 de área do terreno,  2 qto(s), varanda, a.serv, WC, WC Emp, 1 sala(s), 1 lavabo(s), DCE, cozinha.",309573.84,780000.0,60.32,Venda Direta Online,,CAMACARI,BA,Não
1444419237928,"RUA SANTA EFIGENIA, N. SN, SITIO SANTA EFIGENIA",AREMBEPE ABRANTES,"Terreno, 0.00 de área total, 0.00 de área privativa, 19960.00 de área do terreno.",595951.02,1394300.0,57.26,Venda Direta Online,,CAMACARI,BA,Não
1444418161723,"VIA 00, N. SN, QD.39 LT.01",MONTE GORDO,"Casa, 0.00 de área total, 111.00 de área privativa, 5492.60 de área do terreno,  3 qto(s), varanda, a.serv, WC, 1 sala(s), cozinha, 1 vaga(s) de garagem.",369778.93,757000.0,51.16,Venda Direta Online,,CAMACARI,BA,Sim
8555535374871,"RUA SUCUPIO, N. S/N, Apto 104, BL 03",CATU DE ABRANTES (ABRANTES),"Apartamento, 72.31 de área total, 39.03 de área privativa, 0.00 de área do terreno,  2 qto(s), WC, 1 sala(s), cozinha.",81379.36,160000.0,49.14,Venda Online,,CAMACARI,BA,Não
8787713079316,"RUA DA BELGICA, N. SN, Apto 001, BL 23",VILA DE ABRANTES,"Apartamento, 98.06 de área total, 40.53 de área privativa, 0.00 de área do terreno,  2 qto(s), a.serv, WC, 1 sala(s), cozinha.",96533.65,181000.0,46.67,Venda Online,,CAMACARI,BA,Sim
8787709853169,"RUA LAGOA BRANCA, N. SN, Apto 302, BL 05",LAGOA BRANCA,"Apartamento, 80.61 de área total, 40.53 de área privativa, 0.00 de área do terreno,  2 qto(s), a.serv, WC, 1 sala(s), cozinha.",75275.9,139000.0,45.85,Venda Online,,CAMACARI,BA,Não
8787713129879,"RUA DA BELGICA, N. S/N, Apto 201, BL 5",VILA DE ABRANTES,"Apartamento, 0.00 de área total, 40.53 de área privativa, 0.00 de área do terreno,  2 qto(s), a.serv, WC, 1 sala(s), cozinha.",98518.85,175000.0,43.71,Venda Direta Online,,CAMACARI,BA,Sim
1787700181569,"RUA DO BOSQUE, N. SN, Apto 503, BL 21",BOA UNIAO (ABRANTES),"Apartamento, 41.90 de área total, 41.90 de área privativa, 0.00 de área do terreno,  2 qto(s), a.serv, WC, 1 sala(s), cozinha, 1 vaga(s) de garagem.",104232.5,184000.0,43.36,Venda Direta Online,,CAMACARI,BA,Não
8555526196583,"RUA LATERAL DE DENTRO, N. SN, Apto 204, BL 04",INDUSTRIAL,"Apartamento, 62.55 de área total, 39.03 de área privativa, 0.00 de área do terreno,  2 qto(s), WC, 1 sala(s), cozinha.",77622.6,134000.0,42.08,Licitação Aberta,,CAMACARI,BA,Não
8787705974379,"RUA COLONIA BOA UNIAO, N. SN, Apto 303, BL 04",BOA UNIAO (ABRANTES),"Apartamento, 77.13 de área total, 40.53 de área privativa, 0.00 de área do terreno,  2 qto(s), a.serv, WC, 1 sala(s), cozinha.",77622.6,134000.0,42.08,Venda Direta Online,,CAMACARI,BA,Não
8787707298460,"RUA COLONIA BOA UNIAO, N. SN, Apto 304, BL 08",BOA UNIAO (ABRANTES),"Apartamento, 77.13 de área total, 40.53 de área privativa, 0.00 de área do terreno,  2 qto(s), a.serv, WC, 1 sala(s), cozinha.",79890.28,137914.7,42.08,Venda Direta Online,,CAMACARI,BA,Não
8787701117226,"NUCLEO COL BOA UNIAO, N. 0, Apto 203, LOT 09 BL13",CATU DE ABRANTES (ABRANTES),"Apartamento, 0.00 de área total, 39.03 de área privativa, 0.00 de área do terreno,  2 qto(s), WC, 1 sala(s), cozinha.",78781.14,136000.0,42.08,Venda Direta Online,,CAMACARI,BA,Não
8555528610069,"RUA DANDARA, N. SN, Apto 02, BL 03",FATIMA,"Apartamento, 60.14 de área total, 60.14 de área privativa, 0.00 de área do terreno,  2 qto(s), varanda, WC, 1 sala(s), 1 lavabo(s), cozinha.",90746.77,155000.0,41.46,Venda Direta Online,,CAMACARI,BA,Não
8787700721812,"RUA SAO FRANCISCO DE ASSIS, N. 1, Apto 303, BL 11 TIPO A",LAMA PRETA,"Apartamento, 50.04 de área total, 43.68 de área privativa, 0.00 de área do terreno,  2 qto(s), a.serv, WC, 1 sala(s), cozinha.",83135.75,142000.0,41.46,Licitação Aberta,,CAMACARI,BA,Não
8787700886048,"RUA SAO FRANCISCO DE ASSIS, N. 01, Apto 403, BL 19 TIPO D",LAMA PRETA,"Apartamento, 54.88 de área total, 47.90 de área privativa, 0.00 de área do terreno,  2 qto(s), WC, 1 sala(s), cozinha.",86063.06,147000.0,41.46,Licitação Aberta,,CAMACARI,BA,Não
8787702293311,"RUA SAO FRANCISCO DE ASSIS, N. 1, Apto 204, BL 12 TIPO A",LAMA PRETA,"Apartamento, 50.04 de área total, 43.68 de área privativa, 0.00 de área do terreno,  2 qto(s), a.serv, WC, 1 sala(s), cozinha.",83135.75,142000.0,41.46,Licitação Aberta,,CAMACARI,BA,Não
8787712805943,"RUA DA BELGICA, N. S/N, Apto 002, BL 01",VILA DE ABRANTES,"Apartamento, 98.06 de área total, 40.53 de área privativa, 0.00 de área do terreno,  2 qto(s), a.serv, WC, 1 sala(s), cozinha.",86648.52,148000.0,41.46,Venda Direta Online,,CAMACARI,BA,Não
8787713094994,"RUA DA BELGICA, N. SN, Apto 002, BL 19",VILA DE ABRANTES,"Apartamento, 98.06 de área total, 40.53 de área privativa, 0.00 de área do terreno,  2 qto(s), a.serv, WC, 1 sala(s), cozinha.",88306.6,150832.07,41.46,Venda Direta Online,,CAMACARI,BA,Não
8787714963589,"RUA DA BELGICA, N. S/N, Apto 301, BL 08",VILA DE ABRANTES,"Apartamento, 98.06 de área total, 40.53 de área privativa, 0.00 de área do terreno,  2 qto(s), a.serv, WC, 1 sala(s), cozinha.",86648.52,148000.0,41.46,Venda Direta Online,,CAMACARI,BA,Não
8787701212547,"RUA DO BOSQUE, N. SN, Apto 103, BL 02",BOA UNIAO (ABRANTES),"Apartamento, 50.29 de área total, 41.90 de área privativa, 0.00 de área do terreno,  2 qto(s), a.serv, WC, 1 sala(s), cozinha, 1 vaga(s) de garagem.",90161.3,154000.0,41.46,Licitação Aberta,,CAMACARI,BA,Não
8787701781380,"RUA COLONIA BOA UNIAO, N. SN, Apto 002, BL 11 LT 09 N COLONIAL BOA UNIAO",BOA UNIAO (ABRANTES),"Apartamento, 101.66 de área total, 39.03 de área privativa, 0.00 de área do terreno,  2 qto(s), WC, 1 sala(s), cozinha.",84892.14,145000.0,41.46,Licitação Aberta,,CAMACARI,BA,Não
8787705962354,"RUA COLONIA BOA UNIAO, N. SN, Apto 402, BL 04",BOA UNIAO (ABRANTES),"Apartamento, 77.13 de área total, 40.53 de área privativa, 0.00 de área do terreno,  2 qto(s), a.serv, WC, 1 sala(s), cozinha.",89575.84,153000.0,41.46,Venda Direta Online,,CAMACARI,BA,Não
8787706857384,"RUA COLONIA BOA UNIAO, N. S/N, Apto 104, BL 09, LT 09",BOA UNIAO (ABRANTES),"Apartamento, 77.13 de área total, 40.53 de área privativa, 0.00 de área do terreno,  2 qto(s), a.serv, WC, 1 sala(s), cozinha.",90746.77,155000.0,41.46,Venda Direta Online,,CAMACARI,BA,Não
8787707589375,"RUA COLONIA BOA UNIAO, N. SN, Apto 001, BLOCO 12",BOA UNIAO (ABRANTES),"Apartamento, 86.63 de área total, 40.53 de área privativa, 0.00 de área do terreno,  2 qto(s), a.serv, WC, 1 sala(s), cozinha.",87819.45,150000.0,41.46,Venda Direta Online,,CAMACARI,BA,Não
8555520578220,"RUA NOVO HORIZONTE, N. SN, Apto 201, BL 05 VG 37",CATU DE ABRANTES (ABRANTES),"Apartamento, 43.84 de área total, 43.84 de área privativa, 0.00 de área do terreno,  2 qto(s), a.serv, WC, 1 sala(s), cozinha, 1 vaga(s) de garagem.",90746.77,155000.0,41.46,Venda Direta Online,,CAMACARI,BA,Não
8555536053262,"RUA SUCUPIO, N. SN, Apto 403, BLOCO 08",BUSCA VIDA (ABRANTES),"Apartamento, 72.31 de área total, 39.03 de área privativa, 0.00 de área do terreno,  2 qto(s), WC, 1 sala(s), cozinha, 1 vaga(s) de garagem.",84892.14,145000.0,41.46,Venda Online,,CAMACARI,BA,Não
8444400981670,"RUA JUPIRA, N. 03, QD 11",NOVA ABRANTES (ABRANTES),"Casa, 45.00 de área total, 45.00 de área privativa, 160.00 de área do terreno,  2 qto(s), varanda, a.serv, WC, 1 sala(s), 1 vaga(s) de garagem.",86648.52,148000.0,41.46,Licitação Aberta,,CAMACARI,BA,Não
8787715888505,"RUA DA BELGICA, N. SN, Apto 104, BL 21",LAGOA BRANCA,"Apartamento, 98.06 de área total, 40.53 de área privativa, 0.00 de área do terreno,  2 qto(s), WC, 1 sala(s), cozinha.",97024.64,163728.52,40.75,Venda Direta Online,,CAMACARI,BA,Não
8787700757280,"RUA SAO FRANCISCO DE ASSIS, N. 01, Apto 003, BL  17 TP D",LAMA PRETA,"Apartamento, 83.24 de área total, 47.90 de área privativa, 0.00 de área do terreno,  2 qto(s), WC, 1 sala(s), cozinha.",103704.06,175000.0,40.75,Licitação Aberta,,CAMACARI,BA,Não
8787717889185,"RUA NOVA DO LIMOEIRO, N. 07, QD 02 LT 01A QD 11E 18",JARDIM LIMOEIRO,"Casa, 47.74 de área total, 47.74 de área privativa, 157.18 de área do terreno,  2 qto(s), a.serv, WC, 1 sala(s), cozinha, 1 vaga(s) de garagem.",103704.06,175000.0,40.75,Licitação Aberta,,CAMACARI,BA,Não
8787712546212,"AVENIDA DAS PALMEIRAS, N. SN, Apto 204, BL 9",INDUSTRIAL,"Apartamento, 94.78 de área total, 40.53 de área privativa, 0.00 de área do terreno,  2 qto(s), WC, 1 sala(s), cozinha.",94815.14,160000.0,40.75,Venda Direta Online,,CAMACARI,BA,Não
8787712978830,"AVENIDA DAS PALMEIRAS, N. SN, Apto 403, BL 8",INDUSTRIAL,"Apartamento, 94.78 de área total, 40.53 de área privativa, 0.00 de área do terreno,  2 qto(s), WC, 1 sala(s), cozinha.",92444.76,156000.0,40.75,Venda Direta Online,,CAMACARI,BA,Não
8787714714570,"RUA DA BELGICA, N. S/N, Apto 101, BL 14",VILA DE ABRANTES,"Apartamento, 98.06 de área total, 40.53 de área privativa, 0.00 de área do terreno,  2 qto(s), a.serv, WC, 1 sala(s), cozinha.",94815.14,160000.0,40.75,Venda Direta Online,,CAMACARI,BA,Não
8787704975568,"RUA LAGOA BRANCA, N. S/N, Apto 003, BL 17",CAJAZEIRAS DE ABRANTES (ABRANTES),"Apartamento, 90.22 de área total, 40.53 de área privativa, 0.00 de área do terreno,  2 qto(s), WC, 1 sala(s), cozinha, 1 vaga(s) de garagem.",94815.14,160000.0,40.75,Venda Direta Online,,CAMACARI,BA,Não
8787706001153,"RUA COLONIA BOA UNIAO, N. SN, Apto 004, BL 03",BOA UNIAO (ABRANTES),"Apartamento, 77.13 de área total, 40.53 de área privativa, 0.00 de área do terreno,  2 qto(s), a.serv, WC, 1 sala(s), cozinha.",94815.14,160000.0,40.75,Venda Direta Online,,CAMACARI,BA,Não
8787714919962,"RUA D, N. SN, Apto 201, BLOCO 04 LOTE 01 VG 391",BOA UNIAO (ABRANTES),"Apartamento, 85.52 de área total, 40.40 de área privativa, 0.00 de área do terreno,  2 qto(s), a.serv, WC, 1 sala(s), cozinha, 1 vaga(s) de garagem.",106667.03,180000.0,40.75,Licitação Aberta,,CAMACARI,BA,Não
8787712821302,"RUA DA BELGICA, N. S/N, Apto 003, BL 16",MALICIA (ABRANTES),"Apartamento, 98.06 de área total, 40.53 de área privativa, 0.00 de área do terreno,  2 qto(s), WC, 1 sala(s), cozinha.",97778.11,165000.0,40.75,Venda Direta Online,,CAMACARI,BA,Não
8787715710900,"RUA DA BELGICA, N. S/N, Apto 301, BL 15",MALICIA (ABRANTES),"Apartamento, 98.06 de área total, 40.53 de área privativa, 0.00 de área do terreno,  2 qto(s), a.serv, WC, 1 sala(s), cozinha.",100741.08,170000.0,40.75,Venda Direta Online,,CAMACARI,BA,Não
8787706548195,"RUA DA GRAMA, N. SN, Apto 204, BLOCO 13",CATU DE ABRANTES (ABRANTES),"Apartamento, 59.56 de área total, 40.28 de área privativa, 0.00 de área do terreno,  2 qto(s), WC, 1 sala(s), cozinha, 1 vaga(s) de garagem.",100741.08,170000.0,40.75,Licitação Aberta,,CAMACARI,BA,Não
8555534968964,"AVENIDA CONCENTRICA PARQUE SATELITE, N. SN, Apto 104, BL 02",ALTO DA CRUZ,"Apartamento, 50.16 de área total, 50.16 de área privativa, 0.00 de área do terreno,  2 qto(s), varanda, a.serv, WC, 1 sala(s), 1 lavabo(s), cozinha.",126926.84,210000.0,39.56,Venda Direta Online,,CAMACARI,BA,Não
8787717098340,"RUA COLONIA BOA UNIAO, N. 0, Apto 104, BL 09, LT 09",BOA UNIAO (ABRANTES),"Apartamento, 85.52 de área total, 40.53 de área privativa, 0.00 de área do terreno,  2 qto(s), WC, 1 sala(s), cozinha.",114838.57,190000.0,39.56,Venda Direta Online,,CAMACARI,BA,Não
8555535007615,"RUA SUCUPIO, N. SN, Apto 203, BLOCO 05",CATU DE ABRANTES (ABRANTES),"Apartamento, 72.31 de área total, 39.03 de área privativa, 0.00 de área do terreno,  2 qto(s), WC, 1 sala(s), cozinha, 1 vaga(s) de garagem.",122695.94,203000.0,39.56,Venda Online,,CAMACARI,BA,Não
8787706245087,"R. DO BOSQUE, N. S/N, Apto 401, BLOCO 18",CATU DE ABRANTES (ABRANTES),"Apartamento, 50.26 de área total, 4.19 de área privativa, 0.00 de área do terreno,  2 qto(s), a.serv, WC, 1 sala(s), cozinha, 1 vaga(s) de garagem.",116651.81,193000.0,39.56,Venda Direta Online,,CAMACARI,BA,Não
8787718096758,"RUA DOURADO, N. SN, Apto 103, BL 11 GLB SG12-B1A",PARQUE NASCENTE DO RIO CAPIVARA,"Apartamento, 80.12 de área total, 41.09 de área privativa, 0.00 de área do terreno,  2 qto(s), WC, 1 sala(s), cozinha.",114838.57,190000.0,39.56,Licitação Aberta,,CAMACARI,BA,Não
10286379,"RUA SOBREIRA, N. 00, QD DE, LT 1603",PARQUE REAL SERRA VERDE,"Terreno, 0.00 de área total, 0.00 de área privativa, 1000.00 de área do terreno.",101904.73,165000.0,38.24,Venda Direta Online,,CAMACARI,BA,Não
10286380,"RUA SOBREIRA, N. 00, QD DE, LT 1602",PARQUE REAL SERRA VERDE,"Terreno, 0.00 de área total, 0.00 de área privativa, 1000.00 de área do terreno.",101904.73,165000.0,38.24,Venda Direta Online,,CAMACARI,BA,Não
10291013,"RUA MANGABA, N. 00, QD C-C, LT 1138",PARQUE REAL SERRA VERDE,"Terreno, 0.00 de área total, 0.00 de área privativa, 1000.00 de área do terreno.",111168.79,180000.0,38.24,Licitação Aberta,,CAMACARI,BA,Não
1444418649793,"RUA BNE 6, N. SN, LT 09 QD B13",AREMBEPE (ABRANTES),"Casa, 394.19 de área total, 394.19 de área privativa, 697.00 de área do terreno,  3 qto(s), varanda, a.serv, WC, 1 sala(s), 1 lavabo(s), cozinha, 1 vaga(s) de garagem.",714588.66,1150000.0,37.87,Venda Direta Online,,CAMACARI,BA,Sim
1444410514279,"RUA DO AREAL, N. SN, CS 28",PARQUE DAS DUNAS (ABRANTES),"Casa, 132.57 de área total, 128.03 de área privativa, 135.01 de área do terreno,  3 qto(s), varanda, a.serv, WC, 1 sala(s), 1 lavabo(s), cozinha, 1 vaga(s) de garagem.",500291.73,785000.0,36.27,Venda Online,,CAMACARI,BA,Sim
8787711726420,"RUA LAGOA BRANCA, N. SN, Apto 202, BL15",LAGOA BRANCA,"Apartamento, 80.61 de área total, 40.53 de área privativa, 0.00 de área do terreno,  2 qto(s), a.serv, WC, 1 sala(s), cozinha.",155000.0,155000.0,0.0,Leilão SFI - Edital Único,,CAMACARI,BA,Não
8787711969357,"RUA LAGOA BRANCA, N. SN, Apto 203, BL 15",ABRANTES,"Apartamento, 80.61 de área total, 40.53 de área privativa, 0.00 de área do terreno,  2 qto(s), WC, 1 sala(s), cozinha.",157000.0,157000.0,0.0,Leilão SFI - Edital Único,,CAMACARI,BA,Não
8787714017071,"RUA SITIO DO ASSIS RUA D, N. SN, Apto 103, PAV 01 BL 02 LT 01 VG 380",LOTEAMENTO ABRANTES,"Apartamento, 93.13 de área total, 40.40 de área privativa, 0.00 de área do terreno,  2 qto(s), a.serv, WC, 1 sala(s), cozinha, 1 vaga(s) de garagem.",175000.0,175000.0,0.0,Leilão SFI - Edital Único,,CAMACARI,BA,Não
8555509242270,"AVENIDA INDUSTRIAL URBANA, N. SN, Apto 203,",PONTO CERTO,"Apartamento, 0.00 de área total, 48.48 de área privativa, 0.00 de área do terreno,  3 qto(s), a.serv, WC, 1 sala(s), cozinha.",170000.0,170000.0,0.0,Leilão SFI - Edital Único,,CAMACARI,BA,Não
10008212,"RUA X QUADRA EZ, N. 2424, LOT PARQUE REAL SERRA VERDE",PARQUE VERDE I,"Terreno, 0.00 de área total, 0.00 de área privativa, 1000.00 de área do terreno.",133000.0,133000.0,0.0,Leilão SFI - Edital Único,,CAMACARI,BA,Não
8787701735400,"AVENIDA JORGE AMADO, N. SN, Apto 301, BL16",INDUSTRIAL,"Apartamento, 74.85 de área total, 39.03 de área privativa, 0.00 de área do terreno,  2 qto(s), a.serv, WC, 1 sala(s), cozinha.",153000.0,153000.0,0.0,Leilão SFI - Edital Único,,CAMACARI,BA,Não
1444402603071,"RUA 02, N. 05,  QUADRA 6",RECANTO DAS ARVORES,"Casa, 218.40 de área total, 218.40 de área privativa, 500.15 de área do terreno,  4 qto(s), a.serv, WC, WC Emp, 2 sala(s), 1 lavabo(s), DCE, cozinha.",986000.0,986000.0,0.0,Leilão SFI - Edital Único,,CAMACARI,BA,Não
8444409042740,"AVENIDA INDUSTRIAL URBANA, N. SN, Apto 202, BL 15",PONTO CERTO,"Apartamento, 72.96 de área total, 39.18 de área privativa, 0.00 de área do terreno,  2 qto(s), WC, 1 sala(s), cozinha.",161045.0,153500.0,0.0,Leilão SFI - Edital Único,,CAMACARI,BA,Não
8787706516218,"RUA COLONIA BOA UNIAO, N. SN, Apto 103, BL 02",CATU DE ABRANTES (ABRANTES),"Apartamento, 77.13 de área total, 40.53 de área privativa, 0.00 de área do terreno,  2 qto(s), a.serv, WC, 1 sala(s), cozinha.",154958.97,146662.77,0.0,Leilão SFI - Edital Único,,CAMACARI,BA,Não
8555536309542,"RUA SUCUPIO, N. 02, Apto 02, BL 09",CATU DE ABRANTES (ABRANTES),"Apartamento, 0.00 de área total, 39.03 de área privativa, 0.00 de área do terreno,  2 qto(s), WC, 1 sala(s), cozinha.",139966.8,130000.0,0.0,Leilão SFI - Edital Único,,CAMACARI,BA,Não
8444411110820,"RUA DANDARA, N. 418, Apto 301, BL 001",FATIMA,"Apartamento, 57.92 de área total, 57.92 de área privativa, 0.00 de área do terreno,  2 qto(s), varanda, WC, 1 sala(s), 1 lavabo(s), cozinha.",159123.34,143000.0,0.0,Leilão SFI - Edital Único,,CAMACARI,BA,Não
1444408568103,"RUA MARLIM BRANCO, N. SN, Apto 02, TORRE 03 QUADRA 12 A",PARQUE NASCENTE DO RIO CAPIVARA,"Apartamento, 133.50 de área total, 46.42 de área privativa, 0.00 de área do terreno,  2 qto(s), WC, 1 sala(s), cozinha, Terraco.",180344.0,161000.0,0.0,Leilão SFI - Edital Único,,CAMACARI,BA,Não
8787713404748,"AVENIDA DAS PALMEIRAS, N. SN, Apto 101, BL 16",INDUSTRIAL,"Apartamento, 94.78 de área total, 40.53 de área privativa, 0.00 de área do terreno,  2 qto(s), a.serv, WC, 1 sala(s), cozinha.",178000.0,157000.0,0.0,Leilão SFI - Edital Único,,CAMACARI,BA,Não
8787717053516,"RUA DA BÉLGICA, N. SN, Apto 204, BL 13",VILA DE ABRANTES,"Apartamento, 98.06 de área total, 40.53 de área privativa, 0.00 de área do terreno,  2 qto(s), a.serv, WC, 1 sala(s), cozinha.",167156.55,145000.0,0.0,Leilão SFI - Edital Único,,CAMACARI,BA,Não
8787712874996,"RUA DA BELGICA, N. SN, Apto 103, BL 2 CONDOMINIO COSTA PORTUGUESA",MALICIA (ABRANTES),"Apartamento, 98.06 de área total, 40.53 de área privativa, 0.00 de área do terreno,  2 qto(s), a.serv, WC, 1 sala(s), cozinha.",160000.0,131000.0,0.0,Leilão SFI - Edital Único,,CAMACARI,BA,Não
8787718349079,"RUA DA BÉLGICA, N. SN, Apto 104, BL 24",VILA DE ABRANTES,"Apartamento, 98.06 de área total, 40.53 de área privativa, 0.00 de área do terreno,  2 qto(s), a.serv, WC, 1 sala(s), cozinha.",183661.98,150000.0,0.0,Leilão SFI - Edital Único,,CAMACARI,BA,Não
8555526544816,"RUA NOVO HORIZONTE, N. S/N, Apto 201, BL 06 VG 44",CATU DE ABRANTES (ABRANTES),"Apartamento, 43.84 de área total, 43.84 de área privativa, 0.00 de área do terreno,  2 qto(s), a.serv, WC, 1 sala(s), cozinha, 1 vaga(s) de garagem.",161534.97,130000.0,0.0,Leilão SFI - Edital Único,,CAMACARI,BA,Não
8787711131523,"RUA DA GRAMA, N. SN, Apto 103, BL 31",VILA DE ABRANTES,"Apartamento, 40.28 de área total, 40.28 de área privativa, 0.00 de área do terreno,  2 qto(s), a.serv, WC, 1 sala(s), cozinha, 1 vaga(s) de garagem.",191714.43,140000.0,0.0,Leilão SFI - Edital Único,,CAMACARI,BA,Não
1444408579717,"RUA FELICIANO COELHO, N. SN, LT 20, QD 32 - LOT. GUARAJUBA",MONTE GORDO (MONTE GORDO),"Terreno, 0.00 de área total, 0.00 de área privativa, 1000.00 de área do terreno.",367122.83,236000.0,0.0,Venda Direta Online,,CAMACARI,BA,Sim
8444401241522,"RUA GETULIO VARGAS, N. 202,",SANTO ANTONIO,"Casa, 99.57 de área total, 78.31 de área privativa, 117.58 de área do terreno,  3 qto(s), a.serv, WC, 1 sala(s), cozinha, 1 vaga(s) de garagem.",104232.49,207000.0,49.65,Venda Direta Online,,CANDEIAS,BA,Sim
8444408746220,"RUA ALFAZEMA, N. 10, LT 05 QD 16",PRIMAVERA,"Casa, 78.00 de área total, 78.00 de área privativa, 200.00 de área do terreno,  3 qto(s), WC, 1 sala(s), cozinha, 1 vaga(s) de garagem.",73673.34,127182.4,42.08,Licitação Aberta,,CANDIDO SALES,BA,Não
8444408444658,"TRAVESSA DAS FLORES, N. 39,",LAGOINHA,"Casa, 78.00 de área total, 78.00 de área privativa, 119.00 de área do terreno,  2 qto(s), a.serv, WC, 1 sala(s), cozinha, 1 vaga(s) de garagem.",75305.5,130000.0,42.08,Licitação Aberta,,CANDIDO SALES,BA,Não
1555529339573,"FAZ CASINHAS, N. 0,",Zona Rural,"Terreno, 0.00 de área total, 0.00 de área privativa, 3500000.00 de área do terreno.",962981.91,1511000.0,36.27,Venda Direta Online,,CASA NOVA,BA,Não
8444433393379,"RUA 14, N. 23, QUADRA F LOTE 23",SANTANA DO SOBRADO,"Casa, 59.17 de área total, 59.17 de área privativa, 200.00 de área do terreno,  2 qto(s), varanda, a.serv, WC, 1 sala(s), cozinha, 1 vaga(s) de garagem.",114015.73,133839.03,14.82,Leilão SFI - Edital Único,,CASA NOVA,BA,Não
8444436411033,"RUA 15, N. SN, QD E LT 20",SANTANA DO SOBRADO,"Casa, 59.17 de área total, 59.17 de área privativa, 200.00 de área do terreno,  2 qto(s), a.serv, WC, 1 sala(s), cozinha, 1 vaga(s) de garagem.",133970.0,133000.0,0.0,Leilão SFI - Edital Único,,CASA NOVA,BA,Não
1444416840143,"RUA ELISEU JOSE DE MELO, N. SN, LT II QD E",PIONEIRO,"Terreno, 0.00 de área total, 0.00 de área privativa, 250.00 de área do terreno.",235806.29,400000.0,41.05,Venda Direta Online,,CATU,BA,Sim
8444413856187,"PRACA LIDIA FERREIRA DOS SANTOS, N. 248,",CENTRO,"Casa, 86.63 de área total, 86.63 de área privativa, 134.59 de área do terreno,  3 qto(s), a.serv, WC, 1 sala(s), cozinha.",46200.45,90000.0,48.67,Venda Direta Online,,CENTRAL,BA,Não
1555506850247,"RUA VILA DOS COQUEIROS, N. SN,",CENTRO,"Casa, 205.00 de área total, 205.00 de área privativa, 1152.50 de área do terreno,  3 qto(s), WC, 1 sala(s), cozinha.",142880.23,260000.0,45.05,Venda Direta Online,,CONCEICAO DA FEIRA,BA,Não
1444404419944,"RUA B, N. SN,",CENTRO,"Casa, 0.00 de área total, 106.22 de área privativa, 316.83 de área do terreno,  1 qto(s), WC, 1 sala(s), cozinha.",157416.63,247000.0,36.27,Venda Direta Online,,CONCEICAO DO JACUIPE,BA,Não
1444414549310,"RUA C, N. SN, QD 03 LT 44",BALDEZ,"Casa, 394.47 de área total, 394.47 de área privativa, 200.00 de área do terreno,  6 qto(s), varanda, a.serv, WC, 3 sala(s).",980805.54,738000.0,0.0,Leilão SFI - Edital Único,,CONCEICAO DO JACUIPE,BA,Não
8444428648615,"RUA EURICO SENA, N. 34, 01, A",CENTRO,"Casa, 0.00 de área total, 25.00 de área privativa, 25.00 de área do terreno,  2 qto(s), a.serv, WC, 1 sala(s), cozinha.",28374.81,64000.0,55.67,Venda Direta Online,,DIAS D'AVILA,BA,Não
1444402887428,"RUA H, N. 09, QD 03",VL DE PORTO DE SAUIP,"Casa, 184.38 de área total, 184.38 de área privativa, 1040.00 de área do terreno,  4 qto(s), varanda, a.serv, WC, 4 sala(s), cozinha.",159328.58,250000.0,36.27,Venda Direta Online,,ENTRE RIOS,BA,Não
1444404084837,"RUA L, N. 32, QD 06 LT 32",CENTRO,"Casa, 0.00 de área total, 103.00 de área privativa, 250.00 de área do terreno,  3 qto(s), WC, 1 sala(s), cozinha, 2 vaga(s) de garagem.",372108.11,318000.0,0.0,Leilão SFI - Edital Único,,EUCLIDES DA CUNHA,BA,Não
8444404951997,"RUA CRISTOVAO COLOMBO, N. 18,",PEQUI,"Casa, 0.00 de área total, 97.40 de área privativa, 112.52 de área do terreno,  2 qto(s), a.serv, WC, 2 sala(s), cozinha, 1 vaga(s) de garagem.",74975.09,145000.0,48.3,Venda Direta Online,,EUNAPOLIS,BA,Não
1444421126194,"RUA DOS CRAVOS, N. SN, LT 03, QD 10",JARDIM AMERICA III,"Terreno, 0.00 de área total, 0.00 de área privativa, 252.00 de área do terreno.",74780.36,125000.0,40.18,Licitação Aberta,,EUNAPOLIS,BA,Não
8787711008837,"RUA 13, N. 140, QD J LT 05",Itapoã,"Casa, 49.01 de área total, 49.01 de área privativa, 200.00 de área do terreno,  2 qto(s), a.serv, WC, 1 sala(s), cozinha.",180000.0,180000.0,0.0,Leilão SFI - Edital Único,,EUNAPOLIS,BA,Não
8787700288370,"AV ASA BRANCA ALAMEDA F, N. SN, CS 44, LT 33 QD D",PEDRA FERRADA,"Casa, 0.00 de área total, 38.92 de área privativa, 126.63 de área do terreno,  2 qto(s), a.serv, WC, 1 sala(s), cozinha, 1 vaga(s) de garagem.",43248.09,128000.0,66.22,Venda Direta Online,,FEIRA DE SANTANA,BA,Não
8555529919322,"RUA ITORORO, N. S/N, Apto 203, 2º ANDAR QD O BL 02",RUA NOVA,"Apartamento, 0.00 de área total, 42.91 de área privativa, 0.00 de área do terreno,  2 qto(s), WC, 1 sala(s), cozinha.",59087.6,141000.0,58.1,Venda Online,,FEIRA DE SANTANA,BA,Não
8787704350460,"RUA LIBRA, N. SN, Apto 404, 15",TOMBA,"Apartamento, 0.00 de área total, 40.12 de área privativa, 41.85 de área do terreno,  2 qto(s), WC, 1 sala(s), cozinha, 1 vaga(s) de garagem.",44012.65,105000.0,58.09,Venda Direta Online,,FEIRA DE SANTANA,BA,Não
5006800050033,Rua Heráclito Dias de Carvalho s/n Qd D Casa 01,SOBRADINHO,"Comercial, 0.00 de área total, 27.55 de área privativa, 105.00 de área do terreno,  1 qto(s), WC, 1 sala(s), cozinha.",182441.04,426086.5,57.19,Venda Online,,FEIRA DE SANTANA,BA,Não
8555527339795,"RUA ITORORO, N. SN, Apto 003, QD O, BL 01",CALUMBI,"Apartamento, 0.00 de área total, 42.91 de área privativa, 0.00 de área do terreno,  2 qto(s), a.serv, WC, 1 sala(s), cozinha.",57908.08,131000.0,55.8,Venda Online,,FEIRA DE SANTANA,BA,Não
8555531784218,"RUA ITORORO, N. SN, Apto 104, QD B, BL 07, 1 ANDAR",RUA NOVA,"Apartamento, 0.00 de área total, 42.91 de área privativa, 0.00 de área do terreno,  2 qto(s), a.serv, WC, 1 sala(s), cozinha.",56139.9,127000.0,55.8,Venda Direta Online,,FEIRA DE SANTANA,BA,Não
8555518071890,"RUA ITORORO, N. SN, Apto 302, QD M BL 06",RUA NOVA,"Apartamento, 0.00 de área total, 42.91 de área privativa, 0.01 de área do terreno,  2 qto(s), a.serv, WC, 1 sala(s), cozinha.",69284.75,155000.0,55.31,Venda Direta Online,,FEIRA DE SANTANA,BA,Não
8444402733097,"RUA AEROPORTO, N. SN, TRAVESSA AEROPORTO CS 17 RES JOÃO FRAN",SITIO NOVO,"Casa, 0.00 de área total, 45.40 de área privativa, 113.12 de área do terreno,  2 qto(s), WC, 1 sala(s), cozinha.",61384.91,130000.0,52.79,Venda Direta Online,,FEIRA DE SANTANA,BA,Não
8555531448269,"RUA LIBRA, N. SN, Apto 103, BL 03",TOMBA,"Apartamento, 41.85 de área total, 40.12 de área privativa, 0.00 de área do terreno,  2 qto(s), a.serv, WC, 1 sala(s), cozinha.",78883.61,164000.0,51.91,Venda Direta Online,,FEIRA DE SANTANA,BA,Não
8444419908499,"RUA CAIÇARA, N. 58",CAMPO LIMPO,"Casa, 0.00 de área total, 65.73 de área privativa, 125.00 de área do terreno,  2 qto(s), varanda, a.serv, WC, 1 sala(s), cozinha, 1 vaga(s) de garagem.",70891.15,147000.0,51.78,Venda Online,,FEIRA DE SANTANA,BA,Não
8787701992631,"AVENIDA ASA BRANCA, N. 224, LT 03 QD D",PEDRA FERRADA,"Casa, 38.92 de área total, 38.92 de área privativa, 126.00 de área do terreno,  2 qto(s), a.serv, WC, 1 sala(s), cozinha, 1 vaga(s) de garagem.",46868.21,97000.0,51.69,Venda Direta Online,,FEIRA DE SANTANA,BA,Não
8787704173666,"AVENIDA ASA BRANCA, N. 47, LT 31 QD A",PEDRA FERRADA,"Casa, 29.22 de área total, 29.22 de área privativa, 126.00 de área do terreno,  1 qto(s), a.serv, WC, 1 sala(s), cozinha, 1 vaga(s) de garagem.",43002.79,89000.0,51.69,Venda Direta Online,,FEIRA DE SANTANA,BA,Não
8444420321536,"RUA CAIOBA, N. SN, CASA 57",CAMPO LIMPO,"Casa, 0.00 de área total, 63.02 de área privativa, 125.00 de área do terreno,  2 qto(s), a.serv, WC, 1 sala(s), cozinha.",63820.46,132000.0,51.66,Venda Online,,FEIRA DE SANTANA,BA,Não
8555532207222,"RUA LIBRA, N. SN, Apto 102, BL 05",TOMBA,"Apartamento, 41.85 de área total, 40.12 de área privativa, 0.00 de área do terreno,  2 qto(s), a.serv, WC, 1 sala(s), cozinha.",50028.35,103000.0,51.43,Venda Direta Online,,FEIRA DE SANTANA,BA,Não
8555515008594,"RUA ITORORO, N. SN, Apto 201, BL 03 QD K",CALUMBI,"Apartamento, 0.00 de área total, 42.91 de área privativa, 0.00 de área do terreno,  2 qto(s), a.serv, WC, 1 sala(s), cozinha.",72846.76,149000.0,51.11,Venda Online,,FEIRA DE SANTANA,BA,Não
8787707547052,"ESTRADA DA PEDRA FERRADA, N. 26, QUADRA E",ASA BRANCA,"Casa, 0.00 de área total, 34.04 de área privativa, 111.60 de área do terreno,  2 qto(s), WC, 1 sala(s), cozinha.",52945.92,108000.0,50.98,Venda Direta Online,,FEIRA DE SANTANA,BA,Não
8444407979949,"RUA H, N. 60,",PAMPALONA,"Casa, 55.50 de área total, 55.50 de área privativa, 125.00 de área do terreno,  2 qto(s), a.serv, WC, 1 sala(s), cozinha.",58040.22,118000.0,50.82,Venda Direta Online,,FEIRA DE SANTANA,BA,Não
8787702471899,"AV. ASA BRANCA ALA E, N. 47, QD 35 LT 35",PEDRA FERRADA,"Casa, 29.22 de área total, 29.22 de área privativa, 126.00 de área do terreno,  1 qto(s), a.serv, WC, 1 sala(s), cozinha.",57056.49,116000.0,50.82,Venda Direta Online,,FEIRA DE SANTANA,BA,Não
8555526129762,"RUA ITORORO, N. SN, Apto 03, QDL BL03",CALUMBI,"Apartamento, 42.91 de área total, 42.91 de área privativa, 0.00 de área do terreno,  2 qto(s), a.serv, WC, 1 sala(s), cozinha.",62532.52,127000.0,50.77,Venda Direta Online,,FEIRA DE SANTANA,BA,Não
8555531723260,"RUA LIBRA, N. SN, Apto 104, BL 03",TOMBA,"Apartamento, 41.85 de área total, 40.12 de área privativa, 0.00 de área do terreno,  2 qto(s), a.serv, WC, 1 sala(s), cozinha.",68627.71,138000.0,50.27,Venda Direta Online,,FEIRA DE SANTANA,BA,Não
8787704612503,"RUA LIBRA, N. SN, Apto 404, BL 17",TOMBA,"Apartamento, 41.85 de área total, 40.12 de área privativa, 0.00 de área do terreno,  2 qto(s), a.serv, WC, 1 sala(s), cozinha.",52499.77,105000.0,50.01,Venda Direta Online,,FEIRA DE SANTANA,BA,Não
8555531944878,"RUA LIBRA, N. S/N, Apto 304, BL 4",TOMBA,"Apartamento, 41.85 de área total, 40.12 de área privativa, 0.00 de área do terreno,  2 qto(s), a.serv, WC, 1 sala(s), cozinha, 1 vaga(s) de garagem.",54911.26,108981.67,49.62,Venda Online,,FEIRA DE SANTANA,BA,Não
8555532428083,"R LIBRA, N. SN, Apto 101, BL 06",TOMBA,"Apartamento, 41.85 de área total, 40.12 de área privativa, 0.00 de área do terreno,  2 qto(s), a.serv, WC, 1 sala(s), cozinha.",51897.34,103000.0,49.62,Venda Online,,FEIRA DE SANTANA,BA,Não
8444404911731,"RUA CELINA, N. 580,",SUBAE,"Casa, 60.00 de área total, 60.00 de área privativa, 100.00 de área do terreno,  2 qto(s), varanda, a.serv, WC, 1 sala(s), cozinha, 1 vaga(s) de garagem.",50452.68,99600.0,49.35,Venda Direta Online,,FEIRA DE SANTANA,BA,Não
8787702309650,"R LIBRA, N. SN, Apto 403, BL 11",TOMBA,"Apartamento, 41.85 de área total, 40.12 de área privativa, 0.00 de área do terreno,  2 qto(s), a.serv, WC, 1 sala(s), cozinha.",51078.75,100000.0,48.93,Venda Online,,FEIRA DE SANTANA,BA,Não
8787702819399,"AVENIDA MARIA CRISTINA, N. SN, Apto 401, BL 12",TOMBA,"Apartamento, 41.85 de área total, 40.12 de área privativa, 0.00 de área do terreno,  2 qto(s), a.serv, WC, 1 sala(s), cozinha.",43927.73,86000.0,48.93,Venda Online,,FEIRA DE SANTANA,BA,Não
8787704641600,"RUA LIBRA, N. SN, Apto 203, BL 17",TOMBA,"Apartamento, 41.85 de área total, 40.12 de área privativa, 0.00 de área do terreno,  2 qto(s), a.serv, WC, 1 sala(s), cozinha.",44693.91,87500.0,48.93,Venda Online,,FEIRA DE SANTANA,BA,Não
8555521988082,"RUA ITORORO, N. SN, Apto 104, BL 01 QD F 1 ANDAR",RUA NOVA,"Apartamento, 42.91 de área total, 42.91 de área privativa, 0.00 de área do terreno,  2 qto(s), a.serv, WC, 1 sala(s), cozinha.",66956.22,131000.0,48.89,Venda Online,,FEIRA DE SANTANA,BA,Não
10196266,"RUA HEITOR VILLA LOBO, N. 775, Apto 775A, PAVIMENTO SUPERIOR",CONCEICAO,"Apartamento, 0.00 de área total, 83.15 de área privativa, 0.00 de área do terreno.",118854.08,232000.0,48.77,Venda Direta Online,,FEIRA DE SANTANA,BA,Sim
8555517195251,"RUA ITORORO, N. SN, Apto 104, QD K BL 12",RUA NOVA,"Apartamento, 42.91 de área total, 42.91 de área privativa, 0.00 de área do terreno,  2 qto(s), a.serv, WC, 1 sala(s), cozinha.",56571.18,110000.0,48.58,Venda Online,,FEIRA DE SANTANA,BA,Não
8555515392297,"RUA ITORORO, N. SN, Apto 303, QD K BL 12",RUA NOVA,"Apartamento, 42.91 de área total, 42.91 de área privativa, 0.00 de área do terreno,  2 qto(s), a.serv, WC, 1 sala(s), cozinha, 1 vaga(s) de garagem.",61909.17,120000.0,48.41,Venda Direta Online,,FEIRA DE SANTANA,BA,Não
8444410318494,"RUA PAU POMBO, N. 65,",AVIARIO,"Casa, 59.63 de área total, 59.63 de área privativa, 125.00 de área do terreno,  2 qto(s), WC, 1 sala(s), cozinha.",64488.72,125000.0,48.41,Venda Direta Online,,FEIRA DE SANTANA,BA,Não
8787702855506,"RUA K, N. S/N, LOTE 06, QUADRA T, CASA 06",PAPAGAIO,"Casa, 0.00 de área total, 41.56 de área privativa, 132.66 de área do terreno,  2 qto(s), a.serv, WC, 1 sala(s), cozinha.",74942.07,145000.0,48.32,Venda Direta Online,,FEIRA DE SANTANA,BA,Não
8444407855891,"RUA VICENCIA, N. 186, LT 18 QD G",MANGABEIRA,"Casa, 88.79 de área total, 85.29 de área privativa, 150.00 de área do terreno,  3 qto(s), a.serv, WC, 2 sala(s), cozinha, 1 vaga(s) de garagem.",93065.07,180000.0,48.3,Venda Online,,FEIRA DE SANTANA,BA,Não
8787704848485,"ALAMEDA A, N. 38, 11",CONCEICAO,"Terreno, 27.15 de área total, 0.00 de área privativa, 111.84 de área do terreno,  1 qto(s), a.serv, WC, 1 sala(s), cozinha.",39734.28,76000.0,47.72,Venda Direta Online,,FEIRA DE SANTANA,BA,Não
8555526493928,"RUA ITORORO, N. SN, Apto 201, QD L BL 04",CALUMBI,"Apartamento, 42.91 de área total, 42.91 de área privativa, 0.00 de área do terreno,  2 qto(s), a.serv, WC, 1 sala(s), cozinha.",58142.6,110000.0,47.15,Venda Online,,FEIRA DE SANTANA,BA,Não
1444407776101,"RUA DOUTOR JOAO EVANGELISTA, N. 334,",PEDRA DO DESCANSO,"Terreno, 0.00 de área total, 0.00 de área privativa, 127.38 de área do terreno.",52179.34,96000.0,45.65,Venda Direta Online,,FEIRA DE SANTANA,BA,Não
8555526919658,"RUA ITAMAR DE CARVALHO, N. SN, Apto 304, BL 19",PEDRA DO DESCANSO,"Apartamento, 126.48 de área total, 85.18 de área privativa, 0.00 de área do terreno,  2 qto(s), a.serv, WC, 2 sala(s), cozinha, Terraco.",113146.2,208000.0,45.61,Venda Online,,FEIRA DE SANTANA,BA,Sim
8444429331674,"RUA PITOMBEIRAS, N. 2092",NOVO HORIZONTE,"Casa, 0.00 de área total, 45.66 de área privativa, 125.00 de área do terreno,  2 qto(s), varanda, a.serv, WC, 1 sala(s), cozinha.",68314.76,125000.0,45.35,Venda Direta Online,,FEIRA DE SANTANA,BA,Não
8444414378351,"RUA CAJAPIO, N. 45,",CAMPO LIMPO,"Casa, 65.27 de área total, 65.27 de área privativa, 129.25 de área do terreno,  2 qto(s), a.serv, WC, 1 sala(s), cozinha, 1 vaga(s) de garagem.",90992.89,166000.0,45.19,Venda Direta Online,,FEIRA DE SANTANA,BA,Não
8787702462571,"ALAMEDA D, N. 36, LT 13 QD B",ASA BRANCA,"Casa, 29.22 de área total, 29.22 de área privativa, 126.00 de área do terreno,  1 qto(s), a.serv, WC, 1 sala(s), cozinha.",49641.24,90261.41,45.01,Venda Direta Online,,FEIRA DE SANTANA,BA,Não
8555521347532,"RUA ITORORO, N. SN, Apto 104, QD J, BL 06",RUA NOVA,"Apartamento, 0.00 de área total, 42.91 de área privativa, 0.00 de área do terreno,  2 qto(s), a.serv, WC, 1 sala(s), cozinha.",75700.46,137000.0,44.75,Venda Direta Online,,FEIRA DE SANTANA,BA,Não
8555533136400,"RUA ITORORO, N. S/N, Apto 301, QD E BL 01",CALUMBI,"Apartamento, 42.91 de área total, 42.91 de área privativa, 0.00 de área do terreno,  2 qto(s), a.serv, WC, 1 sala(s), cozinha.",68186.07,122000.0,44.11,Venda Direta Online,,FEIRA DE SANTANA,BA,Não
8555528706015,"RUA ITORORO, N. S/N, Apto 103, QD C BL 06",CALUMBI,"Apartamento, 42.91 de área total, 42.91 de área privativa, 0.00 de área do terreno,  2 qto(s), a.serv, WC, 1 sala(s), cozinha.",71909.31,127320.15,43.53,Venda Direta Online,,FEIRA DE SANTANA,BA,Não
8555519382130,"RUA ITORORO, N. S/N, Apto 103,  BL 03 QD M",RUA NOVA,"Apartamento, 42.91 de área total, 42.91 de área privativa, 0.00 de área do terreno,  2 qto(s), a.serv, WC, 1 sala(s), cozinha.",73987.66,131000.0,43.53,Venda Direta Online,,FEIRA DE SANTANA,BA,Não
8444414248377,"RUA RIO VERDE, N. 93, LT 20 QD M1",CONCEICAO,"Casa, 0.00 de área total, 69.99 de área privativa, 125.00 de área do terreno,  2 qto(s), varanda, a.serv, WC, 1 sala(s), cozinha.",102990.09,182000.0,43.42,Venda Direta Online,,FEIRA DE SANTANA,BA,Não
8555512885977,"RUA HOMERO FIGUEIREDO, N. SN, RUA INT MANOEL ROMARIO ANDRE DE LIMA 2",GABRIELA,"Casa, 0.00 de área total, 33.42 de área privativa, 112.50 de área do terreno.",61714.02,108000.0,42.86,Licitação Aberta,,FEIRA DE SANTANA,BA,Não
8555526715459,"RUA TAMBURIM, N. SN, Apto 304, RUA C, ED ACRE",CONCEICAO,"Apartamento, 61.91 de área total, 44.39 de área privativa, 0.00 de área do terreno,  2 qto(s), a.serv, WC, 1 sala(s), cozinha.",64939.39,113286.19,42.68,Venda Direta Online,,FEIRA DE SANTANA,BA,Não
8555528547987,"RUA ITORORO, N. SN, Apto 303, QD-L, BL 02, MODULO III",RUA NOVA,"Apartamento, 42.91 de área total, 42.91 de área privativa, 0.00 de área do terreno,  2 qto(s), a.serv, WC, 1 sala(s), cozinha.",68787.97,120000.0,42.68,Venda Online,,FEIRA DE SANTANA,BA,Não
8444402863691,"RUA CHAGUAZES, N. 511, CS 511",CONCEICAO,"Casa, 56.16 de área total, 56.16 de área privativa, 95.00 de área do terreno,  2 qto(s), varanda, WC, 1 sala(s), cozinha, 1 vaga(s) de garagem.",75777.07,132000.0,42.6,Venda Online,,FEIRA DE SANTANA,BA,Não
8444427615551,"AVENIDA MARIO VENTURA, N. 1000, LT 22 QD 18",NOVA ESPERANCA,"Casa, 43.47 de área total, 43.47 de área privativa, 160.00 de área do terreno, 1 vaga(s) de garagem.",118857.91,207000.0,42.59,Venda Direta Online,,FEIRA DE SANTANA,BA,Não
8555533245683,"RUA HOMERO FIGUEIREDO, N. SN, CS 76 QD Y",GABRIELA,"Casa, 36.92 de área total, 33.42 de área privativa, 112.50 de área do terreno,  2 qto(s), WC, 1 sala(s), cozinha.",57891.78,100000.0,42.11,Venda Direta Online,,FEIRA DE SANTANA,BA,Não
8787700682000,"RUA LIBRA, N. SN, Apto 403, BL 10",TOMBA,"Apartamento, 46.27 de área total, 44.54 de área privativa, 0.00 de área do terreno,  2 qto(s), a.serv, WC, 1 sala(s), cozinha.",53260.44,92000.0,42.11,Venda Direta Online,,FEIRA DE SANTANA,BA,Não
8787701997951,"AV ASA BRANCA, N. 188, LOTE 09 QUADRA D",PEDRA FERRADA,"Casa, 0.00 de área total, 38.92 de área privativa, 126.14 de área do terreno,  2 qto(s), a.serv, WC, 1 sala(s), cozinha.",54128.81,93500.0,42.11,Venda Direta Online,,FEIRA DE SANTANA,BA,Não
8787702642448,"RUA LIBRA, N. SN, Apto 102, BL 13",TOMBA,"Apartamento, 41.85 de área total, 40.12 de área privativa, 0.00 de área do terreno,  2 qto(s), a.serv, WC, 1 sala(s), cozinha, 1 vaga(s) de garagem.",73567.68,127000.0,42.08,Venda Direta Online,,FEIRA DE SANTANA,BA,Não
1555523562840,"RUA TAMBURIM, N. SN, Apto 302, ED RORAIMA RUA C",CONCEIÇÃO II,"Apartamento, 61.91 de área total, 44.39 de área privativa, 0.00 de área do terreno,  2 qto(s), a.serv, WC, 1 sala(s), cozinha.",81192.88,140000.0,42.01,Venda Online,,FEIRA DE SANTANA,BA,Não
8787701986976,"AVENIDA ASA BRANCA, N. 212, QD D LT 05",PEDRA FERRADA,"Casa, 38.92 de área total, 38.92 de área privativa, 126.07 de área do terreno,  2 qto(s), a.serv, WC, 1 sala(s), cozinha.",46472.85,80000.0,41.91,Licitação Aberta,,FEIRA DE SANTANA,BA,Não
8444419478796,"RUA ITORORÓ, N. SN, Apto 202, BL 05 QD J",CALUMBI,"Apartamento, 42.91 de área total, 42.91 de área privativa, 0.00 de área do terreno,  2 qto(s), a.serv, WC, 1 sala(s), cozinha, 1 vaga(s) de garagem.",67952.91,116500.0,41.68,Venda Direta Online,,FEIRA DE SANTANA,BA,Não
8555532667754,"AVENIDA ANTONIO SERGIO CARNEIRO, N. SN, CS 333 QD Q",SANTO ANTONIO DOS PRAZERES,"Casa, 37.52 de área total, 37.52 de área privativa, 127.50 de área do terreno,  2 qto(s), a.serv, WC, 1 sala(s), cozinha.",96000.33,162000.0,40.75,Venda Direta Online,,FEIRA DE SANTANA,BA,Não
8444410681963,"RUA CAXENNE GUIANA FRANCESA, N. 393, LOTEAMENTO PARQUE JOSÉ MARTINS CAMPELO",CONCEICAO,"Casa, 54.26 de área total, 54.26 de área privativa, 150.00 de área do terreno,  2 qto(s), a.serv, WC, 1 sala(s), cozinha.",107852.22,182000.0,40.75,Licitação Aberta,,FEIRA DE SANTANA,BA,Não
8555531112686,"AVENIDA AZALEIAS, N. SN, CS 86, QD J, MODELO M40B2D",REGISTRO,"Casa, 43.58 de área total, 43.58 de área privativa, 121.96 de área do terreno,  2 qto(s), a.serv, WC, 1 sala(s), cozinha, 1 vaga(s) de garagem.",106667.03,180000.0,40.75,Licitação Aberta,,FEIRA DE SANTANA,BA,Não
8444407583409,"RUA CARRALHO (RUA 28), N. 182,",CONCEICAO,"Casa, 57.00 de área total, 57.00 de área privativa, 100.00 de área do terreno,  2 qto(s), WC, 1 sala(s), cozinha.",66204.38,111000.0,40.36,Venda Online,,FEIRA DE SANTANA,BA,Não
8444416676910,"RUA ITORORÓ, N. S/N, Apto 001, QD L, BL 02,",RUA NOVA,"Apartamento, 42.91 de área total, 42.91 de área privativa, 0.00 de área do terreno,  2 qto(s), a.serv, WC, 1 sala(s), cozinha.",62923.99,105500.0,40.36,Venda Direta Online,,FEIRA DE SANTANA,BA,Não
8444403634939,"CAMINHO EV, N. 6, QD V CJ HAB JOAO DURVAL CARNEIRO-FEIRA",MUCHILA,"Casa, 127.40 de área total, 127.40 de área privativa, 200.00 de área do terreno,  1 qto(s), WC, 1 sala(s), cozinha.",133343.33,223000.0,40.21,Venda Direta Online,,FEIRA DE SANTANA,BA,Não
8444408113830,"RUA ITORORÓ, N. S/N, Apto 302, QD I, BL 02",RUA NOVA,"Apartamento, 0.00 de área total, 36.40 de área privativa, 0.00 de área do terreno,  2 qto(s), a.serv, WC, 1 sala(s), cozinha.",58580.98,97000.0,39.61,Venda Direta Online,,FEIRA DE SANTANA,BA,Não
8444407249835,"RUA TAMBURIM, N. SN, Apto 303, ED PIAUI",CONCEICAO,"Apartamento, 61.91 de área total, 44.39 de área privativa, 0.00 de área do terreno,  2 qto(s), a.serv, WC, 1 sala(s), cozinha.",78305.72,129584.53,39.58,Venda Direta Online,,FEIRA DE SANTANA,BA,Não
1555538101819,"RUA GUILHERME AZEVEDO, N. SN, Apto 307, TIPO B",TOMBA,"Apartamento, 48.46 de área total, 48.46 de área privativa, 0.00 de área do terreno,  2 qto(s), a.serv, WC, 1 sala(s), cozinha, 1 vaga(s) de garagem.",77952.49,129000.0,39.58,Venda Online,,FEIRA DE SANTANA,BA,Não
8444416451579,"RUA CAUCAIA, N. 129, QD C2 LT 03",CONCEICAO,"Casa, 66.60 de área total, 66.60 de área privativa, 100.00 de área do terreno,  2 qto(s), a.serv, WC, 1 sala(s), cozinha, 1 vaga(s) de garagem.",129948.9,215000.0,39.56,Venda Direta Online,,FEIRA DE SANTANA,BA,Não
8444410579611,"RUA AVARE, N. 478,  LT 01",ASA BRANCA,"Casa, 0.00 de área total, 75.81 de área privativa, 150.00 de área do terreno,  2 qto(s), a.serv, WC, 1 sala(s), cozinha, 1 vaga(s) de garagem.",132970.97,220000.0,39.56,Venda Direta Online,,FEIRA DE SANTANA,BA,Sim
8555534296257,"AVENIDA CESAR ROMERO (ANT ESTRADA VICINAL ), N. SN, CS 99 QD J",REGISTRO,"Casa, 0.00 de área total, 43.58 de área privativa, 101.93 de área do terreno,  2 qto(s), a.serv, WC, 1 sala(s), cozinha, 1 vaga(s) de garagem.",114869.95,190051.93,39.56,Licitação Aberta,,FEIRA DE SANTANA,BA,Não
1555518752172,"RUA FLOR DE LIZ, N. 21,",OLHOS D'AGUA,"Casa, 79.50 de área total, 79.50 de área privativa, 26.50 de área do terreno,  4 qto(s), a.serv, WC, 2 sala(s), cozinha.",116443.31,185000.0,37.06,Licitação Aberta,,FEIRA DE SANTANA,BA,Não
8444408549069,"RUA GARANHUNS, N. 1279, LT 23",CONCEICAO,"Casa, 60.00 de área total, 60.00 de área privativa, 125.00 de área do terreno,  2 qto(s), WC, 1 sala(s), cozinha.",118331.58,188000.0,37.06,Venda Direta Online,,FEIRA DE SANTANA,BA,Não
10286386,"AVENIDA SENHOR DOS PASSOS, N. 74",SERRARIA BRASIL,"Terreno, 0.00 de área total, 0.00 de área privativa, 900.00 de área do terreno.",971904.31,1525000.0,36.27,Licitação Aberta,,FEIRA DE SANTANA,BA,Não
8555532428075,"RUA LIBRA, N. SN, Apto 104, BL 06",TOMBA,"Apartamento, 0.00 de área total, 40.12 de área privativa, 0.00 de área do terreno,  2 qto(s), WC, 1 sala(s), cozinha.",51475.2,78000.0,34.01,Venda Direta Online,,FEIRA DE SANTANA,BA,Não
1444404655230,"RUA VPA IX, N. 118, LT 35A46 QD IX",Subaé,"Casa, 74.49 de área total, 74.49 de área privativa, 150.00 de área do terreno,  3 qto(s), a.serv, WC, 1 sala(s), cozinha, 1 vaga(s) de garagem.",180000.0,180000.0,0.0,Leilão SFI - Edital Único,,FEIRA DE SANTANA,BA,Não
8444414281951,"RUA VPB VIII, N. 130,",PQ LAGOA DO SUBAÉ,"Casa, 59.50 de área total, 59.50 de área privativa, 100.00 de área do terreno,  2 qto(s), a.serv, WC, 1 sala(s), cozinha.",173000.0,173000.0,0.0,Leilão SFI - Edital Único,,FEIRA DE SANTANA,BA,Não
8444409355098,"RUA IMBUIRA, N. 105,",MANGABEIRA,"Casa, 52.14 de área total, 52.14 de área privativa, 125.00 de área do terreno,  2 qto(s), a.serv, WC, 1 sala(s), cozinha, 1 vaga(s) de garagem.",152000.0,152000.0,0.0,Leilão SFI - Edital Único,,FEIRA DE SANTANA,BA,Não
8787709309841,"AV GRACINDO DE FREITAS MEDEIROS, N. 50, CASA 138, 2ª ETAPA",MANGABEIRA,"Casa, 0.00 de área total, 40.50 de área privativa, 148.19 de área do terreno,  2 qto(s), a.serv, WC, 1 sala(s), cozinha, 1 vaga(s) de garagem.",226000.0,226000.0,0.0,Leilão SFI - Edital Único,,FEIRA DE SANTANA,BA,Não
8787711917195,"AVENIDA GRACINDO DE FREITAS MEDEIROS, N. 527, CS 293 RUA 4 QD G",MANGABEIRA,"Casa, 49.28 de área total, 40.98 de área privativa, 122.81 de área do terreno,  2 qto(s), a.serv, WC, 1 sala(s), cozinha, 1 vaga(s) de garagem.",164000.0,164000.0,0.0,Leilão SFI - Edital Único,,FEIRA DE SANTANA,BA,Não
8787708493070,"RUA PALMEIRA BRANCA, N. SN, Apto 302, BL 11",LAGOA SALGADA,"Apartamento, 52.26 de área total, 42.73 de área privativa, 0.00 de área do terreno,  2 qto(s), a.serv, WC, 1 sala(s), cozinha, 1 vaga(s) de garagem.",151000.0,151000.0,0.0,Leilão SFI - Edital Único,,FEIRA DE SANTANA,BA,Não
8787708863365,"RUA PALMEIRA BRANCA, N. SN, Apto 304, BL 20",LAGOA SALGADA,"Apartamento, 66.43 de área total, 44.10 de área privativa, 0.00 de área do terreno,  2 qto(s), a.serv, WC, 1 sala(s), cozinha, 1 vaga(s) de garagem.",140000.0,140000.0,0.0,Leilão SFI - Edital Único,,FEIRA DE SANTANA,BA,Não
8787715306670,"RUA PALMEIRA BRANCA, N. SN, Apto 201, BL 04",LAGOA SALGADA,"Apartamento, 64.74 de área total, 42.71 de área privativa, 0.00 de área do terreno,  2 qto(s), a.serv, WC, 1 sala(s), cozinha, 1 vaga(s) de garagem.",140000.0,140000.0,0.0,Leilão SFI - Edital Único,,FEIRA DE SANTANA,BA,Não
8444422373614,"RUA RIBEIRAO CLARO, N. 16, AREA 05",SANTO ANTONIO DOS PRAZERES,"Casa, 0.00 de área total, 67.08 de área privativa, 100.00 de área do terreno,  2 qto(s), varanda, a.serv, WC, 1 sala(s), cozinha.",212000.0,212000.0,0.0,Leilão SFI - Edital Único,,FEIRA DE SANTANA,BA,Não
8787700816023,"RUA ROLLIE E POPPINO, N. 2100, Apto 303, BL 02",SANTO ANTONIO DOS PRAZERES,"Apartamento, 61.31 de área total, 49.57 de área privativa, 0.00 de área do terreno,  2 qto(s), varanda, WC, 1 sala(s), cozinha.",180000.0,180000.0,0.0,Leilão SFI - Edital Único,,FEIRA DE SANTANA,BA,Não
8444418114650,"RUA CORUNHA ANTIGA RUA A, N. 354,",CONCEICAO,"Casa, 70.69 de área total, 70.69 de área privativa, 130.00 de área do terreno,  2 qto(s), varanda, a.serv, WC, 1 sala(s), cozinha, 1 vaga(s) de garagem.",159044.31,159044.31,0.0,Leilão SFI - Edital Único,,FEIRA DE SANTANA,BA,Não
8787702248820,"RUA FLOR, N. 02, LT 15",CONCEICAO,"Casa, 65.00 de área total, 65.00 de área privativa, 168.00 de área do terreno,  2 qto(s), a.serv, WC, 1 sala(s), cozinha, 1 vaga(s) de garagem.",159003.62,159003.62,0.0,Leilão SFI - Edital Único,,FEIRA DE SANTANA,BA,Não
8787704446425,"RUA CORUNHA, N. 1019, DESM. LOT 13 QD N",CONCEICAO,"Casa, 53.40 de área total, 53.40 de área privativa, 125.00 de área do terreno,  2 qto(s), varanda, a.serv, WC, 1 sala(s), cozinha, 1 vaga(s) de garagem.",178000.0,178000.0,0.0,Leilão SFI - Edital Único,,FEIRA DE SANTANA,BA,Não
8787704131670,"RUA PINDOBAÇU, N. SN, CS 13 QD P RUA H 3ª ETAPA",PAPAGAIO,"Casa, 41.56 de área total, 41.56 de área privativa, 131.40 de área do terreno,  2 qto(s), a.serv, WC, 1 sala(s), cozinha, 1 vaga(s) de garagem.",121366.13,121366.13,0.0,Leilão SFI - Edital Único,,FEIRA DE SANTANA,BA,Não
8787711215883,"RUA FRANCESES, N. SN, VILAGE 220 1°ETAPA",PAPAGAIO,"Casa, 106.29 de área total, 55.23 de área privativa, 86.85 de área do terreno,  2 qto(s), a.serv, WC, 1 sala(s), 1 lavabo(s), cozinha, 1 vaga(s) de garagem.",245000.0,245000.0,0.0,Leilão SFI - Edital Único,,FEIRA DE SANTANA,BA,Não
8444422851400,"RUA A, N. 926, ÁREA DE TERRA Nº 01  LT. 3 QD C",GABRIELA,"Casa, 68.21 de área total, 68.21 de área privativa, 168.75 de área do terreno,  2 qto(s), a.serv, WC, 1 sala(s), cozinha.",191000.0,191000.0,0.0,Leilão SFI - Edital Único,,FEIRA DE SANTANA,BA,Não
8787702299603,"RUA EXISTENTE, N. 30, LT 15 QD C",GABRIELA,"Casa, 37.56 de área total, 37.56 de área privativa, 105.00 de área do terreno,  1 qto(s), a.serv, WC, 1 sala(s), cozinha, 1 vaga(s) de garagem.",185000.0,185000.0,0.0,Leilão SFI - Edital Único,,FEIRA DE SANTANA,BA,Não
8555521257487,"RUA ITORORO, N. SN, Apto 303, QD I B 03",RUA NOVA,"Apartamento, 42.91 de área total, 42.91 de área privativa, 0.00 de área do terreno.",129000.0,129000.0,0.0,Leilão SFI - Edital Único,,FEIRA DE SANTANA,BA,Não
1444411444576,"RUA DOS AGRONOMOS, N. 72, CS 20",TOMBA,"Casa, 96.41 de área total, 96.41 de área privativa, 229.50 de área do terreno,  3 qto(s), a.serv, WC, WC Emp, 1 sala(s), DCE, cozinha, 1 vaga(s) de garagem.",388000.0,388000.0,0.0,Leilão SFI - Edital Único,,FEIRA DE SANTANA,BA,Não
8444400679079,"RUA DO MEXICO, N. 1936, DESM LT 18 19 20 QD E",TOMBA,"Casa, 55.00 de área total, 55.00 de área privativa, 121.69 de área do terreno,  2 qto(s), varanda, a.serv, WC, 1 sala(s), cozinha.",148000.0,148000.0,0.0,Leilão SFI - Edital Único,,FEIRA DE SANTANA,BA,Não
8444412629527,"RUA A, N. 18, LOTE 17 QD B",TOMBA,"Casa, 54.50 de área total, 54.50 de área privativa, 133.00 de área do terreno,  2 qto(s), WC, 1 sala(s), cozinha.",154000.0,154000.0,0.0,Leilão SFI - Edital Único,,FEIRA DE SANTANA,BA,Não
8444415114480,"RUA CONCEICAO RIBEIRO ANTIGA. RUA 04, N. 153,",TOMBA,"Casa, 59.00 de área total, 59.00 de área privativa, 104.60 de área do terreno,  2 qto(s), WC, 1 sala(s), cozinha, 1 vaga(s) de garagem.",166000.0,166000.0,0.0,Leilão SFI - Edital Único,,FEIRA DE SANTANA,BA,Não
8787708406720,"RUA DO SALVADOR, N. SN, CS 66",AVIARIO,"Casa, 110.09 de área total, 40.19 de área privativa, 127.50 de área do terreno,  2 qto(s), a.serv, WC, 1 sala(s), cozinha, 1 vaga(s) de garagem.",208000.0,208000.0,0.0,Leilão SFI - Edital Único,,FEIRA DE SANTANA,BA,Não
8787713591530,"AVENIDA MARIO VENTURA, N. 700, Apto 401, BL 23",NOVA ESPERANCA,"Apartamento, 67.75 de área total, 40.83 de área privativa, 0.00 de área do terreno,  2 qto(s), a.serv, WC, 1 sala(s), cozinha.",171758.9,171758.9,0.0,Leilão SFI - Edital Único,,FEIRA DE SANTANA,BA,Não
8787721651619,"AVENIDA MARIO VENTURA, N. 700, Apto 103, BL 24",NOVA ESPERANCA,"Apartamento, 79.29 de área total, 50.73 de área privativa, 0.00 de área do terreno,  2 qto(s), WC, 1 sala(s), cozinha.",192000.0,192000.0,0.0,Leilão SFI - Edital Único,,FEIRA DE SANTANA,BA,Não
1444407345070,"RUA PORTO CALVA, N. SN, LTS 4 5 13 E 14 QD F",PEDRA FERRADA,"Terreno, 1000.00 de área total, 0.00 de área privativa, 1000.00 de área do terreno.",256000.0,256000.0,0.0,Leilão SFI - Edital Único,,FEIRA DE SANTANA,BA,Não
1787702455747,"RUA 01, N. 120, CS 245 QD E 2º ETAPA",MANTIBA,"Casa, 40.08 de área total, 40.08 de área privativa, 109.06 de área do terreno,  2 qto(s), a.serv, WC, 1 sala(s), cozinha.",195000.0,195000.0,0.0,Leilão SFI - Edital Único,,FEIRA DE SANTANA,BA,Não
8787705846435,"RUA JUSTINIANO VENANCIO DOS SANTOS, N. SN, CS 309",MANTIBA,"Casa, 41.95 de área total, 41.95 de área privativa, 126.98 de área do terreno,  2 qto(s), a.serv, WC, 1 sala(s), cozinha.",137000.0,137000.0,0.0,Leilão SFI - Edital Único,,FEIRA DE SANTANA,BA,Não
8787708821450,"RUA JUSTINIANO VENANCIO DOS SANTOS, N. SN, CS 98 ETAPA 2",MANTIBA,"Casa, 41.95 de área total, 41.95 de área privativa, 177.91 de área do terreno,  2 qto(s), a.serv, WC, 1 sala(s), cozinha.",146000.0,146000.0,0.0,Leilão SFI - Edital Único,,FEIRA DE SANTANA,BA,Não
8555528730080,"RUA ITORORÓ, N. SN, Apto 301, QD O BL 01 MODULO III",CALUMBI,"Apartamento, 42.91 de área total, 42.91 de área privativa, 0.00 de área do terreno,  2 qto(s), a.serv, WC, 1 sala(s), cozinha.",110509.69,110000.0,0.0,Leilão SFI - Edital Único,,FEIRA DE SANTANA,BA,Não
8787711589317,"AVENIDA GRACINDO DE FREITAS MEDEIROS, N. 800, Apto 102, BL 25",MANGABEIRA,"Apartamento, 46.90 de área total, 40.12 de área privativa, 0.00 de área do terreno,  2 qto(s), a.serv, WC, 1 sala(s), cozinha, 1 vaga(s) de garagem.",146556.88,145000.0,0.0,Leilão SFI - Edital Único,,FEIRA DE SANTANA,BA,Não
8787710279730,"AVENIDA GRACINDO DE FREITAS MEDEIROS, N. 800, Apto 302, BL 02",MANGABEIRA,"Apartamento, 46.90 de área total, 40.12 de área privativa, 0.00 de área do terreno,  2 qto(s), a.serv, WC, 1 sala(s), cozinha.",155000.0,152000.0,0.0,Leilão SFI - Edital Único,,FEIRA DE SANTANA,BA,Não
8787711282700,"RUA JOSE DOMINGOS SERVO, N. SN, Apto 308, TIPO A BL 05 ETAPA 03",SIM,"Apartamento, 64.01 de área total, 55.40 de área privativa, 0.00 de área do terreno,  2 qto(s), varanda, a.serv, WC, 1 sala(s), cozinha.",180000.0,175000.0,0.0,Leilão SFI - Edital Único,,FEIRA DE SANTANA,BA,Não
8444416674438,"RUA ARCO VERDE, N. 174,",TOMBA,"Casa, 66.91 de área total, 66.91 de área privativa, 115.70 de área do terreno,  2 qto(s), varanda, a.serv, WC, 1 sala(s), cozinha.",160000.0,155000.0,0.0,Leilão SFI - Edital Único,,FEIRA DE SANTANA,BA,Não
8787713797618,"RUA VITORINO FREIRE, N. 760, CS 18 QD B",MANGABEIRA,"Casa, 41.71 de área total, 41.71 de área privativa, 120.45 de área do terreno,  2 qto(s), a.serv, WC, 1 sala(s), cozinha, 1 vaga(s) de garagem.",210000.0,203000.0,0.0,Leilão SFI - Edital Único,,FEIRA DE SANTANA,BA,Não
8787716400069,"RUA ITAUMIRIM, N. 355, Apto 404, BL 02 RUA C ETAPA 1",MANGABEIRA,"Apartamento, 73.61 de área total, 40.13 de área privativa, 0.00 de área do terreno,  2 qto(s), a.serv, WC, 1 sala(s), cozinha.",160000.0,151000.0,0.0,Leilão SFI - Edital Único,,FEIRA DE SANTANA,BA,Não
8444413333230,"RUA CAXAMBU, N. 70,",SUBAE,"Casa, 67.45 de área total, 67.45 de área privativa, 100.00 de área do terreno,  2 qto(s), varanda, a.serv, WC, 1 sala(s), cozinha.",190784.43,180000.0,0.0,Leilão SFI - Edital Único,,FEIRA DE SANTANA,BA,Não
8444420011154,"RUA VITÓRIA DE SANTO ANTÃO, N. 22, ÁREA DE TERRA 04 LTS 19 20 21 QD L",MANGABEIRA,"Casa, 67.29 de área total, 67.29 de área privativa, 150.00 de área do terreno,  2 qto(s), varanda, a.serv, WC, 1 sala(s), cozinha.",146409.52,137000.0,0.0,Leilão SFI - Edital Único,,FEIRA DE SANTANA,BA,Não
8787701735973,"AVENIDA ARTEMIA PIRES FREITAS, N. 8187, Apto 302, BL 42",SANTO ANTONIO DOS PRAZERES,"Apartamento, 61.87 de área total, 41.14 de área privativa, 0.00 de área do terreno,  2 qto(s), a.serv, WC, 1 sala(s), cozinha, 1 vaga(s) de garagem.",187107.9,175000.0,0.0,Leilão SFI - Edital Único,,FEIRA DE SANTANA,BA,Não
8444409882705,"RUA DA PENHA, N. SN, Apto 101, BL 02 QD B",CONCEICAO,"Apartamento, 0.00 de área total, 43.58 de área privativa, 0.00 de área do terreno,  2 qto(s), a.serv, WC, 1 sala(s), cozinha.",136611.28,127000.0,0.0,Leilão SFI - Edital Único,,FEIRA DE SANTANA,BA,Não
8444406800295,"RUA ITORORO, N. SN, Apto 103, BL 04 QD P",CALUMBY,"Apartamento, 42.91 de área total, 42.91 de área privativa, 0.00 de área do terreno,  2 qto(s), a.serv, WC, 1 sala(s), cozinha.",145000.0,134000.0,0.0,Leilão SFI - Edital Único,,FEIRA DE SANTANA,BA,Não
8444429634243,"RUA ITORORO, N. SN, Apto 301, QD J BL 07",RUA NOVA,"Apartamento, 42.91 de área total, 42.91 de área privativa, 0.00 de área do terreno,  2 qto(s), WC, 1 sala(s), cozinha.",119084.97,110000.0,0.0,Leilão SFI - Edital Único,,FEIRA DE SANTANA,BA,Não
8787721817584,"AVENIDA MARIO VENTURA, N. 700, Apto 401, BL 25",NOVA ESPERANCA,"Apartamento, 67.76 de área total, 40.83 de área privativa, 0.00 de área do terreno,  2 qto(s), WC, 1 sala(s), cozinha.",184766.42,170000.0,0.0,Leilão SFI - Edital Único,,FEIRA DE SANTANA,BA,Não
8444437538703,"RUA ANTONIO FERNANDES SILVA, N. 98, AREA DE TERRA 31",GABRIELA,"Casa, 57.67 de área total, 57.67 de área privativa, 143.36 de área do terreno,  2 qto(s), varanda, a.serv, WC, 1 sala(s), cozinha.",194679.3,178000.0,0.0,Leilão SFI - Edital Único,,FEIRA DE SANTANA,BA,Não
8787706266033,"RUA EUNAPOLIS, N. SN, Apto 403, BL 01",PAPAGAIO,"Apartamento, 51.91 de área total, 41.14 de área privativa, 0.00 de área do terreno,  2 qto(s), a.serv, WC, 1 sala(s), cozinha, 1 vaga(s) de garagem.",180000.0,161000.0,0.0,Leilão SFI - Edital Único,,FEIRA DE SANTANA,BA,Não
8787716350576,"RUA  1, N. 120, CS 426  QD  J  1 ETAPA",MANTIBA,"Casa, 0.00 de área total, 40.08 de área privativa, 44.15 de área do terreno,  2 qto(s), a.serv, WC, 1 sala(s), cozinha.",194349.0,172000.0,0.0,Leilão SFI - Edital Único,,FEIRA DE SANTANA,BA,Não
8555531141244,"ESTRADA VICINAL (ANTIGA FAZ SAO JOSE DO COQUEIRAL), N. SN, QUADRA I GLEBA D",REGISTRO,"Casa, 43.58 de área total, 43.58 de área privativa, 115.88 de área do terreno,  2 qto(s), a.serv, WC, 1 sala(s), cozinha, 1 vaga(s) de garagem.",203659.83,180000.0,0.0,Leilão SFI - Edital Único,,FEIRA DE SANTANA,BA,Não
8444422078825,"RUA CARRALHO, N. 357, AREA TERRA 02 DESMEMBRADA LT 56 QD Q1",CONCEICAO,"Casa, 65.34 de área total, 65.34 de área privativa, 125.00 de área do terreno,  2 qto(s), varanda, a.serv, WC, 1 sala(s), cozinha.",180000.0,158000.0,0.0,Leilão SFI - Edital Único,,FEIRA DE SANTANA,BA,Não
8787701398993,"AVENIDA ARTEMIA PIRES FREITAS, N. 8187, Apto 404, BL31",SANTO ANTONIO DOS PRAZERES,"Apartamento, 0.00 de área total, 41.14 de área privativa, 0.00 de área do terreno,  2 qto(s), WC, 1 sala(s), cozinha, 1 vaga(s) de garagem.",152940.4,131500.0,0.0,Leilão SFI - Edital Único,,FEIRA DE SANTANA,BA,Não
8787702223240,"ALAMEDA DAS ARVORES, N. SN, Apto 301, BL 22 3°ANDAR",CONCEICAO,"Apartamento, 58.91 de área total, 44.51 de área privativa, 0.00 de área do terreno,  2 qto(s), a.serv, WC, 1 sala(s), cozinha.",156727.35,134000.0,0.0,Leilão SFI - Edital Único,,FEIRA DE SANTANA,BA,Não
8787715429624,"AVENIDA ARTÊMIA PIRES FREITAS, N. 10200, Apto 302, BL 22 RUA 8",REGISTRO,"Apartamento, 0.00 de área total, 40.13 de área privativa, 0.00 de área do terreno,  2 qto(s), a.serv, WC, 1 sala(s), cozinha.",185000.0,153000.0,0.0,Leilão SFI - Edital Único,,FEIRA DE SANTANA,BA,Não
8787703574314,"RUA ESTIVA, N. 151, CS 73C",SANTO ANTONIO DOS PRAZERES,"Casa, 54.72 de área total, 51.31 de área privativa, 101.77 de área do terreno,  2 qto(s), varanda, a.serv, WC, 1 sala(s), cozinha, 2 vaga(s) de garagem.",196123.0,160000.0,0.0,Leilão SFI - Edital Único,,FEIRA DE SANTANA,BA,Não
8787715970244,"AVENIDA ANTONIO RIBEIRO MARQUES, N. 1801, CS 235 2ª ETAPA RUA G COMPLEXO JD BRAS",REGISTRO,"Casa, 127.27 de área total, 40.50 de área privativa, 127.90 de área do terreno,  2 qto(s), varanda, WC, 1 sala(s), cozinha.",230000.0,185000.0,0.0,Leilão SFI - Edital Único,,FEIRA DE SANTANA,BA,Não
8787705041747,"ALAMEDA A, N. 86, AREA DE TERRA 03 DESEMBRADA QD A1",ASA BRANCA,"Casa, 27.15 de área total, 27.15 de área privativa, 111.56 de área do terreno,  1 qto(s), a.serv, WC, 1 sala(s), cozinha.",115000.0,92000.0,0.0,Leilão SFI - Edital Único,,FEIRA DE SANTANA,BA,Não
1444405097169,"RUA A, N. 55, COND VOLARE RESIDENCIAL",PAPAGAIO,"Casa, 0.00 de área total, 60.25 de área privativa, 62.82 de área do terreno,  2 qto(s), a.serv, WC, 1 sala(s), 1 lavabo(s), cozinha.",220000.0,175000.0,0.0,Leilão SFI - Edital Único,,FEIRA DE SANTANA,BA,Não
8444412784450,"RUA CORUNHA, N. 106, AREA 08 QD D PQ DELTA",MANGABEIRA,"Casa, 75.00 de área total, 75.00 de área privativa, 130.00 de área do terreno,  2 qto(s), varanda, a.serv, WC, 1 sala(s), cozinha, 1 vaga(s) de garagem.",180000.0,135000.0,0.0,Leilão SFI - Edital Único,,FEIRA DE SANTANA,BA,Não
8444415706760,"RUA GEORGINA NASCIMENTO, N. 67,",TOMBA,"Casa, 60.81 de área total, 60.81 de área privativa, 125.00 de área do terreno,  2 qto(s), a.serv, WC, 1 sala(s), cozinha.",201887.62,150000.0,0.0,Leilão SFI - Edital Único,,FEIRA DE SANTANA,BA,Não
8444407731157,"CAMINHO 6, N. 97, LOT AMARALINA",PAMPALONA,"Casa, 37.56 de área total, 37.56 de área privativa, 120.00 de área do terreno,  1 qto(s), a.serv, WC, 1 sala(s), cozinha, 1 vaga(s) de garagem.",100977.34,73500.0,0.0,Leilão SFI - Edital Único,,FEIRA DE SANTANA,BA,Não
8555533235556,"AVENIDA ANTÔNIO SÉRGIO CARNEIRO, N. SN, CS 121 ADAPTADA QD G 4ª ETAPA",SANTO ANTONIO DOS PRAZERES,"Casa, 50.49 de área total, 50.49 de área privativa, 127.50 de área do terreno,  2 qto(s), a.serv, WC, 1 sala(s), cozinha.",225000.0,163000.0,0.0,Leilão SFI - Edital Único,,FEIRA DE SANTANA,BA,Não
8787700809736,"AVENIDA CESAR ROMERO, N. 8147, Apto 203, BL 43",SANTO ANTONIO DOS PRAZERES,"Apartamento, 61.88 de área total, 41.14 de área privativa, 0.00 de área do terreno,  2 qto(s), a.serv, WC, 1 sala(s), cozinha, 1 vaga(s) de garagem.",257415.56,185000.0,0.0,Leilão SFI - Edital Único,,FEIRA DE SANTANA,BA,Não
8555536242740,"RUA PINDOBACU RUA J, N. SN, CS 27 LT 27 QD O",PQ VIVER PAPAGAIO,"Casa, 41.56 de área total, 41.56 de área privativa, 185.40 de área do terreno,  2 qto(s), a.serv, WC, 1 sala(s), cozinha.",192410.81,123000.0,0.0,Leilão SFI - Edital Único,,FEIRA DE SANTANA,BA,Não
8444416050736,"AVENIDA SETE LAGOAS, N. 86, LT 03 QD F",MANGABEIRA,"Casa, 66.14 de área total, 66.14 de área privativa, 142.50 de área do terreno,  2 qto(s), a.serv, WC, 1 sala(s), cozinha, 1 vaga(s) de garagem.",161110.86,99000.0,0.0,Leilão SFI - Edital Único,,FEIRA DE SANTANA,BA,Não
1444401601911,"RUA BARTOLOMEU DE GUSMAO, N. 184, Nº 62 QUADRA D RUA D",CAMPO LIMPO,"Casa, 0.00 de área total, 38.83 de área privativa, 240.00 de área do terreno,  1 qto(s), WC, 1 sala(s), cozinha.",521521.59,198600.0,0.0,Leilão SFI - Edital Único,,FEIRA DE SANTANA,BA,Não
1555528957966,"RUA LELIDO GARCIA LEAL, N. 823, QD C LT 15",DEUSDARA,"Casa, 192.00 de área total, 192.00 de área privativa, 150.00 de área do terreno.",115500.0,115500.0,0.0,Leilão SFI - Edital Único,,GUANAMBI,BA,Não
8444419831178,"RUA ALOISIO AZEVEDO, N. 468,",CENTRO,"Casa, 0.00 de área total, 65.85 de área privativa, 93.14 de área do terreno,  2 qto(s), a.serv, WC, 1 sala(s), cozinha, 1 vaga(s) de garagem.",35202.93,85000.0,58.59,Venda Direta Online,,IACU,BA,Não
8444404964215,"RUA SAO MIGUEL, N. 54, Apto CASA,",BAIRRO DA BOIADEIRA,"Casa, 0.00 de área total, 62.98 de área privativa, 90.76 de área do terreno,  2 qto(s), a.serv, WC, 1 sala(s), cozinha.",28263.97,68000.0,58.44,Venda Online,,IACU,BA,Não
8444406021857,"RUA DO MONTE, N. 45,",MONTE,"Casa, 0.00 de área total, 68.45 de área privativa, 84.00 de área do terreno,  2 qto(s), a.serv, WC, 1 sala(s), cozinha, 1 vaga(s) de garagem.",34581.8,78000.0,55.67,Venda Direta Online,,IACU,BA,Não
8444407899490,"R UMBURANA, N. 286,",BOIADEIRA,"Casa, 0.00 de área total, 63.80 de área privativa, 110.00 de área do terreno.",33695.09,76000.0,55.67,Venda Direta Online,,IACU,BA,Não
8444409898326,"TRAVESSA LOURIVAL REIS, N. 752,",BAIRRO DA BOIADEIRA,"Casa, 0.00 de área total, 59.45 de área privativa, 100.00 de área do terreno,  2 qto(s), a.serv, WC, 1 sala(s), cozinha, 1 vaga(s) de garagem.",30148.24,68000.0,55.67,Venda Direta Online,,IACU,BA,Não
8444411973763,"RUA FRANCISCO LOUSADO, N. 11,",BOIADEIRA,"Casa, 81.20 de área total, 81.20 de área privativa, 121.95 de área do terreno,  2 qto(s), a.serv, WC, 1 sala(s), cozinha, 1 vaga(s) de garagem.",50004.48,108000.0,53.7,Venda Direta Online,,IACU,BA,Não
8444414171129,"RUA MONTEIRO LOBATO, N. 412,",BOIADEIRA,"Casa, 0.00 de área total, 64.12 de área privativa, 82.59 de área do terreno,  2 qto(s), WC, 1 sala(s), cozinha, 1 vaga(s) de garagem.",50189.67,108400.0,53.7,Venda Direta Online,,IACU,BA,Não
8444411008103,"RUA ARLINDA GOMES MASCARENHAS, N. 75,",BOIADEIRA,"Casa, 59.57 de área total, 59.57 de área privativa, 128.00 de área do terreno,  2 qto(s), a.serv, WC, 1 sala(s), cozinha, 1 vaga(s) de garagem.",33925.17,73000.0,53.53,Venda Online,,IACU,BA,Não
8444405922907,"RUA CASTELO BRANCO, N. 87,",BAIRRO DA BOIADEIRA,"Casa, 0.00 de área total, 81.60 de área privativa, 134.70 de área do terreno,  2 qto(s), a.serv, WC, 1 sala(s), cozinha, 1 vaga(s) de garagem.",45059.74,96000.0,53.07,Venda Direta Online,,IACU,BA,Não
8444411210450,"RUA NOVA, N. 218,",CENTRO,"Casa, 67.55 de área total, 67.55 de área privativa, 91.00 de área do terreno,  2 qto(s), WC, 1 sala(s), cozinha, 1 vaga(s) de garagem.",32032.5,68000.0,52.9,Venda Online,,IACU,BA,Não
8444404735631,"RUA UMBURANA, N. 294,",BAIRRO DA BOIADEIRA,"Casa, 0.00 de área total, 88.92 de área privativa, 97.65 de área do terreno,  2 qto(s), a.serv, WC, 1 sala(s), cozinha, 1 vaga(s) de garagem.",71620.32,150800.0,52.51,Venda Direta Online,,IACU,BA,Não
8444405681110,"RUA CECILIA MEIRELES, N. 238,",BOIADEIRA,"Casa, 84.56 de área total, 84.56 de área privativa, 152.40 de área do terreno,  2 qto(s), a.serv, WC, 1 sala(s), cozinha, 1 vaga(s) de garagem.",50045.33,105000.0,52.34,Venda Direta Online,,IACU,BA,Não
8444409607933,"RUA ADILSON AMARAL DE QUEIROZ, N. 387,",CENTRO,"Casa, 88.33 de área total, 88.33 de área privativa, 118.20 de área do terreno,  2 qto(s), a.serv, WC, 1 sala(s), cozinha, 1 vaga(s) de garagem.",49568.7,104000.0,52.34,Venda Direta Online,,IACU,BA,Não
8444410549232,"RUA AILTON NOGUEIRA, N. 136,",BAIRRO DA BOIADEIRA,"Casa, 71.28 de área total, 71.28 de área privativa, 83.43 de área do terreno,  2 qto(s), WC, 1 sala(s), cozinha, 1 vaga(s) de garagem.",42519.61,88000.0,51.69,Venda Direta Online,,IACU,BA,Não
8444412448700,"RUA ZULMIRA MOURA SANTANA, N. 115,",BOIADEIRA,"Casa, 62.06 de área total, 62.06 de área privativa, 116.00 de área do terreno,  2 qto(s), a.serv, WC, 2 sala(s), cozinha.",42519.61,88000.0,51.69,Venda Direta Online,,IACU,BA,Não
8444412713030,"RUA UMBURANA, N. 258,",BAIRRO DA BOIADEIRA,"Casa, 77.80 de área total, 77.80 de área privativa, 102.00 de área do terreno,  2 qto(s), WC, 1 sala(s), cozinha, 1 vaga(s) de garagem.",41070.08,85000.0,51.69,Venda Direta Online,,IACU,BA,Não
8444413903568,"RUA 02 DE NOVEMBRO, N. 861,",CERAMICA,"Casa, 67.55 de área total, 67.55 de área privativa, 73.50 de área do terreno,  2 qto(s), WC, 1 sala(s), cozinha, 1 vaga(s) de garagem.",46868.21,97000.0,51.69,Venda Direta Online,,IACU,BA,Não
8444415154953,"RUA 02 DE NOVEMBRO, N. 867, CS 867",CENTRO,"Casa, 67.55 de área total, 67.55 de área privativa, 73.50 de área do terreno,  2 qto(s), WC, 1 sala(s), cozinha.",42036.43,87000.0,51.69,Venda Direta Online,,IACU,BA,Não
8444409632890,"RUA BELA VISTA, N. 41,",BAIRRO DA BOIADEIRA,"Casa, 61.80 de área total, 61.80 de área privativa, 160.00 de área do terreno,  2 qto(s), a.serv, WC, 1 sala(s), cozinha, 1 vaga(s) de garagem.",35399.24,73000.0,51.51,Venda Direta Online,,IACU,BA,Não
8444410336913,"TRAVESSA LOURIVAL REIS, N. 197,",BAIRRO DA BOIADEIRA,"Casa, 64.25 de área total, 64.25 de área privativa, 100.00 de área do terreno,  2 qto(s), a.serv, WC, 1 sala(s), cozinha, 1 vaga(s) de garagem.",37823.85,78000.0,51.51,Venda Direta Online,,IACU,BA,Não
8444411212533,"RUA SANTA ROSA, N. 141,",BOIADEIRA,"Casa, 59.94 de área total, 59.94 de área privativa, 111.50 de área do terreno,  2 qto(s), WC, 1 sala(s), cozinha, 1 vaga(s) de garagem.",37823.85,78000.0,51.51,Venda Direta Online,,IACU,BA,Não
8444417701072,"RUA  LOURIVAL REIS, N. 948,",BAIRRO DA BOIADEIRA,"Casa, 60.00 de área total, 60.00 de área privativa, 65.55 de área do terreno,  2 qto(s), a.serv, WC, 1 sala(s), cozinha, 1 vaga(s) de garagem.",29531.69,60900.0,51.51,Venda Direta Online,,IACU,BA,Não
8444418267562,"AV JOSE GONÇALVES COSTA, N. 506,",CENTRO,"Casa, 68.50 de área total, 68.50 de área privativa, 121.70 de área do terreno,  2 qto(s), a.serv, WC, 1 sala(s), cozinha, 1 vaga(s) de garagem.",40733.37,84000.0,51.51,Venda Direta Online,,IACU,BA,Não
8444401835945,"RUA MANGABEIRA, N. 93,",BOIADEIRA,"Casa, 75.40 de área total, 75.40 de área privativa, 174.16 de área do terreno,  2 qto(s), a.serv, WC, 1 sala(s), cozinha, 1 vaga(s) de garagem.",54885.47,113000.0,51.43,Venda Direta Online,,IACU,BA,Não
8444413226000,"AVENIDA PROFESSOR MAGALHÃES NETO, N. 192, CS 192",BAIRRO DA BOIADEIRA,"Casa, 70.81 de área total, 70.81 de área privativa, 113.88 de área do terreno,  1 qto(s), WC, 1 sala(s), cozinha, 1 vaga(s) de garagem.",49201.27,99000.0,50.31,Venda Direta Online,,IACU,BA,Não
8444416676031,"RUA 02 DE NOVEMBRO, N. 823, CS 823",CERAMICA,"Casa, 82.85 de área total, 82.85 de área privativa, 96.00 de área do terreno,  2 qto(s), WC, 1 sala(s), cozinha, 1 vaga(s) de garagem.",48207.3,97000.0,50.31,Venda Direta Online,,IACU,BA,Não
8444418182230,"TRAVESSA CONFIANÇA, N. 110,",CERAMICA,"Casa, 69.85 de área total, 69.85 de área privativa, 120.00 de área do terreno,  2 qto(s), WC, 1 sala(s), cozinha, 1 vaga(s) de garagem.",49201.27,99000.0,50.31,Venda Direta Online,,IACU,BA,Não
8444418406856,"RUA OSVALDO DE ANDRADE, N. 35, CS 35",BOIADEIRA,"Casa, 79.70 de área total, 79.70 de área privativa, 85.80 de área do terreno,  2 qto(s), a.serv, WC, 1 sala(s), cozinha, 1 vaga(s) de garagem.",48704.28,98000.0,50.31,Venda Direta Online,,IACU,BA,Não
8444404738797,"RUA SANTA TEREZINHA, N. 752,",MONTE,"Casa, 69.03 de área total, 69.03 de área privativa, 99.00 de área do terreno,  3 qto(s), a.serv, WC, 1 sala(s), cozinha, 1 vaga(s) de garagem.",33916.77,68000.0,50.13,Venda Direta Online,,IACU,BA,Não
8444409083160,"RUA  AUGUSTO DOS ANJOS, N. 135,",BAIRRO DA BOIADEIRA,"Casa, 0.00 de área total, 63.70 de área privativa, 160.00 de área do terreno,  2 qto(s), WC, 1 sala(s), cozinha, 1 vaga(s) de garagem.",38904.53,78000.0,50.13,Venda Direta Online,,IACU,BA,Não
8444410934390,"RUA OSVALDO DE ANDRADE, N. 41,",BAIRRO DA BOIADEIRA,"Casa, 79.70 de área total, 79.70 de área privativa, 85.80 de área do terreno,  2 qto(s), a.serv, WC, 1 sala(s), cozinha, 1 vaga(s) de garagem.",38904.53,78000.0,50.13,Venda Direta Online,,IACU,BA,Não
8444413264948,"RUA 02 DE NOVEMBRO, N. 873,",CERAMICA,"Casa, 67.55 de área total, 67.55 de área privativa, 73.50 de área do terreno,  2 qto(s), a.serv, WC, 1 sala(s), cozinha, 1 vaga(s) de garagem.",40899.63,82000.0,50.13,Venda Direta Online,,IACU,BA,Não
8444407554697,"AVENIDA JOSE POSSIDONIO SAMPAIO, N. 862-B,",CENTRO,"Casa, 93.48 de área total, 49.98 de área privativa, 49.98 de área do terreno,  3 qto(s), varanda, a.serv, WC, 1 sala(s), cozinha.",41897.18,84000.0,50.13,Venda Direta Online,,IACU,BA,Não
8444417589256,"1ª TRAVESSA LOURIVAL REIS, N. 183,",CENTRO,"Casa, 69.50 de área total, 69.50 de área privativa, 86.00 de área do terreno,  2 qto(s), a.serv, WC, 1 sala(s), cozinha, 1 vaga(s) de garagem.",34265.91,68700.0,50.13,Venda Direta Online,,IACU,BA,Não
8444409978133,"RUA FREI CANECA, N. 201,",IACU,"Casa, 68.70 de área total, 68.70 de área privativa, 109.50 de área do terreno,  2 qto(s), a.serv, WC, 1 sala(s), cozinha.",55424.35,110000.0,49.62,Venda Online,,IACU,BA,Não
8444411251318,"RUA UMBURANA, N. 269,",BOIADEIRA,"Casa, 68.43 de área total, 68.43 de área privativa, 76.62 de área do terreno,  2 qto(s), a.serv, WC, 1 sala(s), cozinha, 1 vaga(s) de garagem.",45083.22,89000.0,49.35,Venda Direta Online,,IACU,BA,Não
8444410830160,"RUA LOURIVAL REIS, N. 451,",BOIADEIRA,"Casa, 57.10 de área total, 57.10 de área privativa, 107.55 de área do terreno,  2 qto(s), a.serv, WC, 2 sala(s), cozinha.",30408.28,60000.0,49.32,Venda Direta Online,,IACU,BA,Não
8444419255002,"AVENIDA JOSE GONÇALVES COSTA, N. 498,",CENTRO,"Casa, 0.00 de área total, 109.90 de área privativa, 155.90 de área do terreno,  2 qto(s), WC, 1 sala(s), cozinha, 1 vaga(s) de garagem.",83778.47,164500.0,49.08,Venda Direta Online,,IACU,BA,Sim
8444406239895,"RUA JOÃO SANTANA, N. 616,",DO MONTE,"Casa, 46.46 de área total, 46.46 de área privativa, 112.11 de área do terreno,  2 qto(s), a.serv, WC, 1 sala(s), cozinha.",28194.7,55000.0,48.74,Venda Online,,IACU,BA,Não
8444415387834,"RUA SANTA TEREZINHA, N. 88,",BAIRRO DO MONTE,"Casa, 54.00 de área total, 54.00 de área privativa, 66.40 de área do terreno,  2 qto(s), a.serv, WC, 1 sala(s), cozinha.",42035.73,82000.0,48.74,Venda Online,,IACU,BA,Não
8444417635142,"TRAVESSA MARAJO, N. 09, CS 09",CERAMICA,"Casa, 66.95 de área total, 66.95 de área privativa, 72.50 de área do terreno,  2 qto(s), a.serv, WC, 1 sala(s), cozinha, 1 vaga(s) de garagem.",43767.27,84250.24,48.06,Venda Direta Online,,IACU,BA,Não
8444422031535,"RUA OSVALDO DE ANDRADE, N. 127,",BOIADEIRA,"Casa, 73.00 de área total, 73.00 de área privativa, 116.00 de área do terreno,  2 qto(s), a.serv, WC, 1 sala(s), cozinha, 1 vaga(s) de garagem.",45195.75,87000.0,48.06,Venda Direta Online,,IACU,BA,Não
8444415113580,"AUGUSTO DOS ANJOS, N. 140,",BOIADEIRA,"Casa, 78.40 de área total, 78.40 de área privativa, 122.40 de área do terreno,  2 qto(s), a.serv, WC, 1 sala(s), cozinha, 1 vaga(s) de garagem.",53914.05,102000.0,47.15,Venda Direta Online,,IACU,BA,Não
8444408680580,"TRAVESSA PROFESSOR MAGALHAES NETO, N. 58,",BOIADEIRA,"Casa, 68.40 de área total, 68.40 de área privativa, 98.40 de área do terreno,  2 qto(s), WC, 1 sala(s), cozinha, 1 vaga(s) de garagem.",49786.93,86000.0,42.11,Licitação Aberta,,IACU,BA,Não
8444416893130,"RUA OLAVO BILAC, N. 618,",BAIRRO DA BOIADEIRA,"Casa, 68.75 de área total, 68.75 de área privativa, 85.80 de área do terreno,  2 qto(s), a.serv, WC, 1 sala(s), cozinha, 1 vaga(s) de garagem.",88000.0,88000.0,0.0,Leilão SFI - Edital Único,,IACU,BA,Não
8444410563294,"RUA DA SAUDADE, N. 14,",CENTRO,"Casa, 0.00 de área total, 65.00 de área privativa, 117.00 de área do terreno,  2 qto(s), WC, 1 sala(s), cozinha.",60000.0,60000.0,0.0,Leilão SFI - Edital Único,,IACU,BA,Não
8444413592902,"RUA RADIVAL NOVAIS TORRES, N. 286,",CENTRO,"Casa, 80.55 de área total, 80.55 de área privativa, 258.85 de área do terreno,  3 qto(s), a.serv, WC, 1 sala(s), cozinha, 1 vaga(s) de garagem.",136000.0,136000.0,0.0,Leilão SFI - Edital Único,,IACU,BA,Não
10286269,"RUA PROJETADA 53, N. 00, QD 148, LT 1188",POLO CERÂMICO,"Gleba, 0.00 de área total, 0.00 de área privativa, 23800.00 de área do terreno.",239630.18,376000.0,36.27,Venda Direta Online,,IBIASSUCE,BA,Não
1555529345107,"RUA DOS UMBUZEIROS, N. 261, SN,",CHICHA,"Terreno, 0.00 de área total, 0.01 de área privativa, 1000.00 de área do terreno.",178142.34,389000.0,54.21,Venda Direta Online,,IBOTIRAMA,BA,Sim
1555530604633,"RUA IRMÃ DANIELA, N. 276, LT 11, QD E",SÃO FRANCISCO,"Comercial, 0.00 de área total, 71.40 de área privativa, 90.00 de área do terreno, WC, 1 sala(s).",137384.84,300000.0,54.21,Venda Direta Online,,IBOTIRAMA,BA,Não
1555523690694,"RUA OTAVIO MANGABEIRA, N. 560,",CENTRO,"Comercial, 0.00 de área total, 300.00 de área privativa, 300.00 de área do terreno.",281364.16,576000.0,51.16,Venda Direta Online,,IBOTIRAMA,BA,Não
1555530006124,"RUA SOLON BARRETO DE NOVAIS, N. 165, 2º PAVIMENTO",CENTRO,"Casa, 90.00 de área total, 90.00 de área privativa, 90.00 de área do terreno,  2 qto(s), a.serv, WC, 1 sala(s), cozinha.",170879.89,275000.0,37.87,Venda Online,,IBOTIRAMA,BA,Não
1555528218152,"PRAÇA DERALDINO LINO DE SOUZA, N. 385, APENAS O PAVIMENTO TÉRREO.",CENTRO,"Comercial, 138.70 de área total, 138.70 de área privativa, 138.70 de área do terreno.",347000.0,347000.0,0.0,Leilão SFI - Edital Único,,IBOTIRAMA,BA,Não
1555515274474,"RUA FRANCISCO ROMERO, N. 125, TP C-1 QD J",PONTAL,"Casa, 0.00 de área total, 146.02 de área privativa, 291.26 de área do terreno,  3 qto(s), a.serv, WC, 1 sala(s), cozinha, 1 vaga(s) de garagem.",2582000.0,2582000.0,0.0,Leilão SFI - Edital Único,,ILHEUS,BA,Sim
8444408445778,"RUA VEREADOR JOSE ADRY, N. 75, Apto TERRE, TERREO",CONQUISTA,"Apartamento, 0.00 de área total, 45.51 de área privativa, 0.00 de área do terreno,  2 qto(s), a.serv, WC, 1 sala(s), cozinha.",110000.0,110000.0,0.0,Leilão SFI - Edital Único,,ILHEUS,BA,Não
1444408308403,"RUA DAS BROMELIAS, N. SN, QUADRA 06 LOTE 01",Lot Jd Brasil,"Casa, 0.00 de área total, 115.00 de área privativa, 160.00 de área do terreno,  2 qto(s), a.serv, WC, 1 sala(s), cozinha, 1 vaga(s) de garagem.",160000.0,160000.0,0.0,Leilão SFI - Edital Único,,IPIAU,BA,Não
8444400524512,"RUA DONA BENTA, N. SN,",SITIO DO PICA PAU AM,"Casa, 69.67 de área total, 69.67 de área privativa, 270.00 de área do terreno,  2 qto(s), a.serv, WC, 1 sala(s), cozinha, 1 vaga(s) de garagem.",112000.0,112000.0,0.0,Leilão SFI - Edital Único,,IPIAU,BA,Não
8444414937890,"RUA SEVERIANO MOITINHO, N. 764,",NOVO HORIZONTE,"Casa, 70.00 de área total, 70.00 de área privativa, 96.00 de área do terreno,  2 qto(s), a.serv, WC, 1 sala(s), cozinha, 1 vaga(s) de garagem.",108698.37,176000.0,38.24,Venda Direta Online,,IRECE,BA,Não
1444404826175,"AVENIDA ALFA, N. SN, LTS 42, 43, 44, 45, 46, 47, QD VII",LOT CIDADE DE DEUS,"Terreno, 0.00 de área total, 0.00 de área privativa, 3622.55 de área do terreno.",140193.6,287000.0,51.16,Venda Direta Online,,ITABERABA,BA,Sim
1555514184340,"RUA E, N. SN, LT 26-B, QD I",JACANA,"Terreno, 0.00 de área total, 0.00 de área privativa, 200.00 de área do terreno,  3 qto(s), a.serv, WC, 1 sala(s), DCE, cozinha, 1 vaga(s) de garagem.",29309.02,73000.0,59.86,Venda Online,,ITABUNA,BA,Não
1555514927253,"R NOVA, N. SN,",CALIFORNIA,"Terreno, 0.00 de área total, 0.00 de área privativa, 53829.97 de área do terreno.",946411.74,1650000.0,42.65,Venda Online,,ITABUNA,BA,Não
8555509054130,"RUA A, N. 78, Apto 02, QD D SUBSOLO 01",VALE DO SOL,"Apartamento, 31.42 de área total, 31.42 de área privativa, 0.00 de área do terreno,  1 qto(s), WC, 1 sala(s), cozinha.",84000.0,84000.0,0.0,Leilão SFI - Edital Único,,ITABUNA,BA,Não
1555509074051,"RUA RIO DO MEIO, N. 178, Apto 202",GOES CALMON,"Apartamento, 0.00 de área total, 96.18 de área privativa, 0.00 de área do terreno,  3 qto(s), a.serv, WC, 1 sala(s), DCE, cozinha, 2 vaga(s) de garagem.",336000.0,336000.0,0.0,Leilão SFI - Edital Único,,ITABUNA,BA,Sim
1555526004341,"RUA 5, N. 255, Apto 204, TORRE 2 ED CRAVO",SAO CAETANO,"Apartamento, 86.94 de área total, 52.52 de área privativa, 0.00 de área do terreno,  2 qto(s), varanda, a.serv, WC, 1 sala(s), cozinha, 1 vaga(s) de garagem.",265000.0,265000.0,0.0,Leilão SFI - Edital Único,,ITABUNA,BA,Não
1555518017413,"RUA PRIMEIRO DE DEZEMBRO, N. 240,",SANTO ANTONIO,"Casa, 162.52 de área total, 162.52 de área privativa, 138.47 de área do terreno,  3 qto(s), varanda, a.serv, WC, 1 sala(s), cozinha, 1 vaga(s) de garagem.",430000.0,430000.0,0.0,Leilão SFI - Edital Único,,ITABUNA,BA,Não
10220300,"RUA A, N. 00, QD B, LT 23",JAPUMIRIM,"Terreno, 0.00 de área total, 0.00 de área privativa, 200.00 de área do terreno.",26175.76,48000.0,45.47,Venda Direta Online,,ITAGIBA,BA,Não
10220301,"RUA A, N. 00, QD B, LT 24",JAPUMIRIM,"Terreno, 0.00 de área total, 0.00 de área privativa, 200.00 de área do terreno.",26175.76,48000.0,45.47,Venda Direta Online,,ITAGIBA,BA,Não
8444405082828,"TRAVESSA QUATRO, N. 30, QD 20 LT 07",VILA ROSA,"Casa, 0.00 de área total, 90.82 de área privativa, 200.00 de área do terreno,  2 qto(s), a.serv, WC, 1 sala(s), cozinha.",63389.27,155000.0,59.11,Venda Direta Online,,ITAPETINGA,BA,Não
8555513509120,"RUA T, N. 98,",LOT QUINTAS DO SUL,"Casa, 77.76 de área total, 77.76 de área privativa, 120.00 de área do terreno,  2 qto(s), a.serv, WC, 1 sala(s), cozinha.",111816.5,185000.0,39.56,Licitação Aberta,,ITAPETINGA,BA,Não
8444401499503,"RUA NOVA REPUBLICA, N. 28, LT 14A QD 10",Vila Sônia,"Casa, 0.00 de área total, 66.46 de área privativa, 100.00 de área do terreno,  2 qto(s), varanda, a.serv, WC, 1 sala(s), cozinha.",150000.0,150000.0,0.0,Leilão SFI - Edital Único,,ITAPETINGA,BA,Não
8444405751665,"RUA ADILSON NERY, N. 18, LT 24 QD 07  ANTIGA RUA A",VILA ROSA,"Casa, 77.18 de área total, 77.18 de área privativa, 109.55 de área do terreno,  3 qto(s), a.serv, WC, 1 sala(s), cozinha, 1 vaga(s) de garagem.",160000.0,160000.0,0.0,Leilão SFI - Edital Único,,ITAPETINGA,BA,Não
1444406769020,"RUA KATIA ANUNCIACAO ANTIGA RUA D, N. 224, LT 08A QD E",RECANTO DA COLINA,"Casa, 180.10 de área total, 180.10 de área privativa, 264.00 de área do terreno.",279556.94,250000.0,0.0,Leilão SFI - Edital Único,,ITAPETINGA,BA,Não
8444432266667,"AVENIDA AMERICO NOGUEIRA, N. 100-A, Apto 02, VG 02",CLODOALDO COSTA,"Apartamento, 73.53 de área total, 73.53 de área privativa, 0.00 de área do terreno,  2 qto(s), a.serv, WC, 2 sala(s), cozinha, 1 vaga(s) de garagem.",195933.11,175000.0,0.0,Leilão SFI - Edital Único,,ITAPETINGA,BA,Não
10171231,"PRAÇA BARÃO DE ABADIA, N. 22, HOTEL LINHA VERDE",POV CACHOEIRA ITANHI,"Comercial, 0.00 de área total, 1349.48 de área privativa, 914.82 de área do terreno.",788272.99,2077000.0,62.05,Venda Direta Online,,JANDAIRA,BA,Não
10217327,"RUA BERTINO PASSOS, N. 150-A, 1º E 2º PAVIMENTO SUPERIOR",CENTRO,"Comercial, 0.00 de área total, 796.55 de área privativa, 415.20 de área do terreno.",803016.01,1440000.0,44.24,Venda Direta Online,,JEQUIE,BA,Não
10229372,"RUA 01 KM 01 DA BR 330(JEQUIE-IPIAUI), N. S/N, QD C, LT 04-A",VILA RODOVIARIA,"Terreno, 0.00 de área total, 0.00 de área privativa, 2300.00 de área do terreno.",260980.2,420000.0,37.87,Venda Direta Online,,JEQUIE,BA,Não
10238935,"RUA ALMEIDA COUTO, N. 03, CASA",CENTRO,"Casa, 0.00 de área total, 420.00 de área privativa, 182.00 de área do terreno.",621381.44,1000000.0,37.87,Venda Direta Online,,JEQUIE,BA,Sim
1555513228076,"RUA D, N. SN, QD F LT 192",MANOEL D SOBRINHO,"Casa, 121.15 de área total, 128.23 de área privativa, 176.00 de área do terreno,  3 qto(s), varanda, a.serv, WC, 2 sala(s), cozinha, 1 vaga(s) de garagem.",122737.54,195000.0,37.06,Venda Direta Online,,JEREMOABO,BA,Não
1444418025447,"RUA O, N. 313, LT 531 QD E",CENTRO,"Terreno, 0.00 de área total, 0.00 de área privativa, 250.00 de área do terreno.",60000.0,60000.0,0.0,Leilão SFI - Edital Único,,JEREMOABO,BA,Não
8444421181223,"RUA JARDIM DAS MARGARIDAS, N. 20, CS 02 LT 03 QD U",MONTE CASTELO,"Casa, 83.35 de área total, 83.35 de área privativa, 200.00 de área do terreno,  3 qto(s), varanda, a.serv, WC, 1 sala(s), cozinha, 1 vaga(s) de garagem.",139015.11,230000.0,39.56,Venda Direta Online,,JUAZEIRO,BA,Não
1444415953734,"RUA BARRIS, N. 45, UN 15, LTS 01 A 10, QD L",MONTE CASTELO,"Sobrado, 0.00 de área total, 88.44 de área privativa, 160.01 de área do terreno,  2 qto(s), a.serv, WC, 1 sala(s), cozinha, 1 vaga(s) de garagem.",238992.86,375000.0,36.27,Venda Online,,JUAZEIRO,BA,Sim
8008008011612,"TRAVESSA PROJETADA, N. SN, AREA 3B QD A15 LT 04",SANTA MARIA GORETTI,"Casa, 80.05 de área total, 80.05 de área privativa, 91.20 de área do terreno,  2 qto(s), a.serv, WC, 1 sala(s), 1 vaga(s) de garagem.",194000.0,194000.0,0.0,Leilão SFI - Edital Único,,JUAZEIRO,BA,Não
8787703015692,"RUA JOSE LEITE, N. 2200, Apto 401, BL 20",CAJI,"Apartamento, 99.25 de área total, 40.53 de área privativa, 0.00 de área do terreno,  2 qto(s), a.serv, WC, 1 sala(s), cozinha.",65270.92,135000.0,51.66,Venda Direta Online,,LAURO DE FREITAS,BA,Não
8787701250635,"AVENIDA JOSE LEITE, N. 2200, Apto 404, BL  7",CAJI,"Apartamento, 99.25 de área total, 40.53 de área privativa, 0.00 de área do terreno,  2 qto(s), a.serv, WC, 1 sala(s), cozinha.",74646.53,150000.0,50.24,Venda Direta Online,,LAURO DE FREITAS,BA,Não
8787703015293,"RUA JOSE LEITE, N. 2200, Apto 404, BL 19",CAJI,"Apartamento, 99.25 de área total, 40.53 de área privativa, 0.00 de área do terreno,  2 qto(s), WC, 1 sala(s), cozinha.",70402.24,140000.0,49.72,Venda Direta Online,,LAURO DE FREITAS,BA,Não
8787703089815,"AVENIDA JOSE LEITE, N. 2200, Apto 003, BL 25",CAJI,"Apartamento, 99.25 de área total, 40.53 de área privativa, 0.00 de área do terreno,  2 qto(s), a.serv, WC, 1 sala(s), cozinha.",89126.03,175000.0,49.08,Venda Online,,LAURO DE FREITAS,BA,Não
8555518636260,"RUA JOSE LEITE, N. 686, Apto 304, BL 17",QUINTAS DO PIQUAIA,"Apartamento, 0.00 de área total, 42.71 de área privativa, 0.00 de área do terreno,  2 qto(s), a.serv, WC, 1 sala(s), cozinha, 1 vaga(s) de garagem.",97612.78,190000.0,48.63,Venda Online,,LAURO DE FREITAS,BA,Não
8555535309816,"AVENIDA PROFESSOR THEOCRITO BATISTA, N. 288, Apto 002, BL 17",CAJI,"Apartamento, 83.76 de área total, 39.98 de área privativa, 0.00 de área do terreno,  2 qto(s), WC, 1 sala(s), cozinha, 1 vaga(s) de garagem.",86400.29,162000.0,46.67,Venda Online,,LAURO DE FREITAS,BA,Não
8787702095056,"AVENIDA JOSE LEITE, N. 2200, Apto 203, BL 16",CAJI,"Apartamento, 99.25 de área total, 40.53 de área privativa, 0.00 de área do terreno,  2 qto(s), WC, 1 sala(s), cozinha.",71265.07,133000.0,46.42,Venda Direta Online,,LAURO DE FREITAS,BA,Não
8787700963484,"AVENIDA JOSE LEITE, N. 2200, Apto 202, BLOCO 04",CAJI,"Apartamento, 99.25 de área total, 40.53 de área privativa, 0.00 de área do terreno,  2 qto(s), a.serv, WC, 1 sala(s), cozinha, 1 vaga(s) de garagem.",71080.9,124000.0,42.68,Licitação Aberta,,LAURO DE FREITAS,BA,Não
8787703235579,"RUA JOSE LEITE, N. 2200, Apto 304, BL 26",CAJI,"Apartamento, 99.25 de área total, 40.53 de área privativa, 0.00 de área do terreno,  2 qto(s), a.serv, WC, 1 sala(s), cozinha.",65921.81,115000.0,42.68,Venda Direta Online,,LAURO DE FREITAS,BA,Não
8555527369740,"RUA DOUTOR GERINO DE SOUZA FILHO, N. 5197, Apto 504, TIPO 2 BL 15 VG 656",ITINGA,"Apartamento, 62.58 de área total, 45.21 de área privativa, 0.00 de área do terreno,  2 qto(s), a.serv, WC, 1 sala(s), cozinha, 1 vaga(s) de garagem.",77680.52,134100.0,42.08,Venda Direta Online,,LAURO DE FREITAS,BA,Não
8555534191358,"AVENIDA PROFESSOR THEOCRITO BATISTA, N. 1004, Apto 108, BL 08 MOD 01 BOX 356",CAJI,"Apartamento, 52.22 de área total, 43.36 de área privativa, 0.00 de área do terreno,  2 qto(s), a.serv, WC, 1 sala(s), cozinha, 1 vaga(s) de garagem.",79939.69,138000.0,42.08,Licitação Aberta,,LAURO DE FREITAS,BA,Não
8555534426380,"AVENIDA PROFESSOR THEOCRITO BATISTA, N. 288, Apto 103, BL 12",CAJI,"Apartamento, 83.76 de área total, 39.98 de área privativa, 0.00 de área do terreno,  2 qto(s), a.serv, WC, 1 sala(s), cozinha, 1 vaga(s) de garagem.",79939.69,138000.0,42.08,Licitação Aberta,,LAURO DE FREITAS,BA,Não
8555535033780,"AVENIDA JOSE LEITE, N. 182, Apto 302, BL 15",CAJI,"Apartamento, 83.76 de área total, 39.98 de área privativa, 0.00 de área do terreno,  2 qto(s), a.serv, WC, 1 sala(s), cozinha, 1 vaga(s) de garagem.",73567.68,127000.0,42.08,Venda Online,,LAURO DE FREITAS,BA,Não
8787701101885,"RUA JOSE LEITE, N. 2200, Apto 203, BL 01",CAJI,"Apartamento, 99.25 de área total, 40.53 de área privativa, 0.00 de área do terreno,  2 qto(s), a.serv, WC, 1 sala(s), cozinha.",74146.96,128000.0,42.08,Venda Direta Online,,LAURO DE FREITAS,BA,Não
8787704128121,"AVENIDA PROFESSOR THEOCRITO BATISTA, N. 1253, Apto 302, BL 12",CAJI,"Apartamento, 84.66 de área total, 40.53 de área privativa, 0.00 de área do terreno,  2 qto(s), WC, 1 sala(s), cozinha, 1 vaga(s) de garagem.",78201.87,135000.0,42.08,Licitação Aberta,,LAURO DE FREITAS,BA,Não
8555527910557,"AVENIDA PROFESSOR THEOCRITO BATISTA, N. 1004, Apto 003, BL 10",CAJI,"Apartamento, 60.82 de área total, 43.74 de área privativa, 0.00 de área do terreno,  2 qto(s), a.serv, WC, 1 sala(s), cozinha, 1 vaga(s) de garagem.",87819.45,150000.0,41.46,Licitação Aberta,,LAURO DE FREITAS,BA,Não
8555534890965,"AVENIDA PROFESSOR THEOCRITO BATISTA, N. 288, Apto 104, BL 16, VAGA DESCOBERTA",CAJI,"Apartamento, 83.76 de área total, 39.98 de área privativa, 0.00 de área do terreno,  2 qto(s), a.serv, WC, 1 sala(s), cozinha, 1 vaga(s) de garagem.",90161.3,154000.0,41.46,Venda Direta Online,,LAURO DE FREITAS,BA,Não
8787702291840,"AV JOSE LEITE, N. 2200, Apto 003, BL 29",CAJI,"Apartamento, 0.00 de área total, 40.53 de área privativa, 0.00 de área do terreno,  2 qto(s), WC, 1 sala(s), cozinha, 1 vaga(s) de garagem.",90571.13,154700.0,41.46,Venda Direta Online,,LAURO DE FREITAS,BA,Não
8787703023830,"AVENIDA JOSE LEITE, N. 2200, Apto 103, BL 19",CAJI,"Apartamento, 99.25 de área total, 40.53 de área privativa, 0.00 de área do terreno,  2 qto(s), WC, 1 sala(s), cozinha.",90161.3,154000.0,41.46,Venda Direta Online,,LAURO DE FREITAS,BA,Não
8555520759675,"AVENIDA JOSÉ LEITE, N. 686, Apto 303, BL 03CONDOMÍNIO GRAN VILLE DAS ARTES",CAJI,"Apartamento, 52.08 de área total, 52.08 de área privativa, 0.00 de área do terreno,  3 qto(s), varanda, a.serv, WC, 1 sala(s), cozinha.",99555.89,168000.0,40.75,Venda Direta Online,,LAURO DE FREITAS,BA,Não
8555534881389,"AVENIDA PROFESSOR THEOCRITO BATISTA, N. 288, Apto 004, BL 18",CAJI,"Apartamento, 83.76 de área total, 39.98 de área privativa, 0.00 de área do terreno,  2 qto(s), a.serv, WC, 1 sala(s), cozinha, 1 vaga(s) de garagem.",100741.08,170000.0,40.75,Licitação Aberta,,LAURO DE FREITAS,BA,Não
8787715849860,"RUA JOSE LEITE, N. 1172, Apto 403, BL 17",CAJI,"Apartamento, 52.53 de área total, 46.29 de área privativa, 0.00 de área do terreno,  2 qto(s), a.serv, WC, 1 sala(s), cozinha, 1 vaga(s) de garagem.",96488.98,162824.61,40.75,Venda Direta Online,,LAURO DE FREITAS,BA,Não
8444406988499,"AVENIDA DA GAIA, N. 28, CS 28, LOT PQ RES SANTA RITA",ITINGA,"Casa, 56.05 de área total, 56.05 de área privativa, 71.25 de área do terreno,  1 qto(s), WC, 1 sala(s), cozinha.",82786.76,137000.0,39.58,Venda Direta Online,,LAURO DE FREITAS,BA,Não
8555519801663,"AV JOSE LEITE, N. 686, Apto 101, BL 10",COND GRAN VILLE DAS,"Apartamento, 112.99 de área total, 52.08 de área privativa, 0.00 de área do terreno,  3 qto(s), a.serv, WC, 1 sala(s), cozinha.",131762.14,218000.0,39.56,Venda Direta Online,,LAURO DE FREITAS,BA,Não
8555510809661,"RUA VEREADOR JONE KISS, N. 581, Apto 301, BL 8",ITINGA,"Apartamento, 78.59 de área total, 59.89 de área privativa, 0.00 de área do terreno,  3 qto(s), a.serv, WC, 1 sala(s), cozinha, 1 vaga(s) de garagem.",135993.04,225000.0,39.56,Venda Direta Online,,LAURO DE FREITAS,BA,Não
8787705597214,"RUA WALDIR PIRES, N. 240, Apto 107, BLOCO 04 VG 50",CENTRO,"Apartamento, 72.48 de área total, 42.56 de área privativa, 0.00 de área do terreno,  2 qto(s), a.serv, WC, 1 sala(s), cozinha, 1 vaga(s) de garagem.",148789.99,243000.0,38.77,Licitação Aberta,,LAURO DE FREITAS,BA,Não
1444402588455,"RUA JOSE LEITE, N. 684, Apto 402, BL 4 - RES MATISSE LIFE",CAJI,"Apartamento, 175.30 de área total, 93.17 de área privativa, 0.00 de área do terreno,  3 qto(s), varanda, a.serv, WC, 2 sala(s), cozinha, Terraco, 1 vaga(s) de garagem.",135326.01,215000.0,37.06,Venda Direta Online,,LAURO DE FREITAS,BA,Não
1444402067951,"RUA DR JOSE CARLOS MINAHIM, N. 294, LT 01, QD G,",PARQUE JOCKEI CLUB,"Casa, 0.00 de área total, 235.99 de área privativa, 529.39 de área do terreno,  3 qto(s), varanda, a.serv, WC, 1 sala(s), 1 lavabo(s), cozinha, 1 vaga(s) de garagem.",433373.72,680000.0,36.27,Licitação Aberta,,LAURO DE FREITAS,BA,Sim
1444407560095,"AVENIDA BRIGADEIRO MARIO EPINGHAUS, N. 1329, Apto 904, BLOCO 03 VG G2",CENTRO,"Apartamento, 81.93 de área total, 66.66 de área privativa, 0.00 de área do terreno,  3 qto(s), varanda, a.serv, WC, 1 sala(s), cozinha, 1 vaga(s) de garagem.",172074.86,270000.0,36.27,Licitação Aberta,,LAURO DE FREITAS,BA,Não
1444408058199,"RUA AILTON SIMAS, N. 288, CASA 03",CENTRO,"Casa, 263.22 de área total, 263.22 de área privativa, 108.00 de área do terreno,  4 qto(s), varanda, a.serv, WC, 2 sala(s), 1 lavabo(s), DCE, cozinha, 2 vaga(s) de garagem.",344149.72,540000.0,36.27,Licitação Aberta,,LAURO DE FREITAS,BA,Sim
1555521256679,"RUA CEZAR A PEDREIRA, N. 475, QD 06",CENTRO,"Casa, 344.00 de área total, 344.00 de área privativa, 565.00 de área do terreno,  4 qto(s), varanda, a.serv, WC, WC Emp, 2 sala(s), DCE, 2 vaga(s) de garagem.",777523.45,1220000.0,36.27,Venda Direta Online,,LAURO DE FREITAS,BA,Sim
10301187,"RUA DOUTOR BARRETO, N. 398, Apto 604, VGS 04 E 05",PITANGUEIRAS,"Apartamento, 0.00 de área total, 192.63 de área privativa, 0.00 de área do terreno, 2 vaga(s) de garagem.",426363.27,669000.0,36.27,Licitação Aberta,,LAURO DE FREITAS,BA,Sim
1444409519114,"RUA 15 DE JANEIRO (ANTIGA RUA CORONEL MESSIAS), N. 890, CS 14",RECREIO IPITANGA,"Casa, 435.20 de área total, 355.93 de área privativa, 435.20 de área do terreno,  3 qto(s), varanda, a.serv, WC, WC Emp, 2 sala(s), DCE, cozinha.",656394.35,1029938.21,36.27,Venda Direta Online,,LAURO DE FREITAS,BA,Sim
1787701564240,"RUA MINISTRO ANTONIO CARLOS MAGALHAES, N. 1238, Apto 707, TORRE 02 VG 144",BURAQUINHO,"Apartamento, 111.23 de área total, 52.15 de área privativa, 0.00 de área do terreno,  2 qto(s), varanda, WC, 1 sala(s), cozinha, 1 vaga(s) de garagem.",290615.32,456000.0,36.27,Licitação Aberta,,LAURO DE FREITAS,BA,Sim
8555523269407,"RUA DOUTOR GERINO DE SOUZA FILHO, N. 5197, Apto 403, BLOCO 05",CAIXA D AGUA,"Apartamento, 49.49 de área total, 42.83 de área privativa, 0.00 de área do terreno,  2 qto(s), a.serv, WC, 1 sala(s), cozinha, 1 vaga(s) de garagem.",150192.17,173000.0,13.19,Leilão SFI - Edital Único,,LAURO DE FREITAS,BA,Não
8555525098391,"RUA JOSE LEITE, N. 332, Apto 6, TP A TOR 19 LT 75 76 77",QUINTAS DO PIQUAIA,"Apartamento, 0.00 de área total, 43.35 de área privativa, 0.00 de área do terreno,  2 qto(s), varanda, a.serv, WC, 1 sala(s), cozinha.",147000.0,147000.0,0.0,Leilão SFI - Edital Único,,LAURO DE FREITAS,BA,Não
1555523867756,"RUA NILTON CALMON, N. 370, Apto 107, TORRE 02",CENTRO,"Apartamento, 95.06 de área total, 69.06 de área privativa, 0.00 de área do terreno,  3 qto(s), WC, 1 sala(s), cozinha, 1 vaga(s) de garagem.",326000.0,326000.0,0.0,Leilão SFI - Edital Único,,LAURO DE FREITAS,BA,Não
8555522137930,"RUA SÃO JOSÉ, N. S/N, Apto 310, BL 01",CENTRO,"Apartamento, 0.00 de área total, 47.87 de área privativa, 0.00 de área do terreno,  2 qto(s), a.serv, WC, 1 sala(s), cozinha, 1 vaga(s) de garagem.",200000.0,200000.0,0.0,Leilão SFI - Edital Único,,LAURO DE FREITAS,BA,Não
8787706962218,"RUA WALDIR PIRES, N. 285, Apto 304, BL 04 VG 34",CENTRO,"Apartamento, 66.08 de área total, 39.96 de área privativa, 0.00 de área do terreno,  2 qto(s), a.serv, WC, 1 sala(s), cozinha, 1 vaga(s) de garagem.",240000.0,240000.0,0.0,Leilão SFI - Edital Único,,LAURO DE FREITAS,BA,Não
10309322,"AVENIDA PRAIA DE ITAPOAN, N. 963, SL 02 - 1º ANDAR",VILAS DO ATLANTICO,"Sala, 0.00 de área total, 15.00 de área privativa, 0.00 de área do terreno.",112500.0,112500.0,0.0,Leilão SFI - Edital Único,,LAURO DE FREITAS,BA,Não
1444403474712,"RUA JURACY MAGALHAES, N. 569, Nº 04",PITANGUEIRAS,"Casa, 176.70 de área total, 122.76 de área privativa, 176.70 de área do terreno,  1 qto(s), varanda, a.serv, WC, 1 sala(s), cozinha, 2 vaga(s) de garagem.",561500.0,561500.0,0.0,Leilão SFI - Edital Único,,LAURO DE FREITAS,BA,Não
1787701779450,"RUA MINISTRO ANTONIO CARLOS MAGALHAES, N. 1238, Apto 105, TR 3",BURAQUINHO,"Apartamento, 114.10 de área total, 53.25 de área privativa, 0.00 de área do terreno,  2 qto(s), varanda, WC, 1 sala(s), cozinha, 1 vaga(s) de garagem.",393000.0,393000.0,0.0,Leilão SFI - Edital Único,,LAURO DE FREITAS,BA,Não
8787709338094,"RUA MINISTRO ANTONIO CARLOS MAGALHAES, N. 1318, Apto 301, BL 3 VG 47",BURAQUINHO,"Apartamento, 55.11 de área total, 42.61 de área privativa, 0.00 de área do terreno,  2 qto(s), varanda, a.serv, WC, 1 sala(s), cozinha, 1 vaga(s) de garagem.",264000.0,264000.0,0.0,Leilão SFI - Edital Único,,LAURO DE FREITAS,BA,Não
8444400689635,"RUA JOSE LEITE, N. 684, Apto 003, BL 12 RES MATISSE LIFE",CAJI,"Apartamento, 80.06 de área total, 50.67 de área privativa, 0.00 de área do terreno,  3 qto(s), varanda, a.serv, WC, 1 sala(s), cozinha, 1 vaga(s) de garagem.",170000.0,170000.0,0.0,Leilão SFI - Edital Único,,LAURO DE FREITAS,BA,Não
8555518683829,"RUA JOSE LEITE, N. 686, Apto 303, BL 08 PAV 3",CAJI,"Apartamento, 0.00 de área total, 52.08 de área privativa, 0.00 de área do terreno,  3 qto(s), varanda, a.serv, WC, 1 sala(s), cozinha, 1 vaga(s) de garagem.",145000.0,145000.0,0.0,Leilão SFI - Edital Único,,LAURO DE FREITAS,BA,Não
8787700630264,"RUA JOSE LEITE, N. 2200, Apto 104, BL 01 RES RESERVA DO PICUAIA",CAJI,"Apartamento, 99.25 de área total, 40.53 de área privativa, 0.00 de área do terreno,  2 qto(s), a.serv, WC, 1 sala(s), cozinha, 1 vaga(s) de garagem.",142031.5,140000.0,0.0,Leilão SFI - Edital Único,,LAURO DE FREITAS,BA,Não
1555530918166,"RUA NILTON CALMON, N. 370, Apto 507, TORRE 02",CENTRO,"Apartamento, 95.06 de área total, 69.06 de área privativa, 0.00 de área do terreno,  3 qto(s), a.serv, WC, 1 sala(s), cozinha, 1 vaga(s) de garagem.",324107.91,317000.0,0.0,Leilão SFI - Edital Único,,LAURO DE FREITAS,BA,Não
8555524337538,"AVENIDA PROFESSOR THEOCRITO BATISTA, N. 929, Apto 203, BL 13 LT QUINTAS DO PIQUAIA VG 206",CAJI,"Apartamento, 68.88 de área total, 42.90 de área privativa, 0.00 de área do terreno,  2 qto(s), a.serv, WC, 1 sala(s), cozinha, 1 vaga(s) de garagem.",143349.55,140000.0,0.0,Leilão SFI - Edital Único,,LAURO DE FREITAS,BA,Não
8555524129765,"RUA DOUTOR GERINO DE SOUZA FILHO, N. 5197, Apto 206, BL 06 VG 204",CAJI,"Apartamento, 52.26 de área total, 45.21 de área privativa, 0.00 de área do terreno,  2 qto(s), a.serv, WC, 1 sala(s), cozinha, 1 vaga(s) de garagem.",179689.64,158000.0,0.0,Leilão SFI - Edital Único,,LAURO DE FREITAS,BA,Não
8444414696574,"CAMINHO 39, N. 65,",ITINGA,"Casa, 52.10 de área total, 52.10 de área privativa, 0.00 de área do terreno,  2 qto(s), a.serv, WC, WC Emp, 1 sala(s), cozinha.",135990.29,115000.0,0.0,Leilão SFI - Edital Único,,LAURO DE FREITAS,BA,Não
8787703695260,"RUA MARTA AGUIAR DA SILVA, N. 475, Apto 202, BLOCO 10",VIDA NOVA,"Apartamento, 61.72 de área total, 40.28 de área privativa, 0.00 de área do terreno,  2 qto(s), WC, 1 sala(s), cozinha, 1 vaga(s) de garagem.",221779.06,175000.0,0.0,Leilão SFI - Edital Único,,LAURO DE FREITAS,BA,Não
1444408067376,"RUA EDGAR B FRANCO, N. 110, 17 C QD T",BURAQUINHO,"Casa, 316.13 de área total, 316.13 de área privativa, 400.00 de área do terreno,  3 qto(s), varanda, a.serv, WC, 1 sala(s), DCE, cozinha.",1055182.0,832000.0,0.0,Leilão SFI - Edital Único,,LAURO DE FREITAS,BA,Não
8555520101033,"AVENIDA PROFESSOR THEOCRITO BATISTA, N. 729, Apto 404, BL 05",CAJI,"Apartamento, 126.29 de área total, 83.25 de área privativa, 0.00 de área do terreno,  2 qto(s), a.serv, WC, 2 sala(s), cozinha, Terraco.",307275.87,229000.0,0.0,Leilão SFI - Edital Único,,LAURO DE FREITAS,BA,Não
8787703126010,"AVENIDA JOSE LEITE, N. 2200, Apto 401, BL 21",CAJI,"Apartamento, 99.25 de área total, 40.53 de área privativa, 0.00 de área do terreno,  2 qto(s), WC, 1 sala(s), cozinha.",243864.37,145000.0,0.0,Leilão SFI - Edital Único,,LAURO DE FREITAS,BA,Não
8787703851130,"AVENIDA PROFESSOR THEOCRITO BATISTA, N. 1253, Apto 201, BL 03",CAJI,"Apartamento, 95.01 de área total, 40.53 de área privativa, 0.00 de área do terreno,  2 qto(s), a.serv, WC, 1 sala(s), cozinha, 1 vaga(s) de garagem.",218009.62,120000.0,0.0,Leilão SFI - Edital Único,,LAURO DE FREITAS,BA,Não
8787702576089,"RUA JOSE LEITE, N. 2200, Apto 403, BL 25 RES ALTO DO PICUAIA",CAJI,"Apartamento, 99.25 de área total, 40.53 de área privativa, 0.00 de área do terreno,  2 qto(s), a.serv, WC, 1 sala(s), cozinha, 1 vaga(s) de garagem.",243864.37,130000.0,0.0,Leilão SFI - Edital Único,,LAURO DE FREITAS,BA,Não
8787703244837,"AVENIDA JOSE LEITE, N. 2200, Apto 401, LOTE 19",CAJI,"Apartamento, 99.25 de área total, 40.53 de área privativa, 0.00 de área do terreno,  2 qto(s), a.serv, WC, 1 sala(s), cozinha.",243864.37,129000.0,0.0,Leilão SFI - Edital Único,,LAURO DE FREITAS,BA,Não
8555534449134,"AVENIDA PROFESSOR THEOCRITO BATISTA, N. 288, Apto 401, BL 08",CAJI,"Apartamento, 83.76 de área total, 39.98 de área privativa, 0.00 de área do terreno,  2 qto(s), a.serv, WC, 1 sala(s), cozinha, 1 vaga(s) de garagem.",209896.22,105000.0,0.0,Leilão SFI - Edital Único,,LAURO DE FREITAS,BA,Não
1444422421750,"RUA SENHOR DO BONFIM, N. 500-A,",Estocada,"Casa, 102.37 de área total, 102.37 de área privativa, 161.07 de área do terreno,  3 qto(s), a.serv, WC, 1 sala(s), cozinha.",156142.0,245000.0,36.27,Venda Direta Online,,LIVRAMENTO DE NOSSA SENHORA,BA,Sim
10221219,"RUA PINA (VIA LOCAL 3), N. 399, QD 06, LT 18",UNIVERSITARIO,"Comercial, 0.00 de área total, 177.35 de área privativa, 200.00 de área do terreno.",326942.23,570000.0,42.65,Venda Direta Online,,LUIS EDUARDO MAGALHAES,BA,Não
8444405386193,"RUA COPAIBA, N. SN, CASA 08  LT2 QD 50",JARDIM DAS ACACIAS,"Casa, 0.00 de área total, 67.93 de área privativa, 131.00 de área do terreno,  2 qto(s), a.serv, WC, cozinha, 1 vaga(s) de garagem.",127366.81,210727.94,39.56,Venda Direta Online,,LUIS EDUARDO MAGALHAES,BA,Não
8444407086936,"RUA DO INGA, N. SN, CASA 03 LOTE 06 QUADRA 115",JARDIM DAS ACACIAS,"Casa, 0.00 de área total, 60.00 de área privativa, 206.52 de área do terreno,  2 qto(s), a.serv, WC, 1 sala(s), cozinha, 1 vaga(s) de garagem.",131157.73,217000.0,39.56,Licitação Aberta,,LUIS EDUARDO MAGALHAES,BA,Não
8787701614408,"RUA ALEMANHA, N. 00074, QUADRA 02",JARDIM IMPERIAL,"Casa, 50.47 de área total, 50.47 de área privativa, 133.00 de área do terreno, 1 vaga(s) de garagem.",126926.84,210000.0,39.56,Licitação Aberta,,LUIS EDUARDO MAGALHAES,BA,Não
8444419379933,"RUA DAS MANACAS, N. 685, CS 02 QD 45 LT 05",TROPICAL VILLE,"Casa, 70.83 de área total, 70.83 de área privativa, 127.50 de área do terreno,  2 qto(s), a.serv, WC, 1 sala(s), cozinha.",183691.35,300000.0,38.77,Licitação Aberta,,LUIS EDUARDO MAGALHAES,BA,Não
8444405283289,"RUA JONATAS BOAZ LIMA BRITTO ANT RUA 17, N. 144, CASA 03, LT 63 QD 19",UNIVERSITARIO,"Casa, 0.00 de área total, 63.02 de área privativa, 73.22 de área do terreno,  2 qto(s), a.serv, WC, 1 sala(s), cozinha, 1 vaga(s) de garagem.",145315.82,237326.07,38.77,Licitação Aberta,,LUIS EDUARDO MAGALHAES,BA,Não
10276280,"RUA SURUÍ, N. S/N, QD 26, LT 15-B",MIMOSO DO OESTE,"Casa, 0.00 de área total, 78.52 de área privativa, 192.00 de área do terreno.",144767.36,230000.0,37.06,Licitação Aberta,,LUIS EDUARDO MAGALHAES,BA,Não
8444404642668,"RUA 10, N. SN, LT 16-B QD 11",LOT RES 90,"Casa, 0.00 de área total, 69.86 de área privativa, 133.40 de área do terreno.",232000.0,232000.0,0.0,Leilão SFI - Edital Único,,LUIS EDUARDO MAGALHAES,BA,Não
8444408050587,"RUA SANTANA, N. 370, CS 01 QD 44 LT 04 E 15",SANTA CRUZ,"Casa, 112.50 de área total, 64.25 de área privativa, 98.00 de área do terreno,  2 qto(s), a.serv, WC, 1 sala(s), cozinha, 1 vaga(s) de garagem.",200000.0,200000.0,0.0,Leilão SFI - Edital Único,,LUIS EDUARDO MAGALHAES,BA,Não
8555512526250,"RUA JACQUES COSTEAU, N. 362, LT 09B QD 121A",JARDIM PARAISO,"Casa, 75.03 de área total, 75.03 de área privativa, 180.00 de área do terreno.",215000.0,215000.0,0.0,Leilão SFI - Edital Único,,LUIS EDUARDO MAGALHAES,BA,Não
1444419139705,"RUA DAS BROMELIAS, N. 683, LT 19 QD 22",TROPICAL VILLE,"Terreno, 0.00 de área total, 0.00 de área privativa, 455.00 de área do terreno.",736899.44,258000.0,0.0,Leilão SFI - Edital Único,,LUIS EDUARDO MAGALHAES,BA,Sim
8444421046717,"RUA RUA JONAS DE SOUZA LEAL, N. 25, Apto 3, PAVIMENTO SUPERIOR",JARDIM MACARANI,"Apartamento, 0.00 de área total, 81.00 de área privativa, 0.00 de área do terreno.",28236.3,104000.0,72.85,Venda Direta Online,,MACARANI,BA,Não
8444419206656,"RUA J, N. SN, QD 20, LT 14",LOT NOVA MACARANI I,"Casa, 61.42 de área total, 61.42 de área privativa, 0.00 de área do terreno,  3 qto(s), a.serv, WC, 1 sala(s), cozinha.",84622.5,168000.0,49.63,Venda Direta Online,,MACARANI,BA,Sim
10305186,"LOTEAMENTO LAURA/ SITIO SANTO ANTONIO, N. 0, 464 LTS, 01 A 14, 19 A 28, 30, 32 A 37",Alto da Colina,"Terreno, 0.00 de área total, 0.00 de área privativa, 34000.00 de área do terreno.",3040000.0,3040000.0,0.0,Leilão SFI - Edital Único,,MAIQUINIQUE,BA,Sim
8444410102360,"RUA SENADOR PAULO SOUTO, N. 340, INDISTRIAL",INDUSTRIAL,"Casa, 0.00 de área total, 63.29 de área privativa, 120.00 de área do terreno,  2 qto(s), WC, 1 sala(s), cozinha.",31034.95,80000.0,61.21,Venda Direta Online,,MALHADA DE PEDRAS,BA,Não
8444407103407,"RUA ISAC SANTOS LIMA, N. 135,",CENTRO,"Casa, 42.40 de área total, 42.40 de área privativa, 82.00 de área do terreno,  2 qto(s), WC, 1 sala(s), cozinha.",105000.0,105000.0,0.0,Leilão SFI - Edital Único,,MEDEIROS NETO,BA,Não
10215244,"POVOADO DE LAGOA DO AUTO - DISTRITO DE QUIXABÁ, N. 00, FAZENDA SÃO PEDRO V",AREA RURAL DE MORPARA,"Imóvel rural, 0.00 de área total, 0.00 de área privativa, 3780374.00 de área do terreno.",1163000.0,1163000.0,0.0,Leilão SFI - Edital Único,,MORPARA,BA,Não
10215424,"POVOADO DE LAGOA DO AUTO - DISTRITO DE QUIXABÁ, N. 00, FAZENDA SÃO PEDRO VI",AREA RURAL DE MORPARA,"Imóvel rural, 0.00 de área total, 0.00 de área privativa, 3279153.00 de área do terreno.",1086000.0,1086000.0,0.0,Leilão SFI - Edital Único,,MORPARA,BA,Não
8555504928344,"RUA PETROBRAS, N. 99, QD Z LOTE 52 E 53",CENTRO,"Casa, 80.00 de área total, 80.00 de área privativa, 148.80 de área do terreno,  3 qto(s), a.serv, WC, 1 sala(s), cozinha, 1 vaga(s) de garagem.",190000.0,190000.0,0.0,Leilão SFI - Edital Único,,MUCURI,BA,Não
8444409446808,"AV. EULÁLIA TEIXEIRA, N. 236, LT 02 QD 11",BONSUCESSO,"Casa, 61.16 de área total, 61.16 de área privativa, 250.00 de área do terreno,  2 qto(s), a.serv, WC, 1 sala(s), cozinha.",150000.0,150000.0,0.0,Leilão SFI - Edital Único,,NOVA VICOSA,BA,Não
8787701678848,"SITIO BARROCA, N. SN, Apto 04, BL 13",BAIXA VERDE,"Apartamento, 63.27 de área total, 47.00 de área privativa, 0.00 de área do terreno,  2 qto(s), a.serv, WC, 1 sala(s), cozinha.",147000.0,147000.0,0.0,Leilão SFI - Edital Único,,PAULO AFONSO,BA,Não
8787703914158,"RUA NOSSA SENHORA APARECIDA, N. SN, Apto 03, BL 24",OLIVEIRA BRITO,"Apartamento, 63.27 de área total, 47.00 de área privativa, 0.00 de área do terreno,  2 qto(s), a.serv, WC, 1 sala(s), cozinha, 1 vaga(s) de garagem.",190000.0,190000.0,0.0,Leilão SFI - Edital Único,,PAULO AFONSO,BA,Não
8444419989804,"RUA A 2 ROD POCOES MORRINHOS KM 3, N. SN, LOT 20 QD M8",CENTRO,"Casa, 0.00 de área total, 42.04 de área privativa, 300.00 de área do terreno.",17321.81,106000.0,83.66,Venda Direta Online,,POCOES,BA,Não
8444418997358,"RUA A-2, N. SN, LT 01, QD M4",JOAQUIM MASCARENHAS,"Terreno, 69.44 de área total, 0.00 de área privativa, 300.00 de área do terreno,  3 qto(s), WC, 1 sala(s), cozinha.",49056.93,101000.0,51.43,Venda Direta Online,,POCOES,BA,Não
8444410113310,"RUA VIELA ANDRE DA ROCHA PINTO, N. 36,",LAGOA GRANDE,"Casa, 63.00 de área total, 63.00 de área privativa, 144.96 de área do terreno,  2 qto(s), varanda, a.serv, WC, 1 sala(s), cozinha.",52843.66,100000.0,47.16,Venda Direta Online,,POCOES,BA,Não
8444419085450,"AREA RURAL DE POCOES, N. SN, LT 01 QD M5 KM 3",AREA RURAL DE POCOES,"Terreno, 0.00 de área total, 0.00 de área privativa, 300.00 de área do terreno.",23643.06,44000.0,46.27,Venda Direta Online,,POCOES,BA,Não
8444419966073,"RUA A-2, N. S/N°, LT 13, QD M1",AGUAS DO SERTAO 2,"Terreno, 0.00 de área total, 0.00 de área privativa, 300.00 de área do terreno.",21493.69,37000.0,41.91,Venda Direta Online,,POCOES,BA,Não
8444420171542,"RUA  A-02, N. SN, LT 44 QD M6",CENTRO,"Terreno, 0.00 de área total, 0.00 de área privativa, 240.00 de área do terreno.",17427.32,30000.0,41.91,Venda Online,,POCOES,BA,Não
8444415518378,"RODOVIA POCOES, N. 28, KM 03 LT 08 QD M13",LAGOA GRANDE,"Casa, 63.00 de área total, 63.00 de área privativa, 139.17 de área do terreno,  3 qto(s), a.serv, WC, 1 sala(s), cozinha, 1 vaga(s) de garagem.",63967.75,110000.0,41.85,Venda Direta Online,,POCOES,BA,Não
8444415389292,"RUA A 04, N. 206, QD M1310, LT 10",MORRINHOS,"Casa, 48.37 de área total, 48.37 de área privativa, 300.00 de área do terreno,  2 qto(s), WC, 1 sala(s), cozinha, 1 vaga(s) de garagem.",53749.56,89000.0,39.61,Venda Direta Online,,POCOES,BA,Não
1444403146693,"R SAO JORGE, N. SN,",NOSSA SRA DE FATIMA,"Casa, 0.00 de área total, 75.60 de área privativa, 132.94 de área do terreno.",63260.1,130857.8,51.66,Venda Online,,PONTO NOVO,BA,Não
8444410481506,"AVENIDA DA IRRIGAÇÃO, N. SN, TRAVESSA N 01",PORTAL DAS AGUAS,"Casa, 50.40 de área total, 50.40 de área privativa, 83.20 de área do terreno,  2 qto(s), varanda, a.serv, WC, 1 sala(s), cozinha, Terraco.",80000.0,80000.0,0.0,Leilão SFI - Edital Único,,PONTO NOVO,BA,Não
10004388,"RUA 01 MARGEM DO RIO DA VILA, N. S/N",ITAPOÃ,"Terreno, 0.00 de área total, 0.00 de área privativa, 14038.87 de área do terreno.",542149.42,1230000.0,55.93,Venda Online,,PORTO SEGURO,BA,Não
8444411771605,"AVENIDA JESUINO OLIVEIRA SOUZA, N. SN, CASA 04",CENTRO,"Casa, 65.90 de área total, 65.90 de área privativa, 112.80 de área do terreno,  2 qto(s), a.serv, WC, 1 sala(s), cozinha, 1 vaga(s) de garagem.",83135.75,142000.0,41.46,Venda Direta Online,,REMANSO,BA,Não
8444401724590,"RUA DO PICHU R. DO AMPARO, N. SN, QD 1 LT 10",CENTRO,"Casa, 48.00 de área total, 48.00 de área privativa, 150.00 de área do terreno,  2 qto(s), WC, 1 sala(s), cozinha.",59000.0,59000.0,0.0,Leilão SFI - Edital Único,,RIBEIRA DO AMPARO,BA,Não
8444417373679,"TRAVESSA ANANIAS RODRIGUES DOS REIS, N. 53,",CENTRO,"Casa, 0.00 de área total, 83.52 de área privativa, 257.85 de área do terreno,  2 qto(s), a.serv, WC, 1 sala(s), cozinha, 1 vaga(s) de garagem.",44176.22,125000.0,64.66,Venda Direta Online,,RIBEIRA DO POMBAL,BA,Não
1444405797730,"RUA E, N. 1420, QD 422, LT 04, SETOR 05",CENTRO,"Casa, 0.00 de área total, 107.00 de área privativa, 125.00 de área do terreno,  3 qto(s), varanda, a.serv, WC, 1 sala(s), cozinha, 1 vaga(s) de garagem.",104559.04,187548.13,44.25,Venda Online,,RIBEIRA DO POMBAL,BA,Não
8444427843201,"RUA RAIMUNDA FELIX, N. 147, QD 113 LT 18 SETOR 06",BAIRRO POMBALZINHO,"Casa, 69.00 de área total, 69.00 de área privativa, 94.36 de área do terreno,  2 qto(s), a.serv, WC, 1 sala(s), cozinha, 1 vaga(s) de garagem.",71654.14,125000.0,42.68,Venda Direta Online,,RIBEIRA DO POMBAL,BA,Não
8444409091872,"RUA I, N. 592, QD 47, LT 03, ST 05",SETOR 05,"Casa, 85.00 de área total, 85.00 de área privativa, 123.22 de área do terreno,  2 qto(s), a.serv, WC, 1 sala(s), cozinha, 1 vaga(s) de garagem.",106667.03,180000.0,40.75,Venda Direta Online,,RIBEIRA DO POMBAL,BA,Não
8444428828982,"AVENIDA MARIA QUITÉRIA, N. 168, QUADRA 07 LOT 18 SETOR 06",Pombalzinho,"Casa, 86.00 de área total, 69.00 de área privativa, 123.64 de área do terreno,  2 qto(s), a.serv, WC, WC Emp, 1 sala(s), cozinha, 1 vaga(s) de garagem.",94815.14,160000.0,40.75,Venda Direta Online,,RIBEIRA DO POMBAL,BA,Não
1444421503273,"RUA DOM JOAO VI, N. 171, QD 11 LT 14",SETOR 02 ZONA NORTE,"Casa, 207.00 de área total, 91.80 de área privativa, 117.30 de área do terreno,  2 qto(s), a.serv, WC, 1 sala(s), cozinha, 1 vaga(s) de garagem.",101904.73,165000.0,38.24,Venda Direta Online,,RIBEIRA DO POMBAL,BA,Não
8444400798566,"RUA MAESTRO REGINALDO DE XANGO, N. 20, Apto 101, BL 20",CAJAZEIRAS VII,"Apartamento, 0.00 de área total, 49.25 de área privativa, 0.00 de área do terreno,  2 qto(s), a.serv, WC, 1 sala(s), cozinha.",40820.24,128501.99,68.24,Venda Direta Online,,SALVADOR,BA,Não
8444409870367,"RUA  PROFESSOR JAIME DE SA MENEZES, N. 50, Apto 301, BL 50",CAJAZEIRAS VII,"Apartamento, 0.00 de área total, 49.25 de área privativa, 0.00 de área do terreno,  2 qto(s), WC, 1 sala(s), cozinha.",43464.69,117000.0,62.86,Venda Direta Online,,SALVADOR,BA,Não
8444413160310,"RUA JORNALISTA JOSE CURVELLO (ANTIGA RUA B), N. 28, Apto 02, QD C BL 28",CAJAZEIRAS XI,"Apartamento, 0.00 de área total, 42.05 de área privativa, 0.00 de área do terreno,  2 qto(s), a.serv, WC, 1 sala(s), cozinha.",41811.45,110000.0,61.99,Venda Direta Online,,SALVADOR,BA,Não
8444406384038,"ALAMEDA A15 N 94 2110, N. 94, QD21 LT10",ALTO DO CABRITO,"Casa, 0.00 de área total, 65.00 de área privativa, 250.00 de área do terreno,  2 qto(s), a.serv, WC, 1 sala(s), cozinha.",46527.01,122000.0,61.87,Venda Direta Online,,SALVADOR,BA,Não
8555511106451,"RUA MONSENHOR JONAS ABIB, N. 75, Apto 203, BL 75",FAZENDA GRANDE III,"Apartamento, 0.00 de área total, 42.05 de área privativa, 0.00 de área do terreno,  2 qto(s), a.serv, WC, 1 sala(s), cozinha.",41319.88,101459.64,59.28,Venda Direta Online,,SALVADOR,BA,Não
8787711307214,"RUA VIVER AREIA BRANCA, N. 65, Apto 402, BL 04",AREIA BRANCA,"Apartamento, 69.89 de área total, 40.53 de área privativa, 0.00 de área do terreno,  2 qto(s), WC, 1 sala(s), cozinha.",57138.47,135000.0,57.68,Venda Direta Online,,SALVADOR,BA,Não
8787704451950,"RUA VIVER SALVADOR, N. 461, Apto 303, BLC 10",AREIA BRANCA,"Apartamento, 0.00 de área total, 40.53 de área privativa, 0.00 de área do terreno,  2 qto(s), WC, 1 sala(s), cozinha.",59162.07,139000.0,57.44,Venda Direta Online,,SALVADOR,BA,Não
8555515181709,"RUA PAULO MAGALHAES DANTAS, N. SN, Apto 49, 1SUB, 1º SUBSOLO",BARREIRAS,"Apartamento, 0.00 de área total, 45.00 de área privativa, 0.00 de área do terreno,  2 qto(s), WC, 2 sala(s), cozinha.",38096.03,88000.0,56.71,Venda Direta Online,,SALVADOR,BA,Não
8787708528779,"RUA 2 DE JULHO, N. 924, Apto 403, BL 12",AREIA BRANCA,"Apartamento, 0.00 de área total, 40.53 de área privativa, 0.00 de área do terreno,  2 qto(s), a.serv, WC, 1 sala(s).",55697.85,125000.0,55.45,Venda Online,,SALVADOR,BA,Não
8787705157877,"RUA VIVER SALVADOR, N. 461, Apto 103, BL 24",AREIA BRANCA,"Apartamento, 105.63 de área total, 40.53 de área privativa, 0.00 de área do terreno,  2 qto(s), a.serv, WC, 1 sala(s), cozinha.",51656.92,113000.0,54.29,Venda Online,,SALVADOR,BA,Não
8787705586417,"RUA VIVER SALVADOR, N. 461, Apto 404, BL 23",AREIA BRANCA,"Apartamento, 105.63 de área total, 40.53 de área privativa, 0.00 de área do terreno,  2 qto(s), a.serv, WC, 1 sala(s), cozinha.",58067.54,125000.0,53.55,Venda Online,,SALVADOR,BA,Não
8787709330956,"RUA VIVER SALVADOR, N. 156, Apto 001, BL 18",AREIA BRANCA,"Apartamento, 72.28 de área total, 40.53 de área privativa, 0.00 de área do terreno,  1 qto(s), a.serv, WC, 1 sala(s), cozinha.",55280.3,119000.0,53.55,Venda Online,,SALVADOR,BA,Não
8787716901335,"RUA GERALDO BRASIL, N. 962, Apto 001, BL 14",CAJAZEIRAS XI,"Apartamento, 120.49 de área total, 40.53 de área privativa, 0.00 de área do terreno,  1 qto(s), a.serv, WC, 1 sala(s), cozinha.",58067.54,125000.0,53.55,Venda Online,,SALVADOR,BA,Não
8787710437793,"RUA VIVER SALVADOR, N. 350, Apto 402, BL 18",AREIA BRANCA,"Apartamento, 0.00 de área total, 40.53 de área privativa, 0.01 de área do terreno,  2 qto(s), a.serv, WC, 1 sala(s), cozinha.",63875.71,136000.0,53.04,Venda Direta Online,,SALVADOR,BA,Não
8787710247153,"RUA VIVER SALVADOR, N. 350, Apto 03, BL 15",AREIA BRANCA,"Apartamento, 70.96 de área total, 40.53 de área privativa, 0.00 de área do terreno,  2 qto(s), a.serv, WC, 1 sala(s), cozinha.",74903.96,158000.0,52.6,Venda Direta Online,,SALVADOR,BA,Não
8787712518880,"RUA GERALDO BRASIL, N. 962, Apto 304, BLOCO 24 4 PAVIMENTO",CAJAZEIRAS XI,"Apartamento, 120.49 de área total, 40.53 de área privativa, 0.00 de área do terreno,  2 qto(s), WC, 1 sala(s), cozinha.",73615.04,155000.0,52.51,Venda Direta Online,,SALVADOR,BA,Não
8787705664205,"RUA VIVER SALVADOR, N. 461, Apto 303, BL 18",AREIA BRANCA,"Apartamento, 105.63 de área total, 40.53 de área privativa, 0.00 de área do terreno,  2 qto(s), a.serv, WC, 1 sala(s), cozinha.",59775.41,125000.0,52.18,Venda Direta Online,,SALVADOR,BA,Não
8787709639035,"RUA VIVER SALVADOR, N. 1852, Apto 303, BL 23",AREIA BRANCA,"Apartamento, 0.00 de área total, 40.53 de área privativa, 0.00 de área do terreno,  2 qto(s), a.serv, WC, 1 sala(s), cozinha.",57384.39,120000.0,52.18,Venda Direta Online,,SALVADOR,BA,Não
8787716737853,"RUA GERALDO BRASIL, N. 962, Apto 01, BL 18 PAV 01",FAZENDA GRANDE I,"Apartamento, 120.49 de área total, 40.53 de área privativa, 0.00 de área do terreno,  1 qto(s), a.serv, WC, 1 sala(s), cozinha.",57862.6,121000.0,52.18,Venda Direta Online,,SALVADOR,BA,Não
8787714414810,"RUA VIVER SALVADOR, N. 602, Apto 301, BL 03, R VIVER AREIA BRANCA, 65",AREIA BRANCA,"Apartamento, 0.00 de área total, 40.53 de área privativa, 0.00 de área do terreno,  2 qto(s), a.serv, WC, 1 sala(s), cozinha.",57302.42,119000.0,51.85,Venda Direta Online,,SALVADOR,BA,Não
8444412707838,"RUA PREFEITURA, N. 166, Apto 202, .",PERIPERI,"Apartamento, 0.00 de área total, 66.00 de área privativa, 0.00 de área do terreno,  2 qto(s), a.serv, WC, 1 sala(s), cozinha.",66705.25,138393.71,51.81,Venda Online,,SALVADOR,BA,Não
8787705150171,"RUA VIVER SALVADOR, N. 461, Apto 101, BL 25",AREIA BRANCA,"Apartamento, 105.63 de área total, 40.53 de área privativa, 0.00 de área do terreno,  2 qto(s), a.serv, WC, 1 sala(s), cozinha.",65270.92,135000.0,51.66,Venda Direta Online,,SALVADOR,BA,Não
8787707930581,"RUA VIVER SALVADOR, N. 156, Apto 102, BL 03",AREIA BRANCA,"Apartamento, 72.28 de área total, 40.53 de área privativa, 0.00 de área do terreno,  2 qto(s), a.serv, WC, 1 sala(s), cozinha.",62708.44,129700.0,51.66,Venda Direta Online,,SALVADOR,BA,Não
8787708465211,"RUA VIVER SALVADOR, N. 156, Apto 001, BL 09",AREIA BRANCA,"Apartamento, 72.28 de área total, 40.53 de área privativa, 0.00 de área do terreno,  1 qto(s), a.serv, WC, 1 sala(s), cozinha.",64787.44,134000.0,51.66,Venda Direta Online,,SALVADOR,BA,Não
8787708982712,"RUA VIVER SALVADOR, N. 350, Apto 004, 004, 6",AREIA BRANCA,"Apartamento, 70.96 de área total, 40.53 de área privativa, 0.00 de área do terreno,  2 qto(s), WC, 1 sala(s), cozinha.",63820.46,132000.0,51.66,Venda Direta Online,,SALVADOR,BA,Não
8787709024979,"RUA VIVER SALVADOR, N. 350, Apto 302, BL 01",AREIA BRANCA,"Apartamento, 70.96 de área total, 40.53 de área privativa, 0.00 de área do terreno,  2 qto(s), a.serv, WC, 1 sala(s), cozinha.",61886.51,128000.0,51.66,Venda Direta Online,,SALVADOR,BA,Não
8787709124302,"RUA VIVER SALVADOR, N. 350, Apto 103, BL 02",AREIA BRANCA,"Apartamento, 70.96 de área total, 40.53 de área privativa, 0.00 de área do terreno,  2 qto(s), WC, 1 sala(s), cozinha.",64303.95,133000.0,51.66,Venda Direta Online,,SALVADOR,BA,Não
8787709212635,"RUA VIVER SALVADOR, N. 350, Apto 403, BL 06",AREIA BRANCA,"Apartamento, 70.96 de área total, 40.53 de área privativa, 0.00 de área do terreno,  2 qto(s), a.serv, WC, 1 sala(s), cozinha.",64303.95,133000.0,51.66,Venda Direta Online,,SALVADOR,BA,Não
8787710357919,"RUA VIVER SALVADOR, N. 350, Apto 103, BL 13",AREIA BRANCA,"Apartamento, 70.96 de área total, 40.53 de área privativa, 0.00 de área do terreno,  2 qto(s), a.serv, WC, 1 sala(s), cozinha.",64787.44,134000.0,51.66,Venda Direta Online,,SALVADOR,BA,Não
8787710374244,"RUA VIVER SALVADOR, N. 350, Apto 303, BL 22",AREIA BRANCA,"Apartamento, 70.96 de área total, 40.53 de área privativa, 0.00 de área do terreno,  2 qto(s), a.serv, WC, 1 sala(s), cozinha.",61403.02,127000.0,51.66,Venda Direta Online,,SALVADOR,BA,Não
8787710418497,"RUA VIVER SALVADOR, N. 350, Apto 303, BL 21",AREIA BRANCA,"Apartamento, 70.96 de área total, 40.53 de área privativa, 0.00 de área do terreno,  2 qto(s), a.serv, WC, 1 sala(s), cozinha.",64545.69,133500.0,51.66,Venda Direta Online,,SALVADOR,BA,Não
8787710572461,"RUA VIVER SALVADOR, N. 350, Apto 401, BL 19",AREIA BRANCA,"Apartamento, 70.96 de área total, 40.53 de área privativa, 0.00 de área do terreno,  2 qto(s), a.serv, WC, 1 sala(s), cozinha.",62853.48,130000.0,51.66,Venda Online,,SALVADOR,BA,Não
8787712167211,"RUA VIVER AREIA BRANCA, N. 168, Apto 04, BL14",AREIA BRANCA,"Apartamento, 0.00 de área total, 40.53 de área privativa, 0.00 de área do terreno,  2 qto(s), a.serv, WC, 1 sala(s), cozinha.",62853.48,130000.0,51.66,Venda Online,,SALVADOR,BA,Não
8787712398787,"RUA VIVER SALVADOR, N. 350, Apto 101, BL 17",AREIA BRANCA,"Apartamento, 70.96 de área total, 40.53 de área privativa, 0.00 de área do terreno,  2 qto(s), a.serv, WC, 1 sala(s), cozinha.",63820.46,132000.0,51.66,Venda Direta Online,,SALVADOR,BA,Não
8787714692364,"RUA GERALDO BRASIL, N. 962, Apto 303, BL 22 PAV 04",FAZENDA GRANDE I,"Apartamento, 120.49 de área total, 40.53 de área privativa, 0.00 de área do terreno,  2 qto(s), WC, 1 sala(s), cozinha.",66237.9,137000.0,51.66,Venda Direta Online,,SALVADOR,BA,Não
8787710252564,"RUA VIVER SALVADOR, N. 350, Apto 001, BL 16",AREIA BRANCA,"Apartamento, 70.96 de área total, 40.53 de área privativa, 0.00 de área do terreno,  1 qto(s), WC, 1 sala(s), cozinha.",60385.26,123931.25,51.28,Venda Direta Online,,SALVADOR,BA,Não
8787700952946,"RUA CABACEIRAS, N. 383, Apto 01, BL 1",ILHA AMARELA,"Apartamento, 95.02 de área total, 40.05 de área privativa, 0.00 de área do terreno,  2 qto(s), a.serv, WC, 1 sala(s), cozinha.",71812.85,146885.24,51.11,Venda Direta Online,,SALVADOR,BA,Não
8787708690550,"RUA 2 DE JULHO, N. 924, Apto 304, BL 24",AREIA BRANCA,"Apartamento, 0.00 de área total, 40.53 de área privativa, 0.00 de área do terreno,  2 qto(s), a.serv, WC, 1 sala(s), cozinha.",73824.58,151000.0,51.11,Venda Online,,SALVADOR,BA,Não
8787709621292,"RUA VIVER SALVADOR, N. 350, Apto 201, BL 06",AREIA BRANCA,"Apartamento, 0.00 de área total, 40.53 de área privativa, 0.00 de área do terreno,  2 qto(s), a.serv, WC, 1 sala(s), cozinha.",75511.55,154450.53,51.11,Venda Online,,SALVADOR,BA,Não
8787709007438,"RUA VIVER SALVADOR, N. 350, Apto 001, BL 01",AREIA BRANCA,"Apartamento, 70.96 de área total, 40.53 de área privativa, 0.00 de área do terreno,  1 qto(s), a.serv, WC, 1 sala(s), cozinha.",59515.82,121000.0,50.82,Venda Online,,SALVADOR,BA,Não
8787709094250,"RUA VIVER SALVADOR, N. 350, Apto 304, BL 03",AREIA BRANCA,"Apartamento, 70.96 de área total, 40.53 de área privativa, 0.00 de área do terreno,  2 qto(s), a.serv, WC, 1 sala(s), cozinha.",56072.75,114000.0,50.82,Venda Online,,SALVADOR,BA,Não
8787712187107,"RUA VIVER SALVADOR, N. 350, Apto 401, BL 18",AREIA BRANCA,"Apartamento, 0.00 de área total, 40.53 de área privativa, 0.00 de área do terreno,  2 qto(s), a.serv, WC, 1 sala(s), cozinha.",59515.82,121000.0,50.82,Venda Direta Online,,SALVADOR,BA,Não
8787712757795,"RUA VIVER AREIA BRANCA, N. 168, Apto 401, BL 11",AREIA BRANCA,"Apartamento, 0.00 de área total, 40.53 de área privativa, 0.00 de área do terreno,  2 qto(s), a.serv, WC, 1 sala(s), cozinha.",57745.09,117400.0,50.82,Venda Direta Online,,SALVADOR,BA,Não
8787712837446,"RUA VIVER SALVADOR, N. 350, Apto 402, BL 01",AREIA BRANCA,"Apartamento, 70.96 de área total, 40.53 de área privativa, 0.00 de área do terreno,  2 qto(s), WC, 1 sala(s), cozinha.",57745.09,117400.0,50.82,Venda Direta Online,,SALVADOR,BA,Não
8787701222054,"RUA CABACEIRAS, N. 383, Apto 001, APTO 001 - BLOCO 02",PLATAFORMA,"Apartamento, 95.02 de área total, 40.05 de área privativa, 0.00 de área do terreno,  1 qto(s), a.serv, WC, 1 sala(s), cozinha.",62040.14,126000.0,50.77,Venda Direta Online,,SALVADOR,BA,Não
1444406066399,"RUA DA SABOARIA, N. 17E, Apto 17E,  LT 56, QD 182",BOA VISTA DE SAO CAETANO,"Apartamento, 0.00 de área total, 70.00 de área privativa, 0.00 de área do terreno,  3 qto(s), WC, 1 sala(s), cozinha, 1 vaga(s) de garagem.",39385.96,80000.0,50.77,Venda Direta Online,,SALVADOR,BA,Não
8787711675590,"RUA VIVER SALVADOR, N. 1852, Apto 304, BLOCO 09",AREIA BRANCA,"Apartamento, 0.00 de área total, 40.53 de área privativa, 0.00 de área do terreno,  2 qto(s), WC, 1 sala(s), cozinha.",65979.21,134000.0,50.77,Venda Online,,SALVADOR,BA,Não
8787715093456,"RUA VIVER SALVADOR, N. 350, Apto 303, BL 11",AREIA BRANCA,"Apartamento, 70.96 de área total, 40.53 de área privativa, 0.00 de área do terreno,  2 qto(s), WC, 1 sala(s), cozinha.",63024.91,128000.0,50.77,Venda Direta Online,,SALVADOR,BA,Não
8787713255009,"RUA VIVER AREIA BRANCA, N. 168, Apto 204, BL 01",AREIA BRANCA,"Apartamento, 0.00 de área total, 40.53 de área privativa, 0.00 de área do terreno,  2 qto(s), a.serv, WC, 1 sala(s), cozinha.",78232.85,158000.0,50.49,Venda Direta Online,,SALVADOR,BA,Não
8787705170814,"RUA VIVER SALVADOR, N. 461, Apto 402, BL 25, 5º PAVIMENTO",AREIA BRANCA,"Apartamento, 0.00 de área total, 40.53 de área privativa, 0.00 de área do terreno,  2 qto(s), a.serv, WC, 1 sala(s), cozinha.",62660.08,126000.0,50.27,Venda Online,,SALVADOR,BA,Não
8787706197406,"RUA VIVER SALVADOR, N. 461, Apto 303, BL 21",AREIA BRANCA,"Apartamento, 105.63 de área total, 40.53 de área privativa, 0.00 de área do terreno,  2 qto(s), a.serv, WC, 1 sala(s), cozinha.",63654.69,128000.0,50.27,Venda Online,,SALVADOR,BA,Não
8787708244762,"RUA VIVER SALVADOR, N. 156, Apto 302, BL 09",AREIA BRANCA,"Apartamento, 72.28 de área total, 40.53 de área privativa, 0.00 de área do terreno,  2 qto(s), a.serv, WC, 1 sala(s), cozinha.",63225.9,127137.77,50.27,Venda Online,,SALVADOR,BA,Não
8787711837922,"RUA VIVER SALVADOR, N. 350, Apto 202, BL 06 PAV 03",AREIA BRANCA,"Apartamento, 70.96 de área total, 40.53 de área privativa, 0.00 de área do terreno,  2 qto(s), a.serv, WC, 1 sala(s), cozinha.",68627.71,138000.0,50.27,Venda Direta Online,,SALVADOR,BA,Não
8787712528567,"RUA VIVER AREIA BRANCA, N. 168, Apto 302, BL 05",AREIA BRANCA,"Apartamento, 0.00 de área total, 40.53 de área privativa, 0.00 de área do terreno,  2 qto(s), a.serv, WC, 1 sala(s), cozinha.",67135.8,135000.0,50.27,Venda Direta Online,,SALVADOR,BA,Não
8787713459690,"RUA VIVER SALVADOR, N. 350, Apto 202, BL 02",AREIA BRANCA,"Apartamento, 70.96 de área total, 40.53 de área privativa, 0.00 de área do terreno,  2 qto(s), WC, 1 sala(s), cozinha.",65718.49,132150.0,50.27,Venda Direta Online,,SALVADOR,BA,Não
8787712303085,"RUA GERALDO BRASIL, N. SN, Apto 203, BL 15",CAJAZEIRAS XI,"Apartamento, 0.00 de área total, 40.53 de área privativa, 0.00 de área do terreno,  2 qto(s), a.serv, WC, 1 sala(s), cozinha.",67135.8,135000.0,50.27,Venda Direta Online,,SALVADOR,BA,Não
8444406708453,"CAMINHO 14 QD C, N. 27, Apto 304,",AGUAS CLARAS,"Apartamento, 45.46 de área total, 42.05 de área privativa, 0.00 de área do terreno,  2 qto(s), a.serv, WC, 1 sala(s), cozinha.",55334.14,111000.0,50.15,Venda Direta Online,,SALVADOR,BA,Não
8444401190405,"RUA MARCELO CARIBE DE CARVALHO, N. 06, Apto 103, SETOR I BL 6",FAZENDA GRANDE IV,"Apartamento, 0.00 de área total, 40.05 de área privativa, 0.00 de área do terreno,  2 qto(s), WC, 1 sala(s), cozinha.",54748.56,109000.0,49.78,Venda Online,,SALVADOR,BA,Não
8787706847834,"RUA DO LUXEMBURGO, N. SN, Apto 01, BL 13",GRANJAS RURAIS PRESIDENTE VARGAS,"Apartamento, 60.85 de área total, 40.53 de área privativa, 0.00 de área do terreno,  2 qto(s), a.serv, WC, 1 sala(s), cozinha.",77945.34,155000.0,49.72,Venda Direta Online,,SALVADOR,BA,Não
8787711686304,"RUA VIVER SALVADOR, N. 1852, Apto 401, BL. 13",AREIA BRANCA,"Apartamento, 40.53 de área total, 40.53 de área privativa, 0.00 de área do terreno,  2 qto(s), WC, 1 sala(s), cozinha.",76939.59,153000.0,49.72,Venda Online,,SALVADOR,BA,Não
8787710683727,"RUA GERALDO BRASIL, N. 962, Apto 104, BLOCO 5",FAZENDA GRANDE I,"Apartamento, 120.49 de área total, 40.53 de área privativa, 0.00 de área do terreno,  2 qto(s), a.serv, WC, 1 sala(s), cozinha.",70402.24,140000.0,49.72,Venda Direta Online,,SALVADOR,BA,Não
1101870003020,"RUA HEIDE CARNEIRO, N. 27, Apto SN, LT 13, QD O, PAVIMENTO SUPERIOR",TROBOGY,"Apartamento, 0.00 de área total, 120.00 de área privativa, 0.00 de área do terreno.",114806.8,228000.0,49.65,Venda Direta Online,,SALVADOR,BA,Sim
8787710829721,"RUA GERALDO BRASIL, N. SN, Apto 002, BL 09",CAJAZEIRAS XI,"Apartamento, 120.49 de área total, 40.53 de área privativa, 0.00 de área do terreno,  2 qto(s), a.serv, WC, 1 sala(s), cozinha.",84086.91,166936.68,49.63,Venda Online,,SALVADOR,BA,Sim
8444429234776,"RUA WALFRIDO MORAES, N. 06, Apto 301, BL 06",CAJAZEIRAS V,"Apartamento, 49.25 de área total, 49.25 de área privativa, 0.00 de área do terreno,  2 qto(s), a.serv, WC, 1 sala(s), cozinha.",51897.34,103000.0,49.62,Venda Online,,SALVADOR,BA,Não
8787707011055,"RUA VIVER SALVADOR, N. 461, Apto 303, BL 19 PAV 04",AREIA BRANCA,"Apartamento, 0.00 de área total, 40.53 de área privativa, 0.00 de área do terreno,  2 qto(s), a.serv, WC, 1 sala(s), cozinha.",60663.5,120000.0,49.45,Venda Direta Online,,SALVADOR,BA,Não
8787707499678,"RUA 02 DE JULHO, N. 924, Apto 201, BL 02",AREIA BRANCA,"Apartamento, 0.00 de área total, 40.53 de área privativa, 0.00 de área do terreno,  2 qto(s), a.serv, WC, 1 sala(s), cozinha.",63191.15,125000.0,49.45,Venda Direta Online,,SALVADOR,BA,Não
8787708447868,"RUA VIVER SALVADOR, N. 156, Apto 302, BL 13",AREIA BRANCA,"Apartamento, 72.28 de área total, 40.53 de área privativa, 0.00 de área do terreno,  2 qto(s), a.serv, WC, 1 sala(s), cozinha.",60663.5,120000.0,49.45,Venda Online,,SALVADOR,BA,Não
8787708866496,"RUA VIVER SALVADOR, N. 156, Apto 304, BL 09",AREIA BRANCA,"Apartamento, 72.28 de área total, 40.53 de área privativa, 0.00 de área do terreno,  2 qto(s), a.serv, WC, 1 sala(s), cozinha.",61758.67,122166.38,49.45,Venda Online,,SALVADOR,BA,Não
8787712221933,"RUA VIVER AREIA BRANCA, N. 168, Apto 101, BL 10 PAVIMENTO 1 TIPO",AREIA BRANCA,"Apartamento, 70.47 de área total, 40.53 de área privativa, 0.00 de área do terreno,  2 qto(s), WC, 1 sala(s), cozinha.",59450.24,117600.0,49.45,Venda Online,,SALVADOR,BA,Não
8787712246014,"RUA VIVER AREIA BRANCA, N. 168, Apto 303, BL 12 4 PAVIMENTO E 3 PAVIMENTO TIPO",AREIA BRANCA,"Apartamento, 70.47 de área total, 40.53 de área privativa, 0.00 de área do terreno,  2 qto(s), a.serv, WC, 1 sala(s), cozinha.",61169.03,121000.0,49.45,Venda Online,,SALVADOR,BA,Não
8787712082216,"RUA GERALDO BRASIL, Apto 301, BL 01",CAJAZEIRAS XI,"Apartamento, 0.00 de área total, 40.53 de área privativa, 0.00 de área do terreno,  2 qto(s), WC, 1 sala(s), cozinha.",60461.29,119600.0,49.45,Venda Direta Online,,SALVADOR,BA,Não
8787711765808,"RUA VIVER SALVADOR, N. 602, Apto 102, BLOCO 7",AREIA BRANCA,"Apartamento, 69.89 de área total, 40.53 de área privativa, 0.00 de área do terreno,  2 qto(s), a.serv, WC, 1 sala(s), cozinha.",65892.31,130000.0,49.32,Venda Online,,SALVADOR,BA,Não
8787708292732,"RUA VIVER SALVADOR, N. 156, Apto 404, BL 06",AREIA BRANCA,"Apartamento, 0.00 de área total, 40.53 de área privativa, 0.01 de área do terreno,  2 qto(s), a.serv, WC, 1 sala(s), cozinha, 1 vaga(s) de garagem.",53459.99,105000.0,49.09,Venda Online,,SALVADOR,BA,Não
8787709708185,"RUA 2 DE JULHO, N. 924, Apto 203, BL 23",AREIA BRANCA,"Apartamento, 0.00 de área total, 40.53 de área privativa, 0.00 de área do terreno,  1 qto(s), a.serv, WC, 1 sala(s), cozinha.",68366.62,134000.0,48.99,Venda Direta Online,,SALVADOR,BA,Não
8787706211026,"RUA VIVER SALVADOR, N. 461, Apto 302, BL  22",AREIA BRANCA,"Apartamento, 105.63 de área total, 40.53 de área privativa, 0.00 de área do terreno,  2 qto(s), a.serv, WC, 1 sala(s), cozinha.",66445.1,130000.0,48.89,Venda Online,,SALVADOR,BA,Não
8787708037031,"RUA 2 DE JULHO, N. 924, Apto 02, BL 06",AREIA BRANCA,"Apartamento, 0.00 de área total, 40.53 de área privativa, 0.00 de área do terreno,  2 qto(s), a.serv, WC, 1 sala(s), cozinha.",69511.8,136000.0,48.89,Venda Direta Online,,SALVADOR,BA,Não
8787708588844,"RUA VIVER SALVADOR, N. 156, Apto 104, BL 13",AREIA BRANCA,"Apartamento, 72.28 de área total, 40.53 de área privativa, 0.00 de área do terreno,  2 qto(s), a.serv, WC, 1 sala(s), cozinha.",67978.46,133000.0,48.89,Venda Online,,SALVADOR,BA,Não
8787708789351,"RUA VIVER SALVADOR, N. 156, Apto 102, BL 17",AREIA BRANCA,"Apartamento, 72.28 de área total, 40.53 de área privativa, 0.00 de área do terreno,  2 qto(s), WC, 1 sala(s), cozinha.",67467.34,132000.0,48.89,Venda Online,,SALVADOR,BA,Não
8787710375160,"RUA VIVER SALVADOR, N. 350, Apto 201, BL  21",AREIA BRANCA,"Apartamento, 70.96 de área total, 40.53 de área privativa, 0.00 de área do terreno,  2 qto(s), WC, 1 sala(s), cozinha.",64428.87,126055.24,48.89,Venda Online,,SALVADOR,BA,Não
8787710450447,"RUA VIVER SALVADOR, N. 350, Apto 003, BL20",AREIA BRANCA,"Apartamento, 70.96 de área total, 40.53 de área privativa, 0.00 de área do terreno,  2 qto(s), a.serv, WC, 1 sala(s), cozinha.",69000.68,135000.0,48.89,Venda Online,,SALVADOR,BA,Não
8787710619166,"RUA VIVER SALVADOR, N. 350, Apto 403, BL 18",AREIA BRANCA,"Apartamento, 70.96 de área total, 40.53 de área privativa, 0.00 de área do terreno,  2 qto(s), a.serv, WC, 1 sala(s), cozinha.",65542.63,128234.3,48.89,Venda Online,,SALVADOR,BA,Não
8787711943080,"RUA VIVER SALVADOR, N. 602, Apto 104, BL 17",AREIA BRANCA,"Apartamento, 0.00 de área total, 40.53 de área privativa, 0.00 de área do terreno,  2 qto(s), a.serv, WC, 1 sala(s), cozinha.",66291.78,129700.0,48.89,Venda Online,,SALVADOR,BA,Não
8787712536420,"RUA VIVER AREIA BRANCA, N. 168, Apto 401, BL 03, 4 PAV TIPO",AREIA BRANCA,"Apartamento, 70.47 de área total, 40.53 de área privativa, 0.00 de área do terreno,  2 qto(s), a.serv, WC, 1 sala(s), cozinha.",67467.34,132000.0,48.89,Venda Online,,SALVADOR,BA,Não
8787712703318,"RUA VIVER AREIA BRANCA, N. 168, Apto 402, BL17",AREIA BRANCA,"Apartamento, 70.47 de área total, 40.53 de área privativa, 0.00 de área do terreno,  2 qto(s), WC, 1 sala(s), cozinha.",66445.1,130000.0,48.89,Venda Online,,SALVADOR,BA,Não
8787712843160,"RUA VIVER AREIA BRANCA, N. 168, Apto 201, BL 19",AREIA BRANCA,"Apartamento, 70.47 de área total, 40.53 de área privativa, 0.00 de área do terreno,  2 qto(s), a.serv, WC, 1 sala(s), cozinha, 1 vaga(s) de garagem.",72231.49,141000.0,48.78,Venda Online,,SALVADOR,BA,Não
1444405346541,"3 TRAVESSA HEIDE CARNEIRO, N. 55, Apto 001,",PATAMARES,"Apartamento, 54.00 de área total, 54.00 de área privativa, 0.00 de área do terreno,  2 qto(s), varanda, WC, 1 sala(s), cozinha.",54351.37,106000.0,48.73,Venda Direta Online,,SALVADOR,BA,Não
8787713180505,"RUA VEREADOR ZEZEU RIBEIRO, N. 613, Apto 004, BL 07",FAZENDA GRANDE I,"Apartamento, 91.87 de área total, 40.53 de área privativa, 0.00 de área do terreno,  2 qto(s), a.serv, WC, 1 sala(s), cozinha.",109429.06,213000.0,48.63,Venda Online,,SALVADOR,BA,Não
8787710414548,"RUA VIVER SALVADOR, N. 350, Apto 404, BLOCO 24",AREIA BRANCA,"Apartamento, 70.96 de área total, 40.53 de área privativa, 0.00 de área do terreno,  2 qto(s), a.serv, WC, 1 sala(s), cozinha.",62940.99,122000.0,48.41,Venda Online,,SALVADOR,BA,Não
8787710699500,"RUA GERALDO BRASIL, N. 962, Apto 403, BL 06",CAJAZEIRAS XI,"Apartamento, 40.53 de área total, 40.53 de área privativa, 0.00 de área do terreno,  2 qto(s), WC, 1 sala(s), cozinha.",61702.81,119600.0,48.41,Venda Direta Online,,SALVADOR,BA,Não
8787707705820,"RUA 2 DE JULHO, N. 924, Apto 402, BL 19",AREIA BRANCA,"Apartamento, 72.28 de área total, 40.53 de área privativa, 0.00 de área do terreno,  2 qto(s), a.serv, WC, 1 sala(s), cozinha.",71841.02,139000.0,48.32,Venda Online,,SALVADOR,BA,Não
8787708971109,"RUA VIVER SALVADOR, N. 350, Apto 402, BL 05",AREIA BRANCA,"Apartamento, 70.96 de área total, 40.53 de área privativa, 0.00 de área do terreno,  2 qto(s), a.serv, WC, 1 sala(s), cozinha.",71841.02,139000.0,48.32,Venda Online,,SALVADOR,BA,Não
8787712936991,"RUA VIVER AREIA BRANCA, N. 168, Apto 104, AP 104 BL 16",AREIA BRANCA,"Apartamento, 70.47 de área total, 40.53 de área privativa, 0.00 de área do terreno,  2 qto(s), a.serv, WC, 1 sala(s), cozinha.",78043.12,151000.0,48.32,Venda Direta Online,,SALVADOR,BA,Não
8787714154451,"RUA VIVER AREIA BRANCA, N. 168, Apto 004, BL 24 1 PAVIMENTO TERREO",AREIA BRANCA,"Apartamento, 70.47 de área total, 40.53 de área privativa, 0.00 de área do terreno,  2 qto(s), a.serv, WC, 1 sala(s), cozinha.",73908.38,143000.0,48.32,Venda Online,,SALVADOR,BA,Não
8787715866340,"RUA VIVER AREIA BRANCA, N. 168, Apto 303, BL16",AREIA BRANCA,"Apartamento, 70.47 de área total, 40.53 de área privativa, 0.00 de área do terreno,  2 qto(s), WC, 1 sala(s), cozinha.",74166.81,143500.0,48.32,Venda Online,,SALVADOR,BA,Não
8787711471030,"RUA GERALDO BRASIL, N. 962, Apto 004, BL01",FAZENDA GRANDE I,"Apartamento, 120.49 de área total, 40.53 de área privativa, 0.00 de área do terreno,  2 qto(s), a.serv, WC, 1 sala(s), cozinha.",78043.12,151000.0,48.32,Venda Direta Online,,SALVADOR,BA,Não
8787705128664,"RUA VIVER SALVADOR, N. 1852, Apto 401, BL 23 (ANTIGA RUA 02 de JULHO)",AREIA BRANCA,"Apartamento, 0.00 de área total, 40.53 de área privativa, 0.00 de área do terreno,  2 qto(s), a.serv, WC, 1 sala(s), cozinha.",64379.82,124000.0,48.09,Venda Direta Online,,SALVADOR,BA,Não
8787712891920,"RUA VIVER AREIA BRANCA, N. 168, Apto 303, BL 18",AREIA BRANCA,"Apartamento, 0.00 de área total, 40.53 de área privativa, 0.00 de área do terreno,  2 qto(s), a.serv, WC, 1 sala(s), cozinha.",63986.94,123243.28,48.09,Venda Online,,SALVADOR,BA,Não
8787711406298,"RUA GERALDO BRASIL, N. 962, Apto 004, BL 08",FAZENDA GRANDE I,"Apartamento, 0.00 de área total, 40.53 de área privativa, 0.00 de área do terreno,  2 qto(s), a.serv, WC, 1 sala(s), cozinha.",64639.42,124500.0,48.09,Venda Direta Online,,SALVADOR,BA,Não
8787708528019,"RUA VIVER SALVADOR, N. 1852, Apto 101, BLOCO 11",AREIA BRANCA,"Apartamento, 72.28 de área total, 40.53 de área privativa, 0.00 de área do terreno,  2 qto(s), a.serv, WC, 1 sala(s), cozinha.",67774.95,130000.0,47.87,Venda Online,,SALVADOR,BA,Não
8787709104557,"RUA VIVER SALVADOR, N. 350, Apto 402, BL 6",AREIA BRANCA,"Apartamento, 70.96 de área total, 40.53 de área privativa, 0.00 de área do terreno,  2 qto(s), a.serv, WC, 1 sala(s), cozinha.",66732.26,128000.0,47.87,Venda Direta Online,,SALVADOR,BA,Não
8787710236321,"RUA VIVER SALVADOR, N. 350, Apto 01, BL 05",AREIA BRANCA,"Apartamento, 70.96 de área total, 40.53 de área privativa, 0.00 de área do terreno,  1 qto(s), a.serv, WC, 1 sala(s), cozinha.",68817.64,132000.0,47.87,Venda Direta Online,,SALVADOR,BA,Não
8787711687785,"RUA VIVER SALVADOR, N. 602, Apto 303, BL 10",AREIA BRANCA,"Apartamento, 69.89 de área total, 40.53 de área privativa, 0.00 de área do terreno,  2 qto(s), a.serv, WC, 1 sala(s), cozinha.",69520.83,133348.8,47.87,Venda Online,,SALVADOR,BA,Não
8787712108665,"RUA VIVER SALVADOR, N. 350, Apto 104, BL 11",AREIA BRANCA,"Apartamento, 70.96 de área total, 40.53 de área privativa, 0.00 de área do terreno,  2 qto(s), a.serv, WC, 1 sala(s), cozinha.",67774.95,130000.0,47.87,Venda Online,,SALVADOR,BA,Não
8787712547480,"RUA VIVER AREIA BRANCA, N. 168, Apto 103, BL 02",AREIA BRANCA,"Apartamento, 70.47 de área total, 40.53 de área privativa, 0.00 de área do terreno,  2 qto(s), a.serv, WC, 1 sala(s), cozinha.",65689.56,126000.0,47.87,Venda Online,,SALVADOR,BA,Não
8787712560487,"RUA VIVER AREIA BRANCA, N. 168, Apto 301, BL 02",AREIA BRANCA,"Apartamento, 70.47 de área total, 40.53 de área privativa, 0.00 de área do terreno,  2 qto(s), a.serv, WC, 1 sala(s), cozinha.",67253.6,129000.0,47.87,Venda Online,,SALVADOR,BA,Não
8787712605391,"RUA VIVER AREIA BRANCA, N. 168, Apto 003, BL 03",AREIA BRANCA,"Apartamento, 70.47 de área total, 40.53 de área privativa, 0.00 de área do terreno,  2 qto(s), a.serv, WC, 1 sala(s), cozinha, 1 vaga(s) de garagem.",68817.64,132000.0,47.87,Venda Direta Online,,SALVADOR,BA,Não
8787712779250,"RUA VIVER AREIA BRANCA, N. 168, Apto 301, BL 18",AREIA BRANCA,"Apartamento, 70.47 de área total, 40.53 de área privativa, 0.00 de área do terreno,  2 qto(s), a.serv, WC, 1 sala(s), cozinha.",68817.64,132000.0,47.87,Venda Direta Online,,SALVADOR,BA,Não
8787712820616,"RUA VIVER AREIA BRANCA, N. 168, Apto 404, BL 17",AREIA BRANCA,"Apartamento, 70.47 de área total, 40.53 de área privativa, 0.00 de área do terreno,  2 qto(s), a.serv, WC, 1 sala(s), cozinha.",68817.64,132000.0,47.87,Venda Direta Online,,SALVADOR,BA,Não
8787710949816,"RUA GERALDO BRASIL, N. SN, Apto 202, BL 01",CAJAZEIRAS XI,"Apartamento, 0.00 de área total, 40.53 de área privativa, 0.00 de área do terreno,  2 qto(s), a.serv, WC, 1 sala(s), cozinha.",68296.3,131000.0,47.87,Venda Direta Online,,SALVADOR,BA,Não
8787707721532,"RUA VIVER SALVADOR, N. 1852, Apto 303, BL 19",AREIA BRANCA,"Apartamento, 72.28 de área total, 40.53 de área privativa, 0.00 de área do terreno,  2 qto(s), a.serv, WC, 1 sala(s), cozinha.",76929.84,146000.0,47.31,Venda Online,,SALVADOR,BA,Não
8787708028059,"RUA 2 DE JULHO, N. 924, Apto 003, BL 08",AREIA BRANCA,"Apartamento, 0.00 de área total, 40.53 de área privativa, 0.00 de área do terreno,  2 qto(s), a.serv, WC, 1 sala(s), cozinha.",75876.0,144000.0,47.31,Venda Direta Online,,SALVADOR,BA,Não
8787712507900,"RUA VIVER AREIA BRANCA, N. 168, Apto 103, BL 03",AREIA BRANCA,"Apartamento, 70.47 de área total, 40.53 de área privativa, 0.00 de área do terreno,  2 qto(s), WC, 1 sala(s), cozinha.",79564.41,151000.0,47.31,Venda Online,,SALVADOR,BA,Sim
8787709350973,"RUA 2 DE JULHO, N. 924, Apto 202, BL 08",AREIA BRANCA,"Apartamento, 72.28 de área total, 40.53 de área privativa, 0.00 de área do terreno,  2 qto(s), WC, 1 sala(s), cozinha.",59728.31,113000.0,47.15,Venda Online,,SALVADOR,BA,Não
8787713322288,"RUA VIVER AREIA BRANCA, N. 168, Apto 201, BL 12",AREIA BRANCA,"Apartamento, 70.47 de área total, 40.53 de área privativa, 0.00 de área do terreno,  2 qto(s), WC, 1 sala(s), cozinha.",58142.6,110000.0,47.15,Venda Online,,SALVADOR,BA,Não
8555537664800,"RUA CABACEIRAS, N. SN, Apto 203, BL 17",PLATAFORMA,"Apartamento, 0.00 de área total, 40.05 de área privativa, 0.00 de área do terreno,  2 qto(s), WC, 1 sala(s), cozinha.",66280.07,125000.0,46.98,Venda Direta Online,,SALVADOR,BA,Não
8787706201411,"RUA VIVER SALVADOR, N. 461, Apto 004, BL 25",AREIA BRANCA,"Apartamento, 105.63 de área total, 40.53 de área privativa, 0.00 de área do terreno,  2 qto(s), WC, 1 sala(s), cozinha.",61189.76,115400.0,46.98,Venda Online,,SALVADOR,BA,Não
8787708232292,"RUA 2 DE JULHO, N. 924, Apto 304, BLOCO 08",AREIA BRANCA,"Apartamento, 72.28 de área total, 40.53 de área privativa, 0.00 de área do terreno,  2 qto(s), a.serv, WC, 1 sala(s), cozinha.",64159.11,121000.0,46.98,Venda Online,,SALVADOR,BA,Não
8787710822310,"RUA VIVER AREIA BRANCA, N. 65, Apto 101, BL 03",AREIA BRANCA,"Apartamento, 69.89 de área total, 40.53 de área privativa, 0.00 de área do terreno,  2 qto(s), WC, 1 sala(s), cozinha.",84266.95,158000.0,46.67,Venda Direta Online,,SALVADOR,BA,Sim
8787712815272,"RUA VIVER AREIA BRANCA, N. 168, Apto 101, BL 18",AREIA BRANCA,"Apartamento, 69.89 de área total, 40.53 de área privativa, 0.00 de área do terreno,  2 qto(s), WC, 1 sala(s), cozinha.",84266.95,158000.0,46.67,Venda Online,,SALVADOR,BA,Sim
8006100050290,"RUA LADEIRA DO CACAU, N. 11, Apto 001,",BROTAS,"Apartamento, 0.00 de área total, 31.52 de área privativa, 0.00 de área do terreno,  1 qto(s), WC, 1 sala(s), cozinha.",48052.94,90000.0,46.61,Venda Online,,SALVADOR,BA,Não
8444402684614,"RUA COLINA AZUL, N. 133F, Apto 102, BL 11",PAU DA LIMA,"Apartamento, 0.00 de área total, 47.60 de área privativa, 0.00 de área do terreno,  2 qto(s), WC, 1 sala(s), cozinha.",67949.77,127187.15,46.58,Venda Online,,SALVADOR,BA,Não
8444409736032,"LADEIRA DA INDEPENDENCIA, N. 07, CASA",NAZARE,"Casa, 73.45 de área total, 73.45 de área privativa, 28.22 de área do terreno,  3 qto(s), a.serv, WC, 1 sala(s), cozinha.",98441.8,184000.0,46.5,Venda Direta Online,,SALVADOR,BA,Sim
8787708644426,"RUA 2 DE JULHO, N. 924, Apto 002, BL 17 1º PAV TERREO",AREIA BRANCA,"Apartamento, 72.28 de área total, 40.53 de área privativa, 0.00 de área do terreno,  2 qto(s), a.serv, WC, 1 sala(s), cozinha.",72872.55,136000.0,46.42,Venda Online,,SALVADOR,BA,Não
8787711682856,"RUA VIVER SALVADOR, N. 602, Apto 104, BLOCO 11",AREIA BRANCA,"Apartamento, 69.89 de área total, 40.53 de área privativa, 0.00 de área do terreno,  2 qto(s), a.serv, WC, 1 sala(s), cozinha.",69657.58,130000.0,46.42,Venda Online,,SALVADOR,BA,Não
8787710471509,"RUA VIVER SALVADOR, N. 350, Apto 404, BLOCO 17",AREIA BRANCA,"Apartamento, 70.96 de área total, 40.53 de área privativa, 0.00 de área do terreno,  2 qto(s), WC, 1 sala(s), cozinha.",75817.45,140000.0,45.85,Venda Online,,SALVADOR,BA,Não
8787713171611,"RUA VIVER AREIA BRANCA, N. 168, Apto 402, BL 22",AREIA BRANCA,"Apartamento, 70.47 de área total, 40.53 de área privativa, 0.00 de área do terreno,  2 qto(s), WC, 1 sala(s), cozinha.",80853.9,149300.0,45.85,Venda Direta Online,,SALVADOR,BA,Não
8787715009528,"RUA VIVER AREIA BRANCA, N. 155, Apto 202, BL 13",AREIA BRANCA,"Apartamento, 69.57 de área total, 40.53 de área privativa, 0.00 de área do terreno,  2 qto(s), WC, 1 sala(s), cozinha.",77442.11,143000.0,45.85,Venda Direta Online,,SALVADOR,BA,Não
8787709596310,"RUA 2 DE JULHO, N. 924, Apto 103, BL 18",AREIA BRANCA,"Apartamento, 72.28 de área total, 40.53 de área privativa, 0.00 de área do terreno,  2 qto(s), WC, 1 sala(s), cozinha.",68064.07,124986.48,45.55,Venda Direta Online,,SALVADOR,BA,Não
8787712546441,"RUA VIVER AREIA BRANCA, N. 168, Apto 403, BL 01",AREIA BRANCA,"Apartamento, 70.47 de área total, 40.53 de área privativa, 0.00 de área do terreno,  2 qto(s), a.serv, WC, 1 sala(s), cozinha.",63714.85,117000.0,45.55,Venda Direta Online,,SALVADOR,BA,Não
8787712599162,"RUA VIVER AREIA BRANCA, N. 168, Apto 403, BL 03",AREIA BRANCA,"Apartamento, 70.47 de área total, 40.53 de área privativa, 0.00 de área do terreno,  2 qto(s), WC, 1 sala(s), cozinha.",62625.71,115000.0,45.55,Venda Direta Online,,SALVADOR,BA,Não
8444409072495,"RUA HEITOR DIAS, N. 241A, Apto 341,",COSME DE FARIAS,"Apartamento, 34.00 de área total, 34.00 de área privativa, 0.00 de área do terreno,  2 qto(s), WC, 1 sala(s), cozinha.",40899.62,75000.0,45.47,Venda Direta Online,,SALVADOR,BA,Não
8787710444293,"RUA VIVER SALVADOR, N. 350, Apto 102, BL 18",AREIA BRANCA,"Apartamento, 0.00 de área total, 40.53 de área privativa, 0.00 de área do terreno,  2 qto(s), WC, 1 sala(s), cozinha.",65999.7,120763.98,45.35,Venda Direta Online,,SALVADOR,BA,Não
8787713276707,"RUA VEREADOR ZEZEU RIBEIRO, N. 613, Apto 001, BL 12",BOCA DA MATA,"Apartamento, 91.87 de área total, 40.53 de área privativa, 0.00 de área do terreno,  1 qto(s), WC, 1 sala(s), cozinha.",76162.83,138400.0,44.97,Venda Direta Online,,SALVADOR,BA,Não
8787704746631,"RUA VIVER SALVADOR, N. 461, Apto 004, BL 14",AREIA BRANCA,"Apartamento, 105.63 de área total, 40.53 de área privativa, 0.00 de área do terreno,  2 qto(s), a.serv, WC, 1 sala(s), cozinha.",71540.22,130000.0,44.97,Venda Direta Online,,SALVADOR,BA,Não
8787710193215,"RUA VIVER SALVADOR, N. 350, Apto 204, BL 05",AREIA BRANCA,"Apartamento, 70.96 de área total, 40.53 de área privativa, 0.00 de área do terreno,  2 qto(s), WC, 1 sala(s), cozinha.",69369.38,126055.24,44.97,Venda Direta Online,,SALVADOR,BA,Não
8787712205040,"RUA VIVER AREIA BRANCA, N. 168, Apto 303, BL 14",AREIA BRANCA,"Apartamento, 70.47 de área total, 40.53 de área privativa, 0.00 de área do terreno,  2 qto(s), a.serv, WC, 1 sala(s), cozinha.",72365.68,131500.0,44.97,Venda Direta Online,,SALVADOR,BA,Não
8787712458160,"RUA VIVER AREIA BRANCA, N. 168, Apto 102, BL 03",AREIA BRANCA,"Apartamento, 0.00 de área total, 40.53 de área privativa, 0.00 de área do terreno,  2 qto(s), 1 sala(s), cozinha.",75392.38,137000.0,44.97,Venda Direta Online,,SALVADOR,BA,Não
8787712600101,"RUA VIVER AREIA BRANCA, N. 168, Apto 204, BL 06 PAV 03",AREIA BRANCA,"Apartamento, 105.63 de área total, 40.53 de área privativa, 0.00 de área do terreno,  2 qto(s), a.serv, WC, 1 sala(s), cozinha.",69889.29,127000.0,44.97,Venda Direta Online,,SALVADOR,BA,Não
8787715124645,"RUA VIVER AREIA BRANCA, N. 155, Apto 304, BL 14",AREIA BRANCA,"Apartamento, 69.57 de área total, 40.53 de área privativa, 0.00 de área do terreno,  2 qto(s), a.serv, WC, 1 sala(s), cozinha.",74842.08,136000.0,44.97,Venda Direta Online,,SALVADOR,BA,Não
8787715286254,"RUA VIVER AREIA BRANCA, N. 155, Apto 003, 20",AREIA BRANCA,"Apartamento, 69.57 de área total, 40.53 de área privativa, 0.00 de área do terreno,  2 qto(s), WC, 1 sala(s), cozinha.",69228.93,125800.0,44.97,Venda Direta Online,,SALVADOR,BA,Não
8444404865748,"RUA MONSENHOR JONAS ABIB, N. 01, Apto 01, BL19 SETOR A QD C",CAJAZEIRAS IV,"Apartamento, 45.46 de área total, 42.05 de área privativa, 0.00 de área do terreno,  2 qto(s), a.serv, WC, 1 sala(s), cozinha.",56273.72,102000.0,44.83,Venda Direta Online,,SALVADOR,BA,Não
8787712769939,"RUA VIVER AREIA BRANCA, N. 168, Apto 201, BL 23",AREIA BRANCA,"Apartamento, 0.00 de área total, 40.53 de área privativa, 0.00 de área do terreno,  2 qto(s), a.serv, WC, 1 sala(s), cozinha.",75700.46,137000.0,44.75,Venda Direta Online,,SALVADOR,BA,Não
1555514430375,"RUA REMANSO (ANTIGA RUA ALAGOINHAS), N. 489, Apto 502,  BL C ED MISSISSIPI VG 73 E 81",RIO VERMELHO,"Apartamento, 222.00 de área total, 175.20 de área privativa, 0.00 de área do terreno,  3 qto(s), a.serv, WC, 2 sala(s), DCE, cozinha, 2 vaga(s) de garagem.",486368.4,872175.0,44.24,Venda Online,,SALVADOR,BA,Sim
8787711456996,"RUA DA ETIOPIA, N. 314, Apto 204, BL 3",GRANJAS RURAIS PRESIDENTE VARGAS,"Apartamento, 66.78 de área total, 41.89 de área privativa, 0.00 de área do terreno.",98518.85,175000.0,43.71,Venda Direta Online,,SALVADOR,BA,Sim
8787712550147,"RUA VIVER AREIA BRANCA, N. 168, Apto 402, BL 06",AREIA BRANCA,"Apartamento, 70.47 de área total, 40.53 de área privativa, 0.00 de área do terreno,  2 qto(s), a.serv, WC, 1 sala(s), cozinha.",73705.26,130500.0,43.53,Venda Direta Online,,SALVADOR,BA,Não
8787711300147,"RUA DA ETIOPIA, N. 314, Apto 008, BL 4",GRANJAS RURAIS PRESIDENTE VARGAS,"Apartamento, 0.00 de área total, 41.88 de área privativa, 0.00 de área do terreno,  1 qto(s), a.serv, WC, 1 sala(s), cozinha.",93936.01,166000.0,43.42,Venda Direta Online,,SALVADOR,BA,Não
1444415751562,"2A TRAVESSA HEIDE CARNEIRO, N. 32, LT 41 QD 06 SUBDIST PIRAJA",TROBOGY,"Casa, 0.00 de área total, 58.00 de área privativa, 58.50 de área do terreno,  2 qto(s), WC, 1 sala(s), cozinha.",68199.69,120000.0,43.17,Venda Direta Online,,SALVADOR,BA,Não
8006300024781,"TRAVESSA SAO LUIZ, N. 82 A,",PIRAJA,"Casa, 50.85 de área total, 50.85 de área privativa, 128.29 de área do terreno,  2 qto(s), WC, 2 sala(s), cozinha.",69904.68,123000.0,43.17,Venda Direta Online,,SALVADOR,BA,Não
8787701346322,"RUA FORMOSA SAO JOAO, N. 359, Apto 304, BL20",SAO JOAO DO CABRITO,"Apartamento, 81.52 de área total, 40.05 de área privativa, 0.00 de área do terreno,  2 qto(s), WC, 1 sala(s), cozinha.",62856.87,110000.0,42.86,Licitação Aberta,,SALVADOR,BA,Não
8787713589446,"RUA VIVER AREIA BRANCA, N. 155, Apto 102, BLOCO 05",AREIA BRANCA,"Apartamento, 69.57 de área total, 40.53 de área privativa, 0.00 de área do terreno,  2 qto(s), a.serv, WC, 1 sala(s), cozinha.",58856.89,103000.0,42.86,Licitação Aberta,,SALVADOR,BA,Não
8787705075609,"RUA VIVER SALVADOR, N. 461, Apto 102, BL 22",AREIA BRANCA,"Apartamento, 0.00 de área total, 40.53 de área privativa, 0.00 de área do terreno,  2 qto(s), WC, 1 sala(s), cozinha.",69361.21,121000.0,42.68,Venda Direta Online,,SALVADOR,BA,Não
8787705714024,"RUA VIVER SALVADOR, N. 461, Apto 404, BL 18",AREIA BRANCA,"Apartamento, 105.63 de área total, 40.53 de área privativa, 0.00 de área do terreno,  2 qto(s), a.serv, WC, 1 sala(s), cozinha.",68787.97,120000.0,42.68,Licitação Aberta,,SALVADOR,BA,Não
8787705939867,"RUA VIVER SALVADOR, N. 461, Apto 201, BL 19",AREIA BRANCA,"Apartamento, 105.63 de área total, 40.53 de área privativa, 0.00 de área do terreno,  2 qto(s), a.serv, WC, 1 sala(s), cozinha.",69361.21,121000.0,42.68,Licitação Aberta,,SALVADOR,BA,Não
8787708701128,"RUA 2 DE JULHO, N. 924, Apto 102, BL 20",AREIA BRANCA,"Apartamento, 0.00 de área total, 40.53 de área privativa, 0.00 de área do terreno,  2 qto(s), a.serv, WC, 1 sala(s), cozinha.",71654.14,125000.0,42.68,Venda Direta Online,,SALVADOR,BA,Não
8787711674918,"RUA VIVER SALVADOR, N. 602, Apto 201, BL 10",AREIA BRANCA,"Apartamento, 69.89 de área total, 40.53 de área privativa, 0.00 de área do terreno,  2 qto(s), WC, 1 sala(s), cozinha.",69934.44,122000.0,42.68,Venda Direta Online,,SALVADOR,BA,Não
8787712102632,"RUA VIVER AREIA BRANCA, N. 602, Apto 403, BLOCO 15",AREIA BRANCA,"Apartamento, 69.89 de área total, 40.53 de área privativa, 0.00 de área do terreno,  2 qto(s), a.serv, WC, 1 sala(s), cozinha.",69361.21,121000.0,42.68,Licitação Aberta,,SALVADOR,BA,Não
8787714242881,"RUA VIVER AREIA BRANCA, N. 155, Apto 002, BL 09 TERREO",AREIA BRANCA,"Apartamento, 69.57 de área total, 40.53 de área privativa, 0.00 de área do terreno,  2 qto(s), WC, 1 sala(s), cozinha.",67068.27,117000.0,42.68,Venda Direta Online,,SALVADOR,BA,Não
8787715603845,"RUA VIVER AREIA BRANCA, N. 155, Apto 204, BL 18  PAV 03",AREIA BRANCA,"Apartamento, 0.00 de área total, 40.53 de área privativa, 0.00 de área do terreno,  2 qto(s), WC, 1 sala(s), cozinha.",70507.67,123000.0,42.68,Venda Direta Online,,SALVADOR,BA,Não
8787715647915,"RUA VIVER AREIA BRANCA, N. 155, Apto 304, BL 18",AREIA BRANCA,"Apartamento, 69.57 de área total, 40.53 de área privativa, 0.00 de área do terreno,  2 qto(s), WC, 1 sala(s), cozinha.",68787.97,120000.0,42.68,Venda Direta Online,,SALVADOR,BA,Não
1444407057334,"RUA GREGÓRIO SANTOS, N. 24-E, TÉRREO",VILA DOIS IRMÃOS,"Casa, 0.00 de área total, 66.00 de área privativa, 0.00 de área do terreno,  3 qto(s), varanda, a.serv, WC, 2 sala(s), cozinha.",54835.2,95000.0,42.28,Licitação Aberta,,SALVADOR,BA,Não
8787703096196,"RUA PAJUSSARA, N. 222, Apto 404, BL 03",ILHA AMARELA,"Apartamento, 0.00 de área total, 40.53 de área privativa, 0.00 de área do terreno,  2 qto(s), a.serv, WC, 1 sala(s), cozinha.",76174.41,131500.0,42.08,Venda Direta Online,,SALVADOR,BA,Não
8787707559514,"RUA 2 DE JULHO, N. 924, Apto 401, BLOCO 15",AREIA BRANCA,"Apartamento, 72.28 de área total, 40.53 de área privativa, 0.00 de área do terreno,  2 qto(s), a.serv, WC, 1 sala(s), cozinha.",77043.32,133000.0,42.08,Licitação Aberta,,SALVADOR,BA,Não
8787707775454,"RUA VIVER SALVADOR, N. 156, Apto 104, BL 19",AREIA BRANCA,"Apartamento, 72.28 de área total, 40.53 de área privativa, 0.00 de área do terreno,  2 qto(s), a.serv, WC, 1 sala(s), cozinha.",79939.69,138000.0,42.08,Venda Direta Online,,SALVADOR,BA,Não
8787708520590,"RUA VIVER SALVADOR, N. 156, Apto 404, BL 14",AREIA BRANCA,"Apartamento, 72.28 de área total, 40.53 de área privativa, 0.00 de área do terreno,  2 qto(s), a.serv, WC, 1 sala(s), cozinha, 1 vaga(s) de garagem.",78201.87,135000.0,42.08,Venda Online,,SALVADOR,BA,Não
8787712041340,"RUA VIVER SALVADOR, N. 602, Apto 001, BL 10",AREIA BRANCA,"Apartamento, 69.89 de área total, 40.53 de área privativa, 0.00 de área do terreno,  1 qto(s), a.serv, WC, 1 sala(s), cozinha.",73567.68,127000.0,42.08,Venda Direta Online,,SALVADOR,BA,Não
8787712138718,"RUA VIVER AREIA BRANCA, N. 168, Apto 101,",AREIA BRANCA,"Apartamento, 70.47 de área total, 40.53 de área privativa, 0.00 de área do terreno,  2 qto(s), a.serv, WC, 1 sala(s), cozinha.",72958.24,125947.91,42.08,Licitação Aberta,,SALVADOR,BA,Não
8787712174684,"RUA VIVER AREIA BRANCA, N. 65, Apto 004, BL 13",AREIA BRANCA,"Apartamento, 0.00 de área total, 40.53 de área privativa, 0.00 de área do terreno,  2 qto(s), a.serv, WC, 1 sala(s), cozinha.",78781.14,136000.0,42.08,Venda Direta Online,,SALVADOR,BA,Não
8787713171735,"RUA VIVER AREIA BRANCA, N. 168, Apto 303, BL 03",AREIA BRANCA,"Apartamento, 70.47 de área total, 40.53 de área privativa, 0.00 de área do terreno,  2 qto(s), a.serv, WC, 1 sala(s), cozinha.",78201.87,135000.0,42.08,Venda Direta Online,,SALVADOR,BA,Não
8787713217689,"RUA VIVER AREIA BRANCA, N. 65, Apto 102, BL 13",AREIA BRANCA,"Apartamento, 69.89 de área total, 40.53 de área privativa, 0.00 de área do terreno,  1 qto(s), WC, 1 sala(s), cozinha.",78201.87,135000.0,42.08,Venda Direta Online,,SALVADOR,BA,Não
8787713589314,"RUA VIVER AREIA BRANCA, N. 155, Apto 103, BL 04",AREIA BRANCA,"Apartamento, 69.89 de área total, 40.53 de área privativa, 0.00 de área do terreno,  2 qto(s), WC, 1 sala(s), cozinha.",79360.41,137000.0,42.08,Venda Direta Online,,SALVADOR,BA,Não
8787714965514,"RUA VIVER AREIA BRANCA, N. 155, Apto 301, BL 01",AREIA BRANCA,"Apartamento, 69.57 de área total, 40.53 de área privativa, 0.00 de área do terreno,  2 qto(s), WC, 1 sala(s), cozinha.",72988.41,126000.0,42.08,Venda Direta Online,,SALVADOR,BA,Não
8787715485907,"RUA VIVER AREIA BRANCA, N. 155, Apto 002, BL 22",AREIA BRANCA,"Apartamento, 69.57 de área total, 40.53 de área privativa, 0.00 de área do terreno,  2 qto(s), a.serv, WC, 1 sala(s), cozinha.",75305.5,130000.0,42.08,Licitação Aberta,,SALVADOR,BA,Não
8787718948100,"RUA VIVER AREIA BRANCA, N. 235, Apto 303, BL 19",AREIA BRANCA,"Apartamento, 67.08 de área total, 40.53 de área privativa, 0.00 de área do terreno,  2 qto(s), WC, 1 sala(s), cozinha.",78781.14,136000.0,42.08,Licitação Aberta,,SALVADOR,BA,Não
8555524252877,"RUA SAO GERALDO, N. 533, Apto 402, BLOCO 04 EDIFÍCIO GIRASSOL",SAO CRISTOVAO,"Apartamento, 85.15 de área total, 46.29 de área privativa, 0.00 de área do terreno,  2 qto(s), varanda, a.serv, WC, 1 sala(s), cozinha, 1 vaga(s) de garagem.",87819.45,150000.0,41.46,Licitação Aberta,,SALVADOR,BA,Não
8555522649265,"RUA VALE DO ABARE, N. 729, Apto 402, BL 17",SUSSUARANA,"Apartamento, 146.49 de área total, 88.12 de área privativa, 0.00 de área do terreno,  2 qto(s), a.serv, WC, 2 sala(s), cozinha, Terraco.",87233.99,149000.0,41.46,Licitação Aberta,,SALVADOR,BA,Não
8787715620936,"RUA DOS FRANCISCANOS, N. 96, Apto 010, BL 01",DOM AVELAR,"Apartamento, 0.00 de área total, 38.73 de área privativa, 0.00 de área do terreno,  1 qto(s), a.serv, WC, 1 sala(s), cozinha.",90746.77,155000.0,41.46,Licitação Aberta,,SALVADOR,BA,Não
8787705995600,"RUA VIVER SALVADOR, N. 461, Apto 003, BL19",AREIA BRANCA,"Apartamento, 105.63 de área total, 40.53 de área privativa, 0.00 de área do terreno,  2 qto(s), WC, 1 sala(s), cozinha.",84306.67,144000.0,41.46,Venda Direta Online,,SALVADOR,BA,Não
8787712180323,"RUA VIVER AREIA BRANCA, N. 168, Apto 203, BL 14",AREIA BRANCA,"Apartamento, 0.00 de área total, 40.53 de área privativa, 0.00 de área do terreno,  2 qto(s), WC, 1 sala(s), cozinha.",88404.91,151000.0,41.46,Venda Direta Online,,SALVADOR,BA,Não
8787715285495,"RUA VIVER AREIA BRANCA, N. 155, Apto 102, BL 16",AREIA BRANCA,"Apartamento, 69.57 de área total, 40.53 de área privativa, 0.00 de área do terreno,  2 qto(s), WC, 1 sala(s), cozinha.",84306.67,144000.0,41.46,Venda Direta Online,,SALVADOR,BA,Não
8787715601532,"RUA VIVER AREIA BRANCA, N. 155, Apto 104, BL 13",AREIA BRANCA,"Apartamento, 69.57 de área total, 40.53 de área privativa, 0.00 de área do terreno,  2 qto(s), WC, 1 sala(s), cozinha.",81964.82,140000.0,41.46,Licitação Aberta,,SALVADOR,BA,Não
8787717724640,"RUA VIVER AREIA BRANCA, N. 235, Apto 103, BLOCO 19",AREIA BRANCA,"Apartamento, 67.08 de área total, 40.53 de área privativa, 0.00 de área do terreno,  2 qto(s), a.serv, WC, 1 sala(s), cozinha.",81964.82,140000.0,41.46,Licitação Aberta,,SALVADOR,BA,Não
8787718017033,"RUA VIVER AREIA BRANCA, N. 235, Apto 302, BL08",AREIA BRANCA,"Apartamento, 67.08 de área total, 40.53 de área privativa, 0.00 de área do terreno,  2 qto(s), WC, 1 sala(s), cozinha.",81964.82,140000.0,41.46,Licitação Aberta,,SALVADOR,BA,Não
8787718457165,"RUA VIVER AREIA BRANCA, N. 235, Apto 002, BL 07",AREIA BRANCA,"Apartamento, 67.08 de área total, 40.53 de área privativa, 0.00 de área do terreno,  2 qto(s), WC, 1 sala(s), cozinha.",88990.38,152000.0,41.46,Licitação Aberta,,SALVADOR,BA,Não
1444407875428,"CAMINHO 19-F, N. 10, QD D",CAJAZEIRAS IV,"Casa, 128.00 de área total, 128.00 de área privativa, 64.00 de área do terreno,  2 qto(s), varanda, a.serv, WC, 1 sala(s), cozinha, Terraco.",102676.73,175000.0,41.33,Venda Direta Online,,SALVADOR,BA,Sim
8787710123489,"RUA DA ETIOPIA, N. 314, Apto 307, BLOCO 02",GRANJAS RURAIS PRESIDENTE VARGAS,"Apartamento, 63.12 de área total, 39.59 de área privativa, 0.00 de área do terreno,  2 qto(s), a.serv, WC, 1 sala(s), cozinha.",94815.14,160000.0,40.75,Licitação Aberta,,SALVADOR,BA,Não
8787714682679,"RUA DOS FRANCISCANOS, N. 96, Apto 207, BLOCO 03",DOM AVELAR,"Apartamento, 66.79 de área total, 38.70 de área privativa, 0.00 de área do terreno,  2 qto(s), a.serv, WC, 1 sala(s), cozinha.",97778.11,165000.0,40.75,Licitação Aberta,,SALVADOR,BA,Não
8787715110385,"RUA DOS FRANCISCANOS, N. 96, Apto 1011, BLOCO 02",DOM AVELAR,"Apartamento, 66.51 de área total, 38.54 de área privativa, 0.00 de área do terreno,  2 qto(s), a.serv, WC, 1 sala(s), cozinha.",108444.81,183000.0,40.75,Licitação Aberta,,SALVADOR,BA,Não
8787717056981,"RUA DOS FRANCISCANOS, N. 96, Apto 606, BLOCO 01",DOM AVELAR,"Apartamento, 66.79 de área total, 38.70 de área privativa, 0.00 de área do terreno,  2 qto(s), a.serv, WC, 1 sala(s), cozinha.",96000.33,162000.0,40.75,Licitação Aberta,,SALVADOR,BA,Não
8787713110175,"RUA DO URUGUAY, N. 210, Apto 103, BLOCO 10",URUGUAI,"Apartamento, 63.48 de área total, 40.53 de área privativa, 0.00 de área do terreno.",98963.3,167000.0,40.75,Licitação Aberta,,SALVADOR,BA,Não
8787713111473,"RUA DO URUGUAI, N. 210, Apto 302, BL 08",URUGUAI,"Apartamento, 63.48 de área total, 40.53 de área privativa, 0.00 de área do terreno,  2 qto(s), WC, 1 sala(s), cozinha.",100741.08,170000.0,40.75,Licitação Aberta,,SALVADOR,BA,Não
8787707472419,"AVENIDA MARTINIANO BONFIM, N. 46, Apto 005, BL 02",RETIRO,"Apartamento, 64.11 de área total, 41.89 de área privativa, 0.00 de área do terreno,  2 qto(s), a.serv, WC, 1 sala(s), cozinha.",99907.98,168594.14,40.75,Venda Direta Online,,SALVADOR,BA,Não
8787713384879,"RUA VEREADOR ZEZEU RIBEIRO, N. 613, Apto 101, BL 15",BOCA DA MATA,"Apartamento, 91.87 de área total, 40.53 de área privativa, 0.00 de área do terreno,  2 qto(s), a.serv, WC, 1 sala(s), cozinha.",107852.22,182000.0,40.75,Licitação Aberta,,SALVADOR,BA,Não
8787706855128,"RUA DIRETA DO CAPELAO, N. 380, Apto 403, BL 05  VG 163",AREIA BRANCA,"Apartamento, 43.68 de área total, 43.68 de área privativa, 0.00 de área do terreno,  2 qto(s), a.serv, WC, 1 sala(s), cozinha, 1 vaga(s) de garagem.",104889.24,177000.0,40.75,Licitação Aberta,,SALVADOR,BA,Não
8787715003414,"RUA VIVER AREIA BRANCA, N. 155, Apto 102, BL 19",AREIA BRANCA,"Apartamento, 69.57 de área total, 40.53 de área privativa, 0.00 de área do terreno,  2 qto(s), a.serv, WC, 1 sala(s), cozinha.",98370.7,166000.0,40.75,Venda Direta Online,,SALVADOR,BA,Não
8787715109859,"RUA VIVER AREIA BRANCA, N. 155, Apto 401, BL 13",AREIA BRANCA,"Apartamento, 69.57 de área total, 40.53 de área privativa, 0.00 de área do terreno,  2 qto(s), WC, 1 sala(s), cozinha.",98370.7,166000.0,40.75,Venda Direta Online,,SALVADOR,BA,Não
8787715522047,"RUA VIVER AREIA BRANCA, N. 155, Apto 303, BL 12",AREIA BRANCA,"Apartamento, 69.57 de área total, 40.53 de área privativa, 0.00 de área do terreno,  2 qto(s), WC, 1 sala(s), cozinha.",100741.08,170000.0,40.75,Venda Direta Online,,SALVADOR,BA,Não
8787717731344,"RUA VIVER AREIA BRANCA, N. 235, Apto 402, BL20",AREIA BRANCA,"Apartamento, 67.08 de área total, 40.53 de área privativa, 0.00 de área do terreno,  2 qto(s), a.serv, WC, 1 sala(s), cozinha.",98370.7,166000.0,40.75,Licitação Aberta,,SALVADOR,BA,Não
8101800010904,"AVENIDA ARTHUR SILVA, N. 76, Apto 201,",ACUPE,"Apartamento, 46.00 de área total, 46.00 de área privativa, 0.00 de área do terreno,  2 qto(s), WC, 1 sala(s), cozinha.",65983.7,110630.0,40.36,Venda Direta Online,,SALVADOR,BA,Não
8444409371620,"AVENIDA LAURINDO REGIS, N. SN, Apto 403, BLOCO 02",ENGENHO VELHO DE BROTAS,"Apartamento, 0.00 de área total, 46.41 de área privativa, 0.00 de área do terreno,  1 qto(s), a.serv, WC, 1 sala(s), cozinha.",67397.26,113000.0,40.36,Licitação Aberta,,SALVADOR,BA,Não
8444406683302,"TRAVESSA ESPERANTO, N. 53,",SAO CAETANO,"Casa, 52.00 de área total, 52.00 de área privativa, 154.00 de área do terreno,  2 qto(s), WC, 1 sala(s), cozinha.",62625.77,105000.0,40.36,Venda Direta Online,,SALVADOR,BA,Não
1444416540166,"AVENIDA GARIBALDI, N. 1051, SALA 103",RIO VERMELHO,"Sala, 44.18 de área total, 31.77 de área privativa, 0.00 de área do terreno, WC, 1 sala(s).",126843.82,212130.4,40.21,Venda Direta Online,,SALVADOR,BA,Não
8555508380181,"RUA OESTE (ATUAL RUA MANOEL DOS SANTOS FILHO), N. 28.3, CASA 03",SAO CRISTOVAO,"Casa, 0.00 de área total, 42.26 de área privativa, 0.00 de área do terreno,  2 qto(s), varanda, WC, 1 sala(s), cozinha.",68797.93,115000.0,40.18,Licitação Aberta,,SALVADOR,BA,Não
8444413142206,"RUA MUNDO NOVO, N. 104, Apto 104, BL 77 SETOR 07",BOCA DA MATA,"Apartamento, 41.50 de área total, 38.19 de área privativa, 0.00 de área do terreno,  2 qto(s), a.serv, WC, 1 sala(s), cozinha.",68797.93,115000.0,40.18,Venda Direta Online,,SALVADOR,BA,Não
1787701829155,"RUA VIVER AREIA BRANCA, N. 155, Apto 001, BL 06",AREIA BRANCA,"Apartamento, 69.57 de área total, 40.53 de área privativa, 0.00 de área do terreno,  1 qto(s), a.serv, WC, 1 sala(s), cozinha.",71789.15,120000.0,40.18,Licitação Aberta,,SALVADOR,BA,Não
8444405676930,"2ª TRAVESSA ALEXANDRE VICENTE FERREIRA, N. 31-E, 1º ANDAR",PAU DA LIMA,"Casa, 70.00 de área total, 70.00 de área privativa, 0.00 de área do terreno,  2 qto(s), WC, 1 sala(s), cozinha.",75000.0,125000.0,40.0,Leilão SFI - Edital Único,,SALVADOR,BA,Não
8099100013565,"RUA CAMINHO DE DENTRO, N. 73,",ENGENHO VELHO DE BROTAS,"Casa, 33.00 de área total, 33.00 de área privativa, 0.00 de área do terreno,  2 qto(s), varanda, WC, 1 sala(s), cozinha.",52541.7,87000.0,39.61,Licitação Aberta,,SALVADOR,BA,Não
8444403590257,"AVENIDA BAHIA, N. 52, PAVIMENTO SUPERIOR",FAZENDA GRANDE DO RETIRO,"Casa, 65.61 de área total, 65.61 de área privativa, 79.82 de área do terreno,  2 qto(s), WC, 1 sala(s), cozinha.",82182.47,136000.0,39.58,Venda Direta Online,,SALVADOR,BA,Não
8444408722887,"RUA CAMPO SECO, N. 147C, Apto 301, BL D-27",BARREIRAS,"Apartamento, 51.24 de área total, 47.33 de área privativa, 0.00 de área do terreno,  2 qto(s), a.serv, WC, 1 sala(s), cozinha.",78556.78,130000.0,39.58,Venda Online,,SALVADOR,BA,Não
8221100014835,"ALAMEDA CAMPINAS DE PIRAJA, N. 677, Apto 304,",CAMPINAS DE PIRAJA,"Apartamento, 52.77 de área total, 48.88 de área privativa, 0.00 de área do terreno,  2 qto(s), a.serv, WC, 1 sala(s), cozinha.",83391.04,138000.0,39.58,Licitação Aberta,,SALVADOR,BA,Não
8444405563834,"RUA PROFESSOR ALOISIO DE CARVALHO FILHO, N. SN, Apto 204, BL D",ENGENHO VELHO DE BROTAS,"Apartamento, 51.56 de área total, 51.56 de área privativa, 0.00 de área do terreno,  2 qto(s), a.serv, WC, 1 sala(s), cozinha.",79765.34,132000.0,39.58,Venda Direta Online,,SALVADOR,BA,Não
8787715518953,"RUA DOS FRANCISCANOS, N. 96, Apto 1110, BL 03",DOM AVELAR,"Apartamento, 66.84 de área total, 38.73 de área privativa, 0.00 de área do terreno,  2 qto(s), WC, 1 sala(s), cozinha.",127531.25,211000.0,39.56,Licitação Aberta,,SALVADOR,BA,Não
8787713198080,"RUA DO URUGUAY, N. 210, Apto 001, BL 01",URUGUAI,"Apartamento, 63.48 de área total, 40.53 de área privativa, 0.00 de área do terreno,  2 qto(s), a.serv, WC, 1 sala(s), cozinha.",111816.5,185000.0,39.56,Licitação Aberta,,SALVADOR,BA,Não
8787710753113,"RUA ANFILOFIO, N. 73, Apto 106, BL 04",ALTO DO COQUEIRINHO,"Apartamento, 80.33 de área total, 39.60 de área privativa, 0.00 de área do terreno,  2 qto(s), a.serv, WC, 1 sala(s), cozinha.",111816.5,185000.0,39.56,Venda Direta Online,,SALVADOR,BA,Não
8787715172720,"ALAMEDA DAS NACOES, N. 130, Apto 1001, BL 02",NOVA BRASILIA,"Apartamento, 77.08 de área total, 38.70 de área privativa, 0.00 de área do terreno,  2 qto(s), WC, 1 sala(s), cozinha.",123300.35,204000.0,39.56,Licitação Aberta,,SALVADOR,BA,Não
8787706728770,"RUA DIRETA DO CAPELAO, N. 380, Apto 204, BL 03 VG 205",AREIA BRANCA,"Apartamento, 61.31 de área total, 43.68 de área privativa, 0.00 de área do terreno,  2 qto(s), a.serv, WC, 1 sala(s), cozinha, 1 vaga(s) de garagem.",113629.74,188000.0,39.56,Venda Direta Online,,SALVADOR,BA,Não
8787714308149,"RUA VEREADOR ZEZEU RIBEIRO, N. 613, Apto 301, BL 05",FAZENDA GRANDE II,"Apartamento, 91.87 de área total, 40.53 de área privativa, 0.00 de área do terreno,  2 qto(s), a.serv, WC, 1 sala(s), cozinha.",119673.87,198000.0,39.56,Venda Direta Online,,SALVADOR,BA,Não
8787707679420,"AVENIDA MARTINIANO BONFIM, N. 46, Apto 104, BL 05  02º PAV",RETIRO,"Apartamento, 0.00 de área total, 41.89 de área privativa, 0.00 de área do terreno,  2 qto(s), a.serv, WC, 1 sala(s), cozinha.",113992.28,188599.83,39.56,Venda Direta Online,,SALVADOR,BA,Não
10274607,"ALAMEDA DILSON JATAHY FONSECA, N. 00, QD E, LT 16",STELLA MARIS,"Terreno, 0.00 de área total, 0.00 de área privativa, 819.00 de área do terreno.",751361.69,1241000.0,39.46,Venda Direta Online,,SALVADOR,BA,Não
8444404493956,"RUA PADRE DANIEL LISBOA, N. 53, CASA10",BROTAS,"Casa, 30.47 de área total, 30.47 de área privativa, 44.00 de área do terreno,  1 qto(s), WC, 1 sala(s), cozinha.",50897.31,84000.0,39.41,Licitação Aberta,,SALVADOR,BA,Não
8555500622313,"TRAVESSA VITÓRIA DO ALTO DO PERU, N. 41",ALTO DO PERU,"Casa, 0.00 de área total, 45.00 de área privativa, 79.26 de área do terreno,  2 qto(s), varanda, a.serv, WC, 1 sala(s), cozinha.",46655.87,77000.0,39.41,Venda Direta Online,,SALVADOR,BA,Não
8444414019149,"RUA CAMPINAS DE BROTAS, N. SN, Apto 201, BLOCO 51",BROTAS,"Apartamento, 46.89 de área total, 46.89 de área privativa, 0.00 de área do terreno,  2 qto(s), a.serv, WC, 1 sala(s), cozinha.",86076.66,141000.0,38.96,Licitação Aberta,,SALVADOR,BA,Não
8787716682544,"RUA PROFESSOR FERNANDO ROCHA, N. 326, Apto 210, BLOCO 04",NARANDIBA,"Apartamento, 67.07 de área total, 38.73 de área privativa, 0.00 de área do terreno,  2 qto(s), WC, 1 sala(s), cozinha.",145116.17,237000.0,38.77,Licitação Aberta,,SALVADOR,BA,Não
8444407008641,"RUA DA VIDEIRA, N. 12, CAMINHO 06",PIRAJA,"Casa, 84.00 de área total, 84.00 de área privativa, 50.00 de área do terreno,  2 qto(s), a.serv, WC, 1 sala(s), cozinha.",106133.28,171846.7,38.24,Licitação Aberta,,SALVADOR,BA,Não
8444406358347,"AVENIDA OTAVIO MANGABEIRA, N. SN, Apto 02,  LT 13, QD XX",JARDIM ARMACAO,"Apartamento, 64.00 de área total, 30.00 de área privativa, 0.00 de área do terreno,  1 qto(s), WC, 1 sala(s), cozinha, 1 vaga(s) de garagem.",205055.87,330000.0,37.87,Venda Direta Online,,SALVADOR,BA,Sim
10275853,"RUA LUCAIA, N. 317, SL 404",RIO VERMELHO,"Sala, 0.00 de área total, 91.48 de área privativa, 0.00 de área do terreno.",351701.89,566000.0,37.87,Venda Direta Online,,SALVADOR,BA,Não
1444406498868,"RUA POTIRAGUA, N. 41, Apto 201,",PERNAMBUES,"Apartamento, 66.00 de área total, 66.00 de área privativa, 0.00 de área do terreno,  3 qto(s), a.serv, WC, 1 sala(s), cozinha.",122108.12,194000.0,37.06,Venda Direta Online,,SALVADOR,BA,Não
10291039,"RUA DAS GAIVOTAS, N. 16, Apto 202, Bl 141, Und 202",RESGATE,"Apartamento, 0.00 de área total, 73.56 de área privativa, 0.00 de área do terreno.",138231.22,219615.67,37.06,Licitação Aberta,,SALVADOR,BA,Não
1555516962412,"AVENIDA ALIOMAR BALEEIRO, N. SN,",SUBDIS SAO CRISTOVAO,"Terreno, 0.00 de área total, 0.00 de área privativa, 6000.00 de área do terreno.",1255509.17,1970000.0,36.27,Venda Direta Online,,SALVADOR,BA,Sim
1787700520290,"RUA LUIS EDUARDO MAGALHAES, N. 1081, Apto 104, BL 02",ITAPUA,"Apartamento, 82.42 de área total, 67.77 de área privativa, 0.00 de área do terreno,  3 qto(s), varanda, WC, 1 sala(s), cozinha, 1 vaga(s) de garagem.",261298.86,410000.0,36.27,Licitação Aberta,,SALVADOR,BA,Não
1787700899680,"RUA TEODULO DE ALBUQUERQUE, N. 98, Apto 1111, VG 174",CABULA VI,"Apartamento, 89.59 de área total, 51.33 de área privativa, 0.00 de área do terreno,  2 qto(s), a.serv, WC, 1 sala(s), cozinha, 1 vaga(s) de garagem.",220510.75,346000.0,36.27,Licitação Aberta,,SALVADOR,BA,Não
1444400497878,"RUA DOUTOR GENESIO SALLES, N. 582, Apto 503",VILA LAURA,"Apartamento, 0.00 de área total, 69.45 de área privativa, 0.00 de área do terreno,  2 qto(s), a.serv, WC, WC Emp, 1 sala(s), cozinha, 1 vaga(s) de garagem.",304636.24,478000.0,36.27,Licitação Aberta,,SALVADOR,BA,Sim
1444403376141,"RUA BARAO DO TRIUNFO, N. 102, Apto 104, QD6 LT04/05",SALVADOR,"Apartamento, 0.00 de área total, 81.26 de área privativa, 0.00 de área do terreno,  2 qto(s), varanda, a.serv, WC, WC Emp, DCE, cozinha, 2 vaga(s) de garagem.",462000.0,462000.0,0.0,Leilão SFI - Edital Único,,SALVADOR,BA,Sim
1444406912788,"RUA TEIXEIRA BARROS, N. 800, Apto 1001, ED BELA VISTA",BROTAS,"Apartamento, 60.25 de área total, 48.17 de área privativa, 0.00 de área do terreno,  2 qto(s), a.serv, WC, WC Emp, 1 sala(s), cozinha.",255000.0,255000.0,0.0,Leilão SFI - Edital Único,,SALVADOR,BA,Não
8444404925848,"RUA TEIXEIRA BARROS, N. 19, Apto 14, FUNDOS",BROTAS,"Apartamento, 27.00 de área total, 27.00 de área privativa, 0.00 de área do terreno,  1 qto(s), WC, 1 sala(s), cozinha.",85000.0,85000.0,0.0,Venda Direta Online,,SALVADOR,BA,Não
1787700601770,"RODOVIA BA526, N. 1231, Apto 705, TORRE 3 SUB. DE SÃO CRISTÓVÃO VG 231",CASSANGE,"Apartamento, 0.00 de área total, 42.02 de área privativa, 0.00 de área do terreno,  2 qto(s), a.serv, WC, 1 sala(s), cozinha, 1 vaga(s) de garagem.",195000.0,195000.0,0.0,Leilão SFI - Edital Único,,SALVADOR,BA,Não
1555533665781,"RUA DA ILHA, N. 488, Apto 702, BL A",ITAPUA,"Apartamento, 92.98 de área total, 58.34 de área privativa, 0.00 de área do terreno,  2 qto(s), varanda, a.serv, WC, 1 sala(s), cozinha, 2 vaga(s) de garagem.",374000.0,374000.0,0.0,Leilão SFI - Edital Único,,SALVADOR,BA,Não
1444407744790,"RUA PADRE LUIZ FILGUEIRAS, N. 586, Apto 402, BL 22",ENGENHO VELHO DE BROTAS,"Apartamento, 57.17 de área total, 57.17 de área privativa, 0.00 de área do terreno,  2 qto(s), a.serv, WC, 1 sala(s), cozinha.",144000.0,144000.0,0.0,Leilão SFI - Edital Único,,SALVADOR,BA,Não
1555533719245,"TRAVESSA ACALANTO, N. 507, Apto 307, TORRE B",SAO CRISTOVAO,"Apartamento, 70.75 de área total, 52.63 de área privativa, 0.00 de área do terreno,  2 qto(s), varanda, a.serv, WC, 1 sala(s), cozinha.",234000.0,234000.0,0.0,Leilão SFI - Edital Único,,SALVADOR,BA,Não
8787714684221,"RUA DOS FRANCISCANOS, N. 96, Apto 207, BL 02",DOM AVELAR,"Apartamento, 66.79 de área total, 38.70 de área privativa, 0.00 de área do terreno,  2 qto(s), a.serv, WC, 1 sala(s), cozinha.",199419.55,199419.55,0.0,Leilão SFI - Edital Único,,SALVADOR,BA,Não
1444416302966,"AVENIDA SETE DE SETEMBRO, N. 1838, Apto 401, VGS 07 08 PAV GII",VITORIA,"Apartamento, 66.58 de área total, 43.58 de área privativa, 0.00 de área do terreno,  1 qto(s), WC, 1 sala(s), 1 lavabo(s), cozinha, 2 vaga(s) de garagem.",1155800.0,1155800.0,0.0,Leilão SFI - Edital Único,,SALVADOR,BA,Não
8787713185663,"RUA DO URUGUAY, N. 210, Apto 402, BL 008",URUGUAI,"Apartamento, 63.48 de área total, 40.53 de área privativa, 0.00 de área do terreno,  2 qto(s), WC, 1 sala(s), cozinha.",170000.0,170000.0,0.0,Leilão SFI - Edital Único,,SALVADOR,BA,Não
8444400324807,"RUA  MARQUES DE BARBACENA, N. 25, Apto 203,",NAZARE,"Apartamento, 0.00 de área total, 28.78 de área privativa, 0.00 de área do terreno,  1 qto(s), WC, 1 sala(s), cozinha.",190800.0,190800.0,0.0,Leilão SFI - Edital Único,,SALVADOR,BA,Não
8555536498620,"RUA VICENTE CELESTINO, N. 508, Apto 402, BL 03",MARECHAL RONDON,"Apartamento, 76.79 de área total, 40.05 de área privativa, 0.00 de área do terreno,  2 qto(s), WC, 1 sala(s), cozinha.",152000.0,152000.0,0.0,Leilão SFI - Edital Único,,SALVADOR,BA,Não
1555523155462,"RUA DA GRATIDAO, N. 291, Apto 6, EDIF AMETISTA TOR 4 TP C AP TP D",PIATA,"Apartamento, 99.33 de área total, 81.72 de área privativa, 0.00 de área do terreno,  3 qto(s), a.serv, WC, 1 sala(s), cozinha, Terraco, 1 vaga(s) de garagem.",402000.0,402000.0,0.0,Leilão SFI - Edital Único,,SALVADOR,BA,Não
1787701487920,"RUA PASQUALE GATTO, N. 494, Apto 706,",PIATA,"Apartamento, 64.48 de área total, 39.59 de área privativa, 0.00 de área do terreno,  2 qto(s), WC, 1 sala(s), cozinha.",215000.0,215000.0,0.0,Leilão SFI - Edital Único,,SALVADOR,BA,Não
1787702620543,"RUA PASQUALE GATTO, N. 494, Apto 201, BL 19",PIATA,"Apartamento, 68.22 de área total, 41.88 de área privativa, 0.00 de área do terreno,  2 qto(s), a.serv, WC, 1 sala(s), cozinha.",282000.0,282000.0,0.0,Leilão SFI - Edital Único,,SALVADOR,BA,Não
8444400286298,"RUA TOME DE SOUZA, N. 105, 0  PAVIMENTO SUPERIOR",BOA VISTA DE SAO CAETANO,"Casa, 88.00 de área total, 88.00 de área privativa, 88.00 de área do terreno,  3 qto(s), a.serv, WC, 2 sala(s), cozinha.",149000.0,149000.0,0.0,Leilão SFI - Edital Único,,SALVADOR,BA,Não
8555520891441,"TRAVESSA ACALANTO, N. 292, Apto 203, BL 01",JARDIM DAS MARGARIDAS,"Apartamento, 84.81 de área total, 51.45 de área privativa, 0.00 de área do terreno,  3 qto(s), a.serv, WC, 1 sala(s), cozinha.",174400.0,174400.0,0.0,Leilão SFI - Edital Único,,SALVADOR,BA,Não
8787716619346,"RUA JOAQUIM FERREIRA, N. 1940, Apto 1212, BL 01",JARDIM DAS MARGARIDAS,"Apartamento, 38.73 de área total, 38.73 de área privativa, 0.00 de área do terreno,  2 qto(s), a.serv, WC, 1 sala(s), cozinha.",231000.0,231000.0,0.0,Leilão SFI - Edital Único,,SALVADOR,BA,Não
8787714686810,"ALAMEDA DAS NACOES, N. 130, Apto 1109, BL 02",NOVA BRASILIA,"Apartamento, 77.14 de área total, 38.73 de área privativa, 0.00 de área do terreno,  2 qto(s), WC, 1 sala(s), cozinha.",178000.0,178000.0,0.0,Leilão SFI - Edital Único,,SALVADOR,BA,Não
8787715911426,"RUA PROFESSOR FERNANDO ROCHA, N. 326, Apto 801, BL  4",NARANDIBA,"Apartamento, 67.02 de área total, 38.70 de área privativa, 0.00 de área do terreno,  2 qto(s), WC, 1 sala(s), cozinha.",275000.0,275000.0,0.0,Leilão SFI - Edital Único,,SALVADOR,BA,Não
8787711211683,"RUA VIVER SALVADOR, N. 350, Apto 404, BL 09",AREIA BRANCA,"Apartamento, 70.96 de área total, 40.53 de área privativa, 0.00 de área do terreno,  2 qto(s), a.serv, WC, 1 sala(s), cozinha.",141683.43,141683.43,0.0,Leilão SFI - Edital Único,,SALVADOR,BA,Não
8787711753800,"RUA VIVER AREIA BRANCA, N. 65, Apto 302, bl 18",AREIA BRANCA,"Apartamento, 0.00 de área total, 40.53 de área privativa, 0.00 de área do terreno,  2 qto(s), WC, 1 sala(s), cozinha.",134000.0,134000.0,0.0,Leilão SFI - Edital Único,,SALVADOR,BA,Não
8787712244739,"RUA VIVER AREIA BRANCA, N. 168, Apto 304, BL 14 PAV 4",AREIA BRANCA,"Apartamento, 70.47 de área total, 40.53 de área privativa, 0.00 de área do terreno,  2 qto(s), a.serv, WC, 1 sala(s), cozinha.",166000.0,166000.0,0.0,Leilão SFI - Edital Único,,SALVADOR,BA,Não
8787712406704,"RUA VIVER AREIA BRANCA, N. 168, Apto 003, BL 12",AREIA BRANCA,"Apartamento, 70.47 de área total, 40.53 de área privativa, 0.00 de área do terreno,  2 qto(s), a.serv, WC, 1 sala(s), cozinha.",157000.0,157000.0,0.0,Leilão SFI - Edital Único,,SALVADOR,BA,Não
8787713696897,"RUA VIVER AREIA BRANCA, N. 168, Apto 304, BL 19 PV 04",AREIA BRANCA,"Apartamento, 0.00 de área total, 40.53 de área privativa, 0.00 de área do terreno,  2 qto(s), a.serv, WC, 1 sala(s), cozinha.",166000.0,166000.0,0.0,Leilão SFI - Edital Único,,SALVADOR,BA,Não
8787716350703,"RUA VIVER AREIA BRANCA, N. 155, Apto 204, BL 19",AREIA BRANCA,"Apartamento, 0.00 de área total, 40.53 de área privativa, 0.00 de área do terreno,  2 qto(s), WC, 1 sala(s), cozinha.",164000.0,164000.0,0.0,Leilão SFI - Edital Único,,SALVADOR,BA,Não
8787717133374,"RUA VIVER AREIA BRANCA, N. 235, Apto 102, BL 19",AREIA BRANCA,"Apartamento, 67.08 de área total, 40.53 de área privativa, 0.00 de área do terreno,  2 qto(s), WC, 1 sala(s), cozinha.",166000.0,166000.0,0.0,Leilão SFI - Edital Único,,SALVADOR,BA,Não
8787713234567,"RUA VEREADOR ZEZEU RIBEIRO, N. 613, Apto 201, BL 13",FAZENDA GRANDE I,"Apartamento, 91.87 de área total, 40.53 de área privativa, 0.00 de área do terreno,  2 qto(s), WC, 1 sala(s), cozinha.",156000.0,156000.0,0.0,Leilão SFI - Edital Único,,SALVADOR,BA,Não
8787714638173,"RUA VEREADOR ZEZEU RIBEIRO, N. 1389, Apto 302, BL 02 3° PAV",FAZENDA GRANDE I,"Apartamento, 59.57 de área total, 44.97 de área privativa, 0.00 de área do terreno,  2 qto(s), varanda, WC, 1 sala(s), cozinha.",183616.84,183616.84,0.0,Leilão SFI - Edital Único,,SALVADOR,BA,Não
8787715139588,"RUA VEREADOR ZEZEU RIBEIRO, N. 1389, Apto 101, BL 04",FAZENDA GRANDE I,"Apartamento, 60.91 de área total, 46.13 de área privativa, 0.00 de área do terreno,  2 qto(s), varanda, a.serv, WC, 1 sala(s), cozinha.",220000.0,220000.0,0.0,Leilão SFI - Edital Único,,SALVADOR,BA,Não
8787711394320,"RUA GERALDO BRASIL, N. SN, Apto 403, BL 9 5° PAV",CAJAZEIRAS XI,"Apartamento, 120.49 de área total, 40.53 de área privativa, 0.00 de área do terreno,  2 qto(s), a.serv, WC, WC Emp, 1 sala(s), cozinha.",156600.0,156600.0,0.0,Leilão SFI - Edital Único,,SALVADOR,BA,Não
8787711709690,"RUA GERALDO BRASIL, N. 962, Apto 301, BL 16",CAJAZEIRAS XI,"Apartamento, 120.49 de área total, 40.53 de área privativa, 0.00 de área do terreno,  2 qto(s), WC, 1 sala(s), cozinha.",140123.98,140123.98,0.0,Leilão SFI - Edital Único,,SALVADOR,BA,Não
8787707094872,"RUA VEREADOR ZEZÉU RIBEIRO, N. 1117, Apto 206, BL 01. PAV 3",FAZENDA GRANDE II,"Apartamento, 87.51 de área total, 39.60 de área privativa, 0.00 de área do terreno,  2 qto(s), WC, 1 sala(s), cozinha.",180485.39,180485.39,0.0,Leilão SFI - Edital Único,,SALVADOR,BA,Não
8444430212209,"CAMINHO 28 SETOR 04, N. 09,",FAZENDA GRANDE IV,"Casa, 78.74 de área total, 78.74 de área privativa, 98.75 de área do terreno,  3 qto(s), varanda, a.serv, WC, 1 sala(s), cozinha.",141660.44,141660.44,0.0,Leilão SFI - Edital Único,,SALVADOR,BA,Não
8787714193139,"ALAMEDA DAS NAÇÕES, N. 130, Apto 607, BL 02",NOVA BRASILIA,"Apartamento, 77.08 de área total, 38.70 de área privativa, 0.00 de área do terreno,  2 qto(s), WC, 1 sala(s), cozinha.",175315.23,174600.0,0.0,Leilão SFI - Edital Único,,SALVADOR,BA,Não
8787713079383,"RUA GENARO DE CARVALHO, N. 298, Apto 1004, T 03",VILA CANARIA,"Apartamento, 63.12 de área total, 40.24 de área privativa, 0.00 de área do terreno,  2 qto(s), a.serv, WC, 1 sala(s), cozinha.",220493.34,218677.16,0.0,Leilão SFI - Edital Único,,SALVADOR,BA,Não
8787713393371,"RUA VIVER AREIA BRANCA, N. 155, Apto 104, BL 02",AREIA BRANCA,"Apartamento, 69.57 de área total, 40.53 de área privativa, 0.00 de área do terreno,  2 qto(s), WC, 1 sala(s), cozinha.",168559.13,166000.0,0.0,Leilão SFI - Edital Único,,SALVADOR,BA,Não
8787706187273,"RUA VIVER SALVADOR, N. 461, Apto 2, BL 23 PAV 1 TERREO",AREIA BRANCA,"Apartamento, 105.63 de área total, 40.53 de área privativa, 0.00 de área do terreno,  2 qto(s), a.serv, WC, 1 sala(s), cozinha.",151518.2,149000.0,0.0,Leilão SFI - Edital Único,,SALVADOR,BA,Não
8787715463644,"RUA VIVER AREIA BRANCA, N. 168, Apto 01, BL 11 1° PAV TERREO",AREIA BRANCA,"Apartamento, 70.47 de área total, 40.53 de área privativa, 0.00 de área do terreno,  1 qto(s), a.serv, WC, 1 sala(s), cozinha.",160060.88,157000.0,0.0,Leilão SFI - Edital Único,,SALVADOR,BA,Não
8787713977713,"RUA VIVER AREIA BRANCA, N. 155, Apto 301, BL 06",AREIA BRANCA,"Apartamento, 70.47 de área total, 40.53 de área privativa, 0.00 de área do terreno,  2 qto(s), a.serv, WC, 1 sala(s), cozinha.",136197.42,131500.0,0.0,Leilão SFI - Edital Único,,SALVADOR,BA,Não
8444411374592,"RUA SANTA ANGELA, N. SN, Apto 001, BL 11",SANTO ANTONIO,"Apartamento, 51.56 de área total, 48.05 de área privativa, 0.00 de área do terreno,  2 qto(s), a.serv, WC, WC Emp, 1 sala(s), cozinha.",136183.7,130000.0,0.0,Leilão SFI - Edital Único,,SALVADOR,BA,Não
8787714311875,"RUA GENARO DE CARVALHO, N. 298, Apto 1404, BL 03",VILA CANARIA,"Apartamento, 70.52 de área total, 40.24 de área privativa, 0.00 de área do terreno,  2 qto(s), a.serv, WC.",220493.34,210000.0,0.0,Leilão SFI - Edital Único,,SALVADOR,BA,Não
8787711612149,"RUA GERALDO BRASIL, N. 962, Apto 004, BL 05 PAV 01 TERREO",CAJAZEIRAS XI,"Apartamento, 120.49 de área total, 40.53 de área privativa, 0.00 de área do terreno,  2 qto(s), a.serv, WC, 1 sala(s), cozinha.",136791.36,130000.0,0.0,Leilão SFI - Edital Único,,SALVADOR,BA,Não
8787701652253,"RUA JUSCELINO KUBITSCHEK, N. 558, Apto 103, BL 15",CAJAZEIRAS XI,"Apartamento, 150.53 de área total, 40.53 de área privativa, 0.00 de área do terreno,  2 qto(s), WC, 1 sala(s), cozinha.",145360.19,138000.0,0.0,Leilão SFI - Edital Único,,SALVADOR,BA,Não
8787714024108,"RUA VIVER AREIA BRANCA, N. 155, Apto 002, BL 03",AREIA BRANCA,"Apartamento, 69.57 de área total, 40.53 de área privativa, 0.00 de área do terreno,  2 qto(s), a.serv, WC, 1 sala(s), cozinha.",136032.94,129000.0,0.0,Leilão SFI - Edital Único,,SALVADOR,BA,Não
8787713745375,"RUA VIVER AREIA BRANCA, N. 155, Apto 201, BL 03",AREIA BRANCA,"Apartamento, 69.57 de área total, 40.53 de área privativa, 0.00 de área do terreno,  2 qto(s), a.serv, WC, 1 sala(s), cozinha.",136273.05,129000.0,0.0,Leilão SFI - Edital Único,,SALVADOR,BA,Não
8787715740265,"RUA DOS FRANCISCANOS, N. 96, Apto 1003, BL 01 11° PAV",DOM AVELAR,"Apartamento, 66.84 de área total, 38.73 de área privativa, 0.00 de área do terreno,  2 qto(s), a.serv, WC, 1 sala(s), cozinha.",204206.75,193000.0,0.0,Leilão SFI - Edital Único,,SALVADOR,BA,Não
8787711708871,"RUA PROFESSOR MOURA BASTOS, N. 216, Apto 406, BL 04",IAPI,"Apartamento, 0.00 de área total, 39.60 de área privativa, 0.00 de área do terreno.",163796.75,153000.0,0.0,Leilão SFI - Edital Único,,SALVADOR,BA,Não
8787706821460,"RUA DIRETA DO CAPELAO, N. 380, Apto 102, BL 04",AREIA BRANCA,"Apartamento, 63.75 de área total, 58.41 de área privativa, 0.00 de área do terreno,  2 qto(s), a.serv, WC, 1 sala(s), cozinha, 1 vaga(s) de garagem.",193957.65,180000.0,0.0,Leilão SFI - Edital Único,,SALVADOR,BA,Não
8787714660950,"RUA VIVER AREIA BRANCA, N. 155, Apto 203, BL 02",AREIA BRANCA,"Apartamento, 69.57 de área total, 40.53 de área privativa, 0.00 de área do terreno,  2 qto(s), WC, 1 sala(s), cozinha.",144398.19,133000.0,0.0,Leilão SFI - Edital Único,,SALVADOR,BA,Não
8787709127115,"RUA VIVER SALVADOR, N. 350, Apto 202, BL 04 PV 3",AREIA BRANCA,"Apartamento, 70.96 de área total, 40.53 de área privativa, 0.00 de área do terreno,  2 qto(s), a.serv, WC, 1 sala(s), cozinha.",140944.19,129000.0,0.0,Leilão SFI - Edital Único,,SALVADOR,BA,Não
8787711481540,"RUA GERALDO BRASIL, N. 962, Apto 004, BL 09 PAV 01 TERREO",CAJAZEIRAS XI,"Apartamento, 0.00 de área total, 40.53 de área privativa, 0.00 de área do terreno,  2 qto(s), a.serv, WC, 1 sala(s), cozinha.",133397.09,121000.0,0.0,Leilão SFI - Edital Único,,SALVADOR,BA,Não
8787711797068,"RUA DIRETA DO CAPELAO, N. 380, Apto 404, TIPO 01 BL 13 VG 80",AREIA BRANCA,"Apartamento, 48.80 de área total, 43.68 de área privativa, 0.00 de área do terreno,  2 qto(s), a.serv, WC, 1 sala(s), cozinha, 1 vaga(s) de garagem.",193957.65,174943.75,0.0,Leilão SFI - Edital Único,,SALVADOR,BA,Não
8787715065266,"RUA VIVER AREIA BRANCA, N. 168, Apto 003, BL 01",AREIA BRANCA,"Apartamento, 70.47 de área total, 40.53 de área privativa, 0.00 de área do terreno,  2 qto(s), a.serv, WC, 1 sala(s), cozinha.",141355.11,127000.0,0.0,Leilão SFI - Edital Único,,SALVADOR,BA,Não
8787713298611,"RUA VIVER AREIA BRANCA, N. 155, Apto 404, BL 05",AREIA BRANCA,"Apartamento, 69.57 de área total, 40.53 de área privativa, 0.00 de área do terreno,  2 qto(s), WC, 1 sala(s), cozinha.",136138.75,121000.0,0.0,Leilão SFI - Edital Único,,SALVADOR,BA,Não
8787717502035,"RUA VIVER AREIA BRANCA, N. 235, Apto 03, BL 25",AREIA BRANCA,"Apartamento, 67.08 de área total, 40.53 de área privativa, 0.00 de área do terreno,  2 qto(s), WC, 1 sala(s), cozinha.",158012.77,140000.0,0.0,Leilão SFI - Edital Único,,SALVADOR,BA,Não
8787717535510,"RUA VIVER AREIA BRANCA, N. 235, Apto 002, BL 21",AREIA BRANCA,"Apartamento, 67.08 de área total, 40.53 de área privativa, 0.00 de área do terreno,  2 qto(s), WC, 1 sala(s), cozinha.",159036.38,140208.09,0.0,Leilão SFI - Edital Único,,SALVADOR,BA,Não
1787701934412,"RUA CASTRO ALVES, N. 304, Apto 406, BL C",VILA CANARIA,"Apartamento, 92.44 de área total, 51.54 de área privativa, 0.00 de área do terreno,  2 qto(s), varanda, a.serv, WC, 1 sala(s), cozinha.",320563.29,280000.0,0.0,Leilão SFI - Edital Único,,SALVADOR,BA,Não
8787717180216,"RUA VIVER AREIA BRANCA, N. 235, Apto 003, BL 18",AREIA BRANCA,"Apartamento, 67.08 de área total, 40.53 de área privativa, 0.00 de área do terreno,  2 qto(s), WC, 1 sala(s), cozinha.",159309.97,137000.0,0.0,Leilão SFI - Edital Único,,SALVADOR,BA,Não
8787712521392,"RUA DA ETIOPIA, N. 314, Apto 506, BL 07 PAV 6",GRANJAS RURAIS PRESIDENTE VARGAS,"Apartamento, 63.12 de área total, 39.59 de área privativa, 0.00 de área do terreno,  2 qto(s), a.serv, WC, 1 sala(s), cozinha.",154690.61,133000.0,0.0,Leilão SFI - Edital Único,,SALVADOR,BA,Não
8787718812356,"RUA VIVER AREIA BRANCA, N. 235, Apto 01, BL 13 1° PAV TERREO",AREIA BRANCA,"Apartamento, 67.08 de área total, 40.53 de área privativa, 0.00 de área do terreno,  1 qto(s), a.serv, WC, 1 sala(s), cozinha.",190770.31,164000.0,0.0,Leilão SFI - Edital Único,,SALVADOR,BA,Não
8787717446461,"RUA VIVER AREIA BRANCA, N. 235, Apto 103, BL 18",AREIA BRANCA,"Apartamento, 67.08 de área total, 40.53 de área privativa, 0.00 de área do terreno,  2 qto(s), a.serv, WC, 1 sala(s), cozinha.",161322.47,138000.0,0.0,Leilão SFI - Edital Único,,SALVADOR,BA,Não
8787714264818,"ESTRADA DA IASA, N. 432, Apto 707, TOR 4 PAV 7 VG 243",PIRAJA,"Apartamento, 92.67 de área total, 42.10 de área privativa, 0.00 de área do terreno,  2 qto(s), varanda, WC, 1 sala(s), cozinha, 1 vaga(s) de garagem.",311963.52,266000.0,0.0,Leilão SFI - Edital Único,,SALVADOR,BA,Não
8444410617262,"ESTRADA DAS BARREIRAS, N. SN, Apto 302, BL 52B",SAO GONCALO,"Apartamento, 58.82 de área total, 52.95 de área privativa, 0.00 de área do terreno,  2 qto(s), a.serv, WC, WC Emp, 1 sala(s), cozinha.",165127.64,140000.0,0.0,Leilão SFI - Edital Único,,SALVADOR,BA,Não
1787701972772,"RUA LUIS EDUARDO MAGALHAES, N. 1081, Apto 208, BL 03 ANDAR 2 VG SUP35",ITAPUA,"Apartamento, 82.42 de área total, 67.77 de área privativa, 0.00 de área do terreno,  3 qto(s), varanda, a.serv, WC, 1 sala(s), cozinha, 1 vaga(s) de garagem.",424770.36,360000.0,0.0,Leilão SFI - Edital Único,,SALVADOR,BA,Não
8787708807430,"RUA DIRETA DO CAPELAO, N. 380, Apto 03, BL 01 TIPO 1",AREIA BRANCA,"Apartamento, 59.15 de área total, 43.68 de área privativa, 0.00 de área do terreno,  2 qto(s), WC, 1 sala(s), cozinha, 1 vaga(s) de garagem.",193957.65,163000.0,0.0,Leilão SFI - Edital Único,,SALVADOR,BA,Não
8444400305233,"RUA BRISA DO VALE, N. 91, Apto 302, BL 17",NOVA BRASILIA,"Apartamento, 98.62 de área total, 43.26 de área privativa, 0.00 de área do terreno,  2 qto(s), a.serv, WC, 1 sala(s), cozinha, 1 vaga(s) de garagem.",222851.09,186000.0,0.0,Leilão SFI - Edital Único,,SALVADOR,BA,Não
8787715270986,"RUA VIVER AREIA BRANCA, N. 155, Apto 403, BL 21 PAV 5",AREIA BRANCA,"Apartamento, 69.57 de área total, 40.53 de área privativa, 0.00 de área do terreno,  2 qto(s), a.serv, WC, 1 sala(s), cozinha.",145238.13,121000.0,0.0,Leilão SFI - Edital Único,,SALVADOR,BA,Não
8787708534680,"RUA MARTINIANO BONFIM, N. 46, Apto 403, BL 05",RETIRO,"Apartamento, 60.61 de área total, 39.60 de área privativa, 0.00 de área do terreno,  2 qto(s), a.serv, WC, 1 sala(s), cozinha.",193569.4,161000.0,0.0,Leilão SFI - Edital Único,,SALVADOR,BA,Não
8787715301563,"RUA VIVER AREIA BRANCA, N. 155, Apto 103, BL 19",AREIA BRANCA,"Apartamento, 69.57 de área total, 40.53 de área privativa, 0.00 de área do terreno,  2 qto(s), WC, 1 sala(s), cozinha.",148546.31,123000.0,0.0,Leilão SFI - Edital Único,,SALVADOR,BA,Não
8787713227781,"RUA DO URUGUAY, N. 210, Apto 203, PAV 3 BL 15",URUGUAI,"Apartamento, 63.48 de área total, 40.53 de área privativa, 0.00 de área do terreno,  2 qto(s), a.serv, WC, 1 sala(s), cozinha.",162085.72,132000.0,0.0,Leilão SFI - Edital Único,,SALVADOR,BA,Não
8555535511372,"RUA VICENTE CELESTINO, N. 508, Apto 203, BL 08",MARECHAL RONDON,"Apartamento, 76.79 de área total, 40.05 de área privativa, 0.00 de área do terreno,  2 qto(s), WC, 1 sala(s), cozinha.",153304.36,124000.0,0.0,Leilão SFI - Edital Único,,SALVADOR,BA,Não
8787714226991,"ESTRADA DA IASA, N. 432, Apto 203, BL 02",PIRAJA,"Apartamento, 99.89 de área total, 61.24 de área privativa, 0.00 de área do terreno,  1 qto(s), WC, 1 sala(s), cozinha, 1 vaga(s) de garagem.",340651.07,275000.0,0.0,Leilão SFI - Edital Único,,SALVADOR,BA,Não
8787715812509,"RUA VIVER AREIA BRANCA, N. 155, Apto 404, BL 18",AREIA BRANCA,"Apartamento, 0.00 de área total, 40.53 de área privativa, 0.00 de área do terreno,  2 qto(s), WC, 1 sala(s), cozinha.",186361.58,150000.0,0.0,Leilão SFI - Edital Único,,SALVADOR,BA,Não
10309114,"RUA PROFESSOR MAIA FONTES, N. 27, CS 302",MUSSURUNGA,"Casa, 0.00 de área total, 65.00 de área privativa, 0.00 de área do terreno,  2 qto(s), a.serv, WC, 1 sala(s), cozinha.",218037.43,172000.0,0.0,Leilão SFI - Edital Único,,SALVADOR,BA,Não
8787716717631,"RUA VIVER AREIA BRANCA, N. 235, Apto 203, BL 25",AREIA BRANCA,"Apartamento, 67.08 de área total, 40.53 de área privativa, 0.00 de área do terreno,  2 qto(s), a.serv, WC, 1 sala(s), cozinha, 1 vaga(s) de garagem.",161102.38,127000.0,0.0,Leilão SFI - Edital Único,,SALVADOR,BA,Não
8787715305895,"RUA VIVER AREIA BRANCA, N. 155, Apto 104, BL 20",AREIA BRANCA,"Apartamento, 69.57 de área total, 40.53 de área privativa, 0.00 de área do terreno,  2 qto(s), WC, 1 sala(s), cozinha.",175294.82,138000.0,0.0,Leilão SFI - Edital Único,,SALVADOR,BA,Não
1787702826125,"RUA GENARO DE CARVALHO, N. 514, Apto 1102, PCD T 02 VG 137 PCD",VILA CANARIA,"Apartamento, 42.99 de área total, 42.99 de área privativa, 0.00 de área do terreno,  1 qto(s), varanda, WC, 1 sala(s), cozinha, 1 vaga(s) de garagem.",280354.72,220000.0,0.0,Leilão SFI - Edital Único,,SALVADOR,BA,Não
8787718178126,"RUA VIVER AREIA BRANCA, N. 235, Apto 204, BL 10 3° PAV",AREIA BRANCA,"Apartamento, 67.08 de área total, 40.53 de área privativa, 0.00 de área do terreno,  2 qto(s), a.serv, WC, 1 sala(s), cozinha.",191246.88,150000.0,0.0,Leilão SFI - Edital Único,,SALVADOR,BA,Não
8787713599930,"RUA VIVER AREIA BRANCA, N. 155, Apto 303, BL 03",AREIA BRANCA,"Apartamento, 0.00 de área total, 40.53 de área privativa, 0.00 de área do terreno,  2 qto(s), WC, 1 sala(s), cozinha.",136279.05,105000.0,0.0,Leilão SFI - Edital Único,,SALVADOR,BA,Não
8787713261599,"RUA VEREADOR ZEZEU RIBEIRO, N. 613, Apto 404, BL 11",FAZENDA GRANDE I,"Apartamento, 91.87 de área total, 40.53 de área privativa, 0.00 de área do terreno,  2 qto(s), a.serv, WC, 1 sala(s), cozinha.",145361.91,112000.0,0.0,Leilão SFI - Edital Único,,SALVADOR,BA,Não
8787713758302,"RUA VIVER AREIA BRANCA, N. 155, Apto 201, BL 07",AREIA BRANCA,"Apartamento, 69.57 de área total, 40.53 de área privativa, 0.00 de área do terreno,  2 qto(s), a.serv, WC, 1 sala(s), cozinha.",136515.47,105000.0,0.0,Leilão SFI - Edital Único,,SALVADOR,BA,Não
8787718131103,"RUA JOAQUIM FERREIRA, N. 1940, Apto 513, BL 03",JARDIM DAS MARGARIDAS,"Apartamento, 74.71 de área total, 38.54 de área privativa, 0.00 de área do terreno,  2 qto(s), WC, 1 sala(s), cozinha.",206667.47,156000.0,0.0,Leilão SFI - Edital Único,,SALVADOR,BA,Não
8787706262550,"RUA JOAQUIM FERREIRA, N. SN, Apto 302, PV 03 BL 20",JARDIM DAS MARGARIDAS,"Apartamento, 0.00 de área total, 41.40 de área privativa, 0.00 de área do terreno,  2 qto(s), WC, 1 sala(s), cozinha.",207456.22,150000.0,0.0,Leilão SFI - Edital Único,,SALVADOR,BA,Não
8787715320827,"ESTRADA DA IASA, N. 432, Apto 03, BL 02",PIRAJA,"Apartamento, 0.00 de área total, 61.24 de área privativa, 0.00 de área do terreno, 1 vaga(s) de garagem.",340651.07,245000.0,0.0,Leilão SFI - Edital Único,,SALVADOR,BA,Não
8787718025141,"RUA VIVER AREIA BRANCA, N. 235, Apto 402, BL 10 5° PAVIMENTO",AREIA BRANCA,"Apartamento, 67.08 de área total, 40.53 de área privativa, 0.00 de área do terreno,  2 qto(s), a.serv, WC, 1 sala(s), cozinha.",191513.2,127000.0,0.0,Leilão SFI - Edital Único,,SALVADOR,BA,Não
10309117,"RUA PROFESSOR MAIA FONTES, N. 27, CS 201",MUSSURUNGA,"Casa, 0.00 de área total, 65.00 de área privativa, 0.00 de área do terreno,  2 qto(s), varanda, a.serv, WC, 1 sala(s), cozinha.",218037.43,108000.0,0.0,Leilão SFI - Edital Único,,SALVADOR,BA,Não
8444406662704,"RUA MANDACURU, N. 41, FAZENDA PENEDO",ITAPUA,"Casa, 144.00 de área total, 144.00 de área privativa, 144.00 de área do terreno,  2 qto(s), a.serv, WC, 1 sala(s), cozinha, 1 vaga(s) de garagem.",386500.09,170000.0,0.0,Leilão SFI - Edital Único,,SALVADOR,BA,Não
8787704361551,"AVENIDA CONGONHAS, N. SN, LOT 09  QD 3C",SAMAMBAIA,"Casa, 50.00 de área total, 50.00 de área privativa, 250.00 de área do terreno,  2 qto(s), a.serv, WC, 1 sala(s), cozinha.",104000.0,104000.0,0.0,Leilão SFI - Edital Único,,SANTA RITA DE CASSIA,BA,Não
1444408277311,"ALAMEDA TREZE, N. 11,",SALGADEIRA,"Casa, 113.90 de área total, 113.90 de área privativa, 162.00 de área do terreno,  2 qto(s), a.serv, WC, 3 sala(s), cozinha, 1 vaga(s) de garagem.",118709.23,188600.0,37.06,Licitação Aberta,,SANTO ANTONIO DE JESUS,BA,Não
8787712177799,"AVENIDA CARLOS AMARAL, N. SN, Apto 101, BL 62",CAJUEIRO,"Apartamento, 0.00 de área total, 55.89 de área privativa, 0.00 de área do terreno,  2 qto(s), varanda, a.serv, WC, 1 sala(s), cozinha.",192890.0,192497.99,0.0,Leilão SFI - Edital Único,,SANTO ANTONIO DE JESUS,BA,Não
8094800002492,"RUA BEVENUTO NOYA, N. 571, CS 571",CENTRO,"Casa, 117.95 de área total, 117.95 de área privativa, 338.25 de área do terreno,  4 qto(s), a.serv, WC, 2 sala(s), cozinha, 1 vaga(s) de garagem.",68738.11,114900.0,40.18,Venda Direta Online,,SAO FELIPE,BA,Não
1444416634136,"RUA RAIMUNDO TEIXEIRA, N. 56, QD 24 LT 01B",BELA VISTA,"Casa, 0.00 de área total, 66.40 de área privativa, 82.50 de área do terreno,  2 qto(s), a.serv, WC, 1 sala(s), cozinha, 1 vaga(s) de garagem.",93875.86,160000.0,41.33,Venda Direta Online,,SAO FELIX DO CORIBE,BA,Não
1444417344123,"RUA FLORIANO PEIXOTO, N. 432, LT 13A QD 17",AGNELO BRAGA,"Casa, 209.70 de área total, 209.70 de área privativa, 312.50 de área do terreno,  3 qto(s), a.serv, WC, 1 sala(s), cozinha, 2 vaga(s) de garagem.",229433.15,360000.0,36.27,Venda Direta Online,,SAO FELIX DO CORIBE,BA,Sim
10208958,"AVENIDA JOSÉ CARLOS LACERDA, N. 00, QD J, LTS 1 A 12",LOT NOVA SÃO GONÇALO,"Casa, 0.00 de área total, 1057.70 de área privativa, 11250.00 de área do terreno.",851419.66,1992000.0,57.26,Venda Direta Online,,SAO GONCALO DOS CAMPOS,BA,Sim
8444419754157,"RUA 01, N. 575,",BOA HORA,"Casa, 117.37 de área total, 47.37 de área privativa, 105.00 de área do terreno,  2 qto(s), varanda, a.serv, WC, 1 sala(s), cozinha.",92266.98,173000.0,46.67,Venda Direta Online,,SAO GONCALO DOS CAMPOS,BA,Sim
8444415075808,"RUA NOSSA SRA. DA BOA HORA, N. 157,",FAZ BOA HORA,"Casa, 70.50 de área total, 70.50 de área privativa, 125.00 de área do terreno,  2 qto(s), a.serv, WC, 1 sala(s), cozinha, 1 vaga(s) de garagem.",54751.15,98500.0,44.42,Venda Direta Online,,SAO GONCALO DOS CAMPOS,BA,Não
8555511188270,"ESTRADA VELHA DE SAO GONCALO DOS CAMPOS, N. SN, LT 11 QD N",Fazenda Boa Hora,"Casa, 36.74 de área total, 36.74 de área privativa, 109.50 de área do terreno,  2 qto(s), a.serv, WC, 1 sala(s), cozinha.",53839.36,93000.0,42.11,Venda Direta Online,,SAO GONCALO DOS CAMPOS,BA,Não
8444436147956,"RUA U, N. 09, QD U",BOA HORA,"Casa, 36.74 de área total, 36.74 de área privativa, 139.50 de área do terreno,  2 qto(s), a.serv, WC, 1 sala(s), cozinha.",136000.0,136000.0,0.0,Leilão SFI - Edital Único,,SAO GONCALO DOS CAMPOS,BA,Não
8444429095334,"RUA IZABEL BATISTA, N. 10,",BOA HORA,"Casa, 65.94 de área total, 65.94 de área privativa, 129.50 de área do terreno,  2 qto(s), varanda, a.serv, WC, 1 sala(s), cozinha, 1 vaga(s) de garagem.",171829.49,150000.0,0.0,Leilão SFI - Edital Único,,SAO GONCALO DOS CAMPOS,BA,Não
8444424652740,"RUA TEODORO PEREIRA DOS SANTOS, N. 16A, ÁREA 5-A",Fazenda Boa Hora,"Terreno, 0.00 de área total, 0.00 de área privativa, 116.01 de área do terreno.",76269.1,35000.0,0.0,Venda Direta Online,,SAO GONCALO DOS CAMPOS,BA,Não
1444408415161,"RUA MIGUEL DIA DOS SANTOS, N. 55,",MARIO CRUZ,"Casa, 354.21 de área total, 219.30 de área privativa, 350.00 de área do terreno,  6 qto(s), a.serv, WC, 2 sala(s), cozinha, 1 vaga(s) de garagem.",303361.6,560000.0,45.83,Venda Direta Online,,SAO SEBASTIAO DO PASSE,BA,Sim
8444408391775,"RUA F, N. 189, LOTE 10 QUADRA G",BOA VISTA,"Casa, 41.70 de área total, 41.70 de área privativa, 160.00 de área do terreno,  2 qto(s), a.serv, WC, 1 sala(s), cozinha, 1 vaga(s) de garagem.",57000.0,95000.0,40.0,Leilão SFI - Edital Único,,SEABRA,BA,Não
8444409315290,"RUA F, N. 125, LT 02 QD G",BOA VISTA,"Casa, 41.70 de área total, 41.70 de área privativa, 160.00 de área do terreno,  2 qto(s), WC, 1 sala(s), cozinha.",120000.0,120000.0,0.0,Leilão SFI - Edital Único,,SEABRA,BA,Não
8444410996409,"RUA LISBOA, N. 106, LT 14 QD E",BOA VISTA,"Casa, 41.70 de área total, 41.70 de área privativa, 160.00 de área do terreno,  2 qto(s), WC, 1 sala(s), cozinha.",85000.0,85000.0,0.0,Leilão SFI - Edital Único,,SEABRA,BA,Não
8444416097619,"RUA LISBOA, N. 222, LT 20 QD G",BOA VISTA,"Casa, 41.70 de área total, 41.70 de área privativa, 160.00 de área do terreno,  2 qto(s), WC, 1 sala(s), cozinha.",110000.0,110000.0,0.0,Leilão SFI - Edital Único,,SEABRA,BA,Não
8444409848833,"RUA F, N. 80, LT 08 QD F",BOA VISTA,"Casa, 41.70 de área total, 41.70 de área privativa, 175.76 de área do terreno,  2 qto(s), WC, 1 sala(s), cozinha.",82151.74,80000.0,0.0,Leilão SFI - Edital Único,,SEABRA,BA,Não
8444414885466,"RUA LISBOA, N. 190, LT 24 QD G",BOA VISTA,"Casa, 41.70 de área total, 41.70 de área privativa, 160.00 de área do terreno,  2 qto(s), WC, 1 sala(s), cozinha.",81383.45,79000.0,0.0,Leilão SFI - Edital Único,,SEABRA,BA,Não
1555534534621,"RUA DAS LARANJEIRA, N. 36",CENTRO,"Casa, 0.00 de área total, 74.91 de área privativa, 85.80 de área do terreno,  3 qto(s), a.serv, WC, 2 sala(s), cozinha.",62669.3,110000.0,43.03,Venda Direta Online,,SENHOR DO BONFIM,BA,Não
1444406190189,"RUA GILBERTO GIL, N. 086, QD D LT 03",LUIZ EDUARDO MAGALHA,"Casa, 135.68 de área total, 135.68 de área privativa, 192.00 de área do terreno,  3 qto(s), a.serv, WC, 1 sala(s), cozinha, 1 vaga(s) de garagem.",125192.29,204000.0,38.64,Venda Direta Online,,SENHOR DO BONFIM,BA,Não
10006382,"Rua 05 Lt 06 Qd C unid 06, Rodovia Lomanto Junior",CENTRO,"Terreno, 0.00 de área total, 0.00 de área privativa, 571.27 de área do terreno.",145000.0,145000.0,0.0,Leilão SFI - Edital Único,,SENHOR DO BONFIM,BA,Não
8444401250050,"RUA B, N. SN, LT 21 QD 03",ESTANCIA PARAISO,"Casa, 59.34 de área total, 59.34 de área privativa, 336.00 de área do terreno,  3 qto(s), varanda, a.serv, WC, cozinha.",90161.3,154000.0,41.46,Venda Direta Online,,SERRA DO RAMALHO,BA,Não
8787701333956,"RUA B, N. 96, QD 03, LT 02",Alto do Recreio,"Casa, 0.00 de área total, 57.15 de área privativa, 160.00 de área do terreno,  2 qto(s), varanda, a.serv, WC, 1 sala(s), cozinha.",46627.27,107000.0,56.43,Venda Direta Online,,SERRINHA,BA,Não
8787702841823,"RUA D, N. 15, LT 12 QD II LOT BOA ESPERANCA",Alto do Recreio,"Casa, 57.86 de área total, 57.86 de área privativa, 142.30 de área do terreno,  2 qto(s), a.serv, WC, 1 sala(s), cozinha, 1 vaga(s) de garagem.",56571.18,110000.0,48.58,Venda Direta Online,,SERRINHA,BA,Não
1555526320278,"FAZENDAS ARIRI E TAMBURI, N. SN, KM 370",Zona rural,"Terreno, 0.00 de área total, 0.00 de área privativa, 3310.56 de área do terreno.",503478.3,790000.0,36.27,Venda Direta Online,,SERRINHA,BA,Não
8444421005220,"CAMINHO 11, N. 28, Apto 303, BL 01-C",ILHA DE SAO JOAO,"Apartamento, 0.00 de área total, 50.22 de área privativa, 0.00 de área do terreno,  2 qto(s), a.serv, WC, 1 sala(s), cozinha.",36393.25,95000.0,61.7,Venda Direta Online,,SIMOES FILHO,BA,Não
8555519518520,"RUA 07 DE SETEMBRO, N. 604, LT 60- A, QD G",LOT PARQUE CONTINENT,"Casa, 54.00 de área total, 54.00 de área privativa, 150.00 de área do terreno,  2 qto(s), varanda, WC, 1 sala(s), cozinha.",68489.58,134000.0,48.89,Venda Direta Online,,SIMOES FILHO,BA,Não
8444410074072,"R D, N. 241, Apto 302, BL10C",SIMOES FILHO,"Apartamento, 0.00 de área total, 50.22 de área privativa, 0.00 de área do terreno,  2 qto(s), a.serv, WC, 1 sala(s), cozinha.",64610.23,120000.0,46.16,Venda Direta Online,,SIMOES FILHO,BA,Não
10234895,"AVENIDA WASHINGTON LUIS, N. 1854",CRISTO REI,"Terreno, 0.00 de área total, 0.00 de área privativa, 3100.00 de área do terreno.",390259.41,662000.0,41.05,Venda Direta Online,,SIMOES FILHO,BA,Sim
8444412900131,"CAMINHO 2, N. 108, Apto 003, BL 9A",ILHA DE SAO JOAO,"Apartamento, 50.22 de área total, 50.22 de área privativa, 0.00 de área do terreno,  2 qto(s), a.serv, WC, 1 sala(s), cozinha.",44838.11,74000.0,39.41,Venda Direta Online,,SIMOES FILHO,BA,Não
8444418550906,"CAMINHO 3, N. 39, LT 11  ANTIGO NR 11",CIA I,"Casa, 72.00 de área total, 20.10 de área privativa, 72.00 de área do terreno,  1 qto(s), a.serv, WC, 1 sala(s), cozinha.",100000.0,100000.0,0.0,Leilão SFI - Edital Único,,SIMOES FILHO,BA,Não
8555517996327,"RUA OLINDINA, N. 49,",LIBERDADE SUL,"Casa, 62.80 de área total, 62.80 de área privativa, 200.00 de área do terreno,  2 qto(s), WC, 1 sala(s), cozinha.",109580.17,196000.0,44.1,Venda Direta Online,,TEIXEIRA DE FREITAS,BA,Não
1555522369779,"RUA GIL CAMPISTA, N. 242, LT 01, QD A",RECANTO DO LAGO,"Casa, 262.37 de área total, 262.37 de área privativa, 325.12 de área do terreno,  6 qto(s), a.serv, WC, 3 sala(s), cozinha.",440547.39,780000.0,43.52,Venda Online,,TEIXEIRA DE FREITAS,BA,Sim
8444404658548,"RUA PROJETADA 56, N. 37, T 06",SETOR BAHIA SUL,"Casa, 55.00 de área total, 55.00 de área privativa, 158.28 de área do terreno,  2 qto(s), WC, 1 sala(s), cozinha.",114838.56,200000.0,42.59,Venda Direta Online,,TEIXEIRA DE FREITAS,BA,Não
8787701471496,"RUA PROJETADA, N. 170, CASA 27",LUIS EDUARDO MAGALHAES,"Casa, 68.30 de área total, 68.30 de área privativa, 160.00 de área do terreno,  2 qto(s), a.serv, WC, 1 sala(s), cozinha.",90161.3,154000.0,41.46,Venda Direta Online,,TEIXEIRA DE FREITAS,BA,Não
8444427565198,"AVENIDA SAO PAULO, N. 71,",JARDIM CARAIPE,"Casa, 66.97 de área total, 66.97 de área privativa, 200.00 de área do terreno, a.serv.",102344.81,172706.28,40.75,Licitação Aberta,,TEIXEIRA DE FREITAS,BA,Não
8787715084597,"AVENIDA SAO PAULO, N. 25, CS111 BL19 VAGA DE GARAGEM 111",JARDIM CARAIPE,"Casa, 72.61 de área total, 72.61 de área privativa, 130.01 de área do terreno,  2 qto(s), a.serv, WC, 1 sala(s), cozinha, 1 vaga(s) de garagem.",104296.65,176000.0,40.75,Licitação Aberta,,TEIXEIRA DE FREITAS,BA,Não
8444435061896,"AVENIDA SAO PAULO, N. 221, LT 43 QD C",TANCREDO NEVES,"Casa, 68.42 de área total, 68.42 de área privativa, 200.00 de área do terreno,  2 qto(s), a.serv, WC, 1 sala(s), cozinha.",104679.88,176646.7,40.75,Venda Direta Online,,TEIXEIRA DE FREITAS,BA,Não
8444437688608,"AVENIDA SAO PAULO, N. 211, LOTE 27 QUADRA I",JARDIM CARAIPE,"Casa, 66.00 de área total, 66.00 de área privativa, 200.00 de área do terreno,  2 qto(s), a.serv, WC, 1 sala(s), cozinha.",133575.38,221000.0,39.56,Licitação Aberta,,TEIXEIRA DE FREITAS,BA,Não
8444424719151,"RUA PROJETADA 209, N. 202,  TERRENO 03",TANCREDO NEVES,"Casa, 63.70 de área total, 63.70 de área privativa, 200.00 de área do terreno,  2 qto(s), a.serv, WC, 1 sala(s), cozinha.",114838.57,190000.0,39.56,Licitação Aberta,,TEIXEIRA DE FREITAS,BA,Não
8444428358137,"RUA GENESIS, N. 71, QD 05 LT 30",TANCREDO NEVES,"Casa, 55.55 de área total, 55.55 de área privativa, 200.00 de área do terreno,  2 qto(s), a.serv, WC, 1 sala(s), cozinha.",112420.91,186000.0,39.56,Venda Direta Online,,TEIXEIRA DE FREITAS,BA,Não
8444434073181,"RUA DEUTERONOMIO, N. 71,",TANCREDO NEVES,"Casa, 61.10 de área total, 61.10 de área privativa, 200.00 de área do terreno,  2 qto(s), a.serv, WC, 1 sala(s), cozinha.",131762.14,218000.0,39.56,Licitação Aberta,,TEIXEIRA DE FREITAS,BA,Não
8555514118590,"RUA DOS POMERANOS, N. 234, LT 10 QD 38",KAIKAN SUL,"Casa, 65.89 de área total, 65.89 de área privativa, 200.00 de área do terreno,  2 qto(s), a.serv, WC, 1 sala(s), cozinha, 1 vaga(s) de garagem.",117860.63,195000.0,39.56,Venda Direta Online,,TEIXEIRA DE FREITAS,BA,Não
1444405707196,"RUA MINAS GERAIS, N. 290, CS, LT 01, QD 07 - LOT. ALTO DO TANCRE",ALTO DO TANCREDO,"Casa, 144.44 de área total, 144.44 de área privativa, 227.15 de área do terreno,  3 qto(s), varanda, a.serv, WC, 1 sala(s), cozinha, 1 vaga(s) de garagem.",138473.13,220000.0,37.06,Venda Direta Online,,TEIXEIRA DE FREITAS,BA,Não
8444407659367,"RUA NOVO CANTO, N. 423, LT 12 QD 42",ESTANCIA BIQUINE,"Casa, 0.00 de área total, 72.10 de área privativa, 250.00 de área do terreno,  2 qto(s), a.serv, WC, 1 sala(s), cozinha.",114838.57,180000.0,36.21,Licitação Aberta,,TEIXEIRA DE FREITAS,BA,Não
1444403960129,"PRACA PRESIDENTE MEDICI, N. 154,",CENTRO,"Terreno, 0.00 de área total, 0.00 de área privativa, 120.00 de área do terreno.",188000.0,188000.0,0.0,Leilão SFI - Edital Único,,TEIXEIRA DE FREITAS,BA,Não
8444424308739,"RUA PROJETADA  209, N. 142, TERRENO 09",TANCREDO NEVES,"Casa, 68.30 de área total, 68.30 de área privativa, 200.00 de área do terreno,  2 qto(s), a.serv, WC, 1 sala(s), cozinha.",212000.0,212000.0,0.0,Leilão SFI - Edital Único,,TEIXEIRA DE FREITAS,BA,Não
8787704455335,"RUA JOAO AMARO GOMES, N. 1550, CS 04 BL 08",TANCREDO NEVES,"Casa, 63.87 de área total, 63.87 de área privativa, 135.38 de área do terreno,  2 qto(s), a.serv, WC, cozinha, 1 vaga(s) de garagem.",185000.0,185000.0,0.0,Leilão SFI - Edital Único,,TEIXEIRA DE FREITAS,BA,Não
8444434923908,"RUA PROJETADA 188, N. 74,",NOVA TEIXEIRA,"Casa, 100.88 de área total, 100.88 de área privativa, 160.00 de área do terreno,  2 qto(s), a.serv, WC, 1 sala(s), cozinha, 1 vaga(s) de garagem.",334761.6,304000.0,0.0,Leilão SFI - Edital Único,,TEIXEIRA DE FREITAS,BA,Não
1444423175702,"RUA 2, N. SN, LT 21 QD 15",BONADIMAN,"Terreno, 0.00 de área total, 0.00 de área privativa, 360.98 de área do terreno.",1218476.75,281000.0,0.0,Leilão SFI - Edital Único,,TEIXEIRA DE FREITAS,BA,Não
1444406530834,"TRAVESSA DOIS DE JULHO, N. 16, CASA",DC-5,"Casa, 0.00 de área total, 92.00 de área privativa, 129.15 de área do terreno,  3 qto(s), varanda, a.serv, WC, 1 sala(s), cozinha.",101904.73,165000.0,38.24,Venda Direta Online,,URANDI,BA,Não
10308545,"AVENIDA MARIA DOS ANJOS, N. 2",ANFRISIO XAVIER GOES,"Terreno, 0.00 de área total, 0.00 de área privativa, 1963.31 de área do terreno.",600000.0,600000.0,0.0,Leilão SFI - Edital Único,,URUCUCA,BA,Não
1444417852587,"RUA DESEMBARGADOR MARMORE NETO, N. S/N, TERRENO 22 QD 4",BATEIAS,"Terreno, 241.71 de área total, 0.00 de área privativa, 200.00 de área do terreno, 1 vaga(s) de garagem.",265427.51,510000.0,47.96,Venda Direta Online,,VITORIA DA CONQUISTA,BA,Sim
8787704828930,"RUA G, N. 115, CS 11",LAGOA DAS FLORES,"Casa, 65.55 de área total, 65.55 de área privativa, 102.00 de área do terreno,  2 qto(s), a.serv, WC, 1 sala(s), cozinha, 1 vaga(s) de garagem.",92889.2,165000.0,43.71,Venda Online,,VITORIA DA CONQUISTA,BA,Sim
8444427957606,"RUA XXXVII, N. 35,  LOTE 08 QUADRA 19",JATOBA,"Casa, 60.78 de área total, 60.78 de área privativa, 100.00 de área do terreno,  2 qto(s), a.serv, WC, 1 sala(s), cozinha, 1 vaga(s) de garagem.",97185.51,164000.0,40.75,Licitação Aberta,,VITORIA DA CONQUISTA,BA,Não
8444422252396,"RUA GILKA MACHADO, N. 149, UN 002, QD SQ1-B, LT 20",ZABELE,"Casa, 63.95 de área total, 63.95 de área privativa, 90.00 de área do terreno,  2 qto(s), a.serv, WC, 1 sala(s), cozinha, 1 vaga(s) de garagem.",118465.05,196000.0,39.56,Venda Online,,VITORIA DA CONQUISTA,BA,Não
8444428637109,"RUA H, N. 636, LOTE 44 UNIDADE RESIDENCIAL 02",SAO PEDRO,"Casa, 73.09 de área total, 73.09 de área privativa, 125.00 de área do terreno,  3 qto(s), a.serv, WC, 2 sala(s), cozinha, 1 vaga(s) de garagem.",132970.97,220000.0,39.56,Licitação Aberta,,VITORIA DA CONQUISTA,BA,Não
1787700654378,"RUA CLAUDIA BOTELHO, N. 635, Apto 504, BL 10",ALTO MARON,"Apartamento, 0.00 de área total, 40.28 de área privativa, 0.00 de área do terreno,  2 qto(s), WC, 1 sala(s), cozinha.",110432.35,178807.59,38.24,Licitação Aberta,,VITORIA DA CONQUISTA,BA,Não
1444418898947,"AVENIDA MODELO, N. 1307, LT 09 QD 07",BATEIAS,"Casa, 166.36 de área total, 166.36 de área privativa, 200.00 de área do terreno,  4 qto(s), varanda, a.serv, WC, 1 sala(s), cozinha, 1 vaga(s) de garagem.",310690.72,500000.0,37.87,Venda Direta Online,,VITORIA DA CONQUISTA,BA,Sim
1444416031717,"RUA C, N. 135, Apto 907, TORRE B NORTE LOTE 26",ALTO MARON,"Apartamento, 74.14 de área total, 63.34 de área privativa, 0.00 de área do terreno,  2 qto(s), a.serv, WC, 1 sala(s), cozinha, 2 vaga(s) de garagem.",172074.86,270000.0,36.27,Licitação Aberta,,VITORIA DA CONQUISTA,BA,Não
10159825,"RUA AYRTON SENNA, N. 75, Apto 001, VG 06A E VG 06B",ALTO MARON,"Apartamento, 0.00 de área total, 102.84 de área privativa, 0.00 de área do terreno,  3 qto(s), varanda, a.serv, WC, 2 sala(s), cozinha, 2 vaga(s) de garagem.",380000.0,380000.0,0.0,Leilão SFI - Edital Único,,VITORIA DA CONQUISTA,BA,Não
8444423197828,"AVENIDA CRISTO REDENTOR, N. 895 B, CS 02 LT 05 QD 04",ZABELE,"Casa, 65.50 de área total, 65.50 de área privativa, 125.00 de área do terreno,  3 qto(s), a.serv, WC, 1 sala(s), cozinha, 1 vaga(s) de garagem.",220000.0,220000.0,0.0,Leilão SFI - Edital Único,,VITORIA DA CONQUISTA,BA,Não
1444408767920,"RUA UBALDINO FIGUEIRA, N. SN, Apto 102,",EUCLIDES DANTAS,"Apartamento, 66.33 de área total, 51.88 de área privativa, 0.00 de área do terreno,  2 qto(s), a.serv, WC, 1 sala(s), cozinha, 1 vaga(s) de garagem.",225000.0,225000.0,0.0,Leilão SFI - Edital Único,,VITORIA DA CONQUISTA,BA,Não
1787700196388,"AVENIDA JARDIM GUANABARA, N. 750, Apto 604, TORRE BUONO",BOA VISTA,"Apartamento, 69.00 de área total, 69.00 de área privativa, 0.00 de área do terreno,  3 qto(s), a.serv, WC, 1 sala(s), cozinha, 1 vaga(s) de garagem.",260000.0,260000.0,0.0,Leilão SFI - Edital Único,,VITORIA DA CONQUISTA,BA,Não
8787709090971,"AVENIDA GILENILDA ALVES, N. 700, Apto 03, BL. 02",BOA VISTA,"Apartamento, 84.89 de área total, 53.34 de área privativa, 0.00 de área do terreno,  2 qto(s), a.serv, WC, 1 sala(s), cozinha, 1 vaga(s) de garagem.",230000.0,230000.0,0.0,Leilão SFI - Edital Único,,VITORIA DA CONQUISTA,BA,Não
8444427843775,"RUA DOM PEDRO II, N. 401, Apto 203,",CENTRO,"Apartamento, 84.05 de área total, 55.25 de área privativa, 0.00 de área do terreno,  2 qto(s), a.serv, WC, 1 sala(s), cozinha.",215000.0,215000.0,0.0,Leilão SFI - Edital Único,,VITORIA DA CONQUISTA,BA,Não
8787718378583,"RUA A, N. 480, CS C11 QD C",CAMPINHOS,"Casa, 65.18 de área total, 65.18 de área privativa, 129.60 de área do terreno,  3 qto(s), a.serv, WC, 1 sala(s), cozinha, 1 vaga(s) de garagem.",230000.0,230000.0,0.0,Leilão SFI - Edital Único,,VITORIA DA CONQUISTA,BA,Não
1444420191359,"RUA TIA ZAZA, N. 66, QD 01",BATEIAS,"Terreno, 0.00 de área total, 0.00 de área privativa, 200.00 de área do terreno.",503131.01,105000.0,0.0,Leilão SFI - Edital Único,,VITORIA DA CONQUISTA,BA,Não
