link,endereco,bairro,descricao,preco,avaliacao,desconto,modalidade,foto,cidade,estado,financiamento
10139954,"RODOVIA DOS MINÉRIOS, N. 6750, GLEBA",MATO DENTRO,"Gleba, 0.00 de área total, 0.00 de área privativa, 72600.00 de área do terreno.",1130132.88,4261000.0,73.48,Venda Direta Online,,ALMIRANTE TAMANDARE,PR,Não
8555536200281,"RUA MANOEL BARBOSA, N. 271, Apto 104, BL 05",SAO FELIPE,"Apartamento, 47.90 de área total, 42.51 de área privativa, 0.00 de área do terreno,  2 qto(s), WC, 1 sala(s), cozinha, 1 vaga(s) de garagem.",74726.23,129000.0,42.08,Licitação Aberta,,ALMIRANTE TAMANDARE,PR,Não
8787705882644,"RUA MAURICIO ROSEMANN, N. 455, Apto 1117, BL 11 BOX 67",CACHOEIRA,"Apartamento, 45.63 de área total, 40.00 de área privativa, 0.00 de área do terreno,  2 qto(s), a.serv, WC, 1 sala(s), cozinha, 1 vaga(s) de garagem.",99729.17,168292.41,40.75,Licitação Aberta,,ALMIRANTE TAMANDARE,PR,Não
8787708365691,"RUA ALFREDO DE ANDRADE, N. 75, Apto 408, BL 16",BONFIM,"Apartamento, 0.00 de área total, 40.31 de área privativa, 0.00 de área do terreno,  2 qto(s), a.serv, 1 sala(s), cozinha, 1 vaga(s) de garagem.",120580.49,199500.0,39.56,Venda Direta Online,,ALMIRANTE TAMANDARE,PR,Não
8787713174572,"RUA ELIZIO FERREIRA DO NASCIMENTO, N. 807, Apto 401K, BL K VG 131",COLONIA LAM. GRANDE,"Apartamento, 45.67 de área total, 41.11 de área privativa, 0.00 de área do terreno,  2 qto(s), a.serv, WC, 1 sala(s), cozinha, 1 vaga(s) de garagem.",204000.0,204000.0,0.0,Leilão SFI - Edital Único,,ALMIRANTE TAMANDARE,PR,Não
8787708036302,"RUA MANOEL BARBOSA, N. 207, Apto 711, BL 07 VG 21",JARDIM CAMPO VERDE,"Apartamento, 0.00 de área total, 40.32 de área privativa, 0.00 de área do terreno, 1 vaga(s) de garagem.",202459.6,202459.6,0.0,Leilão SFI - Edital Único,,ALMIRANTE TAMANDARE,PR,Não
8444425272703,"RUA STANISLAU BOROWSKI, N. 861, Apto 201, VG 07",CACHOEIRA,"Apartamento, 55.27 de área total, 55.27 de área privativa, 0.00 de área do terreno,  1 qto(s), 1 vaga(s) de garagem.",201562.88,201562.88,0.0,Leilão SFI - Edital Único,,ALMIRANTE TAMANDARE,PR,Não
8787700486732,"TRAVESSA SCHULTZ, N. 288, Apto 241, BL 02 VAGA 70",CACHOEIRA,"Apartamento, 0.00 de área total, 42.83 de área privativa, 0.00 de área do terreno,  2 qto(s), a.serv, WC, 1 sala(s), cozinha, 1 vaga(s) de garagem.",194000.0,194000.0,0.0,Leilão SFI - Edital Único,,ALMIRANTE TAMANDARE,PR,Não
8787711027912,"RUA RUSSIA, N. 12, Apto AP 10, BL 6",CAMPINA DO ARRUDA,"Apartamento, 46.04 de área total, 40.00 de área privativa, 0.00 de área do terreno,  2 qto(s), a.serv, WC, 1 sala(s), cozinha, 1 vaga(s) de garagem.",204000.0,204000.0,0.0,Leilão SFI - Edital Único,,ALMIRANTE TAMANDARE,PR,Não
8787710168725,"RUA MANOEL BARBOSA, N. 207, Apto 5412, BLOCO 54 VG 174",JARDIM CAMPO VERDE,"Apartamento, 0.00 de área total, 40.32 de área privativa, 0.00 de área do terreno,  2 qto(s), a.serv, WC, 1 sala(s), cozinha, 1 vaga(s) de garagem.",176289.6,159663.17,0.0,Leilão SFI - Edital Único,,ALMIRANTE TAMANDARE,PR,Não
8444410887324,"RUA LAERCIO BATISTA MOROTTI, N. 51,",JARDIM VENEZA,"Casa, 70.00 de área total, 70.00 de área privativa, 168.00 de área do terreno,  2 qto(s), a.serv, WC, 1 sala(s), cozinha, 2 vaga(s) de garagem.",171227.13,171227.13,0.0,Leilão SFI - Edital Único,,ALTO PIQUIRI,PR,Não
8555524055907,"RUA EULITO FERREIRA DA SILVA, N. 46, LT 16 QD 11",JARDIM NOVO IDEAL,"Casa, 0.00 de área total, 35.88 de área privativa, 204.00 de área do terreno.",57977.05,96000.0,39.61,Venda Online,,ALVORADA DO SUL,PR,Não
8444420180185,"ARLINDO RODRIGUES DE SOUZA, N. 23, LT 25-30 QD 10",JARDIM CAFEZAL,"Casa, 51.28 de área total, 51.28 de área privativa, 315.00 de área do terreno,  2 qto(s), a.serv, WC, 1 sala(s), cozinha.",94815.14,160000.0,40.75,Venda Direta Online,,AMAPORA,PR,Não
10286327,"AVENIDA PARANAVAÍ, N. 00, QD 02, LT 23",ZONA INDUSTRIAL,"Terreno, 0.00 de área total, 0.00 de área privativa, 585.00 de área do terreno.",37567.06,62000.0,39.41,Venda Direta Online,,AMAPORA,PR,Não
1444406719252,"RUA A, N. SN, QD 01 LT 11",SAO GABRIEL,"Terreno, 0.00 de área total, 0.00 de área privativa, 449.32 de área do terreno.",54791.5,144400.0,62.06,Venda Online,,ANDIRA,PR,Não
8787708038836,"RUA CAIO AUGUSTO PEZARINI SALINET, N. 1309, QD 42 LT 28",CONJUNTO HABITACIONAL SOLO SAGRADO,"Casa, 42.37 de área total, 42.37 de área privativa, 180.20 de área do terreno,  2 qto(s), a.serv, WC, 1 sala(s), cozinha, 1 vaga(s) de garagem.",74295.25,141000.0,47.31,Venda Online,,APUCARANA,PR,Não
8787712923539,"R CAIO AUGUSTO PEZARINI SALINET, N. 18, QD NR04",CJ HAB SOLO SAGRADO,"Casa, 42.37 de área total, 42.37 de área privativa, 199.11 de área do terreno,  2 qto(s), a.serv, WC, 1 sala(s), cozinha, 1 vaga(s) de garagem.",79915.69,140000.0,42.92,Venda Direta Online,,APUCARANA,PR,Não
10285154,"RUA PONTA GROSSA/ FAZENDA SANTA ELISA, N. SN, GLEBA TRES BOCAS , ESTRADA DO XAXIM",CENTRO,"Imóvel rural, 0.00 de área total, 558.00 de área privativa, 217463.00 de área do terreno.",1473470.66,2312000.0,36.27,Venda Direta Online,,APUCARANA,PR,Não
8787700787910,"RUA IRATAUA, N. 38, Apto 402, VAGA 402A, BL A,",VILA SAMPAIO,"Apartamento, 52.21 de área total, 44.95 de área privativa, 0.00 de área do terreno,  2 qto(s), WC, 1 sala(s), cozinha.",69934.44,122000.0,42.68,Licitação Aberta,,ARAPONGAS,PR,Não
8787716935124,"RUA CURIANGO COMUM, N. 4208, LT 15, QD 19",LOTEAMENTO BEM VIVER ARAPONGAS,"Casa, 43.85 de área total, 43.85 de área privativa, 160.00 de área do terreno,  2 qto(s).",71654.14,125000.0,42.68,Licitação Aberta,,ARAPONGAS,PR,Não
8787718358060,"ESTRADA DA ALIANÇA, N. SN, LOTE 25, QUADRA 07",GLEBA ARAPONGAS,"Casa, 43.85 de área total, 43.85 de área privativa, 160.00 de área do terreno,  2 qto(s), a.serv, WC, 1 sala(s), cozinha, 1 vaga(s) de garagem.",84892.14,145000.0,41.46,Venda Online,,ARAPONGAS,PR,Não
8787714245406,"RUA CHOCA DE COROA PRETA, N. 149, LT 54 QD 12",LOTEAMENTO BEM VIVER ARAPONGAS,"Casa, 43.85 de área total, 43.85 de área privativa, 160.00 de área do terreno,  2 qto(s), a.serv, WC, 1 sala(s), cozinha.",100741.08,170000.0,40.75,Venda Direta Online,,ARAPONGAS,PR,Não
8787720328776,"RUA MACARICO GRANDE DE PERNA AMARELA, N. 262, LT 32 QD 16",LOTEAMENTO VIVER BEM ARAPONGAS 2,"Casa, 43.85 de área total, 43.85 de área privativa, 160.00 de área do terreno,  2 qto(s), a.serv, WC, 1 sala(s), cozinha, 1 vaga(s) de garagem.",97253.89,164115.39,40.75,Venda Direta Online,,ARAPONGAS,PR,Não
8787720350240,"RUA DANCARINO PERERECA, N. 239, QD 15, LT 20",LOTEAMENTO VIVER BEM ARAPONGAS 2,"Casa, 43.85 de área total, 43.85 de área privativa, 160.00 de área do terreno,  2 qto(s), a.serv, WC, 1 sala(s), cozinha, 1 vaga(s) de garagem.",98963.3,167000.0,40.75,Venda Direta Online,,ARAPONGAS,PR,Não
8787720696406,"RUA MACARICO GRANDE DE PERNA AMARELA, N. 311, LT 11, QD 17",LOTEAMENTO VIVER BEM ARAPONGAS 2,"Casa, 43.85 de área total, 43.85 de área privativa, 160.00 de área do terreno,  2 qto(s), a.serv, WC, 1 sala(s), cozinha, 1 vaga(s) de garagem.",98963.3,167000.0,40.75,Venda Direta Online,,ARAPONGAS,PR,Não
8787721193696,"RUA MACARICO GRANDE DE PERNA AMARELA, N. 86, Nº 28 QUADRA 25",LOTEAMENTO VIVER BEM ARAPONGAS 2,"Casa, 43.85 de área total, 43.85 de área privativa, 160.00 de área do terreno,  2 qto(s), a.serv, WC, 1 sala(s), cozinha.",95812.39,161682.86,40.75,Venda Direta Online,,ARAPONGAS,PR,Não
8444429497831,"RUA TINGUACU FERRUGEM, N. 202, UN 02",JARDIM MONACO II,"Casa, 71.00 de área total, 69.44 de área privativa, 126.00 de área do terreno, 1 vaga(s) de garagem.",126926.84,210000.0,39.56,Licitação Aberta,,ARAPONGAS,PR,Não
8444417311290,"RUA PASCOAL FERNANDES LEITE, N. 109, Apto 24, BL 01 LT 05 QD J",THOMAZ COELHO,"Apartamento, 55.52 de área total, 50.54 de área privativa, 0.00 de área do terreno,  2 qto(s), WC, 1 sala(s), cozinha.",132970.97,220000.0,39.56,Licitação Aberta,,ARAUCARIA,PR,Não
8444418794899,"RUA PASCOAL FERNANDES LEITE, N. 109, Apto 22, BL 02",THOMAZ COELHO,"Apartamento, 55.23 de área total, 50.26 de área privativa, 0.00 de área do terreno,  2 qto(s), WC, 1 sala(s), cozinha.",131762.14,218000.0,39.56,Licitação Aberta,,ARAUCARIA,PR,Não
8787708795629,"RUA LUIZ RODRIGUES VELHO, N. 185, Apto 24, BL 04, 01 VAGA DESCOBERTA",THOMAZ COELHO,"Apartamento, 54.29 de área total, 48.96 de área privativa, 0.00 de área do terreno,  2 qto(s), WC, 1 sala(s), cozinha, 1 vaga(s) de garagem.",139015.11,230000.0,39.56,Licitação Aberta,,ARAUCARIA,PR,Não
8787709543186,"RUA MARIA SOBANIA, N. 72, Apto 404, BL 05A, VAGA N 54",TINDIQUERA,"Apartamento, 46.56 de área total, 38.40 de área privativa, 0.00 de área do terreno,  2 qto(s), WC, 1 sala(s), cozinha, 1 vaga(s) de garagem.",126926.84,210000.0,39.56,Licitação Aberta,,ARAUCARIA,PR,Não
8787704551849,"RUA PRESIDENTE COSTA E SILVA, N. 630, Apto 112, BL 01, VAGA N 15,",COSTEIRA,"Apartamento, 0.00 de área total, 39.88 de área privativa, 0.00 de área do terreno, 1 vaga(s) de garagem.",125718.01,208000.0,39.56,Licitação Aberta,,ARAUCARIA,PR,Não
8787711765301,"RUA DAS CAMELIAS, N. 951, Apto 24, BL 06, VAGA 29",CAMPINA DA BARRA,"Apartamento, 44.97 de área total, 41.70 de área privativa, 0.00 de área do terreno,  1 qto(s), a.serv, WC, 1 sala(s), cozinha, 1 vaga(s) de garagem.",119673.87,198000.0,39.56,Licitação Aberta,,ARAUCARIA,PR,Não
8787714508229,"RUA PARANAGUA, N. 520, Apto 305, BL E, VAGA N 56",IGUACU,"Apartamento, 0.00 de área total, 46.68 de área privativa, 0.00 de área do terreno, 1 vaga(s) de garagem.",157362.26,257000.0,38.77,Licitação Aberta,,ARAUCARIA,PR,Não
8444404482830,"RUA ALBERTO LESNIOWSKI, N. 188, Apto 02, BL 52 TIPO A",COSTEIRA,"Apartamento, 45.96 de área total, 42.81 de área privativa, 0.00 de área do terreno,  2 qto(s), WC, 1 sala(s), cozinha.",138473.13,220000.0,37.06,Licitação Aberta,,ARAUCARIA,PR,Não
1444404764633,"RUA HELENA PIETRZYK KURLETTO, N. 337, CS 01 QD 17 LT 34",FAZENDA VELHA,"Casa, 60.05 de área total, 60.05 de área privativa, 143.81 de área do terreno,  2 qto(s), a.serv, WC, 1 sala(s), cozinha.",152955.43,240000.0,36.27,Licitação Aberta,,ARAUCARIA,PR,Não
8787708492456,"RUA DAS PALMEIRAS, N. 670, Apto 203, BLOCO 1A, 2º PAVIMENTO VAGA 68",CAPELA VELHA,"Apartamento, 47.20 de área total, 38.40 de área privativa, 0.00 de área do terreno,  2 qto(s), WC, 1 sala(s), cozinha, 1 vaga(s) de garagem.",174831.54,243000.0,28.06,Leilão SFI - Edital Único,,ARAUCARIA,PR,Não
8787713347418,"RUA PARANAVAI, N. 100, Apto 204, BLOCO B 2º PAVIMENTO",IGUACU,"Apartamento, 52.70 de área total, 46.68 de área privativa, 0.00 de área do terreno,  2 qto(s), a.serv, WC, 1 sala(s), cozinha, 1 vaga(s) de garagem.",177655.68,244265.74,27.27,Leilão SFI - Edital Único,,ARAUCARIA,PR,Não
8787708089821,"RUA MARIA SOBANIA, N. 72, Apto 204, BLOCO 5A, 2º PAVIMENTO VAGA  Nº43",TINDIQUERA,"Apartamento, 46.56 de área total, 38.40 de área privativa, 0.00 de área do terreno,  2 qto(s), WC, 1 sala(s), cozinha, 1 vaga(s) de garagem.",182335.77,221414.4,17.65,Leilão SFI - Edital Único,,ARAUCARIA,PR,Não
10309360,"RUA LINCOLN SETEMBRINO COIMBRA, N. 00, QD 1, LT 11",BOQUEIRAO,"Terreno, 0.00 de área total, 0.00 de área privativa, 456.00 de área do terreno.",427000.0,427000.0,0.0,Leilão SFI - Edital Único,,ARAUCARIA,PR,Sim
8787701234184,"RUA LOURENCO JANKOWSKI, N. 88, RESIDENCIA 30",PASSAUNA,"Casa, 48.00 de área total, 48.00 de área privativa, 96.00 de área do terreno,  2 qto(s), a.serv, WC, 1 sala(s), cozinha, 1 vaga(s) de garagem.",260000.0,260000.0,0.0,Leilão SFI - Edital Único,,ARAUCARIA,PR,Não
8555527547843,"RUA MINAS GERAIS, N. 985, Apto 105,  BL 13",COSTEIRA,"Apartamento, 54.59 de área total, 48.73 de área privativa, 0.00 de área do terreno,  2 qto(s), WC, 1 sala(s), cozinha, 1 vaga(s) de garagem.",192000.0,192000.0,0.0,Leilão SFI - Edital Único,,ARAUCARIA,PR,Não
8555533363449,"RUA MINAS GERAIS, N. 985, Apto 202, BL 18 VG 496",COSTEIRA,"Apartamento, 0.00 de área total, 46.24 de área privativa, 0.00 de área do terreno,  2 qto(s), WC, 1 sala(s), cozinha, 1 vaga(s) de garagem.",177000.0,177000.0,0.0,Leilão SFI - Edital Único,,ARAUCARIA,PR,Não
1555532145873,"RUA CEARA, N. 451, Apto 208, 2 PV  VG 21",CACHOEIRA,"Apartamento, 55.06 de área total, 42.84 de área privativa, 0.00 de área do terreno,  2 qto(s), WC, 1 sala(s), cozinha, 1 vaga(s) de garagem.",250000.0,250000.0,0.0,Leilão SFI - Edital Único,,ARAUCARIA,PR,Não
8787703546892,"RUA JOSE TULIO, N. 174, Apto 404, BL 09 VAGA 153 VAGA M11",CACHOEIRA,"Apartamento, 46.35 de área total, 38.40 de área privativa, 0.00 de área do terreno,  2 qto(s), WC, 1 sala(s), cozinha, 1 vaga(s) de garagem.",244000.0,244000.0,0.0,Leilão SFI - Edital Único,,ARAUCARIA,PR,Não
8555537414927,"TRAVESSA GREEN VILLAGE, N. 40, Apto AP 30, BL 16",CAPELA VELHA,"Apartamento, 59.10 de área total, 50.28 de área privativa, 0.00 de área do terreno,  2 qto(s), a.serv, WC, 1 sala(s), cozinha, 1 vaga(s) de garagem.",195000.0,195000.0,0.0,Leilão SFI - Edital Único,,ARAUCARIA,PR,Não
8787700356782,"RUA YOSHIAKI NAGANO, N. 510, Apto 402, BLOCO 3  3 ANDAR OU 4 PAV. VAGA 196N",CAPELA VELHA,"Apartamento, 47.93 de área total, 42.75 de área privativa, 0.00 de área do terreno,  2 qto(s), a.serv, WC, 1 sala(s), cozinha, 1 vaga(s) de garagem.",234957.85,234957.85,0.0,Leilão SFI - Edital Único,,ARAUCARIA,PR,Não
8787708431163,"RUA DAS PALMEIRAS, N. 670, Apto 401, BL 1B VAGA 91",CAPELA VELHA,"Apartamento, 47.14 de área total, 38.40 de área privativa, 0.00 de área do terreno,  2 qto(s), WC, 1 sala(s), cozinha, 1 vaga(s) de garagem.",238000.0,238000.0,0.0,Leilão SFI - Edital Único,,ARAUCARIA,PR,Não
8444412479622,"RUA HORTENSIA, N. 1164, Apto APT 1, J14",CAMPINA DA BARRA,"Apartamento, 68.53 de área total, 60.99 de área privativa, 0.00 de área do terreno,  3 qto(s), WC, 1 sala(s), cozinha, 1 vaga(s) de garagem.",277650.0,277650.0,0.0,Leilão SFI - Edital Único,,ARAUCARIA,PR,Não
1444410233237,"RUA DAS FLORES, N. 1028, Apto 04, PAVIMENTO 1",CAMPINA DA BARRA,"Apartamento, 106.53 de área total, 72.91 de área privativa, 0.00 de área do terreno,  3 qto(s), WC, 1 sala(s), cozinha, 1 vaga(s) de garagem.",351770.25,347117.22,0.0,Leilão SFI - Edital Único,,ARAUCARIA,PR,Não
8555524044050,"RUA MINAS GERAIS, N. 985, Apto 204, BLOCO 11 4º PAVIVEMNTO VAGA 318",COSTEIRA,"Apartamento, 53.13 de área total, 47.43 de área privativa, 0.00 de área do terreno,  2 qto(s), WC, 1 sala(s), cozinha, 1 vaga(s) de garagem.",268916.67,250000.0,0.0,Leilão SFI - Edital Único,,ARAUCARIA,PR,Não
8444432638106,"RUA ALFREDO VOSS, N. 84, Apto 301, SEGUNDO PAVIMENTO VAGA 02",COSTEIRA,"Apartamento, 81.57 de área total, 76.14 de área privativa, 0.00 de área do terreno,  3 qto(s), a.serv, WC, 1 sala(s), cozinha, 1 vaga(s) de garagem.",454527.0,421402.16,0.0,Leilão SFI - Edital Único,,ARAUCARIA,PR,Não
8787718793041,"RUA MARCELINO JASINSKI, N. 800, Apto 303, BL 02 VAGA 37",TINDIQUERA,"Apartamento, 43.52 de área total, 40.82 de área privativa, 0.00 de área do terreno,  2 qto(s), WC, 1 sala(s), cozinha, 1 vaga(s) de garagem.",218416.09,197000.0,0.0,Leilão SFI - Edital Único,,ARAUCARIA,PR,Não
8444421380811,"RUA MINAS GERAIS, N. 985, Apto 207, BLOCO 13, 2º PAVIMENTO  VAGA 455",COSTEIRA,"Apartamento, 51.80 de área total, 46.23 de área privativa, 0.00 de área do terreno,  2 qto(s), WC, 1 sala(s), cozinha, 1 vaga(s) de garagem.",211851.96,186000.0,0.0,Leilão SFI - Edital Único,,ARAUCARIA,PR,Não
8787700351950,"RUA PROJETADA C, N. 274, LOTE 19, QUIADRA 02",CENTRO (SANTA ZELIA),"Casa, 50.10 de área total, 50.10 de área privativa, 242.00 de área do terreno,  2 qto(s), a.serv, WC, 1 sala(s), cozinha.",60272.19,105476.78,42.86,Venda Direta Online,,ASTORGA,PR,Não
10152482,"AVENIDA PRESIDENTE VARGAS, QD 26, LT 11",VILA SAMUEL,"Terreno, 0.00 de área total, 0.00 de área privativa, 1086.50 de área do terreno.",950000.0,950000.0,0.0,Leilão SFI - Edital Único,,ASTORGA,PR,Não
10152483,"AVENIDA GETULIO VARGAS, QD 02, LT 1A/1",VILA FRANCISCO SILVA,"Terreno, 0.00 de área total, 0.00 de área privativa, 445.50 de área do terreno.",906498.16,906498.16,0.0,Leilão SFI - Edital Único,,ASTORGA,PR,Não
10286328,"RUA PAPA FRANCISCO, N. 216, LT 96-1-2 - GLEBA ATALAIA",Centro,"Terreno, 0.00 de área total, 0.00 de área privativa, 1000.00 de área do terreno.",94623.28,155000.0,38.96,Venda Direta Online,,ATALAIA,PR,Não
10289415,"RUA PAPA FRANCISCO, N. 118, LT 96-1-1",GLEBA ATALAIA,"Terreno, 0.00 de área total, 0.00 de área privativa, 900.00 de área do terreno.",88518.56,145000.0,38.96,Venda Direta Online,,ATALAIA,PR,Não
10289417,"RUA CURITIBA, N. 125, QD 03, LT 08",CENTRO,"Casa, 0.00 de área total, 179.70 de área privativa, 300.00 de área do terreno.",387737.13,608392.32,36.27,Venda Direta Online,,ATALAIA,PR,Sim
1444405869528,"CHACARA 11A, N. SN,",VILA SANTA MARIA,"Terreno, 0.00 de área total, 0.00 de área privativa, 6162.00 de área do terreno.",516224.58,900000.0,42.65,Venda Direta Online,,BANDEIRANTES,PR,Sim
8787702475509,"RUA MANOEL ALVES SENES, N. 255,",CJ VILA VERDE II,"Casa, 43.21 de área total, 43.21 de área privativa, 273.63 de área do terreno,  2 qto(s), WC, 1 sala(s), cozinha, 1 vaga(s) de garagem.",130000.0,130000.0,0.0,Leilão SFI - Edital Único,,BORRAZOPOLIS,PR,Não
8555515217517,"RUA SILVIO PICININI, N. SN, LT 3 QD A",CENTRO,"Casa, 167.85 de área total, 117.85 de área privativa, 220.00 de área do terreno,  3 qto(s), a.serv, WC, 1 sala(s), cozinha.",137537.48,265000.0,48.1,Venda Direta Online,,CAFEARA,PR,Sim
8444408708442,"AVENIDA ANTONIO MANO, N. 741, LT 03",ESTAÇÃO,"Casa, 162.80 de área total, 57.80 de área privativa, 199.79 de área do terreno,  2 qto(s), a.serv, WC, 1 sala(s), cozinha.",240000.0,240000.0,0.0,Leilão SFI - Edital Único,,CAMBARA,PR,Não
8787707781578,"AVENIDA ANTONIO RAMINELLI, N. 77, Apto 401, BL 09 VG 139",PARQUE RESIDENCIAL ANA ROSA,"Apartamento, 62.96 de área total, 38.40 de área privativa, 0.00 de área do terreno,  2 qto(s), WC, 1 sala(s), cozinha, 1 vaga(s) de garagem.",90746.77,155000.0,41.46,Venda Direta Online,,CAMBE,PR,Não
8787702771370,"RUA OCEANO PACIFICO, N. 965, Apto 101, BL A VG 152",GLEBA RIBEIRAO CAFES,"Apartamento, 50.33 de área total, 44.95 de área privativa, 0.00 de área do terreno,  2 qto(s), WC, 1 sala(s), cozinha, 1 vaga(s) de garagem.",92444.76,156000.0,40.75,Venda Direta Online,,CAMBE,PR,Não
8787705859170,"RUA GUARATUBA, N. 410, Apto 402, BL 01 LT 89/B-1-A-2/A VG 14",JARDIM ANA ELIZA,"Apartamento, 98.71 de área total, 38.40 de área privativa, 0.00 de área do terreno,  2 qto(s), WC, 1 sala(s), cozinha, 1 vaga(s) de garagem.",104889.24,177000.0,40.75,Venda Direta Online,,CAMBE,PR,Não
8787707137369,"RUA FLORIDA, N. 77, Apto 102, BL 07",JARDIM ANA ELIZA,"Apartamento, 38.40 de área total, 38.40 de área privativa, 0.00 de área do terreno,  2 qto(s), WC, 1 sala(s), cozinha, 1 vaga(s) de garagem.",99555.89,168000.0,40.75,Venda Direta Online,,CAMBE,PR,Não
8787704670007,"AVENIDA GABRIEL FRECEIRO DE MIRANDA, N. 1430, Apto 103, BL 04",JARDIM SANTO AMARO,"Apartamento, 56.74 de área total, 47.85 de área privativa, 0.00 de área do terreno,  2 qto(s), WC, 1 sala(s), cozinha, 1 vaga(s) de garagem.",114838.57,190000.0,39.56,Licitação Aberta,,CAMBE,PR,Não
8787703979098,"AVENIDA PEDRO VIRIATO PARIGOT DE SOUZA, N. 243, Apto 204, BL 10 PAV 02 VG 281",CHACARA MANELLA,"Apartamento, 76.73 de área total, 38.40 de área privativa, 0.00 de área do terreno,  2 qto(s), WC, 1 sala(s), cozinha, 1 vaga(s) de garagem.",186000.0,186000.0,0.0,Leilão SFI - Edital Único,,CAMBE,PR,Não
8444412994586,"RUA SERRA DO PIQUIRI, N. 149, QUADRA 09 LOTE 15A",JARDIM MONTE ALTO,"Casa, 73.32 de área total, 73.32 de área privativa, 132.00 de área do terreno,  2 qto(s), a.serv, WC, 1 sala(s), cozinha, 1 vaga(s) de garagem.",200833.74,200833.74,0.0,Leilão SFI - Edital Único,,CAMBE,PR,Não
8787703093448,"AVENIDA PEDRO VIRIATO PARIGOT DE SOUZA, N. 243, Apto 403, BLOCO 9 VG 367",GLEBA CAMBE,"Apartamento, 67.60 de área total, 38.40 de área privativa, 0.00 de área do terreno,  2 qto(s), WC, 1 sala(s), cozinha, 1 vaga(s) de garagem.",172252.04,140000.0,0.0,Leilão SFI - Edital Único,,CAMBE,PR,Não
1444421871884,"PEDRO ROSA, N. 15, L 01-A  QD12",JD NOVO HORIZONTE IV,"Terreno, 0.00 de área total, 0.00 de área privativa, 1378.84 de área do terreno.",169441.3,300000.0,43.52,Venda Direta Online,,CAMPINA DA LAGOA,PR,Sim
8444423141792,"RUA ANDRE STRAPASSON, N. 436, Apto 02, PAVIMENTO 1  VG 02",JARDIM PAULISTA,"Apartamento, 57.45 de área total, 53.71 de área privativa, 0.00 de área do terreno,  1 qto(s), WC, 1 sala(s), cozinha, 1 vaga(s) de garagem.",218556.19,218556.19,0.0,Leilão SFI - Edital Único,,CAMPINA GRANDE DO SUL,PR,Não
8444408322234,"RUA ANSELMO FERRARINI, N. 506, UNIDADE 04",JARDIM GRACIOSA,"Casa, 65.48 de área total, 65.48 de área privativa, 174.00 de área do terreno,  3 qto(s), a.serv, WC, 1 sala(s), cozinha.",326000.0,326000.0,0.0,Leilão SFI - Edital Único,,CAMPINA GRANDE DO SUL,PR,Não
8787703998130,"RUA MARIA JOAQUINA VAZ, N. 721, Apto 404, TIPO 13 PAV 4 BL 16",JARDIM ITAQUI,"Apartamento, 40.31 de área total, 40.31 de área privativa, 0.00 de área do terreno,  2 qto(s), WC, 1 sala(s), cozinha, 1 vaga(s) de garagem.",109429.06,213000.0,48.63,Venda Direta Online,,CAMPO LARGO,PR,Sim
8787703768305,"RUA MARIA JOAQUINA VAZ, N. 721, Apto 402, BL 05, LT 02",CAMPO DO MEIO,"Apartamento, 52.00 de área total, 40.00 de área privativa, 0.00 de área do terreno,  2 qto(s), WC, 1 sala(s), cozinha, 1 vaga(s) de garagem.",91657.98,170000.0,46.09,Licitação Aberta,,CAMPO LARGO,PR,Não
8787702328662,"RUA MARIA JOAQUINA VAZ, N. 721, Apto 108, BL 34 TÉRREO VG 1011",JARDIM ITAQUI,"Apartamento, 62.82 de área total, 44.83 de área privativa, 0.00 de área do terreno,  2 qto(s), WC, 1 sala(s), cozinha, 1 vaga(s) de garagem.",103354.71,190000.0,45.61,Venda Online,,CAMPO LARGO,PR,Sim
8787705182766,"AVENIDA DOS EXPEDICIONARIOS, N. 1145, Apto 2311, BL 23 VG 634",BOM JESUS,"Apartamento, 63.22 de área total, 40.31 de área privativa, 0.00 de área do terreno,  2 qto(s), WC, 1 sala(s), cozinha, 1 vaga(s) de garagem.",100090.87,184000.0,45.61,Venda Direta Online,,CAMPO LARGO,PR,Não
8787704947556,"AVENIDA DOS EXPEDICIONARIOS, N. 1145, Apto 1343, BL 13 VG 506",BOM JESUS,"Apartamento, 45.82 de área total, 40.00 de área privativa, 0.00 de área do terreno,  2 qto(s), WC, 1 sala(s), cozinha, 1 vaga(s) de garagem.",106225.67,190000.0,44.1,Venda Online,,CAMPO LARGO,PR,Não
8787705253957,"RODOVIA DOS EXPEDICIONARIOS, N. 1145, Apto 1514, BL 15",BOM JESUS,"Apartamento, 46.20 de área total, 40.31 de área privativa, 0.00 de área do terreno,  2 qto(s), a.serv, WC, 1 sala(s), cozinha, 1 vaga(s) de garagem.",117407.32,210000.0,44.1,Venda Direta Online,,CAMPO LARGO,PR,Não
8787702208306,"RUA MARIA JOAQUINA VAZ, N. 721, Apto 106, BL 29 VG 1073",JARDIM ITAQUI,"Apartamento, 45.91 de área total, 40.00 de área privativa, 0.00 de área do terreno,  2 qto(s), WC, 1 sala(s), cozinha, 1 vaga(s) de garagem.",141595.42,250000.0,43.37,Venda Direta Online,,CAMPO LARGO,PR,Sim
8787704032140,"RUA MARIA JOAQUINA VAZ, N. 721, Apto 103, BL 09",JARDIM ITAQUI,"Apartamento, 45.91 de área total, 40.00 de área privativa, 0.00 de área do terreno,  2 qto(s), a.serv, WC, 1 sala(s), cozinha, 1 vaga(s) de garagem.",111472.87,194138.4,42.59,Venda Direta Online,,CAMPO LARGO,PR,Não
8787704995690,"AVENIDA DOS EXPEDICIONARIOS, N. 4799, Apto 2245, BL 22 VG 679",BOM JESUS,"Apartamento, 46.18 de área total, 40.31 de área privativa, 0.00 de área do terreno,  2 qto(s), WC, 1 sala(s), cozinha, 1 vaga(s) de garagem.",114838.56,200000.0,42.59,Venda Direta Online,,CAMPO LARGO,PR,Sim
8787705222474,"RODOVIA DOS EXPEDICIONARIOS, N. 1145, Apto 1748, BL 17 VAGA 533",BOM JESUS,"Apartamento, 58.67 de área total, 40.31 de área privativa, 0.00 de área do terreno,  2 qto(s), WC, 1 sala(s), cozinha, 1 vaga(s) de garagem.",114838.56,200000.0,42.59,Venda Direta Online,,CAMPO LARGO,PR,Sim
8787702149954,"RUA MARIA JOAQUINA VAZ, N. SN, Apto 401, BL 27",CAMPO DO MEIO,"Apartamento, 46.27 de área total, 40.31 de área privativa, 0.00 de área do terreno,  2 qto(s), WC, 1 sala(s), cozinha, 1 vaga(s) de garagem.",107374.05,187000.0,42.59,Venda Direta Online,,CAMPO LARGO,PR,Sim
8787703188899,"RUA MARIA JOAQUINA VAZ, N. SN, Apto 301,  BL 08",CAMPO DO MEIO,"Apartamento, 50.04 de área total, 43.61 de área privativa, 0.00 de área do terreno,  2 qto(s), a.serv, WC, 1 sala(s), cozinha, 1 vaga(s) de garagem.",113115.98,197000.0,42.59,Venda Direta Online,,CAMPO LARGO,PR,Sim
1787701168213,"RUA MARIA JOAQUINA VAZ, N. 721, Apto 302, BL 26",JARDIM ITAQUI,"Apartamento, 46.27 de área total, 40.31 de área privativa, 137040.97 de área do terreno,  2 qto(s), WC, 1 sala(s), cozinha, 1 vaga(s) de garagem.",140716.12,241000.0,41.62,Venda Direta Online,,CAMPO LARGO,PR,Não
8787717303873,"RUA CAETANO MUNHOZ DA ROCHA, N. 1080, Apto 403, BL 26 VAGA 718",OURO VERDE,"Apartamento, 40.00 de área total, 40.00 de área privativa, 0.00 de área do terreno,  2 qto(s), WC, 1 sala(s), cozinha, 1 vaga(s) de garagem.",83135.75,142000.0,41.46,Licitação Aberta,,CAMPO LARGO,PR,Não
8787715505096,"RUA CAETANO MUNHOZ DA ROCHA, N. 1080, Apto 405, BL 08 VAGA 333",LAGOA,"Apartamento, 40.31 de área total, 40.31 de área privativa, 0.00 de área do terreno,  2 qto(s), WC, 1 sala(s), cozinha, 1 vaga(s) de garagem.",83135.75,142000.0,41.46,Licitação Aberta,,CAMPO LARGO,PR,Não
8787702831976,"RUA MARIA JOAQUINA VAZ, N. 721, Apto 408, BL 05 VGA 166",JARDIM ITAQUI,"Apartamento, 46.27 de área total, 40.31 de área privativa, 0.00 de área do terreno,  2 qto(s), WC, 1 sala(s), cozinha, 1 vaga(s) de garagem.",104889.24,177000.0,40.75,Venda Direta Online,,CAMPO LARGO,PR,Não
8787702890824,"RUA MARIA JOAQUINA VAZ, N. 721, Apto 402, BL 07 BOX 199",JARDIM ITAQUI,"Apartamento, 45.91 de área total, 40.00 de área privativa, 0.00 de área do terreno,  2 qto(s), WC, 1 sala(s), cozinha, 1 vaga(s) de garagem.",105481.84,178000.0,40.75,Licitação Aberta,,CAMPO LARGO,PR,Não
8787703271915,"RUA MARIA JOAQUINA VAZ, N. 721, Apto 302, BL 09 VAGA DE GARAGEM Nº 120",JARDIM ITAQUI,"Apartamento, 45.91 de área total, 40.00 de área privativa, 0.00 de área do terreno,  2 qto(s), WC, 1 sala(s), cozinha, 1 vaga(s) de garagem.",106667.03,180000.0,40.75,Venda Direta Online,,CAMPO LARGO,PR,Não
8787703539160,"RUA MARIA JOAQUINA VAZ, N. 721, Apto 304, BL 02 BOX 220",JARDIM ITAQUI,"Apartamento, 46.26 de área total, 40.31 de área privativa, 0.00 de área do terreno,  2 qto(s), WC, 2 sala(s), cozinha, 1 vaga(s) de garagem.",106074.43,179000.0,40.75,Venda Direta Online,,CAMPO LARGO,PR,Não
8787703690993,"RUA MARIA JOAQUINA VAZ, N. 721, Apto 401, BL 17, VAGA N 605",JARDIM ITAQUI,"Apartamento, 50.05 de área total, 43.61 de área privativa, 0.00 de área do terreno,  2 qto(s), WC, 1 sala(s), cozinha, 1 vaga(s) de garagem.",94815.14,160000.0,40.75,Licitação Aberta,,CAMPO LARGO,PR,Não
8787705477251,"RUA MARIA JOAQUINA VAZ, N. 721, Apto 104, BL 08, VAGA N 213",JARDIM ITAQUI,"Apartamento, 50.06 de área total, 43.61 de área privativa, 0.00 de área do terreno,  2 qto(s), WC, 1 sala(s), cozinha, 1 vaga(s) de garagem.",97778.11,165000.0,40.75,Licitação Aberta,,CAMPO LARGO,PR,Não
8787714080237,"RUA MANOEL LOPES VIEIRA, N. 143, Apto 106, TIPO E TERREO BL 05",BOTIATUVA,"Apartamento, 46.12 de área total, 40.00 de área privativa, 0.00 de área do terreno,  2 qto(s), a.serv, WC, 1 sala(s), cozinha, 1 vaga(s) de garagem.",100741.08,170000.0,40.75,Licitação Aberta,,CAMPO LARGO,PR,Não
8787714159712,"RUA MANOEL LOPES VIEIRA, N. 143, Apto 405, BL 08",BOTIATUVA,"Apartamento, 46.48 de área total, 40.31 de área privativa, 0.00 de área do terreno,  2 qto(s), WC, 1 sala(s), cozinha, 1 vaga(s) de garagem.",106074.43,179000.0,40.75,Venda Direta Online,,CAMPO LARGO,PR,Não
8787714169181,"RUA MANOEL LOPES VIEIRA, N. 143, Apto 402, BL 05",BOTIATUVA,"Apartamento, 46.12 de área total, 40.00 de área privativa, 0.00 de área do terreno,  2 qto(s), WC, 1 sala(s), cozinha, 1 vaga(s) de garagem.",105481.84,178000.0,40.75,Venda Direta Online,,CAMPO LARGO,PR,Não
8787714336363,"RUA MANOEL LOPES VIEIRA, N. 143, Apto 305, BL 04",BOTIATUVA,"Apartamento, 58.12 de área total, 40.31 de área privativa, 0.00 de área do terreno,  2 qto(s), WC, 1 sala(s), cozinha.",98370.7,166000.0,40.75,Licitação Aberta,,CAMPO LARGO,PR,Não
8787717095839,"RUA MANOEL LOPES VIEIRA, N. 143, Apto 403, BL 08, VAGA N 143",BOTIATUVA,"Apartamento, 46.13 de área total, 40.00 de área privativa, 0.00 de área do terreno,  2 qto(s), WC, 1 sala(s), cozinha, 1 vaga(s) de garagem.",94815.14,160000.0,40.75,Licitação Aberta,,CAMPO LARGO,PR,Não
8787704497119,"RODOVIA DOS EXPEDICIONARIOS, N. 1145, Apto 3214, TIPO 12 BL 32",BOM JESUS,"Apartamento, 50.08 de área total, 43.61 de área privativa, 0.00 de área do terreno,  2 qto(s), WC, 1 sala(s), cozinha, 1 vaga(s) de garagem.",105481.84,178000.0,40.75,Venda Direta Online,,CAMPO LARGO,PR,Não
8787704497666,"RODOVIA DOS EXPEDICIONARIOS, N. 1145, Apto 2517, BL 25",BOM JESUS,"Apartamento, 47.38 de área total, 41.51 de área privativa, 0.00 de área do terreno,  2 qto(s), WC, 1 sala(s), cozinha, 1 vaga(s) de garagem.",108444.81,183000.0,40.75,Venda Direta Online,,CAMPO LARGO,PR,Não
8787704800784,"RODOVIA DOS EXPEDICIONARIOS, N. 1145, Apto 1638, BL 16",BOM JESUS,"Apartamento, 102.33 de área total, 40.31 de área privativa, 0.00 de área do terreno,  2 qto(s), WC, 1 sala(s), cozinha, 1 vaga(s) de garagem.",100741.08,170000.0,40.75,Venda Direta Online,,CAMPO LARGO,PR,Não
8787705007468,"RODOVIA DOS EXPEDICIONARIOS, N. 1145, Apto 2334, BL 23",BOM JESUS,"Apartamento, 46.17 de área total, 40.31 de área privativa, 0.00 de área do terreno,  2 qto(s), WC, 1 sala(s), cozinha, 1 vaga(s) de garagem.",100741.08,170000.0,40.75,Venda Direta Online,,CAMPO LARGO,PR,Não
8787705172213,"RODOVIA DOS EXPEDICIONARIOS, N. 1145, Apto 2046, BL 20",BOM JESUS,"Apartamento, 58.32 de área total, 40.00 de área privativa, 0.00 de área do terreno,  2 qto(s), WC, 1 sala(s), cozinha, 1 vaga(s) de garagem.",108444.81,183000.0,40.75,Venda Direta Online,,CAMPO LARGO,PR,Não
8787705181697,"RODOVIA DOS EXPEDICIONARIOS, N. 1145, Apto 2746, BL 27 VG 919",BOM JESUS,"Apartamento, 45.82 de área total, 40.00 de área privativa, 0.00 de área do terreno,  2 qto(s), WC, 1 sala(s), cozinha, 1 vaga(s) de garagem.",100741.08,170000.0,40.75,Venda Direta Online,,CAMPO LARGO,PR,Não
8787705273168,"AVENIDA DOS EXPEDICIONARIOS, N. 1145, Apto 2148, BL 21 VG 739",BOM JESUS,"Apartamento, 46.17 de área total, 40.31 de área privativa, 0.00 de área do terreno,  2 qto(s), WC, 1 sala(s), cozinha, 1 vaga(s) de garagem.",106667.03,180000.0,40.75,Venda Direta Online,,CAMPO LARGO,PR,Não
8787705459105,"RODOVIA DOS EXPEDICIONARIOS, N. SN, Apto 2838, BL 28 VG 821",BOM JESUS,"Apartamento, 46.17 de área total, 40.31 de área privativa, 0.00 de área do terreno,  2 qto(s), a.serv, WC, 1 sala(s), cozinha, 1 vaga(s) de garagem.",100741.08,170000.0,40.75,Venda Direta Online,,CAMPO LARGO,PR,Não
8555536055583,"RUA REINALDO GADENS, N. 210, Apto 2913, BL 29 VG 520",JARDIM IRUAMA,"Apartamento, 49.88 de área total, 43.51 de área privativa, 0.00 de área do terreno,  2 qto(s), a.serv, WC, 1 sala(s), cozinha, 1 vaga(s) de garagem.",97778.11,165000.0,40.75,Venda Direta Online,,CAMPO LARGO,PR,Não
8787716470644,"RUA CAETANO MUNHOZ DA ROCHA, N. 1080, Apto 102, BL 18 VAGA 519",LAGOA,"Apartamento, 45.67 de área total, 40.00 de área privativa, 0.00 de área do terreno,  2 qto(s), WC, 1 sala(s), cozinha, 1 vaga(s) de garagem.",100741.08,170000.0,40.75,Licitação Aberta,,CAMPO LARGO,PR,Não
8787714292838,"RUA PROFESSOR OVIDIO JORGE NOGUEIRA, N. 77, Apto 301, TIPO 04 BLOCO 09",ITAQUI,"Apartamento, 58.30 de área total, 49.84 de área privativa, 0.00 de área do terreno,  2 qto(s), a.serv, WC, 1 sala(s), cozinha, 1 vaga(s) de garagem.",102518.87,173000.0,40.75,Licitação Aberta,,CAMPO LARGO,PR,Não
8787718488990,"RUA CAETANO MUNHOZ DA ROCHA, N. 1080, Apto 407, 4º PAVIMENTO BLOCO 03  VAGA 112",SALGADINHO,"Apartamento, 45.67 de área total, 40.00 de área privativa, 0.00 de área do terreno,  2 qto(s), WC, 1 sala(s), cozinha, 1 vaga(s) de garagem.",132000.0,220000.0,40.0,Leilão SFI - Edital Único,,CAMPO LARGO,PR,Não
8787701698989,"RUA MARIA JOAQUINA VAZ, N. 721, Apto 207, BL 33 VG 836",JARDIM ITAQUI,"Apartamento, 45.91 de área total, 40.00 de área privativa, 0.00 de área do terreno,  2 qto(s), a.serv, WC, 1 sala(s), cozinha, 1 vaga(s) de garagem.",111816.5,185000.0,39.56,Venda Direta Online,,CAMPO LARGO,PR,Não
8787701904252,"RUA MARIA JOAQUINA VAZ, N. 721, Apto 201, BL 31 PAV 02 TIPO 50 VG 769",JARDIM ITAQUI,"Apartamento, 50.04 de área total, 43.61 de área privativa, 0.00 de área do terreno,  2 qto(s), WC, 1 sala(s), cozinha, 1 vaga(s) de garagem.",123904.77,205000.0,39.56,Venda Direta Online,,CAMPO LARGO,PR,Não
8787702354132,"RUA MARIA JOAQUINA VAZ, N. SN, Apto 303, TIPO 06 BL 29 VG 1086 LT 02 3º PAV",JARDIM ITAQUI,"Apartamento, 45.91 de área total, 40.00 de área privativa, 0.00 de área do terreno,  2 qto(s), WC, 1 sala(s), cozinha, 1 vaga(s) de garagem.",129344.49,214000.0,39.56,Venda Direta Online,,CAMPO LARGO,PR,Não
8787705920686,"RUA MARIA JOAQUINA VAZ, N. 721, Apto 303, BL 05 3 PAVIMENTO",JARDIM ITAQUI,"Apartamento, 57.91 de área total, 40.00 de área privativa, 0.00 de área do terreno,  2 qto(s), WC, 1 sala(s), cozinha, 1 vaga(s) de garagem.",113629.74,188000.0,39.56,Venda Direta Online,,CAMPO LARGO,PR,Não
8787715567890,"RUA CAETANO MUNHOZ DA ROCHA, N. 1080, Apto 401, TIPO 15 4 PAV BL 22",OURO VERDE,"Apartamento, 46.02 de área total, 40.31 de área privativa, 0.00 de área do terreno,  2 qto(s), a.serv, WC, 1 sala(s), cozinha, 1 vaga(s) de garagem.",119069.46,197000.0,39.56,Licitação Aberta,,CAMPO LARGO,PR,Não
8787715640198,"RUA CAETANO MUNHOZ DA ROCHA, N. 1080, Apto 205, BL 15",OURO VERDE,"Apartamento, 46.01 de área total, 40.31 de área privativa, 0.00 de área do terreno,  2 qto(s), a.serv, WC, 1 sala(s), cozinha, 1 vaga(s) de garagem.",119069.46,197000.0,39.56,Licitação Aberta,,CAMPO LARGO,PR,Não
8787715696967,"RUA CAETANO MUNHOZ DA ROCHA, N. 1080, Apto 403, TIPO 07 4 PAV BL 23",OURO VERDE,"Apartamento, 45.67 de área total, 40.00 de área privativa, 0.00 de área do terreno,  2 qto(s), a.serv, WC, 1 sala(s), cozinha, 1 vaga(s) de garagem.",118465.05,196000.0,39.56,Licitação Aberta,,CAMPO LARGO,PR,Não
8787717027604,"RUA CAETANO MUNHOZ DA ROCHA, N. 1080, Apto 107, BL 19",OURO VERDE,"Apartamento, 45.67 de área total, 40.00 de área privativa, 0.00 de área do terreno,  2 qto(s), WC, 1 sala(s), cozinha, 1 vaga(s) de garagem.",124509.18,206000.0,39.56,Licitação Aberta,,CAMPO LARGO,PR,Não
8787714200887,"RUA MANOEL LOPES VIEIRA, N. 143, Apto 101, BL 08 GD 5475M2 VG 117",BOTIATUVA,"Apartamento, 46.55 de área total, 40.31 de área privativa, 0.00 de área do terreno,  2 qto(s), a.serv, WC, 1 sala(s), cozinha, Terraco, 1 vaga(s) de garagem.",112420.91,186000.0,39.56,Venda Direta Online,,CAMPO LARGO,PR,Não
8787714595962,"RUA MANOEL LOPES VIEIRA, N. 143, Apto 105, BL 04 ANDAR TERREO TIPO A  VG 307",BOTIATUVA,"Apartamento, 0.00 de área total, 40.31 de área privativa, 0.00 de área do terreno,  2 qto(s), WC, 1 sala(s), cozinha, 1 vaga(s) de garagem.",112420.91,186000.0,39.56,Venda Direta Online,,CAMPO LARGO,PR,Não
8787716715248,"RUA MANOEL LOPES VIEIRA, N. 143, Apto 107, BL 03 VG 332 GARDEN",BOTIATUVA,"Apartamento, 0.00 de área total, 59.45 de área privativa, 0.00 de área do terreno,  2 qto(s), a.serv, WC, 1 sala(s), cozinha, 1 vaga(s) de garagem.",112420.91,186000.0,39.56,Venda Direta Online,,CAMPO LARGO,PR,Não
8787717029607,"RUA MANOEL LOPES VIEIRA, N. 143, Apto 201, BL 10",BOTIATUVA,"Apartamento, 58.68 de área total, 40.31 de área privativa, 0.00 de área do terreno,  2 qto(s), WC, 1 sala(s), cozinha, 1 vaga(s) de garagem.",125113.59,207000.0,39.56,Venda Direta Online,,CAMPO LARGO,PR,Não
8444433965534,"RODOVIA DOS EXPEDICIONARIOS, N. 1145, Apto 3026, BL 30 VG 943",BOM JESUS,"Apartamento, 58.32 de área total, 40.00 de área privativa, 0.00 de área do terreno,  2 qto(s), WC, 1 sala(s), cozinha, 1 vaga(s) de garagem.",111816.5,185000.0,39.56,Venda Online,,CAMPO LARGO,PR,Não
8787704497623,"AVENIDA DOS EXPEDICIONARIOS, N. 1145, Apto 2617, BL 26",BOM JESUS,"Apartamento, 65.96 de área total, 40.00 de área privativa, 0.00 de área do terreno,  2 qto(s), WC, 1 sala(s), cozinha, Terraco, 1 vaga(s) de garagem.",120882.7,200000.0,39.56,Venda Direta Online,,CAMPO LARGO,PR,Não
8787704512177,"AVENIDA DOS EXPEDICIONARIOS, N. 1145, Apto 3445, BL 34 VG 995",BOM JESUS,"Apartamento, 46.17 de área total, 40.31 de área privativa, 0.00 de área do terreno,  2 qto(s), WC, 1 sala(s), cozinha, 1 vaga(s) de garagem.",111272.53,184100.0,39.56,Venda Direta Online,,CAMPO LARGO,PR,Não
8787704882381,"RODOVIA DOS EXPEDICIONARIOS, N. 1145, Apto 941, BL 09 4ºANDAR VG 376",BOM JESUS,"Apartamento, 46.17 de área total, 40.31 de área privativa, 0.00 de área do terreno,  2 qto(s), WC, 1 sala(s), cozinha, 1 vaga(s) de garagem.",111272.53,184100.0,39.56,Venda Direta Online,,CAMPO LARGO,PR,Não
8787705230418,"RODOVIA DOS EXPEDICIONARIOS, N. 1145, Apto 2328, BL 23 2 PAVIMENTO",BOM JESUS,"Apartamento, 46.17 de área total, 40.31 de área privativa, 0.00 de área do terreno,  2 qto(s), WC, 1 sala(s), cozinha, 1 vaga(s) de garagem.",116047.39,192000.0,39.56,Licitação Aberta,,CAMPO LARGO,PR,Não
8787705242742,"RODOVIA DOS EXPEDICIONARIOS, N. 1145, Apto 1316, BL 13",BOM JESUS,"Apartamento, 67.68 de área total, 40.00 de área privativa, 0.00 de área do terreno,  2 qto(s), WC, 1 sala(s), cozinha, Terraco, 1 vaga(s) de garagem.",113025.32,187000.0,39.56,Venda Direta Online,,CAMPO LARGO,PR,Não
8787705273699,"AV DOS EXPEDICIONARIOS, N. 1145, Apto 3328, BL 32",BOM JESUS,"Apartamento, 49.94 de área total, 43.61 de área privativa, 0.00 de área do terreno,  2 qto(s), WC, 1 sala(s), cozinha, 1 vaga(s) de garagem.",114234.15,189000.0,39.56,Venda Direta Online,,CAMPO LARGO,PR,Não
8787705391900,"RODOVIA DOS EXPEDICIONARIOS, N. 1145, Apto 2211, BL 22",BOM JESUS,"Apartamento, 63.23 de área total, 40.31 de área privativa, 0.00 de área do terreno,  2 qto(s), WC, 1 sala(s), cozinha, Terraco, 1 vaga(s) de garagem.",117860.63,195000.0,39.56,Venda Direta Online,,CAMPO LARGO,PR,Não
8787705475852,"AV DOS EXPEDICIONARIOS, N. 1145, Apto 1526, TIPO 1, BL 15",BOM JESUS,"Apartamento, 45.82 de área total, 40.00 de área privativa, 0.00 de área do terreno,  2 qto(s), WC, 1 sala(s), cozinha, 1 vaga(s) de garagem.",123904.77,205000.0,39.56,Venda Online,,CAMPO LARGO,PR,Não
8787705477146,"RODOVIA DOS EXPEDICIONARIOS, N. 1145, Apto 2644, BL 26, TP 2",BOM JESUS,"Apartamento, 46.17 de área total, 40.31 de área privativa, 0.00 de área do terreno,  2 qto(s), a.serv, WC, 1 sala(s), cozinha, 1 vaga(s) de garagem.",126926.84,210000.0,39.56,Venda Direta Online,,CAMPO LARGO,PR,Não
8787705624556,"AVENIDA DOS EXPEDICIONARIOS, N. SN, Apto 1322, BLOCO 13, VAGA 49",BOM JESUS,"Apartamento, 40.00 de área total, 40.00 de área privativa, 0.00 de área do terreno,  2 qto(s), a.serv, WC, 1 sala(s), cozinha, 1 vaga(s) de garagem.",121487.11,201000.0,39.56,Venda Direta Online,,CAMPO LARGO,PR,Não
8787705639308,"AVENIDA DOS EXPEDICIONARIOS, N. SN, Apto 1545, BLOCO 15, VAGA 56",BOM JESUS,"Apartamento, 40.31 de área total, 40.31 de área privativa, 0.00 de área do terreno,  2 qto(s), a.serv, WC, 1 sala(s), cozinha, 1 vaga(s) de garagem.",122091.53,202000.0,39.56,Venda Direta Online,,CAMPO LARGO,PR,Não
8787705647980,"RODOVIA DOS EXPEDICIONARIOS, N. 1145, Apto 1946, BL 19 PAV 04 VG 653",BOM JESUS,"Apartamento, 0.00 de área total, 40.00 de área privativa, 0.00 de área do terreno,  2 qto(s), WC, 1 sala(s), cozinha, 1 vaga(s) de garagem.",121487.11,201000.0,39.56,Venda Direta Online,,CAMPO LARGO,PR,Não
8787705691571,"RODOVIA DOS EXPEDICIONARIOS, N. 1145, Apto 1636, BL 16, VAGA Nº 298",BOM JESUS,"Apartamento, 45.82 de área total, 40.00 de área privativa, 0.00 de área do terreno,  2 qto(s), a.serv, WC, 1 sala(s), cozinha, 1 vaga(s) de garagem.",130467.25,215857.6,39.56,Venda Direta Online,,CAMPO LARGO,PR,Não
8787705717481,"RUA DOS EXPEDICIONARIOS, N. 1145, Apto 3144, BL 31",BOM JESUS,"Apartamento, 49.94 de área total, 43.61 de área privativa, 0.00 de área do terreno,  2 qto(s), a.serv, WC, 1 sala(s), cozinha, 1 vaga(s) de garagem.",120882.7,200000.0,39.56,Venda Direta Online,,CAMPO LARGO,PR,Não
8787710357293,"RODOVIA DOS EXPEDICIONARIOS, N. 1145, Apto 525, BL 05",BOM JESUS,"Apartamento, 58.36 de área total, 40.31 de área privativa, 0.00 de área do terreno,  2 qto(s), WC, 1 sala(s), cozinha, 1 vaga(s) de garagem.",114838.57,190000.0,39.56,Venda Direta Online,,CAMPO LARGO,PR,Não
8787710694770,"RODOVIA DOS EXPEDICIONARIOS, N. 1145, Apto 2047, BL 20",BOM JESUS,"Apartamento, 45.82 de área total, 40.00 de área privativa, 0.00 de área do terreno,  2 qto(s), WC, 1 sala(s), cozinha, 1 vaga(s) de garagem.",111212.08,184000.0,39.56,Venda Direta Online,,CAMPO LARGO,PR,Não
8787702847805,"RUA MARIA JOAQUINA VAZ, N. 721, Apto 302, BL 02, VAGA Nº 218",CAMPO DO MEIO,"Apartamento, 56.90 de área total, 40.00 de área privativa, 0.00 de área do terreno,  2 qto(s), a.serv, WC, 1 sala(s), cozinha, 1 vaga(s) de garagem.",126322.42,209000.0,39.56,Venda Direta Online,,CAMPO LARGO,PR,Não
8787703202964,"RUA MARIA JOAQUINA VAZ, N. 721, Apto 204, BL 05 VG 146",CAMPO DO MEIO,"Apartamento, 46.27 de área total, 40.31 de área privativa, 0.00 de área do terreno,  2 qto(s), a.serv, WC, 1 sala(s), cozinha, 1 vaga(s) de garagem.",113097.02,187118.62,39.56,Venda Direta Online,,CAMPO LARGO,PR,Não
8787703574993,"RUA MARIA JOAQUINA VAZ, N. 721, Apto 104, BL01 VG 06",CAMPO DO MEIO,"Apartamento, 50.13 de área total, 43.61 de área privativa, 0.00 de área do terreno,  2 qto(s), a.serv, WC, 1 sala(s), cozinha, 1 vaga(s) de garagem.",132970.97,220000.0,39.56,Venda Direta Online,,CAMPO LARGO,PR,Não
8787703961342,"RUA MARIA JOAQUINA VAZ, N. 721, Apto 208, BL 15",CAMPO DO MEIO,"Apartamento, 46.27 de área total, 52.31 de área privativa, 0.00 de área do terreno,  2 qto(s), a.serv, WC, 1 sala(s), cozinha, 1 vaga(s) de garagem.",126926.84,210000.0,39.56,Venda Direta Online,,CAMPO LARGO,PR,Não
8787709676569,"RODOVIA DOS EXPEDICIONARIOS, N. SN, Apto 1232, BL 12",ITAQUI,"Apartamento, 45.82 de área total, 40.00 de área privativa, 0.00 de área do terreno,  2 qto(s), WC, 1 sala(s), cozinha, 1 vaga(s) de garagem.",124206.97,205500.0,39.56,Venda Direta Online,,CAMPO LARGO,PR,Não
8787717151836,"RUA CAETANO MUNHOZ DA ROCHA, N. 1080, Apto 406, BL 02 VAGA 77",LAGOA,"Apartamento, 45.66 de área total, 40.00 de área privativa, 0.00 de área do terreno,  2 qto(s), WC, 1 sala(s), cozinha, 1 vaga(s) de garagem.",114838.57,190000.0,39.56,Licitação Aberta,,CAMPO LARGO,PR,Não
8787715643120,"RUA CAETANO MUNHOZ DA ROCHA, N. 1080, Apto 305, BL10 VG 381",OURO VERDE,"Apartamento, 46.02 de área total, 40.31 de área privativa, 0.00 de área do terreno,  2 qto(s), a.serv, WC, 1 sala(s), cozinha, 1 vaga(s) de garagem.",162260.69,265000.0,38.77,Venda Direta Online,,CAMPO LARGO,PR,Sim
8787715699060,"RUA CAETANO MUNHOZ DA ROCHA, N. 1080, Apto 208, BL 15 VG 408",OURO VERDE,"Apartamento, 46.02 de área total, 63.73 de área privativa, 0.00 de área do terreno,  2 qto(s), a.serv, WC, 1 sala(s), cozinha, 1 vaga(s) de garagem.",162260.69,265000.0,38.77,Venda Online,,CAMPO LARGO,PR,Sim
8787715736152,"RUA CAETANO MUNHOZ DA ROCHA, N. 1080, Apto 404, BL 02 VG 75",OURO VERDE,"Apartamento, 46.02 de área total, 52.31 de área privativa, 0.00 de área do terreno,  2 qto(s), a.serv, WC, 1 sala(s), cozinha, 1 vaga(s) de garagem.",162260.69,265000.0,38.77,Venda Direta Online,,CAMPO LARGO,PR,Sim
8787715985985,"RUA CAETANO MUNHOZ DA ROCHA, N. 1080, Apto 304, TIPO 15 PV 03 BL 15 VG 412",OURO VERDE,"Apartamento, 46.02 de área total, 40.31 de área privativa, 0.00 de área do terreno,  2 qto(s), WC, 1 sala(s), cozinha, 1 vaga(s) de garagem.",145103.22,236978.86,38.77,Venda Direta Online,,CAMPO LARGO,PR,Não
8787716933091,"RUA CAETANO MUNHOZ DA ROCHA, N. 1080, Apto 202, BL 04",OURO VERDE,"Apartamento, 45.67 de área total, 40.00 de área privativa, 0.00 de área do terreno,  2 qto(s), WC, 1 sala(s), cozinha, 1 vaga(s) de garagem.",156749.95,256000.0,38.77,Venda Direta Online,,CAMPO LARGO,PR,Não
8787716012891,"RUA CAETANO MUNHOZ DA ROCHA, N. 1080, Apto 102, PAVIMENTO TÉRREO BLCO 04 VAGA 115",OURO VERDE,"Apartamento, 45.67 de área total, 40.00 de área privativa, 0.00 de área do terreno,  2 qto(s), WC, 1 sala(s), cozinha, 1 vaga(s) de garagem.",123995.06,198000.0,37.38,Leilão SFI - Edital Único,,CAMPO LARGO,PR,Não
8787701955078,"RUA MARIA JOAQUINA VAZ, N. SN, Apto 102, BL 35",JARDIM ITAQUI,"Apartamento, 0.00 de área total, 40.00 de área privativa, 0.00 de área do terreno,  2 qto(s), WC, 1 sala(s), cozinha, 1 vaga(s) de garagem.",119590.43,190000.0,37.06,Venda Direta Online,,CAMPO LARGO,PR,Não
10284141,"RUA JOÃO TIGRINHO DE FREITAS/ ANTIGA UA 16, N. CS 16, CASA",MORADIAS BOM JESUS,"Casa, 0.00 de área total, 547.75 de área privativa, 1468.00 de área do terreno,  5 qto(s), varanda, a.serv, WC, WC Emp, 2 sala(s), 1 lavabo(s), cozinha, Terraco.",2421794.34,3800000.0,36.27,Venda Direta Online,,CAMPO LARGO,PR,Não
8787716261387,"RUA CAETANO MUNHOZ DA ROCHA, N. 1080, Apto 405, 4º PAVIMENTO BLOCO 05 VAGA 175",OURO VERDE,"Apartamento, 0.00 de área total, 40.31 de área privativa, 0.00 de área do terreno,  2 qto(s), WC, 1 sala(s), cozinha, 1 vaga(s) de garagem.",140992.75,200000.0,29.51,Leilão SFI - Edital Único,,CAMPO LARGO,PR,Não
8787716326640,"RUA CAETANO MUNHOZ DA ROCHA, N. 1080, Apto 205, 2º PAVIMENTO BLOCO 13 VAGA 286",OURO VERDE,"Apartamento, 46.01 de área total, 40.31 de área privativa, 0.00 de área do terreno,  2 qto(s), WC, 1 sala(s), cozinha, 1 vaga(s) de garagem.",150246.77,208000.0,27.77,Leilão SFI - Edital Único,,CAMPO LARGO,PR,Não
8787716320120,"RUA CAETANO MUNHOZ DA ROCHA, N. 1080, Apto 201, 2º PAVIMENTO BLOCO 10 VAGA 369",OURO VERDE,"Apartamento, 46.02 de área total, 40.31 de área privativa, 0.00 de área do terreno,  2 qto(s), WC, 1 sala(s), cozinha, 1 vaga(s) de garagem.",141089.88,191000.0,26.14,Leilão SFI - Edital Único,,CAMPO LARGO,PR,Não
8787715824140,"RUA CAETANO MUNHOZ DA ROCHA, N. 1080, Apto 204, 2º PAVIMENTO BLOCO 17 VAGA 634",OURO VERDE,"Apartamento, 46.02 de área total, 40.31 de área privativa, 0.00 de área do terreno,  2 qto(s), WC, 1 sala(s), cozinha, 1 vaga(s) de garagem.",142928.17,190000.0,24.78,Leilão SFI - Edital Único,,CAMPO LARGO,PR,Não
8787715437406,"RUA CAETANO MUNHOZ DA ROCHA, N. 1080, Apto 304, 3º PAVIMENTO BLOCO 01 VAGA 16",OURO VERDE,"Apartamento, 46.02 de área total, 40.31 de área privativa, 0.00 de área do terreno,  2 qto(s), WC, 1 sala(s), cozinha, 1 vaga(s) de garagem.",140570.06,165000.0,14.81,Leilão SFI - Edital Único,,CAMPO LARGO,PR,Não
1787700210100,"RUA MARIA JOAQUINA VAZ, N. 721, Apto 402, BLOCO 24 VG 750",JARDIM ITAQUI,"Apartamento, 46.27 de área total, 40.31 de área privativa, 0.00 de área do terreno,  2 qto(s), WC, 1 sala(s), cozinha, 1 vaga(s) de garagem.",170000.0,170000.0,0.0,Leilão SFI - Edital Único,,CAMPO LARGO,PR,Não
8787703207141,"RUA MARIA JOAQUINA VAZ, N. 721, Apto 306, BL 28 VG 1057",JARDIM ITAQUI,"Apartamento, 45.91 de área total, 40.00 de área privativa, 0.00 de área do terreno,  2 qto(s), WC, 1 sala(s), cozinha, 1 vaga(s) de garagem.",185000.0,185000.0,0.0,Leilão SFI - Edital Único,,CAMPO LARGO,PR,Não
8787703728761,"RUA MARIA JOAQUINA VAZ, N. 721, Apto 401, BL 06 VG 288",JARDIM ITAQUI,"Apartamento, 46.27 de área total, 40.31 de área privativa, 0.00 de área do terreno,  2 qto(s), WC, 1 sala(s), cozinha, 1 vaga(s) de garagem.",186000.0,186000.0,0.0,Leilão SFI - Edital Único,,CAMPO LARGO,PR,Não
8787704017915,"RUA MARIA JOAQUINA VAZ, N. 721, Apto 304, BL 06 VAGA 283",JARDIM ITAQUI,"Apartamento, 46.27 de área total, 40.31 de área privativa, 0.00 de área do terreno,  2 qto(s), a.serv, WC, 1 sala(s), cozinha, 1 vaga(s) de garagem.",190000.0,190000.0,0.0,Leilão SFI - Edital Único,,CAMPO LARGO,PR,Não
8787716815803,"RUA CAETANO MUNHOZ DA ROCHA, N. 1080, Apto AP 10, BL 25",OURO VERDE,"Apartamento, 46.05 de área total, 40.31 de área privativa, 0.00 de área do terreno,  2 qto(s), WC, 1 sala(s), cozinha, 1 vaga(s) de garagem.",220000.0,220000.0,0.0,Leilão SFI - Edital Único,,CAMPO LARGO,PR,Não
8787714085565,"RUA MANOEL LOPES VIEIRA, N. 143, Apto 207, TIPO I PAV 01 BL 06 VG 94",BOTIATUVA,"Apartamento, 46.12 de área total, 40.00 de área privativa, 0.00 de área do terreno,  2 qto(s), WC, 1 sala(s), cozinha, 1 vaga(s) de garagem.",190000.0,190000.0,0.0,Leilão SFI - Edital Único,,CAMPO LARGO,PR,Não
8787714144022,"RUA MANOEL LOPES VIEIRA, N. 143, Apto 301, BL 08 VAGA 133",BOTIATUVA,"Apartamento, 47.71 de área total, 40.31 de área privativa, 0.00 de área do terreno,  2 qto(s), WC, 1 sala(s), cozinha, 1 vaga(s) de garagem.",198868.0,198868.0,0.0,Leilão SFI - Edital Único,,CAMPO LARGO,PR,Não
8787716993450,"RUA MANOEL LOPES VIEIRA, N. 143, Apto 204, TIPO G PAV 01 BL 04 VG 317",BOTIATUVA,"Apartamento, 46.45 de área total, 40.31 de área privativa, 0.00 de área do terreno,  2 qto(s), WC, 1 sala(s), cozinha, 1 vaga(s) de garagem.",203000.0,203000.0,0.0,Leilão SFI - Edital Único,,CAMPO LARGO,PR,Não
8787704503240,"RODOVIA DOS EXPEDICIONARIOS, N. 1145, Apto 2516, BL 25 VAGA 848",BOM JESUS,"Apartamento, 0.00 de área total, 40.00 de área privativa, 0.00 de área do terreno,  2 qto(s), WC, 1 sala(s), cozinha, 1 vaga(s) de garagem.",187000.0,187000.0,0.0,Leilão SFI - Edital Único,,CAMPO LARGO,PR,Não
8787704894258,"RODOVIA DOS EXPEDICIONARIOS, N. 1145, Apto 1414, BL14",BOM JESUS,"Apartamento, 0.00 de área total, 40.31 de área privativa, 0.00 de área do terreno,  2 qto(s), a.serv, WC, 1 sala(s), cozinha, 1 vaga(s) de garagem.",185000.0,185000.0,0.0,Leilão SFI - Edital Único,,CAMPO LARGO,PR,Não
8787704989380,"RODOVIA DOS EXPEDICIONARIOS, N. 1145, Apto 1612, TIPO 03  BLOCO 16  VAGA 160",BOM JESUS,"Apartamento, 58.37 de área total, 40.00 de área privativa, 0.00 de área do terreno,  2 qto(s), a.serv, WC, 1 sala(s), cozinha, 1 vaga(s) de garagem.",195000.0,195000.0,0.0,Leilão SFI - Edital Único,,CAMPO LARGO,PR,Não
8787705246837,"RODOVIA DOS EXPEDICIONARIOS, N. 1145, Apto 1113, TIPO 3 VG 350",BOM JESUS,"Apartamento, 45.87 de área total, 40.00 de área privativa, 0.00 de área do terreno,  2 qto(s), WC, 1 sala(s), cozinha, 1 vaga(s) de garagem.",183000.0,183000.0,0.0,Leilão SFI - Edital Único,,CAMPO LARGO,PR,Não
8444409706206,"R AMERICO ZANLORENZI, N. 89, UNIDADE 08",JARDIM CEU AZUL,"Casa, 0.00 de área total, 56.48 de área privativa, 90.69 de área do terreno,  2 qto(s), a.serv, WC, 1 sala(s), cozinha.",246000.0,246000.0,0.0,Leilão SFI - Edital Único,,CAMPO LARGO,PR,Não
8787715604728,"RUA CAETANO MUNHOZ DA ROCHA, N. 1080, Apto 203, TP 7 PAV 2 BL 03 VG 91",OURO VERDE,"Apartamento, 45.67 de área total, 40.00 de área privativa, 0.00 de área do terreno,  2 qto(s), WC, 1 sala(s), cozinha, 1 vaga(s) de garagem.",205372.69,200000.0,0.0,Leilão SFI - Edital Único,,CAMPO LARGO,PR,Não
8787704950425,"RODOVIA DOS EXPEDICIONARIOS, N. 1145, Apto 2015, TERREO BL 20 VG 660",BOM JESUS,"Apartamento, 50.72 de área total, 40.31 de área privativa, 0.00 de área do terreno,  2 qto(s), WC, 1 sala(s), cozinha, 1 vaga(s) de garagem.",175920.56,170000.0,0.0,Leilão SFI - Edital Único,,CAMPO LARGO,PR,Não
8787706112346,"RODOVIA DOS EXPEDICIONARIOS, N. 1145, Apto 1822, BL 18",BOM JESUS,"Apartamento, 45.82 de área total, 40.00 de área privativa, 0.00 de área do terreno,  2 qto(s), WC, 1 sala(s), cozinha, 1 vaga(s) de garagem.",173173.3,165000.0,0.0,Leilão SFI - Edital Único,,CAMPO LARGO,PR,Não
8787701858951,"RUA MARIA JOAQUINA VAZ, N. 721, Apto 302, BL 24 VAGA GARAGEM 746",JARDIM ITAQUI,"Apartamento, 46.27 de área total, 40.31 de área privativa, 0.00 de área do terreno,  2 qto(s), WC, 1 sala(s), cozinha, 1 vaga(s) de garagem.",153890.28,146000.0,0.0,Leilão SFI - Edital Único,,CAMPO LARGO,PR,Não
8787705909771,"RODOVIA DOS EXPEDICIONARIOS, N. 1145, Apto 1746, BL 17 VAGA 531",BOM JESUS,"Apartamento, 45.82 de área total, 40.00 de área privativa, 0.00 de área do terreno,  2 qto(s), WC, 1 sala(s), cozinha, 1 vaga(s) de garagem.",173981.52,165000.0,0.0,Leilão SFI - Edital Único,,CAMPO LARGO,PR,Não
8787705518853,"RODOVIA DOS EXPEDICIONARIOS, N. 1145, Apto 2845, 4º PAVIMENTO BLOCO 28 VAGA 826",BOM JESUS,"Apartamento, 46.17 de área total, 40.31 de área privativa, 0.00 de área do terreno,  2 qto(s), a.serv, WC, 1 sala(s), cozinha, 1 vaga(s) de garagem.",183532.17,174000.0,0.0,Leilão SFI - Edital Único,,CAMPO LARGO,PR,Não
8787705407920,"RODOVIA DOS EXPEDICIONARIOS, N. 1145, Apto 117, BL 01. VAGA 07",BOM JESUS,"Apartamento, 45.87 de área total, 40.00 de área privativa, 0.00 de área do terreno,  2 qto(s), WC, 1 sala(s), cozinha, 1 vaga(s) de garagem.",176347.3,165000.0,0.0,Leilão SFI - Edital Único,,CAMPO LARGO,PR,Não
8787705098633,"RODOVIA DOS EXPEDICIONARIOS, N. 1145, Apto 327, BL 03 VG 87",BOM JESUS,"Apartamento, 45.82 de área total, 40.00 de área privativa, 0.00 de área do terreno,  2 qto(s), WC, 1 sala(s), cozinha, 1 vaga(s) de garagem.",173470.8,161500.0,0.0,Leilão SFI - Edital Único,,CAMPO LARGO,PR,Não
8787719741916,"RUA CAETANO MUNHOZ DA ROCHA, N. 1080, Apto 304, 3º PAVIMENTO BLOCO 18 VAGA 537",OURO VERDE,"Apartamento, 49.78 de área total, 43.61 de área privativa, 0.00 de área do terreno,  2 qto(s), WC, 1 sala(s), cozinha, 1 vaga(s) de garagem.",187886.15,173000.0,0.0,Leilão SFI - Edital Único,,CAMPO LARGO,PR,Não
8787705103572,"RODOVIA DOS EXPEDICIONARIOS, N. 1145, Apto 121, TP 02 BL 01 VG 09",BOM JESUS,"Apartamento, 46.17 de área total, 40.31 de área privativa, 0.00 de área do terreno,  2 qto(s), WC, 1 sala(s), cozinha, 1 vaga(s) de garagem.",174003.56,160000.0,0.0,Leilão SFI - Edital Único,,CAMPO LARGO,PR,Não
8787705554248,"RODOVIA DOS EXPEDICIONARIOS, N. 1145, Apto 538, TP 2 PAV 3 BL 05 VG 192",BOM JESUS,"Apartamento, 46.17 de área total, 40.31 de área privativa, 0.00 de área do terreno,  2 qto(s), WC, 1 sala(s), cozinha, 1 vaga(s) de garagem.",174213.63,160000.0,0.0,Leilão SFI - Edital Único,,CAMPO LARGO,PR,Não
8787716641228,"RUA CAETANO MUNHOZ DA ROCHA, N. 1080, Apto 204, BL 18 VG 529",LAGOA,"Apartamento, 49.78 de área total, 43.61 de área privativa, 0.00 de área do terreno,  2 qto(s), WC, 1 sala(s), cozinha, 1 vaga(s) de garagem.",217169.75,197000.0,0.0,Leilão SFI - Edital Único,,CAMPO LARGO,PR,Não
8787717151232,"RUA CAETANO MUNHOZ DA ROCHA, N. 1080, Apto 202, BL 06 2 PAV VG 188",OURO VERDE,"Apartamento, 45.67 de área total, 40.00 de área privativa, 0.00 de área do terreno,  2 qto(s), WC, 1 sala(s), cozinha, 1 vaga(s) de garagem.",202929.28,177000.0,0.0,Leilão SFI - Edital Único,,CAMPO LARGO,PR,Não
8787705250435,"RODOVIA DOS EXPEDICIONARIOS, N. 1145, Apto 1042, 4º PAVIMENTO BLOCO 10 VAGA 391",BOM JESUS,"Apartamento, 45.82 de área total, 40.00 de área privativa, 0.00 de área do terreno,  2 qto(s), WC, 1 sala(s), cozinha, 1 vaga(s) de garagem.",172022.12,150000.0,0.0,Leilão SFI - Edital Único,,CAMPO LARGO,PR,Não
8787716369161,"RUA CAETANO MUNHOZ DA ROCHA, N. 1080, Apto 207,  BLOCO 10",OURO VERDE,"Apartamento, 45.67 de área total, 40.00 de área privativa, 0.00 de área do terreno,  2 qto(s), WC, 1 sala(s), cozinha, 1 vaga(s) de garagem.",203575.48,177000.0,0.0,Leilão SFI - Edital Único,,CAMPO LARGO,PR,Não
8787704513432,"RODOVIA DOS EXPEDICIONARIOS, N. 1145, Apto 2543, 4º PAVIMENTO BLOCO 25 VAGA 902",BOM JESUS,"Apartamento, 45.82 de área total, 40.00 de área privativa, 0.00 de área do terreno,  2 qto(s), WC, 1 sala(s), cozinha, 1 vaga(s) de garagem.",174456.3,150000.0,0.0,Leilão SFI - Edital Único,,CAMPO LARGO,PR,Não
8787705749626,"RODOVIA DOS EXPEDICIONARIOS, N. 1145, Apto 217, TERREO BL 02 VAGA GARAGEM 48",BOM JESUS,"Apartamento, 45.87 de área total, 40.00 de área privativa, 0.00 de área do terreno,  2 qto(s), a.serv, WC, 1 sala(s), cozinha, 1 vaga(s) de garagem.",176134.66,145000.0,0.0,Leilão SFI - Edital Único,,CAMPO LARGO,PR,Não
8787706062012,"RODOVIA DOS EXPEDICIONARIOS, N. 1145, Apto 1017, PAVIMENTO TÉRREO BLOCO 10 VAGA 336",BOM JESUS,"Apartamento, 45.88 de área total, 40.00 de área privativa, 0.00 de área do terreno,  2 qto(s), WC, 1 sala(s), cozinha, 1 vaga(s) de garagem.",193988.43,155000.0,0.0,Leilão SFI - Edital Único,,CAMPO LARGO,PR,Não
8787706628610,"RUA MARIA JOAQUINA VAZ, N. 721, Apto 401, 4º PAVIMENTO BLOCO 02",JARDIM ITAQUI,"Apartamento, 46.27 de área total, 40.31 de área privativa, 0.00 de área do terreno,  2 qto(s), WC, 1 sala(s), cozinha, 1 vaga(s) de garagem.",205973.09,155000.0,0.0,Leilão SFI - Edital Único,,CAMPO LARGO,PR,Não
8787714401890,"RUA MANOEL LOPES VIEIRA, N. 143, Apto 407, TP I  PAV 3  BL 5  VG 328",BOTIATUVA,"Apartamento, 47.34 de área total, 40.00 de área privativa, 0.00 de área do terreno,  2 qto(s), WC, 1 sala(s), cozinha, 1 vaga(s) de garagem.",186852.77,131000.0,0.0,Leilão SFI - Edital Único,,CAMPO LARGO,PR,Não
1787700180341,"RUA MARIA JOAQUINA VAZ, N. 721, Apto 108, PAVIMENTO TÉRREO BLOCO 08 VAGA 24",JARDIM ITAQUI,"Apartamento, 50.13 de área total, 43.61 de área privativa, 0.00 de área do terreno,  2 qto(s), WC, 1 sala(s), cozinha, 1 vaga(s) de garagem.",261178.25,165000.0,0.0,Leilão SFI - Edital Único,,CAMPO LARGO,PR,Não
10217331,"RUA DAS CEREJEIRAS, N. 46, QD 29, METADE LT 05",JARDIM RESIDENCIAL ARAUCARIA,"Casa, 0.00 de área total, 237.83 de área privativa, 245.00 de área do terreno.",755615.77,1355000.0,44.24,Venda Direta Online,,CAMPO MOURAO,PR,Sim
10218088,"RUA LAMBARI, N. 243, CHÁCARA G-2",JARDIM ALVORADA,"Terreno, 0.00 de área total, 0.00 de área privativa, 730.80 de área do terreno.",126772.91,217741.86,41.78,Venda Direta Online,,CAMPO MOURAO,PR,Não
8444428600256,"RUA CANCUN, N. 239, LT 17 QD 01",JARDIM NOVO CAMPO,"Casa, 53.55 de área total, 53.55 de área privativa, 126.00 de área do terreno,  2 qto(s), a.serv, WC, 1 sala(s), cozinha, 1 vaga(s) de garagem.",168920.44,132000.0,0.0,Leilão SFI - Edital Único,,CAMPO MOURAO,PR,Não
10210360,"RUA HORÁVIO ANTÔNIO CORREIA, N. 00, QD 07, LT 01",JARDIM SANTA CRUZ,"Terreno, 0.00 de área total, 0.00 de área privativa, 477.60 de área do terreno.",183179.79,375000.0,51.16,Venda Direta Online,,CANTAGALO,PR,Não
10309344,"RUA HORAVIO ANTONIO CORREIA, N. 00, QD 07, LT 02",VILA SANTA CRUZ,"Terreno, 0.00 de área total, 0.00 de área privativa, 425.70 de área do terreno.",299000.0,274000.0,0.0,Leilão SFI - Edital Único,,CANTAGALO,PR,Sim
1600000096192,"RUA TEODORO NARDI, N. 451, UNIDADE Nº2",PIONEIROS CATARINENSES,"Casa, 224.27 de área total, 221.55 de área privativa, 280.00 de área do terreno,  3 qto(s), a.serv, WC, 1 sala(s), 1 lavabo(s), cozinha, 4 vaga(s) de garagem.",768000.0,1280000.0,40.0,Leilão SFI - Edital Único,,CASCAVEL,PR,Não
8444401901433,"AVENIDA CORBELIA, N. 756, UN 4",CATARATAS,"Casa, 48.10 de área total, 48.00 de área privativa, 72.74 de área do terreno,  2 qto(s), a.serv, WC, 1 sala(s), cozinha.",230000.0,230000.0,0.0,Leilão SFI - Edital Único,,CASCAVEL,PR,Não
10302975,"RUA MATO GROSSO, N. 1575, Apto 804, QD 93, LT 02",CENTRO,"Apartamento, 0.00 de área total, 87.42 de área privativa, 0.00 de área do terreno,  3 qto(s), a.serv, WC, 1 sala(s), cozinha, 2 vaga(s) de garagem.",722000.0,722000.0,0.0,Leilão SFI - Edital Único,,CASCAVEL,PR,Não
8555514048754,"RUA TRANQUILO NORO, N. 720, CS 530  M40B QD H RUA 8",PARQUE VERDE,"Casa, 41.57 de área total, 40.91 de área privativa, 93.46 de área do terreno,  2 qto(s), a.serv, WC, 1 sala(s), cozinha, 1 vaga(s) de garagem.",230000.0,230000.0,0.0,Leilão SFI - Edital Único,,CASCAVEL,PR,Não
8444427720150,"RUA CARLOS BARTOLOMEU CANCELLI, N. 993, Apto 201, BL 10",CANCELLI,"Apartamento, 49.07 de área total, 43.93 de área privativa, 0.00 de área do terreno,  2 qto(s), a.serv, WC, 1 sala(s), cozinha, 1 vaga(s) de garagem.",215000.0,215000.0,0.0,Leilão SFI - Edital Único,,CASCAVEL,PR,Não
8787715120860,"RUA BALDUINO OLDONI, N. 1915, Apto 406, BLOCO 2",FLORESTA,"Apartamento, 64.79 de área total, 46.78 de área privativa, 0.00 de área do terreno,  2 qto(s), a.serv, WC, 1 sala(s), cozinha, 1 vaga(s) de garagem.",215000.0,215000.0,0.0,Leilão SFI - Edital Único,,CASCAVEL,PR,Não
8787715488930,"RUA BALDUINO OLDONI, N. 1915, Apto 202, BL 04 VG 28",FLORESTA,"Apartamento, 61.09 de área total, 52.93 de área privativa, 0.00 de área do terreno,  2 qto(s), a.serv, WC, 1 sala(s), cozinha, 1 vaga(s) de garagem.",222000.0,222000.0,0.0,Leilão SFI - Edital Único,,CASCAVEL,PR,Não
8444406770078,"RUA J, N. 5, UND B LT 01 QD 28",NOSSA SENHORA DAS GRACAS,"Casa, 56.10 de área total, 56.10 de área privativa, 198.00 de área do terreno,  2 qto(s), a.serv, WC, 1 sala(s), cozinha.",190000.0,190000.0,0.0,Leilão SFI - Edital Único,,CASTRO,PR,Não
8555531222155,"R C, N. 12, QD 4, LT 1, ESQ R JESUINO PELICIA",SAO JUDAS TADEU,"Casa, 0.00 de área total, 40.80 de área privativa, 235.41 de área do terreno, 1 vaga(s) de garagem.",77313.65,153000.0,49.47,Venda Direta Online,,CENTENARIO DO SUL,PR,Não
8444423234065,"RUA FRANCISCO BERNANRDO, N. 193, LT 04 QD 11",LOT BELA SUIÇA,"Casa, 60.80 de área total, 48.30 de área privativa, 204.00 de área do terreno,  2 qto(s), a.serv, WC, 1 sala(s), cozinha, 1 vaga(s) de garagem.",109610.38,186000.0,41.07,Venda Direta Online,,CENTENARIO DO SUL,PR,Não
8787700728213,"RUA B, N. 260, LT 07 QD 03",JARDIM BELA ITALIA,"Casa, 57.18 de área total, 57.18 de área privativa, 216.00 de área do terreno, 1 sala(s), cozinha.",111967.6,190000.0,41.07,Venda Direta Online,,CENTENARIO DO SUL,PR,Não
8444435902491,"RUA LONDRINA, N. 935, LT 1 E QD 93",CENTRO,"Casa, 50.00 de área total, 50.00 de área privativa, 126.36 de área do terreno,  2 qto(s), a.serv, WC, 1 sala(s), cozinha.",160000.0,153000.0,0.0,Leilão SFI - Edital Único,,CENTENARIO DO SUL,PR,Não
1444415736636,"RUA PONTAL DO SUL, N. 151, DT 09 QD 01",RESIDENCIAL ATLANTICO II,"Casa, 0.00 de área total, 459.39 de área privativa, 0.00 de área do terreno.",799574.52,1476000.0,45.83,Venda Direta Online,,CIANORTE,PR,Sim
1555532214352,"AVENIDA RIO BRANCO, N. 410, Apto 303, PAV 4",ZONA DE ARMAZEM,"Apartamento, 111.96 de área total, 66.46 de área privativa, 0.00 de área do terreno,  3 qto(s), a.serv, WC, 1 sala(s), cozinha, 1 vaga(s) de garagem.",320000.0,320000.0,0.0,Leilão SFI - Edital Único,,CIANORTE,PR,Não
10011968,"AV PREFEITO JOAO BATISTA STOCCO, N. 1590, LT 01 QD E",GUARAITUBA,"Comercial, 0.00 de área total, 2890.80 de área privativa, 3960.00 de área do terreno.",2458247.78,4880000.0,49.63,Venda Direta Online,,COLOMBO,PR,Não
8156510022486,"RUA ROSA LAZAROTTO STRAPASSON, N. 286, CS 05 PARTE LT A-1 QD 11",SAO GABRIEL,"Casa, 0.00 de área total, 50.11 de área privativa, 144.58 de área do terreno,  3 qto(s), a.serv, WC, 1 sala(s), cozinha, 1 vaga(s) de garagem.",260000.0,260000.0,0.0,Leilão SFI - Edital Único,,COLOMBO,PR,Não
8036910029738,"RUA EMILIO DE MENEZES, N. 292, A",ATUBA,"Casa, 61.48 de área total, 56.37 de área privativa, 102.85 de área do terreno,  2 qto(s), a.serv, WC, 1 sala(s), cozinha.",205000.0,205000.0,0.0,Leilão SFI - Edital Único,,COLOMBO,PR,Não
1555521919074,"RUA DA CANAFISTULA ANTIGA RUA DA MANGUEIRA LT 12 Q, N. SN, LT 12QD 27",EMBU,"Terreno, 0.00 de área total, 75.00 de área privativa, 1020.00 de área do terreno.",490000.0,490000.0,0.0,Leilão SFI - Edital Único,,COLOMBO,PR,Não
8444416767487,"TRAVESSA ERONDINO ELISON DOS SANTOS, N. 149, Apto 403, 3º ANDAR",GUARAITUBA,"Apartamento, 55.74 de área total, 44.00 de área privativa, 0.00 de área do terreno,  2 qto(s), a.serv, WC, 1 sala(s), cozinha.",180000.0,180000.0,0.0,Leilão SFI - Edital Único,,COLOMBO,PR,Não
8555525482698,"AVENIDA PREFEITO JOAO BATISTA STOCCO, N. 649, Apto 103, BL A",SAO GABRIEL,"Apartamento, 0.00 de área total, 47.48 de área privativa, 0.00 de área do terreno,  2 qto(s), WC, 1 sala(s), cozinha.",189125.0,185000.0,0.0,Leilão SFI - Edital Único,,COLOMBO,PR,Não
8555515362061,"RUA JAIME GOOD, N. 86, 15,",JARDIM DAS AMERICAS,"Casa, 47.30 de área total, 47.30 de área privativa, 127.91 de área do terreno,  2 qto(s), a.serv, WC, 1 sala(s), cozinha.",96000.33,162000.0,40.75,Venda Direta Online,,CONTENDA,PR,Não
8444404798498,"R VALERIA BAUMEL PADILHA 483, N. 483, CASA 04 COND ROMA XXXIV",PLANALTO,"Casa, 0.00 de área total, 51.43 de área privativa, 0.00 de área do terreno,  3 qto(s), 1 sala(s), cozinha.",120882.7,200000.0,39.56,Venda Direta Online,,CONTENDA,PR,Não
8444406189855,"RUA JAIME GOOD, N. 51, CS 05",PEPES,"Casa, 43.65 de área total, 43.65 de área privativa, 71.60 de área do terreno,  2 qto(s), WC, 1 sala(s), cozinha.",117860.63,195000.0,39.56,Venda Direta Online,,CONTENDA,PR,Não
8555517143103,"RUA JAIME GOOD, N. SN, LT 18",JARDIM DAS AMERICAS,"Casa, 47.30 de área total, 47.30 de área privativa, 216.47 de área do terreno,  2 qto(s), a.serv, WC, 1 sala(s), cozinha.",128740.08,213000.0,39.56,Licitação Aberta,,CONTENDA,PR,Não
8444414087950,"AV ELEUTERIO DE SOUZA PADILHA, N. 1463, RUA INTERNA 2, CASA 14",CENTRO,"Casa, 0.00 de área total, 35.10 de área privativa, 95.09 de área do terreno.",84855.72,139000.0,38.96,Licitação Aberta,,CONTENDA,PR,Não
8444408627817,"RUA VEREADOR LEONY SLUGA, N. 108, CS 01, LT 07, QD 10,",JD PLANALTO,"Casa, 0.00 de área total, 71.77 de área privativa, 150.30 de área do terreno,  3 qto(s), a.serv, WC, 1 sala(s), cozinha.",133437.74,212000.0,37.06,Licitação Aberta,,CONTENDA,PR,Não
8787709852014,"RUA DR JUVENCIO SOARES DA SILVA, N. 770, CASA 22",SAO JOAO,"Casa, 42.75 de área total, 42.43 de área privativa, 108.00 de área do terreno,  2 qto(s), a.serv, WC, 1 sala(s), cozinha, 1 vaga(s) de garagem.",180000.0,180000.0,0.0,Leilão SFI - Edital Único,,CONTENDA,PR,Não
8787712225408,"RUA DR JUVENCIO SOARES DA SILVA, N. 770, CASA 97",SAO JOAO,"Casa, 42.75 de área total, 42.43 de área privativa, 111.56 de área do terreno,  2 qto(s), a.serv, WC, 1 sala(s), cozinha, 1 vaga(s) de garagem.",182000.0,182000.0,0.0,Leilão SFI - Edital Único,,CONTENDA,PR,Não
8444422598764,"RUA PICARRAS, N. 158, QD 17 LT 3",CENTRO,"Casa, 51.26 de área total, 51.26 de área privativa, 300.00 de área do terreno,  2 qto(s), a.serv, WC, 1 sala(s), cozinha, 1 vaga(s) de garagem.",181001.08,181001.08,0.0,Leilão SFI - Edital Único,,CORNELIO PROCOPIO,PR,Não
8444429116242,"RUA FLORIANOPOLIS, N. 138, QD 69",JARDOM CRUZEIRO,"Terreno, 0.00 de área total, 0.00 de área privativa, 350.00 de área do terreno.",50365.85,87000.0,42.11,Venda Online,,CRUZEIRO DO OESTE,PR,Não
8444413309593,"RUA DONALDSON DUAR, N. 525, LT 02 QD 16",PARQUE DAS OLIVEIRAS,"Casa, 70.00 de área total, 70.00 de área privativa, 182.00 de área do terreno,  2 qto(s), a.serv, WC, 1 sala(s).",77043.32,133000.0,42.08,Licitação Aberta,,CRUZEIRO DO OESTE,PR,Não
10275690,"AVENIDA BRASIL, N. 00, QD 256, LT 21-R, PLANTA 01",JARDIM DAS FLORES,"Terreno, 0.00 de área total, 0.00 de área privativa, 245.00 de área do terreno.",51395.36,87283.95,41.12,Venda Direta Online,,CRUZEIRO DO OESTE,PR,Não
10145069,"RUA ANGELO CUNICO, N. 777, CASA 02",ABRANCHES,"Casa, 0.00 de área total, 161.52 de área privativa, 0.00 de área do terreno,  3 qto(s), varanda, a.serv, WC, 2 sala(s), 1 lavabo(s), cozinha, 2 vaga(s) de garagem.",406733.59,730000.0,44.29,Licitação Aberta,,CURITIBA,PR,Sim
10145458,"RUA RAUL DE OLIVEIRA, N. 156, CS 1, LT 264, QD XV",CAJURU,"Casa, 0.00 de área total, 171.19 de área privativa, 146.76 de área do terreno,  2 qto(s), WC, 2 sala(s), 1 lavabo(s), cozinha, Terraco.",323158.19,580000.0,44.29,Licitação Aberta,,CURITIBA,PR,Sim
8555526770379,"RUA ANGELO TOZIM, N. 1501, Apto 13, BL 02",CAMPO DE SANTANA,"Apartamento, 0.00 de área total, 44.12 de área privativa, 0.00 de área do terreno,  2 qto(s), WC, 1 sala(s), cozinha, 1 vaga(s) de garagem.",114384.3,198000.0,42.24,Licitação Aberta,,CURITIBA,PR,Não
8787705662369,"RUA LUCIANO PIUZZI, N. 147, Apto 104, VAGA 19",PINHEIRINHO,"Apartamento, 0.00 de área total, 49.25 de área privativa, 0.00 de área do terreno, 1 vaga(s) de garagem.",153717.24,262500.0,41.45,Licitação Aberta,,CURITIBA,PR,Não
8787716410935,"RUA MELANIA ZENI VISINONI, N. 150, Apto 401, BL 12",CAMPO DE SANTANA,"Apartamento, 101.20 de área total, 38.68 de área privativa, 0.00 de área do terreno,  2 qto(s), WC, 1 sala(s), cozinha.",103111.46,174000.0,40.75,Licitação Aberta,,CURITIBA,PR,Não
8787714962965,"RUA PEDRO KACHEL, N. 81, Apto 102, BL 10",SANTA CANDIDA,"Apartamento, 0.00 de área total, 38.40 de área privativa, 0.00 de área do terreno, 1 vaga(s) de garagem.",132970.97,220000.0,39.56,Licitação Aberta,,CURITIBA,PR,Não
8787719650112,"RUA MANOEL VALDOMIRO DE MACEDO, N. 2661, Apto 701, TR 01 VAGA 45",CIDADE INDUSTRIAL,"Apartamento, 0.00 de área total, 44.09 de área privativa, 0.00 de área do terreno, 1 vaga(s) de garagem.",198998.96,325000.0,38.77,Licitação Aberta,,CURITIBA,PR,Não
8787719656943,"RUA MANOEL VALDOMIRO DE MACEDO, N. 2661, Apto 706, TORRE 02 BOX 637",CIDADE INDUSTRIAL,"Apartamento, 67.47 de área total, 44.05 de área privativa, 0.00 de área do terreno,  2 qto(s), WC, 1 sala(s), cozinha, 1 vaga(s) de garagem.",165322.22,270000.0,38.77,Licitação Aberta,,CURITIBA,PR,Não
8444436324734,"RUA MAESTRO VICENTE DALO, N. 306, CASA 01",TATUQUARA,"Casa, 53.65 de área total, 53.65 de área privativa, 46.67 de área do terreno, 1 vaga(s) de garagem.",171445.26,280000.0,38.77,Licitação Aberta,,CURITIBA,PR,Não
8444417712449,"RUA TEREZINHA OLOSZ SAMILA, N. 92, RESIDÊNCIA 02",CAMPO DE SANTANA,"Casa, 77.84 de área total, 38.92 de área privativa, 70.00 de área do terreno, a.serv, WC, 1 sala(s), cozinha.",141294.31,230000.0,38.57,Leilão SFI - Edital Único,,CURITIBA,PR,Não
1555528553075,"RUA JOAO BATISTA TRENTIN, N. 796, 200",TINGUI,"Casa, 410.32 de área total, 410.32 de área privativa, 528.00 de área do terreno,  3 qto(s), a.serv, WC, 4 sala(s), cozinha.",1416749.68,2280000.0,37.87,Venda Direta Online,,CURITIBA,PR,Sim
1600000210424,"RUA JOAO NICCO, N. 158, Apto 81,",MOSSUNGUE,"Apartamento, 296.79 de área total, 161.39 de área privativa, 0.00 de área do terreno,  3 qto(s), a.serv, WC, WC Emp, 3 sala(s), cozinha, Terraco, 2 vaga(s) de garagem.",1170746.37,1837000.0,36.27,Licitação Aberta,,CURITIBA,PR,Sim
1555518773811,"RUA ADAO NIVALDO DE OLIVEIRA, N. 55, QD 04 - LT 14",XAXIM,"Casa, 0.00 de área total, 179.97 de área privativa, 360.00 de área do terreno,  4 qto(s), a.serv, WC, churrasqueira, 1 sala(s), DCE, cozinha, 1 vaga(s) de garagem.",730000.0,730000.0,0.0,Leilão SFI - Edital Único,,CURITIBA,PR,Não
1555528765064,"RUA FRANCISCO DEROSSO, N. 375, Apto 53, TORRE 05B PAV 5",XAXIM,"Apartamento, 102.71 de área total, 109.08 de área privativa, 0.00 de área do terreno,  3 qto(s), a.serv, WC, 1 sala(s), cozinha, 2 vaga(s) de garagem.",370000.0,370000.0,0.0,Leilão SFI - Edital Único,,CURITIBA,PR,Não
8444426625405,"RUA PADRE PAULO CANELLES, N. 349, Apto 744, BLOCO 7",BARREIRINHA,"Apartamento, 53.09 de área total, 47.34 de área privativa, 0.00 de área do terreno,  2 qto(s), WC, 1 sala(s), cozinha, 1 vaga(s) de garagem.",250000.0,250000.0,0.0,Leilão SFI - Edital Único,,CURITIBA,PR,Não
10308547,"RUA VISCONDE DO RIO BRANCO, N. 456, 464, Apto 20",MERCES,"Apartamento, 0.00 de área total, 96.14 de área privativa, 0.00 de área do terreno.",660000.0,660000.0,0.0,Leilão SFI - Edital Único,,CURITIBA,PR,Não
8787705459997,"AVENIDA PRESIDENTE WENCESLAU BRAZ (ANTIGA RUA 1), N. 3461, Apto 306, PAV3",LINDOIA,"Apartamento, 26.36 de área total, 18.37 de área privativa, 0.00 de área do terreno,  1 qto(s), WC, 1 sala(s), cozinha.",175571.09,175571.09,0.0,Leilão SFI - Edital Único,,CURITIBA,PR,Não
8555534255569,"RUA LOTHARIO BOUTIN, N. 220, Apto 101, TORRE 26",PINHEIRINHO,"Apartamento, 0.00 de área total, 43.56 de área privativa, 0.00 de área do terreno.",344000.0,344000.0,0.0,Leilão SFI - Edital Único,,CURITIBA,PR,Sim
8787702389572,"RUA THEODORO MAKIOLKA, N. 285, Apto 404, BLOCO 02",SANTA CANDIDA,"Apartamento, 0.00 de área total, 40.28 de área privativa, 0.00 de área do terreno,  2 qto(s), a.serv, WC, 1 sala(s), cozinha, 1 vaga(s) de garagem.",267000.0,267000.0,0.0,Leilão SFI - Edital Único,,CURITIBA,PR,Não
8444407483510,"RUA JOHNNY EVERSON ARENDARCHUK, N. 235, RESIDENCIA 01",TATUQUARA,"Casa, 39.04 de área total, 39.04 de área privativa, 104.00 de área do terreno,  2 qto(s), a.serv, WC, 1 sala(s), cozinha, 1 vaga(s) de garagem.",240000.0,240000.0,0.0,Leilão SFI - Edital Único,,CURITIBA,PR,Não
8444416357815,"RUA OLAVO PEREIRA VILAS BOAS, N. 399, CASA 02,",TATUQUARA,"Casa, 37.10 de área total, 37.10 de área privativa, 80.00 de área do terreno,  2 qto(s), a.serv, WC, 1 sala(s), cozinha.",218000.0,218000.0,0.0,Leilão SFI - Edital Único,,CURITIBA,PR,Não
1444405800544,"RUA DOUTOR SATILAS DO AMARAL CAMARGO, N. 303, Apto 34",TINGUI,"Apartamento, 0.00 de área total, 52.93 de área privativa, 0.00 de área do terreno,  2 qto(s), a.serv, WC, 1 sala(s), cozinha, 1 vaga(s) de garagem.",245000.0,245000.0,0.0,Leilão SFI - Edital Único,,CURITIBA,PR,Não
8787703793059,"RUA WILSON GOMES RAMOS, N. 120, Apto 402, BL 06, VG 88",ABRANCHES,"Apartamento, 54.17 de área total, 42.54 de área privativa, 0.00 de área do terreno,  2 qto(s), WC, 1 sala(s), cozinha, 1 vaga(s) de garagem.",220000.0,220000.0,0.0,Leilão SFI - Edital Único,,CURITIBA,PR,Não
8555532524066,"RUA HOWELL LEWIS FRY, N. 341, Apto AP 10, BL 12",CACHOEIRA,"Apartamento, 52.82 de área total, 47.39 de área privativa, 0.00 de área do terreno,  2 qto(s), a.serv, WC, 1 sala(s), cozinha, 1 vaga(s) de garagem.",210000.0,210000.0,0.0,Leilão SFI - Edital Único,,CURITIBA,PR,Não
8787714812661,"RUA PEDRO KACHEL, N. 81, Apto 304, BLOCO 05 VAGA 112",SANTA CANDIDA,"Apartamento, 45.38 de área total, 38.40 de área privativa, 0.00 de área do terreno,  2 qto(s), a.serv, WC, 1 sala(s), cozinha, 1 vaga(s) de garagem.",222349.99,217000.0,0.0,Leilão SFI - Edital Único,,CURITIBA,PR,Não
8555517596604,"RUA PASTOR ANTONIO POLITO, N. 1559, Apto 302, BL A VAGA 04",ALTO BOQUEIRAO,"Apartamento, 91.83 de área total, 55.98 de área privativa, 0.00 de área do terreno,  2 qto(s), WC, 1 sala(s), cozinha, 1 vaga(s) de garagem.",252570.22,244000.0,0.0,Leilão SFI - Edital Único,,CURITIBA,PR,Não
1444420431732,"RUA VINTE E NOVE DE JUNHO, N. 207, Apto 33, PAV 03 BL B LT A2",BACACHERI,"Apartamento, 113.26 de área total, 86.80 de área privativa, 0.00 de área do terreno,  3 qto(s).",808480.58,774341.93,0.0,Leilão SFI - Edital Único,,CURITIBA,PR,Não
1787702066660,"RODOVIA BR116, N. 15700, Apto 103, BL 02 VAGA 55",NOVO MUNDO,"Apartamento, 58.23 de área total, 44.09 de área privativa, 0.00 de área do terreno,  2 qto(s), a.serv, WC, 1 sala(s), cozinha, 1 vaga(s) de garagem.",313410.28,280000.0,0.0,Leilão SFI - Edital Único,,CURITIBA,PR,Não
10289441,"RUA BARAO DOS CAMPOS GERAIS, N. 505, LT 61, PLANTA SCHWAB",JUVEVE,"Comercial, 0.00 de área total, 852.00 de área privativa, 897.00 de área do terreno.",3330000.0,2830000.0,0.0,Leilão SFI - Edital Único,,CURITIBA,PR,Não
1444416534735,"RUA JOSE LUIZ DEMETERCO, N. 276, LOTE A1  QUADRA 040",SAO FRANCISCO,"Casa, 0.00 de área total, 342.34 de área privativa, 636.26 de área do terreno.",1648635.65,1200000.0,0.0,Leilão SFI - Edital Único,,CURITIBA,PR,Não
8555505219320,"RUA CANDIDO BASTIANI, N. 188, LT 03A QD 05",JD LOS ANGELES,"Casa, 82.64 de área total, 82.64 de área privativa, 230.50 de área do terreno, 1 vaga(s) de garagem.",120000.0,120000.0,0.0,Leilão SFI - Edital Único,,FAXINAL,PR,Não
8444430002298,"TRAVESSA PALMAS, N. 130, CS 04, LT 15, QD 01,",ESTADOS,"Casa, 42.84 de área total, 42.84 de área privativa, 84.00 de área do terreno,  2 qto(s), WC, 1 sala(s), cozinha.",106667.03,180000.0,40.75,Licitação Aberta,,FAZENDA RIO GRANDE,PR,Não
8444406570532,"RUA RIO DE JANEIRO, N. 447, CS 28",ESTADOS,"Casa, 42.00 de área total, 42.00 de área privativa, 137.37 de área do terreno,  2 qto(s), a.serv, WC, 1 sala(s), cozinha.",117860.63,195000.0,39.56,Licitação Aberta,,FAZENDA RIO GRANDE,PR,Não
8787718057450,"RUA MANAUS, N. 114, Apto 02, BL 03",ESTADOS,"Apartamento, 48.74 de área total, 45.50 de área privativa, 0.00 de área do terreno,  2 qto(s), a.serv, WC, 1 sala(s), cozinha, 1 vaga(s) de garagem.",128740.08,213000.0,39.56,Licitação Aberta,,FAZENDA RIO GRANDE,PR,Não
1444418870180,"RUA CHOPIM ESQ RUA JURUVIARA, N. 288, CS 01 PARTE LT 101 QD 11",GRALHA AZUL,"Casa, 138.91 de área total, 51.72 de área privativa, 194.79 de área do terreno,  4 qto(s), a.serv, WC, 1 sala(s), cozinha, 1 vaga(s) de garagem.",236124.95,390000.0,39.46,Venda Direta Online,,FAZENDA RIO GRANDE,PR,Não
8555516740043,"RUA RIO BELEM, N. 225, CASA 03",IGUACU,"Casa, 52.00 de área total, 52.10 de área privativa, 129.50 de área do terreno,  1 qto(s), WC, 1 sala(s), cozinha.",169118.5,276200.0,38.77,Licitação Aberta,,FAZENDA RIO GRANDE,PR,Não
8444431945242,"AVENIDA POLONIA, N. 1303, CS 204",NACOES,"Casa, 43.50 de área total, 47.20 de área privativa, 197.23 de área do terreno,  2 qto(s), a.serv, WC, 1 sala(s), cozinha.",161648.39,264000.0,38.77,Licitação Aberta,,FAZENDA RIO GRANDE,PR,Não
1444420548656,"AVENIDA PARANA, N. 4011, CS 22",ESTADOS,"Casa, 47.35 de área total, 47.35 de área privativa, 102.86 de área do terreno,  2 qto(s), a.serv, WC, 1 sala(s), cozinha.",136469.12,216816.12,37.06,Licitação Aberta,,FAZENDA RIO GRANDE,PR,Não
1444419455631,"RUA TUCANO, N. 70, LT 14, QD 13, VILA BALDAN",GRALHA AZUL,"Casa, 60.00 de área total, 60.00 de área privativa, 81.00 de área do terreno,  2 qto(s), a.serv, WC, 1 sala(s), cozinha.",188007.72,295000.0,36.27,Licitação Aberta,,FAZENDA RIO GRANDE,PR,Não
8787705256034,"AVENIDA PORTUGAL, N. 6785, UNIDADE 123 TIPO A",NACOES,"Casa, 49.20 de área total, 49.20 de área privativa, 134.97 de área do terreno,  2 qto(s), a.serv, WC, 1 sala(s), cozinha, Terraco, 1 vaga(s) de garagem.",217719.73,305000.0,28.62,Leilão SFI - Edital Único,,FAZENDA RIO GRANDE,PR,Não
1787701519350,"RUA JAGUARIAIVA, N. 2109, CS 63",ESTADOS,"Casa, 42.00 de área total, 42.00 de área privativa, 78.00 de área do terreno,  2 qto(s), a.serv, WC, 1 sala(s), cozinha.",300000.0,300000.0,0.0,Leilão SFI - Edital Único,,FAZENDA RIO GRANDE,PR,Não
8444404607471,"RUA MATINHOS, N. 1358, CS 01",ESTADOS,"Casa, 0.00 de área total, 58.41 de área privativa, 0.00 de área do terreno,  2 qto(s), WC, 1 sala(s), cozinha.",275000.0,275000.0,0.0,Leilão SFI - Edital Único,,FAZENDA RIO GRANDE,PR,Não
8444422376699,"RUA SERGIPE, N. 166, 01, 0320",ESTADOS,"Casa, 0.00 de área total, 68.50 de área privativa, 188.50 de área do terreno,  3 qto(s), a.serv, WC, 1 sala(s), cozinha, 1 vaga(s) de garagem.",289400.0,289400.0,0.0,Leilão SFI - Edital Único,,FAZENDA RIO GRANDE,PR,Não
8444422675637,"RUA SALVADOR, N. 67, RESIDENCIA 13",ESTADOS,"Casa, 0.00 de área total, 42.00 de área privativa, 88.77 de área do terreno,  2 qto(s), WC, 1 sala(s).",234500.0,234500.0,0.0,Leilão SFI - Edital Único,,FAZENDA RIO GRANDE,PR,Não
8444422613216,"RUA MACADAMIA, N. 298, RESIDENCIA 02",EUCALIPTOS,"Casa, 0.00 de área total, 62.90 de área privativa, 132.22 de área do terreno,  2 qto(s), WC, 1 sala(s), cozinha, 1 vaga(s) de garagem.",335000.0,335000.0,0.0,Leilão SFI - Edital Único,,FAZENDA RIO GRANDE,PR,Não
8444412131340,"RUA PAPAGAIO, N. 189, CS 02",GRALHA AZUL,"Casa, 0.00 de área total, 53.00 de área privativa, 210.00 de área do terreno,  3 qto(s), WC, 1 sala(s), cozinha.",320000.0,320000.0,0.0,Leilão SFI - Edital Único,,FAZENDA RIO GRANDE,PR,Sim
8444433131617,"RUA ARAPONGAS, N. 196, CS 30",GRALHA AZUL,"Casa, 42.00 de área total, 42.00 de área privativa, 97.26 de área do terreno,  2 qto(s), varanda, WC, 1 sala(s), cozinha, 1 vaga(s) de garagem.",280000.0,280000.0,0.0,Leilão SFI - Edital Único,,FAZENDA RIO GRANDE,PR,Não
8555512832423,"RUA ALCATRAZ, N. 2368, CS 5",GRALHA AZUL,"Casa, 0.00 de área total, 46.18 de área privativa, 150.00 de área do terreno,  2 qto(s), WC, 1 sala(s), cozinha.",210000.0,210000.0,0.0,Leilão SFI - Edital Único,,FAZENDA RIO GRANDE,PR,Não
8444402111827,"RUA RIO NEGRO N 1368 02 1220, N. 1368, CS",IGUACU,"Casa, 0.00 de área total, 43.32 de área privativa, 124.80 de área do terreno,  2 qto(s), WC, cozinha, 1 vaga(s) de garagem.",187000.0,187000.0,0.0,Leilão SFI - Edital Único,,FAZENDA RIO GRANDE,PR,Não
8555528772697,"RUA SERVIA, N. 800, CASA 146",NACOES,"Casa, 39.77 de área total, 38.60 de área privativa, 108.00 de área do terreno,  2 qto(s), a.serv, WC, 1 sala(s), cozinha.",225000.0,225000.0,0.0,Leilão SFI - Edital Único,,FAZENDA RIO GRANDE,PR,Não
8555530932779,"RUA MONTENEGRO, N. 80, CS 088",NACOES,"Casa, 0.00 de área total, 38.60 de área privativa, 201.39 de área do terreno, 1 vaga(s) de garagem.",270000.0,270000.0,0.0,Leilão SFI - Edital Único,,FAZENDA RIO GRANDE,PR,Não
8444439697329,"RUA RIO JAU, N. 1221, UN 02",IGUACU,"Casa, 0.00 de área total, 66.75 de área privativa, 180.00 de área do terreno.",486982.63,484000.0,0.0,Leilão SFI - Edital Único,,FAZENDA RIO GRANDE,PR,Não
8444429616989,"RUA MARANHAO, N. 372, CS 11",ESTADOS,"Casa, 43.00 de área total, 43.00 de área privativa, 63.00 de área do terreno,  2 qto(s), WC, 1 sala(s), cozinha.",234346.19,215000.0,0.0,Leilão SFI - Edital Único,,FAZENDA RIO GRANDE,PR,Não
1444425073591,"RUA 3, N. SN, LT 16 QD 4",JARDIM ATENAS,"Terreno, 0.00 de área total, 0.00 de área privativa, 300.00 de área do terreno.",203812.48,122000.0,0.0,Leilão SFI - Edital Único,,FLORESTA,PR,Não
8444414004206,"RUA PRESIDENTE TANCREDO NEVES, N. 13-A, LT 24A QD 02",FLORESTOPOLIS,"Casa, 51.05 de área total, 51.05 de área privativa, 125.66 de área do terreno.",94815.14,160000.0,40.75,Venda Direta Online,,FLORESTOPOLIS,PR,Não
8444416673288,"RUA IWAO FUGISAWA, N. 748, LOTE 10 DA QUADRA Nº03",LOT JD BELA VISTA,"Casa, 62.39 de área total, 62.39 de área privativa, 200.00 de área do terreno,  2 qto(s), a.serv, WC, 1 sala(s), cozinha, 1 vaga(s) de garagem.",94511.26,109000.0,13.3,Leilão SFI - Edital Único,,FRANCISCO ALVES,PR,Não
10309363,"RUA PRESIDENTE ERNESTO GEISEL, N. 00, QD 1492, LT 12",AGUA BRANCA,"Terreno, 0.00 de área total, 0.00 de área privativa, 337.25 de área do terreno.",158000.0,158000.0,0.0,Leilão SFI - Edital Único,,FRANCISCO BELTRAO,PR,Não
10204783,"LINHA FAXINAL DOS SANTOS, N. 00, QUINHÃO 30 - FAZENDA SANTO ANTONIO DO",ÁREA RURAL,"Imóvel rural, 0.00 de área total, 0.00 de área privativa, 48400.00 de área do terreno.",113309.16,245500.0,53.85,Venda Direta Online,,GENERAL CARNEIRO,PR,Não
8444403504857,"RUA ARMANDO LORENTZ DE CARVALHO, N. SN, LT 4D",SANTA PAULA,"Casa, 54.76 de área total, 54.76 de área privativa, 200.00 de área do terreno,  2 qto(s), a.serv, WC, 1 sala(s), cozinha.",126926.84,210000.0,39.56,Licitação Aberta,,GUAIRA,PR,Não
10151957,"RUA FRANCISCO PIRES DA ROCHA (NO LOCAL 1037), N. 1049, LT 05, QD 15",BONSUCESSO,"Casa, 0.00 de área total, 326.68 de área privativa, 600.00 de área do terreno,  4 qto(s), varanda, a.serv, WC, WC Emp, 3 sala(s), 1 lavabo(s), cozinha, 2 vaga(s) de garagem.",696461.63,1250000.0,44.29,Licitação Aberta,,GUARAPUAVA,PR,Sim
8444424621569,"RUA EUGENIO BRANCO, N. 0, 0,",Dos Estados,"Terreno, 0.00 de área total, 0.00 de área privativa, 540.00 de área do terreno.",100741.08,170000.0,40.75,Venda Online,,GUARAPUAVA,PR,Não
10305196,"Rua JOEL GELINSKI, N. 0, QD 17, LT 01",ALTO CASCAVEL,"Terreno, 0.00 de área total, 0.00 de área privativa, 363.12 de área do terreno.",262791.6,204000.0,0.0,Leilão SFI - Edital Único,,GUARAPUAVA,PR,Não
10305198,"RUA GABRIEL DE LARA, Apto 503, EDIFICIO HALAS III/ AP DÚPLEX",CENTRO,"Apartamento, 0.00 de área total, 106.40 de área privativa, 0.00 de área do terreno,  2 qto(s), a.serv, WC, 1 sala(s), 1 lavabo(s), cozinha.",1320594.52,810000.0,0.0,Leilão SFI - Edital Único,,GUARATUBA,PR,Sim
1555520929360,"R HEIACHIRO HOSOUME, N. 60, SN, QD06 LT14",LOT RES SOPHIA,"Casa, 179.26 de área total, 178.26 de área privativa, 275.00 de área do terreno,  4 qto(s), WC, 3 sala(s), 1 lavabo(s), cozinha.",281613.25,505000.0,44.24,Venda Direta Online,,IBAITI,PR,Sim
1444422984119,"RUA TULIPA, N. S/N, LT 05 QD G",Centro,"Casa, 77.22 de área total, 77.22 de área privativa, 264.00 de área do terreno,  2 qto(s), a.serv, WC, 1 sala(s), cozinha, 1 vaga(s) de garagem.",339000.0,339000.0,0.0,Leilão SFI - Edital Único,,IBAITI,PR,Não
8444420598244,"RUA FELZINA MARIA DA SILVA, N. 77, LOTE 16B QUADRA 42",NOVA SANTA HELENA,"Casa, 55.20 de área total, 55.20 de área privativa, 337.50 de área do terreno.",87819.45,150000.0,41.46,Licitação Aberta,,IPORA,PR,Não
8444417198168,"RUA GETULIO VARGAS, N. 3086,",CENTRO,"Casa, 49.89 de área total, 49.89 de área privativa, 337.50 de área do terreno,  2 qto(s), a.serv, WC, 1 sala(s), cozinha.",93741.78,158188.72,40.75,Venda Direta Online,,IPORA,PR,Não
8444411775040,"AVENIDA JOHN F. KENNEDY, N. 210, LOTE 12 QUADRA 262",GLEBA ATLÂNTICA,"Casa, 47.70 de área total, 47.70 de área privativa, 266.79 de área do terreno,  2 qto(s), a.serv, WC, 1 sala(s), cozinha, 1 vaga(s) de garagem.",93000.0,155000.0,40.0,Leilão SFI - Edital Único,,IPORA,PR,Não
8444418332755,"RUA ERNESTO PANINI, N. 83, LT 13 QD 03 LOT JD SONHO MEU",JARDIM SONHO MEU,"Casa, 57.73 de área total, 57.73 de área privativa, 200.00 de área do terreno,  2 qto(s), a.serv, WC, 1 sala(s), cozinha, 1 vaga(s) de garagem.",94815.14,160000.0,40.75,Venda Direta Online,,IRACEMA DO OESTE,PR,Não
1444409038612,"RUA IVANIA GNOATTO, N. 370, LT 14 QD 168",INDUSTRIAL I,"Casa, 172.70 de área total, 172.70 de área privativa, 360.50 de área do terreno,  3 qto(s), a.serv, WC, 1 sala(s), cozinha, 1 vaga(s) de garagem.",695000.0,695000.0,0.0,Leilão SFI - Edital Único,,ITAPEJARA D'OESTE,PR,Não
8555522685644,"RUA CARLOS HERHADT, N. 261, LT 3 QD 8",RES JAGUAPITA V,"Casa, 0.00 de área total, 35.88 de área privativa, 262.69 de área do terreno,  1 qto(s), WC, 1 sala(s), cozinha.",95407.73,161000.0,40.75,Venda Online,,JAGUAPITA,PR,Não
8444424094445,"RUA  FRANCISCO TEOBALDO NETTO, N. 194,  LOTE 6-A  QUADRA  02",JARDIM BELA VISTA II,"Casa, 0.00 de área total, 60.24 de área privativa, 126.00 de área do terreno.",136215.52,177000.0,23.05,Leilão SFI - Edital Único,,JAGUAPITA,PR,Não
8444422939170,"RUA IÇARA, N. 221, LT 09 A QD 01",RES JARDIM OLIVEIRA,"Casa, 69.99 de área total, 69.99 de área privativa, 129.40 de área do terreno,  3 qto(s), a.serv, WC, 1 sala(s), cozinha.",160302.38,160000.0,0.0,Leilão SFI - Edital Único,,JAGUAPITA,PR,Não
8787713373613,"RUA MAESTRO VALDEMAR RODRIGUES DE JESUS, N. SN, LT 15, QD 42,",PORTAL DO SERTÃO,"Casa, 44.92 de área total, 44.92 de área privativa, 250.00 de área do terreno,  2 qto(s), a.serv, WC, 1 sala(s), cozinha.",119673.87,198000.0,39.56,Licitação Aberta,,JAGUARIAIVA,PR,Não
8787714652257,"RUA PREFEITO MARIO FONSECA, N. SN, LT 23 QD 44",PORTAL DO SERTÃO,"Casa, 44.92 de área total, 44.92 de área privativa, 250.00 de área do terreno,  2 qto(s), a.serv, WC, 1 sala(s), cozinha.",185000.0,185000.0,0.0,Leilão SFI - Edital Único,,JAGUARIAIVA,PR,Não
8444426708157,"RUA MANOEL RODRIGUES PARENTE, N. 110, LT 11 QD 03",LOT JARDIM SANTA FE,"Casa, 57.10 de área total, 57.10 de área privativa, 150.45 de área do terreno,  2 qto(s), a.serv, WC, 1 sala(s), cozinha, 1 vaga(s) de garagem.",70402.24,140000.0,49.72,Venda Direta Online,,JESUITAS,PR,Não
8444426942613,"RUA MANOEL RODRIGUES PARENTE, N. 126,",JD SANTA FE,"Casa, 0.00 de área total, 57.10 de área privativa, 150.45 de área do terreno.",81653.29,139467.89,41.46,Venda Direta Online,,JESUITAS,PR,Não
8444419202987,"RUA CIRILO JOSE DOS SANTOS, N. 222, LT 18 B  QD 10",LOANDA,"Casa, 46.62 de área total, 46.62 de área privativa, 182.00 de área do terreno,  2 qto(s), a.serv, WC, 1 sala(s), cozinha.",165000.0,165000.0,0.0,Leilão SFI - Edital Único,,LOANDA,PR,Não
8787712661437,"AVENIDA ROSALVO MARQUES BONFIM, N. 955, Apto 403, BL 13 VG 136",CILO 3,"Apartamento, 0.00 de área total, 47.71 de área privativa, 0.00 de área do terreno, WC, 1 sala(s), cozinha, 1 vaga(s) de garagem.",125793.56,225000.0,44.1,Venda Direta Online,,LONDRINA,PR,Sim
8787712671459,"AVENIDA ROSALVO MARQUES BONFIM, N. 955, Apto 104, BL 04 TÉRREO VG 09",JARDIM MARIA CELINA,"Apartamento, 37.64 de área total, 37.64 de área privativa, 0.00 de área do terreno,  2 qto(s), 1 vaga(s) de garagem.",114611.91,205000.0,44.1,Venda Online,,LONDRINA,PR,Não
8787704965554,"RUA OLYMPIO THEODORO, N. 1055, Apto 304, BLOCO 07 PAVIMENTO 3",COLINAS,"Apartamento, 0.00 de área total, 41.14 de área privativa, 0.00 de área do terreno,  2 qto(s), a.serv, WC, 1 sala(s), cozinha, 1 vaga(s) de garagem.",92238.37,163000.0,43.42,Licitação Aberta,,LONDRINA,PR,Não
8444435739558,"RUA IZOLINA BACCI NONINO, N. 260, Apto 302, BL 07",PEROBINHA,"Apartamento, 48.58 de área total, 43.21 de área privativa, 0.00 de área do terreno, 1 vaga(s) de garagem.",62856.87,110000.0,42.86,Licitação Aberta,,LONDRINA,PR,Não
8787713115070,"AVENIDA ROSALVO MARQUES BONFIM, N. 899, CASA 182",JARDIM MARIA CELINA,"Casa, 0.00 de área total, 53.25 de área privativa, 0.01 de área do terreno.",132292.96,229000.0,42.24,Venda Direta Online,,LONDRINA,PR,Não
8787704071383,"RUA JOSE ALVES NUNES, N. 450, Apto 302, BL 20 BOX 306",OLIMPICO,"Apartamento, 86.37 de área total, 41.14 de área privativa, 0.00 de área do terreno,  2 qto(s), a.serv, WC, 1 sala(s), cozinha, 1 vaga(s) de garagem.",74146.96,128000.0,42.08,Licitação Aberta,,LONDRINA,PR,Não
8787716789039,"RUA JOAO VITOR DA SILVA SOBRINHO, N. 155, Apto 02, BLOCO A",CONJUNTO VIVI XAVIER,"Apartamento, 45.88 de área total, 44.22 de área privativa, 0.00 de área do terreno, 1 vaga(s) de garagem.",79939.69,138000.0,42.08,Licitação Aberta,,LONDRINA,PR,Não
8787712624060,"RUA ELZIRA BITTENCOURT GUIDES, N. 55, Apto 302, BL 13",CINCO CONJUNTOS,"Apartamento, 48.61 de área total, 43.31 de área privativa, 0.00 de área do terreno,  2 qto(s), WC, 1 sala(s), 1 vaga(s) de garagem.",89259.07,152458.95,41.46,Licitação Aberta,,LONDRINA,PR,Não
8787716449297,"RUA APARECIDA FONSECA BARBOSA, N. 57, Apto 303, PV 03 BL 04 VG 223",CONJUNTO SEMIRAMIS BARROS BRAGA,"Apartamento, 52.83 de área total, 43.31 de área privativa, 0.00 de área do terreno,  2 qto(s), a.serv, WC, 1 sala(s), cozinha, 1 vaga(s) de garagem.",90746.77,155000.0,41.46,Venda Direta Online,,LONDRINA,PR,Não
8787714664549,"RUA ELZIRA BITTENCOURT GUIDES, N. 55, Apto 202, BL 02",CONJUNTO HABITACIONAL VIOLIM,"Apartamento, 63.30 de área total, 43.31 de área privativa, 0.00 de área do terreno, 1 vaga(s) de garagem.",86648.52,148000.0,41.46,Licitação Aberta,,LONDRINA,PR,Não
8787709616450,"AVENIDA ROSALVO MARQUES BONFIM, N. 1450, Apto 31, TIPO 2, 3º PAV, BL 15, VG Nº 257",JARDIM MARIA CELINA,"Apartamento, 85.13 de área total, 48.96 de área privativa, 0.00 de área do terreno,  2 qto(s), a.serv, WC, 1 sala(s), cozinha, 1 vaga(s) de garagem.",83135.75,142000.0,41.46,Venda Direta Online,,LONDRINA,PR,Não
8787713152501,"AVENIDA ROSALVO MARQUES BONFIM, N. 955, Apto 104, TÉRREO, 1ºPAV, BL10, VAGA 89-PNE",JARDIM MARIA CELINA,"Apartamento, 74.93 de área total, 37.64 de área privativa, 0.00 de área do terreno,  2 qto(s), a.serv, WC, 1 sala(s), cozinha, 1 vaga(s) de garagem.",90161.3,154000.0,41.46,Venda Direta Online,,LONDRINA,PR,Não
8787714412540,"AVENIDA ROSALVO MARQUES BONFIM, N. 1501, Apto 701, BL 13, LT 02, QD 04, VAGA N 85",JARDIM MARIA CELINA,"Apartamento, 54.05 de área total, 45.30 de área privativa, 0.00 de área do terreno,  2 qto(s), WC, 1 sala(s), cozinha, 1 vaga(s) de garagem.",86472.89,147700.0,41.46,Licitação Aberta,,LONDRINA,PR,Não
8787711082840,"AVENIDA 02, N. SN, Apto 403, BL 09 LT 03 QD 03 VAGA 199",ACQUAVILLE,"Apartamento, 0.00 de área total, 40.82 de área privativa, 0.00 de área do terreno, 1 vaga(s) de garagem.",95866.71,161774.52,40.75,Licitação Aberta,,LONDRINA,PR,Não
8787714625772,"RUA ELZIRA BITTENCOURT GUIDES, N. 55, Apto 304, BL 05 PAV 03 QD 05 VG 168",JARDIM PEROBA ROSA,"Apartamento, 48.61 de área total, 43.31 de área privativa, 0.00 de área do terreno,  2 qto(s), WC, 1 sala(s), 1 vaga(s) de garagem.",94310.83,159148.98,40.75,Venda Direta Online,,LONDRINA,PR,Não
8787702327356,"RUA OSEIAS FURTOSO, N. 1051, Apto 202, BL 07, VAGA N 57",LEONOR,"Apartamento, 60.01 de área total, 46.38 de área privativa, 0.00 de área do terreno,  2 qto(s), WC, 1 sala(s), cozinha, 1 vaga(s) de garagem.",106667.03,180000.0,40.75,Licitação Aberta,,LONDRINA,PR,Não
8787700311169,"RUA ANDRE KEMMER, N. 65, Apto 103, BL 07",NOVA OLINDA,"Apartamento, 50.23 de área total, 42.69 de área privativa, 0.00 de área do terreno,  2 qto(s), a.serv, WC, 1 sala(s), cozinha, 1 vaga(s) de garagem.",101926.27,172000.0,40.75,Venda Direta Online,,LONDRINA,PR,Não
8787708426801,"RUA ELOY MELLO GUIDES, N. 45, Apto 103, BL13, VAGA Nº 257",CONJUNTO SEMIRAMIS BARROS BRAGA,"Apartamento, 63.33 de área total, 43.31 de área privativa, 0.00 de área do terreno,  2 qto(s), a.serv, WC, 1 sala(s), cozinha, 1 vaga(s) de garagem.",94815.14,160000.0,40.75,Venda Direta Online,,LONDRINA,PR,Não
8787715675722,"RUA APARECIDA FONSECA BARBOSA, N. 57, Apto 201, BL 06",CONJUNTO SEMIRAMIS BARROS BRAGA,"Apartamento, 63.43 de área total, 43.32 de área privativa, 0.00 de área do terreno,  2 qto(s), WC, 1 sala(s), cozinha, 1 vaga(s) de garagem.",93629.95,158000.0,40.75,Venda Direta Online,,LONDRINA,PR,Não
8787716449327,"RUA APARECIDA FONSECA BARBOSA, N. 57, Apto 401, BL 14 VG 145",CONJUNTO SEMIRAMIS BARROS BRAGA,"Apartamento, 63.41 de área total, 43.31 de área privativa, 0.00 de área do terreno,  2 qto(s), WC, 1 sala(s), cozinha, 1 vaga(s) de garagem.",103704.06,175000.0,40.75,Venda Direta Online,,LONDRINA,PR,Não
8787714664620,"RUA ELZIRA BITTENCOURT GUIDES, N. 55, Apto 404, BL 01 BOX 15",CONJUNTO HABITACIONAL VIOLIM,"Apartamento, 63.30 de área total, 43.32 de área privativa, 0.00 de área do terreno,  2 qto(s), a.serv, WC, 1 sala(s), cozinha, 1 vaga(s) de garagem.",101926.27,172000.0,40.75,Venda Direta Online,,LONDRINA,PR,Não
8787715762030,"RUA ELZIRA BITTENCOURT GUIDES, N. 55, Apto 101, TERREO BL 03 VG 147",CONJUNTO HABITACIONAL VIOLIM,"Apartamento, 52.81 de área total, 43.31 de área privativa, 0.00 de área do terreno,  2 qto(s), WC, 1 sala(s), cozinha, 1 vaga(s) de garagem.",99555.89,168000.0,40.75,Venda Direta Online,,LONDRINA,PR,Não
8555521292444,"RUA JOSE FREITAS DOS SANTOS, N. 250, Apto T02, BL 06 QD 04 VG 46",CONJUNTO RESIDENCIAL MARAJOARA,"Apartamento, 76.73 de área total, 45.43 de área privativa, 0.00 de área do terreno,  2 qto(s), WC, 1 sala(s), cozinha, 1 vaga(s) de garagem.",97778.11,165000.0,40.75,Venda Direta Online,,LONDRINA,PR,Não
8787706872944,"RUA OLYMPIO THEODORO, N. 837, Apto 303, BL 03 VAGA 151",COLINAS,"Apartamento, 60.60 de área total, 44.31 de área privativa, 0.00 de área do terreno,  2 qto(s), WC, 1 sala(s), cozinha, 1 vaga(s) de garagem.",106667.03,180000.0,40.75,Licitação Aberta,,LONDRINA,PR,Não
8787712986263,"AVENIDA ROSALVO MARQUES BONFIM, N. 1550, Apto 304, BL 06",JARDIM MARIA CELINA,"Apartamento, 55.66 de área total, 48.96 de área privativa, 0.00 de área do terreno,  2 qto(s), WC, 1 sala(s), cozinha, 1 vaga(s) de garagem.",102518.87,173000.0,40.75,Venda Direta Online,,LONDRINA,PR,Não
8787713717339,"AVENIDA ROSALVO MARQUES BONFIM, N. 1650, Apto 302, BL 03, VAGA DESCOBERTA N 89",JARDIM MARIA CELINA,"Apartamento, 94.83 de área total, 48.96 de área privativa, 0.00 de área do terreno,  2 qto(s), WC, 1 sala(s), cozinha, 1 vaga(s) de garagem.",98963.3,167000.0,40.75,Licitação Aberta,,LONDRINA,PR,Não
8787713769681,"AVENIDA GIOCONDO MATURI, N. 1500, Apto 101, BL 01",JARDIM MARIA CELINA,"Apartamento, 62.42 de área total, 42.38 de área privativa, 0.00 de área do terreno,  2 qto(s), WC, 1 sala(s), cozinha, 1 vaga(s) de garagem.",107852.22,182000.0,40.75,Licitação Aberta,,LONDRINA,PR,Não
8787715893487,"AVENIDA ROSALVO MARQUES BONFIM, N. 1650, Apto 303, BL 17",JARDIM MARIA CELINA,"Apartamento, 55.63 de área total, 48.96 de área privativa, 0.00 de área do terreno,  2 qto(s), WC, 1 sala(s), cozinha, 1 vaga(s) de garagem.",92444.76,156000.0,40.75,Venda Direta Online,,LONDRINA,PR,Não
8787704398692,"RUA ELPÍDIO IGNACIO SIMÔES, N. 277, Apto 203, PAV 2 BL 06",JARDIM MARIA LUIZA,"Apartamento, 50.72 de área total, 41.14 de área privativa, 0.00 de área do terreno,  2 qto(s), WC, 1 sala(s), 1 vaga(s) de garagem.",98520.06,166252.04,40.75,Venda Direta Online,,LONDRINA,PR,Não
8787705699580,"RUA OMAR MAZZEI GUIMARAES, N. 715, Apto 402, BLOCO 07, VAGA 120",JARDIM MARIA LUIZA,"Apartamento, 58.18 de área total, 47.70 de área privativa, 0.00 de área do terreno,  2 qto(s), a.serv, WC, 1 sala(s), cozinha, 1 vaga(s) de garagem.",100741.08,170000.0,40.75,Venda Direta Online,,LONDRINA,PR,Não
8787702082353,"AVENIDA PREFEITO MILTON RIBEIRO MENEZES, N. 715, Apto 201, TORRE 08 VG 457 LT 12B QD 8",BOUL PORTAL DO NORTE,"Apartamento, 77.58 de área total, 46.65 de área privativa, 0.00 de área do terreno,  2 qto(s), WC, 1 sala(s), cozinha, 1 vaga(s) de garagem.",114838.57,190000.0,39.56,Venda Direta Online,,LONDRINA,PR,Não
8787708604360,"AVENIDA ROSALVO MARQUES BONFIM, N. 1055, Apto 204, BL 05",MORADAS DE PORTUGAL,"Apartamento, 90.09 de área total, 47.44 de área privativa, 0.00 de área do terreno,  2 qto(s), WC, 1 sala(s), cozinha, 1 vaga(s) de garagem.",117860.63,195000.0,39.56,Venda Direta Online,,LONDRINA,PR,Não
8787713408999,"AVENIDA ROSALVO MARQUES BONFIM, N. 955, Apto 502, BL 05 VG 249",MORADAS DE PORTUGAL,"Apartamento, 90.58 de área total, 47.71 de área privativa, 0.00 de área do terreno,  2 qto(s), a.serv, WC, 1 sala(s), cozinha, 1 vaga(s) de garagem.",116651.81,193000.0,39.56,Venda Direta Online,,LONDRINA,PR,Não
8787715768631,"AV ROSALVO MARQUES BONFIM, N. 1501, Apto 202, BL 11 VG 102",MORADAS DE PORTUGAL,"Apartamento, 45.30 de área total, 45.30 de área privativa, 0.00 de área do terreno,  2 qto(s), a.serv, WC, 1 sala(s), cozinha, 1 vaga(s) de garagem.",131157.73,217000.0,39.56,Venda Direta Online,,LONDRINA,PR,Não
8787715795370,"AVENIDA GIOCONDO MATURI, N. 1500, Apto 403, BL 03",MORADAS DE PORTUGAL,"Apartamento, 82.54 de área total, 42.38 de área privativa, 0.00 de área do terreno,  2 qto(s), WC, 1 sala(s), cozinha, 1 vaga(s) de garagem.",114838.57,190000.0,39.56,Venda Direta Online,,LONDRINA,PR,Não
8787711155473,"RUA OSEIAS FURTOSO (RUA A), N. 55, Apto 401, BL 04 VAGA 13",LEONOR,"Apartamento, 47.21 de área total, 40.82 de área privativa, 0.00 de área do terreno,  2 qto(s), WC, 1 sala(s), cozinha, 1 vaga(s) de garagem.",115143.24,190504.08,39.56,Licitação Aberta,,LONDRINA,PR,Não
8555524073301,"RUA ATILIO PRUDENTE DE MELLO, N. 53, CS 346, M50B - PASSEIO, QD E, VG 346",HEIMTAL,"Casa, 120.12 de área total, 51.46 de área privativa, 113.70 de área do terreno,  3 qto(s), a.serv, WC, 1 sala(s), cozinha, 1 vaga(s) de garagem.",132970.97,220000.0,39.56,Venda Direta Online,,LONDRINA,PR,Não
8787702929453,"RUA JOSE ALVES NUNES, N. 450, Apto 204, VG 39 BLOCO 06",OLIMPICO,"Apartamento, 86.37 de área total, 41.14 de área privativa, 0.00 de área do terreno,  2 qto(s), WC, 1 sala(s), cozinha, 1 vaga(s) de garagem.",116651.81,193000.0,39.56,Licitação Aberta,,LONDRINA,PR,Não
8787710218307,"RUA ELOY MELLO GUIDES, N. 45, Apto 103, BL 05, TERREO, VAGA Nº 214",CONJUNTO SEMIRAMIS BARROS BRAGA,"Apartamento, 0.00 de área total, 43.81 de área privativa, 0.00 de área do terreno,  2 qto(s), WC, 1 sala(s), cozinha, 1 vaga(s) de garagem.",111212.08,184000.0,39.56,Venda Direta Online,,LONDRINA,PR,Não
8787714972286,"RUA BARTHOLOMEU LOPES, N. 585, Apto 403, 403",CONJUNTO HABITACIONAL JAMILE DEQUECH,"Apartamento, 44.70 de área total, 40.34 de área privativa, 0.00 de área do terreno,  2 qto(s), WC, 1 sala(s), cozinha, 1 vaga(s) de garagem.",120882.7,200000.0,39.56,Venda Direta Online,,LONDRINA,PR,Não
8787715184893,"RUA BARTHOLOMEU LOPES, N. 585, Apto 304,  BL C VG 106",CONJUNTO HABITACIONAL JAMILE DEQUECH,"Apartamento, 42.55 de área total, 42.55 de área privativa, 0.00 de área do terreno,  2 qto(s), WC, 1 sala(s), cozinha, 1 vaga(s) de garagem.",120882.7,200000.0,39.56,Venda Direta Online,,LONDRINA,PR,Não
8787712396059,"RUA OLYMPIO THEODORO, N. 789, Apto T01, BLOCO 12",COLINAS,"Apartamento, 0.00 de área total, 44.31 de área privativa, 0.00 de área do terreno,  2 qto(s), WC, 1 sala(s), cozinha, 1 vaga(s) de garagem.",123904.77,205000.0,39.56,Venda Direta Online,,LONDRINA,PR,Não
8787715561123,"RUA INALDO GUIMARAES, N. 435, Apto 1102, TORRE 03",JARDIM LAGO NORTE,"Apartamento, 81.07 de área total, 46.16 de área privativa, 0.00 de área do terreno,  2 qto(s), WC, 1 sala(s), cozinha, 1 vaga(s) de garagem.",132970.97,220000.0,39.56,Licitação Aberta,,LONDRINA,PR,Não
8787716771580,"RUA INALDO GUIMARAES, N. 435, Apto 602, TORRE 01",JARDIM LAGO NORTE,"Apartamento, 77.51 de área total, 43.60 de área privativa, 0.00 de área do terreno,  2 qto(s), WC, 1 sala(s), cozinha, 1 vaga(s) de garagem.",129964.89,215026.45,39.56,Licitação Aberta,,LONDRINA,PR,Não
8787709517843,"AVENIDA ROSALVO MARQUES BONFIM, N. 1055, Apto 404, BLOCO B, VAGA 91",JARDIM MARIA CELINA,"Apartamento, 58.02 de área total, 47.44 de área privativa, 0.00 de área do terreno,  2 qto(s), WC, 1 sala(s), cozinha, 1 vaga(s) de garagem.",114838.57,190000.0,39.56,Venda Direta Online,,LONDRINA,PR,Não
8787710704210,"AVENIDA ROSALVO MARQUES BONFIM, N. 955, Apto 103, BL 09",JARDIM MARIA CELINA,"Apartamento, 90.58 de área total, 47.71 de área privativa, 0.00 de área do terreno,  2 qto(s), WC, 1 sala(s), cozinha, 1 vaga(s) de garagem.",111816.5,185000.0,39.56,Licitação Aberta,,LONDRINA,PR,Não
8787710707197,"AVENIDA ROSALVO MARQUES BONFIM, N. 955, Apto 204, 1º ANDAR, BLOCO 08",JARDIM MARIA CELINA,"Apartamento, 90.14 de área total, 47.44 de área privativa, 0.00 de área do terreno,  2 qto(s), a.serv, WC, 1 sala(s), cozinha, 1 vaga(s) de garagem.",120882.7,200000.0,39.56,Venda Online,,LONDRINA,PR,Não
8787710859876,"AVENIDA ROSALVO MARQUES BONFIM, N. 955, Apto 402, 3º ANDAR, 4º PAV, BL 10, VAGA 365",JARDIM MARIA CELINA,"Apartamento, 90.58 de área total, 47.71 de área privativa, 0.00 de área do terreno,  2 qto(s), WC, 1 sala(s), cozinha, 1 vaga(s) de garagem.",120882.7,200000.0,39.56,Venda Online,,LONDRINA,PR,Não
8787711654283,"AVENIDA ROSALVO MARQUES BONFIM, N. 1055, Apto 104, BL 11 VAGA Nº 184-PNE",JARDIM MARIA CELINA,"Apartamento, 0.00 de área total, 37.64 de área privativa, 0.00 de área do terreno,  1 qto(s), WC, 1 sala(s), cozinha, 1 vaga(s) de garagem.",119673.87,198000.0,39.56,Venda Direta Online,,LONDRINA,PR,Não
8787712299266,"AVENIDA ROSALVO MARQUES BONFIM, N. 955, Apto 204, BL 11 TIPO B",JARDIM MARIA CELINA,"Apartamento, 0.00 de área total, 47.44 de área privativa, 0.00 de área do terreno, 1 vaga(s) de garagem.",111816.5,185000.0,39.56,Licitação Aberta,,LONDRINA,PR,Não
8787713008753,"AVENIDA ROSALVO MARQUES BONFIM, N. 955, Apto 504, BL 13, L 02, QD 06",JARDIM MARIA CELINA,"Apartamento, 47.44 de área total, 47.44 de área privativa, 0.00 de área do terreno,  2 qto(s), WC, 1 sala(s), cozinha, 1 vaga(s) de garagem.",129948.9,215000.0,39.56,Venda Direta Online,,LONDRINA,PR,Não
8787713097829,"AVENIDA ROSALVO MARQUES BONFIM, N. 955, Apto 401, TIPO B, BL 12 BOX 113",JARDIM MARIA CELINA,"Apartamento, 47.44 de área total, 47.44 de área privativa, 0.00 de área do terreno,  2 qto(s), 1 vaga(s) de garagem.",142037.17,235000.0,39.56,Venda Direta Online,,LONDRINA,PR,Não
8787713115860,"AVENIDA ROSALVO MARQUES BONFIM, N. 955, Apto 303, BL 04 PAV 2/3 LT 02 QD 06 VG 211",JARDIM MARIA CELINA,"Apartamento, 0.00 de área total, 47.71 de área privativa, 0.00 de área do terreno, 1 vaga(s) de garagem.",117860.63,195000.0,39.56,Venda Direta Online,,LONDRINA,PR,Não
8787713132810,"AVENIDA ROSALVO MARQUES BONFIM, N. 955, Apto 204, BL 04 VG 247",JARDIM MARIA CELINA,"Apartamento, 90.13 de área total, 47.44 de área privativa, 0.00 de área do terreno,  2 qto(s), a.serv, WC, 1 sala(s), cozinha, 1 vaga(s) de garagem.",114075.31,188737.2,39.56,Venda Direta Online,,LONDRINA,PR,Não
8787713765210,"AVENIDA GIOCONDO MATURI, N. 1500, Apto 503, BL 01, 5º PAVIMENTO, VAGA Nº 18",JARDIM MARIA CELINA,"Apartamento, 51.07 de área total, 42.38 de área privativa, 0.00 de área do terreno,  2 qto(s), WC, 1 sala(s), cozinha, 1 vaga(s) de garagem.",126926.84,210000.0,39.56,Venda Direta Online,,LONDRINA,PR,Não
8787713918121,"AVENIDA GIOCONDO MATURI, N. 1500, Apto 403, BL 09, 4º PAVIMENTO, VAGA Nº288",JARDIM MARIA CELINA,"Apartamento, 51.07 de área total, 42.38 de área privativa, 0.00 de área do terreno,  2 qto(s), WC, 1 sala(s), cozinha, 1 vaga(s) de garagem.",126926.84,210000.0,39.56,Venda Direta Online,,LONDRINA,PR,Não
8787714700758,"AVENIDA ROSALVO MARQUES BONFIM, N. 955, Apto 201, BL 13",JARDIM MARIA CELINA,"Apartamento, 47.44 de área total, 47.44 de área privativa, 0.00 de área do terreno,  2 qto(s), WC, 1 sala(s), cozinha, 1 vaga(s) de garagem.",142037.17,235000.0,39.56,Venda Direta Online,,LONDRINA,PR,Não
8787715497930,"AVENIDA GIOCONDO MATURI, N. 1500, Apto 603, BL 9 LT 5 QD 4",JARDIM MARIA CELINA,"Apartamento, 82.54 de área total, 42.38 de área privativa, 0.00 de área do terreno,  2 qto(s), WC, 1 sala(s), cozinha, 1 vaga(s) de garagem.",111816.5,185000.0,39.56,Venda Direta Online,,LONDRINA,PR,Não
8787715675005,"AVENIDA GIOCONDO MATURI, N. 1500, Apto 301, TIPO 01 PV 03 BL 10 VG 309",JARDIM MARIA CELINA,"Apartamento, 42.38 de área total, 42.38 de área privativa, 0.00 de área do terreno,  2 qto(s), WC, 1 sala(s), cozinha, 1 vaga(s) de garagem.",125718.01,208000.0,39.56,Venda Direta Online,,LONDRINA,PR,Não
8787716835731,"AVENIDA GIOCONDO MATURI, N. 1500, Apto 401, PAV 4 BL 02",JARDIM MARIA CELINA,"Apartamento, 82.54 de área total, 42.38 de área privativa, 0.00 de área do terreno,  2 qto(s), WC, 1 sala(s), cozinha, 1 vaga(s) de garagem.",120882.7,200000.0,39.56,Licitação Aberta,,LONDRINA,PR,Não
8787718461316,"AVENIDA GIOCONDO MATURI, N. 1500, Apto 102, BL 09",JARDIM MARIA CELINA,"Apartamento, 42.38 de área total, 42.38 de área privativa, 0.00 de área do terreno,  2 qto(s), WC, 1 sala(s), cozinha, 1 vaga(s) de garagem.",125718.01,208000.0,39.56,Licitação Aberta,,LONDRINA,PR,Não
8787719532462,"AVENIDA GIOCONDO MATURI, N. 1500, Apto 702, BL 8",JARDIM MARIA CELINA,"Apartamento, 82.54 de área total, 42.38 de área privativa, 0.00 de área do terreno,  2 qto(s), a.serv, WC, 1 sala(s), cozinha, 1 vaga(s) de garagem.",120882.7,200000.0,39.56,Venda Direta Online,,LONDRINA,PR,Não
8787701140635,"AVENIDA PREFEITO MILTON RIBEIRO MENEZES, N. 715, Apto 202, TORRE 05 VG 266",CONJUNTO HABITACIONAL DOUTOR FARID LIBOS,"Apartamento, 57.11 de área total, 46.65 de área privativa, 0.00 de área do terreno,  2 qto(s), 1 sala(s), cozinha, 1 vaga(s) de garagem.",119673.87,198000.0,39.56,Venda Online,,LONDRINA,PR,Não
8787708468490,"AVENIDA PREFEITO MILTON RIBEIRO MENEZES, N. 635, Apto 208, TORRE 06 LT 12A QD 8 VG 336",CONJUNTO HABITACIONAL DOUTOR FARID LIBOS,"Apartamento, 77.17 de área total, 46.65 de área privativa, 0.00 de área do terreno, 1 vaga(s) de garagem.",114838.57,190000.0,39.56,Venda Direta Online,,LONDRINA,PR,Não
8787708838603,"AVENIDA PREFEITO MILTON RIBEIRO MENEZES, N. 635, Apto 205, 1º PAV, TORRE 10, VAGA 589",CONJUNTO HABITACIONAL DOUTOR FARID LIBOS,"Apartamento, 52.75 de área total, 43.13 de área privativa, 0.00 de área do terreno,  2 qto(s), WC, 1 sala(s), cozinha, 1 vaga(s) de garagem.",114838.57,190000.0,39.56,Venda Online,,LONDRINA,PR,Não
8444416698540,"RUA OMAR MAZZEI GUIMARAES, N. 74, Apto 101, BL 4",JARDIM MARIA LUIZA,"Apartamento, 76.03 de área total, 42.69 de área privativa, 0.00 de área do terreno,  2 qto(s), WC, 1 sala(s), cozinha, 1 vaga(s) de garagem.",111816.5,185000.0,39.56,Venda Online,,LONDRINA,PR,Não
8787701195014,"RUA OMAR MAZZEI GUIMARAES, N. 74, Apto 304, BL 10",JARDIM MARIA LUIZA,"Apartamento, 50.12 de área total, 42.70 de área privativa, 0.00 de área do terreno,  2 qto(s), WC, 1 sala(s), cozinha, 1 vaga(s) de garagem.",114838.57,190000.0,39.56,Venda Direta Online,,LONDRINA,PR,Não
8787711321233,"RUA MANOEL ALVES DA SILVA, N. 170, Apto 101, BL 05",JARDIM MARIA LUIZA,"Apartamento, 53.45 de área total, 41.14 de área privativa, 0.00 de área do terreno,  2 qto(s), WC, 1 sala(s), cozinha, 1 vaga(s) de garagem.",111212.08,184000.0,39.56,Venda Direta Online,,LONDRINA,PR,Não
8444427548668,"RODOVIA CARLOS JOAO STRASS, N. 13983, CS  86  QD 01  LT 86",CONJUNTO HABITACIONAL MILTON GAVETTI,"Casa, 54.70 de área total, 54.70 de área privativa, 126.15 de área do terreno,  2 qto(s), a.serv, WC, 1 sala(s), cozinha, 1 vaga(s) de garagem.",113629.74,188000.0,39.56,Venda Direta Online,,LONDRINA,PR,Não
8787718884454,"AVENIDA AZILE MIGUEL ABUJAMRA, N. 800, Apto 401, BL 14 BOX 204",CIDADE INDUSTRIAL 2,"Apartamento, 75.97 de área total, 40.82 de área privativa, 0.00 de área do terreno,  2 qto(s), WC, 1 sala(s), cozinha, 1 vaga(s) de garagem.",128740.08,213000.0,39.56,Licitação Aberta,,LONDRINA,PR,Não
8787722094080,"AVENIDA AZILE MIGUEL ABUJAMRA, N. 800, Apto 101, BL 07 LOT ACQUAVILLE IV",CIDADE INDUSTRIAL 2,"Apartamento, 102.77 de área total, 40.82 de área privativa, 0.00 de área do terreno,  2 qto(s), WC, 1 sala(s), cozinha, 1 vaga(s) de garagem.",145735.89,238012.12,38.77,Licitação Aberta,,LONDRINA,PR,Não
8444420384651,"RUA BENEDITO DE OLIVEIRA JUNIOR, N. 259,",GLEBA RIBEIRÃO CAMBÉ,"Casa, 66.62 de área total, 66.62 de área privativa, 281.65 de área do terreno,  2 qto(s), a.serv, WC, 1 sala(s), cozinha.",290000.0,290000.0,0.0,Leilão SFI - Edital Único,,LONDRINA,PR,Não
8787709207143,"AVENIDA PREFEITO MILTON RIBEIRO MENEZES, N. 635, Apto 206, PAV 01 T 09 VG 526",BOUL PORTAL DO NORTE,"Apartamento, 43.13 de área total, 43.13 de área privativa, 0.00 de área do terreno,  2 qto(s), WC, 1 sala(s), cozinha, 1 vaga(s) de garagem.",180000.0,180000.0,0.0,Leilão SFI - Edital Único,,LONDRINA,PR,Não
8444416121536,"RUA JOSE DOMINGOS DE OLIVEIRA, N. 09B, EM FRENTE Nº20",ALPES,"Casa, 99.37 de área total, 99.37 de área privativa, 152.11 de área do terreno,  3 qto(s), a.serv, WC, 1 sala(s), cozinha, 2 vaga(s) de garagem.",330000.0,330000.0,0.0,Leilão SFI - Edital Único,,LONDRINA,PR,Não
1444405709083,"RUA PONTA GROSSA, N. 175, Apto 301, BL B 2 PAV",DOM BOSCO,"Apartamento, 121.06 de área total, 85.34 de área privativa, 0.00 de área do terreno,  2 qto(s), a.serv, WC, cozinha, 1 vaga(s) de garagem.",300000.0,300000.0,0.0,Leilão SFI - Edital Único,,LONDRINA,PR,Não
8787704475875,"RUA OLYMPIO THEODORO, N. 230, Apto 404, 4 PAV BL 17 VAGA 63",COLINAS,"Apartamento, 47.07 de área total, 41.14 de área privativa, 0.00 de área do terreno,  2 qto(s), WC, 1 sala(s), cozinha, 1 vaga(s) de garagem.",195000.0,195000.0,0.0,Leilão SFI - Edital Único,,LONDRINA,PR,Não
8787708334770,"RUA OLYMPIO THEODORO, N. 1055, Apto 301, PAV 03 BL 10 VG 282",COLINAS,"Apartamento, 0.00 de área total, 41.14 de área privativa, 0.00 de área do terreno, 1 vaga(s) de garagem.",180000.0,180000.0,0.0,Leilão SFI - Edital Único,,LONDRINA,PR,Não
1039400331137,"RUA ADELINO BORNIA, N. 240, LOTE 1A QUADRA 03",CONDOMINIO ROYAL GOLF RESIDENCE,"Casa, 0.00 de área total, 631.11 de área privativa, 1351.19 de área do terreno.",7800000.0,7800000.0,0.0,Leilão SFI - Edital Único,,LONDRINA,PR,Não
8787710891451,"AVENIDA ROSALVO MARQUES BONFIM, N. 955, Apto 401, BL 06 VAGA 26",JARDIM MARIA CELINA,"Apartamento, 90.13 de área total, 47.44 de área privativa, 0.00 de área do terreno,  2 qto(s), WC, 1 sala(s), cozinha, 1 vaga(s) de garagem.",192000.0,192000.0,0.0,Leilão SFI - Edital Único,,LONDRINA,PR,Não
8787711242651,"AVENIDA ROSALVO MARQUES BONFIM, N. 1550, Apto AP 20, BL 9",JARDIM MARIA CELINA,"Apartamento, 55.66 de área total, 48.96 de área privativa, 0.00 de área do terreno,  2 qto(s), WC, 1 sala(s), cozinha, 1 vaga(s) de garagem.",172000.0,172000.0,0.0,Leilão SFI - Edital Único,,LONDRINA,PR,Não
8787711717048,"AVENIDA ROSALVO MARQUES BONFIM, N. 1055, Apto 604, TIPO B  BL 10 VG 75",JARDIM MARIA CELINA,"Apartamento, 90.09 de área total, 47.44 de área privativa, 0.00 de área do terreno,  2 qto(s), WC, 1 sala(s), cozinha, 1 vaga(s) de garagem.",175000.0,175000.0,0.0,Leilão SFI - Edital Único,,LONDRINA,PR,Não
8787713747068,"AVENIDA ROSALVO MARQUES BONFIM, N. 1550, Apto 202,  BLOCO 03  VAGA 20",JARDIM MARIA CELINA,"Apartamento, 55.66 de área total, 48.96 de área privativa, 0.00 de área do terreno,  2 qto(s), WC, 1 sala(s), cozinha, 1 vaga(s) de garagem.",168000.0,168000.0,0.0,Leilão SFI - Edital Único,,LONDRINA,PR,Não
8787716525210,"AVENIDA GIOCONDO MATURI, N. 1500, Apto 401, BL 10 VAGA 313",JARDIM MARIA CELINA,"Apartamento, 51.07 de área total, 42.38 de área privativa, 0.00 de área do terreno,  2 qto(s), WC, 1 sala(s), cozinha, 1 vaga(s) de garagem.",175000.0,175000.0,0.0,Leilão SFI - Edital Único,,LONDRINA,PR,Não
8787716390853,"RUA YONEKO SHIME, N. 333, Apto AP 70, BL 7",PEROBINHA,"Apartamento, 55.29 de área total, 46.31 de área privativa, 0.00 de área do terreno,  2 qto(s), WC, 1 sala(s), cozinha, 1 vaga(s) de garagem.",220000.0,220000.0,0.0,Leilão SFI - Edital Único,,LONDRINA,PR,Não
8787713307793,"RUA EURACY EUGENIO FERTONANI, N. 655, DT 20 QD 12",BEM VIVER LONDRINA,"Casa, 46.27 de área total, 46.27 de área privativa, 233.36 de área do terreno,  2 qto(s), a.serv, WC, 1 sala(s), cozinha.",156681.0,155000.0,0.0,Leilão SFI - Edital Único,,LONDRINA,PR,Não
8787713665118,"RUA BARTHOLOMEU LOPES, N. 585, Apto AP 40, BL B",CONJUNTO HABITACIONAL JAMILE DEQUECH,"Apartamento, 74.70 de área total, 42.56 de área privativa, 0.00 de área do terreno,  2 qto(s), WC, 1 sala(s), cozinha, 1 vaga(s) de garagem.",201589.14,197000.0,0.0,Leilão SFI - Edital Único,,LONDRINA,PR,Não
8555500719627,"RUA ISRAEL, N. 100, Apto 404, VG 05",JARDIM VILAS BOAS,"Apartamento, 97.39 de área total, 55.68 de área privativa, 0.00 de área do terreno,  3 qto(s), a.serv, WC, 1 sala(s), cozinha, 1 vaga(s) de garagem.",167449.18,163000.0,0.0,Leilão SFI - Edital Único,,LONDRINA,PR,Não
8787718562619,"AVENIDA JAMIL SCAFF, N. 500, Apto 402, BL 20 VAGA 253",CONJUNTO HABITACIONAL ALEXANDRE URBANAS,"Apartamento, 45.43 de área total, 40.54 de área privativa, 0.00 de área do terreno,  2 qto(s), WC, 1 sala(s), cozinha, 1 vaga(s) de garagem.",213201.84,204000.0,0.0,Leilão SFI - Edital Único,,LONDRINA,PR,Não
8787718219604,"AVENIDA GIOCONDO MATURI, N. 1500, Apto 701, TIPO 01 PAV 07 BL 02 VG 47",MORADAS DE PORTUGAL,"Apartamento, 51.07 de área total, 42.38 de área privativa, 0.00 de área do terreno,  2 qto(s), WC, 1 sala(s), cozinha, 1 vaga(s) de garagem.",206053.31,195000.0,0.0,Leilão SFI - Edital Único,,LONDRINA,PR,Não
8787716578283,"RUA BARTHOLOMEU LOPES, N. 585, Apto 403D, TP 05 BL D VG 95",CONJUNTO HABITACIONAL JAMILE DEQUECH,"Apartamento, 57.66 de área total, 42.55 de área privativa, 0.00 de área do terreno,  2 qto(s), WC, 1 sala(s), cozinha, 1 vaga(s) de garagem.",204708.8,155000.0,0.0,Leilão SFI - Edital Único,,LONDRINA,PR,Não
8787718037549,"RUA BARTHOLOMEU LOPES, N. 625, Apto 102, BL O TERREO",CONJUNTO HABITACIONAL JAMILE DEQUECH,"Apartamento, 75.59 de área total, 40.33 de área privativa, 0.00 de área do terreno,  2 qto(s), WC, 1 sala(s), cozinha, 1 vaga(s) de garagem.",197659.92,149000.0,0.0,Leilão SFI - Edital Único,,LONDRINA,PR,Não
8787718553938,"AVENIDA JAMIL SCAFF, N. 500, Apto 303, BL 12 VAGA 119",CONJUNTO HABITACIONAL ALEXANDRE URBANAS,"Apartamento, 71.46 de área total, 40.54 de área privativa, 0.00 de área do terreno,  2 qto(s), a.serv, WC, 1 sala(s), cozinha, 1 vaga(s) de garagem.",213201.84,155000.0,0.0,Leilão SFI - Edital Único,,LONDRINA,PR,Não
1444421293384,"RODOVIA MANOEL GARCIA, N. 56, LT 112-K4",VILA INDEPENDENCIA,"Casa, 243.11 de área total, 243.11 de área privativa, 825.00 de área do terreno,  3 qto(s).",293698.26,520000.0,43.52,Venda Online,,LUPIONOPOLIS,PR,Sim
8555529682209,"RUA JOSÉ PRAXEDES SANTANA, N. SN, Apto 04, BLOCO 02",CENTRO,"Apartamento, 61.34 de área total, 52.40 de área privativa, 0.00 de área do terreno,  2 qto(s), WC, 1 sala(s), cozinha, 1 vaga(s) de garagem.",81964.82,140000.0,41.46,Licitação Aberta,,MANDAGUACU,PR,Não
8555518426524,"RUA CEREJEIRA, N. SN, LOTE 8 D QD 7",RECANTO DOS YPES,"Casa, 69.15 de área total, 69.15 de área privativa, 150.00 de área do terreno,  3 qto(s), a.serv, WC, 1 sala(s), cozinha.",188000.0,188000.0,0.0,Leilão SFI - Edital Único,,MANDAGUACU,PR,Não
8444419833766,"RUA DUVILIO PALMIERI, N. 288, QD 10",ZONA NOROESTE,"Casa, 0.00 de área total, 57.30 de área privativa, 126.00 de área do terreno.",81625.45,50000.0,0.0,Venda Direta Online,,MANDAGUACU,PR,Não
8444406789089,"RUA RENATO PALÚ, N. 65, CS 01",VILA BRASILIA,"Casa, 42.70 de área total, 42.70 de área privativa, 109.80 de área do terreno,  2 qto(s), a.serv, WC, 1 sala(s), cozinha.",165000.0,165000.0,0.0,Leilão SFI - Edital Único,,MANDIRITUBA,PR,Não
8444406511242,"R GUARAPUAVA, N. 449,",MARIA HELENA,"Casa, 61.98 de área total, 61.98 de área privativa, 252.00 de área do terreno,  3 qto(s), WC, 1 sala(s), 1 vaga(s) de garagem.",126926.84,210000.0,39.56,Venda Direta Online,,MARIA HELENA,PR,Não
8444420074679,"RUA AMELIA YAMANAKA YOSHIDA, N. 629-A, LOTE 04 QUADRA 17",JARDIM YAMANAKA,"Casa, 57.01 de área total, 57.01 de área privativa, 84.37 de área do terreno,  2 qto(s), a.serv, WC, 1 sala(s), cozinha, 1 vaga(s) de garagem.",167952.11,200000.0,16.03,Leilão SFI - Edital Único,,MARIALVA,PR,Não
10302316,"RUA CEZÁRIO BOSCHINI, N. 98",VILA BRASIL,"Casa, 0.00 de área total, 85.75 de área privativa, 340.92 de área do terreno.",332000.0,332000.0,0.0,Leilão SFI - Edital Único,,MARIALVA,PR,Não
8787713162051,"RUA JOSE BERTÃO, N. 435, Apto 103, BLOCO 8 VG 19",MARIALVA,"Apartamento, 60.63 de área total, 52.23 de área privativa, 0.00 de área do terreno,  2 qto(s), WC, 1 sala(s), cozinha, 1 vaga(s) de garagem.",185000.0,185000.0,0.0,Leilão SFI - Edital Único,,MARIALVA,PR,Não
1155533600021,"RUA RUBENS SEBASTIAO MARIN, N. 1076, Apto 204, BL-A, VG236, VG237",PARQUE INDUSTRIAL,"Apartamento, 0.00 de área total, 79.98 de área privativa, 0.00 de área do terreno, 2 vaga(s) de garagem.",354984.07,557000.0,36.27,Venda Online,,MARINGA,PR,Não
1155533600072,"RUA RUBENS SEBASTIAO MARIN, N. 1076, Apto 1704, BL-A, VG258. VG285",PARQUE INDUSTRIAL,"Apartamento, 0.00 de área total, 79.98 de área privativa, 0.00 de área do terreno, 2 vaga(s) de garagem.",417440.87,655000.0,36.27,Venda Direta Online,,MARINGA,PR,Não
1155533600129,"RUA RUBENS SEBASTIAO MARIN, N. 1076, Apto 201, BL-B, VG47, VG48",PARQUE INDUSTRIAL,"Apartamento, 0.00 de área total, 79.98 de área privativa, 0.00 de área do terreno, 2 vaga(s) de garagem.",417440.87,655000.0,36.27,Venda Direta Online,,MARINGA,PR,Não
1155533600137,"RUA RUBENS SEBASTIAO MARIN, N. 1076, Apto 202, BL-B, VG132, VG133",PARQUE INDUSTRIAL,"Apartamento, 0.00 de área total, 79.98 de área privativa, 0.00 de área do terreno, 2 vaga(s) de garagem.",417440.87,655000.0,36.27,Venda Direta Online,,MARINGA,PR,Não
1155533600145,"RUA RUBENS SEBASTIAO MARIN, N. 1076, Apto 203, BL-B, VG135, VG136",PARQUE INDUSTRIAL,"Apartamento, 0.00 de área total, 79.98 de área privativa, 0.00 de área do terreno, 2 vaga(s) de garagem.",331403.44,520000.0,36.27,Venda Online,,MARINGA,PR,Não
1155533600153,"RUA RUBENS SEBASTIAO MARIN, N. 1076, Apto 204, BL-B, VG188, VG189",PARQUE INDUSTRIAL,"Apartamento, 0.00 de área total, 79.98 de área privativa, 0.00 de área do terreno, 2 vaga(s) de garagem.",331403.44,520000.0,36.27,Venda Direta Online,,MARINGA,PR,Não
1155533600170,"RUA RUBENS SEBASTIAO MARIN, N. 1076, Apto 302, BL-B, VG-192, VG-193",PARQUE INDUSTRIAL,"Apartamento, 0.00 de área total, 79.98 de área privativa, 0.00 de área do terreno, 2 vaga(s) de garagem.",366455.72,575000.0,36.27,Venda Direta Online,,MARINGA,PR,Não
1155533600188,"RUA RUBENS SEBASTIAO MARIN, N. 1076, Apto 303, BL-B, VG194, VG195",PARQUE INDUSTRIAL,"Apartamento, 0.00 de área total, 79.98 de área privativa, 0.00 de área do terreno, 2 vaga(s) de garagem.",366455.72,575000.0,36.27,Venda Direta Online,,MARINGA,PR,Não
1155533600196,"RUA RUBENS SEBASTIAO MARIN, N. 1076, Apto 304, BL-B, VG196, VG197",PARQUE INDUSTRIAL,"Apartamento, 0.00 de área total, 79.98 de área privativa, 0.00 de área do terreno, 2 vaga(s) de garagem.",366455.72,575000.0,36.27,Venda Direta Online,,MARINGA,PR,Não
1155533600218,"RUA RUBENS SEBASTIAO MARIN, N. 1076, Apto 404, BL-B, VG204, VG205",PARQUE INDUSTRIAL,"Apartamento, 0.00 de área total, 79.98 de área privativa, 0.00 de área do terreno, 2 vaga(s) de garagem.",366455.72,575000.0,36.27,Venda Direta Online,,MARINGA,PR,Não
1155533600013,"RUA RUBENS SEBASTIAO MARIN, N. 1076, Apto 203, TORRE  A",PARQUE INDUSTRIAL I,"Apartamento, 0.00 de área total, 79.98 de área privativa, 0.00 de área do terreno, 2 vaga(s) de garagem.",354984.07,557000.0,36.27,Licitação Aberta,,MARINGA,PR,Sim
1155533600048,"RUA RUBENS SEBASTIAO MARIN, N. 1076, Apto 304, TORRE A",PARQUE INDUSTRIAL I,"Apartamento, 0.00 de área total, 79.98 de área privativa, 0.00 de área do terreno, 2 vaga(s) de garagem.",356896.01,560000.0,36.27,Licitação Aberta,,MARINGA,PR,Sim
1155533600080,"RUA RUBENS SEBASTIAO MARIN, N. 1076, Apto 1804, TORRE A",PARQUE INDUSTRIAL I,"Apartamento, 0.00 de área total, 79.98 de área privativa, 0.00 de área do terreno, 2 vaga(s) de garagem.",417440.87,655000.0,36.27,Licitação Aberta,,MARINGA,PR,Sim
1155533600102,"RUA RUBENS SEBASTIAO MARIN, N. 1076, Apto 2004, TORRE A",PARQUE INDUSTRIAL I,"Apartamento, 0.00 de área total, 79.98 de área privativa, 0.00 de área do terreno, 2 vaga(s) de garagem.",417440.87,655000.0,36.27,Licitação Aberta,,MARINGA,PR,Sim
1155533600110,"RUA RUBENS SEBASTIAO MARIN, N. 1076, Apto 2501, TORRE A",PARQUE INDUSTRIAL I,"Apartamento, 0.00 de área total, 192.08 de área privativa, 0.00 de área do terreno, 4 vaga(s) de garagem.",1121673.17,1760000.0,36.27,Licitação Aberta,,MARINGA,PR,Sim
1155533600161,"RUA RUBENS SEBASTIAO MARIN, N. 1076, Apto 301, TORRE B",PARQUE INDUSTRIAL I,"Apartamento, 0.00 de área total, 79.98 de área privativa, 0.00 de área do terreno, 2 vaga(s) de garagem.",334590.01,525000.0,36.27,Licitação Aberta,,MARINGA,PR,Sim
1155533600200,"RUA RUBENS SEBASTIAO MARIN, N. 1076, Apto 403, TORRE B",PARQUE INDUSTRIAL I,"Apartamento, 0.00 de área total, 79.98 de área privativa, 0.00 de área do terreno, 2 vaga(s) de garagem.",331403.44,520000.0,36.27,Licitação Aberta,,MARINGA,PR,Sim
1155533600242,"RUA RUBENS SEBASTIAO MARIN, N. 1076, Apto 603, TORRE B",PARQUE INDUSTRIAL I,"Apartamento, 0.00 de área total, 79.98 de área privativa, 0.00 de área do terreno, 2 vaga(s) de garagem.",331403.44,520000.0,36.27,Licitação Aberta,,MARINGA,PR,Sim
1155533600250,"RUA RUBENS SEBASTIAO MARIN, N. 1076, Apto 703, TORRE B",PARQUE INDUSTRIAL I,"Apartamento, 0.00 de área total, 79.98 de área privativa, 0.00 de área do terreno, 2 vaga(s) de garagem.",331403.44,520000.0,36.27,Licitação Aberta,,MARINGA,PR,Sim
1155533600307,"RUA RUBENS SEBASTIAO MARIN, N. 1076, Apto 1004, TORRE B",PARQUE INDUSTRIAL I,"Apartamento, 0.00 de área total, 79.98 de área privativa, 0.00 de área do terreno, 2 vaga(s) de garagem.",367093.04,576000.0,36.27,Licitação Aberta,,MARINGA,PR,Sim
1155533600315,"RUA RUBENS SEBASTIAO MARIN, N. 1076, Apto 1104, TORRE B",PARQUE INDUSTRIAL I,"Apartamento, 0.00 de área total, 79.98 de área privativa, 0.00 de área do terreno, 2 vaga(s) de garagem.",347336.29,545000.0,36.27,Licitação Aberta,,MARINGA,PR,Sim
1155533600331,"RUA RUBENS SEBASTIAO MARIN, N. 1076, Apto 301, TORRE B",PARQUE INDUSTRIAL I,"Apartamento, 0.00 de área total, 79.98 de área privativa, 0.00 de área do terreno, 2 vaga(s) de garagem.",350522.87,550000.0,36.27,Licitação Aberta,,MARINGA,PR,Sim
1155533600404,"RUA RUBENS SEBASTIAO MARIN, N. 1076, Apto 1703, TORRE B",PARQUE INDUSTRIAL I,"Apartamento, 0.00 de área total, 79.98 de área privativa, 0.00 de área do terreno, 2 vaga(s) de garagem.",360082.58,565000.0,36.27,Licitação Aberta,,MARINGA,PR,Sim
1155533600447,"RUA RUBENS SEBASTIAO MARIN, N. 1076, Apto 2104, TORRE B",PARQUE INDUSTRIAL I,"Apartamento, 0.00 de área total, 79.98 de área privativa, 0.00 de área do terreno, 2 vaga(s) de garagem.",366455.72,575000.0,36.27,Licitação Aberta,,MARINGA,PR,Sim
10311531,"AVENIDA TUIUTI, N. 3070, QD 367, LTS 38 E 39",JARDIM NOVO OASIS,"Galpão, 0.00 de área total, 1269.87 de área privativa, 858.50 de área do terreno.",3320000.0,3320000.0,0.0,Leilão SFI - Edital Único,,MARINGA,PR,Não
10311518,"AVENIDA BRASIL, N. 00, QD 11, LT 01/02, LJ 310",ZONA 01,"Loja, 0.00 de área total, 20.72 de área privativa, 0.00 de área do terreno.",238000.0,238000.0,0.0,Leilão SFI - Edital Único,,MARINGA,PR,Não
10306964,"IMÓVEL PEREQUÊ - ESTRADA P. MATINHOS, N. 00, MAT. 40.729",BALNEÁRIO FLÓRIDA,"Imóvel rural, 0.00 de área total, 0.00 de área privativa, 239451.92 de área do terreno.",889000.0,889000.0,0.0,Leilão SFI - Edital Único,,MATINHOS,PR,Não
10306965,"IMÓVEL PEREQUÊ - ESTRADA P. MATINHOS, N. 00, MAT. 40.730",BALNEÁRIO FLÓRIDA,"Imóvel rural, 0.00 de área total, 0.00 de área privativa, 339700.00 de área do terreno.",520945.71,439000.0,0.0,Leilão SFI - Edital Único,,MATINHOS,PR,Não
8444403158444,"RUA NAPOLES, N. 350, L 10 Q 21",JARDIM IRENE,"Casa, 0.00 de área total, 62.30 de área privativa, 212.35 de área do terreno,  1 qto(s), WC, 1 sala(s), cozinha.",311000.0,311000.0,0.0,Leilão SFI - Edital Único,,MEDIANEIRA,PR,Não
8444419615920,"RUA MARGINAL, N. 186, LT 38, QD 03,",Jd Novo Horizonte,"Casa, 62.69 de área total, 62.69 de área privativa, 165.00 de área do terreno,  2 qto(s), a.serv, WC, 1 sala(s), cozinha.",97778.11,165000.0,40.75,Licitação Aberta,,MOREIRA SALES,PR,Não
8555524250254,"ESTRADA MUNICIPAL, N. SN, QD Z  LT 18",CENTRO,"Casa, 35.00 de área total, 35.88 de área privativa, 187.50 de área do terreno,  2 qto(s), a.serv, WC, 1 sala(s), cozinha, 1 vaga(s) de garagem.",83000.0,83000.0,0.0,Leilão SFI - Edital Único,,NOSSA SENHORA DAS GRACAS,PR,Não
8787715569485,"RUA PROJETADA A, N. SN, LT 01 QD 05",RESID BELA VISTA,"Casa, 45.13 de área total, 45.13 de área privativa, 210.49 de área do terreno,  2 qto(s), a.serv, WC, 1 sala(s), cozinha.",127000.0,127000.0,0.0,Leilão SFI - Edital Único,,NOVA OLIMPIA,PR,Não
1555519391653,"RUA NOVA IORQUE, N. 314, LT 09 QD 105",CENTRO,"Casa, 0.00 de área total, 278.80 de área privativa, 450.40 de área do terreno,  4 qto(s), a.serv, WC, 1 sala(s), cozinha.",318000.0,318000.0,0.0,Leilão SFI - Edital Único,,NOVA OLIMPIA,PR,Não
8444430603631,"RUA EDISON MARQUES, N. 119, CS B LT 08 QD 05",JD MADRID,"Casa, 84.21 de área total, 84.21 de área privativa, 140.00 de área do terreno,  3 qto(s), a.serv, WC, 1 sala(s), cozinha.",311392.81,284861.85,0.0,Leilão SFI - Edital Único,,PAICANDU,PR,Não
10277173,"RUA 7 DE SETEMBRO, N. 2437, QD 24, LT 360",SANTA CRUZ,"Comercial, 0.00 de área total, 900.00 de área privativa, 545.00 de área do terreno.",1239034.59,1994000.0,37.87,Venda Direta Online,,PALMAS,PR,Não
8444405654473,"RUA 04, N. 574, Apto 32, BL B-09",PARQUE SAO JOAO,"Apartamento, 55.85 de área total, 51.44 de área privativa, 0.00 de área do terreno,  3 qto(s), WC, 1 sala(s), cozinha.",108080.77,175000.0,38.24,Venda Direta Online,,PARANAGUA,PR,Não
1555513380200,"TRAVESSA SOLDADO ALIPIO FERREIRA DE AMOR, N. 35, LT 14 QD B",JARDIM GUARAITUBA,"Casa, 69.82 de área total, 69.82 de área privativa, 231.00 de área do terreno,  3 qto(s), a.serv, WC, 1 sala(s), cozinha.",390000.0,390000.0,0.0,Leilão SFI - Edital Único,,PARANAGUA,PR,Não
8444406691798,"RUA AMAZONAS, N. 4142, CS 2",CENTRO,"Casa, 51.30 de área total, 51.30 de área privativa, 85.54 de área do terreno,  2 qto(s), a.serv, WC, 1 sala(s), cozinha, 1 vaga(s) de garagem.",130000.0,130000.0,0.0,Leilão SFI - Edital Único,,PARANAVAI,PR,Não
8444406144878,"RUA PROJETADA C, N. 1369, 0204",CENTRO,"Casa, 77.56 de área total, 77.56 de área privativa, 180.00 de área do terreno,  2 qto(s), a.serv, WC, cozinha, 2 vaga(s) de garagem.",180000.0,180000.0,0.0,Leilão SFI - Edital Único,,PEROBAL,PR,Não
8555530688649,"RUA HERMINIO SCALCO, N. 323, LT 02 QD 06",CENTRO,"Casa, 41.49 de área total, 41.49 de área privativa, 166.50 de área do terreno,  1 qto(s), a.serv, WC, 1 sala(s), cozinha, 1 vaga(s) de garagem.",45901.86,95000.0,51.69,Venda Direta Online,,PEROLA,PR,Não
8444414363338,"RUA VENEZA, N. 316, QD 11 LT 19 CS 1",LOT BELLA ITALIA,"Casa, 47.32 de área total, 47.22 de área privativa, 120.00 de área do terreno,  2 qto(s), a.serv, WC, 1 sala(s), cozinha.",73857.32,127500.0,42.08,Venda Direta Online,,PEROLA,PR,Não
8787709407932,"RUA CLEMENTE ITSYO HORIKOSHI, N. 169, Apto 104, BL 16 TIPO A LT 09A1",JARDIM CLAUDIA,"Apartamento, 43.52 de área total, 38.68 de área privativa, 0.00 de área do terreno,  2 qto(s), WC, 1 sala(s), cozinha, 1 vaga(s) de garagem.",100842.57,170171.26,40.75,Licitação Aberta,,PINHAIS,PR,Não
8444427461627,"RUA INEZ BACELAR VILAS BOAS, N. SN, LT 02 QD 08",PQ DAS ARAUCARIAS,"Terreno, 0.00 de área total, 0.00 de área privativa, 300.00 de área do terreno.",72051.55,127572.0,43.53,Venda Direta Online,,PINHALAO,PR,Não
1444421418659,"RUA EMILIA STECKO, N. 338, LT 04/05 QD C",PLANTA BOSQUE CENTENARIO,"Casa, 433.88 de área total, 433.88 de área privativa, 780.00 de área do terreno,  5 qto(s), a.serv, WC, 4 sala(s), 1 lavabo(s), cozinha.",780345.9,1420000.0,45.05,Venda Direta Online,,PIRAQUARA,PR,Sim
1444422825932,"RUA TUBARAO, N. 617,",VILA SAO TIAGO,"Terreno, 0.00 de área total, 0.00 de área privativa, 3328.92 de área do terreno.",493281.27,860000.0,42.65,Venda Online,,PIRAQUARA,PR,Não
8555513905092,"RUA DA PAZ, N. 669, CS 02 LT 17 QD 24",PLANTA DEODORO,"Casa, 50.80 de área total, 50.80 de área privativa, 85.50 de área do terreno,  2 qto(s), a.serv, WC, 1 sala(s), cozinha, 1 vaga(s) de garagem.",182000.0,182000.0,0.0,Leilão SFI - Edital Único,,PIRAQUARA,PR,Não
8444428698434,"RUA EURIDES MACIEL DE SOUZA, N. 250, CS 2 LT 12 QD 26",NEVES,"Casa, 0.00 de área total, 51.20 de área privativa, 124.38 de área do terreno,  2 qto(s), WC, 1 sala(s), cozinha, 1 vaga(s) de garagem.",99028.93,175000.0,43.42,Licitação Aberta,,PONTA GROSSA,PR,Não
8444426054874,"RUA OLIVEIRA, N. 177, CS 03 LT 01 QD 11",CARA-CARA,"Casa, 38.90 de área total, 38.90 de área privativa, 69.50 de área do terreno,  2 qto(s), a.serv, WC, 1 sala(s), cozinha.",66190.54,115468.81,42.68,Licitação Aberta,,PONTA GROSSA,PR,Não
8444436068975,"RUA NILDAIR DE GEUS, N. 26, LOTE 2 QUADRA 3",COLONIA DONA LUIZA,"Casa, 40.79 de área total, 40.79 de área privativa, 275.00 de área do terreno, a.serv, 1 vaga(s) de garagem.",95168.51,160596.31,40.75,Licitação Aberta,,PONTA GROSSA,PR,Não
8444407145967,"RUA PRAIA LUA NOVA, N. 230, CS 03",CONTORNO,"Casa, 50.11 de área total, 48.96 de área privativa, 99.31 de área do terreno,  2 qto(s), a.serv, WC.",104257.15,175933.35,40.75,Venda Direta Online,,PONTA GROSSA,PR,Não
8555518549030,"RUA JACOB FAINTYCK, N. 38A, LT 17 QD 08",OLARIAS,"Casa, 58.70 de área total, 53.60 de área privativa, 107.25 de área do terreno,  2 qto(s), a.serv, WC, 1 sala(s), cozinha, 1 vaga(s) de garagem.",106667.03,180000.0,40.75,Venda Direta Online,,PONTA GROSSA,PR,Não
8555532364336,"RUA JACOB FAINTYCK, N. 400, Apto 44, BL 01 LT A1 QDT SE",OLARIAS,"Apartamento, 53.59 de área total, 46.93 de área privativa, 0.00 de área do terreno,  2 qto(s), WC, 1 sala(s), cozinha.",100741.08,170000.0,40.75,Licitação Aberta,,PONTA GROSSA,PR,Não
8787711737162,"RUA JULIA DA SILVA RISSETI, N. 231, CS 11",NEVES,"Casa, 45.10 de área total, 45.10 de área privativa, 102.72 de área do terreno,  2 qto(s), a.serv, WC, 1 sala(s), cozinha.",94815.14,160000.0,40.75,Licitação Aberta,,PONTA GROSSA,PR,Não
8787715367238,"RUA ORLANDO BORSATO, N. 238, LT 09 QD 35",NEVES,"Casa, 48.64 de área total, 48.64 de área privativa, 160.00 de área do terreno,  2 qto(s), a.serv, WC, 1 sala(s), cozinha.",100741.08,170000.0,40.75,Licitação Aberta,,PONTA GROSSA,PR,Não
8444424906423,"RUA JOSE KOTESKI, N. 225, RES 06 BL 04",CARA-CARA,"Casa, 51.00 de área total, 47.01 de área privativa, 118.58 de área do terreno,  2 qto(s), a.serv, WC, 1 sala(s), cozinha.",104296.65,176000.0,40.75,Licitação Aberta,,PONTA GROSSA,PR,Não
8787713511218,"RUA NAIR MACHADO DE OLIVEIRA, N. 23, CASA 29 LOTE 278 QUADRA 16",CARA-CARA,"Casa, 47.52 de área total, 47.52 de área privativa, 147.79 de área do terreno,  2 qto(s), a.serv, WC, 1 sala(s), cozinha.",97778.11,165000.0,40.75,Licitação Aberta,,PONTA GROSSA,PR,Não
8555537526954,"R SEZINHO MATTOS DE SOUZA, N. 553, Apto 434, BL 04 QD SN",ORFAS,"Apartamento, 54.82 de área total, 50.37 de área privativa, 0.00 de área do terreno,  2 qto(s), a.serv, WC, 1 sala(s), cozinha, 1 vaga(s) de garagem.",106667.03,180000.0,40.75,Venda Direta Online,,PONTA GROSSA,PR,Não
8787711729208,"RUA JULIA DA SILVA RISSETI, N. 681, Nº23",NEVES,"Casa, 45.10 de área total, 45.10 de área privativa, 103.30 de área do terreno, 1 vaga(s) de garagem.",105329.69,175549.49,40.01,Leilão SFI - Edital Único,,PONTA GROSSA,PR,Não
8444431569550,"RUA PRAIA DAS NEVES, N. 160, UN 01 QD 22 LT 18",CONTORNO,"Casa, 54.95 de área total, 53.52 de área privativa, 137.50 de área do terreno,  2 qto(s), a.serv, WC, 1 sala(s), cozinha.",113629.74,188000.0,39.56,Licitação Aberta,,PONTA GROSSA,PR,Não
8787711121773,"AVENIDA SIQUEIRA CAMPOS, N. 2013, Apto 103, TORRE 09",CARA-CARA,"Apartamento, 49.62 de área total, 48.79 de área privativa, 0.00 de área do terreno,  2 qto(s), WC, 1 sala(s), cozinha, 1 vaga(s) de garagem.",124509.18,206000.0,39.56,Licitação Aberta,,PONTA GROSSA,PR,Não
1444416368541,"RUA JABUTICABEIRA, N. 853, LT 08 QD 58",CONTORNO,"Casa, 204.22 de área total, 204.22 de área privativa, 288.00 de área do terreno,  3 qto(s), a.serv, WC, 2 sala(s), cozinha, 2 vaga(s) de garagem.",364880.75,572528.73,36.27,Venda Direta Online,,PONTA GROSSA,PR,Sim
8444429413638,"AVENIDA NOROESTE, N. 213, CS 24",PIRIQUITOS,"Casa, 40.90 de área total, 40.90 de área privativa, 107.84 de área do terreno,  2 qto(s), a.serv, WC, 1 sala(s), cozinha, 1 vaga(s) de garagem.",176000.0,176000.0,0.0,Leilão SFI - Edital Único,,PONTA GROSSA,PR,Não
8555530024058,"RUA RIO AMAZONAS, N. 55, CS 34",PIRIQUITOS,"Casa, 68.76 de área total, 40.50 de área privativa, 100.90 de área do terreno,  2 qto(s), a.serv, WC, 1 sala(s), cozinha.",200000.0,200000.0,0.0,Leilão SFI - Edital Único,,PONTA GROSSA,PR,Não
8555505013170,"RUA ANTONIO SAAD, N. 2510, CASA 186",BOA VISTA,"Casa, 41.08 de área total, 40.47 de área privativa, 169.29 de área do terreno,  2 qto(s), a.serv, WC, 1 sala(s), cozinha, 1 vaga(s) de garagem.",162000.0,162000.0,0.0,Leilão SFI - Edital Único,,PONTA GROSSA,PR,Não
8787718072123,"RUA PEDRO VICENTE, N. 187, CASA 06  QD06",COLONIA DONA LUIZA,"Casa, 42.34 de área total, 42.34 de área privativa, 152.20 de área do terreno,  2 qto(s), a.serv, WC, 1 sala(s), cozinha, 1 vaga(s) de garagem.",214000.0,214000.0,0.0,Leilão SFI - Edital Único,,PONTA GROSSA,PR,Não
8787708396732,"RUA JOSE DO NASCIMENTO E SILVA, N. 24, ANTIGA RUA 23",CONTORNO,"Casa, 45.13 de área total, 45.13 de área privativa, 207.88 de área do terreno,  2 qto(s), a.serv, WC, 1 sala(s), cozinha, 1 vaga(s) de garagem.",170000.0,170000.0,0.0,Leilão SFI - Edital Único,,PONTA GROSSA,PR,Não
8555504526483,"RUA REFIDIM, N. 52, LT 08 QD 14",JARDIM CARVALHO,"Casa, 129.90 de área total, 129.90 de área privativa, 275.00 de área do terreno,  3 qto(s), WC, 2 sala(s), cozinha.",185739.36,185739.36,0.0,Leilão SFI - Edital Único,,PONTA GROSSA,PR,Não
8555526925356,"RUA DOUTOR CHAFIC CURY, N. 310, Apto 104, BL 03 LT BR QD 71",JARDIM CARVALHO,"Apartamento, 48.21 de área total, 41.74 de área privativa, 0.00 de área do terreno,  2 qto(s), WC, 1 sala(s), cozinha, 1 vaga(s) de garagem.",250000.0,250000.0,0.0,Leilão SFI - Edital Único,,PONTA GROSSA,PR,Não
1787701254918,"AVENIDA SIQUEIRA CAMPOS, N. 2013, Apto 105, TORRE 30 PAV 1",UVARANAS,"Apartamento, 63.66 de área total, 62.56 de área privativa, 0.00 de área do terreno, 1 vaga(s) de garagem.",212000.0,212000.0,0.0,Leilão SFI - Edital Único,,PONTA GROSSA,PR,Não
8787711183302,"AVENIDA SIQUEIRA CAMPOS, N. 2013, Apto AP 10, TR 4",UVARANAS,"Apartamento, 49.97 de área total, 49.10 de área privativa, 0.00 de área do terreno,  2 qto(s), WC, 1 sala(s), cozinha, 1 vaga(s) de garagem.",175000.0,175000.0,0.0,Leilão SFI - Edital Único,,PONTA GROSSA,PR,Não
8787705611705,"AVENIDA SIQUEIRA CAMPOS, N. 2013, Apto 204, TORRE 33",CARA-CARA,"Apartamento, 49.40 de área total, 48.60 de área privativa, 0.00 de área do terreno,  2 qto(s), WC, 1 sala(s), cozinha, 1 vaga(s) de garagem.",190000.0,190000.0,0.0,Leilão SFI - Edital Único,,PONTA GROSSA,PR,Não
8787717423488,"RUA TENENTE CORONEL VALDIR COPETTI NEVES, N. 540, RES 03 LT 44 QD 06",NEVES,"Casa, 45.10 de área total, 45.10 de área privativa, 108.98 de área do terreno,  2 qto(s), a.serv, WC, 1 sala(s), cozinha.",162910.28,159000.0,0.0,Leilão SFI - Edital Único,,PONTA GROSSA,PR,Não
8444429887532,"RUA DOUTOR CID CORDEIRO PRESTES, N. 611, LT 01 QD A",UVARANAS,"Casa, 54.93 de área total, 54.93 de área privativa, 122.29 de área do terreno,  2 qto(s), a.serv, WC, 1 sala(s), cozinha.",212203.73,206000.0,0.0,Leilão SFI - Edital Único,,PONTA GROSSA,PR,Não
8787719284884,"RUA RUA HENRIQUE DE MARIO, N. 175, CS 09",COLONIA DONA LUIZA,"Casa, 42.34 de área total, 42.34 de área privativa, 150.50 de área do terreno,  2 qto(s), a.serv, WC, 1 sala(s), cozinha.",203274.3,186000.0,0.0,Leilão SFI - Edital Único,,PONTA GROSSA,PR,Não
8787719143512,"RUA RUA HENRIQUE DE MARIO, N. 176, CS 29",COLONIA DONA LUIZA,"Casa, 42.34 de área total, 42.34 de área privativa, 150.50 de área do terreno,  2 qto(s), a.serv, WC, 1 sala(s), cozinha.",231137.11,186000.0,0.0,Leilão SFI - Edital Único,,PONTA GROSSA,PR,Não
8444402076070,"RUA SANTA TEREZINHA DO MENINO JESUS, N. 738, CASA 04 LOTE 843 QD. 46",CENTRO,"Casa, 0.00 de área total, 48.24 de área privativa, 92.26 de área do terreno,  2 qto(s), WC, 1 sala(s), cozinha.",240000.0,240000.0,0.0,Leilão SFI - Edital Único,,PONTAL DO PARANA,PR,Não
8787702561367,"RUA MANOEL G CARRASCO, N. 112, LT 15 QD 12",PRADO FERREIRA,"Casa, 43.26 de área total, 43.26 de área privativa, 210.00 de área do terreno,  2 qto(s), WC, 1 sala(s), cozinha.",53711.23,106600.0,49.62,Venda Online,,PRADO FERREIRA,PR,Não
8787704301672,"RUA  JOAO MALDONATO GARCIA, N. 82, CASA",CENTRO,"Casa, 0.00 de área total, 43.26 de área privativa, 220.40 de área do terreno,  2 qto(s), WC, 1 sala(s), cozinha, 1 vaga(s) de garagem.",60297.16,116000.0,48.02,Venda Online,,PRADO FERREIRA,PR,Não
8787702542842,"RUA LAURENTINO NETO, N. 112, LT 01 QD 04",LOT RES MITACUNHA,"Casa, 43.26 de área total, 43.26 de área privativa, 236.72 de área do terreno,  2 qto(s), a.serv, WC, 1 sala(s), cozinha.",78201.87,135000.0,42.08,Licitação Aberta,,PRADO FERREIRA,PR,Não
8787703769387,"RUA MANOEL GONÇALVES CARRASCO, N. 61, LT 06 QD 16",LOT RES MITACUNHA,"Casa, 43.26 de área total, 43.26 de área privativa, 210.00 de área do terreno,  2 qto(s), a.serv, WC, 1 sala(s), cozinha.",116000.0,116000.0,0.0,Leilão SFI - Edital Único,,PRADO FERREIRA,PR,Não
10007449,"EST EST MUN AGUA SÃO XAVIER, N. S/N, Apto 02, BL 01",MARINA 2000,"Apartamento, 0.00 de área total, 184.48 de área privativa, 0.00 de área do terreno,  1 qto(s), a.serv, WC, 1 sala(s), cozinha.",844000.0,844000.0,0.0,Leilão SFI - Edital Único,,PRIMEIRO DE MAIO,PR,Não
8444425455883,"HELMUTH JACOB ROSS, N. 26, CASA",CENTRO,"Casa, 60.07 de área total, 60.07 de área privativa, 179.67 de área do terreno,  2 qto(s), a.serv, WC, 1 sala(s), cozinha, 1 vaga(s) de garagem.",76842.01,150000.0,48.78,Venda Direta Online,,QUERENCIA DO NORTE,PR,Não
8444407072145,"RUA MANDAGUARI, N. 1380, LT 09-REMANESCENTE QD 216",CENTRO,"Casa, 61.12 de área total, 61.12 de área privativa, 150.00 de área do terreno.",81628.17,143000.0,42.92,Venda Direta Online,,QUERENCIA DO NORTE,PR,Não
8787700131420,"RUA MARIA ANTONELI DE LIMA, N. SN, LOTE 20, QUADRA 07",JARDIM NOBRE,"Terreno, 53.69 de área total, 0.00 de área privativa, 153.60 de área do terreno,  2 qto(s), a.serv, WC, 1 sala(s), cozinha.",69794.0,121755.0,42.68,Venda Direta Online,,ROLANDIA,PR,Não
1444413582798,"RUA LUIZ CAMPANER, N. 615, LT - 06, QD- 17",JD CIDADE NOVA,"Terreno, 87.44 de área total, 0.00 de área privativa, 141.25 de área do terreno, a.serv.",224334.63,352000.0,36.27,Venda Direta Online,,ROLANDIA,PR,Sim
8555530735744,"QUADRA 20, N. SN, LT 17",RESIDENCIAL CANAA,"Casa, 49.22 de área total, 49.22 de área privativa, 220.00 de área do terreno,  2 qto(s), a.serv, WC, 1 sala(s), cozinha.",81379.36,139000.0,41.46,Licitação Aberta,,SABAUDIA,PR,Não
8444426570872,"RUA NELSON SCHIAVO, N. 192, LT 03A QD C",RES ROMANO,"Casa, 69.98 de área total, 69.98 de área privativa, 130.00 de área do terreno,  3 qto(s), a.serv, WC, 1 sala(s), cozinha.",94815.14,160000.0,40.75,Licitação Aberta,,SABAUDIA,PR,Não
8444414623003,"RUA OSWALDO CRUZ, N. 220, LT 11-B, QD 145",Centro,"Casa, 71.50 de área total, 67.72 de área privativa, 210.00 de área do terreno,  3 qto(s), a.serv, WC, 1 sala(s), cozinha.",89126.03,175000.0,49.08,Venda Direta Online,,SANTA ISABEL DO IVAI,PR,Sim
8444426887175,"RUA ENÍ PAIVA SCHELL, N. 129, LOTE 10, QD 196-B",CIDADE DE SANTA ISAB,"Casa, 47.04 de área total, 47.04 de área privativa, 250.80 de área do terreno,  2 qto(s), a.serv, WC, 1 sala(s), cozinha.",78897.85,136201.48,42.08,Venda Direta Online,,SANTA ISABEL DO IVAI,PR,Não
8555528863064,"RUA SUPLICY DE LACERDA, N. SN, LOTE 11, QD 87-A",CENTRO,"Casa, 47.79 de área total, 47.29 de área privativa, 204.00 de área do terreno,  2 qto(s), a.serv, WC, 1 sala(s), cozinha.",60392.76,100000.0,39.61,Venda Direta Online,,SANTA MONICA,PR,Não
1600000016830,"RUA FLORIANO PEIXOTO, N. 727, LT A QD 102",VILA SÃO PEDRO,"Casa, 320.00 de área total, 104.00 de área privativa, 440.00 de área do terreno.",424322.66,751273.73,43.52,Venda Direta Online,,SANTO ANTONIO DA PLATINA,PR,Sim
8444407275895,"PROJETADA E, N. 287, DATA 03 QD 65",CENTRO,"Casa, 64.00 de área total, 64.00 de área privativa, 179.76 de área do terreno,  3 qto(s), WC, 1 sala(s), cozinha, 1 vaga(s) de garagem.",70193.26,139584.42,49.72,Venda Online,,SANTO ANTONIO DO CAIUA,PR,Não
8444429433612,"RUA FRANCISCO TOCZEK, N. 300, Apto 302, BL 50",AFONSO PENA,"Apartamento, 50.76 de área total, 42.64 de área privativa, 0.00 de área do terreno,  2 qto(s), a.serv, WC, 1 sala(s), cozinha, 1 vaga(s) de garagem.",148801.69,243019.1,38.77,Licitação Aberta,,SAO JOSE DOS PINHAIS,PR,Não
8787705790987,"RUA FRANCISCO DALNEGRO, N. 3057, Apto 104, BLOCO 54 VAGA 1265",SANTO ANTONIO,"Apartamento, 100.84 de área total, 38.40 de área privativa, 0.00 de área do terreno,  2 qto(s), WC, 1 sala(s), cozinha, 1 vaga(s) de garagem.",152953.93,208000.0,26.47,Leilão SFI - Edital Único,,SAO JOSE DOS PINHAIS,PR,Não
8555535137942,"RUA ANTONIO KUSS, N. 260, Apto 304, BL N",QUEIMADA,"Apartamento, 51.72 de área total, 46.97 de área privativa, 0.00 de área do terreno,  2 qto(s), WC, 1 sala(s), cozinha, 1 vaga(s) de garagem.",230000.0,230000.0,0.0,Leilão SFI - Edital Único,,SAO JOSE DOS PINHAIS,PR,Não
8444415531323,"RUA ANTONIO SKAKUY, N. 66, Apto 12, LT04, QD H, JD IRACEMA 1",AFONSO PENA,"Apartamento, 47.68 de área total, 42.00 de área privativa, 0.00 de área do terreno,  2 qto(s), WC, 1 sala(s), cozinha, 1 vaga(s) de garagem.",187000.0,187000.0,0.0,Leilão SFI - Edital Único,,SAO JOSE DOS PINHAIS,PR,Não
8555524266746,"RUA AGENOR LINO DE OLIVEIRA, N. 290, Apto 302, BL 22",AFONSO PENA,"Apartamento, 0.00 de área total, 55.33 de área privativa, 0.00 de área do terreno,  3 qto(s), a.serv, WC, 1 sala(s), cozinha, 1 vaga(s) de garagem.",250500.0,250500.0,0.0,Leilão SFI - Edital Único,,SAO JOSE DOS PINHAIS,PR,Não
8787707770894,"RUA ICARAI, N. 309, Apto 403, BL 02 VG 112",AFONSO PENA,"Apartamento, 45.82 de área total, 38.40 de área privativa, 0.00 de área do terreno,  2 qto(s), WC, 1 sala(s), cozinha, 1 vaga(s) de garagem.",216000.0,216000.0,0.0,Leilão SFI - Edital Único,,SAO JOSE DOS PINHAIS,PR,Não
8787714156152,"ALAMEDA BOM PASTOR, N. 665, Apto 301, TORRE 09 PAV 3 VG 24",OURO FINO,"Apartamento, 0.00 de área total, 47.97 de área privativa, 0.00 de área do terreno,  2 qto(s), WC, 1 sala(s), cozinha, 1 vaga(s) de garagem.",237000.0,237000.0,0.0,Leilão SFI - Edital Único,,SAO JOSE DOS PINHAIS,PR,Não
1444412267023,"RUA SALOMAO MIGUEL NASSER, N. 731, Apto 13, TP K PAV 2 VG 147  TÉRREO",GUATUPE,"Apartamento, 66.69 de área total, 61.02 de área privativa, 0.00 de área do terreno,  3 qto(s), a.serv, WC, 1 sala(s), cozinha, 1 vaga(s) de garagem.",240000.0,240000.0,0.0,Leilão SFI - Edital Único,,SAO JOSE DOS PINHAIS,PR,Não
8444430184205,"RUA PADRE ANTONIO DARIUS, N. 100, Apto 309, BL 9 PAV 3 VG 334",INA,"Apartamento, 55.63 de área total, 48.56 de área privativa, 0.00 de área do terreno,  2 qto(s), WC, 1 sala(s), cozinha, 1 vaga(s) de garagem.",219826.75,219826.75,0.0,Leilão SFI - Edital Único,,SAO JOSE DOS PINHAIS,PR,Não
8555511600880,"RUA ARIVAL ANSELMO MATZENBACHER, N. 1052, CS 02, LT 19, QD 20, NRDR 2 ETAPA",DEL REY,"Casa, 0.00 de área total, 53.63 de área privativa, 280.00 de área do terreno,  2 qto(s), WC, 1 sala(s), cozinha.",335000.0,335000.0,0.0,Leilão SFI - Edital Único,,SAO JOSE DOS PINHAIS,PR,Não
8555536541984,"RUA ADOLFO SAVISKI, N. 601, Apto 104, BL 09",SANTO ANTONIO,"Apartamento, 0.00 de área total, 42.01 de área privativa, 0.00 de área do terreno,  2 qto(s), a.serv, WC, 1 sala(s), cozinha, 1 vaga(s) de garagem.",250000.0,250000.0,0.0,Leilão SFI - Edital Único,,SAO JOSE DOS PINHAIS,PR,Não
8787704704742,"RUA FRANCISCO DALNEGRO, N. 3057, Apto 204, BL 74 PAV 2",SANTO ANTONIO,"Apartamento, 0.00 de área total, 38.40 de área privativa, 0.00 de área do terreno,  2 qto(s), WC, 1 sala(s), cozinha, 1 vaga(s) de garagem.",197000.0,197000.0,0.0,Leilão SFI - Edital Único,,SAO JOSE DOS PINHAIS,PR,Não
1444413499718,"RUA VIRGINIO PALU, N. 43, Apto 31,  BLOCO 7",ITALIA,"Apartamento, 0.00 de área total, 43.57 de área privativa, 0.00 de área do terreno,  2 qto(s), WC, 1 sala(s), cozinha, 1 vaga(s) de garagem.",171100.0,171100.0,0.0,Leilão SFI - Edital Único,,SAO JOSE DOS PINHAIS,PR,Não
1444419345046,"RUA JOAO DOMBROWSKI, N. 341, LOTE 20 QUADRA B",PEDRO MORO,"Casa, 0.00 de área total, 220.33 de área privativa, 361.62 de área do terreno,  3 qto(s), WC, WC Emp, 1 sala(s), DCE, cozinha.",895000.0,895000.0,0.0,Leilão SFI - Edital Único,,SAO JOSE DOS PINHAIS,PR,Não
1444417434513,"RUA RAFAEL PUCHETTI, N. 1125, CS 12",ITALIA,"Casa, 341.43 de área total, 334.81 de área privativa, 199.50 de área do terreno,  4 qto(s), a.serv, WC, WC Emp, 2 sala(s), 1 lavabo(s), DCE, cozinha, Terraco, 4 vaga(s) de garagem.",1295203.75,1253500.0,0.0,Leilão SFI - Edital Único,,SAO JOSE DOS PINHAIS,PR,Não
8444414353367,"RUA ANTONIO BIZINELLI, N. 972, CS 02",COLONIA IGUACU,"Casa, 48.01 de área total, 48.01 de área privativa, 86.70 de área do terreno,  2 qto(s), a.serv, WC, 1 sala(s), cozinha.",104617.2,176540.93,40.75,Licitação Aberta,,SAO MATEUS DO SUL,PR,Não
8787707383777,"AVENIDA CUIABA, N. 2477, Apto 202, BLOCO A 2º PAVIMENTO 1º ANDAR  VAGA 45",JARDIM GRALHA AZUL,"Apartamento, 51.15 de área total, 45.73 de área privativa, 0.00 de área do terreno,  2 qto(s), WC, 1 sala(s), cozinha, 1 vaga(s) de garagem.",116028.2,165000.0,29.68,Leilão SFI - Edital Único,,SARANDI,PR,Não
8787707965342,"RUA PARIS, N. 936, Apto 301, BLOCO UNICO PAV 2",JARDIM FRANCA,"Apartamento, 47.70 de área total, 47.70 de área privativa, 0.00 de área do terreno,  2 qto(s), a.serv, WC, 1 sala(s), cozinha, 1 vaga(s) de garagem.",130000.0,130000.0,0.0,Leilão SFI - Edital Único,,SARANDI,PR,Não
8444438304820,"RUA ONOFRE RODOLFO, N. 846, D  474 A 9LOTE 04 05 06 07 08 09",JARDIM DOS IPES,"Casa, 69.66 de área total, 69.66 de área privativa, 128.50 de área do terreno,  2 qto(s), a.serv, WC, 1 sala(s), cozinha, 1 vaga(s) de garagem.",249207.19,230000.0,0.0,Leilão SFI - Edital Único,,SARANDI,PR,Não
1555514798712,"ESTANCIA RECANTO DOURADO, N. SN, LOTE 35D QUADRA 04",SERTANEJA,"Casa, 149.12 de área total, 149.12 de área privativa, 504.32 de área do terreno.",275383.51,432100.0,36.27,Licitação Aberta,,SERTANEJA,PR,Sim
8444409355438,"RUA MATILDE GOMES, N. 585, CS04",LOT SÃO VICENTE,"Casa, 71.78 de área total, 71.78 de área privativa, 124.59 de área do terreno,  3 qto(s), a.serv, WC, 1 sala(s), cozinha, 1 vaga(s) de garagem.",70479.29,137892.88,48.89,Venda Direta Online,,TAPEJARA,PR,Não
8444421742560,"RUA MANCHINI, N. 713, RES 02",JARDIM ITALIA,"Casa, 84.70 de área total, 84.70 de área privativa, 163.00 de área do terreno,  2 qto(s), varanda, a.serv, WC, cozinha.",105832.8,206000.0,48.63,Venda Direta Online,,TAPEJARA,PR,Sim
1555525514702,"AVENIDA SAO PAULO, N. 249, LT 31",LOT SÃO VICENTE,"Casa, 0.00 de área total, 104.40 de área privativa, 490.00 de área do terreno.",86577.11,158400.0,45.35,Venda Online,,TAPEJARA,PR,Não
8787710736456,"RUA SETE QUEDAS, N. SN, Apto 304, BL 03",PARQUE LIMEIRA AREA VII,"Apartamento, 54.37 de área total, 45.82 de área privativa, 0.00 de área do terreno,  2 qto(s), a.serv, WC, 1 sala(s), cozinha.",104889.24,177000.0,40.75,Licitação Aberta,,TELEMACO BORBA,PR,Não
1072500300502,"RUA TENENTE-CORONEL FLORENTINO, N. 1065,  LOTE 308",CENTRO,"Casa, 171.94 de área total, 171.94 de área privativa, 302.50 de área do terreno,  3 qto(s), a.serv, WC, 1 sala(s), cozinha, 1 vaga(s) de garagem.",254925.72,400000.0,36.27,Licitação Aberta,,TIBAGI,PR,Não
1444423942720,"RUA DO CONDOMÍNIO, N. SN, QD 128  LT 303",Centro,"Terreno, 0.00 de área total, 0.00 de área privativa, 938.56 de área do terreno.",275000.0,275000.0,0.0,Leilão SFI - Edital Único,,TIBAGI,PR,Não
1444411995211,"RUA PRESIDENTE RANIERI MAZZILI, N. 322, Apto 34, LT 06 QD 902VG 05 VG 12",JARDIM PANCERA,"Apartamento, 257.76 de área total, 257.76 de área privativa, 0.00 de área do terreno,  4 qto(s), a.serv, WC, 3 sala(s), cozinha, 2 vaga(s) de garagem.",643129.79,1035000.0,37.87,Venda Direta Online,,TOLEDO,PR,Sim
10291006,"RUA SALVADOR, N. 612, QD 39, LT 255",VILA BECKER,"Terreno, 0.00 de área total, 0.00 de área privativa, 469.00 de área do terreno.",196930.12,309000.0,36.27,Licitação Aberta,,TOLEDO,PR,Não
8555523337410,"TRAVESSA DA ALEGRIA, N. 81, QD 04 QD 62",CENTRO,"Casa, 55.88 de área total, 35.88 de área privativa, 248.41 de área do terreno,  2 qto(s), a.serv, WC, 1 sala(s), cozinha, 1 vaga(s) de garagem.",92444.76,156000.0,40.75,Venda Direta Online,,TUNEIRAS DO OESTE,PR,Não
8555527736000,"PROLONGAMENTO DA RUA JACAREZINHO, N. 210, LT 9, QD 1",CENTRO,"Casa, 47.79 de área total, 47.79 de área privativa, 240.09 de área do terreno,  2 qto(s), a.serv, WC, 1 sala(s), cozinha.",103757.54,168000.0,38.24,Venda Direta Online,,TUNEIRAS DO OESTE,PR,Não
8787710116547,"AVENIDA VITORIA, N. 5800, Apto 402, BL O BOX 102",ZONA V,"Apartamento, 70.25 de área total, 44.95 de área privativa, 0.00 de área do terreno,  2 qto(s), WC, 1 sala(s), cozinha, 1 vaga(s) de garagem.",98370.7,166000.0,40.75,Licitação Aberta,,UMUARAMA,PR,Não
8787710536872,"RUA VITÓRIA, N. 5800, Apto 204, BLOCO H, VAGA 230",ZONA V,"Apartamento, 49.80 de área total, 44.95 de área privativa, 0.00 de área do terreno,  2 qto(s), WC, 1 sala(s), cozinha, 1 vaga(s) de garagem.",103704.06,175000.0,40.75,Venda Direta Online,,UMUARAMA,PR,Não
8787707672779,"RUA VITORIA, N. 5800, Apto 402, BL I, 4º PAV, 3º ANDAR, GARAGEM Nº 219",ZONA V,"Apartamento, 70.25 de área total, 44.95 de área privativa, 0.00 de área do terreno,  2 qto(s), a.serv, WC, 1 sala(s), cozinha, 1 vaga(s) de garagem.",120882.7,200000.0,39.56,Venda Direta Online,,UMUARAMA,PR,Não
8787707697887,"AVENIDA VITORIA, N. 5800, Apto 302, BL B",ZONA V,"Apartamento, 71.25 de área total, 45.73 de área privativa, 0.00 de área do terreno,  2 qto(s), WC, 1 sala(s), cozinha, 1 vaga(s) de garagem.",118928.38,196766.59,39.56,Venda Direta Online,,UMUARAMA,PR,Não
10306960,"AVENIDA ARACAJU, N. 00, QD 22, LT 20/21-B",ZONA VII,"Terreno, 0.00 de área total, 0.00 de área privativa, 368.88 de área do terreno.",822728.48,420000.0,0.0,Leilão SFI - Edital Único,,UMUARAMA,PR,Não
1444424716286,"RUA INACIO MARTINS, N. 128, LT 30 QD 05",CRISTO REI,"Casa, 129.11 de área total, 91.00 de área privativa, 264.00 de área do terreno,  4 qto(s), a.serv, WC, 1 sala(s), cozinha.",390000.0,390000.0,0.0,Leilão SFI - Edital Único,,UNIAO DA VITORIA,PR,Não
8444415399298,"RUA DR MUNHOZ DA ROCHA, N. 79, LT 01 QD 85 UNID 02",CENTRO,"Casa, 52.56 de área total, 52.56 de área privativa, 124.46 de área do terreno,  2 qto(s), a.serv, WC, 1 sala(s), cozinha.",128135.66,212000.0,39.56,Venda Direta Online,,VITORINO,PR,Não
