link,endereco,bairro,descricao,preco,avaliacao,desconto,modalidade,foto,cidade,estado,financiamento
8555530858846,"RUA JOSE NORTE DE MEDEIROS, N. 30, 30, 0565(ANTIGA RUA PROJETADA, S/N, QU",CENTRO,"Casa, 98.00 de área total, 98.00 de área privativa, 250.00 de área do terreno,  3 qto(s), varanda, a.serv, WC, 1 sala(s), cozinha, 1 vaga(s) de garagem.",91163.2,179000.0,49.08,Venda Online,,ACARI,RN,Não
8787705455460,"RUA FRANCISCO TORRES DE MEDEIROS, N. 159, LT 124 QD 09",PETRÓPOLIS,"Casa, 55.18 de área total, 55.18 de área privativa, 312.50 de área do terreno,  2 qto(s), a.serv, WC, 1 sala(s), cozinha.",123000.0,123000.0,0.0,Leilão SFI - Edital Único,,ACARI,RN,Não
8444406528072,"R POETA EZEQUIEL LINS WANDERLEY, N. 68,",BELA VISTA,"Casa, 83.76 de área total, 83.76 de área privativa, 247.16 de área do terreno,  2 qto(s), WC, 1 sala(s), cozinha.",57982.52,119000.0,51.28,Venda Direta Online,,ACU,RN,Não
8444424773768,"RUA DR. CANTÍDIO ROSADO, N. 82, LOTE 25, QUADRA 02",QUINTA DO FAROL,"Casa, 64.77 de área total, 64.77 de área privativa, 200.00 de área do terreno,  2 qto(s), a.serv, WC, 1 sala(s), cozinha, 1 vaga(s) de garagem.",58469.77,120000.0,51.28,Venda Direta Online,,ACU,RN,Não
8444411993284,"R PREFEITO JOAO BATISTA LACERDA MONTENEGRO, N. 1174, QD 11 LT 08",FELIZ ASSU,"Casa, 52.00 de área total, 52.00 de área privativa, 202.87 de área do terreno,  2 qto(s), a.serv, WC, 1 sala(s), cozinha.",59186.32,118000.0,49.85,Venda Direta Online,,ACU,RN,Não
8555509779150,"R DR CANDIDO DA CAMARA CALDAS, N. 185, LT 08A QD 13",QUINTA DO FARO,"Casa, 0.00 de área total, 70.00 de área privativa, 237.50 de área do terreno,  2 qto(s), a.serv, WC, 1 sala(s), cozinha.",15248.9,30000.0,49.18,Venda Direta Online,,ACU,RN,Não
8444402445636,"RUA ALFERES FRANCISCO SOARES FILGUEIRA, N. 117,",QUINTA DO FAROL,"Casa, 70.00 de área total, 70.00 de área privativa, 198.00 de área do terreno,  2 qto(s), a.serv, WC, 1 sala(s), cozinha, Terraco.",51078.75,100000.0,48.93,Venda Online,,ACU,RN,Não
8444406203688,"RUA JOANA DARC DA ROCHA, N. 24, LT 522 QD I",QUINTA DO FAROL,"Casa, 45.30 de área total, 45.30 de área privativa, 200.00 de área do terreno,  2 qto(s), a.serv, WC, 1 sala(s), cozinha, 1 vaga(s) de garagem.",37422.05,73000.0,48.74,Venda Online,,ACU,RN,Não
1444406984410,"RUA MANOEL ALBANO SOBRINHO, N. 67, QD24",LOT MUN PARATI 2000,"Casa, 129.15 de área total, 129.15 de área privativa, 210.00 de área do terreno,  1 qto(s), a.serv, WC, 1 sala(s), cozinha.",90184.49,165000.0,45.35,Venda Online,,ACU,RN,Não
8444410045811,"RUA JOSE  SOARES DA CAMARA, N. 141, LT 38 QD 19",QUINTA DO FAROL,"Casa, 54.90 de área total, 54.90 de área privativa, 200.00 de área do terreno,  2 qto(s), WC, 1 sala(s), cozinha.",56733.94,98000.0,42.11,Venda Online,,ACU,RN,Não
8444403913900,"RUA JOSÉ MORAIS SOBRINHO, N. 41, LT 06 QD 10",QUINTA DO FAROL,"Casa, 70.00 de área total, 70.00 de área privativa, 200.00 de área do terreno,  3 qto(s), WC, 1 sala(s), cozinha.",78201.87,135000.0,42.08,Venda Direta Online,,ACU,RN,Não
8555501843763,"RUA CONEGO VICENTE PIMENTEL, N. 63, LT 07 QD 21",FRUTILANDIA,"Casa, 100.41 de área total, 100.41 de área privativa, 220.00 de área do terreno,  2 qto(s), a.serv, WC, 2 sala(s), DCE, cozinha.",69396.18,116000.0,40.18,Licitação Aberta,,ACU,RN,Não
1444414412390,"SENADOR JOÃO CÂMARA, N. 2551, LOTE 03 DA QUADRA 06 LOTEAMENTO BATEL",Janduis,"Comercial, 0.00 de área total, 273.40 de área privativa, 238.50 de área do terreno, WC, 3 sala(s), cozinha.",396000.0,396000.0,0.0,Leilão SFI - Edital Único,,ACU,RN,Sim
8444402837763,"RUA WALLISON DANTAS MORAIS, N. SN, LADO ÍMPAR",DOM ELISEU,"Casa, 68.83 de área total, 68.83 de área privativa, 200.00 de área do terreno,  3 qto(s), WC, 1 sala(s), cozinha.",110000.0,110000.0,0.0,Leilão SFI - Edital Único,,ACU,RN,Não
8444404884777,"RUA DAMIAO TAVARES DO NASCIMENTO, N. 309, QD 04 LT 13",QUINTA DO FAROL,"Casa, 73.00 de área total, 73.00 de área privativa, 200.00 de área do terreno,  2 qto(s), WC, 1 sala(s), cozinha.",132992.72,132992.72,0.0,Leilão SFI - Edital Único,,ACU,RN,Não
8444406237345,"AVENIDA MUSICISTA SAMUEL SANDOVAL DA FONSECA, N. 1897,",VISTA BELA,"Casa, 67.70 de área total, 67.70 de área privativa, 196.00 de área do terreno,  2 qto(s), a.serv, WC, 1 sala(s), cozinha, 1 vaga(s) de garagem.",110000.0,110000.0,0.0,Leilão SFI - Edital Único,,ACU,RN,Não
8444406970158,"RUA JOSÉ TAVARES JÚNIOR, N. 86,",VERTENTE,"Casa, 62.70 de área total, 62.70 de área privativa, 149.64 de área do terreno,  3 qto(s), WC, 1 sala(s), cozinha.",95000.0,95000.0,0.0,Leilão SFI - Edital Único,,ACU,RN,Não
8444410949338,"RUA JOSE SOARES DA CAMARA, N. 131, LT 37 QD 19",QUINTA DO FAROL,"Casa, 54.90 de área total, 54.90 de área privativa, 200.00 de área do terreno,  2 qto(s), a.serv, WC, 1 sala(s), cozinha.",90000.0,90000.0,0.0,Leilão SFI - Edital Único,,ACU,RN,Não
8444406926264,"RUA MARINHEIRO AURELIANO LOPO, N. 1178,",CENTRO,"Casa, 65.00 de área total, 65.00 de área privativa, 190.95 de área do terreno,  2 qto(s), a.serv, WC, 1 sala(s), cozinha.",120000.0,120000.0,0.0,Leilão SFI - Edital Único,,ACU,RN,Não
8555509841905,"RUA POETISA ANA ANGELINA S. DE MACEDO, N. 110,",BELA VISTA,"Casa, 70.00 de área total, 70.00 de área privativa, 300.00 de área do terreno,  2 qto(s), a.serv, WC, 1 sala(s), cozinha, Terraco.",67135.23,66000.0,0.0,Leilão SFI - Edital Único,,ACU,RN,Não
8444408132109,"AVENIDA VICENTE BARBOSA TINOCO, N. 1712, LT 07 QD 05",FELIZ ASSU,"Casa, 52.00 de área total, 52.00 de área privativa, 200.10 de área do terreno,  2 qto(s), a.serv, WC, 1 sala(s), cozinha, 1 vaga(s) de garagem.",71310.32,70000.0,0.0,Leilão SFI - Edital Único,,ACU,RN,Não
8444404388982,"RUA JOAO B. W. DE SA LEITAO, N. 248, F138",AÇU,"Casa, 76.00 de área total, 76.00 de área privativa, 200.00 de área do terreno,  3 qto(s), WC, 1 sala(s), cozinha, 1 vaga(s) de garagem.",109001.94,100000.0,0.0,Leilão SFI - Edital Único,,ACU,RN,Não
8444402607709,"RUA ANTONIO VERISSIMO DA SILVA, N. 408, QD 8 LT 23",QUINTA DO FAROL,"Casa, 70.00 de área total, 70.00 de área privativa, 200.00 de área do terreno,  2 qto(s), WC, 1 sala(s), cozinha.",96570.95,76500.0,0.0,Leilão SFI - Edital Único,,ACU,RN,Não
8444409069907,"RUA JOAO MACIEL DA SILVA, N. 102,",QUINTA DO FAROL,"Casa, 75.50 de área total, 75.50 de área privativa, 200.00 de área do terreno,  2 qto(s), WC, 2 sala(s), cozinha, 1 vaga(s) de garagem.",118369.45,67000.0,0.0,Leilão SFI - Edital Único,,ACU,RN,Não
10308716,"RUA PAPACAPIM, N. 00, QD 03, LT 07 - MEL DE BAIXO - ÁREA RUR",POVOADO PONTA DO MEL,"Terreno, 0.00 de área total, 0.00 de área privativa, 280.00 de área do terreno.",109000.0,109000.0,0.0,Leilão SFI - Edital Único,,AREIA BRANCA,RN,Não
8444424508258,"RUA PRAIA DE CAIÇARA DO NORTE, N. 193, CS B QD 21",CENTRO,"Casa, 66.50 de área total, 66.50 de área privativa, 133.33 de área do terreno,  2 qto(s), a.serv, WC, 1 sala(s), cozinha, 1 vaga(s) de garagem.",74146.96,128000.0,42.08,Venda Direta Online,,BOM JESUS,RN,Não
8444410476960,"RUA MARIA DA GUIA DE ARAUJO, N. 45,",LOT CAMPO BELO,"Casa, 97.21 de área total, 97.21 de área privativa, 200.00 de área do terreno,  2 qto(s), a.serv, WC, 1 sala(s), cozinha, 1 vaga(s) de garagem.",53428.33,110000.0,51.43,Venda Direta Online,,CAMPO REDONDO,RN,Não
8444405564652,"RUA CIPRIANO PACHECO, N. SN,",CENTRO,"Casa, 77.25 de área total, 44.62 de área privativa, 71.94 de área do terreno,  1 qto(s), a.serv, WC, 1 sala(s), cozinha.",45004.25,84000.0,46.43,Venda Online,,CAMPO REDONDO,RN,Não
8444403153388,"RUA PROJETADA 07, N. S/N, QD A, LT 02",CENTRO,"Casa, 0.00 de área total, 64.00 de área privativa, 231.04 de área do terreno,  2 qto(s), a.serv, WC, 1 sala(s), cozinha, Terraco, 1 vaga(s) de garagem.",28601.46,88221.02,67.58,Venda Direta Online,,CANGUARETAMA,RN,Não
8444408935619,"RUA PROJETADA 7, LT 06, QD E",LAGOA DE SAO JOAO,"Casa, 0.00 de área total, 64.00 de área privativa, 0.00 de área do terreno,  2 qto(s), varanda, a.serv, WC, 1 sala(s), cozinha, 1 vaga(s) de garagem.",27041.34,72000.0,62.45,Venda Direta Online,,CANGUARETAMA,RN,Não
8444409257550,"RUA OCEANIA PROJETADA 7, LT 03, QD B",LAGOA DE SAO JOAO,"Casa, 0.00 de área total, 63.00 de área privativa, 0.00 de área do terreno,  2 qto(s), varanda, a.serv, WC, 1 sala(s), cozinha, 1 vaga(s) de garagem.",24956.49,66448.91,62.45,Venda Direta Online,,CANGUARETAMA,RN,Não
8444412748569,"RUA OCEANIA - PROJETADA 07, N. SN, LT 04",LOT ANTILHAS,"Casa, 0.00 de área total, 63.00 de área privativa, 231.04 de área do terreno,  2 qto(s), WC, 1 sala(s), cozinha, Terraco, 1 vaga(s) de garagem.",41967.41,95000.0,55.83,Venda Direta Online,,CANGUARETAMA,RN,Não
8444404340572,"RUA OCEANIA PROJETADA 7, N. SN, LT 06 QD A",LAGOA DE SAO JOAO,"Casa, 0.00 de área total, 128.00 de área privativa, 231.04 de área do terreno,  2 qto(s), a.serv, WC, 1 sala(s), cozinha, Terraco.",38308.27,83000.0,53.85,Venda Direta Online,,CANGUARETAMA,RN,Não
8444411323327,"RUA OCEANIA PROJETADA 07, N. SN, LT 17  QD A",LOT ANTILHAS,"Casa, 0.00 de área total, 80.00 de área privativa, 231.04 de área do terreno,  2 qto(s), WC, 1 sala(s), cozinha, 2 vaga(s) de garagem.",57074.38,122000.0,53.22,Venda Online,,CANGUARETAMA,RN,Não
8444408025329,"RUA OCEANIA PROJETADA, N. 7, Q B LOT 5",BAIRRO LAGOA DE SAO,"Casa, 0.00 de área total, 63.00 de área privativa, 231.04 de área do terreno.",49352.08,103000.0,52.09,Venda Direta Online,,CANGUARETAMA,RN,Não
8444403163952,"RUA PROJETADA 7, N. SN, LOTE 03 QUADRA A",LAGOA DE SAO JOAO,"Casa, 64.00 de área total, 64.00 de área privativa, 231.04 de área do terreno,  2 qto(s), a.serv, WC, 1 sala(s), cozinha, Terraco, 1 vaga(s) de garagem.",54997.19,95000.0,42.11,Venda Online,,CANGUARETAMA,RN,Não
8444403942781,"RUA  OCEANIA  PROJETADA 07, N. SN, LT 08",CANGUARETAMA,"Casa, 64.00 de área total, 64.00 de área privativa, 231.04 de área do terreno,  2 qto(s), a.serv, WC, 1 sala(s), cozinha, Terraco, 1 vaga(s) de garagem.",48215.58,83000.0,41.91,Venda Direta Online,,CANGUARETAMA,RN,Não
8444411006585,"RUA ANTONIO GOMES DE MELO, N. 158,",LEANDRO BEZERRA,"Casa, 0.00 de área total, 79.80 de área privativa, 134.25 de área do terreno,  2 qto(s), a.serv, WC, 1 sala(s), cozinha.",56581.95,128000.0,55.8,Venda Direta Online,,CARAUBAS,RN,Não
8444403175071,"RUA TABELIÃO REINALDO FERNANDES PIMENTA, N. 33,",VEREADOR AROLDO MAIA,"Casa, 112.91 de área total, 112.91 de área privativa, 163.20 de área do terreno,  2 qto(s), a.serv, WC, 2 sala(s), cozinha, 1 vaga(s) de garagem.",81000.0,135000.0,40.0,Leilão SFI - Edital Único,,CARAUBAS,RN,Não
8444410992489,"RUA VEREADOR MELKZEDEQUE MARCELINO DE ANDRADE, N. S/N, Apto LOT, LT 154-A",CASINHAS,"Casa, 0.00 de área total, 45.30 de área privativa, 291.90 de área do terreno,  2 qto(s), a.serv, WC, 1 sala(s), cozinha, 1 vaga(s) de garagem.",21336.53,77000.0,72.3,Venda Online,,CARNAUBAIS,RN,Não
8444408778831,"RUA RIVADÁVIA ALVES CABRAL, N. 309,",JOAO TEIXEIRA FILHO,"Casa, 66.42 de área total, 66.42 de área privativa, 200.00 de área do terreno,  2 qto(s), WC, 1 sala(s), cozinha.",51897.34,103000.0,49.62,Venda Online,,CARNAUBAIS,RN,Não
8444410909875,"RUA VER. MELKZEDEQUE MARCELINO DE ANDRADE, N. 159,",CASINHAS,"Terreno, 0.00 de área total, 0.00 de área privativa, 291.90 de área do terreno.",10252.61,20000.0,48.74,Venda Online,,CARNAUBAIS,RN,Não
8444406403091,"RUA LOURIVAL FONSECA, N. SN, LT 42",PACHECO,"Casa, 52.00 de área total, 52.00 de área privativa, 200.00 de área do terreno,  2 qto(s), a.serv, WC, 1 sala(s), cozinha, 1 vaga(s) de garagem.",53999.76,105000.0,48.58,Venda Online,,CARNAUBAIS,RN,Não
8444402900597,"RUA LOURIVAL FONSECA, N. 77,",BAIRRO PACHECO,"Casa, 52.00 de área total, 52.00 de área privativa, 200.00 de área do terreno,  2 qto(s), WC, 1 sala(s), cozinha.",42871.2,82000.0,47.72,Venda Direta Online,,CARNAUBAIS,RN,Não
8444409361640,"VEREADOR GIANNY MARA PEREIRA WANDERLEI, N. 0, 00, 1A",CASINHAS CARNAUBAIS,"Terreno, 45.50 de área total, 0.00 de área privativa, 220.00 de área do terreno.",31369.17,60000.0,47.72,Venda Direta Online,,CARNAUBAIS,RN,Não
8444409410030,"VER. GIANNY MARA PEREIRA VANDERLEY, N. 0, LT 20,",CASINHAS,"Casa, 45.30 de área total, 45.30 de área privativa, 291.90 de área do terreno,  2 qto(s), WC, 1 sala(s), cozinha.",32414.81,62000.0,47.72,Venda Direta Online,,CARNAUBAIS,RN,Não
8444408026848,"R LOURIVAL FONSECA, N. 28, LT 6",PACHECO,"Casa, 60.00 de área total, 60.00 de área privativa, 160.00 de área do terreno,  2 qto(s), a.serv, WC, 1 sala(s), cozinha, Terraco.",57891.78,100000.0,42.11,Venda Direta Online,,CARNAUBAIS,RN,Não
8444413167497,"RUA PROJETADA, N. 169, LT B",CONJ JOÃO TEIXEIRA F,"Casa, 57.39 de área total, 57.39 de área privativa, 151.25 de área do terreno,  2 qto(s), WC, 1 sala(s), cozinha.",49786.93,86000.0,42.11,Venda Direta Online,,CARNAUBAIS,RN,Não
8444406283363,"RUA LUIZ LUCAS DA FONSECA, N. SN,",CENTRO,"Casa, 0.00 de área total, 45.30 de área privativa, 144.00 de área do terreno,  2 qto(s), WC, 1 sala(s), cozinha.",75000.0,75000.0,0.0,Leilão SFI - Edital Único,,CARNAUBAIS,RN,Não
8555540065784,"RUA SENADOR JOAO FAUSTINO, N. 1124, QD D LT 02",LOTEAMENTO RUY PEREI,"Casa, 0.00 de área total, 46.94 de área privativa, 200.00 de área do terreno,  2 qto(s), WC, 1 sala(s), cozinha.",7200.0,72000.0,90.0,Venda Online,,CEARA-MIRIM,RN,Não
8555532707160,"RUA NILCEA DE SA DANTAS, N. 272",PLANALTO,"Casa, 46.94 de área total, 46.94 de área privativa, 200.00 de área do terreno,  2 qto(s), WC, 1 sala(s), cozinha.",16525.26,74940.9,77.95,Venda Direta Online,,CEARA-MIRIM,RN,Não
8444421756889,"RUA PETRÓPOLIS, N. 185, LOTE 109 QUADRA 07",Planalto,"Casa, 59.37 de área total, 59.37 de área privativa, 0.00 de área do terreno,  2 qto(s), WC, 1 sala(s), cozinha, Terraco, 1 vaga(s) de garagem.",18706.5,83000.0,77.47,Venda Direta Online,,CEARA-MIRIM,RN,Não
8444428629742,"RUA GOIABEIRA, N. 500, LT 08 QD J",DIST MANGABEIRA,"Casa, 0.00 de área total, 55.24 de área privativa, 243.00 de área do terreno,  2 qto(s), varanda, a.serv, WC, 1 sala(s), cozinha.",18953.49,83000.0,77.17,Venda Direta Online,,CEARA-MIRIM,RN,Não
8787700991640,"RUA MARGARIDA DE OLIVEIRA BRANDÃO, N. 423, LOTE 08 QUADRA 01",Planalto,"Casa, 0.00 de área total, 48.90 de área privativa, 200.00 de área do terreno,  2 qto(s), a.serv, WC, 1 sala(s), cozinha, Terraco.",16224.8,68600.0,76.35,Venda Online,,CEARA-MIRIM,RN,Não
8555532560461,"RUA NILCEA DE SA DANTAS, N. 312, LOT 16 QD J",PLANALTO,"Casa, 46.94 de área total, 46.94 de área privativa, 200.00 de área do terreno,  2 qto(s), a.serv, WC, 1 sala(s), cozinha.",18250.95,77000.0,76.3,Venda Direta Online,,CEARA-MIRIM,RN,Não
8444409648052,"RUA COQUEIROS, N. 354, QD E LT A-2",LAGOA DO COSME,"Casa, 0.00 de área total, 60.48 de área privativa, 208.25 de área do terreno,  2 qto(s), a.serv, WC, 1 sala(s), cozinha, Terraco.",28230.78,109000.0,74.11,Venda Direta Online,,CEARA-MIRIM,RN,Não
8555537477732,"RUA RAIMUNDO VARELA, N. 70, QD G LT 14",PLANALTO,"Casa, 0.00 de área total, 46.94 de área privativa, 200.00 de área do terreno,  2 qto(s), a.serv, WC, 1 sala(s), cozinha.",20858.22,80000.0,73.93,Venda Direta Online,,CEARA-MIRIM,RN,Não
8444415701830,"RUA HELIO VENANCIO RODRIGUES, N. 793, LOTE 330 QUADRA 12",BAIRRO PLANALTO,"Casa, 59.37 de área total, 59.37 de área privativa, 200.00 de área do terreno,  2 qto(s), WC, 1 sala(s), cozinha, 1 vaga(s) de garagem.",22595.97,86000.0,73.73,Venda Direta Online,,CEARA-MIRIM,RN,Não
8444416569685,"RUA MES DE OUTUBRO, N. 116, LOTE 54 QUADRA 04",SAO GERALDO,"Casa, 66.50 de área total, 66.50 de área privativa, 200.00 de área do terreno,  2 qto(s), WC, 1 sala(s), sacada, cozinha.",26011.64,99000.0,73.73,Venda Direta Online,,CEARA-MIRIM,RN,Não
8444424677793,"RUA JOSE DA PENHA, N. 40, LOTE 04 QD 01 LT 04",PLANALTO,"Casa, 0.00 de área total, 48.90 de área privativa, 200.97 de área do terreno,  2 qto(s), a.serv, WC, 1 sala(s), cozinha, Terraco.",22595.97,86000.0,73.73,Venda Direta Online,,CEARA-MIRIM,RN,Não
8444425697925,"RUA PONTA NEGRA LOTE 77 QUADRA 05, N. 116, CASA",SAO GERALDO,"Casa, 59.37 de área total, 59.37 de área privativa, 200.00 de área do terreno,  2 qto(s), WC, 1 sala(s), cozinha, Terraco, 1 vaga(s) de garagem.",24172.44,92000.0,73.73,Venda Direta Online,,CEARA-MIRIM,RN,Não
8444425846700,"RUA RUA ALECRIM, N. 5230, LT 56 QD 05",SAO GERALDO,"Casa, 0.00 de área total, 119.37 de área privativa, 220.21 de área do terreno,  2 qto(s), WC, 1 sala(s), cozinha, Terraco, 1 vaga(s) de garagem.",26011.64,99000.0,73.73,Venda Direta Online,,CEARA-MIRIM,RN,Não
8555532818612,"RUA NILCEA DE SA DANTAS, N. 262, LOTE 06 QUADRA J",PLANALTO,"Casa, 46.94 de área total, 46.94 de área privativa, 200.00 de área do terreno,  2 qto(s), WC, 1 sala(s), cozinha.",22229.71,84606.0,73.73,Venda Direta Online,,CEARA-MIRIM,RN,Não
8555532566443,"RUA NILCEA DE SÁ DANTAS, N. 242, QD J, LT 02",PLANALTO,"Casa, 0.00 de área total, 46.94 de área privativa, 200.00 de área do terreno,  2 qto(s), a.serv, WC, 1 sala(s), cozinha.",22154.18,84000.0,73.63,Venda Direta Online,,CEARA-MIRIM,RN,Não
8555533093409,"RUA IVONETE COSTA, N. 30, B44",ZONA URBANA,"Casa, 46.94 de área total, 46.94 de área privativa, 200.00 de área do terreno,  2 qto(s), WC, 1 sala(s), cozinha, 1 vaga(s) de garagem.",19780.52,75000.0,73.63,Venda Direta Online,,CEARA-MIRIM,RN,Não
8555534887930,"RUA ITAMAR MARINHO, N. 164, LOTE 16 QUADRA K",LOTEAMENTO RUY PEREI,"Casa, 46.94 de área total, 46.94 de área privativa, 200.00 de área do terreno,  2 qto(s), WC, 1 sala(s), cozinha, 1 vaga(s) de garagem.",13187.01,50000.0,73.63,Venda Direta Online,,CEARA-MIRIM,RN,Não
8555535241413,"RUA JOAO DUTRA DE ALMEIDA, N. 160, QUADRA G, LOTE 27",PLANALTO,"Casa, 46.94 de área total, 46.94 de área privativa, 200.00 de área do terreno,  2 qto(s), WC, 1 sala(s), cozinha.",15824.42,60000.0,73.63,Venda Direta Online,,CEARA-MIRIM,RN,Não
8555536190448,"RUA ZILAR SOARES, N. 165, QD K LT 36",Centro,"Casa, 0.00 de área total, 46.94 de área privativa, 220.00 de área do terreno,  2 qto(s), WC, 1 sala(s), cozinha, Terraco, 1 vaga(s) de garagem.",18461.82,70000.0,73.63,Venda Direta Online,,CEARA-MIRIM,RN,Não
8555537460473,"RUA RAIMUNDO VARELA, N. 90, LT 03, QD O",PLANALTO,"Casa, 0.00 de área total, 46.94 de área privativa, 200.00 de área do terreno,  2 qto(s), a.serv, WC, 1 sala(s), cozinha.",13450.75,51000.0,73.63,Venda Direta Online,,CEARA-MIRIM,RN,Não
8555537477333,"RUA RAIMUNDO VARELA, N. 141, LT 15 QD L",LOT RES RUY PEREIRA,"Casa, 0.00 de área total, 46.94 de área privativa, 200.00 de área do terreno,  2 qto(s), WC, 1 sala(s), cozinha.",21626.7,82000.0,73.63,Venda Direta Online,,CEARA-MIRIM,RN,Não
8555537604319,"RUA ABRAHÃO BARRETO, N. 133, QD Q-O LT 25 LOT RUY PEREIRA",PLANALTO,"Casa, 0.00 de área total, 46.94 de área privativa, 200.00 de área do terreno,  2 qto(s), WC, 1 sala(s), cozinha, 1 vaga(s) de garagem.",18461.82,70000.0,73.63,Venda Direta Online,,CEARA-MIRIM,RN,Não
8555534797850,"RUA ITAMAR MARINHO, N. 194, LT 19",RUY PEREIRA,"Casa, 0.00 de área total, 46.94 de área privativa, 200.00 de área do terreno,  2 qto(s), WC, 1 sala(s), cozinha, 1 vaga(s) de garagem.",18704.1,70000.0,73.28,Venda Direta Online,,CEARA-MIRIM,RN,Não
8444428232079,"AVENIDA DOS CANAVIAIS, N. 334, LT 08 QD 13",NOVOS TEMPOS,"Casa, 0.00 de área total, 57.30 de área privativa, 106.50 de área do terreno,  2 qto(s), a.serv, WC, 1 sala(s), cozinha.",25953.53,94000.0,72.39,Venda Online,,CEARA-MIRIM,RN,Não
8555533702456,"RUA SENADOR JOAO FAUSTINO, N. 1024, LOTE 17 QUADRA B",PLANALTO,"Casa, 0.00 de área total, 46.94 de área privativa, 200.00 de área do terreno,  2 qto(s), WC, 1 sala(s), cozinha, 1 vaga(s) de garagem.",24573.02,89000.0,72.39,Venda Direta Online,,CEARA-MIRIM,RN,Não
1444400379867,"RUA DOS CANAVIAIS, N. 362, 13321",NOVOS TEMPOS,"Casa, 0.00 de área total, 63.54 de área privativa, 360.00 de área do terreno,  2 qto(s), WC, 1 sala(s), cozinha, Terraco.",18784.67,68000.0,72.38,Venda Direta Online,,CEARA-MIRIM,RN,Não
8555532970317,"RUA RUA SENADOR JOAO FAUSTINO ANTIGA RUA DOMINGOS, N. 974, LT 12 QD B",PLANALTO,"Casa, 0.00 de área total, 48.52 de área privativa, 160.00 de área do terreno,  2 qto(s), WC, 1 sala(s), cozinha, Terraco.",24711.06,85500.0,71.1,Venda Direta Online,,CEARA-MIRIM,RN,Não
8555534727215,"RUA RUA ITAMAR MARINHO ANTIGA RUA DOMINGOS SAVIO T, N. 223, LT 22 QD G",PLANALTO,"Casa, 0.00 de área total, 46.94 de área privativa, 200.00 de área do terreno,  2 qto(s), WC, 1 sala(s), cozinha.",24855.57,86000.0,71.1,Venda Direta Online,,CEARA-MIRIM,RN,Não
8444408892626,"RUA CIDADE DA ESPERANÇA, N. 137",SAO GERALDO,"Casa, 59.94 de área total, 59.94 de área privativa, 200.00 de área do terreno,  2 qto(s), a.serv, WC, 1 sala(s), cozinha, 1 vaga(s) de garagem.",18567.31,64000.0,70.99,Venda Direta Online,,CEARA-MIRIM,RN,Não
8555531027654,"AVENIDA ADAUTO ROCHA, N. 852, LOTE 09 QUADRA N",LOTEAMENTO RESIDENCI,"Casa, 46.94 de área total, 46.94 de área privativa, 200.00 de área do terreno,  2 qto(s), WC, 1 sala(s), cozinha.",20308.0,70000.0,70.99,Venda Direta Online,,CEARA-MIRIM,RN,Não
8555532913780,"RUA DOMINGOS SAVIO TITO, N. 261, LT 05 QD J",PLANALTO,"Casa, 46.94 de área total, 46.94 de área privativa, 200.00 de área do terreno,  2 qto(s), WC, 1 sala(s), cozinha.",18159.86,62595.55,70.99,Venda Direta Online,,CEARA-MIRIM,RN,Não
8555533003060,"RUA NILCEA DE SA DANTAS, N. 59, LT 02 QD B",Centro,"Casa, 46.94 de área total, 46.94 de área privativa, 200.00 de área do terreno,  2 qto(s), WC, 1 sala(s), cozinha.",17987.09,62000.0,70.99,Venda Direta Online,,CEARA-MIRIM,RN,Não
8555533003779,"RUA DOMINGOS SAVIO TITO, N. 311, LOTE 15 QUADRA J",Centro,"Casa, 46.94 de área total, 46.94 de área privativa, 200.00 de área do terreno,  2 qto(s), WC, 1 sala(s), cozinha.",22338.8,77000.0,70.99,Venda Direta Online,,CEARA-MIRIM,RN,Não
8555534850700,"RUA ITAMAR MARINHO, N. 124, CASA",Centro,"Casa, 46.94 de área total, 46.94 de área privativa, 200.00 de área do terreno,  2 qto(s), WC, 1 sala(s), cozinha.",24079.48,83000.0,70.99,Venda Direta Online,,CEARA-MIRIM,RN,Não
8555536187013,"RUA ZILAR SOARES N 136 L04, N. 136, LOTE 04 QUADRA L",PLANALTO,"Casa, 0.00 de área total, 46.94 de área privativa, 200.00 de área do terreno,  2 qto(s), WC, 1 sala(s), cozinha.",11894.68,41000.0,70.99,Venda Direta Online,,CEARA-MIRIM,RN,Não
8555538709335,"RUA ABRAHAO BARRETO QUADRA QQ LOTE 02, N. 94, CASA",PLANALTO,"Casa, 46.94 de área total, 46.94 de área privativa, 200.00 de área do terreno,  2 qto(s), WC, 1 sala(s), cozinha.",22919.03,79000.0,70.99,Venda Direta Online,,CEARA-MIRIM,RN,Não
8555539865730,"RUA ABRAHAO BARRETTO, N. 134, LT 06 QD QQ",Centro,"Casa, 46.94 de área total, 46.94 de área privativa, 200.00 de área do terreno,  2 qto(s), WC, 1 sala(s), cozinha.",24079.48,83000.0,70.99,Venda Direta Online,,CEARA-MIRIM,RN,Não
8555538601020,"RUA RUA ABRAHAO BARRETTO, N. 104, QUADRA QQ LOTE 03",CENTRO,"Casa, 46.94 de área total, 46.94 de área privativa, 200.00 de área do terreno,  2 qto(s), WC, 1 sala(s), cozinha.",23789.37,82000.0,70.99,Venda Direta Online,,CEARA-MIRIM,RN,Não
1444419507607,"RUA GOIABEIRA, N. 490, LT 09 QD J",MANGABEIRA,"Casa, 0.00 de área total, 55.24 de área privativa, 243.00 de área do terreno,  2 qto(s), a.serv, WC, 1 sala(s), cozinha, Terraco.",27937.09,96000.0,70.9,Venda Direta Online,,CEARA-MIRIM,RN,Não
8444415236801,"RUA CAMPO DAS PRINCESAS, N. 60",MASSARANDUBA,"Casa, 48.52 de área total, 48.52 de área privativa, 160.00 de área do terreno,  2 qto(s), WC, 1 sala(s), cozinha, Terraco, 1 vaga(s) de garagem.",25735.76,85000.0,69.73,Venda Direta Online,,CEARA-MIRIM,RN,Não
8555532281325,"RUA DOMINGOS SAVIO TITO, N. 157, LT 01 QD F",PLANALTO,"Casa, 0.00 de área total, 46.94 de área privativa, 200.00 de área do terreno,  2 qto(s), WC, 1 sala(s), cozinha.",20879.32,68500.0,69.52,Venda Direta Online,,CEARA-MIRIM,RN,Não
8555539012729,"RUA MURILO LOSSIO, N. 125, QD QQ LT 26",PLANALTO,"Casa, 0.00 de área total, 46.94 de área privativa, 200.00 de área do terreno,  2 qto(s), WC, 1 sala(s), cozinha.",24079.79,79000.0,69.52,Venda Direta Online,,CEARA-MIRIM,RN,Não
8444411022319,"RUA MEANDRO, N. 55, LT 07",VARZEA DE DENTRO,"Casa, 0.00 de área total, 50.75 de área privativa, 200.00 de área do terreno,  2 qto(s), a.serv, WC, 1 sala(s), cozinha.",26388.03,86000.0,69.32,Venda Direta Online,,CEARA-MIRIM,RN,Não
8555535994535,"RUA ODETE MATIAS DE LIMA, N. 251, LOTE 24, QUADRA Q-K",LOT RUY PEREIRA,"Casa, 0.00 de área total, 46.94 de área privativa, 200.00 de área do terreno,  2 qto(s), WC, 1 sala(s), cozinha.",27922.21,91000.0,69.32,Venda Direta Online,,CEARA-MIRIM,RN,Não
8444417152591,"RUA PRINCESA MARIA FRANCISCA, N. 65, LT 12/14 QD17 UN 03",MASSARANDUBA,"Casa, 0.00 de área total, 56.89 de área privativa, 137.50 de área do terreno,  2 qto(s), a.serv, WC, 1 sala(s), cozinha.",27001.7,88000.0,69.32,Venda Direta Online,,CEARA-MIRIM,RN,Não
8555534112326,"RUA IVONETE COSTA 178, N. 178, QD G, LT 42",PLANALTO,"Casa, 0.00 de área total, 46.94 de área privativa, 200.00 de área do terreno,  2 qto(s), WC, 1 sala(s), cozinha.",22185.56,72000.0,69.19,Venda Direta Online,,CEARA-MIRIM,RN,Não
8555539931201,"RUA MURILO LOSSIO, N. 165, QD QQ   LOT 22",PLANALTO,"Casa, 0.00 de área total, 46.94 de área privativa, 200.00 de área do terreno,  2 qto(s), a.serv, WC, 1 sala(s), cozinha.",19104.24,62000.0,69.19,Venda Direta Online,,CEARA-MIRIM,RN,Não
8555540090649,"RUA SENADOR JOAO FAUSTINO, N. 1144, LT 04, QD D",LOT RES RUY GUERRA,"Casa, 0.00 de área total, 46.94 de área privativa, 200.00 de área do terreno,  2 qto(s), WC, 1 sala(s), cozinha.",19412.37,63000.0,69.19,Venda Direta Online,,CEARA-MIRIM,RN,Não
8444412572096,"RUA  DJALMA VITORINO, N. 505, LT 272QD 10",PARAISO DE CEARAMIRI,"Casa, 0.00 de área total, 55.22 de área privativa, 200.00 de área do terreno,  2 qto(s), a.serv, WC, 1 sala(s), cozinha, Terraco, 1 vaga(s) de garagem.",28691.63,91000.0,68.48,Venda Direta Online,,CEARA-MIRIM,RN,Não
8555530369160,"RUA ABILIO MARINHO, N. 693, LOTE 35 QUADRA K",Centro,"Casa, 46.94 de área total, 46.94 de área privativa, 200.00 de área do terreno,  2 qto(s), WC, 1 sala(s), cozinha.",16900.47,53400.0,68.36,Venda Direta Online,,CEARA-MIRIM,RN,Não
8555536588875,"RUA PLACIDO ARRAIS, N. 361, LT 3, QD-L",RUY PEREIRA,"Casa, 0.00 de área total, 46.94 de área privativa, 266.60 de área do terreno,  2 qto(s), WC, 1 sala(s), cozinha.",23468.62,74000.0,68.29,Venda Direta Online,,CEARA-MIRIM,RN,Não
8555536370683,"RUA ZILAR SOARES, N. 176, QD L, LT 08",PLANALTO,"Casa, 46.94 de área total, 46.94 de área privativa, 200.00 de área do terreno,  2 qto(s), a.serv, WC, 1 sala(s), cozinha.",12043.41,37000.0,67.46,Venda Direta Online,,CEARA-MIRIM,RN,Não
8555538836868,"RUA ABRAHÃO BARRETO, N. 144, LT 07 QD Q-Q",PLANALTO,"Casa, 0.00 de área total, 46.94 de área privativa, 200.00 de área do terreno,  2 qto(s), WC, 1 sala(s), cozinha.",29739.64,90000.0,66.96,Venda Direta Online,,CEARA-MIRIM,RN,Não
8555537837216,"RUA RAIMUNDO VARELA, N. 190, QUADRA Q-O, LOTE 13",PLANALTO,"Casa, 0.00 de área total, 46.94 de área privativa, 200.00 de área do terreno,  2 qto(s), WC, 1 sala(s), cozinha.",6968.54,21000.0,66.82,Venda Direta Online,,CEARA-MIRIM,RN,Não
8444407753843,"RUA ENGENHO PALMEIRAS, N. 1221, LT 12, QD Q5G",PLANALTO,"Casa, 0.00 de área total, 49.69 de área privativa, 200.00 de área do terreno,  2 qto(s), a.serv, WC, 1 sala(s), cozinha, Terraco, 1 vaga(s) de garagem.",39058.0,115600.0,66.22,Venda Direta Online,,CEARA-MIRIM,RN,Não
8555528738600,"RUA NUBIA SANTIAGO, N. 561, LT 24 QD I LOT RES OTAVIO PRAXEDES",PLANALTO,"Casa, 0.00 de área total, 46.94 de área privativa, 200.00 de área do terreno,  2 qto(s), WC, 1 sala(s), cozinha.",30741.03,90000.0,65.85,Venda Direta Online,,CEARA-MIRIM,RN,Não
8444408717352,"RUA TRAIRY N407 LTA1 DISTRITO DE PONTA DO MATO, N. 407, LTA1 DISTRITO DE PONTA DO MATO",PONTA DO MATO,"Casa, 0.00 de área total, 49.59 de área privativa, 249.94 de área do terreno,  2 qto(s), WC, 1 sala(s), cozinha, Terraco.",29033.19,85000.0,65.85,Venda Direta Online,,CEARA-MIRIM,RN,Não
8555533481972,"RUA HELDER DANTAS, N. 33, LT 40 QD B",PLANALTO,"Casa, 0.00 de área total, 46.94 de área privativa, 220.00 de área do terreno,  2 qto(s), WC, 1 sala(s), cozinha.",27326.13,79700.0,65.72,Venda Direta Online,,CEARA-MIRIM,RN,Não
8444407538560,"RUA RUA CABUGI, N. 92, QD A LT 06",PONTA DO MATO,"Casa, 0.00 de área total, 57.15 de área privativa, 262.50 de área do terreno,  2 qto(s), WC, 1 sala(s), cozinha, 1 vaga(s) de garagem.",26057.54,76000.0,65.72,Venda Direta Online,,CEARA-MIRIM,RN,Não
8555535184894,"RUA ITAMAR MARINHO, N. 174, QD-K, LT 17",SANTA AGUEDA,"Casa, 0.00 de área total, 46.94 de área privativa, 200.00 de área do terreno,  2 qto(s), WC, 1 sala(s), cozinha, 1 vaga(s) de garagem.",28743.94,82000.0,64.95,Venda Direta Online,,CEARA-MIRIM,RN,Não
8555536586449,"RUA ADRIANA CESAR VERAS, N. 51, LT30 QDB",PLANALTO,"Casa, 0.00 de área total, 55.81 de área privativa, 200.00 de área do terreno,  2 qto(s), WC, 1 sala(s), cozinha.",33021.72,92000.0,64.11,Venda Direta Online,,CEARA-MIRIM,RN,Não
8555528972238,"RUA NUBIA SANTIAGO, N. 542, .",RES OTAVIO PRAXEDES,"Casa, 0.00 de área total, 46.94 de área privativa, 200.00 de área do terreno,  2 qto(s), WC, 1 sala(s), cozinha, 1 vaga(s) de garagem.",25576.12,71000.0,63.98,Venda Direta Online,,CEARA-MIRIM,RN,Não
8555532613433,"RUA NILCEA DE SA DANTAS, N. 342, QD J LT 22",BARRETAO,"Casa, 0.00 de área total, 46.94 de área privativa, 200.00 de área do terreno,  2 qto(s), a.serv, WC, 1 sala(s), cozinha.",22154.18,60000.0,63.08,Venda Direta Online,,CEARA-MIRIM,RN,Não
8444423957083,"RUA MARGARIDA DE OLIVEIRA BRANDAO ANT. RUA PROJ 14, N. 415, QD 01 LT 06",CENTRO,"Casa, 0.00 de área total, 48.90 de área privativa, 200.00 de área do terreno,  2 qto(s), a.serv, WC, 1 sala(s), cozinha, Terraco, 1 vaga(s) de garagem.",22154.18,60000.0,63.08,Venda Direta Online,,CEARA-MIRIM,RN,Não
8444421162580,"RUA PRINCESA DO AGRESTE, N. 270, CS04",MASSARANDUBA,"Casa, 0.00 de área total, 57.73 de área privativa, 166.67 de área do terreno,  2 qto(s), a.serv, WC, 1 sala(s), cozinha, Terraco.",35537.56,95000.0,62.6,Venda Direta Online,,CEARA-MIRIM,RN,Não
8444410397416,"RUA ENGENHO LARANJEIRAS, N. 1737, LT 10 QD A",PLANALTO,"Casa, 0.00 de área total, 53.81 de área privativa, 200.00 de área do terreno,  2 qto(s), varanda, a.serv, WC, 1 sala(s), cozinha, 1 vaga(s) de garagem.",38267.65,99000.0,61.35,Venda Direta Online,,CEARA-MIRIM,RN,Não
8444408585022,"RUA RUA ENGENHO LARANJEIRAS, N. 1565",PLANALTO,"Casa, 0.00 de área total, 53.81 de área privativa, 200.00 de área do terreno,  2 qto(s), varanda, a.serv, WC, 1 sala(s), cozinha, 1 vaga(s) de garagem.",41569.18,107000.0,61.16,Venda Direta Online,,CEARA-MIRIM,RN,Não
8444407182528,"AVENIDA AVENIVA HELIO VENANCIO RODRIGUES, N. 1511",PLANALTO,"Casa, 55.29 de área total, 55.29 de área privativa, 200.00 de área do terreno,  2 qto(s), WC, 1 sala(s), cozinha.",35076.3,89000.0,60.59,Venda Direta Online,,CEARA-MIRIM,RN,Não
8555531711350,"RUA NUBIA SANTIAGO, N. 782, LT 03 QD M",LOT RES OTAVIO PRAXE,"Casa, 0.00 de área total, 46.94 de área privativa, 200.00 de área do terreno,  2 qto(s), WC, 1 sala(s), cozinha.",32835.66,83000.0,60.44,Venda Direta Online,,CEARA-MIRIM,RN,Não
8555533726606,"RUA ENGENHO SAO MIGUEL, N. 1292, LT 23 QD 5F",PLANALTO,"Casa, 0.00 de área total, 49.69 de área privativa, 200.00 de área do terreno.",29670.78,75000.0,60.44,Venda Direta Online,,CEARA-MIRIM,RN,Não
8555534626540,"RUA ITAMAR MARINHO, N. 173, LT 17, QD G",Centro,"Casa, 0.00 de área total, 46.94 de área privativa, 200.00 de área do terreno,  2 qto(s), WC, 1 sala(s), cozinha.",28088.34,71000.0,60.44,Venda Direta Online,,CEARA-MIRIM,RN,Não
8555535828287,"RUA  ADRIANA CESAR LOTEAMENTO RUY PEREIRA, N. 161, LT 30, QD G",LOTEAMENTO RUY PEREI,"Casa, 0.00 de área total, 46.94 de área privativa, 200.00 de área do terreno,  2 qto(s), WC, 1 sala(s), cozinha.",27692.73,70000.0,60.44,Venda Direta Online,,CEARA-MIRIM,RN,Não
8444411077075,"RUA COQUEIROS, N. 312, LT 15.7 QD Q-E",LAGOA DO COSME,"Casa, 0.00 de área total, 59.53 de área privativa, 223.00 de área do terreno,  2 qto(s), WC, 1 sala(s), cozinha, Terraco.",37273.68,90000.0,58.59,Venda Direta Online,,CEARA-MIRIM,RN,Não
8444407286030,"RUA RUA ENGENHO LARANJEIRAS, N. 1161",PLANALTO,"Casa, 49.69 de área total, 49.69 de área privativa, 200.00 de área do terreno,  2 qto(s), WC, 1 sala(s), cozinha, Terraco, 1 vaga(s) de garagem.",35446.69,84000.0,57.81,Venda Direta Online,,CEARA-MIRIM,RN,Não
8555533830497,"RUA ENGENHO FLORESTA, N. 1302",PLANALTO,"Casa, 0.00 de área total, 49.69 de área privativa, 200.00 de área do terreno,  2 qto(s), a.serv, WC, 1 sala(s), cozinha, Terraco.",30171.88,71500.0,57.81,Venda Direta Online,,CEARA-MIRIM,RN,Não
8444409674762,"RUA ENGENHO PALMEIRAS, N. 1736, LT 30, QD 4A",CENTRO,"Casa, 0.00 de área total, 53.81 de área privativa, 200.00 de área do terreno,  2 qto(s), a.serv, WC, 1 sala(s), sacada, cozinha, 1 vaga(s) de garagem.",30804.86,73000.0,57.81,Venda Direta Online,,CEARA-MIRIM,RN,Não
8555534715470,"RUA ITAMAR MARINHO, N. 234, QD QK LT 23 RES RUY PEREIRA",PLANALTO,"Casa, 0.00 de área total, 46.94 de área privativa, 200.00 de área do terreno,  2 qto(s), a.serv, WC, 1 sala(s), cozinha, 1 vaga(s) de garagem.",36209.91,85409.43,57.61,Venda Direta Online,,CEARA-MIRIM,RN,Não
8555538770301,"RUA MURILO LOSSIO, N. 225, QD QQ, LT 16",Planalto,"Casa, 0.00 de área total, 46.94 de área privativa, 200.00 de área do terreno,  2 qto(s), WC, 1 sala(s), cozinha.",30646.85,72000.0,57.44,Venda Direta Online,,CEARA-MIRIM,RN,Não
8444425358217,"RUA PRINCESA DO AGRESTE, N. 317, LT AB  QD 12",MASSARANDUBA,"Casa, 0.00 de área total, 56.14 de área privativa, 122.54 de área do terreno,  2 qto(s), WC, 1 sala(s), cozinha, 1 vaga(s) de garagem.",45790.85,104000.0,55.98,Venda Online,,CEARA-MIRIM,RN,Não
8444425851096,"RUA ANTONIO FERNANDES PIMENTA ROTA NORTE, N. 786, LT 186  QD 53",MASSARANDUBA,"Casa, 0.00 de área total, 58.41 de área privativa, 133.33 de área do terreno,  2 qto(s), WC, cozinha, Terraco, 1 vaga(s) de garagem.",46671.45,106000.0,55.98,Venda Direta Online,,CEARA-MIRIM,RN,Não
8444423102983,"RUA ENGENHO PALMEIRAS, N. 1312, LT 25 QD Q5C",PLANALTO,"Casa, 0.00 de área total, 56.30 de área privativa, 200.00 de área do terreno,  2 qto(s), a.serv, WC, cozinha, Terraco.",50810.75,115000.0,55.82,Venda Online,,CEARA-MIRIM,RN,Não
8444409367509,"RUA VARZEA, N. 706, LT 09",VARZEA DE DENTRO,"Casa, 0.00 de área total, 50.75 de área privativa, 255.85 de área do terreno,  2 qto(s), WC, 1 sala(s), cozinha, Terraco.",33251.73,75000.0,55.67,Venda Direta Online,,CEARA-MIRIM,RN,Não
8444429825979,"RUA PRIMAVERA, N. 98, LT 11, QD A",CENTRO,"Casa, 0.00 de área total, 47.09 de área privativa, 219.35 de área do terreno,  2 qto(s), a.serv, WC, 1 sala(s), cozinha, Terraco, 1 vaga(s) de garagem.",30591.6,69000.0,55.67,Venda Direta Online,,CEARA-MIRIM,RN,Não
8444407526669,"RUA CABUGI, N. 72, LT 06 QD A",PONTA DO MATO,"Casa, 0.00 de área total, 57.15 de área privativa, 229.43 de área do terreno,  2 qto(s), WC, 1 sala(s), cozinha.",38413.15,86000.0,55.34,Venda Direta Online,,CEARA-MIRIM,RN,Não
8444425889336,"RUA PONTA NEGRA, N. 146, LT 74 QD 05",SAO GERALDO,"Casa, 0.00 de área total, 59.37 de área privativa, 200.00 de área do terreno,  2 qto(s), WC, 1 sala(s), cozinha, Terraco.",44666.46,100000.0,55.34,Venda Online,,CEARA-MIRIM,RN,Não
8444417520990,"RUA PRINCESA MARIA FRANCISCA, N. 65,  LT 12/14 QD 17 CS 04",MASSARANDUBA,"Casa, 0.00 de área total, 57.76 de área privativa, 166.67 de área do terreno,  2 qto(s), WC, 1 sala(s), cozinha.",39306.49,88000.0,55.34,Venda Direta Online,,CEARA-MIRIM,RN,Não
8444407307231,"RUA JOSE WILSON FERREIRA DA SILVA, N. 141, LT 17 QD 02",Centro,"Casa, 0.00 de área total, 58.46 de área privativa, 200.00 de área do terreno,  2 qto(s), a.serv, WC, 1 sala(s), cozinha, 1 vaga(s) de garagem.",25556.43,57000.0,55.17,Venda Direta Online,,CEARA-MIRIM,RN,Não
8555530757705,"RUA ABILIO MARINHO, N. 683, 0",Centro,"Casa, 0.00 de área total, 46.94 de área privativa, 200.00 de área do terreno,  2 qto(s), a.serv, WC, 1 sala(s), cozinha.",32281.81,72000.0,55.17,Venda Direta Online,,CEARA-MIRIM,RN,Não
8555533729877,"RUA HELDER DANTAS, N. 53, QD B LT 38",PLANALTO,"Casa, 0.00 de área total, 46.94 de área privativa, 220.00 de área do terreno.",14795.83,33000.0,55.17,Venda Direta Online,,CEARA-MIRIM,RN,Não
8555536206700,"RUA ODETE MATIAS DE LIMA, N. 284, QD L LT 09",PLANALTO,"Casa, 0.00 de área total, 46.94 de área privativa, 266.60 de área do terreno,  2 qto(s), WC, 1 sala(s), cozinha.",15692.54,35000.0,55.17,Venda Direta Online,,CEARA-MIRIM,RN,Não
8555537197233,"RUA PLACIDO ARRAIS, N. 337, QD L LT 01",PLANALTO,"Casa, 0.00 de área total, 46.94 de área privativa, 266.60 de área do terreno,  2 qto(s), a.serv, WC, 1 sala(s), cozinha.",19413.92,43300.0,55.17,Venda Online,,CEARA-MIRIM,RN,Não
8555539978321,"RUA MURILO LOSSIO, N. 215, LT 17 QD Q",PLANALTO,"Casa, 0.00 de área total, 46.94 de área privativa, 200.00 de área do terreno,  2 qto(s), WC, 1 sala(s), cozinha.",9415.52,21000.0,55.17,Venda Direta Online,,CEARA-MIRIM,RN,Não
8555540065750,"RUA SENADOR JOAO FAUSTINO, N. 1114, LT 01  QD D",PLANALTO,"Casa, 0.00 de área total, 46.94 de área privativa, 240.00 de área do terreno,  2 qto(s), WC, 1 sala(s), cozinha.",28246.58,63000.0,55.17,Venda Direta Online,,CEARA-MIRIM,RN,Não
8555535509033,"RUA ITAMAR MARINHORUA PROJETADA NS06, N. 184, LT 18  QD QK",CENTRO,"Casa, 0.00 de área total, 46.94 de área privativa, 200.00 de área do terreno,  2 qto(s), WC, 1 sala(s), cozinha.",19279.41,43000.0,55.17,Venda Direta Online,,CEARA-MIRIM,RN,Não
8555537262396,"RUA RAIMUNDO VARELA, N. 131, QD L LT 16",CENTRO,"Casa, 0.00 de área total, 46.94 de área privativa, 200.00 de área do terreno,  2 qto(s), a.serv, WC, 1 sala(s), cozinha.",21521.2,48000.0,55.17,Venda Direta Online,,CEARA-MIRIM,RN,Não
8555537532725,"RUA RAIMUNDO VARELA, N. 120, LT 06  QD QO",CENTRO,"Casa, 0.00 de área total, 46.94 de área privativa, 200.00 de área do terreno,  2 qto(s), a.serv, WC, 1 sala(s), cozinha.",34075.25,76000.0,55.17,Venda Direta Online,,CEARA-MIRIM,RN,Não
8444426179170,"RUA DOMINGUINHOS, N. 870, CS 3 LT 1462/1464 QD 43 LOT ROTA NORTE",MASSARANDUBA,"Casa, 0.00 de área total, 58.41 de área privativa, 133.33 de área do terreno,  2 qto(s), a.serv, WC, 1 sala(s), cozinha, Terraco, 1 vaga(s) de garagem.",47998.81,105900.0,54.68,Venda Online,,CEARA-MIRIM,RN,Não
8444434129861,"R PETROPOLIS, N. 175, LT 108, QD 07 LOTEAMENTO PARAISO DO VA",PLANALTO,"Casa, 0.00 de área total, 59.37 de área privativa, 200.00 de área do terreno,  2 qto(s), WC, cozinha.",49371.21,108000.0,54.29,Venda Online,,CEARA-MIRIM,RN,Não
8444424072611,"RUA ENGENHO SAO MIGUEL, N. 966, LT 22 Q6K",PLANALTOO,"Casa, 0.00 de área total, 55.29 de área privativa, 200.00 de área do terreno,  2 qto(s), a.serv, WC, 1 sala(s), cozinha, 1 vaga(s) de garagem.",39083.15,85000.0,54.02,Venda Direta Online,,CEARA-MIRIM,RN,Não
8444422905683,"RUA JOSE DA PENHA, N. 22, LT 02 QD 01",PLANALTO,"Terreno, 0.00 de área total, 0.00 de área privativa, 202.76 de área do terreno,  2 qto(s), WC, 1 sala(s), cozinha.",35539.0,77000.0,53.85,Venda Direta Online,,CEARA-MIRIM,RN,Não
8555530626627,"RUA ALEXANDRE JOSE DA COSTA, N. 725, QD L LT 37",LOTEAMENTO OTAVIO PR,"Casa, 0.00 de área total, 46.94 de área privativa, 200.00 de área do terreno,  2 qto(s), a.serv, WC, 1 sala(s), cozinha.",31523.56,68300.0,53.85,Venda Direta Online,,CEARA-MIRIM,RN,Não
8444414318847,"RUA DJALMA VITURINO, N. 385, LT 109 QD 05",PLANALTO,"Casa, 0.00 de área total, 68.46 de área privativa, 200.00 de área do terreno,  2 qto(s), a.serv, WC, 1 sala(s), sacada, cozinha, 1 vaga(s) de garagem.",52214.0,112000.0,53.39,Venda Online,,CEARA-MIRIM,RN,Não
8444413030726,"ENGENHO PALMEIRAS, N. 1037, LT08, Q6-C, LOTEAMENTO GUARARAPES",COQUEIROS,"Casa, 0.00 de área total, 69.44 de área privativa, 200.00 de área do terreno.",44121.0,94000.0,53.07,Venda Direta Online,,CEARA-MIRIM,RN,Não
8444418580600,"RUA PRINCESA MARIA FRANCISCA, N. 159, Q17 LT 04",MASSARANDUBA,"Casa, 0.00 de área total, 57.73 de área privativa, 200.00 de área do terreno,  2 qto(s), varanda, a.serv, WC, 1 sala(s), cozinha, 1 vaga(s) de garagem.",43510.39,92000.0,52.71,Venda Direta Online,,CEARA-MIRIM,RN,Não
8444413573428,"RUA MARIA DAS DORES DE SA, N. 71, QD 05 LT 164",PLANALTO,"Casa, 0.00 de área total, 52.80 de área privativa, 200.00 de área do terreno,  2 qto(s), a.serv, WC, 1 sala(s), cozinha, Terraco.",15428.8,32500.0,52.53,Venda Direta Online,,CEARA-MIRIM,RN,Não
8555532278553,"RUA NICEA DE SA DANTAS, N. 168, LT 04 QD  F",Centro,"Casa, 0.00 de área total, 46.94 de área privativa, 200.00 de área do terreno,  2 qto(s), a.serv, WC, 1 sala(s), cozinha.",28483.95,60000.0,52.53,Venda Direta Online,,CEARA-MIRIM,RN,Não
8555533488446,"RUA IVONETE COSTA, N. 41, LOTE 01 QUADRA C",PLANALTO,"Casa, 0.00 de área total, 46.94 de área privativa, 266.60 de área do terreno,  2 qto(s), WC, 1 sala(s), cozinha.",31569.71,66500.0,52.53,Venda Direta Online,,CEARA-MIRIM,RN,Não
8555534704975,"RUA HERMES DANTAS (ANTIGA R DOMINGOS SAVIO TITO), N. 70, LT 35 QD G",PLANALTO,"Casa, 0.00 de área total, 46.94 de área privativa, 220.00 de área do terreno,  2 qto(s), WC, 1 sala(s), cozinha.",24686.09,52000.0,52.53,Venda Direta Online,,CEARA-MIRIM,RN,Não
8555537399537,"RUA RAIMUNDO VARELA, N. 200, LOTE 14 QUADRA Q-O",PLANALTO,"Casa, 0.00 de área total, 46.94 de área privativa, 200.00 de área do terreno,  2 qto(s), WC, 1 sala(s), cozinha.",16615.63,35000.0,52.53,Venda Online,,CEARA-MIRIM,RN,Não
8444423297652,"RUA ANTÔNIO FERNANDES PIMENTA, N. 896, CS 01 LT 1888/1890 QD 53",MASSARANDUBA,"Casa, 133.33 de área total, 58.41 de área privativa, 133.33 de área do terreno,  2 qto(s), a.serv, WC, 1 sala(s), cozinha, Terraco.",54993.38,115000.0,52.18,Venda Direta Online,,CEARA-MIRIM,RN,Não
8444430124741,"AVENIDA LOURENÇO PAIVA, N. 1023, LOTE N.17, QUADRA 6B",Centro,"Casa, 45.16 de área total, 45.16 de área privativa, 200.00 de área do terreno.",48317.74,100000.0,51.69,Venda Direta Online,,CEARA-MIRIM,RN,Não
8555536366317,"RUA DR JOAO DUTRA DE ALMEIDA, N. 70, LT 29 QD B",ZONA URBANA,"Casa, 55.81 de área total, 55.81 de área privativa, 200.00 de área do terreno,  2 qto(s), a.serv, WC, 1 sala(s), cozinha, 1 vaga(s) de garagem.",47351.38,98000.0,51.69,Venda Online,,CEARA-MIRIM,RN,Não
8444422351840,"RUA PRINCESA DO AGRESTE, N. 290, CASA 03 LT B",MASSARANDUBA,"Casa, 66.73 de área total, 57.73 de área privativa, 157.67 de área do terreno,  2 qto(s), a.serv, WC, 1 sala(s), cozinha, 1 vaga(s) de garagem.",47351.38,98000.0,51.69,Venda Direta Online,,CEARA-MIRIM,RN,Não
8444429538520,"R NUBIA SANTIAGO, N. 601, CASA RESIDENCIAL, LT 28, QD I",LOTEAMENTO R,"Casa, 0.00 de área total, 46.94 de área privativa, 200.00 de área do terreno.",38793.69,80000.0,51.51,Venda Direta Online,,CEARA-MIRIM,RN,Não
8555527892419,"RUA ALEXANDRE JOSE DA COSTA, N. 535, LT 40 QD H",ZONA URBANA,"Casa, 46.94 de área total, 46.94 de área privativa, 200.00 de área do terreno,  2 qto(s), WC, 1 sala(s), cozinha, 1 vaga(s) de garagem.",17974.88,37067.64,51.51,Venda Direta Online,,CEARA-MIRIM,RN,Não
8555530335622,"RUA ABILIO MARINHO, N. 753, K41",LOT RES OTAVIO PRAXE,"Casa, 46.94 de área total, 46.94 de área privativa, 200.00 de área do terreno,  2 qto(s), WC, 1 sala(s), cozinha.",39763.53,82000.0,51.51,Venda Direta Online,,CEARA-MIRIM,RN,Não
8444402933150,"TRAVESSA SÃO JOÃO, N. 32,",MASSARANDUBA,"Casa, 56.68 de área total, 56.68 de área privativa, 240.00 de área do terreno,  2 qto(s), a.serv, WC, 1 sala(s), cozinha, 2 vaga(s) de garagem.",39763.53,82000.0,51.51,Venda Direta Online,,CEARA-MIRIM,RN,Não
8444405644737,"VILLAGE PRINCESA DOS CANAVIAIS, N. 10, LT A14 QD 14",MASSARANDUBA,"Casa, 50.33 de área total, 50.33 de área privativa, 160.00 de área do terreno,  2 qto(s), a.serv, WC, 1 sala(s), cozinha.",27155.58,56000.0,51.51,Venda Direta Online,,CEARA-MIRIM,RN,Não
8444412015774,"RUA RIO POTENGI, N. 390, LT 13, QD 12",SÃO  GERALDO,"Casa, 94.83 de área total, 94.83 de área privativa, 200.00 de área do terreno,  2 qto(s), WC, 1 sala(s), cozinha.",51971.2,107000.0,51.43,Venda Direta Online,,CEARA-MIRIM,RN,Não
8444428347127,"RUA JOAO ARGEMIRO DAS FLORES, N. 86, LT 01 C QD 32",MASSARANDUBA,"Casa, 49.95 de área total, 49.95 de área privativa, 160.00 de área do terreno,  2 qto(s), a.serv, WC, 1 sala(s), cozinha.",51971.2,107000.0,51.43,Venda Online,,CEARA-MIRIM,RN,Não
8555536063934,"RUA  ZILAR SOARES, N. 155, LT 37 QD K",PLANALTO,"Casa, 0.00 de área total, 46.94 de área privativa, 220.00 de área do terreno,  2 qto(s), WC, 1 sala(s), cozinha, 1 vaga(s) de garagem.",37081.89,76000.0,51.21,Venda Online,,CEARA-MIRIM,RN,Não
8444417245301,"RUA PRINCESA MARIA FRANCISCA, N. 65, CASA N 6",MASSARANDUBA,"Casa, 56.89 de área total, 56.89 de área privativa, 137.50 de área do terreno,  2 qto(s), a.serv, WC, 1 sala(s), cozinha.",53436.15,109000.0,50.98,Venda Online,,CEARA-MIRIM,RN,Não
8106900009097,"RUA DR WALTER XAVIER ANDRADE, N. 481, LOTE 18, QUADRA S",MANINHO BARRETO,"Casa, 50.40 de área total, 50.40 de área privativa, 200.00 de área do terreno,  2 qto(s), a.serv, WC, 1 sala(s), cozinha, 1 vaga(s) de garagem.",43795.12,89000.0,50.8,Venda Direta Online,,CEARA-MIRIM,RN,Não
8444414924216,"RUA  ENGENHO LARANJEIRAS, N. 1612, QD Q4I  LT D",PLANALTO,"Casa, 52.74 de área total, 52.74 de área privativa, 171.43 de área do terreno,  2 qto(s), varanda, a.serv, WC, 1 sala(s), cozinha.",41826.8,85000.0,50.8,Venda Direta Online,,CEARA-MIRIM,RN,Não
8555524123295,"RUA NUBIA SANTIAGO, N. 282, B19",RES OTAVIO PRAXEDES,"Casa, 46.99 de área total, 46.99 de área privativa, 200.00 de área do terreno,  2 qto(s), WC, 1 sala(s), cozinha.",41826.8,85000.0,50.8,Venda Direta Online,,CEARA-MIRIM,RN,Não
8555537024231,"RUA RAIMUNDO VARELA, N. 171, LT12 QDL",PLANALTO,"Casa, 46.94 de área total, 46.94 de área privativa, 200.00 de área do terreno,  2 qto(s), WC, 1 sala(s), cozinha.",41826.8,85000.0,50.8,Venda Direta Online,,CEARA-MIRIM,RN,Não
8444409259021,"TRAVESSA CARLOTA JOAQUINA, N. 103, QD 12, LT 18.3",MASSARANDUBA,"Casa, 51.71 de área total, 51.71 de área privativa, 135.78 de área do terreno,  2 qto(s), a.serv, WC, 1 sala(s), cozinha, Terraco.",46846.02,95200.0,50.8,Venda Direta Online,,CEARA-MIRIM,RN,Não
8444420451600,"RUA COMPOSITOR ISAURA PIGNATARO, N. 671, CASA 02, QUADRA 40, LT1016/1018",MASSARANDUBA,"Casa, 58.41 de área total, 58.41 de área privativa, 133.33 de área do terreno,  2 qto(s), varanda, a.serv, WC, 1 sala(s), cozinha, 1 vaga(s) de garagem.",48223.84,98000.0,50.8,Venda Direta Online,,CEARA-MIRIM,RN,Não
8444423043863,"RUA ANTÔNIO FERNANDES PIMENTA, N. 856, CS 01 QD 53",MASSARANDUBA,"Casa, 58.41 de área total, 58.41 de área privativa, 133.33 de área do terreno,  2 qto(s), a.serv, WC, 1 sala(s), cozinha, Terraco.",46944.44,95400.0,50.8,Venda Direta Online,,CEARA-MIRIM,RN,Não
8555530970123,"RUA ALEXANDRE JOSE DA COSTA, N. 765, LT 41 QD L",OTAVIO PRAXEDES,"Casa, 46.94 de área total, 46.94 de área privativa, 200.00 de área do terreno,  2 qto(s), WC, 1 sala(s), cozinha.",19750.95,40000.0,50.63,Venda Direta Online,,CEARA-MIRIM,RN,Não
8555537093268,"RUA ZILAR SOARES, N. 166, LOTE 07, Q-L",PLANALTO,"Casa, 0.00 de área total, 46.94 de área privativa, 200.00 de área do terreno,  2 qto(s), a.serv, WC, 1 sala(s), cozinha, 1 vaga(s) de garagem.",31601.53,64000.0,50.63,Venda Direta Online,,CEARA-MIRIM,RN,Não
8787700366540,"RUA VERÃO, N. 71, LT 7, QD B",LAGOA DO COSME,"Casa, 47.09 de área total, 47.09 de área privativa, 200.04 de área do terreno,  2 qto(s), WC, 1 sala(s), cozinha, Terraco.",41477.01,84000.0,50.63,Venda Direta Online,,CEARA-MIRIM,RN,Não
8444406087300,"JOSE WILSON FERREIRA DASILVA, N. 151, LT 18 QD 01",PARAISO,"Casa, 58.46 de área total, 58.46 de área privativa, 200.00 de área do terreno,  2 qto(s), WC, 1 sala(s), cozinha.",45722.39,92000.0,50.31,Venda Direta Online,,CEARA-MIRIM,RN,Não
8444410274284,"RUA DAS VIOLETAS, N. 199,",SÃO  GERALDO,"Casa, 54.94 de área total, 54.94 de área privativa, 200.00 de área do terreno,  2 qto(s), a.serv, WC, 1 sala(s), cozinha, Terraco, 1 vaga(s) de garagem.",46467.86,93500.0,50.31,Venda Direta Online,,CEARA-MIRIM,RN,Não
8444410740269,"R ENGENHO LARANJEIRAS, N. SN, LT 15 QD 4-A",Planalto,"Casa, 53.81 de área total, 53.81 de área privativa, 200.00 de área do terreno,  2 qto(s), varanda, a.serv, WC, 1 sala(s), cozinha.",42243.51,85000.0,50.31,Venda Direta Online,,CEARA-MIRIM,RN,Não
8555536079822,"RUA ODETE MATIAS DE LIMA, N. 261, LT 33 QD K",RUY PEREIRA,"Casa, 46.94 de área total, 46.94 de área privativa, 200.00 de área do terreno,  2 qto(s), a.serv, WC, 1 sala(s), cozinha.",42243.51,85000.0,50.31,Venda Direta Online,,CEARA-MIRIM,RN,Não
8787701736988,"R SAO CAETANO, N. 156, QUADRA XII LOTE 15",BOA VISTA,"Casa, 57.95 de área total, 57.95 de área privativa, 200.00 de área do terreno,  2 qto(s), a.serv, WC, 1 sala(s), cozinha, 1 vaga(s) de garagem.",44728.42,90000.0,50.31,Venda Direta Online,,CEARA-MIRIM,RN,Não
8444408609592,"RUA JOAO ARGEMIRO DAS FLORES, N. 76, LT 02 QD 32",MASSARANDUBA,"Casa, 49.95 de área total, 49.95 de área privativa, 160.00 de área do terreno,  2 qto(s), a.serv, WC, 1 sala(s), cozinha.",46716.35,94000.0,50.31,Venda Online,,CEARA-MIRIM,RN,Não
8444425288979,"RUA NELSON CAVAQUINHO, N. 734, LT 1510/1512 QD 44 ROTA NORTE",MASSARANDUBA,"Casa, 58.41 de área total, 58.41 de área privativa, 133.33 de área do terreno,  2 qto(s), a.serv, WC, 1 sala(s), cozinha, Terraco.",49698.25,100000.0,50.31,Venda Direta Online,,CEARA-MIRIM,RN,Não
8444412123844,"RUA COMPOSITOR PIXIQUINHA, N. 195, LT 656 QD 8",MASSARANDUBA,"Casa, 76.33 de área total, 76.33 de área privativa, 200.00 de área do terreno,  2 qto(s), a.serv, WC, 1 sala(s), cozinha, 1 vaga(s) de garagem.",64649.29,130000.0,50.27,Venda Direta Online,,CEARA-MIRIM,RN,Não
8555528924721,"RUA NUBIA SANTIAGO, N. 541, LT 22, QD I",LOT OTAVIO PRAXEDES,"Casa, 46.94 de área total, 46.94 de área privativa, 200.00 de área do terreno,  2 qto(s), WC, 1 sala(s), cozinha.",27432.68,55000.0,50.13,Venda Direta Online,,CEARA-MIRIM,RN,Não
8555528968290,"RUA NUBIA SANTIAGO, N. 552, LT 02 QD J",RES OTAVIO PRAXEDES,"Casa, 46.94 de área total, 46.94 de área privativa, 200.00 de área do terreno,  2 qto(s), WC, 1 sala(s), cozinha.",41897.18,84000.0,50.13,Venda Direta Online,,CEARA-MIRIM,RN,Não
8555530797820,"RUA GOIABEIRA, N. 356, LT 20 QD Q-K",MANGABEIRA,"Casa, 55.24 de área total, 55.24 de área privativa, 248.35 de área do terreno,  2 qto(s), a.serv, WC, 1 sala(s), cozinha.",39902.08,80000.0,50.13,Venda Direta Online,,CEARA-MIRIM,RN,Não
8555537432470,"RUA RAIMUNDO VARELA, N. 170, LT 11 Q-O",RUY PEREIRA,"Casa, 46.94 de área total, 46.94 de área privativa, 200.00 de área do terreno,  2 qto(s), a.serv, WC, 1 sala(s), cozinha.",41398.4,83000.0,50.13,Venda Direta Online,,CEARA-MIRIM,RN,Não
8444426788118,"RUA GRACILDE CORREIA, N. 323, LT01 QD B",LOT SÃO MANOEL,"Casa, 69.34 de área total, 69.34 de área privativa, 220.00 de área do terreno,  2 qto(s), a.serv, WC, 1 sala(s), cozinha, Terraco.",59146.92,117000.0,49.45,Venda Online,,CEARA-MIRIM,RN,Não
8444405884037,"R PERA, N. 81, LT 02",MANGABEIRA,"Casa, 0.00 de área total, 51.00 de área privativa, 196.63 de área do terreno.",43057.0,85000.0,49.35,Venda Direta Online,,CEARA-MIRIM,RN,Não
8444428789383,"ENGENHO PALMEIRAS, N. 1211, LT 11QD Q5G LOT GUARARAPES",PLANALTO,"Casa, 49.69 de área total, 49.69 de área privativa, 200.00 de área do terreno,  2 qto(s), a.serv, WC, 1 sala(s), cozinha, Terraco, 1 vaga(s) de garagem.",44070.11,87000.0,49.35,Venda Direta Online,,CEARA-MIRIM,RN,Não
8555534740475,"RUA ENGENHO LARANJEIRAS, N. 1423, LOTE 04, Q4-O",GUARARAPES,"Casa, 55.29 de área total, 55.29 de área privativa, 200.00 de área do terreno,  2 qto(s), a.serv, WC, 1 sala(s), cozinha, Terraco, 1 vaga(s) de garagem.",49135.65,97000.0,49.35,Venda Direta Online,,CEARA-MIRIM,RN,Não
8106900008210,"RUA DR JOSE LEAL, N. 479, QD U LT 19",LOT MANINHO BARRETO,"Casa, 50.40 de área total, 50.40 de área privativa, 200.00 de área do terreno,  2 qto(s), a.serv, WC, 1 sala(s), Terraco.",55766.75,110000.0,49.31,Venda Online,,CEARA-MIRIM,RN,Não
8444404606050,"RUA CASA GRANDE, N. 107, LT 21 QD 20",NOVOS TEMPOS,"Casa, 0.00 de área total, 42.28 de área privativa, 158.88 de área do terreno,  2 qto(s), WC, 1 sala(s), cozinha.",12199.11,24000.0,49.18,Venda Direta Online,,CEARA-MIRIM,RN,Não
8444415024081,"RUA JOSE WILSON FERREIRA DA SILVA, N. 294, QD 06, LT 171",Planalto,"Casa, 64.36 de área total, 64.36 de área privativa, 200.00 de área do terreno,  2 qto(s), WC, 1 sala(s), cozinha.",20331.86,40000.0,49.18,Venda Direta Online,,CEARA-MIRIM,RN,Não
8444433207150,"RUA DR JOAO DULTRA DE ALMEIDA, N. 247, LT 25 QD QK",LOT RES RUY PEREIRA,"Casa, 46.94 de área total, 46.94 de área privativa, 200.00 de área do terreno,  2 qto(s), a.serv, WC, 1 sala(s), cozinha.",38122.26,75000.0,49.18,Venda Direta Online,,CEARA-MIRIM,RN,Não
8555526826811,"AVENIDA ADALTO ROCHA, N. 351, QD F LT 24 LOT RES OTAVIO PRAXEDES",CEARAMIRIM,"Casa, 46.99 de área total, 46.99 de área privativa, 200.00 de área do terreno,  2 qto(s), WC, 1 sala(s), cozinha.",35326.62,69500.0,49.18,Venda Direta Online,,CEARA-MIRIM,RN,Não
8555533298337,"RUA SENADOR JOAO FAUSTINO, N. 1064, LT 21 QD B",RUY PEREIRA,"Casa, 46.94 de área total, 46.94 de área privativa, 200.00 de área do terreno,  2 qto(s), WC, 1 sala(s), cozinha.",42188.63,83000.0,49.18,Venda Direta Online,,CEARA-MIRIM,RN,Não
8555533977897,"RUA HELDER DANTAS, N. 83, LT 35 QD B",RUY PEREIRA,"Casa, 46.94 de área total, 46.94 de área privativa, 220.00 de área do terreno,  2 qto(s), WC, 1 sala(s), cozinha.",42696.92,84000.0,49.18,Venda Direta Online,,CEARA-MIRIM,RN,Não
8555535537550,"RUA PLÁCIDO ARRAIS, N. 342, Q K LT 45",RUY PEREIRA,"Casa, 46.94 de área total, 46.94 de área privativa, 200.00 de área do terreno,  2 qto(s), WC, 1 sala(s), cozinha.",33547.58,66000.0,49.18,Venda Direta Online,,CEARA-MIRIM,RN,Não
8444406739421,"RUA NORDESTE, N. 107, LT 04 QD C",PONTA DO MATO,"Casa, 57.15 de área total, 57.15 de área privativa, 293.06 de área do terreno,  2 qto(s), a.serv, WC, 1 sala(s), cozinha.",41172.04,81000.0,49.18,Venda Direta Online,,CEARA-MIRIM,RN,Não
8444411430140,"RUA ENGENHO PARAISO, N. 913, CS LT 04 QD 06K",GUARARAPES,"Casa, 55.29 de área total, 55.29 de área privativa, 200.00 de área do terreno,  2 qto(s), WC, 1 sala(s), cozinha.",45970.88,90000.0,48.93,Venda Online,,CEARA-MIRIM,RN,Não
8555504104368,"RUA JOAO PAULO II, N. 2631, LT 12, QD Z3",ZONA URBANA,"Casa, 50.40 de área total, 50.40 de área privativa, 198.50 de área do terreno,  2 qto(s), WC, 1 sala(s), cozinha.",43416.94,85000.0,48.93,Venda Online,,CEARA-MIRIM,RN,Não
8555530402141,"RUA ABILIO MARINHO, N. 754, QD L, LT 20, LOT. OTAVIO PRAXEDES",,"Casa, 0.00 de área total, 46.94 de área privativa, 200.00 de área do terreno.",26144.18,51000.0,48.74,Venda Online,,CEARA-MIRIM,RN,Não
8555534159268,"RUA HERMES DANTAS, N. 50, LT 37, QD G",ZONA URBANA,"Casa, 0.00 de área total, 46.94 de área privativa, 220.00 de área do terreno,  2 qto(s), WC, 1 sala(s), cozinha.",18078.31,35265.75,48.74,Venda Online,,CEARA-MIRIM,RN,Não
8444405440732,"TRAVESSA HEROTIDES NUNES DE FRANÇA, N. 82, LT 06 QD 32",MASSARANDUBA,"Casa, 57.80 de área total, 57.80 de área privativa, 200.00 de área do terreno,  2 qto(s), WC, 1 sala(s), cozinha, Terraco.",52456.91,102000.0,48.58,Venda Online,,CEARA-MIRIM,RN,Não
8444407053094,"RUA ENGENHO PALMEIRAS, N. 2000, LT 23 QD 5-H",BAIRRO PLANALTO,"Casa, 49.69 de área total, 49.69 de área privativa, 200.00 de área do terreno,  2 qto(s), a.serv, WC, 1 sala(s), cozinha.",45329.26,87000.0,47.9,Venda Direta Online,,CEARA-MIRIM,RN,Não
8444427078629,"RUA GOIABEIRA, N. 440, LT 14, QD Q-J",MANGABEIRA,"Casa, 55.24 de área total, 55.24 de área privativa, 243.00 de área do terreno,  2 qto(s), varanda, a.serv, WC, 1 sala(s), cozinha.",46371.31,89000.0,47.9,Venda Online,,CEARA-MIRIM,RN,Não
8444431787930,"RUA ENGENHO PALMEIRAS, N. 1816, QD Q-4A, LT 22",PLANALTO,"Casa, 53.81 de área total, 53.81 de área privativa, 200.00 de área do terreno,  2 qto(s), varanda, a.serv, WC, 1 sala(s), cozinha, Terraco.",51060.54,98000.0,47.9,Venda Online,,CEARA-MIRIM,RN,Não
8444419063243,"RUA COMPOSITOR JACKSON DO PANDEIRO, N. 913, CS 01 LT 1636/1638 QD 47",MASSARANDUBA,"Casa, 133.33 de área total, 58.41 de área privativa, 133.33 de área do terreno,  2 qto(s), a.serv, WC, 1 sala(s), cozinha.",51060.54,98000.0,47.9,Venda Online,,CEARA-MIRIM,RN,Não
8444405481544,"SANTA RITA DE CASSIA, N. 11, LT A 01",PONTA DO MATO,"Casa, 49.59 de área total, 49.59 de área privativa, 200.00 de área do terreno,  2 qto(s), a.serv, WC, 1 sala(s), cozinha.",44287.2,85000.0,47.9,Venda Direta Online,,CEARA-MIRIM,RN,Não
1444419176236,"TRAVESSA DJALMA VITORINO, N. 82, QD Q5 LT R2",BAIRRO PLANALTO,"Casa, 63.61 de área total, 63.61 de área privativa, 140.00 de área do terreno,  2 qto(s), varanda, a.serv, WC, 1 sala(s), cozinha.",57406.95,110000.0,47.82,Venda Online,,CEARA-MIRIM,RN,Não
8555535386500,"RUA ITAMAR MARIN, N. 213, LT 21 QD G",LOT RES RUY PEREIRA,"Casa, 46.94 de área total, 46.94 de área privativa, 200.00 de área do terreno,  2 qto(s), WC, 1 sala(s), cozinha.",43394.02,83000.0,47.72,Venda Direta Online,,CEARA-MIRIM,RN,Não
8555536588204,"RUA ZILAR SOARES, N. 145, LT 38 QD K",BAIRRO PLANALTO,"Casa, 46.94 de área total, 46.94 de área privativa, 220.00 de área do terreno,  2 qto(s), WC, 1 sala(s), cozinha.",10979.2,21000.0,47.72,Venda Direta Online,,CEARA-MIRIM,RN,Não
8555537249420,"RUA ZILAR SOARES, N. 175, LT35 QD K",PLANALTO,"Casa, 46.94 de área total, 46.94 de área privativa, 220.00 de área do terreno,  2 qto(s), WC, 1 sala(s), cozinha, 1 vaga(s) de garagem.",36597.36,70000.0,47.72,Venda Direta Online,,CEARA-MIRIM,RN,Não
8555537989725,"RUA RAIMUNDO VARELA, N. 140, QD Q-O, LT 8",PLANALTO,"Casa, 46.94 de área total, 46.94 de área privativa, 200.00 de área do terreno,  2 qto(s), a.serv, WC, 1 sala(s), cozinha, 1 vaga(s) de garagem.",39211.47,75000.0,47.72,Venda Direta Online,,CEARA-MIRIM,RN,Não
1444418971156,"RUA CASA GRANDE, N. 67, LOTE 25, QUADRA 20",NOVOS TEMPOS,"Terreno, 0.00 de área total, 0.00 de área privativa, 158.88 de área do terreno, 1 vaga(s) de garagem.",14845.04,28000.0,46.99,Venda Direta Online,,CEARA-MIRIM,RN,Não
8444401889174,"RUA CABRIOLE, N. 76, LT 10 QD 20",LOT NOVO HORIZONTE,"Casa, 40.65 de área total, 40.65 de área privativa, 158.59 de área do terreno,  2 qto(s), a.serv, WC, 1 sala(s), cozinha, Terraco, 1 vaga(s) de garagem.",38151.3,71000.0,46.27,Venda Direta Online,,CEARA-MIRIM,RN,Não
8444429887702,"RUA ADRIANA CESAR, N. 171,  LT 31 QD G",LOT RES RUY PEREIRA,"Casa, 46.94 de área total, 46.94 de área privativa, 200.00 de área do terreno,  2 qto(s), WC, 1 sala(s), cozinha.",18806.97,35000.0,46.27,Venda Direta Online,,CEARA-MIRIM,RN,Não
8555535425883,"RUA DR JOÃO DULTRA DE ALMEIDA, N. 190, QD G24 LT 24",LOT RES RUY PEREIRA,"Casa, 46.94 de área total, 46.94 de área privativa, 200.00 de área do terreno,  2 qto(s), WC, 1 sala(s), cozinha.",18806.97,35000.0,46.27,Venda Direta Online,,CEARA-MIRIM,RN,Não
8444407449761,"MARGINAL BELA VISTA (RN-064), N. 3773, LT 17 QD 01",GRAVATA,"Casa, 53.60 de área total, 53.60 de área privativa, 161.90 de área do terreno,  2 qto(s), varanda, a.serv, WC, 1 sala(s), cozinha.",38822.98,72250.0,46.27,Venda Direta Online,,CEARA-MIRIM,RN,Não
8444419395076,"R COMPOSITOR A BARBOSA, N. 881, CS 01",MASSARANDUBA,"Casa, 0.00 de área total, 58.41 de área privativa, 133.33 de área do terreno,  2 qto(s), a.serv, WC, 2 sala(s), cozinha, Terraco.",56999.75,105000.0,45.72,Venda Direta Online,,CEARA-MIRIM,RN,Não
8444414607962,"RUA NELSON CAVAQUINHO, N. 588, CS 05",MASSARADUBA,"Casa, 0.00 de área total, 56.14 de área privativa, 133.33 de área do terreno.",49497.47,90000.0,45.01,Venda Direta Online,,CEARA-MIRIM,RN,Não
8444401867979,"RUA SAO MANOEL, N. 62,",SAO GERALDO,"Casa, 60.55 de área total, 60.55 de área privativa, 199.50 de área do terreno,  2 qto(s), varanda, WC, 1 sala(s), cozinha.",52493.37,93000.0,43.56,Venda Online,,CEARA-MIRIM,RN,Não
8444414822332,"RUA ENGENHO LARANJEIRAS, N. 1602, QD Q4-I LT E",GUARARAPES,"Casa, 52.74 de área total, 52.74 de área privativa, 171.43 de área do terreno,  2 qto(s), a.serv, WC, 1 sala(s), cozinha, Terraco, 1 vaga(s) de garagem.",56444.48,100000.0,43.56,Venda Online,,CEARA-MIRIM,RN,Não
8444428375880,"RUA OUTONO, N. 70, LT 07 QD A",LAGOA DO COSME,"Casa, 47.09 de área total, 47.09 de área privativa, 200.00 de área do terreno,  2 qto(s), a.serv, WC, 1 sala(s), cozinha, Terraco, 1 vaga(s) de garagem.",51364.48,91000.0,43.56,Venda Online,,CEARA-MIRIM,RN,Não
8444418952273,"RUA COMPOSITOR CHIQUINHA GONZAGA, N. 530, LT 1.240 QD 34",MASSARANDUBA,"Casa, 68.41 de área total, 68.41 de área privativa, 200.00 de área do terreno,  2 qto(s), a.serv, WC, 2 sala(s), cozinha, Terraco.",60285.45,105500.0,42.86,Venda Online,,CEARA-MIRIM,RN,Não
8444412355079,"RUA ENGENHO LARANJEIRAS, N. 1190, L 20, Q 5-I",PLANALTO,"Casa, 69.95 de área total, 69.95 de área privativa, 200.00 de área do terreno,  2 qto(s), a.serv, WC, 1 sala(s), cozinha, Terraco, 1 vaga(s) de garagem.",71654.14,125000.0,42.68,Venda Direta Online,,CEARA-MIRIM,RN,Não
8444403354014,"RUA BEIRA RIO, N. 174, LOT BEIRA RIO",MASSARANDUBA,"Casa, 58.47 de área total, 58.47 de área privativa, 200.00 de área do terreno,  2 qto(s), a.serv, WC, 1 sala(s), cozinha.",49208.01,85000.0,42.11,Venda Direta Online,,CEARA-MIRIM,RN,Não
8444415568510,"RUA DOMINGUINHOS, N. 545, CS 01",MASSARANDUBA,"Casa, 56.14 de área total, 56.14 de área privativa, 144.53 de área do terreno,  2 qto(s), a.serv, WC, 2 sala(s), cozinha, Terraco, 1 vaga(s) de garagem.",56502.38,97600.0,42.11,Venda Direta Online,,CEARA-MIRIM,RN,Não
8444421078600,"RUA ARY BARROSO, N. 677, LT 1097 QD 38",MASSARANDUBA,"Casa, 69.32 de área total, 69.32 de área privativa, 200.00 de área do terreno,  2 qto(s), a.serv, WC, 1 sala(s), Terraco.",74146.96,128000.0,42.08,Licitação Aberta,,CEARA-MIRIM,RN,Não
8444401259448,"RUA DOS TACHOS, N. 41, LT 18 QD 20",LOT NOVO HORIZONTE,"Terreno, 0.00 de área total, 0.00 de área privativa, 168.00 de área do terreno.",14522.77,25000.0,41.91,Licitação Aberta,,CEARA-MIRIM,RN,Não
8444405452900,"RUA ENGENHO ALABAMBA, N. 1630, LT 14 Q4-D",PLANALTO,"Casa, 47.57 de área total, 47.57 de área privativa, 200.00 de área do terreno,  2 qto(s), a.serv, WC, 1 sala(s), cozinha.",48796.49,84000.0,41.91,Venda Direta Online,,CEARA-MIRIM,RN,Não
8444412204135,"RUA JOSE WILSON FERREIRA DA SILVA, N. 208, LOTE 30 QUADRA 03",SAO GERALDO,"Casa, 68.50 de área total, 68.50 de área privativa, 200.00 de área do terreno,  2 qto(s), a.serv, WC, 1 sala(s), cozinha.",29194.07,50255.7,41.91,Venda Online,,CEARA-MIRIM,RN,Não
8555535812917,"RUA ODETE MATIAS DE LIMA, N. 291, LOTE 30 QUADRA K",RES RUY PEREIRA,"Casa, 46.94 de área total, 46.94 de área privativa, 200.00 de área do terreno,  2 qto(s), a.serv, WC, 1 sala(s), cozinha, Terraco, 1 vaga(s) de garagem.",48796.49,84000.0,41.91,Licitação Aberta,,CEARA-MIRIM,RN,Não
8555536185282,"RUA ZILAR SOARES, N. 146, LOTE 05 QUADRA L",PLANALTO,"Casa, 46.94 de área total, 46.94 de área privativa, 200.00 de área do terreno,  2 qto(s), WC, 1 sala(s), cozinha.",21784.15,37500.0,41.91,Venda Online,,CEARA-MIRIM,RN,Não
8555537814895,"RUA ODETE MATIAS DE LIMA, N. 310, LT 11, QD L,",PLANALTO,"Casa, 46.94 de área total, 46.94 de área privativa, 266.60 de área do terreno,  2 qto(s), WC, 1 sala(s), cozinha.",16265.5,28000.0,41.91,Licitação Aberta,,CEARA-MIRIM,RN,Não
8555539948694,"RUA MURILO LOSSIO, N. 195, LT 19, QD Q-Q",PLANALTO,"Casa, 46.94 de área total, 46.94 de área privativa, 200.00 de área do terreno,  2 qto(s), a.serv, WC, 1 sala(s), cozinha.",30207.35,52000.0,41.91,Venda Direta Online,,CEARA-MIRIM,RN,Não
8555534064739,"RUA HELDER DANTAS, N. 32, C04 LOTEAMENTO QUADRA C",PRIMEIRA LAGOA,"Casa, 46.94 de área total, 46.94 de área privativa, 200.00 de área do terreno,  2 qto(s), WC, 1 sala(s), cozinha.",34591.75,59547.46,41.91,Venda Direta Online,,CEARA-MIRIM,RN,Não
8555537760639,"RUA ABRAHAO BARRETO, N. 223, LT 16 QD Q-O",CENTRO,"Casa, 0.00 de área total, 46.94 de área privativa, 200.00 de área do terreno.",8597.48,14800.0,41.91,Venda Direta Online,,CEARA-MIRIM,RN,Não
8444427099324,"RUA MANOEL RODRIGUES MACHADO, N. 61, LOTE A",SAO GERALDO,"Casa, 0.00 de área total, 80.00 de área privativa, 0.00 de área do terreno,  3 qto(s), varanda, a.serv, WC, 1 sala(s), cozinha.",87819.45,150000.0,41.46,Venda Direta Online,,CEARA-MIRIM,RN,Não
8444405799722,"PRIMEIRA LAGOA, N. 356, LT1 QDA",PONTA DO MATO,"Casa, 102.85 de área total, 102.85 de área privativa, 2500.00 de área do terreno,  3 qto(s), a.serv, WC, 2 sala(s), cozinha, Terraco.",42414.43,70000.0,39.41,Venda Direta Online,,CEARA-MIRIM,RN,Não
1444416440080,"ESTRADA ESTADUAL RN-306, N. SN, LT 98 QD G",BOSQUE DA PRAIA,"Casa, 322.38 de área total, 150.19 de área privativa, 375.00 de área do terreno,  4 qto(s), a.serv, WC, 1 sala(s), cozinha.",275319.78,432000.0,36.27,Venda Direta Online,,CEARA-MIRIM,RN,Sim
8444417624710,"RUA CLAUDIO SANTORO, N. 545, CS 01 LT 1373/1375 QD 31",LOT ROTA NORTE,"Casa, 58.41 de área total, 58.41 de área privativa, 133.33 de área do terreno,  2 qto(s), a.serv, WC, 1 sala(s), cozinha, Terraco, 1 vaga(s) de garagem.",96354.68,112000.0,13.97,Leilão SFI - Edital Único,,CEARA-MIRIM,RN,Não
8444436790050,"RUA VERAO, N. 82, LT 08 QD A",MANGABEIRA,"Casa, 47.09 de área total, 47.09 de área privativa, 200.41 de área do terreno,  2 qto(s), a.serv, WC, 1 sala(s), cozinha, Terraco, 1 vaga(s) de garagem.",83000.0,83000.0,0.0,Leilão SFI - Edital Único,,CEARA-MIRIM,RN,Não
8555537760302,"R. ABRAHAO BARRETO, N. 153, QD QO LT 23",PLANALTO,"Casa, 46.94 de área total, 46.94 de área privativa, 200.00 de área do terreno,  2 qto(s), WC, 1 sala(s), cozinha, 1 vaga(s) de garagem.",84000.0,84000.0,0.0,Leilão SFI - Edital Único,,CEARA-MIRIM,RN,Não
8444419856880,"RUA ISAURA PIGNATARO, N. 876, CS 01 LT 1899 1901 QD 54 LOT ROTA NORT",MASSARANDUBA,"Casa, 133.33 de área total, 58.41 de área privativa, 133.33 de área do terreno,  2 qto(s), a.serv, WC, 1 sala(s), cozinha.",122000.0,122000.0,0.0,Leilão SFI - Edital Único,,CEARA-MIRIM,RN,Não
8444430209224,"RUA ALFAZEMA, N. 238, LT 16 QD A",CENTRO,"Casa, 54.94 de área total, 54.94 de área privativa, 200.00 de área do terreno,  2 qto(s), a.serv, WC, 1 sala(s), cozinha, Terraco, 1 vaga(s) de garagem.",96000.0,96000.0,0.0,Leilão SFI - Edital Único,,CEARA-MIRIM,RN,Não
8444409189155,"RUA DO VAQUEIRO, N. 231,",NOVOS TEMPOS,"Casa, 69.84 de área total, 69.84 de área privativa, 151.00 de área do terreno,  2 qto(s), WC, 1 sala(s), cozinha, Terraco.",111065.51,103000.0,0.0,Leilão SFI - Edital Único,,CEARA-MIRIM,RN,Não
8444410781879,"RUA COMPOSITOR HEITOR VILLAS LOBO, N. 439, LOTE 725 QUADRA 18",MASSARANDUBA,"Casa, 63.54 de área total, 63.54 de área privativa, 200.00 de área do terreno,  2 qto(s), a.serv, WC, 1 sala(s), cozinha, Terraco, 1 vaga(s) de garagem.",105791.83,91000.0,0.0,Leilão SFI - Edital Único,,CEARA-MIRIM,RN,Não
8555533441199,"RUA DR JOAO DULTRA DE ALMEIDA, N. 40, LT 26 QD B",PLANALTO,"Casa, 0.00 de área total, 46.94 de área privativa, 200.00 de área do terreno,  2 qto(s), WC, 1 sala(s), cozinha.",74404.0,18130.0,0.0,Leilão SFI - Edital Único,,CEARA-MIRIM,RN,Não
10211719,"RUA ANTONIO BEZERRA LINHARES, N. 289, ST, QD 15, LT 300",Santa Maria Gorete,"Prédio, 0.00 de área total, 551.56 de área privativa, 609.14 de área do terreno.",530946.61,1023000.0,48.1,Venda Direta Online,,CURRAIS NOVOS,RN,Não
8444400785065,"RUA JOSÉ MATIAS DE OLIVEIRA, N. 90,",DR JOSE BEZERRA,"Casa, 78.77 de área total, 78.77 de área privativa, 116.82 de área do terreno,  2 qto(s), a.serv, WC, 2 sala(s), cozinha, 1 vaga(s) de garagem.",77043.32,133000.0,42.08,Venda Direta Online,,CURRAIS NOVOS,RN,Não
1555534870982,"RODOVIA BR 226 CURRAIS NOVOS/RN A SÃO VICENTE/RN, N. SN, SETOR 007 QD 711 LT 2030",CURRAIS NOVOS,"Terreno, 0.00 de área total, 0.00 de área privativa, 1685.02 de área do terreno.",106227.96,172000.0,38.24,Venda Direta Online,,CURRAIS NOVOS,RN,Não
8444404634991,"RUA PROJETADA, N. SN, LT 32  QD 01",CENTRAL PARQUE I,"Casa, 0.00 de área total, 63.13 de área privativa, 237.86 de área do terreno,  2 qto(s), varanda, a.serv, WC, 1 sala(s), cozinha, 1 vaga(s) de garagem.",31213.97,99000.0,68.48,Venda Online,,EXTREMOZ,RN,Não
8444406971359,"RUA PROJETADA 05, N. SN, LT 194 QD 11",AREA LITORANEA,"Casa, 0.00 de área total, 57.00 de área privativa, 450.00 de área do terreno,  2 qto(s), WC, 1 sala(s), cozinha, Terraco.",31634.36,86000.0,63.22,Venda Direta Online,,EXTREMOZ,RN,Não
8444414806990,"RUA MIRAMAR, N. 15, QD 10 LT 05",BAIRRO MAANAIM,"Casa, 0.00 de área total, 59.67 de área privativa, 200.00 de área do terreno,  2 qto(s), a.serv, WC, 1 sala(s), cozinha, 1 vaga(s) de garagem.",39464.32,103500.0,61.88,Venda Online,,EXTREMOZ,RN,Não
8444409213447,"RUA CHUVA DE OURO, N. S/N, CS 04 QD 08 LT 220",POVOADO GENIPABU,"Casa, 0.00 de área total, 50.72 de área privativa, 81.43 de área do terreno,  2 qto(s), a.serv, WC, 1 sala(s), cozinha, 1 vaga(s) de garagem.",42896.0,105000.0,59.15,Venda Direta Online,,EXTREMOZ,RN,Não
8444400969387,"RUA PROJETADA, N. S/N, LT 02",CARÃO,"Casa, 0.00 de área total, 56.08 de área privativa, 246.50 de área do terreno,  2 qto(s), varanda, a.serv, WC, 1 sala(s), cozinha.",53762.52,129730.0,58.56,Venda Direta Online,,EXTREMOZ,RN,Não
8444427546126,"AVENIDA SANTOS DUMONT, N. 144, CS 05, QD 03, LT 17",LOT SANTOS DUMONT,"Casa, 49.00 de área total, 49.00 de área privativa, 66.72 de área do terreno,  2 qto(s), a.serv, WC, 1 sala(s), cozinha, 1 vaga(s) de garagem.",63669.1,145000.0,56.1,Venda Direta Online,,EXTREMOZ,RN,Não
8444416961267,"RUA SÃO MIGUEL ARCANJO, N. 434, LOTE 448, QUADRA 17",EXTREMOZ,"Casa, 93.64 de área total, 49.48 de área privativa, 93.64 de área do terreno,  2 qto(s), a.serv, WC, 1 sala(s), cozinha, 1 vaga(s) de garagem.",49542.64,102000.0,51.43,Venda Direta Online,,EXTREMOZ,RN,Não
8444406503967,"RUA SOL NASCENTE, N. 38, QD 02 LT 24",LOT MAANAIM,"Casa, 58.38 de área total, 58.38 de área privativa, 200.00 de área do terreno,  2 qto(s), a.serv, WC, 1 sala(s), cozinha.",56033.53,115000.0,51.28,Venda Online,,EXTREMOZ,RN,Não
8555507188457,"RUA PEDRO VASCONCELOS, N. SN, 08GLEBA E",LOT MOINHO,"Casa, 56.02 de área total, 56.02 de área privativa, 200.00 de área do terreno,  2 qto(s), WC, 1 sala(s), cozinha, Terraco.",58469.77,120000.0,51.28,Venda Direta Online,,EXTREMOZ,RN,Não
8444428802576,"RUA JAHU, N. 289, LOTE D QUADRA 27",LOT SANTOS DUMONT,"Casa, 69.98 de área total, 69.98 de área privativa, 200.00 de área do terreno,  2 qto(s), varanda, a.serv, WC, 1 sala(s), cozinha.",74148.89,149000.0,50.24,Venda Direta Online,,EXTREMOZ,RN,Não
8444431758388,"RUA VILA DE FÁTIMA, N. 46, CS 01 LT A2 QD 08",LOT CHÁCARAS DE EXTR,"Casa, 66.00 de área total, 66.00 de área privativa, 243.85 de área do terreno,  2 qto(s), a.serv, WC, 1 sala(s), cozinha, 1 vaga(s) de garagem.",53999.76,108000.0,50.01,Venda Direta Online,,EXTREMOZ,RN,Não
8444432712802,"AVENIDA AUGUSTO SEVERO, N. 218, CASA 08",LOT SANTOS DUMONT,"Casa, 47.11 de área total, 45.28 de área privativa, 80.17 de área do terreno,  2 qto(s), a.serv, WC, 1 sala(s), cozinha, 1 vaga(s) de garagem.",64488.72,125000.0,48.41,Venda Direta Online,,EXTREMOZ,RN,Não
8555515933336,"RUA PROJETADA, N. SN, LT 2C GLB C",KAMATAU,"Casa, 56.08 de área total, 56.08 de área privativa, 200.00 de área do terreno,  2 qto(s), a.serv, WC, 1 sala(s), cozinha, 1 vaga(s) de garagem.",59329.62,115000.0,48.41,Venda Online,,EXTREMOZ,RN,Não
8444410483894,"RUA PROJETADA 06, N. SN, LT 24",CARAO,"Casa, 0.00 de área total, 60.15 de área privativa, 242.33 de área do terreno,  2 qto(s), varanda, a.serv, WC, 1 sala(s), cozinha.",61076.86,117500.0,48.02,Venda Direta Online,,EXTREMOZ,RN,Não
8444407476254,"RUA DO AKITI, N. 39, QD 8 LT 19",MAANAIM,"Casa, 0.00 de área total, 56.71 de área privativa, 200.00 de área do terreno,  2 qto(s), varanda, a.serv, WC, 1 sala(s), cozinha.",59674.72,114000.0,47.66,Venda Online,,EXTREMOZ,RN,Não
10220686,"RUA PROJETADA, N. 00, QD 01, LT 34",GENIPABU,"Terreno, 0.00 de área total, 0.00 de área privativa, 450.00 de área do terreno.",20177.14,37000.0,45.47,Venda Direta Online,,EXTREMOZ,RN,Não
8444421210410,"RUA CANDARÁ, N. 86, LT16 QD 14 - PQ DAS PALMEIRAS",CARÃO,"Casa, 52.88 de área total, 52.88 de área privativa, 200.00 de área do terreno,  2 qto(s), a.serv, WC, 1 sala(s), cozinha, 1 vaga(s) de garagem.",59614.02,107000.0,44.29,Venda Online,,EXTREMOZ,RN,Não
8555536070167,"RUA LAGOA DE GRAÇANDU, N. SN, LT 22, QD 02",LOTEAMENTO PARQUE DA,"Casa, 0.00 de área total, 64.73 de área privativa, 200.00 de área do terreno,  2 qto(s), a.serv, WC, 1 sala(s), cozinha, 1 vaga(s) de garagem.",80459.71,144000.0,44.13,Venda Online,,EXTREMOZ,RN,Não
8444423507851,"RUA ALEMANHA, N. 571, LT 615 QD 06",MURICI,"Casa, 89.09 de área total, 89.09 de área privativa, 200.00 de área do terreno,  3 qto(s), a.serv, WC, 1 sala(s), cozinha, 1 vaga(s) de garagem.",88478.1,155000.0,42.92,Venda Online,,EXTREMOZ,RN,Não
8444405080949,"RUA PROJETADA, N. SN, LT 16",MOINHO,"Casa, 54.93 de área total, 54.93 de área privativa, 162.00 de área do terreno,  2 qto(s), a.serv, WC, 1 sala(s), cozinha, Terraco.",61714.02,108000.0,42.86,Venda Direta Online,,EXTREMOZ,RN,Não
8444407966324,"RUA LUZINOPOLIS, N. SN, LOTE 36",MOINHO,"Casa, 0.00 de área total, 63.80 de área privativa, 218.00 de área do terreno,  2 qto(s), varanda, a.serv, WC, 1 sala(s), cozinha.",63428.3,111000.0,42.86,Licitação Aberta,,EXTREMOZ,RN,Não
8444408709473,"RUA PROJETADA 01, N. SN, LT 1E, QD 07,",LOT SANTOS DUMONT,"Casa, 50.84 de área total, 50.84 de área privativa, 200.00 de área do terreno,  2 qto(s), varanda, a.serv, WC, 1 sala(s), cozinha.",59999.74,105000.0,42.86,Licitação Aberta,,EXTREMOZ,RN,Não
8444412011264,"RUA PADRE GASPAR DE SAMPERES, N. 917, CS 04 LT 44/45 QD E",LOT SANTO AMARO,"Casa, 50.52 de área total, 49.93 de área privativa, 114.79 de área do terreno,  2 qto(s), varanda, WC, 1 sala(s), cozinha.",59428.31,104000.0,42.86,Licitação Aberta,,EXTREMOZ,RN,Não
8444412552460,"RUA DAS FLORES, N. 79, LT 09 QD 11",MAANAIM,"Casa, 62.47 de área total, 62.47 de área privativa, 200.00 de área do terreno,  2 qto(s), varanda, a.serv, WC, 1 sala(s), cozinha, 1 vaga(s) de garagem.",60571.17,106000.0,42.86,Venda Online,,EXTREMOZ,RN,Não
8444418102733,"RUA PORTUGUESA, N. 42, LT 288 QD 14",ESTIVAS,"Casa, 72.40 de área total, 72.40 de área privativa, 200.00 de área do terreno,  2 qto(s), a.serv, WC, 1 sala(s), cozinha, Terraco, 1 vaga(s) de garagem.",63999.72,112000.0,42.86,Licitação Aberta,,EXTREMOZ,RN,Não
8444418725404,"RUA PADRE LUIZ FILGUEIRA, N. 486, LT 19 QD D",LOT SANTO AMARO,"Casa, 67.08 de área total, 67.08 de área privativa, 279.00 de área do terreno,  2 qto(s), varanda, a.serv, WC, 1 sala(s), cozinha.",63852.18,111741.8,42.86,Licitação Aberta,,EXTREMOZ,RN,Não
8444422186369,"RUA QUIRI QUIRI, N. 1189, C 01 Q13",GENIPABU,"Casa, 225.00 de área total, 61.60 de área privativa, 225.00 de área do terreno,  2 qto(s), a.serv, WC, 1 sala(s), cozinha, 1 vaga(s) de garagem.",57714.04,101000.0,42.86,Venda Direta Online,,EXTREMOZ,RN,Não
8444425211402,"AVENIDA OSÓRIO DANTAS I, N. 309, CS 06",EXTREMOZ,"Casa, 57.41 de área total, 45.32 de área privativa, 63.76 de área do terreno,  2 qto(s), a.serv, WC, 1 sala(s), cozinha, Terraco, 1 vaga(s) de garagem.",59428.31,104000.0,42.86,Venda Direta Online,,EXTREMOZ,RN,Não
8444426129742,"RUA CEDRO, N. 78, CS 02 LT 13 QD A",VILLAGE DE EXTREMOZ,"Casa, 62.02 de área total, 62.02 de área privativa, 132.00 de área do terreno,  2 qto(s), a.serv, WC, 1 sala(s), cozinha.",63142.58,110500.0,42.86,Licitação Aberta,,EXTREMOZ,RN,Não
8444427418578,"RUA BABAÇU, N. 26, LT 04 QD 09",CARAO,"Casa, 66.02 de área total, 66.02 de área privativa, 200.10 de área do terreno,  2 qto(s), varanda, a.serv, WC, 1 sala(s), cozinha.",64571.15,113000.0,42.86,Venda Online,,EXTREMOZ,RN,Não
8555530175633,"RUA GUADALAJARA, N. SN, Apto 203, BL C",CENTRO,"Apartamento, 60.94 de área total, 54.76 de área privativa, 0.00 de área do terreno,  2 qto(s), WC, 1 sala(s), cozinha.",63999.72,112000.0,42.86,Venda Direta Online,,EXTREMOZ,RN,Não
8787709336032,"RUA IPÊ AMARELO, N. 133, LT 11 QD 04",MOINHO,"Casa, 65.29 de área total, 65.29 de área privativa, 200.00 de área do terreno,  2 qto(s), a.serv, WC, 1 sala(s), cozinha.",63428.3,111000.0,42.86,Licitação Aberta,,EXTREMOZ,RN,Não
8444402720360,"RUA PROJETADA, N. SN, QD 23 LT V",EXTREMOZ,"Casa, 60.19 de área total, 60.19 de área privativa, 210.00 de área do terreno,  2 qto(s), a.serv, WC, 1 sala(s), cozinha.",68214.74,119000.0,42.68,Venda Direta Online,,EXTREMOZ,RN,Não
8444408062852,"AVENIDA ROBSON BARBOZA DE PAIVA, N. SN, LT 10",MOINHO,"Casa, 65.38 de área total, 65.38 de área privativa, 201.60 de área do terreno,  2 qto(s), a.serv, WC, 1 sala(s), cozinha, 1 vaga(s) de garagem.",68787.97,120000.0,42.68,Licitação Aberta,,EXTREMOZ,RN,Não
8444408577747,"RUA PADRE GASPAR DE SAMPERES, N. 55, LT 55 QD E",SANTO AMARO,"Casa, 60.15 de área total, 60.15 de área privativa, 342.00 de área do terreno,  2 qto(s), a.serv, WC, 1 sala(s), cozinha, 1 vaga(s) de garagem.",68787.97,120000.0,42.68,Venda Online,,EXTREMOZ,RN,Não
8444408695880,"RUA PADRE GASPAR DE SAMPERES, N. 52, LT 52 QD E",LOT SANTO AMARO,"Casa, 60.15 de área total, 60.15 de área privativa, 342.00 de área do terreno,  2 qto(s), a.serv, WC, 1 sala(s), cozinha, 1 vaga(s) de garagem.",67641.51,118000.0,42.68,Licitação Aberta,,EXTREMOZ,RN,Não
8444411661214,"RUA MARIA ODETE PINHEIRO, N. SN, LT 10 QD 06",LOTEAMENTO RIVIERA,"Casa, 99.81 de área total, 68.05 de área privativa, 88.17 de área do terreno,  2 qto(s), a.serv, WC, 1 sala(s), cozinha, 1 vaga(s) de garagem.",68787.97,120000.0,42.68,Venda Direta Online,,EXTREMOZ,RN,Não
8444414395078,"RUA ZÉ PELLIN, N. 780, LT 20B QD 21",LOT SANTOS DUMONT,"Casa, 65.50 de área total, 65.50 de área privativa, 200.00 de área do terreno,  2 qto(s), a.serv, WC, 1 sala(s), cozinha.",69361.21,121000.0,42.68,Licitação Aberta,,EXTREMOZ,RN,Não
8444414876262,"RUA NÍSIA FLORESTA, N. 74, LT 07 QD 03",LOT MOINHO DOS VENTO,"Casa, 69.72 de área total, 69.72 de área privativa, 200.00 de área do terreno,  2 qto(s), a.serv, WC, 1 sala(s), cozinha.",65921.81,115000.0,42.68,Licitação Aberta,,EXTREMOZ,RN,Não
8444415399271,"RUA CLARA CAMARÃO, N. 74, CS 03 LT 12 QD 06",LOT  MOINHO DOS VENT,"Casa, 64.29 de área total, 64.29 de área privativa, 133.30 de área do terreno,  2 qto(s), varanda, a.serv, WC, 1 sala(s), cozinha, 1 vaga(s) de garagem.",69647.82,121500.0,42.68,Licitação Aberta,,EXTREMOZ,RN,Não
8444425603831,"RUA ELY DOS SANTOS, N. 966, LOTE 04 QUADRA 05",VILA MARIA I,"Casa, 73.52 de área total, 73.52 de área privativa, 200.00 de área do terreno,  3 qto(s), a.serv, WC, 1 sala(s), cozinha, 1 vaga(s) de garagem.",71654.14,125000.0,42.68,Licitação Aberta,,EXTREMOZ,RN,Não
8444429163739,"RUA DAS VITORIAS REGIAS, N. 97, CS 02 LT 103 QD 01",LOT JD BOTANICO EXTR,"Casa, 70.58 de área total, 55.71 de área privativa, 87.78 de área do terreno,  2 qto(s), varanda, a.serv, WC, 1 sala(s), cozinha, 1 vaga(s) de garagem.",71080.9,124000.0,42.68,Licitação Aberta,,EXTREMOZ,RN,Não
8444429591773,"RUA PADRE GASPAR DE SAMPERES, N. 818, LT 16 QD G",LOT SANTO AMARO,"Casa, 61.96 de área total, 61.96 de área privativa, 201.25 de área do terreno,  2 qto(s), WC, 1 sala(s), cozinha, 1 vaga(s) de garagem.",71654.14,125000.0,42.68,Licitação Aberta,,EXTREMOZ,RN,Não
8444429901845,"RUA PADRE GASPAR DE SAMPERES, N. 830, LT 17 QD G",LOT SANTO AMARO,"Casa, 61.96 de área total, 61.96 de área privativa, 201.25 de área do terreno,  2 qto(s), a.serv, WC, 1 sala(s), cozinha, 1 vaga(s) de garagem.",65921.81,115000.0,42.68,Licitação Aberta,,EXTREMOZ,RN,Não
8555523122058,"RUA PROJETADA, N. SN, LT 01",CENTRO,"Casa, 65.38 de área total, 65.38 de área privativa, 234.17 de área do terreno,  2 qto(s), varanda, a.serv, WC, 1 sala(s), cozinha, Terraco, 1 vaga(s) de garagem.",70507.67,123000.0,42.68,Venda Direta Online,,EXTREMOZ,RN,Não
8444424909384,"RUA MARIA DO SOCORRO ROCHA GABRIEL, N. 993, LT 25 QD 06",LOT VILA MARIA I,"Casa, 82.03 de área total, 82.03 de área privativa, 200.00 de área do terreno,  3 qto(s), varanda, a.serv, WC, 1 sala(s), cozinha.",91406.99,158203.87,42.23,Venda Direta Online,,EXTREMOZ,RN,Não
8444424341060,"RUA VEREADOR CARMELO PIGNATARIO, N. 1000, Apto 306, BL G",CENTRO,"Apartamento, 61.18 de área total, 54.38 de área privativa, 0.00 de área do terreno,  2 qto(s), WC, 1 sala(s), cozinha, 1 vaga(s) de garagem.",57891.78,100000.0,42.11,Licitação Aberta,,EXTREMOZ,RN,Não
8444401627862,"RUA PROJETADA, N. SN, QD05 LTB",LOT POTIGUAR,"Casa, 50.40 de área total, 50.40 de área privativa, 205.26 de área do terreno,  2 qto(s), varanda, a.serv, WC, 1 sala(s), cozinha.",76927.47,132800.0,42.08,Venda Direta Online,,EXTREMOZ,RN,Não
8444411001664,"RUA  ATLANTICO, N. 76, LT 17 QD A",ESTIVAS MOINHOS,"Casa, 70.00 de área total, 70.00 de área privativa, 200.00 de área do terreno,  2 qto(s), a.serv, WC, 1 sala(s), cozinha, 1 vaga(s) de garagem.",73567.68,127000.0,42.08,Licitação Aberta,,EXTREMOZ,RN,Não
8444411013689,"RUA ATLANTICO, N. 66, LOTE 19 QUADRA A",MOINHO,"Casa, 65.00 de área total, 65.00 de área privativa, 200.00 de área do terreno,  2 qto(s), WC, 1 sala(s), cozinha.",77622.6,134000.0,42.08,Licitação Aberta,,EXTREMOZ,RN,Não
8444413700640,"RUA PROJETADA, N. SN, LT 16 QD 02",MAANAIM,"Casa, 55.92 de área total, 55.92 de área privativa, 200.00 de área do terreno,  2 qto(s), a.serv, WC, 1 sala(s), cozinha, Terraco.",79650.05,137500.0,42.08,Licitação Aberta,,EXTREMOZ,RN,Não
8444417691930,"RUA MAR EGEU, N. 70, CS C LT 42  QD 06",LOTEAMENTO RIVIERA,"Casa, 68.33 de área total, 68.33 de área privativa, 121.90 de área do terreno,  2 qto(s), WC, 1 sala(s), cozinha, Terraco.",73567.68,127000.0,42.08,Venda Online,,EXTREMOZ,RN,Não
8444421415097,"RUA FORTALEZA, N. 98, LT 04 QD D",MOINHO,"Casa, 66.00 de área total, 66.00 de área privativa, 200.00 de área do terreno,  2 qto(s), a.serv, WC, 1 sala(s), cozinha.",78201.87,135000.0,42.08,Licitação Aberta,,EXTREMOZ,RN,Não
8444426509758,"RUA VEREADOR CARMELO PIGNATARIO, N. 1000, Apto 401, BL H",CENTRO,"Apartamento, 60.56 de área total, 54.38 de área privativa, 0.00 de área do terreno,  2 qto(s), a.serv, WC, 1 sala(s), cozinha.",74146.96,128000.0,42.08,Licitação Aberta,,EXTREMOZ,RN,Não
8444428551255,"AVENIDA SANTOS DUMONT, N. 124, CASA 03 LT 18 QD 03",SANTOS DUMONT,"Casa, 0.00 de área total, 49.00 de área privativa, 78.97 de área do terreno,  2 qto(s), WC, 1 sala(s), cozinha.",74726.23,129000.0,42.08,Venda Direta Online,,EXTREMOZ,RN,Não
8555518156756,"RUA JASMIM, N. 358, QD 9 LT 4",LOTEAMENTO PARQUE KA,"Casa, 56.08 de área total, 56.08 de área privativa, 200.00 de área do terreno,  2 qto(s), varanda, a.serv, WC, 1 sala(s), cozinha.",79765.91,137700.0,42.08,Venda Direta Online,,EXTREMOZ,RN,Não
8555523626439,"RUA GUADALAJARA, N. SN, Apto 106, BL A",CENTRO,"Apartamento, 60.94 de área total, 54.76 de área privativa, 0.00 de área do terreno,  2 qto(s), a.serv, WC, 1 sala(s), cozinha.",74146.96,128000.0,42.08,Venda Online,,EXTREMOZ,RN,Não
8555528669152,"RUA GUADALAJARA, N. SN, Apto 403, BL B",CENTRO,"Apartamento, 60.94 de área total, 54.76 de área privativa, 0.00 de área do terreno,  2 qto(s), WC, 1 sala(s), cozinha.",73567.68,127000.0,42.08,Venda Online,,EXTREMOZ,RN,Não
8555530698199,"RUA GUADALAJARA, N. SN, Apto 201, BL B PAV 2",CENTRO,"Apartamento, 60.94 de área total, 54.76 de área privativa, 0.00 de área do terreno,  2 qto(s), WC, 1 sala(s), cozinha.",72698.77,125500.0,42.08,Venda Direta Online,,EXTREMOZ,RN,Não
8787718989116,"RUA SAO JORGE, N. 127-03, LT 80, QD 05, CS03",KAMATAU,"Casa, 64.53 de área total, 57.59 de área privativa, 159.12 de área do terreno,  2 qto(s), a.serv, WC, 1 sala(s), cozinha.",79939.69,138000.0,42.08,Venda Direta Online,,EXTREMOZ,RN,Não
8787721587660,"RUA CAMARA CASCUDO, N. 887-01, LT 1470, QD 52",EXTREMOZ,"Casa, 89.93 de área total, 57.34 de área privativa, 100.00 de área do terreno,  2 qto(s), a.serv, WC, 1 sala(s), cozinha.",78201.87,135000.0,42.08,Venda Direta Online,,EXTREMOZ,RN,Não
8444402311370,"RUA PROJETADA, N. SN, LT 09 QD 05",LOT MAANAIM,"Casa, 60.90 de área total, 60.90 de área privativa, 200.00 de área do terreno,  2 qto(s), WC, 1 sala(s), cozinha, 1 vaga(s) de garagem.",42987.38,74000.0,41.91,Licitação Aberta,,EXTREMOZ,RN,Não
8444408147122,"RUA PROJETADA, N. SN, QD 03 LT 03 CS 07",CHACARAS DE EXTREMOZ,"Casa, 98.36 de área total, 45.84 de área privativa, 45.84 de área do terreno,  2 qto(s), varanda, a.serv, WC, 1 sala(s), cozinha, 1 vaga(s) de garagem.",46472.85,80000.0,41.91,Venda Direta Online,,EXTREMOZ,RN,Não
8444407761331,"RUA PROJETADA, N. SN, LT A34 QD 01",LOT SANTA CELIA,"Casa, 64.45 de área total, 64.45 de área privativa, 240.00 de área do terreno,  2 qto(s), a.serv, WC, 1 sala(s), cozinha.",89575.84,153000.0,41.46,Licitação Aberta,,EXTREMOZ,RN,Não
8444411361199,"RUA ATLÂNTICO, N. 77, LT 38, QD A",MOINHO,"Casa, 69.78 de área total, 69.78 de área privativa, 200.00 de área do terreno,  2 qto(s), a.serv, WC, 1 sala(s), cozinha, 1 vaga(s) de garagem.",84306.67,144000.0,41.46,Venda Direta Online,,EXTREMOZ,RN,Não
8444415771170,"RUA FIGUEIRENSE, N. 59, L 604 Q 35",ESTIVAS,"Casa, 55.63 de área total, 55.63 de área privativa, 200.00 de área do terreno,  2 qto(s), a.serv, WC, 1 sala(s), cozinha, 1 vaga(s) de garagem.",87233.99,149000.0,41.46,Venda Direta Online,,EXTREMOZ,RN,Não
8444417329700,"RUA PRAIA DA JANGADA, N. 19, LT 01 B QD 14",CAMINHO DO MAR,"Casa, 66.00 de área total, 66.00 de área privativa, 216.00 de área do terreno,  2 qto(s), a.serv, WC, 1 sala(s), cozinha, Terraco.",81964.82,140000.0,41.46,Licitação Aberta,,EXTREMOZ,RN,Não
8444418093947,"BASÍLIO LICKS DE JESUS ANTIGA RUA DIANOPOLIS, N. 245, LT 04 QD 04",MOINHO,"Casa, 71.90 de área total, 71.90 de área privativa, 200.00 de área do terreno,  3 qto(s), varanda, a.serv, WC, 1 sala(s), cozinha.",81964.82,140000.0,41.46,Venda Direta Online,,EXTREMOZ,RN,Não
8444418671614,"RUA REAL MADRID, N. 50, LOTE 105 QUADRA 06",ESTIVAS,"Casa, 66.43 de área total, 66.43 de área privativa, 210.00 de área do terreno,  2 qto(s), a.serv, WC, 1 sala(s), cozinha, 1 vaga(s) de garagem.",89575.84,153000.0,41.46,Licitação Aberta,,EXTREMOZ,RN,Não
8444422268403,"RUA DA AMOREIRA, N. 224, LT 46 QD G",MOINHO,"Casa, 60.94 de área total, 60.94 de área privativa, 200.00 de área do terreno,  2 qto(s), a.serv, WC, 1 sala(s), cozinha, 2 vaga(s) de garagem.",89868.57,153500.0,41.46,Venda Direta Online,,EXTREMOZ,RN,Não
8444424224500,"RUA CORITIBA, N. 204, QD21 LT347",ESTIVAS,"Casa, 57.78 de área total, 57.78 de área privativa, 206.46 de área do terreno,  2 qto(s), a.serv, WC, 1 sala(s), cozinha, Terraco.",84306.67,144000.0,41.46,Venda Direta Online,,EXTREMOZ,RN,Não
8444428612564,"RUA ZURIQUE, N. 209, LT 410 QD 04",LOT SPORT CLUBE NATA,"Casa, 86.04 de área total, 86.04 de área privativa, 200.00 de área do terreno,  2 qto(s), a.serv, WC, 1 sala(s), cozinha, 1 vaga(s) de garagem.",81964.82,140000.0,41.46,Licitação Aberta,,EXTREMOZ,RN,Não
8444433529874,"RUA MARSELHA, N. 180, CASA 05 LOTE 3514 QUADRA 35",BOCA DA ILHA,"Casa, 63.06 de área total, 63.06 de área privativa, 115.33 de área do terreno,  2 qto(s), a.serv, WC, 1 sala(s), cozinha, 1 vaga(s) de garagem.",87233.99,149000.0,41.46,Licitação Aberta,,EXTREMOZ,RN,Não
8444433898896,"RUA PADRE LUIZ DA FIGUEIRA, N. 224, L 15, Q B",SANTO AMARO,"Casa, 49.98 de área total, 49.98 de área privativa, 252.00 de área do terreno,  2 qto(s), a.serv, WC, 1 sala(s), cozinha, Terraco.",81964.82,140000.0,41.46,Venda Direta Online,,EXTREMOZ,RN,Não
8444435782070,"RUA VILA DE FATIMA, N. 226-05, LT 21 QD 08",Chácaras de Extremoz,"Casa, 117.34 de área total, 57.23 de área privativa, 73.30 de área do terreno,  2 qto(s), a.serv, WC, 1 sala(s), cozinha, Terraco, 1 vaga(s) de garagem.",82843.01,141500.0,41.46,Venda Direta Online,,EXTREMOZ,RN,Não
8444437988920,"RUA ANDRÔMEDA, N. 219-1, LT 1303 QD 41",SOLLARES EXTREMOZ,"Casa, 56.00 de área total, 56.00 de área privativa, 99.17 de área do terreno,  2 qto(s), varanda, a.serv, WC, 1 sala(s), cozinha.",87585.26,149600.0,41.46,Licitação Aberta,,EXTREMOZ,RN,Não
8787705870069,"RUA MOGNO, N. 168, UNIDADE 02 LT 31 QD G",LOT VILLAGE DE EXTRE,"Casa, 57.62 de área total, 57.62 de área privativa, 132.00 de área do terreno,  2 qto(s), varanda, WC, 1 sala(s), cozinha, 1 vaga(s) de garagem.",85477.6,146000.0,41.46,Venda Direta Online,,EXTREMOZ,RN,Não
8787720341306,"RUA MARINGÁ, N. 117, CASA 1 QUADRA 49",PORTA DO SOL,"Casa, 57.34 de área total, 57.34 de área privativa, 100.00 de área do terreno,  2 qto(s), a.serv, WC, 1 sala(s), cozinha, 1 vaga(s) de garagem.",83721.21,143000.0,41.46,Licitação Aberta,,EXTREMOZ,RN,Não
8787721188420,"RUA ONOFRE LOPES, N. 96, CS01 LT1379 QD49",LOT PORTAL DO SOL,"Casa, 100.00 de área total, 57.32 de área privativa, 100.00 de área do terreno,  2 qto(s), varanda, a.serv, WC, 1 sala(s), cozinha.",84482.31,144300.0,41.46,Venda Online,,EXTREMOZ,RN,Não
8444416758968,"RUA PIAUI, N. 177, L 1063 Q 59",ESTIVAS,"Casa, 66.43 de área total, 66.43 de área privativa, 207.99 de área do terreno,  2 qto(s), a.serv, WC, 1 sala(s), cozinha, 1 vaga(s) de garagem.",93629.95,158000.0,40.75,Venda Direta Online,,EXTREMOZ,RN,Não
8444422358402,"RUA CEARÁ, N. 116, L 281 Q 17",ESTIVAS,"Casa, 62.09 de área total, 62.09 de área privativa, 200.00 de área do terreno,  2 qto(s), WC, 1 sala(s), cozinha, 1 vaga(s) de garagem.",92444.76,156000.0,40.75,Venda Direta Online,,EXTREMOZ,RN,Não
8444423346114,"RUA ALEMANHA, N. 335, LT 517 QD 05",MURICI,"Casa, 91.00 de área total, 73.00 de área privativa, 200.00 de área do terreno,  2 qto(s), a.serv, WC, 1 sala(s), cozinha, 1 vaga(s) de garagem.",94815.14,160000.0,40.75,Licitação Aberta,,EXTREMOZ,RN,Não
8444423972856,"RUA MARIA DO SOCORRO ROCHA GABRIEL, N. 1196, LT 14 QD 02",VILA MARIA II,"Casa, 71.49 de área total, 71.49 de área privativa, 200.00 de área do terreno,  2 qto(s), a.serv, WC, 1 sala(s), cozinha.",99555.89,168000.0,40.75,Licitação Aberta,,EXTREMOZ,RN,Não
8444426118740,"RUA TORINO, N. 118, LT 02 QD C",LOTEAMENTO ITALIA J,"Casa, 79.28 de área total, 79.28 de área privativa, 200.00 de área do terreno,  3 qto(s), a.serv, WC, 1 sala(s), cozinha.",93037.35,157000.0,40.75,Licitação Aberta,,EXTREMOZ,RN,Não
8444427849129,"AVENIDA DOS COQUEIROS, N. 678, LT 1R",LOT PASSAGEM DA VILA,"Casa, 103.77 de área total, 69.42 de área privativa, 103.77 de área do terreno,  2 qto(s), a.serv, WC, 1 sala(s), DCE, cozinha, 1 vaga(s) de garagem.",104889.24,177000.0,40.75,Venda Direta Online,,EXTREMOZ,RN,Não
8444429834579,"RUA NAPOLES, N. 90, LT 3809 QD 38",BOCA DA ILHA,"Casa, 86.04 de área total, 86.04 de área privativa, 200.00 de área do terreno,  2 qto(s), a.serv, WC, 1 sala(s), cozinha, 1 vaga(s) de garagem.",103111.46,174000.0,40.75,Licitação Aberta,,EXTREMOZ,RN,Não
8444432038788,"RUA ROMA, N. 111, LT 4234 QD 42",BOCA DA ILHA,"Casa, 86.04 de área total, 86.04 de área privativa, 200.00 de área do terreno,  2 qto(s), a.serv, WC, 1 sala(s), cozinha, 1 vaga(s) de garagem.",101926.27,172000.0,40.75,Venda Direta Online,,EXTREMOZ,RN,Não
8444434055019,"RUA NOVA BRASILIA, N. 87, LOTE 910 QUADRA 09",CENTRO,"Casa, 86.04 de área total, 86.04 de área privativa, 200.00 de área do terreno,  2 qto(s), a.serv, WC, 1 sala(s), cozinha, 1 vaga(s) de garagem.",106667.03,180000.0,40.75,Licitação Aberta,,EXTREMOZ,RN,Não
8444434857336,"RUA NOVA JOÃO PESSOA, N. 62, LT 602 QD 06",LOT SPORT CLUBE V,"Casa, 86.04 de área total, 86.04 de área privativa, 200.00 de área do terreno,  2 qto(s), a.serv, WC, 1 sala(s), cozinha, 1 vaga(s) de garagem.",106074.43,179000.0,40.75,Venda Direta Online,,EXTREMOZ,RN,Não
1444417992087,"RUA DAS ORQUIDEAS, N. 82, LT 42 QD 11 GLEBA E",PQ DAS JAQUEIRAS,"Casa, 71.89 de área total, 71.89 de área privativa, 200.00 de área do terreno,  2 qto(s), varanda, a.serv, WC, 1 sala(s), cozinha, 1 vaga(s) de garagem.",69884.34,116816.0,40.18,Venda Direta Online,,EXTREMOZ,RN,Não
8444409626547,"AVENIDA SANDALO, N. 221-F, 10F, L 221-F Q 14",LT KAMATAU,"Casa, 66.28 de área total, 66.28 de área privativa, 115.20 de área do terreno,  2 qto(s), a.serv, WC, 1 sala(s), cozinha, 1 vaga(s) de garagem.",68199.69,114000.0,40.18,Venda Direta Online,,EXTREMOZ,RN,Não
8444400342627,"RUA PROJETADA, N. SN, LOTE 09-D GLEBA D",CENTRO,"Casa, 56.08 de área total, 56.08 de área privativa, 240.00 de área do terreno,  2 qto(s), varanda, a.serv, WC, 1 sala(s), cozinha, 1 vaga(s) de garagem.",63000.0,105000.0,40.0,Leilão SFI - Edital Único,,EXTREMOZ,RN,Não
1444415965953,"RUA ESPANHA, N. 640, LT 2227 QD 22",LOT SPORT CLUBE III,"Casa, 82.12 de área total, 82.12 de área privativa, 200.00 de área do terreno,  3 qto(s), varanda, a.serv, WC, 1 sala(s), cozinha.",78556.78,130000.0,39.58,Licitação Aberta,,EXTREMOZ,RN,Não
8444426328575,"RUA FINLÂNDIA, N. 511, LT 2243 QD 22",LOT SPOR CLUBE IV,"Casa, 89.08 de área total, 89.08 de área privativa, 200.00 de área do terreno,  3 qto(s), a.serv, WC, 1 sala(s), cozinha, 1 vaga(s) de garagem.",112420.91,186000.0,39.56,Licitação Aberta,,EXTREMOZ,RN,Não
8444417989262,"RUA DOM CARLOS, N. 122, LT 30 QD Q",LOT VILLA REAL I,"Casa, 0.00 de área total, 70.00 de área privativa, 200.00 de área do terreno,  2 qto(s), varanda, WC, 1 sala(s), cozinha.",121689.8,129000.0,5.67,Leilão SFI - Edital Único,,EXTREMOZ,RN,Não
1444414676800,"RUA 14 BIZ, N. 58, LOTE 147  QUADRA 01",Centro,"Casa, 81.83 de área total, 81.83 de área privativa, 204.00 de área do terreno,  3 qto(s), a.serv, WC, 1 sala(s), cozinha, 1 vaga(s) de garagem.",145885.7,145885.7,0.0,Leilão SFI - Edital Único,,EXTREMOZ,RN,Não
8444400380081,"RUA PROJETADA, N. SN, LT 76 QD 03",EXTREMOZ,"Casa, 70.12 de área total, 70.12 de área privativa, 190.13 de área do terreno,  2 qto(s), a.serv, WC, 1 sala(s), cozinha.",120000.0,120000.0,0.0,Leilão SFI - Edital Único,,EXTREMOZ,RN,Não
8444403546363,"RUA GENIPAPO, N. SN, LOTE 02",MOINHO,"Casa, 58.80 de área total, 58.80 de área privativa, 162.00 de área do terreno,  2 qto(s), WC, 1 sala(s), cozinha.",121000.0,121000.0,0.0,Leilão SFI - Edital Único,,EXTREMOZ,RN,Não
8444405550899,"RUA PROJETADA 08, N. SN,  LOTE B9",EXTREMOZ,"Casa, 57.00 de área total, 57.00 de área privativa, 216.00 de área do terreno,  2 qto(s), a.serv, WC, 1 sala(s), cozinha.",117000.0,117000.0,0.0,Leilão SFI - Edital Único,,EXTREMOZ,RN,Não
8444435242505,"RUA NOSSA SENHORA DAS GRACAS, N. 1198,  UNIDADE 03",LOTEAMENTO RIVIERA,"Casa, 103.84 de área total, 72.93 de área privativa, 103.82 de área do terreno,  2 qto(s), a.serv, WC, 1 sala(s), cozinha, 1 vaga(s) de garagem.",122000.0,122000.0,0.0,Leilão SFI - Edital Único,,EXTREMOZ,RN,Não
8555514078793,"RUA PROJETADA, N. SN,  LOTE 1A",LOT PQ KAMATAU,"Casa, 56.08 de área total, 56.08 de área privativa, 200.00 de área do terreno,  2 qto(s), a.serv, WC, 1 sala(s), cozinha, 1 vaga(s) de garagem.",117600.0,117600.0,0.0,Leilão SFI - Edital Único,,EXTREMOZ,RN,Não
8555530157201,"RUA PROJETADA 06, N. SN, Q11 L285",LOT SÃO MIGUEL ARCAN,"Casa, 65.38 de área total, 65.38 de área privativa, 288.00 de área do terreno,  2 qto(s), a.serv, WC, 1 sala(s), cozinha, 1 vaga(s) de garagem.",119100.0,119100.0,0.0,Leilão SFI - Edital Único,,EXTREMOZ,RN,Não
8787701336394,"RUA AUGUSTO SEVERO, N. 150, CS 01 LT D 02 QD 13",LOT SANTOS DUMONT,"Casa, 50.00 de área total, 50.00 de área privativa, 150.00 de área do terreno,  2 qto(s), WC, 1 sala(s), cozinha.",98000.0,98000.0,0.0,Leilão SFI - Edital Único,,EXTREMOZ,RN,Não
8787712477580,"AVENIDA CHARLES LINDBERGH, N. 303,  CASA 09",SANTOS DUMONT,"Casa, 59.58 de área total, 46.69 de área privativa, 64.50 de área do terreno,  2 qto(s), a.serv, WC, 1 sala(s), cozinha, 1 vaga(s) de garagem.",127800.0,127800.0,0.0,Leilão SFI - Edital Único,,EXTREMOZ,RN,Não
8444407361392,"RUA VILA MODERNA, N. SN, LT 45 QD K",MOINHO,"Casa, 65.46 de área total, 65.46 de área privativa, 200.00 de área do terreno,  2 qto(s), varanda, WC, 1 sala(s), cozinha.",109083.5,107000.0,0.0,Leilão SFI - Edital Único,,EXTREMOZ,RN,Não
8444421311658,"RUA ARECA TRIANDA, N. 297, LOTE 171B QUADRA A",LOT FAZENDA BUMBURRI,"Casa, 72.06 de área total, 72.06 de área privativa, 333.20 de área do terreno,  2 qto(s), a.serv, WC, 1 sala(s), cozinha, 1 vaga(s) de garagem.",126699.51,122100.0,0.0,Leilão SFI - Edital Único,,EXTREMOZ,RN,Não
8444435648951,"RUA NOVA SÃO PAULO, N. 86,",MURICI,"Casa, 86.04 de área total, 86.04 de área privativa, 200.00 de área do terreno,  2 qto(s), a.serv, WC, 1 sala(s), cozinha, Terraco, 1 vaga(s) de garagem.",182787.81,152000.0,0.0,Leilão SFI - Edital Único,,EXTREMOZ,RN,Não
8444412564581,"R RAIMUNDO NONATO PEREIRA, N. 135,",RAINHA DO PRAD,"Casa, 0.00 de área total, 70.95 de área privativa, 154.53 de área do terreno, 1 vaga(s) de garagem.",53428.33,110000.0,51.43,Venda Direta Online,,FLORANIA,RN,Não
8444414501587,"RUA JOAO SERGIO DO REGO, N. 75,",RAINHA DO PRADO,"Casa, 75.63 de área total, 75.63 de área privativa, 141.00 de área do terreno,  2 qto(s), a.serv, WC, 1 sala(s), cozinha, 1 vaga(s) de garagem.",52343.1,105000.0,50.15,Venda Online,,FLORANIA,RN,Não
8444409850226,"RUA ABDIAS FIRMINO DOS SANTOS, N. 28,",RAINHA DO PRADO,"Casa, 78.09 de área total, 78.09 de área privativa, 128.00 de área do terreno,  2 qto(s), a.serv, WC, 1 sala(s), cozinha, 1 vaga(s) de garagem.",58142.6,110000.0,47.15,Venda Online,,FLORANIA,RN,Não
8444408222566,"RUA JOSE TOSCANO SOBRINHO, N. 87,",RAINHA DO PRADO,"Casa, 0.00 de área total, 76.86 de área privativa, 146.00 de área do terreno,  2 qto(s), a.serv, WC, 1 sala(s), cozinha.",57891.78,100000.0,42.11,Venda Direta Online,,FLORANIA,RN,Não
8787700744944,"RUA TARUMA, N. 419, LOTE 24  QUADRA 35",ALTOS DA GOIANINHA,"Terreno, 0.00 de área total, 0.00 de área privativa, 206.40 de área do terreno, 1 vaga(s) de garagem.",130000.0,130000.0,0.0,Leilão SFI - Edital Único,,GOIANINHA,RN,Não
8444407212826,"RUA MANOEL LOPES, N. A185,",SAO MANOEL,"Casa, 60.00 de área total, 60.00 de área privativa, 126.16 de área do terreno,  2 qto(s), varanda, a.serv, WC, 1 sala(s), cozinha.",59428.31,104000.0,42.86,Venda Direta Online,,ITAJA,RN,Não
8555510286863,"RUA PROJETADA, N. 62,",CENTRO,"Casa, 52.00 de área total, 52.00 de área privativa, 200.00 de área do terreno,  2 qto(s), WC, 1 sala(s), cozinha, Terraco, 1 vaga(s) de garagem.",54460.55,94923.46,42.63,Venda Direta Online,,ITAJA,RN,Não
8444403044732,"RUA NESTOR GOMES DA SILVA, N. 72,",Barro Vermelho,"Casa, 53.00 de área total, 53.00 de área privativa, 175.00 de área do terreno.",40663.74,70000.0,41.91,Licitação Aberta,,ITAJA,RN,Não
8444405563222,"RUA RAIMUNDO FERNANDES, N. 581,",CENTRO,"Casa, 87.65 de área total, 87.65 de área privativa, 200.00 de área do terreno,  3 qto(s), a.serv, WC, 1 sala(s), cozinha, 1 vaga(s) de garagem.",65486.82,133000.0,50.77,Venda Online,,ITAU,RN,Não
8444408919265,"RUA PEDRO CANDIDO MARTINS, N. 355,",FELICIDADE,"Casa, 0.00 de área total, 63.00 de área privativa, 200.00 de área do terreno,  2 qto(s), a.serv, WC, 1 sala(s), cozinha, 1 vaga(s) de garagem.",54997.19,100000.0,45.01,Venda Direta Online,,ITAU,RN,Não
8444401205232,"RUA JOAQUIM CASADO, N. 660,",SAO JOSE,"Casa, 46.28 de área total, 46.28 de área privativa, 160.00 de área do terreno,  2 qto(s), a.serv, WC, 1 sala(s), cozinha.",33916.77,68000.0,50.13,Venda Direta Online,,JACANA,RN,Não
8555532621533,"RUA PROJETADA, N. SN, LT 29 QD B",JARDIM DAS MARGARIDA,"Casa, 70.00 de área total, 70.00 de área privativa, 201.01 de área do terreno,  2 qto(s), varanda, a.serv, WC, 1 sala(s), cozinha.",64571.15,113000.0,42.86,Venda Direta Online,,JOAO CAMARA,RN,Não
8444430779985,"RUA AZEITONA, N. 167, QD 03, GLEBA 04",LOT VILLA VERDE,"Casa, 67.50 de área total, 67.50 de área privativa, 150.00 de área do terreno,  2 qto(s), a.serv, WC, 1 sala(s), cozinha, 1 vaga(s) de garagem.",84093.65,143636.14,41.46,Venda Online,,JOAO CAMARA,RN,Não
8444412129214,"RUA NOSSA SENHORA DO LEITE, N. 153, LT286, QD13",ZONA DE EXPANSAO URBANA SUL,"Casa, 0.00 de área total, 63.64 de área privativa, 207.20 de área do terreno,  2 qto(s), a.serv, WC, 1 sala(s), sacada, cozinha, Terraco, 1 vaga(s) de garagem.",21646.34,98000.0,77.92,Venda Direta Online,,MACAIBA,RN,Não
8444409859673,"RUA CHAUMON, N. 622, LT 05, QD 06",BELA VISTA,"Casa, 0.00 de área total, 58.62 de área privativa, 325.00 de área do terreno,  2 qto(s), a.serv, WC, 1 sala(s), cozinha, Terraco, 1 vaga(s) de garagem.",12188.84,44600.0,72.68,Venda Direta Online,,MACAIBA,RN,Não
8555508984354,"RUA PROJETADA, N. 2, LT 02 QD 28A",BELA MACAIBA,"Casa, 0.00 de área total, 61.90 de área privativa, 200.00 de área do terreno,  2 qto(s), varanda, a.serv, WC, 1 sala(s), cozinha.",36822.46,132000.0,72.11,Venda Online,,MACAIBA,RN,Não
8444400911478,"RUA CARLOS ALFREDO VIEIRA DA SILVA ANT RUA PROJETA, N. 18, LT 18 QD 03",BELA MACAIBA,"Casa, 0.00 de área total, 54.06 de área privativa, 225.00 de área do terreno,  2 qto(s), WC, 1 sala(s), cozinha, 1 vaga(s) de garagem.",35297.28,108000.0,67.32,Venda Online,,MACAIBA,RN,Não
8444408613360,"RUA PORTO DE RECIFE, N. 41, LT 302 QD 18",BELA MACAIBA,"Casa, 0.00 de área total, 78.33 de área privativa, 200.00 de área do terreno,  2 qto(s), a.serv, WC, 1 sala(s), cozinha, Terraco, 1 vaga(s) de garagem.",47050.32,131000.0,64.09,Venda Direta Online,,MACAIBA,RN,Não
8444412248019,"RUA DA PAZ, N. 05, DESMENBRAMENTO LT 25, 27 E 29 QD UNICA",BELA MACAIBA,"Casa, 0.00 de área total, 50.23 de área privativa, 50.25 de área do terreno,  2 qto(s), a.serv, WC, 1 sala(s), cozinha, Terraco.",36768.43,98000.0,62.49,Venda Direta Online,,MACAIBA,RN,Não
8444419405250,"RUA MATO GROSSO, N. 31, LOTE 05 QUADRA 31",VILAR,"Casa, 0.00 de área total, 51.56 de área privativa, 200.00 de área do terreno,  2 qto(s), varanda, WC, 1 sala(s), cozinha.",42324.05,111000.0,61.88,Venda Direta Online,,MACAIBA,RN,Não
8444411716302,"R NOSSA SENHORA DO LEITE, N. 167, LT 285 QD 13 LOT RESIDENCIAL REFORMA",ZONA DE EXPANSAO URBANA SUL,"Casa, 0.00 de área total, 63.64 de área privativa, 201.03 de área do terreno,  2 qto(s), a.serv, WC, 1 sala(s), cozinha, Terraco, 1 vaga(s) de garagem.",45907.51,120000.0,61.75,Venda Online,,MACAIBA,RN,Não
8444401157874,"R PROJETADA, N. 20, QD 01",BELA VISTA,"Casa, 0.00 de área total, 54.06 de área privativa, 225.00 de área do terreno.",38654.19,100000.0,61.35,Venda Direta Online,,MACAIBA,RN,Não
8444402250983,"RUA PROJETADA 15, N. 21, LT 282 QD 12",RES REFORMA,"Casa, 0.00 de área total, 49.87 de área privativa, 200.84 de área do terreno,  2 qto(s), a.serv, WC, 1 sala(s), cozinha.",24440.02,63000.0,61.21,Venda Direta Online,,MACAIBA,RN,Não
8444400323614,"RUA PROJETADA, N. 9, LT 09 QD 03",BELA VISTA,"Casa, 0.00 de área total, 53.74 de área privativa, 225.00 de área do terreno,  2 qto(s), varanda, a.serv, WC, 1 sala(s), cozinha, 1 vaga(s) de garagem.",43467.94,106400.0,59.15,Venda Direta Online,,MACAIBA,RN,Não
8444412830680,"RUA MANOEL CABRAL DE ALMEIDA, N. 107, CS 05",BELA MACAIBA,"Casa, 0.00 de área total, 60.11 de área privativa, 200.00 de área do terreno,  2 qto(s), a.serv, WC, 1 sala(s), cozinha, Terraco, 1 vaga(s) de garagem.",42078.93,103000.0,59.15,Venda Direta Online,,MACAIBA,RN,Não
8444406052671,"RUA PORTO DE BELEM, N. 55, LT 546 QD 30",BELA VISTA,"Casa, 0.00 de área total, 75.71 de área privativa, 200.00 de área do terreno,  2 qto(s), a.serv, WC, 1 sala(s), cozinha, 1 vaga(s) de garagem.",47956.96,117000.0,59.02,Venda Direta Online,,MACAIBA,RN,Não
8444406402095,"RUA PORTO DE ILHEUS, N. 272, LT 335, QD 14",CENTRO,"Casa, 0.00 de área total, 91.54 de área privativa, 200.00 de área do terreno,  2 qto(s), WC, 1 sala(s), cozinha, Terraco.",53045.58,128000.0,58.56,Venda Direta Online,,MACAIBA,RN,Não
8444407422014,"RUA PORTO DE SANTA HELENA, N. 354, LT 594, QD 22",CENTRO,"Casa, 0.00 de área total, 67.37 de área privativa, 200.00 de área do terreno,  2 qto(s), a.serv, WC, 1 sala(s), cozinha, 1 vaga(s) de garagem.",53301.27,128617.0,58.56,Venda Direta Online,,MACAIBA,RN,Não
8444402590989,"R PORTO DE RECIFE, N. 306, LT 370 LOT BOSQUE BRASIL",BELA MACAIBA,"Casa, 0.00 de área total, 57.98 de área privativa, 200.00 de área do terreno,  2 qto(s), a.serv, WC, 1 sala(s), cozinha, 1 vaga(s) de garagem.",53283.74,128574.7,58.56,Venda Direta Online,,MACAIBA,RN,Não
8444407316052,"RUA PORTO DE SANTOS, N. 26, Apto QD 1, LT 229",BELA MACAIBA,"Casa, 0.00 de área total, 77.18 de área privativa, 200.00 de área do terreno,  2 qto(s), a.serv, WC, 1 sala(s), cozinha, 1 vaga(s) de garagem.",52593.86,126910.0,58.56,Venda Direta Online,,MACAIBA,RN,Não
8444402514034,"RUA CHAUMON, N. 670, LT 01, QD 06, LOT BELA VISTA II",BELA MACAIBA,"Casa, 0.00 de área total, 58.62 de área privativa, 325.00 de área do terreno,  2 qto(s), a.serv, WC, 1 sala(s), cozinha, Terraco.",29095.26,70000.0,58.44,Venda Direta Online,,MACAIBA,RN,Não
8444402513739,"RUA CHAUMON, N. 658, LT 02  QD 06",BELA MACAIBA,"Casa, 0.00 de área total, 58.62 de área privativa, 283.25 de área do terreno,  2 qto(s), WC, 1 sala(s), cozinha, Terraco.",36573.95,87000.0,57.97,Venda Direta Online,,MACAIBA,RN,Não
8444405954469,"RUA PARA, N. 112, QD 21, LT 08",CENTRO,"Casa, 0.00 de área total, 79.28 de área privativa, 300.00 de área do terreno,  2 qto(s), a.serv, WC, 1 sala(s), cozinha, Terraco.",74271.69,175000.0,57.56,Venda Direta Online,,MACAIBA,RN,Não
8444412120152,"RUA CARLOS ROBERTO SOUZA DO NASCIMENTO, N. 57, LT 13, QD 16",CENTRO,"Casa, 0.00 de área total, 64.81 de área privativa, 400.00 de área do terreno,  2 qto(s), varanda, a.serv, WC, 1 sala(s), DCE, cozinha, Terraco, 1 vaga(s) de garagem.",46088.44,105763.52,56.43,Venda Direta Online,,MACAIBA,RN,Não
8444411202406,"RUA NOSSA SENHORA DO RESGATE, N. 113, LT 305, QD 14",ZONA DE EXPANSAO URBANA SUL,"Casa, 0.00 de área total, 63.62 de área privativa, 283.96 de área do terreno,  2 qto(s), a.serv, WC, 1 sala(s), cozinha, Terraco, 1 vaga(s) de garagem.",47063.04,108000.0,56.43,Venda Direta Online,,MACAIBA,RN,Não
8444401526233,"RUA PROJETADA 33, N. 08, LT 08, QD 52",BELA MACAIBA,"Casa, 0.00 de área total, 67.74 de área privativa, 312.50 de área do terreno,  2 qto(s), a.serv, WC, 1 sala(s), cozinha.",54193.01,123950.65,56.28,Venda Direta Online,,MACAIBA,RN,Não
8444410472108,"AVENIDA SAO JOAO, N. 46, LT 07  QD 06",CENTRO,"Casa, 0.00 de área total, 58.62 de área privativa, 300.00 de área do terreno,  2 qto(s), WC, 1 sala(s), cozinha, Terraco.",46671.45,106000.0,55.98,Venda Direta Online,,MACAIBA,RN,Não
8444401624111,"RUA PROJETADA 15, N. 24, LT 237 QD 10",ZONA DE EXPANSAO URBANA SUL,"Casa, 0.00 de área total, 49.87 de área privativa, 200.84 de área do terreno,  2 qto(s), WC, 1 sala(s), cozinha, 1 vaga(s) de garagem.",45790.85,104000.0,55.98,Venda Direta Online,,MACAIBA,RN,Não
8444400998344,"RUA PROJETADA, N. 27, QD 01",BELA VISTA,"Casa, 0.00 de área total, 54.06 de área privativa, 225.00 de área do terreno,  2 qto(s), a.serv, WC, 1 sala(s), cozinha.",42409.17,96000.0,55.83,Venda Direta Online,,MACAIBA,RN,Não
8444412178886,"RUA CHALMON, N. 646, Apto LT 0, QUADRA 06",BAIRRO BELA VISTA,"Casa, 0.00 de área total, 58.62 de área privativa, 283.50 de área do terreno,  2 qto(s), WC, 1 sala(s), cozinha, Terraco.",44176.22,100000.0,55.83,Venda Direta Online,,MACAIBA,RN,Não
8444400359155,"RUA CARLOS ALFREDO VIEIRA DA SILVA, N. 07, QD 04 LT 07",BELA MACAIBA,"Casa, 0.00 de área total, 53.74 de área privativa, 225.00 de área do terreno,  2 qto(s), a.serv, WC, 1 sala(s), cozinha, 1 vaga(s) de garagem.",41525.64,94000.0,55.83,Venda Direta Online,,MACAIBA,RN,Não
8444401812040,"RUA NOSSA SENHORA DA BOA SORTE RUA PROJETADA 15, N. 18, LT 234  QD 10",ZONA DE EXPANSAO URB,"Casa, 0.00 de área total, 49.87 de área privativa, 200.84 de área do terreno,  2 qto(s), a.serv, WC, 1 sala(s), cozinha, 1 vaga(s) de garagem.",37572.43,83800.0,55.17,Venda Direta Online,,MACAIBA,RN,Não
8444419457560,"AVENIDA PAU BRASIL, N. 782, LT767 QD24 LOT CIDADE CAMPESTRE",BELA MACAIBA,"Casa, 0.00 de área total, 60.73 de área privativa, 200.00 de área do terreno,  2 qto(s), WC, 1 sala(s), cozinha.",42564.51,90000.0,52.71,Venda Direta Online,,MACAIBA,RN,Não
8444414804903,"RUA ANTONIO ELENILTON DA SILVA, N. 426, LT 27  QD G",MANGABEIRA,"Casa, 0.00 de área total, 66.28 de área privativa, 250.00 de área do terreno,  2 qto(s), WC, 1 sala(s), sacada, cozinha, Terraco, 1 vaga(s) de garagem.",31807.08,67000.0,52.53,Venda Direta Online,,MACAIBA,RN,Não
8555510841492,"AVENIDA FELISMINA JOB RAMALHO, N. 331, .",CAMPO DA SANTA CRUZ,"Casa, 0.00 de área total, 63.85 de área privativa, 225.00 de área do terreno,  2 qto(s), WC, 1 sala(s), cozinha, Terraco, 1 vaga(s) de garagem.",53185.25,111000.0,52.09,Venda Online,,MACAIBA,RN,Não
8444408878356,"RUA PORTO DE SANTA HELENA, N. 305, LT 573 QD 21",BELA MACAIBA,"Casa, 0.00 de área total, 67.37 de área privativa, 200.00 de área do terreno,  2 qto(s), varanda, a.serv, 1 sala(s), cozinha.",50004.47,102000.0,50.98,Venda Direta Online,,MACAIBA,RN,Não
8444410436071,"RUA MANOEL CABRAL DE ALMEIDA, N. 107, CS 01 LT C QD 23 LOT HORIZONTES",BELA  VISTA,"Casa, 60.11 de área total, 60.11 de área privativa, 140.00 de área do terreno,  2 qto(s), varanda, a.serv, WC, 1 sala(s), cozinha, Terraco.",67456.34,137000.0,50.77,Venda Online,,MACAIBA,RN,Não
8444403348570,"RUA PORTO DE CABEDELO, N. 24, LT 385 QD 22",BELA MACAIBA,"Casa, 59.96 de área total, 59.96 de área privativa, 200.00 de área do terreno,  2 qto(s), a.serv, WC, 1 sala(s), cozinha.",46219.37,93000.0,50.31,Venda Direta Online,,MACAIBA,RN,Não
8555514416370,"RUA ALMIR CARVALHO DO NASCIMENTO, N. 254, QD28 LT13",VILAR,"Casa, 77.32 de área total, 77.32 de área privativa, 200.00 de área do terreno,  2 qto(s), a.serv, WC, 1 sala(s), cozinha, Terraco.",69670.09,140000.0,50.24,Venda Online,,MACAIBA,RN,Não
8555518386441,"RUA SAO JOAO BATISTA, N. 14B, CS 14B LT 14 QD 05 LOT MARIA PINHEIRO",CAMPO DA MANGUEIRA,"Casa, 58.35 de área total, 58.35 de área privativa, 200.00 de área do terreno,  2 qto(s), varanda, a.serv, WC, 1 sala(s), cozinha.",51407.27,102815.0,50.01,Venda Direta Online,,MACAIBA,RN,Não
8444410345327,"RUA FELISMINA JOB RAMALHO, N. 304, LOTE 09 QUADRA 04",CAMPO DA SANTA CRUZ,"Casa, 70.56 de área total, 70.56 de área privativa, 235.00 de área do terreno,  2 qto(s), WC, 1 sala(s), cozinha, Terraco.",57179.99,114000.0,49.85,Venda Online,,MACAIBA,RN,Não
8444427213046,"RUA PEDRO CAETANO DE MACEDO, N. 2501, Apto 102, TIPO B, BLOCO E",CAMPO DA MANGUEIRA,"Apartamento, 49.51 de área total, 42.77 de área privativa, 0.00 de área do terreno,  2 qto(s), WC, 1 sala(s), cozinha, 1 vaga(s) de garagem.",48122.54,95000.0,49.35,Venda Direta Online,,MACAIBA,RN,Não
8787700751193,"RUA SABIA, N. 181, LT 03 QD B",BELA MACAIBA,"Casa, 59.88 de área total, 59.88 de área privativa, 200.09 de área do terreno,  2 qto(s), WC, 1 sala(s), cozinha.",65422.88,128000.0,48.89,Venda Online,,MACAIBA,RN,Não
8444411182111,"AVENIDA DA PAZ, N. 9,",LOT VISTA BELA IV,"Casa, 59.74 de área total, 50.23 de área privativa, 59.74 de área do terreno,  2 qto(s), a.serv, WC, 1 sala(s), cozinha.",45636.29,88900.98,48.67,Venda Direta Online,,MACAIBA,RN,Não
8444427102341,"RUA LESTE, N. 91, LT 10, QD 01",MANGABEIRA,"Casa, 51.08 de área total, 51.08 de área privativa, 212.04 de área do terreno,  2 qto(s), a.serv, WC, 1 sala(s), cozinha, Terraco, 1 vaga(s) de garagem.",48976.44,94000.0,47.9,Venda Direta Online,,MACAIBA,RN,Não
8444410236676,"RUA NOSSA SENHORA DO RESGATE, N. 78, LOTE 279 QUADRA 12",ZONA DE EXPANSAO URBANA SUL,"Casa, 0.00 de área total, 65.00 de área privativa, 260.00 de área do terreno,  2 qto(s), varanda, WC, 1 sala(s), cozinha.",52102.6,100000.0,47.9,Venda Online,,MACAIBA,RN,Não
8555514915806,"RUA CAMELIA, N. 334, LT20 QD03",BELA MACAIBA,"Casa, 45.26 de área total, 45.26 de área privativa, 200.00 de área do terreno,  2 qto(s), a.serv, WC, 1 sala(s), cozinha, 1 vaga(s) de garagem.",39734.28,76000.0,47.72,Venda Direta Online,,MACAIBA,RN,Não
8444425466575,"RUA FRANCISCA FERREIRA DE LIMA, N. 428, CS 02 LT F QD 05 LOT HORIZONTES",BELA MACAIBA,"Casa, 87.82 de área total, 46.40 de área privativa, 100.00 de área do terreno,  2 qto(s), a.serv, WC, 1 sala(s), cozinha, 1 vaga(s) de garagem.",55499.75,105000.0,47.15,Venda Online,,MACAIBA,RN,Não
8444410529690,"RUA NOSSA SENHORA DO SILENCIO, N. 23, LT 314 QD 14",ZONA EXPANSAO URBANA,"Casa, 56.38 de área total, 56.38 de área privativa, 203.38 de área do terreno,  2 qto(s), a.serv, WC, 1 sala(s), cozinha, Terraco.",65219.59,123000.0,46.98,Venda Online,,MACAIBA,RN,Não
8444400366496,"RUA CARLOS ALFREDO VIEIRA DA SILVA, N. 12, QD 03 LT 12 ANTIGA RUA PROJETADA 12",BELA MACAIBA,"Casa, 54.06 de área total, 54.06 de área privativa, 225.00 de área do terreno,  2 qto(s), a.serv, WC, 1 sala(s), cozinha.",44062.06,82000.0,46.27,Venda Direta Online,,MACAIBA,RN,Não
8444402178395,"RUA NOSSA SENHORA DA BOA SORTE (ANTIGA PROJETADA15, N. 10, LT 230 QD 10",ZONA DE EXPANSAO URBANA SUL,"Casa, 49.87 de área total, 49.87 de área privativa, 200.84 de área do terreno,  2 qto(s), a.serv, WC, 1 sala(s), cozinha.",44149.2,80000.0,44.82,Venda Direta Online,,MACAIBA,RN,Não
8787717301463,"RUA MARIA DAS DORES FERREIRA, N. 91, CS 27-A LT F QD 06",FERREIRO TORTO,"Casa, 68.35 de área total, 68.35 de área privativa, 200.00 de área do terreno,  2 qto(s), varanda, a.serv, WC, 1 sala(s), cozinha, Terraco, 1 vaga(s) de garagem.",77866.57,140000.0,44.39,Venda Direta Online,,MACAIBA,RN,Não
8555534368797,"RUA DAS DALIAS, N. 255, QD 12 LT 01",BELA MACAIBA,"Casa, 50.62 de área total, 50.62 de área privativa, 200.00 de área do terreno,  2 qto(s), a.serv, WC, 1 sala(s), cozinha.",62856.87,110000.0,42.86,Venda Direta Online,,MACAIBA,RN,Não
8444409763170,"AVENIDA BENEDITO PINHEIRO BORGES, N. 728, CS 09, QD 23, LT A",BELA  VISTA,"Casa, 57.81 de área total, 57.51 de área privativa, 1600.00 de área do terreno,  2 qto(s), WC, 1 sala(s), cozinha, Terraco.",57891.78,100000.0,42.11,Venda Direta Online,,MACAIBA,RN,Não
8444412223490,"QUADRA 06 LT 06, DESMEMBRADO DA AV. S. JOAO, Nº 36",CENTRO,"Casa, 0.00 de área total, 58.62 de área privativa, 300.00 de área do terreno,  2 qto(s), WC, 1 sala(s), cozinha, Terraco, 1 vaga(s) de garagem.",55000.0,55000.0,0.0,Venda Direta Online,,MACAIBA,RN,Não
8444412546702,"RUA PROJETADA B, N. SN, LT 44, QD 2",DISTRITO DE DOM MARC,"Casa, 0.00 de área total, 62.24 de área privativa, 200.00 de área do terreno,  2 qto(s), 1 sala(s), sacada, cozinha.",13633.21,82000.0,83.38,Venda Direta Online,,MAXARANGUAPE,RN,Não
8444407256327,"R PROJETADA B, N. S/N, LT 45 QD 02",POVOADO DOM MARCOLINO,"Casa, 0.00 de área total, 55.90 de área privativa, 200.00 de área do terreno,  2 qto(s), WC, 1 sala(s), cozinha, 1 vaga(s) de garagem.",26413.54,79435.1,66.75,Venda Direta Online,,MAXARANGUAPE,RN,Não
8444421143895,"RUA PROJETADA E, N. 60, QD 03 LT 1-A DISTRITO DE DOM MARCOLINO",DISTRITO DE DOM MARC,"Casa, 0.00 de área total, 77.04 de área privativa, 150.00 de área do terreno,  2 qto(s), varanda, a.serv, WC, 1 sala(s), cozinha, 1 vaga(s) de garagem.",41001.06,99000.0,58.59,Venda Direta Online,,MAXARANGUAPE,RN,Não
8444409825833,"RUA PROJETADA B, N. 25, LT 25, QD 01",POVOADO DOM MARCOLINO,"Casa, 69.94 de área total, 69.94 de área privativa, 200.00 de área do terreno,  2 qto(s), a.serv, WC, 1 sala(s), cozinha, 1 vaga(s) de garagem.",46916.52,97100.0,51.69,Venda Direta Online,,MAXARANGUAPE,RN,Não
8444420316885,"RUA PROJETADA E, N. 128, QD 06 LT 128",CAMINHO DA LAGOA AZU,"Casa, 0.00 de área total, 64.40 de área privativa, 180.00 de área do terreno,  2 qto(s), varanda, a.serv, WC, 1 sala(s), cozinha, 1 vaga(s) de garagem.",45691.16,94000.0,51.4,Venda Online,,MAXARANGUAPE,RN,Não
8444427557128,"RUA PROJETADA E, N. 96, LT 96 QD 3",DOM MARCOLINO DANTAS,"Prédio, 96.00 de área total, 96.00 de área privativa, 200.00 de área do terreno,  2 qto(s), varanda, a.serv, WC, 1 sala(s), cozinha.",51475.2,105000.0,50.98,Venda Direta Online,,MAXARANGUAPE,RN,Não
8444416967893,"RUA PROJETADA E, N. 130, QD 06 LT 130",CAMINHO DALAGOA AZUL,"Casa, 61.28 de área total, 61.28 de área privativa, 180.00 de área do terreno,  2 qto(s), a.serv, WC, 1 sala(s), cozinha.",49201.27,99000.0,50.31,Venda Direta Online,,MAXARANGUAPE,RN,Não
8444410294579,"RUA PROJETADA C, N. SN, Q02 L65",POVOADO DOM MARCOLINO,"Casa, 62.25 de área total, 62.25 de área privativa, 200.00 de área do terreno,  2 qto(s), varanda, WC, 1 sala(s), cozinha, 1 vaga(s) de garagem.",47213.34,95000.0,50.31,Venda Direta Online,,MAXARANGUAPE,RN,Não
8444414973624,"PROJETADA E, N. 90, QD 03 AREA 1D",POVOADO DOM MARCOLINO,"Casa, 77.04 de área total, 77.04 de área privativa, 150.00 de área do terreno,  2 qto(s), a.serv, WC, 1 sala(s), cozinha.",36660.04,73500.0,50.13,Venda Direta Online,,MAXARANGUAPE,RN,Não
8444407624857,"RUA PROJETADA B, N. SN, LOTE 24 QUADRA 01",LOT CAMINHO DA LAGOA,"Casa, 59.70 de área total, 59.70 de área privativa, 200.00 de área do terreno,  2 qto(s), varanda, a.serv, WC, 1 sala(s), cozinha.",46320.66,86500.0,46.46,Venda Online,,MAXARANGUAPE,RN,Não
8444413687610,"AVENIDA SENADOR GERALDO MELO, N. 29, LT29 QD1",DOM MARCOLINO DANTAS,"Casa, 69.76 de área total, 69.76 de área privativa, 200.00 de área do terreno,  2 qto(s), varanda, a.serv, WC, 1 sala(s), cozinha.",58285.46,102000.0,42.86,Venda Online,,MAXARANGUAPE,RN,Não
8444414421559,"AVENIDA SENADOR GERALDO MELO, N. 12, LT 12, QD 01",DOM MARCOLINO DANTAS,"Casa, 94.95 de área total, 79.95 de área privativa, 250.00 de área do terreno,  2 qto(s), a.serv, WC, Terraco.",62856.87,110000.0,42.86,Venda Direta Online,,MAXARANGUAPE,RN,Não
8444410060055,"RUA PROJETADA C, N. 63, LT - 63 DA QD - 02",CAMINHO DA LAGOA AZU,"Prédio, 62.24 de área total, 62.24 de área privativa, 200.00 de área do terreno,  2 qto(s), varanda, a.serv, WC, 1 sala(s), cozinha, 1 vaga(s) de garagem.",49208.01,85000.0,42.11,Venda Direta Online,,MAXARANGUAPE,RN,Não
8444413120253,"AV SENADOR GERALDO MELO, N. 03, QD 01 LT 03",DOM MARCOLINO,"Casa, 69.76 de área total, 69.76 de área privativa, 250.00 de área do terreno,  2 qto(s), a.serv, WC, 1 sala(s), Terraco.",54997.19,95000.0,42.11,Venda Direta Online,,MAXARANGUAPE,RN,Não
8444411062655,"RUA PROJETADA B, N. SN, LT 26 QD 01",DOM MARCOLINO DANTAS,"Casa, 69.94 de área total, 69.94 de área privativa, 200.00 de área do terreno,  2 qto(s), a.serv, WC, 1 sala(s), cozinha.",94000.0,94000.0,0.0,Leilão SFI - Edital Único,,MAXARANGUAPE,RN,Não
8444409122697,"RUA OZELITA FERREIRA DE MELO, N. 61, CLEBA C",PRESIDENTE COSTA E SILVA,"Casa, 0.00 de área total, 65.30 de área privativa, 200.00 de área do terreno,  2 qto(s), a.serv, WC, 1 sala(s), cozinha.",52902.95,121000.0,56.28,Venda Direta Online,,MOSSORO,RN,Não
10208586,"RUA MARECHAL DEODORO, N. 00, DESMEMBRADO DE IMÓVEL DEN. CAJAZEIRAS",BARROCAS,"Terreno, 0.00 de área total, 0.00 de área privativa, 63000.00 de área do terreno.",1480398.0,3160000.0,53.16,Venda Direta Online,,MOSSORO,RN,Sim
8444408601710,"RUA FRANCISCO CESARIO, N. 40,",PRESIDENTE COSTA E SILVA,"Casa, 58.97 de área total, 58.97 de área privativa, 200.00 de área do terreno,  2 qto(s), varanda, a.serv, WC, 1 sala(s), cozinha.",51060.54,98000.0,47.9,Venda Online,,MOSSORO,RN,Não
8444410442705,"RUA HORTENCIA, N. 80, LT 28 QD 10",SANTO ANTONIO,"Casa, 58.60 de área total, 58.60 de área privativa, 200.00 de área do terreno,  2 qto(s), a.serv, WC, 1 sala(s), cozinha.",63999.72,112000.0,42.86,Licitação Aberta,,MOSSORO,RN,Não
8444401469850,"RUA CORONEL JOAO PESSOA, N. 140, LT 444 QD 35",ITAPETINGA,"Casa, 58.60 de área total, 58.60 de área privativa, 200.00 de área do terreno,  2 qto(s), varanda, a.serv, WC, 1 sala(s), cozinha.",64571.15,113000.0,42.86,Licitação Aberta,,MOSSORO,RN,Não
8444402042477,"RUA DOUTOR SEVERIANO, N. 31, LT 530 QD 42",ITAPETINGA,"Casa, 58.60 de área total, 58.60 de área privativa, 200.00 de área do terreno,  2 qto(s), a.serv, WC, 1 sala(s), cozinha.",64571.15,113000.0,42.86,Licitação Aberta,,MOSSORO,RN,Não
8444403313466,"RUA ENCANTO, N. 145,",ITAPETINGA,"Casa, 58.60 de área total, 58.60 de área privativa, 200.00 de área do terreno,  2 qto(s), a.serv, WC, 1 sala(s), cozinha.",63999.72,112000.0,42.86,Venda Direta Online,,MOSSORO,RN,Não
8444408915499,"RUA RIACHO DE SANTANA, N. 50, LT 875 QD 68",ITAPETINGA,"Casa, 58.60 de área total, 58.60 de área privativa, 200.00 de área do terreno,  2 qto(s), varanda, a.serv, WC, 1 sala(s), cozinha.",60571.17,106000.0,42.86,Venda Direta Online,,MOSSORO,RN,Não
8444407235095,"RUA  ASSOC. CULTURAL E DESP. POTYGUAR SERIDOENSE, N. 59, LT 08 QD 19",SANTA JULIA,"Casa, 59.84 de área total, 59.84 de área privativa, 200.00 de área do terreno,  2 qto(s), a.serv, WC, 1 sala(s), cozinha.",60571.17,106000.0,42.86,Venda Direta Online,,MOSSORO,RN,Não
8444407637096,"RUA CENTRO ESPORTIVO MOSSOROENSE, N. 252, LT 21, QD 04,",SANTA JULIA,"Casa, 59.75 de área total, 59.75 de área privativa, 200.00 de área do terreno,  2 qto(s), varanda, a.serv, WC, 1 sala(s), cozinha, 1 vaga(s) de garagem.",61714.02,108000.0,42.86,Licitação Aberta,,MOSSORO,RN,Não
8444408892138,"RUA ALTO DO RODRIGUES FUTEBOL CLUBE, N. 31, LT 03 QD 12",SANTA JULIA,"Casa, 56.00 de área total, 56.00 de área privativa, 300.00 de área do terreno,  2 qto(s), varanda, a.serv, WC, 1 sala(s), cozinha, 1 vaga(s) de garagem.",59428.31,104000.0,42.86,Venda Online,,MOSSORO,RN,Não
8444422756190,"RUA HUMMER, N. 611, QD N L 50",SANTA JULIA,"Casa, 49.81 de área total, 49.81 de área privativa, 200.00 de área do terreno,  2 qto(s), varanda, a.serv, WC, 1 sala(s), cozinha.",62856.87,110000.0,42.86,Licitação Aberta,,MOSSORO,RN,Não
8444410958248,"RUA CADILLAC, N. 61, LOTE 06 QUADRA 08",GRANJA CANAA,"Casa, 64.25 de área total, 64.25 de área privativa, 200.00 de área do terreno,  2 qto(s), varanda, a.serv, WC, 1 sala(s), cozinha.",67641.51,118000.0,42.68,Licitação Aberta,,MOSSORO,RN,Não
8787716516970,"RUA MANOEL NOE, N. 231, LT 25 QD D8",CIDADE VERDE 1,"Casa, 53.52 de área total, 53.52 de área privativa, 200.00 de área do terreno,  2 qto(s), a.serv, WC, 1 sala(s), cozinha.",68214.74,119000.0,42.68,Licitação Aberta,,MOSSORO,RN,Não
8444408355604,"RUA MARIA NUNES DA SILVA, N. 90,",ABOLICAO,"Casa, 55.11 de área total, 55.11 de área privativa, 255.00 de área do terreno,  2 qto(s), a.serv, WC, 1 sala(s), cozinha.",71654.14,125000.0,42.68,Venda Direta Online,,MOSSORO,RN,Não
8787701370770,"RUA AZALEIA, N. 50, QD 12 LT15 LOTEAMENTO JARDINS",SANTO ANTONIO,"Casa, 57.97 de área total, 57.97 de área privativa, 200.00 de área do terreno,  2 qto(s), varanda, a.serv, WC, 1 sala(s), cozinha.",71654.14,125000.0,42.68,Venda Direta Online,,MOSSORO,RN,Não
8444405947560,"RUA CURRAIS NOVOS, N. 221, LT 03 QD 09",ITAPETINGA,"Casa, 59.84 de área total, 59.84 de área privativa, 300.00 de área do terreno,  2 qto(s), varanda, a.serv, WC, 1 sala(s), cozinha.",71654.14,125000.0,42.68,Licitação Aberta,,MOSSORO,RN,Não
8444426698224,"RUA ISABEL SOARES DA CUNHA, N. 141, QD 04 LT 20",REDENCAO,"Casa, 49.92 de área total, 49.92 de área privativa, 201.77 de área do terreno,  2 qto(s), varanda, a.serv, WC, 1 sala(s), cozinha.",65921.81,115000.0,42.68,Licitação Aberta,,MOSSORO,RN,Não
8444433683733,"RUA MARIA CRISTINA DOS SANTOS, N. 266, LT 17 QD 02",SANTA JULIA,"Casa, 56.62 de área total, 56.62 de área privativa, 250.00 de área do terreno,  2 qto(s), a.serv, WC, 1 sala(s), cozinha.",71080.9,124000.0,42.68,Licitação Aberta,,MOSSORO,RN,Não
8444410740609,"RUA CAICO, N. 150, LT 261, QD 21,",ITAPETINGA,"Casa, 58.60 de área total, 58.60 de área privativa, 200.00 de área do terreno,  2 qto(s), varanda, a.serv, WC, 1 sala(s), cozinha, 1 vaga(s) de garagem.",57891.78,100000.0,42.11,Licitação Aberta,,MOSSORO,RN,Não
8555526934509,"RUA HELENA DE OLIVEIRA MOURA, N. 167, CS 06,",ABOLIÇÃO III,"Casa, 74.56 de área total, 74.56 de área privativa, 148.45 de área do terreno,  2 qto(s), a.serv, WC, 1 sala(s), cozinha, 1 vaga(s) de garagem.",79360.41,137000.0,42.08,Licitação Aberta,,MOSSORO,RN,Não
8444409996050,"RUA GIRASSOL, N. 95, LT 17 QD 08",SANTO ANTONIO,"Casa, 58.60 de área total, 58.60 de área privativa, 200.00 de área do terreno,  2 qto(s), a.serv, WC, 1 sala(s), cozinha.",74146.96,128000.0,42.08,Licitação Aberta,,MOSSORO,RN,Não
8444418142476,"AVENIDA NATAL, N. 100, LOTE 17 GLE",ITAPETINGA,"Casa, 0.00 de área total, 58.60 de área privativa, 200.00 de área do terreno,  2 qto(s), a.serv, WC, 1 sala(s), cozinha.",72988.41,126000.0,42.08,Venda Direta Online,,MOSSORO,RN,Não
8444418203203,"AVENIDA NATAL, N. 55, LT 13 GLEBA 01",ITAPETINGA,"Casa, 58.60 de área total, 58.60 de área privativa, 200.00 de área do terreno,  2 qto(s), varanda, a.serv, WC, 1 sala(s), cozinha.",75305.5,130000.0,42.08,Venda Direta Online,,MOSSORO,RN,Não
8787716035751,"RN 117, N. 3550, 10,",ITAPETINGA,"Casa, 88.89 de área total, 61.21 de área privativa, 172.51 de área do terreno,  2 qto(s), varanda, a.serv, WC, 1 sala(s), cozinha.",73567.68,127000.0,42.08,Venda Direta Online,,MOSSORO,RN,Não
8444424484871,"AVENIDA GERALDO MATOS DE OLIVEIRA, N. 20, LT 01 02 LOT ISLA VERDE",REDENCAO,"Casa, 70.44 de área total, 70.44 de área privativa, 200.77 de área do terreno,  2 qto(s), a.serv, WC, 1 sala(s), cozinha, Terraco.",77043.32,133000.0,42.08,Licitação Aberta,,MOSSORO,RN,Não
8444407720023,"RUA ASSOC CULT E DESP POTYGUA SERIDOENSE, N. 49, QD 19 LT 07",SANTA JULIA,"Casa, 65.00 de área total, 65.00 de área privativa, 200.00 de área do terreno,  2 qto(s), a.serv, WC, 1 sala(s), cozinha, 1 vaga(s) de garagem.",76464.05,132000.0,42.08,Venda Direta Online,,MOSSORO,RN,Não
8444409108783,"RUA ASSOCIACAO CULTURAL E DESPORTIVA POTIGUAR, N. 10, QD 20 LT 28",SANTA JULIA,"Casa, 66.32 de área total, 66.32 de área privativa, 200.00 de área do terreno,  2 qto(s), WC, 1 sala(s), cozinha, 1 vaga(s) de garagem.",74146.96,128000.0,42.08,Venda Direta Online,,MOSSORO,RN,Não
8444410568660,"RUA FORD, N. 191, LT 03, QD 25,",SANTA JULIA,"Casa, 73.82 de área total, 73.82 de área privativa, 200.00 de área do terreno,  2 qto(s), a.serv, WC, 1 sala(s), cozinha, 1 vaga(s) de garagem.",77622.6,134000.0,42.08,Licitação Aberta,,MOSSORO,RN,Não
8444415495599,"RUA JEEP, N. 211, QD 39 LT 05",SANTA JULIA,"Casa, 59.14 de área total, 59.14 de área privativa, 200.00 de área do terreno,  2 qto(s), a.serv, WC, 1 sala(s), cozinha, 1 vaga(s) de garagem.",72988.41,126000.0,42.08,Venda Direta Online,,MOSSORO,RN,Não
8444417646985,"RUA BENTLEY, N. 110, LT 22 QD 06",SANTA JULIA,"Casa, 55.81 de área total, 55.81 de área privativa, 200.00 de área do terreno,  2 qto(s), varanda, a.serv, WC, 1 sala(s), cozinha, 1 vaga(s) de garagem.",78201.87,135000.0,42.08,Venda Online,,MOSSORO,RN,Não
8444417738294,"RUA HUMMER, N. 50, QD 32 LT 28",SANTA JULIA,"Casa, 55.81 de área total, 55.81 de área privativa, 200.00 de área do terreno,  2 qto(s), a.serv, WC, 1 sala(s), cozinha, 1 vaga(s) de garagem.",75305.5,130000.0,42.08,Venda Direta Online,,MOSSORO,RN,Não
8444424128579,"RUA FORD, N. 540, LT 14 QD J",SANTA JULIA,"Casa, 71.03 de área total, 71.03 de área privativa, 200.00 de área do terreno,  2 qto(s), a.serv, WC, 1 sala(s), cozinha.",76464.05,132000.0,42.08,Licitação Aberta,,MOSSORO,RN,Não
8444410033392,"RUA GILBERTO MARCELINO SOBRINHO, N. 504, Apto 105, LOT PORTAL DO SOL LT 21 E 22 QD 23",NOVA BETANIA,"Apartamento, 59.20 de área total, 59.20 de área privativa, 0.00 de área do terreno,  2 qto(s), a.serv, WC, 1 sala(s), cozinha.",81964.82,140000.0,41.46,Licitação Aberta,,MOSSORO,RN,Não
8444425417698,"RUA MARIA DO CARMO FERNANDES MAIA, N. 60, L 01, Q 05",SANTO ANTONIO,"Casa, 55.36 de área total, 55.36 de área privativa, 200.00 de área do terreno,  2 qto(s), a.serv, WC, 1 sala(s), cozinha.",84892.14,145000.0,41.46,Venda Direta Online,,MOSSORO,RN,Não
8444429736135,"RUA GENESIO XAVIER DE MEDEIROS, N. 380, Apto 108, BL C",ALTO DO SUMARE,"Apartamento, 57.33 de área total, 50.06 de área privativa, 0.00 de área do terreno,  2 qto(s), a.serv, WC, 1 sala(s), cozinha.",90746.77,155000.0,41.46,Licitação Aberta,,MOSSORO,RN,Não
8444401513042,"RUA CORONEL JOAO PESSOA, N. 150, LT 443 QD 35",ITAPETINGA,"Casa, 58.60 de área total, 58.60 de área privativa, 200.00 de área do terreno,  2 qto(s), varanda, a.serv, WC, 1 sala(s), cozinha.",81964.82,140000.0,41.46,Licitação Aberta,,MOSSORO,RN,Não
8444403407851,"RUA CARAUBAS, N. 31,",ITAPETINGA,"Casa, 58.60 de área total, 58.60 de área privativa, 200.00 de área do terreno,  2 qto(s), a.serv, WC, 1 sala(s), cozinha.",88404.91,151000.0,41.46,Venda Direta Online,,MOSSORO,RN,Não
8444403608253,"RUA OLHO DAGUA DOS BORGES, N. 50,",ITAPETINGA,"Casa, 58.60 de área total, 58.60 de área privativa, 200.00 de área do terreno,  2 qto(s), varanda, a.serv, WC, 1 sala(s), cozinha, 1 vaga(s) de garagem.",90746.77,155000.0,41.46,Licitação Aberta,,MOSSORO,RN,Não
8444405627468,"RUA SAO PAULO DO POTENGI, N. 235, LOTE 09 QUADRA 09",ITAPETINGA,"Casa, 59.84 de área total, 59.84 de área privativa, 325.00 de área do terreno,  2 qto(s), a.serv, WC, 1 sala(s), cozinha, 1 vaga(s) de garagem.",81964.82,140000.0,41.46,Licitação Aberta,,MOSSORO,RN,Não
8444407984012,"RUA PAU DOS FERROS (ANTIGA RUA PROJETADA 33), N. 150, LT 755 QD 59",ITAPETINGA,"Casa, 58.60 de área total, 58.60 de área privativa, 200.00 de área do terreno,  2 qto(s), varanda, a.serv, WC, 1 sala(s), cozinha.",85477.6,146000.0,41.46,Licitação Aberta,,MOSSORO,RN,Não
8444408003015,"RUA PAU DOS FERROS, N. 120, LT 758 QD 59",ITAPETINGA,"Casa, 58.60 de área total, 58.60 de área privativa, 200.00 de área do terreno,  2 qto(s), a.serv, WC, 1 sala(s), cozinha.",85477.6,146000.0,41.46,Licitação Aberta,,MOSSORO,RN,Não
8444408753162,"RUA CADILLAC, N. 91, LT 20 QD 11",SANTA JULIA,"Casa, 64.25 de área total, 64.25 de área privativa, 200.00 de área do terreno,  2 qto(s), varanda, a.serv, WC, 1 sala(s), cozinha.",87819.45,150000.0,41.46,Licitação Aberta,,MOSSORO,RN,Não
8444408852640,"RUA ALTO DO RODRIGUES FUTEBOL CLUBE, N. 21, LT 02 QD 12",SANTA JULIA,"Casa, 56.00 de área total, 56.00 de área privativa, 300.00 de área do terreno,  2 qto(s), varanda, a.serv, WC, 1 sala(s), cozinha.",84892.14,145000.0,41.46,Licitação Aberta,,MOSSORO,RN,Não
8444410225429,"RUA CAICO FUTEBOL CLUBE, N. 80, LT 21, QD 23,",SANTA JULIA,"Casa, 59.75 de área total, 59.75 de área privativa, 200.00 de área do terreno,  2 qto(s), varanda, a.serv, WC, 1 sala(s), cozinha.",87819.45,150000.0,41.46,Licitação Aberta,,MOSSORO,RN,Não
8444410896846,"RUA CADILLAC, N. 71, LT 0, QD 08",SANTA JULIA,"Casa, 64.25 de área total, 64.25 de área privativa, 200.00 de área do terreno,  2 qto(s), varanda, a.serv, WC, 1 sala(s), cozinha, 1 vaga(s) de garagem.",87819.45,150000.0,41.46,Venda Direta Online,,MOSSORO,RN,Não
8444411126505,"RUA ARSENAL SPORT CLUBE, N. 75,",SANTA JULIA,"Casa, 60.00 de área total, 60.00 de área privativa, 200.00 de área do terreno,  2 qto(s), a.serv, WC, 1 sala(s), cozinha, Terraco.",83721.21,143000.0,41.46,Venda Direta Online,,MOSSORO,RN,Não
8444415977135,"RUA IPIRANGA FUTEBOL CLUBE, N. 400, LT 03, QD 27,",SANTA JULIA,"Casa, 63.42 de área total, 63.42 de área privativa, 250.00 de área do terreno,  2 qto(s), a.serv, WC, 1 sala(s), cozinha, Terraco.",90746.77,155000.0,41.46,Licitação Aberta,,MOSSORO,RN,Não
8444417659971,"RUA LAMBORGHINI, N. 41, LT 04, QD 44",SANTA JULIA,"Casa, 64.71 de área total, 64.71 de área privativa, 200.00 de área do terreno,  2 qto(s), a.serv, WC, 1 sala(s), cozinha, 1 vaga(s) de garagem.",86063.06,147000.0,41.46,Venda Direta Online,,MOSSORO,RN,Não
8444417976888,"RUA JEEP, N. 31, LT 03 QD 38",SANTA JULIA,"Casa, 64.00 de área total, 64.00 de área privativa, 200.00 de área do terreno,  2 qto(s), varanda, a.serv, WC, 1 sala(s), cozinha.",87819.45,150000.0,41.46,Licitação Aberta,,MOSSORO,RN,Não
8444419635662,"RUA CDF ESPORTE E CULTURA, N. 55, LT 09 QD 25",SANTA JULIA,"Casa, 63.45 de área total, 63.45 de área privativa, 200.00 de área do terreno,  2 qto(s), varanda, a.serv, WC, 1 sala(s), cozinha.",90746.77,155000.0,41.46,Licitação Aberta,,MOSSORO,RN,Não
8444423628080,"RUA LADA, N. 621, LT 50 QD T",SANTA JULIA,"Casa, 64.67 de área total, 64.67 de área privativa, 200.00 de área do terreno,  2 qto(s), a.serv, WC, 1 sala(s), cozinha.",90746.77,155000.0,41.46,Licitação Aberta,,MOSSORO,RN,Não
8444424986338,"RUA SAO GONCALO FUTEBOL CLUBE, N. 70, LT 24 QD 25",SANTA JULIA,"Casa, 60.73 de área total, 60.73 de área privativa, 200.00 de área do terreno,  2 qto(s), varanda, a.serv, WC, 1 sala(s), cozinha.",87819.45,150000.0,41.46,Licitação Aberta,,MOSSORO,RN,Não
8444429355549,"RUA LOTUS, N. 130, LT 43 QD Y",SANTA JULIA,"Casa, 0.00 de área total, 69.75 de área privativa, 200.00 de área do terreno,  2 qto(s), a.serv, WC, 1 sala(s), cozinha, 1 vaga(s) de garagem.",89575.84,153000.0,41.46,Licitação Aberta,,MOSSORO,RN,Não
8444430216298,"RUA MARIA DO CARMO FERREIRA, N. 422, QD 20 LT 10",SANTA JULIA,"Casa, 61.82 de área total, 61.82 de área privativa, 200.00 de área do terreno,  2 qto(s), a.serv, WC, 1 sala(s), cozinha, 1 vaga(s) de garagem.",88404.91,151000.0,41.46,Venda Direta Online,,MOSSORO,RN,Não
8444433063239,"RUA MAZDA, N. 321, LT 03 QD 56",SANTA JULIA,"Casa, 64.36 de área total, 64.36 de área privativa, 200.00 de área do terreno,  2 qto(s), varanda, a.serv, WC, 1 sala(s), cozinha, 1 vaga(s) de garagem.",90746.77,155000.0,41.46,Licitação Aberta,,MOSSORO,RN,Não
8787701100234,"AVENIDA DONA CHIQUITA, N. 660, QD 23 LT 04",SANTA JULIA,"Casa, 61.48 de área total, 61.84 de área privativa, 250.00 de área do terreno,  2 qto(s), a.serv, WC, 1 sala(s), cozinha, 1 vaga(s) de garagem.",90746.77,155000.0,41.46,Venda Direta Online,,MOSSORO,RN,Não
8787701434132,"RUA AUDI, N. 100, LT 23 QD 04",SANTA JULIA,"Casa, 55.81 de área total, 55.81 de área privativa, 200.00 de área do terreno,  2 qto(s), varanda, a.serv, WC, 1 sala(s), cozinha.",84892.14,145000.0,41.46,Licitação Aberta,,MOSSORO,RN,Não
8444425721060,"RUA CHICO BRANCO, N. 5010,",RINCAO,"Casa, 60.84 de área total, 60.84 de área privativa, 249.92 de área do terreno,  2 qto(s), a.serv, WC, 1 sala(s), cozinha.",86063.06,147000.0,41.46,Licitação Aberta,,MOSSORO,RN,Não
8444429632291,"RUA NIELSON MIKAEL SILVA DE MEDEIROS, N. 4581, QD 08 LT 05",NOVA BETANIA,"Casa, 51.73 de área total, 51.73 de área privativa, 200.00 de área do terreno,  2 qto(s), a.serv, WC, 1 sala(s), cozinha, Terraco.",94815.14,160000.0,40.75,Venda Direta Online,,MOSSORO,RN,Não
8444422097218,"RUA SEVERINO FELIX DE LIMA, N. 550, LT 16A QD 10",AEROPORTO,"Casa, 63.36 de área total, 63.36 de área privativa, 280.00 de área do terreno,  2 qto(s), a.serv, WC, 1 sala(s), cozinha.",96592.92,163000.0,40.75,Licitação Aberta,,MOSSORO,RN,Não
8444412370043,"RUA ZUCA PAIVA, N. 375,",ABOLICAO,"Casa, 65.89 de área total, 65.89 de área privativa, 280.00 de área do terreno,  2 qto(s), a.serv, WC, 1 sala(s), cozinha, Terraco, 1 vaga(s) de garagem.",93629.95,158000.0,40.75,Licitação Aberta,,MOSSORO,RN,Não
8444409647811,"RUA HORTENCIA, N. 96, L 12 Q 8",SANTO ANTONIO,"Casa, 58.60 de área total, 58.60 de área privativa, 200.00 de área do terreno,  2 qto(s), a.serv, WC, 1 sala(s), cozinha.",95407.73,161000.0,40.75,Venda Direta Online,,MOSSORO,RN,Não
8444428653252,"RUA GERALDO MATOS DE OLIVEIRA, N. 510, LT 11 QD 13",REDENCAO,"Casa, 70.00 de área total, 49.92 de área privativa, 310.20 de área do terreno,  2 qto(s), varanda, a.serv, WC, 1 sala(s), cozinha.",93629.95,158000.0,40.75,Venda Direta Online,,MOSSORO,RN,Não
8444416242899,"RUA KIA, N. 100, LT 23 QD 42",SANTA JULIA,"Casa, 0.00 de área total, 79.87 de área privativa, 200.00 de área do terreno,  2 qto(s), a.serv, WC, 1 sala(s), cozinha, 1 vaga(s) de garagem.",100741.08,170000.0,40.75,Licitação Aberta,,MOSSORO,RN,Não
8444416648399,"RUA LAMBORGHINI, N. 81, QD 44 LT 08",SANTA JULIA,"Casa, 71.00 de área total, 71.00 de área privativa, 200.00 de área do terreno,  2 qto(s), a.serv, WC, 1 sala(s), cozinha, 1 vaga(s) de garagem.",97778.11,165000.0,40.75,Venda Direta Online,,MOSSORO,RN,Não
8444417435569,"RUA LADA, N. 50, LT 28, QD 44,",SANTA JULIA,"Casa, 0.00 de área total, 73.86 de área privativa, 200.00 de área do terreno,  2 qto(s), a.serv, WC, 1 sala(s), cozinha, 1 vaga(s) de garagem.",93629.95,158000.0,40.75,Licitação Aberta,,MOSSORO,RN,Não
8444423596889,"RUA LOTUS, N. 360,",SANTA JULIA,"Casa, 73.83 de área total, 73.83 de área privativa, 200.00 de área do terreno,  2 qto(s), a.serv, WC, 1 sala(s), cozinha, 1 vaga(s) de garagem.",100741.08,170000.0,40.75,Venda Direta Online,,MOSSORO,RN,Não
8444424192366,"RUA FERRARI, N. 451, LT 33 QD I",SANTA JULIA,"Casa, 82.03 de área total, 82.03 de área privativa, 200.00 de área do terreno,  2 qto(s), a.serv, WC, 1 sala(s), cozinha, Terraco.",100741.08,170000.0,40.75,Licitação Aberta,,MOSSORO,RN,Não
8444424893488,"RUA FERRARI, N. 541, LT 42, QD I,",SANTA JULIA,"Casa, 82.03 de área total, 82.03 de área privativa, 200.00 de área do terreno,  2 qto(s), a.serv, WC, 1 sala(s), cozinha, Terraco.",96000.33,162000.0,40.75,Licitação Aberta,,MOSSORO,RN,Não
8444430172550,"RUA LAND ROVER, N. 661, LT 54, QD V",SANTA JULIA,"Casa, 69.75 de área total, 69.75 de área privativa, 200.00 de área do terreno,  2 qto(s), a.serv, WC, 1 sala(s), cozinha, 1 vaga(s) de garagem.",94815.14,160000.0,40.75,Venda Direta Online,,MOSSORO,RN,Não
8444436913403,"RUA CLUBE ATLETICO POTENGI, N. 121, LT 14 QD 33",SANTA JULIA,"Casa, 66.62 de área total, 66.62 de área privativa, 200.00 de área do terreno,  2 qto(s), varanda, a.serv, WC, 1 sala(s), cozinha, Terraco.",94815.14,160000.0,40.75,Licitação Aberta,,MOSSORO,RN,Não
8444426382227,"RUA CHICO BRANCO, N. 4150,",RINCAO,"Casa, 60.12 de área total, 60.12 de área privativa, 250.00 de área do terreno,  2 qto(s), a.serv, WC, 1 sala(s), cozinha, 2 vaga(s) de garagem.",93037.35,157000.0,40.75,Venda Direta Online,,MOSSORO,RN,Não
8444417879084,"RUA MARIA DALVA DE PAIVA MADRUGA, N. 160, LT 38 QD B3",SANTA DELMIRA,"Casa, 68.74 de área total, 68.74 de área privativa, 200.00 de área do terreno,  2 qto(s), a.serv, WC, 1 sala(s), cozinha, Terraco.",93629.95,158000.0,40.75,Licitação Aberta,,MOSSORO,RN,Não
8444421980576,"AVENIDA BENJAMIN SOARES CARDOSO, N. 1360,",SANTA DELMIRA,"Casa, 72.75 de área total, 72.75 de área privativa, 200.00 de área do terreno,  2 qto(s), a.serv, WC, 1 sala(s), cozinha, Terraco.",106667.03,180000.0,40.75,Venda Direta Online,,MOSSORO,RN,Não
8444417829850,"RUA JOMAR DA SILVEIRA MARTINS, N. 13, LT 52 QD B",SANTA DELMIRA,"Casa, 81.23 de área total, 81.23 de área privativa, 150.00 de área do terreno,  1 qto(s), WC, cozinha.",77952.49,129000.0,39.58,Licitação Aberta,,MOSSORO,RN,Não
8444403008736,"RUA CHICO DE CLARA, N. 320, Apto 101G, BL G",SANTO ANTONIO,"Apartamento, 49.04 de área total, 44.74 de área privativa, 0.00 de área do terreno,  2 qto(s), WC, 1 sala(s), cozinha.",94012.81,154000.0,38.96,Venda Direta Online,,MOSSORO,RN,Não
8444415751889,"RUA IPIRANGA FUTEBOL CLUBE, N. 390, LT 02 QD 27",SANTA JULIA,"Casa, 63.42 de área total, 63.42 de área privativa, 250.00 de área do terreno,  2 qto(s), a.serv, WC, 1 sala(s), cozinha, Terraco.",94623.28,155000.0,38.96,Licitação Aberta,,MOSSORO,RN,Não
1444409590137,"RUA SEVERINO TAVARES DA SILVA, N. 49,",ABOLICAO,"Casa, 76.96 de área total, 76.96 de área privativa, 180.00 de área do terreno,  2 qto(s), a.serv, WC, 1 sala(s), cozinha, 1 vaga(s) de garagem.",99434.31,161000.0,38.24,Licitação Aberta,,MOSSORO,RN,Não
8444411822994,"RUA BRIGADEIRO SALEMA, N. 1940, Apto 102, TORRE B3",PRESIDENTE COSTA E SILVA,"Apartamento, 76.14 de área total, 72.01 de área privativa, 0.00 de área do terreno,  2 qto(s), WC, 1 sala(s), cozinha.",98816.7,160000.0,38.24,Venda Direta Online,,MOSSORO,RN,Não
1444412650366,"RUA LOTUS, N. 410, QD 54 LT 17",SANTA JULIA,"Casa, 73.83 de área total, 73.83 de área privativa, 200.00 de área do terreno,  2 qto(s), a.serv, WC, 1 sala(s), cozinha, 1 vaga(s) de garagem.",103757.54,168000.0,38.24,Venda Direta Online,,MOSSORO,RN,Não
1555510699574,"RUA LAURA ESTRELA, N. 356, CS 34 LOT ANA MATOS QD 02",ABOLIÇÃO III,"Casa, 78.14 de área total, 78.14 de área privativa, 87.95 de área do terreno,  3 qto(s), a.serv, WC, 1 sala(s), cozinha, Terraco, 1 vaga(s) de garagem.",122108.12,194000.0,37.06,Licitação Aberta,,MOSSORO,RN,Não
1444403210014,"RUA LAURO LEITE DE SOUZA, N. 738,",NOVA BETANIA,"Casa, 0.00 de área total, 197.56 de área privativa, 360.00 de área do terreno,  2 qto(s), a.serv, WC, 2 sala(s), cozinha, Terraco, 1 vaga(s) de garagem.",481172.3,755000.0,36.27,Licitação Aberta,,MOSSORO,RN,Sim
8555535543282,"RUA ESPANHA, N. 608, Apto 208, BLOCO J",AEROPORTO,"Apartamento, 92.07 de área total, 47.77 de área privativa, 0.00 de área do terreno,  2 qto(s), WC, 1 sala(s), cozinha, 1 vaga(s) de garagem.",126084.83,135000.0,6.61,Leilão SFI - Edital Único,,MOSSORO,RN,Não
8444424558034,"RUA FERRARI, N. 471, LOTE 35, NOVA MOSSORO III, QUADRA I",SANTA JULIA,"Casa, 82.03 de área total, 82.03 de área privativa, 200.00 de área do terreno,  2 qto(s), a.serv, WC, 1 sala(s), cozinha, Terraco, 1 vaga(s) de garagem.",161262.59,170000.0,5.14,Leilão SFI - Edital Único,,MOSSORO,RN,Não
1444411753200,"RUA RAIMUNDO LEAO DE MOURA, N. 700, CS 13",NOVA BETANIA,"Casa, 86.02 de área total, 80.15 de área privativa, 98.00 de área do terreno,  2 qto(s), WC, 1 sala(s), 1 lavabo(s), cozinha, 1 vaga(s) de garagem.",220000.0,220000.0,0.0,Leilão SFI - Edital Único,,MOSSORO,RN,Não
8444410614786,"AVENIDA DECIO BARBOSA, N. 270, Apto AP 20,   BL B",AEROPORTO,"Apartamento, 56.06 de área total, 48.83 de área privativa, 0.00 de área do terreno,  2 qto(s), a.serv, WC, 1 sala(s), cozinha.",116000.0,116000.0,0.0,Leilão SFI - Edital Único,,MOSSORO,RN,Não
8555530995088,"RUA ESPANHA, N. 50, Apto 304, BL B LT 01",AEROPORTO,"Apartamento, 91.17 de área total, 47.09 de área privativa, 0.00 de área do terreno,  2 qto(s), WC, 1 sala(s), cozinha, 1 vaga(s) de garagem.",145000.0,145000.0,0.0,Leilão SFI - Edital Único,,MOSSORO,RN,Não
8444410299279,"RUA HORTENCIA, N. 40, LT 24 QD 10",SANTO ANTONIO,"Casa, 58.60 de área total, 58.60 de área privativa, 200.00 de área do terreno,  2 qto(s), a.serv, WC, 1 sala(s), cozinha.",135000.0,135000.0,0.0,Leilão SFI - Edital Único,,MOSSORO,RN,Não
8555527225366,"RUA ANTONIO ALCIVAN ALVES DA SILVA, N. 552, Apto AP 10, BL 3",PLANALTO TREZE DE MAIO,"Apartamento, 53.13 de área total, 48.31 de área privativa, 0.00 de área do terreno,  2 qto(s), a.serv, WC, 1 sala(s), cozinha, 1 vaga(s) de garagem.",154000.0,154000.0,0.0,Leilão SFI - Edital Único,,MOSSORO,RN,Não
8555512538819,"RUA GENESIO XAVIER DE MEDEIROS, N. 380, Apto AP 20, BL C",ALTO DO SUMARE,"Apartamento, 57.33 de área total, 50.06 de área privativa, 0.00 de área do terreno,  2 qto(s), WC, 1 sala(s), cozinha, 1 vaga(s) de garagem.",150000.0,150000.0,0.0,Leilão SFI - Edital Único,,MOSSORO,RN,Não
8444415904960,"AVENIDA MOSSORO, N. 100,  LT 98 QD 09",ITAPETINGA,"Casa, 58.60 de área total, 58.60 de área privativa, 252.36 de área do terreno,  2 qto(s), varanda, a.serv, WC, 1 sala(s), cozinha, 1 vaga(s) de garagem.",151000.0,151000.0,0.0,Leilão SFI - Edital Único,,MOSSORO,RN,Não
8444423334973,"RUA PORTO DO MANGUE, N. 120, LT 810 QD 63 LOT CIDADE OESTE",ITAPETINGA,"Casa, 58.60 de área total, 58.60 de área privativa, 200.00 de área do terreno,  2 qto(s), varanda, a.serv, WC, 1 sala(s), cozinha.",131000.0,131000.0,0.0,Leilão SFI - Edital Único,,MOSSORO,RN,Não
8444424855950,"RUA NADIR ALMEIDA DE MATOS, N. 20, LT 01 10 QD 01",REDENCAO,"Casa, 49.92 de área total, 49.92 de área privativa, 202.31 de área do terreno,  2 qto(s), varanda, a.serv, WC, 1 sala(s), cozinha.",136000.0,136000.0,0.0,Leilão SFI - Edital Único,,MOSSORO,RN,Não
1555503875907,"RUA MARIA ROSA DE ARAUJO, N. 221,",RINCAO,"Casa, 162.80 de área total, 162.80 de área privativa, 360.00 de área do terreno,  3 qto(s), a.serv, WC, 1 sala(s), cozinha, Terraco, 1 vaga(s) de garagem.",347000.0,347000.0,0.0,Leilão SFI - Edital Único,,MOSSORO,RN,Não
8444427689598,"RUA CICERO CORNELIO DA SILVA, N. 190, AREA 18",RINCAO,"Casa, 49.92 de área total, 49.92 de área privativa, 200.00 de área do terreno,  2 qto(s), a.serv, WC, 1 sala(s), cozinha, 1 vaga(s) de garagem.",120000.0,120000.0,0.0,Leilão SFI - Edital Único,,MOSSORO,RN,Não
8444411623762,"RUA FELIX JOSE DE MORAIS, N. 85,",SANTA DELMIRA,"Casa, 45.00 de área total, 45.00 de área privativa, 150.00 de área do terreno,  2 qto(s), a.serv, WC, 1 sala(s), cozinha, 1 vaga(s) de garagem.",135000.0,135000.0,0.0,Leilão SFI - Edital Único,,MOSSORO,RN,Não
8444425628834,"RUA GARDENIA, N. 176, LOTE 06 QUADRA 06 LOTEAMENTO JARDINS",SANTO ANTONIO,"Casa, 59.79 de área total, 59.79 de área privativa, 200.00 de área do terreno,  2 qto(s), a.serv, WC, 1 sala(s), cozinha, Terraco, 1 vaga(s) de garagem.",134811.08,134000.0,0.0,Leilão SFI - Edital Único,,MOSSORO,RN,Não
8444429230096,"RUA LUIZ DE FRANCA TITO JACOME, N. 40,",SANTA DELMIRA,"Casa, 66.35 de área total, 66.35 de área privativa, 200.00 de área do terreno,  2 qto(s), a.serv, WC, 1 sala(s), cozinha, 1 vaga(s) de garagem.",161638.16,158000.0,0.0,Leilão SFI - Edital Único,,MOSSORO,RN,Não
8444422694887,"RUA DEMETER, N. 250, GL 07",ALTO DO SUMARE,"Casa, 59.85 de área total, 59.85 de área privativa, 200.00 de área do terreno,  2 qto(s), a.serv, WC, 1 sala(s), cozinha, Terraco.",106868.25,104000.0,0.0,Leilão SFI - Edital Único,,MOSSORO,RN,Não
8444426381611,"RUA FRANCISCO GURGEL DE BRITO, N. 95, B18",PRESIDENTE COSTA E SILVA,"Casa, 61.59 de área total, 61.59 de área privativa, 220.00 de área do terreno,  2 qto(s), a.serv, WC, 1 sala(s), cozinha, 1 vaga(s) de garagem.",154890.25,147000.0,0.0,Leilão SFI - Edital Único,,MOSSORO,RN,Não
8444436934630,"AVENIDA PRESIDENTE DUTRA, N. 1175, Apto 28, BL B",ALTO DE SAO MANOEL,"Apartamento, 97.28 de área total, 52.82 de área privativa, 0.00 de área do terreno,  2 qto(s), WC, 1 sala(s), cozinha.",178143.8,139000.0,0.0,Leilão SFI - Edital Único,,MOSSORO,RN,Não
10301189,"RUA JOSÉ PRAXEDES DE AQUINO, N. 439, QD 07, LT 09",BELA VISTA,"Casa, 0.00 de área total, 252.73 de área privativa, 360.00 de área do terreno.",335231.64,261000.0,0.0,Leilão SFI - Edital Único,,MOSSORO,RN,Sim
8444438966040,"RUA MARIA NEURACI DE SOUSA SANTOS, N. 1643, QUADRA 41 LOTE38",SANTA JULIA,"Casa, 69.42 de área total, 69.42 de área privativa, 200.00 de área do terreno,  2 qto(s), a.serv, WC, 1 sala(s), cozinha.",197981.23,140000.0,0.0,Leilão SFI - Edital Único,,MOSSORO,RN,Não
8555518974505,"AVENIDA DECIO BARBOSA, N. 150, Apto 208, BLOCO A",AEROPORTO,"Apartamento, 56.13 de área total, 48.90 de área privativa, 0.00 de área do terreno,  2 qto(s), WC, 1 sala(s), cozinha, 1 vaga(s) de garagem.",179044.97,102000.0,0.0,Leilão SFI - Edital Único,,MOSSORO,RN,Não
1444421613257,"RUA PROFESSORA BEATRIZ CORTEZ, N. 50, LT 17 QD 12",NOSSA SENHORA DA APRESENTACAO,"Casa, 311.48 de área total, 52.72 de área privativa, 375.00 de área do terreno,  2 qto(s), a.serv, WC, 1 sala(s), cozinha, Terraco.",236693.2,430712.0,45.05,Venda Direta Online,,NATAL,RN,Não
8555505581968,"RUA ENGENHEIRO JOAO HELIO ALVES ROCHA, N. 3200, Apto 01, BL C - ESPERANCA",PLANALTO,"Apartamento, 57.48 de área total, 51.56 de área privativa, 0.00 de área do terreno,  2 qto(s), varanda, WC, 1 sala(s), cozinha, 1 vaga(s) de garagem.",59142.6,103500.0,42.86,Venda Direta Online,,NATAL,RN,Não
8555505607371,"RUA ENGENHEIRO JOAO HELIO ALVES ROCHA, N. 3200, Apto 102, BL B",PLANALTO,"Apartamento, 57.48 de área total, 51.56 de área privativa, 0.00 de área do terreno,  2 qto(s), varanda, WC, 1 sala(s), cozinha, 1 vaga(s) de garagem.",64571.15,113000.0,42.86,Venda Online,,NATAL,RN,Não
8787700514450,"RUA SANTO ONOFRE, N. 1485, Apto 401, TORRE B",PLANALTO,"Apartamento, 75.17 de área total, 41.38 de área privativa, 0.00 de área do terreno,  2 qto(s), a.serv, WC, 1 sala(s), cozinha, 1 vaga(s) de garagem.",68214.74,119000.0,42.68,Venda Direta Online,,NATAL,RN,Não
8787700879530,"RUA SANTO ONOFRE, N. 1485, Apto 304, 3º PAV TORRE B",PLANALTO,"Apartamento, 75.17 de área total, 41.38 de área privativa, 0.00 de área do terreno,  2 qto(s), a.serv, WC, 1 sala(s), cozinha, 1 vaga(s) de garagem.",68214.74,119000.0,42.68,Venda Direta Online,,NATAL,RN,Não
8444411263278,"RUA ENGENHEIRO JOAO HELIO ALVES ROCHA, N. 2825, Apto 102, BL C",PLANALTO,"Apartamento, 60.08 de área total, 52.65 de área privativa, 0.00 de área do terreno,  2 qto(s), a.serv, WC, 1 sala(s), cozinha, 1 vaga(s) de garagem.",72814.63,125700.0,42.08,Venda Direta Online,,NATAL,RN,Não
8555521219500,"RUA ENGENHEIRO JOAO HELIO ALVES ROCHA, N. 2184, Apto 303, 2° PAV, BL 04",PLANALTO,"Apartamento, 70.76 de área total, 64.59 de área privativa, 0.00 de área do terreno,  1 qto(s), varanda, a.serv, WC, 1 sala(s), cozinha, 1 vaga(s) de garagem.",78201.87,135000.0,42.08,Venda Direta Online,,NATAL,RN,Não
8555524272266,"RUA PARACATI, N. 2070, Apto 402, BL 03, LT 6356 E 6357, QD 340",PLANALTO,"Apartamento, 0.00 de área total, 61.92 de área privativa, 0.00 de área do terreno,  2 qto(s), a.serv, WC, 1 sala(s), cozinha, Terraco, 1 vaga(s) de garagem.",78781.14,136000.0,42.08,Venda Direta Online,,NATAL,RN,Não
8555513420455,"RUA ENGENHEIRO JOAO HELIO ALVES ROCHA, N. 820, Apto 102, BLOCO 10",PLANALTO,"Apartamento, 69.85 de área total, 61.51 de área privativa, 0.00 de área do terreno,  2 qto(s), a.serv, WC, 1 sala(s), cozinha, Terraco.",88990.38,152000.0,41.46,Licitação Aberta,,NATAL,RN,Não
8787701643890,"RUA MANOEL CONGO, N. 400, CASA 01",PONTA NEGRA,"Casa, 97.42 de área total, 74.17 de área privativa, 97.42 de área do terreno,  2 qto(s), a.serv, WC, 1 sala(s), 1 lavabo(s), cozinha, Terraco, 1 vaga(s) de garagem.",99555.89,168000.0,40.75,Licitação Aberta,,NATAL,RN,Não
8787716798640,"AVENIDA MOEMA TINOCO DA CUNHA LIMA, N. 885, Apto 201, BL 12, VAGA N 178",PAJUCARA,"Apartamento, 61.82 de área total, 41.85 de área privativa, 0.00 de área do terreno,  2 qto(s), a.serv, WC, 1 sala(s), cozinha, 1 vaga(s) de garagem.",97778.11,165000.0,40.75,Licitação Aberta,,NATAL,RN,Não
8555526058920,"RUA PARACATI, N. 545, Apto 403, 03 PAV BL C LESTE",PLANALTO,"Apartamento, 90.55 de área total, 65.10 de área privativa, 0.00 de área do terreno,  2 qto(s), a.serv, WC, 1 sala(s), cozinha, 1 vaga(s) de garagem.",100741.08,170000.0,40.75,Licitação Aberta,,NATAL,RN,Não
1444402258021,"RUA RAIMUNDO JUVINO DE OLIVEIRA, N. 2397, Apto 101,",LAGOA NOVA,"Apartamento, 0.00 de área total, 56.68 de área privativa, 0.00 de área do terreno,  1 qto(s), varanda, a.serv, WC, 1 sala(s), cozinha, 1 vaga(s) de garagem.",106282.0,176500.0,39.79,Venda Direta Online,,NATAL,RN,Não
1444402820560,"RUA SANTA ADELIA, N. 490, CS 09",PLANALTO,"Casa, 0.00 de área total, 31.20 de área privativa, 31.20 de área do terreno,  1 qto(s), WC, 1 sala(s), cozinha, Terraco.",104174.42,173000.0,39.79,Venda Direta Online,,NATAL,RN,Não
8444408656361,"RUA SANTA INES, N. 885, Apto 303, BL 09 VG 139",PAJUCARA,"Apartamento, 58.84 de área total, 53.33 de área privativa, 0.00 de área do terreno,  2 qto(s), a.serv, WC, 1 sala(s), cozinha, 1 vaga(s) de garagem.",80973.91,134000.0,39.58,Venda Direta Online,,NATAL,RN,Não
8003300229060,"RUA AGRESTINA, N. 1150, Apto 102, BL B",PLANALTO,"Apartamento, 0.00 de área total, 43.56 de área privativa, 0.00 de área do terreno,  2 qto(s), WC, 1 sala(s), cozinha.",81276.05,134500.0,39.58,Venda Direta Online,,NATAL,RN,Não
8787705584198,"AVENIDA POÇOS DE CALDAS, N. 1875, Apto 401, BL 03, VAGA N 290",PONTA NEGRA,"Apartamento, 63.76 de área total, 45.30 de área privativa, 0.00 de área do terreno,  2 qto(s), WC, 1 sala(s), cozinha, 1 vaga(s) de garagem.",123300.35,204000.0,39.56,Licitação Aberta,,NATAL,RN,Não
8444411766628,"RUA JOAO PAULO II, N. 105, LT 48 QD B",NOSSA SENHORA DA APRESENTACAO,"Prédio, 0.00 de área total, 136.00 de área privativa, 220.00 de área do terreno.",89739.5,147000.0,38.96,Venda Direta Online,,NATAL,RN,Não
8444432304437,"RUA AGRESTINA, N. 1150, Apto 302,  BLOCO C",PLANALTO,"Apartamento, 0.00 de área total, 43.56 de área privativa, 0.00 de área do terreno,  2 qto(s), WC, 1 sala(s), cozinha.",89274.85,120000.0,25.61,Leilão SFI - Edital Único,,NATAL,RN,Não
8555508813746,"RUA RIO PARANAPANEMA, N. 7930, Apto 604, BLOCO 3",PITIMBU,"Apartamento, 69.16 de área total, 44.73 de área privativa, 0.00 de área do terreno,  2 qto(s), WC, 1 sala(s), cozinha, 1 vaga(s) de garagem.",156000.0,156000.0,0.0,Leilão SFI - Edital Único,,NATAL,RN,Não
1555503713710,"AVENIDA ENG ROBERTO FREIRE, N. 4702, Apto 2401, VG 15 TERREO",PONTA NEGRA,"Apartamento, 0.00 de área total, 56.21 de área privativa, 0.00 de área do terreno,  1 qto(s), varanda, WC, WC Emp, 1 sala(s), cozinha, 1 vaga(s) de garagem.",411000.0,411000.0,0.0,Leilão SFI - Edital Único,,NATAL,RN,Não
8555531045296,"RUA PEDRO DE SOUZA, N. 141, CASA 112 BL D",BOM PASTOR,"Casa, 64.27 de área total, 53.90 de área privativa, 64.27 de área do terreno,  2 qto(s), a.serv, WC, 1 sala(s), cozinha, 1 vaga(s) de garagem.",137000.0,137000.0,0.0,Leilão SFI - Edital Único,,NATAL,RN,Não
8555511920191,"RUA VIVALDO CAVALCANTE, N. 166, LOTE B5",NOSSA SENHORA DA APRESENTACAO,"Casa, 61.25 de área total, 61.25 de área privativa, 200.00 de área do terreno,  2 qto(s), varanda, WC, 1 sala(s), cozinha.",150000.0,150000.0,0.0,Leilão SFI - Edital Único,,NATAL,RN,Não
8555523273170,"RUA MONTE CELESTE, N. 1801, Apto 302, BL 01",PLANALTO,"Apartamento, 108.46 de área total, 51.82 de área privativa, 0.00 de área do terreno,  2 qto(s), a.serv, WC, 1 sala(s), cozinha.",112000.0,112000.0,0.0,Leilão SFI - Edital Único,,NATAL,RN,Não
8555519536951,"AVENIDA ANTONIO BASILIO, N. 1011, Apto 304, PAV 3 BL B",BOM PASTOR,"Apartamento, 63.72 de área total, 42.72 de área privativa, 0.00 de área do terreno,  1 qto(s), WC, 1 sala(s), cozinha.",106745.76,105000.0,0.0,Leilão SFI - Edital Único,,NATAL,RN,Não
1444404638085,"RUA ESCOTEIRO ANDANTE, N. 878, Apto 301, BL B",CIDADE ALTA,"Apartamento, 0.00 de área total, 170.86 de área privativa, 0.00 de área do terreno,  3 qto(s), varanda, a.serv, WC, WC Emp, 1 sala(s), 1 lavabo(s), DCE, cozinha, 2 vaga(s) de garagem.",477128.78,424000.0,0.0,Leilão SFI - Edital Único,,NATAL,RN,Não
8787708873794,"AVENIDA ALMIRANTE ALEXANDRINO DE ALENCAR, N. 900, Apto 701, 7º PAVIMENTO TORRE  02",LAGOA SECA,"Apartamento, 82.79 de área total, 50.06 de área privativa, 0.00 de área do terreno,  2 qto(s), WC, 1 sala(s), cozinha, 1 vaga(s) de garagem.",205544.24,180000.0,0.0,Leilão SFI - Edital Único,,NATAL,RN,Não
1444403210090,"RUA TEREZA CAMPOS, N. 2527, LT 21",LAGOA NOVA,"Casa, 0.00 de área total, 147.25 de área privativa, 300.00 de área do terreno,  3 qto(s), a.serv, WC, WC Emp, 1 sala(s), DCE, cozinha, Terraco.",378876.58,325000.0,0.0,Leilão SFI - Edital Único,,NATAL,RN,Não
1787702317760,"AVENIDA CAPITAO-MOR GOUVEIA, N. 1135, Apto 201, TORRE H",NOSSA SENHORA DE NAZARE,"Apartamento, 106.70 de área total, 70.72 de área privativa, 0.00 de área do terreno,  3 qto(s), a.serv, WC, 1 sala(s), cozinha, 2 vaga(s) de garagem.",546792.7,416000.0,0.0,Leilão SFI - Edital Único,,NATAL,RN,Não
1444405236452,"TRAVESSA OLAVO DANTAS, N. 1830,",DIX-SEPT ROSADO,"Casa, 106.00 de área total, 106.00 de área privativa, 212.30 de área do terreno,  4 qto(s), a.serv, WC, 1 sala(s), cozinha, Terraco.",240923.94,181000.0,0.0,Leilão SFI - Edital Único,,NATAL,RN,Não
1444408256195,"RUA PRESIDENTE LEAO VELOSO, N. 750,",ALECRIM,"Casa, 90.00 de área total, 90.00 de área privativa, 157.50 de área do terreno,  3 qto(s), a.serv, WC, 2 sala(s), cozinha, Terraco.",243775.63,178000.0,0.0,Leilão SFI - Edital Único,,NATAL,RN,Não
1555509803088,"RUA ABILIO DEODATO DO NASCIMENTO, N. 2764, ESQUINA COM AVENIDA JERÔNIMO CÂMARA",NOSSA SENHORA DE NAZARE,"Casa, 187.00 de área total, 187.00 de área privativa, 302.94 de área do terreno,  3 qto(s), a.serv, WC, WC Emp, 1 sala(s), 1 lavabo(s), DCE, cozinha, 2 vaga(s) de garagem.",872660.81,285650.0,0.0,Leilão SFI - Edital Único,,NATAL,RN,Não
8787709558990,"RUA PRAIA DE RIO DO FOGO, N. 31,",ZONA DE EXPANSAO,"Casa, 0.00 de área total, 58.12 de área privativa, 200.00 de área do terreno,  2 qto(s), a.serv, WC, 1 sala(s), cozinha, Terraco, 1 vaga(s) de garagem.",28852.59,95000.0,69.63,Venda Online,,NISIA FLORESTA,RN,Não
8444412088755,"RUA DAS ACACIAS, N. 176, LT 176 QD I",MAZAPAS,"Casa, 0.00 de área total, 79.95 de área privativa, 201.00 de área do terreno,  2 qto(s), varanda, a.serv, WC, 1 sala(s), cozinha.",70891.15,145000.0,51.11,Venda Direta Online,,NISIA FLORESTA,RN,Não
8444423450710,"RUA PRAIA DO FOGO, N. 20, QD35 LT20",MAZAPAS,"Casa, 63.62 de área total, 63.62 de área privativa, 200.00 de área do terreno,  2 qto(s), a.serv, WC, 1 sala(s), cozinha, Terraco.",50539.52,97000.0,47.9,Venda Direta Online,,NISIA FLORESTA,RN,Não
8444402307136,"RUA FRANCISCO DE SOUZA BARROS, N. 733,",IVAN BEZERRA,"Casa, 80.27 de área total, 80.27 de área privativa, 127.50 de área do terreno,  2 qto(s), a.serv, WC, 1 sala(s), cozinha.",64787.44,134000.0,51.66,Venda Direta Online,,PARELHAS,RN,Não
8444409698572,"RUA HELENO DANTAS DE AZEVEDO, N. 130,",MARIA TERCEIRA,"Casa, 67.92 de área total, 67.92 de área privativa, 131.75 de área do terreno,  2 qto(s), a.serv, WC, 1 sala(s), cozinha, 1 vaga(s) de garagem.",99000.0,99000.0,0.0,Leilão SFI - Edital Único,,PARELHAS,RN,Não
8444414259620,"RUA EQUADOR, N. 82,",MARIA TERCEIRA,"Casa, 70.89 de área total, 70.89 de área privativa, 131.22 de área do terreno,  2 qto(s), a.serv, WC, 1 sala(s), cozinha, 1 vaga(s) de garagem.",125000.0,125000.0,0.0,Leilão SFI - Edital Único,,PARELHAS,RN,Não
8444401243576,"RUA CAMPO NATIVO, N. 44, QD QR 40,  LT 08, ETAPA 03",CAJUPIRANGA,"Casa, 0.00 de área total, 66.61 de área privativa, 200.00 de área do terreno,  2 qto(s), varanda, a.serv, WC, 1 sala(s), cozinha, Terraco.",61060.64,137000.0,55.44,Venda Online,,PARNAMIRIM,RN,Não
8200820091240,"RUA JOSE SIMIAO DA SILVA, N. 205, LT 01 QD 35",NOVA ESPERANCA,"Casa, 46.63 de área total, 46.63 de área privativa, 300.00 de área do terreno,  2 qto(s), WC, 1 sala(s), cozinha, Terraco.",57982.52,119000.0,51.28,Venda Direta Online,,PARNAMIRIM,RN,Não
8444417326115,"RUA GUATEMALA, N. 109, A,",NOVA ESPERANCA,"Casa, 130.90 de área total, 78.60 de área privativa, 111.92 de área do terreno,  2 qto(s), a.serv, WC, 1 sala(s), cozinha, 1 vaga(s) de garagem.",71424.36,137000.0,47.87,Venda Direta Online,,PARNAMIRIM,RN,Não
8555504771097,"RUA HAVAI, N. 236, 20B - REMEMBRAMENTO LT 13 E 15 - QD 20",NOVA ESPERANCA,"Casa, 0.00 de área total, 75.00 de área privativa, 200.00 de área do terreno,  2 qto(s), WC, 1 sala(s), cozinha, 1 vaga(s) de garagem.",70865.57,135000.0,47.51,Venda Direta Online,,PARNAMIRIM,RN,Não
1444416592034,"RUA LIRIOS DO VALE, N. SN, LT 08 QD 18",BELA PARNAMIRIM,"Terreno, 0.00 de área total, 0.00 de área privativa, 312.50 de área do terreno.",56225.65,98000.0,42.63,Venda Direta Online,,PARNAMIRIM,RN,Não
8787719710433,"ESTRADA PARA CAJUPIRANGA, N. 1755, Apto 302, BLOCO 20",LIBERDADE,"Apartamento, 76.82 de área total, 38.20 de área privativa, 0.00 de área do terreno,  2 qto(s), a.serv, WC, 1 sala(s), cozinha, 1 vaga(s) de garagem.",75884.78,131000.0,42.08,Licitação Aberta,,PARNAMIRIM,RN,Não
8444404467297,"RUA 77, N. 40, Apto 101,",CAJUPIRANGA,"Apartamento, 0.00 de área total, 59.32 de área privativa, 0.00 de área do terreno,  2 qto(s), varanda, a.serv, WC, 1 sala(s), cozinha, 1 vaga(s) de garagem.",75305.5,130000.0,42.08,Venda Direta Online,,PARNAMIRIM,RN,Não
8444401610870,"RUA PRESIDENTE GARRASTAZU MEDICI, N. 70, CS70, GL07 LOT. FAZENDA SANTO ANTONIO",BELA PARNAMIRIM,"Casa, 76.30 de área total, 76.30 de área privativa, 200.00 de área do terreno,  3 qto(s), a.serv, WC, 1 sala(s), cozinha, 1 vaga(s) de garagem.",74293.51,128253.0,42.08,Venda Direta Online,,PARNAMIRIM,RN,Não
8444410898962,"RUA PRESIDENTE WASHINGTON LUIZ, N. 87, LT 04, QD 39,",SANTA TEREZA,"Casa, 62.80 de área total, 62.80 de área privativa, 235.74 de área do terreno,  2 qto(s), a.serv, WC, 1 sala(s), cozinha.",88495.5,151154.72,41.46,Venda Direta Online,,PARNAMIRIM,RN,Não
8787722826633,"ESTRADA PARA CAJUPIRANGA, N. 1755, Apto 103, BLOCO 07 VG 174",LIBERDADE,"Apartamento, 61.73 de área total, 61.73 de área privativa, 0.00 de área do terreno,  2 qto(s), a.serv, WC, 1 sala(s), cozinha, Terraco, 1 vaga(s) de garagem.",83135.75,142000.0,41.46,Licitação Aberta,,PARNAMIRIM,RN,Não
8444424076340,"RUA EX COMBATENTE ULISSES RAMALHO FARACH, N. 157, UR UH03",NOVA ESPERANCA,"Casa, 150.00 de área total, 69.54 de área privativa, 150.00 de área do terreno,  2 qto(s), a.serv, WC, 1 sala(s), cozinha, Terraco, 1 vaga(s) de garagem.",90746.77,155000.0,41.46,Venda Direta Online,,PARNAMIRIM,RN,Não
8787716915247,"ESTRADA PARA CAJUPIRANGA, N. 1755, Apto 203, BLOCO 10 VG 42",LIBERDADE,"Apartamento, 76.82 de área total, 38.20 de área privativa, 0.00 de área do terreno,  2 qto(s), a.serv, WC, 1 sala(s), cozinha, 1 vaga(s) de garagem.",100741.08,170000.0,40.75,Licitação Aberta,,PARNAMIRIM,RN,Não
8444406660469,"RUA DAS QUIXABEIRAS, N. 42, UNIDADE RESIDENCIAL B",NOVA ESPERANCA,"Casa, 0.00 de área total, 63.30 de área privativa, 200.00 de área do terreno,  2 qto(s), a.serv, WC, 1 sala(s), cozinha.",71370.38,119300.0,40.18,Venda Direta Online,,PARNAMIRIM,RN,Não
8444400859069,"RUA JOSE FABRICIO MONTEIRO, N. 75, LOTE 14 BUENOS AIRES",PASSAGEM DE AREIA,"Casa, 0.00 de área total, 65.13 de área privativa, 0.00 de área do terreno,  2 qto(s), varanda, WC, 1 sala(s), cozinha.",63000.0,105000.0,40.0,Leilão SFI - Edital Único,,PARNAMIRIM,RN,Não
8555534144139,"AVENIDA PAULO AFONSO, N. 4720, CASA 08 BL 01 VG 04",NOVA ESPERANCA,"Casa, 94.42 de área total, 47.36 de área privativa, 81.92 de área do terreno,  2 qto(s), WC, 1 sala(s), cozinha, 1 vaga(s) de garagem.",111816.5,185000.0,39.56,Venda Direta Online,,PARNAMIRIM,RN,Não
8444406238970,"RUA CAMPO REAL  (ANTIGA RUA PROJETADA 21 ), N. 138, LT - 26, QD 26",CAJUPIRANGA,"Casa, 66.50 de área total, 66.50 de área privativa, 200.00 de área do terreno,  2 qto(s), WC, 1 sala(s), cozinha, 1 vaga(s) de garagem.",91570.92,150000.0,38.96,Venda Direta Online,,PARNAMIRIM,RN,Não
1444406552404,"RUA CLAYTON BEZERRA DOS SANTOS, N. 633, LT 04",NOVA ESPERANCA,"Casa, 69.15 de área total, 69.15 de área privativa, 240.00 de área do terreno,  2 qto(s), a.serv, WC, 1 sala(s), cozinha, 1 vaga(s) de garagem.",96775.69,156695.28,38.24,Venda Online,,PARNAMIRIM,RN,Não
1787700063043,"AVENIDA GANDHI, N. 1750, CS 31QD  F",NOVA PARNAMIRIM,"Casa, 133.43 de área total, 82.56 de área privativa, 150.00 de área do terreno,  2 qto(s), a.serv, WC, 1 sala(s), 1 lavabo(s), cozinha, Terraco, 1 vaga(s) de garagem.",242179.43,380000.0,36.27,Licitação Aberta,,PARNAMIRIM,RN,Não
1555503588843,"RUA DOS CAJUEIROS, N. 124, LOTE 4",NOVA PARNAMIRIM,"Casa, 140.00 de área total, 101.62 de área privativa, 240.00 de área do terreno,  3 qto(s), a.serv, WC, 1 sala(s), cozinha, Terraco, 1 vaga(s) de garagem.",302000.0,302000.0,0.0,Leilão SFI - Edital Único,,PARNAMIRIM,RN,Não
8204400014628,"AVENIDA AYRTON SENNA, N. 2327, Apto 303, BLOCO Q",NOVA PARNAMIRIM,"Apartamento, 61.76 de área total, 55.89 de área privativa, 0.00 de área do terreno,  2 qto(s), a.serv, WC, cozinha, 1 vaga(s) de garagem.",165000.0,165000.0,0.0,Leilão SFI - Edital Único,,PARNAMIRIM,RN,Não
8444405491507,"RUA GUATEMALA, N. 330, GLEBA 20",NOVA ESPERANCA,"Casa, 74.33 de área total, 74.33 de área privativa, 200.00 de área do terreno,  2 qto(s), a.serv, WC, 1 sala(s), cozinha, 1 vaga(s) de garagem.",150000.0,145000.0,0.0,Leilão SFI - Edital Único,,PARNAMIRIM,RN,Não
1555505891888,"AVENIDA PETRA KELLY, N. 1038, Apto 404, BLOCO A",NOVA PARNAMIRIM,"Apartamento, 85.59 de área total, 67.87 de área privativa, 0.00 de área do terreno,  3 qto(s), a.serv, WC, 1 sala(s), cozinha, 1 vaga(s) de garagem.",200000.0,190144.04,0.0,Leilão SFI - Edital Único,,PARNAMIRIM,RN,Não
1444405852358,"RUA SEVERINO TAVARES DE FARIAS, N. 1611, LT 16 Q F",NOVA PARNAMIRIM,"Casa, 238.10 de área total, 238.10 de área privativa, 321.12 de área do terreno,  3 qto(s), varanda, a.serv, WC, WC Emp, 2 sala(s), DCE, cozinha, 1 vaga(s) de garagem.",604805.42,480000.0,0.0,Leilão SFI - Edital Único,,PARNAMIRIM,RN,Não
8787703006456,"RUA AUTA DE SOUZA, N. 175, Apto 404, TIPO 2 VG 29",VIDA NOVA,"Apartamento, 61.13 de área total, 53.75 de área privativa, 0.00 de área do terreno,  2 qto(s), WC, 1 sala(s), cozinha, 1 vaga(s) de garagem.",150000.0,110000.0,0.0,Leilão SFI - Edital Único,,PARNAMIRIM,RN,Não
1787702502630,"AVENIDA JOAQUIM PATRICIO, N. 740, Apto 102, BLOCO 63 TORRE TRIPLA  VAGA 841",PIUM (DISTRITO LITORAL),"Apartamento, 0.00 de área total, 112.51 de área privativa, 0.00 de área do terreno,  2 qto(s), WC, 1 sala(s), cozinha, 1 vaga(s) de garagem.",258428.71,185000.0,0.0,Leilão SFI - Edital Único,,PARNAMIRIM,RN,Não
8787719550606,"ALAMEDA DOS PASSAROS, N. 2150, Apto 202, TIPO F BLOCO J",PARQUE DO JIQUI,"Apartamento, 84.06 de área total, 61.71 de área privativa, 0.00 de área do terreno,  2 qto(s), WC, 1 sala(s), cozinha, 1 vaga(s) de garagem.",226624.1,161353.43,0.0,Leilão SFI - Edital Único,,PARNAMIRIM,RN,Não
8787721479360,"AVENIDA JOAQUIM PATRICIO, N. 740, Apto 203, BL 30 TORRE TRIPLA TIPO 01 VG 419",DIST LITORAL PIUM,"Apartamento, 60.58 de área total, 48.58 de área privativa, 0.00 de área do terreno,  2 qto(s), varanda, a.serv, WC, 1 sala(s), cozinha, 1 vaga(s) de garagem.",287000.0,195600.0,0.0,Leilão SFI - Edital Único,,PARNAMIRIM,RN,Não
8787716984990,"ESTRADA PARA CAJUPIRANGA, N. 1755, Apto 403, BL 24 4 PAV",LIBERDADE,"Apartamento, 49.00 de área total, 38.20 de área privativa, 0.00 de área do terreno,  2 qto(s), WC, 1 sala(s), cozinha, 1 vaga(s) de garagem.",220000.0,115521.16,0.0,Leilão SFI - Edital Único,,PARNAMIRIM,RN,Não
8444427056285,"RUA JOAO DIAS DE OLIVEIRA, N. 54, QD D, LT 85",CENTRO,"Casa, 74.99 de área total, 74.99 de área privativa, 150.00 de área do terreno,  2 qto(s), varanda, a.serv, WC, 1 sala(s), cozinha.",52428.44,110000.0,52.34,Venda Online,,PENDENCIAS,RN,Não
8444419535242,"RUA SEBASTIAO VICENTE DO NASCIMENTO, N. 79, QD07 LT183",CIDADE NOVA,"Casa, 0.00 de área total, 64.17 de área privativa, 200.00 de área do terreno,  2 qto(s), varanda, a.serv, WC, 1 sala(s), cozinha.",65921.81,115000.0,42.68,Venda Direta Online,,PENDENCIAS,RN,Não
8444420985841,"RUA MARIA ELVIRA BARBOSA MONTENEGRO, N. 27, QUADRA 13 LOTE 359",CIDADE NOVA,"Casa, 66.17 de área total, 66.17 de área privativa, 200.00 de área do terreno,  2 qto(s), varanda, a.serv, WC, 1 sala(s), cozinha, 1 vaga(s) de garagem.",71654.14,125000.0,42.68,Licitação Aberta,,PENDENCIAS,RN,Não
8444406316628,"RUA ANTONIA DULCINEIDE DA COSTA, N. 350,",ALTO SÃO FRANCISCO,"Casa, 50.00 de área total, 57.15 de área privativa, 335.00 de área do terreno,  2 qto(s), a.serv, WC, 1 sala(s), cozinha, 1 vaga(s) de garagem.",51475.2,108000.0,52.34,Venda Online,,SANTA MARIA,RN,Não
10304800,"SITIO SERRA DO GADO I, SITIO SERRA DO GADO",SANTANA DO MATOS,"Imóvel rural, 0.00 de área total, 0.00 de área privativa, 825000.00 de área do terreno.",3370000.0,3370000.0,0.0,Leilão SFI - Edital Único,,SANTANA DO MATOS,RN,Sim
8444406366072,"R DR HELIO BARBOSA DE OLIVEIRA, N. 227,",Centro,"Casa, 0.00 de área total, 79.68 de área privativa, 90.83 de área do terreno,  2 qto(s), a.serv, WC, 1 sala(s), cozinha.",68618.46,124000.0,44.67,Venda Online,,SANTO ANTONIO,RN,Não
8444409949281,"RUA BENEDITO LUIZ DA SILVA, N. S/N, LT 05/06/07 QD 02 CS 08",JARDINS,"Casa, 0.00 de área total, 67.89 de área privativa, 106.27 de área do terreno,  2 qto(s), a.serv, WC, 1 sala(s), cozinha, Terraco.",32955.02,115000.0,71.35,Venda Online,,SAO GONCALO DO AMARANTE,RN,Não
8555514096864,"RUA DIRIGIVEL HINDENBURGO, N. 36, LT 35, QD 04",SANTO ANTONIO DO POTENGI,"Casa, 0.00 de área total, 57.84 de área privativa, 200.00 de área do terreno,  2 qto(s), a.serv, WC, 1 sala(s), cozinha, Terraco, 1 vaga(s) de garagem.",39885.69,110000.0,63.75,Venda Direta Online,,SAO GONCALO DO AMARANTE,RN,Não
8787703078759,"RUA IRMA MARIA CRISTOFORA DUARTE, N. 44, LT 319 QD 0013",REGOMOLEIRO,"Casa, 0.00 de área total, 46.98 de área privativa, 150.00 de área do terreno,  2 qto(s), a.serv, WC, 1 sala(s), cozinha, 1 vaga(s) de garagem.",43086.64,113000.0,61.88,Venda Online,,SAO GONCALO DO AMARANTE,RN,Não
8444415058970,"RUA SENHOR DO BOMFIM, N. 204, CS 02, QD 0002, LT 0014",OLHO DAGUA,"Casa, 0.00 de área total, 62.88 de área privativa, 108.16 de área do terreno,  2 qto(s), WC, 1 sala(s), cozinha, Terraco, 1 vaga(s) de garagem.",39411.58,100000.0,60.59,Venda Direta Online,,SAO GONCALO DO AMARANTE,RN,Não
1444401903691,"RUA TEREZINHA PEIXOTO DE BRITO, N. 1363, LT 95 QD 06",SANTO ANTONIO DO POTENGI,"Terreno, 0.00 de área total, 0.01 de área privativa, 2220.00 de área do terreno.",63337.72,155000.0,59.14,Venda Online,,SAO GONCALO DO AMARANTE,RN,Não
8444414216858,"RUA SAO JORGE, N. 203, CS 03, LT 15, QD 02",GUAJIRU,"Casa, 0.00 de área total, 62.88 de área privativa, 88.92 de área do terreno,  2 qto(s), WC, 1 sala(s), cozinha, 1 vaga(s) de garagem.",44340.46,107000.0,58.57,Venda Direta Online,,SAO GONCALO DO AMARANTE,RN,Não
8444402313578,"RUA MARIA INACIO AGUIAR, N. 243, CS 03, LT 03, QD 17",SANTA TEREZINHA,"Casa, 0.00 de área total, 60.85 de área privativa, 185.57 de área do terreno,  2 qto(s), a.serv, WC, 1 sala(s), cozinha.",44008.95,106200.0,58.57,Venda Direta Online,,SAO GONCALO DO AMARANTE,RN,Não
8444407765868,"RUA FRANCISCO CANINDE DA CRUZ MARQUES, N. 82, CASA 0003 QD 0013 LT 0249",SANTO ANTONIO DO POTENGI,"Casa, 0.00 de área total, 65.52 de área privativa, 150.00 de área do terreno,  1 qto(s), varanda, a.serv, WC, 1 sala(s), cozinha, 1 vaga(s) de garagem.",50279.66,115000.0,56.28,Venda Direta Online,,SAO GONCALO DO AMARANTE,RN,Não
8555528546620,"RUA PADRE MOURA, N. SN, UNID 05, LT 04, QD 002",REGOMOLEIRO,"Casa, 0.00 de área total, 45.49 de área privativa, 45.49 de área do terreno,  2 qto(s), WC, 1 sala(s), cozinha.",43734.46,99000.0,55.83,Venda Direta Online,,SAO GONCALO DO AMARANTE,RN,Não
8444409845583,"RUA ANA CECILIA CABRAL, N. 0, LT 09  QD 26",SANTA TEREZINHA,"Casa, 0.00 de área total, 61.22 de área privativa, 180.00 de área do terreno,  2 qto(s), a.serv, WC, 1 sala(s), cozinha, 1 vaga(s) de garagem.",51694.41,117000.0,55.82,Venda Direta Online,,SAO GONCALO DO AMARANTE,RN,Não
8444403535647,"RUA MARIA INACIA AGUIAR, N. 213, CASA 03  LT 05  QD 17",SANTA TEREZINHA,"Casa, 0.00 de área total, 58.00 de área privativa, 92.00 de área do terreno,  2 qto(s), a.serv, WC, 1 sala(s), cozinha.",62859.7,139000.0,54.78,Venda Direta Online,,SAO GONCALO DO AMARANTE,RN,Não
8444406506370,"RUA FRANCISCA LINS RODRIGUES, N. 810, QD 15 LT SB I CS 02 RES S FRANCISCO II",PARQUE DOS IPES,"Casa, 0.00 de área total, 51.29 de área privativa, 79.19 de área do terreno,  2 qto(s), varanda, WC, 1 sala(s), cozinha, 1 vaga(s) de garagem.",50282.28,108600.0,53.7,Venda Direta Online,,SAO GONCALO DO AMARANTE,RN,Não
8444407578383,"RUA HELENA RODRIGUES DE FREITAS, N. SN, UH 04, LT 257 E 258, QD 13",SANTO ANTONIO DO POTENGI,"Casa, 0.00 de área total, 65.52 de área privativa, 161.61 de área do terreno,  2 qto(s), WC, 1 sala(s), cozinha.",53422.14,115000.0,53.55,Venda Direta Online,,SAO GONCALO DO AMARANTE,RN,Não
8444400767571,"RUA MARIA INACIA AGUIAR, N. SN, CS 01 LT 02 QD 17",SANTA TEREZINHA,"Casa, 0.00 de área total, 58.30 de área privativa, 146.66 de área do terreno,  2 qto(s), a.serv, WC, 1 sala(s), sacada, cozinha.",43516.83,93000.0,53.21,Venda Direta Online,,SAO GONCALO DO AMARANTE,RN,Não
8444406012084,"RUA DOM JOSE AFONSO FRAILE, N. 238, Apto 11, LOTE 199 QD11",SANTO ANTONIO,"Apartamento, 0.00 de área total, 52.46 de área privativa, 0.00 de área do terreno,  2 qto(s), a.serv, WC, 1 sala(s), cozinha, 1 vaga(s) de garagem.",45875.08,97000.0,52.71,Venda Direta Online,,SAO GONCALO DO AMARANTE,RN,Não
8444414468024,"R ZICO MARTINS ORANE, N. 128, CS 01, LT 07, QD 05",REGOMOLEIRO,"Casa, 0.00 de área total, 72.80 de área privativa, 450.00 de área do terreno,  1 qto(s), a.serv, WC, 1 sala(s), cozinha, 1 vaga(s) de garagem.",53381.68,112000.0,52.34,Venda Online,,SAO GONCALO DO AMARANTE,RN,Não
8444401644830,"RUA MARIA HIPOLITO DA ROCHA FELIZARDO, N. SN, LT 20, QD 08, CASA 04",SANTA TEREZINHA,"Casa, 0.00 de área total, 52.25 de área privativa, 59.34 de área do terreno,  2 qto(s), WC, 1 sala(s), cozinha.",43485.96,90000.0,51.69,Venda Direta Online,,SAO GONCALO DO AMARANTE,RN,Não
8444409449939,"RUA BELA VISTA, N. 646, Apto 204, 2 ANDAR QD 07",JARDINS,"Apartamento, 70.08 de área total, 55.31 de área privativa, 0.00 de área do terreno,  2 qto(s), a.serv, WC, 1 sala(s), cozinha, 1 vaga(s) de garagem.",58778.01,119500.0,50.82,Venda Direta Online,,SAO GONCALO DO AMARANTE,RN,Não
8444408898179,"RUA KARL MARX, N. SN, CASA 02 LOTE 007 QUADRA 008",JARDINS,"Casa, 54.14 de área total, 54.14 de área privativa, 54.14 de área do terreno,  2 qto(s), varanda, a.serv, WC, 1 sala(s), cozinha.",45271.37,92000.0,50.8,Venda Direta Online,,SAO GONCALO DO AMARANTE,RN,Não
8444415775745,"RUA IRMA MARIA CRISTOFORA DUARTE, N. 73, CS 03",PARQUE DOS IPES,"Casa, 62.50 de área total, 62.50 de área privativa, 450.00 de área do terreno,  2 qto(s), WC, 1 sala(s), 1 vaga(s) de garagem.",47731.77,97000.0,50.8,Venda Direta Online,,SAO GONCALO DO AMARANTE,RN,Não
8444410288994,"RUA BENEDITO LUIZ DA SILVA, N. 359, CS 09  QD 02 LT 5 6 7",JARDINS,"Casa, 74.87 de área total, 74.87 de área privativa, 117.20 de área do terreno,  2 qto(s), a.serv, WC, 1 sala(s), Terraco, 1 vaga(s) de garagem.",62547.08,127029.55,50.77,Venda Online,,SAO GONCALO DO AMARANTE,RN,Não
8444414216661,"RUA SENHOR DO BONFIM, N. 204, CS 04 LT 14 QD 02",GUAJIRU,"Casa, 63.33 de área total, 62.88 de área privativa, 88.92 de área do terreno,  2 qto(s), a.serv, WC, 1 sala(s), cozinha, 1 vaga(s) de garagem.",63532.85,129031.6,50.77,Venda Online,,SAO GONCALO DO AMARANTE,RN,Não
8555533270149,"AVENIDA OTAVIO AUGUSTO BARBOSA, N. SN, CS 7, LT 64, QD 4",SANTO ANTONIO DO POTENGI,"Casa, 0.00 de área total, 56.30 de área privativa, 125.00 de área do terreno,  2 qto(s), WC, 1 sala(s), sacada, cozinha.",42243.51,85000.0,50.31,Venda Direta Online,,SAO GONCALO DO AMARANTE,RN,Não
8787700523760,"RUA PADRE MOURA, N. 18, CASA 05, LOTE 05 QD 05",PARQUE DOS IPES,"Casa, 96.71 de área total, 54.66 de área privativa, 96.71 de área do terreno,  1 qto(s), WC, 1 sala(s), cozinha.",55424.35,110000.0,49.62,Venda Online,,SAO GONCALO DO AMARANTE,RN,Não
8444404107177,"RUA ANATILDE NASCIMENTO DE ASSIS., N. 9, CS 01 LT 26 QD U",SANTO ANTONIO DO POTENGI,"Casa, 44.67 de área total, 44.67 de área privativa, 100.00 de área do terreno,  2 qto(s), WC, 1 sala(s), cozinha.",44070.11,87000.0,49.35,Venda Direta Online,,SAO GONCALO DO AMARANTE,RN,Não
8444412842476,"RUA LUIZ AUGUSTO RODRIGUES, N. SN, LT 03 QD 17",GUAJIRU,"Casa, 71.07 de área total, 71.07 de área privativa, 200.00 de área do terreno,  2 qto(s), a.serv, WC, 1 sala(s), cozinha, Terraco, 1 vaga(s) de garagem.",58813.71,114000.0,48.41,Venda Online,,SAO GONCALO DO AMARANTE,RN,Não
8444410140610,"RUA HELENA RODRIGUES DE FREITAS, N. SN, CS 03 LT 277 QD 14",SANTO ANTONIO,"Casa, 54.29 de área total, 53.73 de área privativa, 112.51 de área do terreno,  2 qto(s), a.serv, WC, 1 sala(s), cozinha.",49497.47,95000.0,47.9,Venda Online,,SAO GONCALO DO AMARANTE,RN,Não
8444407064428,"RUA SAO JOAO, N. SN, CS 02 LT 472 QD 19",GUAJIRU,"Casa, 61.03 de área total, 59.95 de área privativa, 112.51 de área do terreno,  2 qto(s), varanda, a.serv, WC, 1 sala(s), cozinha.",45850.29,88000.0,47.9,Venda Direta Online,,SAO GONCALO DO AMARANTE,RN,Não
8444407180711,"RUA SÃO JOÃO, N. 36, CS 04 QD 019 LT 472",GUAJIRU,"Casa, 112.50 de área total, 59.95 de área privativa, 59.95 de área do terreno,  2 qto(s), a.serv, WC, 1 sala(s), cozinha.",49497.47,95000.0,47.9,Venda Online,,SAO GONCALO DO AMARANTE,RN,Não
8555514074224,"RUA LUIZ AUGUSTO RODRIGUES, N. 18, QD 17 LT 13  NOVA ALVORADA",GUAJIRU,"Casa, 0.00 de área total, 68.26 de área privativa, 200.00 de área do terreno,  2 qto(s), a.serv, WC, 1 sala(s), cozinha, 1 vaga(s) de garagem.",59199.74,112000.0,47.15,Venda Online,,SAO GONCALO DO AMARANTE,RN,Não
8444427101329,"RUA DO CRICIUMA, N. 45, CS06 QD 09 LTS 174/176",SANTO ANTONIO DO POTENGI,"Casa, 66.15 de área total, 65.52 de área privativa, 150.00 de área do terreno,  2 qto(s), a.serv, WC, 1 sala(s), cozinha, Terraco, 1 vaga(s) de garagem.",68050.1,127000.0,46.42,Venda Direta Online,,SAO GONCALO DO AMARANTE,RN,Não
8444416827560,"AVENIDA PARIS, N. 1583, QD 03, LT 13",SANTO ANTONIO,"Casa, 62.06 de área total, 62.06 de área privativa, 200.05 de área do terreno,  2 qto(s), WC, 1 sala(s), cozinha, Terraco.",54216.02,101000.0,46.33,Venda Online,,SAO GONCALO DO AMARANTE,RN,Não
8787701736767,"RUA SILVIO ROBERTO VITORIANO ROLIM, N. 175, CS 05 PARTE LTS 708-709 QD 07",OLHO D'AGUA,"Casa, 50.17 de área total, 49.87 de área privativa, 51.62 de área do terreno,  2 qto(s), a.serv, WC, 1 sala(s), cozinha, 1 vaga(s) de garagem.",65893.14,121000.0,45.55,Venda Direta Online,,SAO GONCALO DO AMARANTE,RN,Não
8787701517062,"RUA NAZARETH MOTA DE ARAUJO, N. 276, CS 03 LTS 230-231 QD 02",OLHO D'AGUA,"Casa, 64.96 de área total, 49.22 de área privativa, 101.26 de área do terreno,  2 qto(s), a.serv, WC, 1 sala(s), cozinha, 1 vaga(s) de garagem.",59056.89,106000.0,44.29,Venda Direta Online,,SAO GONCALO DO AMARANTE,RN,Não
8444430031662,"RUA JOAO FERREIRA DE MESQUITA, N. 336, CS 15",PARQUE DOS IPES,"Casa, 52.57 de área total, 52.39 de área privativa, 137.45 de área do terreno,  2 qto(s), WC, 1 sala(s), cozinha, 1 vaga(s) de garagem.",69024.43,123500.0,44.11,Venda Online,,SAO GONCALO DO AMARANTE,RN,Não
1555532639078,"RUA ZULMIRA XAVIER FERREIRA, N. SN, LT 2017",GUAJIRU,"Terreno, 1.00 de área total, 0.00 de área privativa, 800.00 de área do terreno.",37551.91,67000.0,43.96,Venda Direta Online,,SAO GONCALO DO AMARANTE,RN,Não
8444407880128,"RUA DOS CRAVOS, N. SN, CS04  Q003 LT 25 27",SANTO ANTONIO,"Casa, 0.00 de área total, 63.77 de área privativa, 150.00 de área do terreno,  2 qto(s), varanda, a.serv, WC, 1 sala(s), cozinha.",56444.48,100000.0,43.56,Venda Direta Online,,SAO GONCALO DO AMARANTE,RN,Não
8444409781992,"RUA BENEDITO LUIS DA SILVA, N. SN, CS05 QD 02 LT 05,06 E 07",JARDINS,"Casa, 76.83 de área total, 75.63 de área privativa, 118.83 de área do terreno,  2 qto(s), a.serv, WC, 1 sala(s), cozinha, Terraco, 1 vaga(s) de garagem.",56444.48,100000.0,43.56,Venda Online,,SAO GONCALO DO AMARANTE,RN,Não
8444412386713,"RUA ROSA DIANA, N. 929, CS 01 PARTE LT A QD 0041",JARDINS,"Casa, 123.26 de área total, 68.16 de área privativa, 90.00 de área do terreno,  2 qto(s), a.serv, WC, 1 sala(s), cozinha, Terraco, 1 vaga(s) de garagem.",84881.89,148700.0,42.92,Venda Direta Online,,SAO GONCALO DO AMARANTE,RN,Não
8555532349086,"RUA MANOEL PATRICIO DE MEDEIROS, N. 2100, Apto 302, BL 18",JARDINS,"Apartamento, 0.00 de área total, 45.50 de área privativa, 0.00 de área do terreno.",80486.52,141000.0,42.92,Venda Direta Online,,SAO GONCALO DO AMARANTE,RN,Não
8444405532254,"RUA PROJETADA, N. SN, LT 26 QD UNICA",MIRANTE DO SOL III,"Casa, 44.67 de área total, 44.67 de área privativa, 200.00 de área do terreno,  2 qto(s), WC, 1 sala(s), cozinha.",57714.04,101000.0,42.86,Venda Direta Online,,SAO GONCALO DO AMARANTE,RN,Não
8555518509705,"RUA PROJETADA, N. 04, Apto 42, BL LIRIO",LOT VILA PARAISO,"Apartamento, 100.28 de área total, 55.31 de área privativa, 0.00 de área do terreno,  2 qto(s), WC, 1 sala(s), cozinha.",58856.89,103000.0,42.86,Venda Direta Online,,SAO GONCALO DO AMARANTE,RN,Não
8787701366455,"R DAS ARARAS, N. 288,",REGOMOLEIRO,"Casa, 97.39 de área total, 46.39 de área privativa, 67.02 de área do terreno,  2 qto(s), a.serv, WC, 1 sala(s), cozinha.",58856.89,103000.0,42.86,Venda Direta Online,,SAO GONCALO DO AMARANTE,RN,Não
8444404201289,"RUA SAO FRANCISCO, N. SN, CS 03 LT 12 QD D",OLHO D'AGUA,"Casa, 116.41 de área total, 66.15 de área privativa, 83.30 de área do terreno,  2 qto(s), a.serv, WC, 1 sala(s), 1 lavabo(s), cozinha, 1 vaga(s) de garagem.",63428.3,111000.0,42.86,Venda Direta Online,,SAO GONCALO DO AMARANTE,RN,Não
8555529264865,"RUA LUIZ SOLANO, N. SN, CS 04 QD 09 LT 164 A 167",SANTO ANTONIO DO POTENGI,"Casa, 160.11 de área total, 65.82 de área privativa, 200.00 de área do terreno,  2 qto(s), WC, 1 sala(s), cozinha, 1 vaga(s) de garagem.",58856.89,103000.0,42.86,Licitação Aberta,,SAO GONCALO DO AMARANTE,RN,Não
8787703519518,"RUA VICE-PRESIDENTE JOSE ALENCAR GOMES DA SI, N. 128, CS 03 LT 08 QD 01",SANTO ANTONIO DO POTENGI,"Casa, 55.90 de área total, 55.08 de área privativa, 104.80 de área do terreno,  2 qto(s), WC, 1 sala(s), cozinha, 1 vaga(s) de garagem.",64571.15,113000.0,42.86,Venda Online,,SAO GONCALO DO AMARANTE,RN,Não
8444411243161,"RUA PROFESSORA JESSICA DEBORA DE MELO, N. S/N, QD 14 LT 25/27 CS 08",SANTA TEREZINHA,"Casa, 59.75 de área total, 59.75 de área privativa, 112.97 de área do terreno,  2 qto(s), a.serv, WC, 1 sala(s), cozinha.",64571.15,113000.0,42.86,Venda Direta Online,,SAO GONCALO DO AMARANTE,RN,Não
8444401802036,"RUA JOAO ANGELO DA FONSECA (ANTIGA R PROJETADA 93), N. SN, CS 03, LT 366 QD 03",PARQUE DOS IPES,"Sobrado, 84.35 de área total, 53.45 de área privativa, 81.60 de área do terreno,  2 qto(s), varanda, a.serv, WC, 1 sala(s), cozinha.",63999.72,112000.0,42.86,Licitação Aberta,,SAO GONCALO DO AMARANTE,RN,Não
8444400845661,"RUA PROJETADA 04, N. SN, Apto 22, BL ORQUIDEA 1 ANDAR",VILA PARAISO,"Apartamento, 100.28 de área total, 55.31 de área privativa, 0.00 de área do terreno,  2 qto(s), a.serv, WC, 1 sala(s), cozinha, 1 vaga(s) de garagem.",66495.04,116000.0,42.68,Licitação Aberta,,SAO GONCALO DO AMARANTE,RN,Não
8787719016707,"RUA JOAO GONZAGA DE OLIVEIRA, N. 275, LT 1029 QD 10",JARDIM ARVOREDA,"Casa, 49.95 de área total, 49.95 de área privativa, 200.00 de área do terreno,  2 qto(s), varanda, a.serv, WC, 1 sala(s), cozinha, 1 vaga(s) de garagem.",69934.44,122000.0,42.68,Licitação Aberta,,SAO GONCALO DO AMARANTE,RN,Não
8444401588557,"RUA SEBASTIANA BENEVIDES DE OLIVEIRA, N. 138, CS 04, QD 18, LT 14",JARDINS,"Casa, 69.77 de área total, 68.95 de área privativa, 1000.00 de área do terreno,  2 qto(s), a.serv, WC, 1 sala(s), cozinha, 1 vaga(s) de garagem.",70507.67,123000.0,42.68,Venda Direta Online,,SAO GONCALO DO AMARANTE,RN,Não
8444405684127,"RUA SEBASTIAO FRANCISCO DE SOUZA, N. 12, CS 05, QD12, LT 09/11-A",JARDINS,"Casa, 49.15 de área total, 48.55 de área privativa, 63.45 de área do terreno,  2 qto(s), varanda, WC, 1 sala(s).",68787.97,120000.0,42.68,Venda Direta Online,,SAO GONCALO DO AMARANTE,RN,Não
8555536872000,"RUA MANOEL PATRICIO DE MEDEIROS, N. 2100, Apto 303, BL 48",JARDINS,"Apartamento, 49.57 de área total, 45.50 de área privativa, 0.00 de área do terreno,  2 qto(s), a.serv, WC, 1 sala(s), cozinha.",65921.81,115000.0,42.68,Licitação Aberta,,SAO GONCALO DO AMARANTE,RN,Não
8555530576409,"RUA VEREADOR JOAO ANGELO DA FONSECA, N. 327, CASA UH 03, LT 206, QD 07",REGOMOLEIRO,"Casa, 61.10 de área total, 61.10 de área privativa, 95.61 de área do terreno,  2 qto(s), WC, 1 sala(s), 1 lavabo(s), cozinha.",66667.01,116300.0,42.68,Venda Direta Online,,SAO GONCALO DO AMARANTE,RN,Não
8555534788400,"RUA MARIA LUISA DIAS, N. 400, LT 215C QD 19",REGOMOLEIRO,"Casa, 67.37 de área total, 67.37 de área privativa, 143.46 de área do terreno,  2 qto(s), a.serv, WC, 1 sala(s), cozinha, 1 vaga(s) de garagem.",71080.9,124000.0,42.68,Venda Direta Online,,SAO GONCALO DO AMARANTE,RN,Não
8787705795407,"RUA EMBRAER, N. 120, QD 20, LT 452",SANTO ANTONIO DO POTENGI,"Casa, 58.12 de área total, 58.12 de área privativa, 200.00 de área do terreno,  2 qto(s), a.serv, WC, 1 sala(s), cozinha, Terraco, 1 vaga(s) de garagem.",71654.14,125000.0,42.68,Venda Direta Online,,SAO GONCALO DO AMARANTE,RN,Não
8444430061260,"R PASTOR JOAO SOARES DA SILVA, N. 408, UH 1",SANTA TEREZINHA,"Casa, 111.22 de área total, 67.83 de área privativa, 79.03 de área do terreno,  2 qto(s), a.serv, WC, 1 sala(s), cozinha, 1 vaga(s) de garagem.",71654.14,125000.0,42.68,Venda Direta Online,,SAO GONCALO DO AMARANTE,RN,Não
8787700575387,"RUA MARIA LUISA DIAS, N. 332, LT 16A, QD 19",PARQUE DOS IPES,"Casa, 67.37 de área total, 67.37 de área privativa, 101.00 de área do terreno,  2 qto(s), a.serv, WC, 1 sala(s), cozinha, 1 vaga(s) de garagem.",68214.74,119000.0,42.68,Venda Direta Online,,SAO GONCALO DO AMARANTE,RN,Não
8444401779816,"RUA PROJETADA, N. S/N, CS 02 QD B LT 13",LOT MIRANTE DO SOL I,"Casa, 50.44 de área total, 49.84 de área privativa, 102.65 de área do terreno,  2 qto(s), WC, 1 sala(s), cozinha.",54418.27,94000.0,42.11,Venda Direta Online,,SAO GONCALO DO AMARANTE,RN,Não
8444407625810,"AVENIDA OTAVIO AUGUSTO BARBOSA, N. SN, CS 02 LT K QD UNI",JARDINS,"Casa, 0.00 de área total, 55.00 de área privativa, 160.00 de área do terreno,  2 qto(s), WC, 1 sala(s), cozinha.",56155.03,97000.0,42.11,Venda Direta Online,,SAO GONCALO DO AMARANTE,RN,Não
8444409753484,"RUA NOSSA SENHORA DA CONCEICAO, N. SN, CS 01 PARTE LT 17 QD 05",REGOMOLEIRO,"Casa, 56.82 de área total, 56.10 de área privativa, 105.00 de área do terreno,  1 qto(s), a.serv, WC, 1 sala(s), cozinha, 1 vaga(s) de garagem.",54418.27,94000.0,42.11,Venda Direta Online,,SAO GONCALO DO AMARANTE,RN,Não
8444410695328,"RUA ANTONIO ETELVINO DA COSTA, N. SN, CS 1",SANTO ANTONIO DO POTENGI,"Casa, 54.29 de área total, 53.73 de área privativa, 112.50 de área do terreno,  2 qto(s), a.serv, WC, 1 sala(s), cozinha.",49208.01,85000.0,42.11,Venda Direta Online,,SAO GONCALO DO AMARANTE,RN,Não
8444406152404,"RUA CORONEL MARCONDES PINHEIRO, N. S/N, CS 05 LOTES 148 149 150 E 151 QD 09",SANTO ANTONIO,"Casa, 60.23 de área total, 59.93 de área privativa, 100.00 de área do terreno,  2 qto(s), a.serv, WC, 1 sala(s), cozinha, Terraco.",77043.32,133000.0,42.08,Venda Direta Online,,SAO GONCALO DO AMARANTE,RN,Não
8555533343774,"RUA PROJETADA, N. SN, CASA 24 TIPO 1B 2Q 1B LOTE 24 AREA 1",SANTO ANTONIO,"Casa, 53.57 de área total, 53.57 de área privativa, 114.55 de área do terreno,  2 qto(s), varanda, a.serv, WC, 1 sala(s), cozinha.",79360.41,137000.0,42.08,Venda Direta Online,,SAO GONCALO DO AMARANTE,RN,Não
8555535268419,"RUA SÃO SEBASTIÃO, N. 34, CS 34 GLEBA R",LOTEAMENTO BARREIROS,"Casa, 80.74 de área total, 70.95 de área privativa, 115.80 de área do terreno,  2 qto(s), a.serv, WC, 1 sala(s), cozinha, 1 vaga(s) de garagem.",74146.96,128000.0,42.08,Licitação Aberta,,SAO GONCALO DO AMARANTE,RN,Não
8787700398701,"RUA MARIA LUISA DIAS, N. 332, CASA 45 CASA 01 LOTE 216A QUADRA 019",REGOMOLEIRO,"Casa, 67.37 de área total, 67.37 de área privativa, 102.89 de área do terreno,  2 qto(s), WC, 1 sala(s), cozinha, 1 vaga(s) de garagem.",79939.69,138000.0,42.08,Venda Direta Online,,SAO GONCALO DO AMARANTE,RN,Não
8444402596316,"RUA LUIZ BEZERRA DA COSTA, N. SN, CS 07",JARDINS,"Casa, 59.40 de área total, 59.40 de área privativa, 142.86 de área do terreno,  2 qto(s), WC, 1 sala(s), cozinha, 1 vaga(s) de garagem.",76464.05,132000.0,42.08,Venda Direta Online,,SAO GONCALO DO AMARANTE,RN,Não
8444403734186,"RUA JOSE INACIO FERNANDES, N. S/N, LT - 16, QD - 17",JARDINS,"Casa, 60.00 de área total, 60.00 de área privativa, 422.25 de área do terreno,  2 qto(s), WC, 1 sala(s), cozinha, 1 vaga(s) de garagem.",72988.41,126000.0,42.08,Venda Direta Online,,SAO GONCALO DO AMARANTE,RN,Não
8444426873760,"RUA MANOEL PATRICIO DE MEDEIROS, N. 2100, Apto 203, BL 69",JARDINS,"Apartamento, 49.57 de área total, 45.50 de área privativa, 0.00 de área do terreno,  2 qto(s), a.serv, WC, 1 sala(s), cozinha.",77622.6,134000.0,42.08,Licitação Aberta,,SAO GONCALO DO AMARANTE,RN,Não
8555534367308,"RUA CISPLATINA, N. 524, QD 03 LT 15",JARDINS,"Casa, 59.91 de área total, 59.91 de área privativa, 200.00 de área do terreno,  2 qto(s), a.serv, WC, 1 sala(s), cozinha, 1 vaga(s) de garagem.",79939.69,138000.0,42.08,Venda Direta Online,,SAO GONCALO DO AMARANTE,RN,Não
8444434720888,"R FALCON (ANTIGA R PROJETADA), N. 223, QD 23 LT 0545",SANTO ANTONIO DO POTENGI,"Casa, 49.99 de área total, 49.99 de área privativa, 200.00 de área do terreno,  2 qto(s), a.serv, WC, 1 sala(s), cozinha, 1 vaga(s) de garagem.",79070.78,136500.0,42.08,Venda Direta Online,,SAO GONCALO DO AMARANTE,RN,Não
8444411340043,"RUA PASTOR CICERO HIPOLITO DA ROCHA, N. SN, QD 10 LT 004 CS 02",SANTA TEREZINHA,"Casa, 72.46 de área total, 70.56 de área privativa, 166.40 de área do terreno,  1 qto(s), a.serv, WC, 1 sala(s), cozinha, 1 vaga(s) de garagem.",78201.87,135000.0,42.08,Venda Direta Online,,SAO GONCALO DO AMARANTE,RN,Não
8444430210443,"AVENIDA DAS ORQUIDEAS, N. 161, CS 20 LT A QD 24",SANTA TEREZINHA,"Casa, 67.06 de área total, 67.06 de área privativa, 146.70 de área do terreno,  2 qto(s), a.serv, WC, 1 sala(s), cozinha, Terraco.",78201.87,135000.0,42.08,Licitação Aberta,,SAO GONCALO DO AMARANTE,RN,Não
8787702866869,"RUA LAURA MARTINS, N. 26, LT 219 QD 11",PARQUE DOS IPES,"Casa, 68.18 de área total, 68.18 de área privativa, 222.00 de área do terreno,  2 qto(s), a.serv, WC, 1 sala(s), cozinha, Terraco, 1 vaga(s) de garagem.",77622.6,134000.0,42.08,Venda Direta Online,,SAO GONCALO DO AMARANTE,RN,Não
8444406069620,"RUA ANA FRANCISCA DOS ANJOS, N. 133, LT 02 QD 19",GUAJIRU,"Casa, 43.49 de área total, 43.49 de área privativa, 200.00 de área do terreno,  2 qto(s), a.serv, WC, 1 sala(s), cozinha.",46472.85,80000.0,41.91,Venda Direta Online,,SAO GONCALO DO AMARANTE,RN,Não
8787718103070,"RUA FRANCISCO MARCOS DE LIMA, N. 177, QD 09 LT 937",LT JD ARVOREDO,"Casa, 49.95 de área total, 49.95 de área privativa, 200.00 de área do terreno,  2 qto(s), WC, 1 sala(s), cozinha, 1 vaga(s) de garagem.",81379.36,139000.0,41.46,Venda Direta Online,,SAO GONCALO DO AMARANTE,RN,Não
8787719007988,"RUA MANOEL COELHO DE OLIVEIRA, N. 176, LT 2404 QD 24",ZONA EXPANSÃO URBANA,"Casa, 60.02 de área total, 60.02 de área privativa, 200.00 de área do terreno,  2 qto(s), a.serv, WC, 1 sala(s), cozinha, Terraco, 1 vaga(s) de garagem.",86063.06,147000.0,41.46,Licitação Aberta,,SAO GONCALO DO AMARANTE,RN,Não
8555507420651,"RUA DAS ZINEAS, N. SN, LT 10 QD Q31",JARDINS,"Casa, 96.00 de área total, 78.68 de área privativa, 200.00 de área do terreno,  2 qto(s), a.serv, WC, 1 sala(s), cozinha, Terraco, 1 vaga(s) de garagem.",87819.45,150000.0,41.46,Licitação Aberta,,SAO GONCALO DO AMARANTE,RN,Não
8555532265842,"RUA MANOEL PATRICIO DE MEDEIROS, N. 2100, Apto 404, BL 17",JARDINS,"Apartamento, 49.57 de área total, 45.50 de área privativa, 0.00 de área do terreno,  2 qto(s), a.serv, WC, 1 sala(s), cozinha, 1 vaga(s) de garagem.",82550.28,141000.0,41.46,Venda Direta Online,,SAO GONCALO DO AMARANTE,RN,Não
8555535336473,"RUA MANOEL PATRICIO DE MEDEIROS, N. 2100, Apto 201, BLOCO 11 TIPO 1",JARDINS,"Apartamento, 49.57 de área total, 45.50 de área privativa, 0.00 de área do terreno,  2 qto(s), a.serv, WC, 1 sala(s), cozinha, 1 vaga(s) de garagem.",81964.82,140000.0,41.46,Venda Direta Online,,SAO GONCALO DO AMARANTE,RN,Não
8787703572648,"R JOSE MELQUIADES DE MEDEIROS, N. 245, LT 13/15, QD 15",JARDINS,"Casa, 73.69 de área total, 70.67 de área privativa, 154.20 de área do terreno,  2 qto(s), a.serv, WC, 1 sala(s), cozinha, Terraco, 1 vaga(s) de garagem.",83721.21,143000.0,41.46,Venda Direta Online,,SAO GONCALO DO AMARANTE,RN,Não
8444436070538,"R HELSON BENEVOLO XAVIER  (ANTIGA R PROJETADA), N. 1151, QD 08 LT 353",SANTO ANTONIO DO POTENGI,"Casa, 49.99 de área total, 49.99 de área privativa, 200.00 de área do terreno,  2 qto(s), a.serv, WC, 1 sala(s), cozinha, 1 vaga(s) de garagem.",87819.45,150000.0,41.46,Venda Direta Online,,SAO GONCALO DO AMARANTE,RN,Não
8444400731518,"RUA PASTOR CICERO HIPOLITO DA ROCHA, N. SN, CS 02 LT 03 QD 09",SANTA TEREZINHA,"Casa, 66.57 de área total, 65.44 de área privativa, 65.44 de área do terreno,  3 qto(s), a.serv, WC, 1 sala(s), cozinha, 1 vaga(s) de garagem.",84892.14,145000.0,41.46,Venda Direta Online,,SAO GONCALO DO AMARANTE,RN,Não
8787704406598,"RUA JOSE ROSENO PEREIRA, N. 141, LT 272 Q 14",PARQUE DOS IPES,"Casa, 0.00 de área total, 68.18 de área privativa, 211.22 de área do terreno,  2 qto(s), a.serv, WC, 1 sala(s), cozinha, 1 vaga(s) de garagem.",86063.06,147000.0,41.46,Venda Direta Online,,SAO GONCALO DO AMARANTE,RN,Não
8444427434271,"RUA MANOEL RAMALHO DE SOUZA, N. 121, LT 07 E 09 QD 10",JARDINS,"Casa, 114.53 de área total, 68.73 de área privativa, 138.78 de área do terreno,  2 qto(s), a.serv, WC, 1 sala(s), cozinha, 1 vaga(s) de garagem.",94815.14,160000.0,40.75,Venda Direta Online,,SAO GONCALO DO AMARANTE,RN,Não
8787706411050,"RODOVIA BR-101 NORTE, N. 4224, Apto 403, BL 42",JARDINS,"Apartamento, 45.51 de área total, 45.51 de área privativa, 0.00 de área do terreno,  2 qto(s), a.serv, WC, 1 sala(s), cozinha.",102518.87,173000.0,40.75,Venda Direta Online,,SAO GONCALO DO AMARANTE,RN,Não
8787707924450,"RODOVIA BR-101, N. 4224, Apto 404, BL 31",JARDINS,"Apartamento, 45.51 de área total, 45.51 de área privativa, 0.00 de área do terreno,  2 qto(s), a.serv, WC, 1 sala(s), cozinha.",101926.27,172000.0,40.75,Licitação Aberta,,SAO GONCALO DO AMARANTE,RN,Não
8444410788369,"RUA VALDOMIRO TEIXEIRA, N. 205, LT 09, QD 04",GUAJIRU,"Casa, 62.29 de área total, 62.29 de área privativa, 200.00 de área do terreno,  2 qto(s), WC, 1 sala(s), cozinha, Terraco, 1 vaga(s) de garagem.",92444.76,156000.0,40.75,Venda Direta Online,,SAO GONCALO DO AMARANTE,RN,Não
8444419187678,"RUA SEBASTIAO TRAJANO, N. 137, LT 2714 QD 27",OLHO D'AGUA,"Casa, 72.40 de área total, 72.40 de área privativa, 200.00 de área do terreno,  2 qto(s), varanda, a.serv, WC, 1 sala(s), cozinha, 1 vaga(s) de garagem.",96296.62,162500.0,40.75,Licitação Aberta,,SAO GONCALO DO AMARANTE,RN,Não
8787708501161,"RUA FREI DAMIAO, N. 160, CS 27, QD 24",OLHO D'AGUA,"Casa, 59.98 de área total, 59.98 de área privativa, 60.20 de área do terreno, 1 vaga(s) de garagem.",103111.46,174000.0,40.75,Venda Direta Online,,SAO GONCALO DO AMARANTE,RN,Não
8555509234553,"RUA GENERAL LECO, N. 378, QD U LT 27",SANTO ANTONIO DO POTENGI,"Casa, 0.00 de área total, 69.15 de área privativa, 200.00 de área do terreno,  2 qto(s), a.serv, WC, 1 sala(s), cozinha, 1 vaga(s) de garagem.",94815.14,160000.0,40.75,Licitação Aberta,,SAO GONCALO DO AMARANTE,RN,Não
8003300229010,"R HUMAITA, N. 20, CS 20",JARDIM LOLA,"Casa, 58.75 de área total, 58.75 de área privativa, 75.00 de área do terreno,  2 qto(s), WC, 1 sala(s), cozinha, Terraco, 1 vaga(s) de garagem.",61432.9,103000.0,40.36,Venda Direta Online,,SAO GONCALO DO AMARANTE,RN,Não
8444412732336,"RUA JOAO MARTINS, N. 16, Apto 203, LT 01 QD 23",JARDINS,"Apartamento, 52.94 de área total, 48.77 de área privativa, 0.00 de área do terreno,  2 qto(s), WC, 1 sala(s), cozinha.",78254.64,129500.0,39.58,Licitação Aberta,,SAO GONCALO DO AMARANTE,RN,Não
1555514090809,"RUA ESTEVAM MACHADO DE MIRANDA, N. 50, QD 36 LT 06",JARDINS,"Casa, 66.22 de área total, 66.22 de área privativa, 200.00 de área do terreno,  2 qto(s), WC, 1 sala(s), cozinha, Terraco, 1 vaga(s) de garagem.",97581.5,158000.0,38.24,Venda Online,,SAO GONCALO DO AMARANTE,RN,Não
8555530015792,"RUA JOAO ANGELO DA FONSECA, N. 283, LT 200, QD 07, UNIDADE 02",REGOMOLEIRO,"Casa, 0.00 de área total, 61.10 de área privativa, 100.00 de área do terreno,  2 qto(s), a.serv, WC, 1 sala(s), cozinha, 1 vaga(s) de garagem.",83118.18,107000.0,22.32,Venda Direta Online,,SAO GONCALO DO AMARANTE,RN,Não
8555523444462,"RUA JOAO FERREIRA DE MESQUITA, N. 683, CS C LT 383 QD 16",LOT SAO FRANCISCO,"Casa, 111.84 de área total, 52.97 de área privativa, 0.00 de área do terreno,  2 qto(s), a.serv, WC, 1 sala(s), cozinha, Terraco.",127000.0,127000.0,0.0,Leilão SFI - Edital Único,,SAO GONCALO DO AMARANTE,RN,Não
8555519597659,"RUA GERSON GOMES DA NOBREGA, N. 210, CS 02",JARDINS,"Casa, 69.92 de área total, 48.69 de área privativa, 100.00 de área do terreno,  2 qto(s), a.serv, WC, 1 sala(s), cozinha, 1 vaga(s) de garagem.",125000.0,125000.0,0.0,Leilão SFI - Edital Único,,SAO GONCALO DO AMARANTE,RN,Não
8555537571534,"RUA MANOEL PATRICIO DE MEDEIROS, N. 2100, Apto 404, BL 49",JARDINS,"Apartamento, 49.57 de área total, 45.50 de área privativa, 0.00 de área do terreno,  2 qto(s), a.serv, WC, 1 sala(s), cozinha, 1 vaga(s) de garagem.",150000.0,150000.0,0.0,Leilão SFI - Edital Único,,SAO GONCALO DO AMARANTE,RN,Não
8787703786087,"RUA MANOEL PATRICIO DE MEDEIROS, N. 2100, Apto 403, BL 74",JARDINS,"Apartamento, 45.50 de área total, 45.50 de área privativa, 0.00 de área do terreno,  2 qto(s), a.serv, WC, 1 sala(s), cozinha.",118000.0,118000.0,0.0,Leilão SFI - Edital Único,,SAO GONCALO DO AMARANTE,RN,Não
8787704079066,"RUA MANOEL PATRICIO DE MEDEIROS, N. 2100, Apto 303, BL 80",JARDINS,"Apartamento, 45.50 de área total, 45.50 de área privativa, 0.00 de área do terreno,  2 qto(s), a.serv, WC, 1 sala(s), cozinha.",118000.0,118000.0,0.0,Leilão SFI - Edital Único,,SAO GONCALO DO AMARANTE,RN,Não
8275800000780,"RUA NOEMIA SILVA ORANE, N. SN, LT 28 DESMEMB ARUANA",REGOMOLEIRO,"Casa, 61.08 de área total, 61.08 de área privativa, 210.00 de área do terreno,  2 qto(s), WC, 1 sala(s), cozinha.",81000.0,81000.0,0.0,Leilão SFI - Edital Único,,SAO GONCALO DO AMARANTE,RN,Não
8444424747546,"RUA JOAO FERREIRA DE MESQUITA, N. 265, LT 1 QD 8",PARQUE DOS IPES,"Casa, 155.91 de área total, 64.26 de área privativa, 155.90 de área do terreno,  2 qto(s), a.serv, WC, 1 sala(s), cozinha, 1 vaga(s) de garagem.",148000.0,148000.0,0.0,Leilão SFI - Edital Único,,SAO GONCALO DO AMARANTE,RN,Não
8555528500123,"RUA PADRE MOURA, N. SN, CS 04 LT 04 QD 02",PARQUE DOS IPES,"Casa, 0.00 de área total, 45.49 de área privativa, 0.00 de área do terreno,  2 qto(s), WC, 1 sala(s), cozinha.",102000.0,102000.0,0.0,Venda Direta Online,,SAO GONCALO DO AMARANTE,RN,Não
8444407641891,"RUA SEBASTIANA BENEVIDES DE OLIVEIRA, N. SN, CS 07 LT 5A QD 33",JARDINS,"Casa, 59.33 de área total, 59.09 de área privativa, 150.32 de área do terreno,  2 qto(s), WC, 1 sala(s), cozinha, 1 vaga(s) de garagem.",101000.0,99000.0,0.0,Leilão SFI - Edital Único,,SAO GONCALO DO AMARANTE,RN,Não
8787711446931,"RUA VALDOMIRO SOARES DE SOLTO ANTIGA PROJETADA 09, N. 87, CS 33 LT GLEBA 07 QD 34",JARDINS,"Casa, 75.03 de área total, 62.85 de área privativa, 134.00 de área do terreno,  2 qto(s), a.serv, WC, 1 sala(s), cozinha.",126000.0,120000.0,0.0,Leilão SFI - Edital Único,,SAO GONCALO DO AMARANTE,RN,Não
8787700407140,"RUA  FRANCISCO CANINDE DE LIMA, N. 465, CS 1, LT 217A, QD 19",PARQUE DOS IPES,"Casa, 0.00 de área total, 97.68 de área privativa, 143.29 de área do terreno.",128000.0,119000.0,0.0,Leilão SFI - Edital Único,,SAO GONCALO DO AMARANTE,RN,Não
8555514452326,"RUA JOSE FRANCISCO DE OLIVEIRA, N. SN, LT 12 QD 17",GUAJIRU,"Casa, 68.26 de área total, 68.26 de área privativa, 200.00 de área do terreno,  2 qto(s), a.serv, WC, 1 sala(s), cozinha, 1 vaga(s) de garagem.",93000.0,84000.0,0.0,Leilão SFI - Edital Único,,SAO GONCALO DO AMARANTE,RN,Não
8787704803015,"RUA SEBASTIAO RIBEIRO, N. 450, ANTIGA RUA PROJETADA 05",PAU BRASIL,"Casa, 0.00 de área total, 48.53 de área privativa, 200.00 de área do terreno,  2 qto(s), a.serv, WC, 1 sala(s), cozinha, Terraco.",66557.33,139000.0,52.12,Venda Online,,SAO JOSE DE MIPIBU,RN,Não
8787704308685,"SEBASTIAO RIBEIRO, N. 460, LT 12 QD 19",PAU BRASIL,"Casa, 48.53 de área total, 48.53 de área privativa, 200.00 de área do terreno,  2 qto(s), a.serv, WC, 1 sala(s), cozinha, Terraco.",50999.77,105000.0,51.43,Venda Direta Online,,SAO JOSE DE MIPIBU,RN,Não
8444409511782,"RUA JOSE SARAMAGO, N. 45, CS 45, LT 1650, QD L,",TABORDA,"Casa, 72.32 de área total, 72.32 de área privativa, 200.00 de área do terreno,  2 qto(s), varanda, WC, 1 sala(s), cozinha, 1 vaga(s) de garagem.",60935.06,106636.82,42.86,Licitação Aberta,,SAO JOSE DE MIPIBU,RN,Não
8444406904848,"RUA NELSON RODRIGUES, N. 215, CS 215, LT 551, QD L,",TABORDA,"Casa, 62.53 de área total, 62.53 de área privativa, 200.00 de área do terreno,  2 qto(s), WC, 1 sala(s), cozinha, 1 vaga(s) de garagem.",54216.36,93651.23,42.11,Licitação Aberta,,SAO JOSE DE MIPIBU,RN,Não
8555522753224,"RUA LIMA BARRETO, N. 30, CS 29, LT 288, QD F,",TABORDA,"Casa, 226.63 de área total, 63.23 de área privativa, 200.00 de área do terreno,  2 qto(s), a.serv, WC, 1 sala(s), cozinha, 1 vaga(s) de garagem.",81964.82,140000.0,41.46,Licitação Aberta,,SAO JOSE DE MIPIBU,RN,Não
8444410962695,"RUA MARIA IZAURA DE SOUZA, N. 293,",D. JOSE ADEL. DANTAS,"Casa, 72.00 de área total, 66.00 de área privativa, 162.00 de área do terreno,  2 qto(s), a.serv, WC, 1 sala(s), cozinha, 1 vaga(s) de garagem.",71654.14,125000.0,42.68,Venda Direta Online,,SAO VICENTE,RN,Não
8444411375920,"RUA PLANALTO DA BORBOREMA, N. 250, LT 295 QD N",VISTA DA SERRA,"Casa, 68.84 de área total, 68.84 de área privativa, 200.00 de área do terreno,  2 qto(s), a.serv, WC, 1 sala(s), cozinha, 1 vaga(s) de garagem.",56733.94,98000.0,42.11,Venda Direta Online,,SERRA CAIADA,RN,Não
8444408862824,"RUA ACESSO 01, N. 15,",CONJ HAB CIDADE ALTA,"Casa, 74.87 de área total, 58.90 de área privativa, 200.00 de área do terreno,  2 qto(s), a.serv, WC, 1 sala(s), cozinha, Terraco.",53839.36,93000.0,42.11,Venda Direta Online,,TAIPU,RN,Não
8444411731212,"R PROJETADA, N. 16, PREDIO RESIDENCIAL, VG SN",CENTRO,"Casa, 98.00 de área total, 98.00 de área privativa, 195.00 de área do terreno,  2 qto(s), a.serv, WC, 1 sala(s), cozinha, 1 vaga(s) de garagem.",51816.11,107000.0,51.58,Venda Online,,TANGARA,RN,Não
8080600114459,"RUA DOS CANÁRIOS, N. 25,",CENTRO,"Casa, 70.00 de área total, 70.00 de área privativa, 150.00 de área do terreno,  3 qto(s), a.serv, WC, 1 sala(s), cozinha, 1 vaga(s) de garagem.",42571.59,84000.0,49.32,Venda Direta Online,,TANGARA,RN,Não
8444405718080,"R PEDRO VICENTE DE BRITO, N. 18,",CENTRO,"Casa, 48.00 de área total, 48.00 de área privativa, 160.00 de área do terreno,  2 qto(s), WC, 1 sala(s), cozinha.",46892.34,90000.0,47.9,Venda Online,,TANGARA,RN,Não
8444402039794,"RUA NOSSA SENHORA APARECIDA, N. 100, Apto 0, QD 02 LT 67 LOTEAMENTO CAMPO DA PAZ",CENTRO,"Casa, 0.00 de área total, 63.22 de área privativa, 160.00 de área do terreno,  2 qto(s), WC, 1 sala(s), cozinha, 1 vaga(s) de garagem.",30799.42,57000.0,45.97,Venda Direta Online,,TANGARA,RN,Não
8444409505103,"RUA LUIS SEVERINO DE PONTES, N. 116,",CENTRO,"Casa, 78.10 de área total, 78.10 de área privativa, 156.00 de área do terreno,  2 qto(s), a.serv, WC, 1 sala(s), cozinha, 1 vaga(s) de garagem.",59999.74,105000.0,42.86,Licitação Aberta,,TANGARA,RN,Não
8444406540439,"RUA PEDRO VICENTE DE BRITO, N. 06,",Bosque das Palmeiras,"Casa, 48.00 de área total, 48.00 de área privativa, 160.00 de área do terreno,  2 qto(s), a.serv, WC, 1 sala(s), cozinha, Terraco, 1 vaga(s) de garagem.",49208.01,85000.0,42.11,Venda Direta Online,,TANGARA,RN,Não
8444407590014,"RUA LUIZ SEVERINO DE PONTES, N. 154,",CENTRO,"Casa, 64.64 de área total, 64.64 de área privativa, 196.78 de área do terreno,  2 qto(s), a.serv, WC, 1 sala(s), cozinha, 1 vaga(s) de garagem.",53549.9,92500.0,42.11,Venda Direta Online,,TANGARA,RN,Não
8444409034836,"RUA PAU PEREIRO, N. 222, TERRENO, LT 222 QD I",CENTRO,"Prédio, 59.13 de área total, 59.13 de área privativa, 200.00 de área do terreno,  2 qto(s), WC, 1 sala(s), cozinha.",56097.13,96900.0,42.11,Venda Direta Online,,TANGARA,RN,Não
8444409378632,"R JOSÉ WALTER GOMES  (ANT R PREFEITO ANTONIO LULA, N. SN, QD 01 LT 01",CENTRO,"Casa, 55.00 de área total, 59.13 de área privativa, 125.20 de área do terreno,  2 qto(s), a.serv, WC, 1 sala(s), cozinha, 1 vaga(s) de garagem.",50924.8,87965.51,42.11,Venda Direta Online,,TANGARA,RN,Não
8444402939779,"RUA CATANDUBA, N. 03,",CENTRO,"Casa, 76.80 de área total, 76.80 de área privativa, 129.15 de área do terreno,  2 qto(s), WC, 1 sala(s), cozinha, 1 vaga(s) de garagem.",120500.0,120500.0,0.0,Leilão SFI - Edital Único,,TANGARA,RN,Não
8444408912910,"RUA PREFEITO ANTONIO LULA, N. 10, QD 05 LT 10 - PQ ALVIORADA I",CENTRO,"Casa, 0.00 de área total, 59.13 de área privativa, 170.62 de área do terreno,  2 qto(s), WC, 1 sala(s), cozinha, Terraco.",100000.0,100000.0,0.0,Leilão SFI - Edital Único,,TANGARA,RN,Não
8444430863625,"RUA JUSTINO FRANCELINO, N. 107,",CENTRO,"Casa, 77.94 de área total, 77.94 de área privativa, 112.50 de área do terreno,  2 qto(s), a.serv, WC, 1 sala(s), cozinha.",52455.68,107000.0,50.98,Venda Direta Online,,TENENTE LAURENTINO CRUZ,RN,Não
8444401039502,"RUA FRANCISCO DEMETRIO, N. 78,",CENTRO,"Casa, 83.25 de área total, 83.25 de área privativa, 112.00 de área do terreno,  3 qto(s), a.serv, WC, 2 sala(s), cozinha.",64649.29,130000.0,50.27,Venda Direta Online,,TENENTE LAURENTINO CRUZ,RN,Não
8444406458848,"R MENDES OLIVEIRA, N. 012,",CENTRO,"Casa, 63.00 de área total, 63.00 de área privativa, 130.00 de área do terreno,  3 qto(s), a.serv, WC, 1 sala(s), cozinha.",52102.6,90000.0,42.11,Venda Direta Online,,TIBAU,RN,Não
1444420760396,"RUA PRAIA DE GENIPABU, N. 15, LT 83 QD G",LOT PRAIA DO FAROL,"Casa, 0.00 de área total, 326.67 de área privativa, 778.88 de área do terreno,  4 qto(s), a.serv, WC, 1 sala(s), cozinha, Terraco, 1 vaga(s) de garagem.",384677.55,800000.0,51.92,Venda Direta Online,,TOUROS,RN,Não
8444406400181,"RUA PALMIRA FREIRE DE CARVALHO, N. 50,",CENTRO,"Casa, 56.99 de área total, 56.99 de área privativa, 160.00 de área do terreno,  2 qto(s), WC, 1 sala(s), cozinha.",52102.6,100000.0,47.9,Venda Online,,TRIUNFO POTIGUAR,RN,Não
8444406818240,"RUA FRANCISCO FIRMINO DE ALMEIDA, N. 404, GLEBA 07",CENTRO,"Casa, 70.00 de área total, 70.00 de área privativa, 200.00 de área do terreno,  2 qto(s), a.serv, WC, 1 sala(s), cozinha, Terraco, 1 vaga(s) de garagem.",54997.19,100000.0,45.01,Venda Direta Online,,TRIUNFO POTIGUAR,RN,Não
