link,endereco,bairro,descricao,preco,avaliacao,desconto,modalidade,foto,cidade,estado,financiamento
8444429810904,"RUA UM, N. S/N, LT 11A QD P",POEIRÃO,"Casa, 71.68 de área total, 71.68 de área privativa, 200.00 de área do terreno,  2 qto(s), varanda, a.serv, WC, 2 sala(s), cozinha.",72743.78,142000.0,48.78,Venda Online,,AGUA BRANCA,PI,Não
8444401399665,"RUA JONAS FERNANDES LIMA, N. 376,",NOVA BRASILIA,"Casa, 59.86 de área total, 59.86 de área privativa, 180.00 de área do terreno,  2 qto(s), a.serv, WC, 1 sala(s), cozinha.",30208.1,57779.22,47.72,Venda Direta Online,,AGUA BRANCA,PI,Não
8444409733270,"RUA PROJETADA OITO, N. SN, LT 01 QD A1",POEIRÃO,"Casa, 0.00 de área total, 76.40 de área privativa, 300.00 de área do terreno,  2 qto(s), WC, 1 sala(s), cozinha, 1 vaga(s) de garagem.",54828.33,101000.0,45.72,Venda Direta Online,,AGUA BRANCA,PI,Não
8444414362595,"AV JOAO FERREIRA, N. SN, LT 08 QD 12",TINGUIS,"Casa, 0.00 de área total, 73.50 de área privativa, 360.00 de área do terreno,  2 qto(s), a.serv, WC, 1 sala(s), cozinha.",55031.43,101374.14,45.72,Venda Direta Online,,AGUA BRANCA,PI,Não
8444410879631,"R DEZ, N. SN, QD Q LT 14",POEIRÃO,"Casa, 0.00 de área total, 69.32 de área privativa, 200.00 de área do terreno,  2 qto(s), a.serv, WC, 1 sala(s), cozinha.",61871.79,113615.58,45.55,Venda Direta Online,,AGUA BRANCA,PI,Não
10267664,"RUA JESIMON HENRIQUE DE CARVALHO, N. 00, QD 01, LT 04",BULUNGÃO,"Casa, 0.00 de área total, 123.97 de área privativa, 300.00 de área do terreno.",84062.1,153000.0,45.06,Venda Direta Online,,AGUA BRANCA,PI,Sim
8444409561755,"LUIZA DE PAIVA VASCONCELOS, N. SN, LT17 QD 15 -LOT SAMBAIBA DOS VASCONCEL",TINGUIS,"Casa, 49.28 de área total, 49.28 de área privativa, 140.25 de área do terreno,  2 qto(s), a.serv, WC, 1 sala(s), cozinha.",47102.39,85645.09,45.01,Venda Direta Online,,AGUA BRANCA,PI,Não
8444411261941,"AV MARIA DE SOUSA, N. SN, LT 06 QD D",SÃO LUIS,"Casa, 0.00 de área total, 61.20 de área privativa, 300.00 de área do terreno,  2 qto(s), a.serv, WC, 1 sala(s), cozinha.",54862.99,99756.0,45.01,Venda Direta Online,,AGUA BRANCA,PI,Não
8444412509165,"RUA TRÊS, N. SN, LT 05 QD B1",POEIRÃO,"Terreno, 0.00 de área total, 0.00 de área privativa, 285.00 de área do terreno.",71540.22,130000.0,44.97,Venda Direta Online,,AGUA BRANCA,PI,Não
8444417071230,"RUA OITO, N. S/N, LT 121",POEIRÃO,"Casa, 63.00 de área total, 63.00 de área privativa, 180.00 de área do terreno,  2 qto(s), a.serv, WC, 1 sala(s), cozinha, Terraco.",47810.0,84702.7,43.56,Venda Direta Online,,AGUA BRANCA,PI,Não
8444413087060,"RUA  NOVE, N. SN, LT 08 QD B1",POEIRÃO,"Casa, 78.40 de área total, 78.40 de área privativa, 200.00 de área do terreno,  3 qto(s), a.serv, WC, 1 sala(s), cozinha, Terraco.",79513.15,139294.79,42.92,Venda Direta Online,,AGUA BRANCA,PI,Não
8444414363230,"RUA 12, N. SN, LT 12 QD Q",ALTO DO AÇUDE,"Casa, 0.00 de área total, 60.84 de área privativa, 200.00 de área do terreno,  2 qto(s), WC, 1 sala(s), cozinha.",85990.59,150642.27,42.92,Venda Direta Online,,AGUA BRANCA,PI,Não
8444404499369,"RUA SÃO CRISTÓVÃO, N. S/N, M08LOT. JOÃO MECEDO",ZECA MACEDO,"Casa, 94.87 de área total, 53.90 de área privativa, 300.00 de área do terreno,  2 qto(s), a.serv, WC, 1 sala(s), cozinha.",62977.98,110211.95,42.86,Venda Direta Online,,AGUA BRANCA,PI,Não
8444407092251,"RUA 08, N. SN, SN, G05",POEIRÃO,"Casa, 69.86 de área total, 69.86 de área privativa, 300.00 de área do terreno,  2 qto(s), a.serv, WC, 2 sala(s), cozinha, Terraco, 1 vaga(s) de garagem.",58856.89,103000.0,42.86,Venda Direta Online,,AGUA BRANCA,PI,Não
8444414176457,"RUA DEPUTADO GOMES CALADO, N. 10, LT 10 QD W",COMPASA,"Casa, 63.00 de área total, 63.00 de área privativa, 180.00 de área do terreno,  2 qto(s), a.serv, WC, 1 sala(s), cozinha.",62856.87,110000.0,42.86,Venda Direta Online,,AGUA BRANCA,PI,Não
8444417521791,"AVENIDA MARIA DE SOUSA, N. 25, LOTE 25, QUADRA C",SÃO LUIS,"Casa, 62.22 de área total, 62.22 de área privativa, 300.00 de área do terreno,  2 qto(s), a.serv, WC, 1 sala(s), cozinha.",59515.11,104151.89,42.86,Venda Direta Online,,AGUA BRANCA,PI,Não
8555527845003,"RUA VITA DIAS, N. SN, QD K LT 8",LOTEAMENTO SOARES 3,"Casa, 80.00 de área total, 80.00 de área privativa, 202.30 de área do terreno,  2 qto(s), a.serv, WC, 1 sala(s), cozinha.",61714.02,108000.0,42.86,Venda Direta Online,,AGUA BRANCA,PI,Não
8444400974640,"RUA SANTA EDVIRGES, N. 175, QUADRA O 14 RUA 02",CENTRO,"Casa, 56.00 de área total, 56.00 de área privativa, 300.00 de área do terreno,  2 qto(s), varanda, a.serv, WC, 1 sala(s), cozinha.",61714.02,108000.0,42.86,Licitação Aberta,,AGUA BRANCA,PI,Não
8555530349682,"RUA SÃO JOÃO INÁCIO MONTEIRO, N. SN, LT 10 QD I",CENTRO,"Casa, 70.00 de área total, 70.00 de área privativa, 202.40 de área do terreno,  2 qto(s), varanda, a.serv, WC, 1 sala(s), cozinha, Terraco.",62856.87,110000.0,42.86,Venda Direta Online,,AGUA BRANCA,PI,Não
8444417936096,"RUA SÃO LUIS (SÃO GERALDO), N. 203,",SÃO LUIS,"Casa, 67.53 de área total, 67.53 de área privativa, 351.75 de área do terreno,  2 qto(s), a.serv, WC, 1 sala(s), cozinha.",69934.44,122000.0,42.68,Venda Direta Online,,AGUA BRANCA,PI,Não
1555534965665,"RUA NOVE, N. SN, LT 10 QD R",POEIRÃO,"Casa, 125.42 de área total, 125.42 de área privativa, 300.00 de área do terreno,  3 qto(s), a.serv, WC, 1 sala(s), cozinha, Terraco, 1 vaga(s) de garagem.",74575.24,129906.47,42.6,Venda Direta Online,,AGUA BRANCA,PI,Não
8444421475626,"RUA SEIS, N. SN, LT 07 QD X",ALTO DO AÇUDE,"Casa, 65.74 de área total, 65.74 de área privativa, 190.00 de área do terreno,  2 qto(s), WC, 1 sala(s), cozinha.",102844.79,178000.0,42.23,Venda Direta Online,,AGUA BRANCA,PI,Não
8444410604195,"RUA 8, N. SN, LT 42",POEIRÃO,"Casa, 62.32 de área total, 62.32 de área privativa, 300.00 de área do terreno,  2 qto(s), a.serv, WC, 1 sala(s), cozinha.",55665.71,96154.77,42.11,Venda Direta Online,,AGUA BRANCA,PI,Não
8444410961788,"RUA LAURINDO COSTA, N. SN, QD D LT 04",LOT. JOAO MACEDO,"Casa, 69.86 de área total, 69.86 de área privativa, 300.00 de área do terreno,  1 qto(s), WC, 2 sala(s), cozinha, 1 vaga(s) de garagem.",57891.78,100000.0,42.11,Venda Direta Online,,AGUA BRANCA,PI,Não
8444412068762,"RUA NOVE, N. SN, LT 06, QD B1, LOT SERRAGEM",POEIRÃO,"Casa, 62.70 de área total, 62.70 de área privativa, 200.00 de área do terreno,  2 qto(s), a.serv, WC, 1 sala(s), cozinha, Terraco.",53132.99,91779.85,42.11,Venda Online,,AGUA BRANCA,PI,Não
8555519132583,"RUA SAO CRISTOVAO, N. SN, LT 01, QD N,",ZECA MACEDO,"Casa, 53.90 de área total, 53.90 de área privativa, 300.00 de área do terreno,  2 qto(s), varanda, a.serv, WC, 1 sala(s), cozinha.",57312.86,99000.0,42.11,Licitação Aberta,,AGUA BRANCA,PI,Não
8444403285160,"RUA PROJETADA 11, N. 112,",POEIRÃO,"Casa, 62.31 de área total, 62.31 de área privativa, 300.00 de área do terreno,  2 qto(s), a.serv, WC, 1 sala(s), cozinha, Terraco.",72472.01,125108.53,42.08,Venda Direta Online,,AGUA BRANCA,PI,Não
8444429263130,"RUA JOAO PEDRO, N. 30,",COMPASA,"Casa, 68.85 de área total, 68.85 de área privativa, 180.00 de área do terreno,  3 qto(s), a.serv, WC, 1 sala(s), cozinha, 1 vaga(s) de garagem.",78201.87,135000.0,42.08,Venda Direta Online,,AGUA BRANCA,PI,Não
8555527731342,"RUA SOCORRO EVARISTO, N. SN, QD K - LOTE 12",LOTEAMENTO SOARES 3,"Casa, 0.00 de área total, 105.00 de área privativa, 202.30 de área do terreno.",74146.96,128000.0,42.08,Venda Direta Online,,AGUA BRANCA,PI,Não
8444411994124,"AVENIDA NECO TEIXEIRA, N. 1355,",SÃO LUIS,"Casa, 65.20 de área total, 65.20 de área privativa, 345.00 de área do terreno,  2 qto(s), WC, 1 sala(s), cozinha.",48642.79,83735.42,41.91,Venda Direta Online,,AGUA BRANCA,PI,Não
8444417071796,"RUA NOVE, N. SN, QD Q LT 06",POEIRÃO,"Casa, 65.00 de área total, 65.00 de área privativa, 322.00 de área do terreno,  2 qto(s), a.serv, WC, 1 sala(s), cozinha, 1 vaga(s) de garagem.",35658.66,61384.08,41.91,Venda Direta Online,,AGUA BRANCA,PI,Não
8444411960904,"RUA NOVE, N. SN, QD B1 LT 11",POEIRÃO,"Casa, 73.14 de área total, 73.14 de área privativa, 175.00 de área do terreno,  2 qto(s), WC, 1 sala(s), cozinha, 1 vaga(s) de garagem.",87819.45,150000.0,41.46,Venda Direta Online,,AGUA BRANCA,PI,Não
8555509563794,"RUA SAO CRISTOVAO, N. SN, QUADRA N LOTE 16",JOAO MACEDO,"Terreno, 0.00 de área total, 0.00 de área privativa, 300.00 de área do terreno.",90409.79,154424.43,41.46,Licitação Aberta,,AGUA BRANCA,PI,Não
8444402386338,"RUA PROJETADA, N. SN, QD 01 LOTE 05",BULUNGÃO,"Casa, 93.70 de área total, 93.70 de área privativa, 150.00 de área do terreno,  2 qto(s), a.serv, WC, 2 sala(s), cozinha, 1 vaga(s) de garagem.",58882.94,100000.0,41.12,Venda Direta Online,,AGUA BRANCA,PI,Não
8444428192727,"AVENIDA MARIA DE SOUSA, N. SN, QD D LT 16",SÃO LUIS,"Casa, 78.00 de área total, 78.00 de área privativa, 300.00 de área do terreno,  3 qto(s), varanda, a.serv, WC, 1 sala(s), cozinha.",94815.14,160000.0,40.75,Venda Direta Online,,AGUA BRANCA,PI,Não
8555512135633,"RUA SÃO JOAO, N. SN, QD B LT 02",LOT. JOAO MACEDO,"Casa, 53.90 de área total, 53.90 de área privativa, 300.00 de área do terreno,  2 qto(s), varanda, WC, 1 sala(s), cozinha.",103111.46,174000.0,40.75,Venda Direta Online,,AGUA BRANCA,PI,Não
1444413764950,"RUA DAS ESTRELAS, N. 35,",MORADA DO SOL,"Casa, 78.80 de área total, 78.80 de área privativa, 200.00 de área do terreno,  2 qto(s), a.serv, WC, 2 sala(s), cozinha, 1 vaga(s) de garagem.",72805.55,121698.98,40.18,Licitação Aberta,,AGUA BRANCA,PI,Não
8444409999599,"RUA MIGUEL ROSA, N. 195, CS 195, LT 80, QUARTEIRAO 02,",AGUA BRANCA,"Casa, 78.68 de área total, 78.68 de área privativa, 300.00 de área do terreno,  2 qto(s), a.serv, WC, 1 sala(s), cozinha, Terraco, 1 vaga(s) de garagem.",68574.94,114627.25,40.18,Venda Direta Online,,AGUA BRANCA,PI,Não
8444420852965,"RUA SANTA RITA DE CASSIA, N. SN, QD E-1 LOT19",COMPASA,"Casa, 65.00 de área total, 65.00 de área privativa, 300.00 de área do terreno,  2 qto(s), a.serv, WC, 1 sala(s), cozinha, Terraco.",60392.76,100000.0,39.61,Licitação Aberta,,AGUA BRANCA,PI,Não
8555522937422,"RUA CLEBER SOARES, N. SN, LT 08 QD D",SAMBAIBA,"Casa, 54.65 de área total, 54.65 de área privativa, 300.00 de área do terreno,  2 qto(s), a.serv, WC, 1 sala(s), cozinha, 1 vaga(s) de garagem.",53749.56,89000.0,39.61,Venda Direta Online,,AGUA BRANCA,PI,Não
8444403675570,"RUA LAURINDO COSTA, N. SN, QD S LT 03",COMPASA,"Casa, 56.00 de área total, 56.00 de área privativa, 170.00 de área do terreno,  2 qto(s), a.serv, WC, 1 sala(s), cozinha.",86000.0,86000.0,0.0,Leilão SFI - Edital Único,,AGUA BRANCA,PI,Não
8444406800465,"RUA ANA PATURI, N. 105, .",SAO JOSE,"Casa, 0.00 de área total, 60.00 de área privativa, 168.00 de área do terreno,  2 qto(s), a.serv, WC, 1 sala(s), cozinha, 1 vaga(s) de garagem.",21658.11,82000.0,73.59,Venda Direta Online,,ALAGOINHA DO PIAUI,PI,Não
8444417633506,"RUA PROJETADA 01, N. 25,  QD 05, LT 1A",LOTEAMENTO ROCINHA,"Casa, 0.00 de área total, 59.40 de área privativa, 156.40 de área do terreno,  2 qto(s), WC, 1 sala(s), cozinha.",26857.46,100944.54,73.4,Venda Direta Online,,ALAGOINHA DO PIAUI,PI,Não
8444403933502,"AV JOAO GABRIEL DE BRITO, N. 726, QD B LT 1B",LOT VAQUEJADA,"Casa, 0.00 de área total, 92.50 de área privativa, 100.00 de área do terreno,  2 qto(s), WC, 1 sala(s), cozinha.",33729.41,100800.0,66.54,Venda Direta Online,,ALAGOINHA DO PIAUI,PI,Não
8444406985929,"RUA RUA SERGIO FIALHO, N. 180",CENTRO,"Casa, 70.00 de área total, 70.00 de área privativa, 150.00 de área do terreno,  2 qto(s), WC, 1 sala(s), cozinha.",45188.76,104024.57,56.56,Venda Direta Online,,ALAGOINHA DO PIAUI,PI,Não
8444410428133,"RUA JOSE CLEMENTINO, N. 70,",CENTRO,"Casa, 0.00 de área total, 70.00 de área privativa, 203.00 de área do terreno,  2 qto(s), a.serv, WC, 2 sala(s), cozinha.",40200.36,91000.0,55.83,Venda Direta Online,,ALAGOINHA DO PIAUI,PI,Não
8444412319765,"TRAVESSA JOSÉ PEDRO DE BRITO, N. 33,",CENTRO,"Casa, 0.00 de área total, 70.00 de área privativa, 160.00 de área do terreno,  2 qto(s), a.serv, WC, 1 sala(s), cozinha.",40200.36,91000.0,55.83,Venda Direta Online,,ALAGOINHA DO PIAUI,PI,Não
8444412897939,"RUA VALENTIM ROCHA, N. 207, LT 18",CENTRO,"Casa, 0.00 de área total, 70.00 de área privativa, 160.00 de área do terreno,  2 qto(s), WC, 1 sala(s), cozinha.",34581.8,78000.0,55.67,Venda Direta Online,,ALAGOINHA DO PIAUI,PI,Não
8444412619254,"RUA VALENTIM ROCHA, N. 202, LT 17",ZONA SUDOESTE,"Casa, 0.00 de área total, 70.00 de área privativa, 160.00 de área do terreno,  2 qto(s), a.serv, WC, 1 sala(s), cozinha.",43651.63,93000.0,53.07,Venda Direta Online,,ALAGOINHA DO PIAUI,PI,Não
8555513041721,"RUA VICENTE GOMES, N. 45,",CENTRO,"Casa, 60.00 de área total, 60.00 de área privativa, 150.00 de área do terreno,  2 qto(s), a.serv, WC, 1 sala(s).",33778.68,65585.57,48.5,Venda Direta Online,,ALAGOINHA DO PIAUI,PI,Não
8444416457348,"RUA VICENTE GOMES, N. 25, CASA",CENTRO,"Casa, 0.00 de área total, 81.67 de área privativa, 150.00 de área do terreno,  2 qto(s), WC, 1 sala(s), cozinha, 1 vaga(s) de garagem.",63428.3,111000.0,42.86,Venda Direta Online,,ALAGOINHA DO PIAUI,PI,Não
8444414662599,"RUA I, N. 87, .",BACURIZEIRO,"Casa, 0.00 de área total, 58.50 de área privativa, 180.00 de área do terreno,  2 qto(s), WC, 1 sala(s), sacada, cozinha.",29142.04,146000.0,80.04,Venda Online,,ALTOS,PI,Não
8444424311918,"RUA XV, N. 44, LT 04 QD P",BAIRRO SAO SEBASTIAO,"Casa, 0.00 de área total, 62.00 de área privativa, 250.00 de área do terreno,  2 qto(s), varanda, a.serv, WC, 1 sala(s), cozinha, 1 vaga(s) de garagem.",41180.16,139000.0,70.38,Venda Direta Online,,ALTOS,PI,Não
8444426999011,"RUA COLORADO, N. 595, .",STA INES,"Casa, 0.00 de área total, 52.84 de área privativa, 231.25 de área do terreno,  2 qto(s), a.serv, WC, 1 sala(s), cozinha, 1 vaga(s) de garagem.",43855.99,142708.67,69.27,Venda Online,,ALTOS,PI,Não
8444426509502,"RUA PROJETADA 02, N. 66, CS 66",CENTRO,"Casa, 0.00 de área total, 50.14 de área privativa, 280.00 de área do terreno,  2 qto(s), varanda, a.serv, WC, 1 sala(s), cozinha.",31034.95,89396.97,65.29,Venda Online,,ALTOS,PI,Não
8444417906820,"RUA DIADEMA, N. 1006,",BACURIZEIRO,"Casa, 0.00 de área total, 51.00 de área privativa, 248.00 de área do terreno,  2 qto(s), a.serv, WC, 1 sala(s), cozinha, Terraco, 1 vaga(s) de garagem.",33886.13,94408.26,64.11,Venda Direta Online,,ALTOS,PI,Não
8444426209983,"RUA II, N. 80,",BOCA DE BARRO,"Casa, 0.00 de área total, 50.89 de área privativa, 200.00 de área do terreno,  2 qto(s), varanda, a.serv, WC, 1 sala(s), cozinha.",51517.22,141847.97,63.69,Venda Direta Online,,ALTOS,PI,Não
8444430624140,"RUA PROJETADA 2, N. 116,",BAIRRO CIANA,"Casa, 0.00 de área total, 52.21 de área privativa, 214.90 de área do terreno,  2 qto(s), varanda, a.serv, WC, 1 sala(s), cozinha.",50446.56,138900.0,63.69,Venda Direta Online,,ALTOS,PI,Não
8444428857796,"RUA 07, N. 85, QD  D, LT 37",CENTRO,"Casa, 0.00 de área total, 62.64 de área privativa, 200.00 de área do terreno,  2 qto(s), varanda, a.serv, WC, 1 sala(s), cozinha.",54405.29,149800.0,63.69,Venda Direta Online,,ALTOS,PI,Não
8444425337023,"RUA 01, N. 45, LT 30",CENTRO,"Casa, 0.00 de área total, 62.00 de área privativa, 200.00 de área do terreno,  2 qto(s), varanda, WC, 1 sala(s), cozinha, Terraco.",50170.36,135412.22,62.95,Venda Direta Online,,ALTOS,PI,Não
8444426307365,"RUA EPITÁCIO PESSOA, N. 2256, QD A-4, LOT RES SAO LUIS, BAIRRO STA I",BAIRRO SANTA INES,"Casa, 0.00 de área total, 57.65 de área privativa, 385.00 de área do terreno,  2 qto(s), a.serv, WC, 1 sala(s), cozinha, Terraco.",41385.08,111228.41,62.8,Venda Online,,ALTOS,PI,Não
8555532770610,"RUA XIII, N. 396, LT 14, QDB",CENTRO,"Casa, 54.00 de área total, 54.00 de área privativa, 278.75 de área do terreno,  2 qto(s), WC, 1 sala(s), cozinha, Terraco.",40798.86,107000.0,61.88,Venda Direta Online,,ALTOS,PI,Não
8444409248100,"RUA PROJETADA 10, N. 22,",DNER,"Casa, 0.00 de área total, 55.47 de área privativa, 150.00 de área do terreno,  2 qto(s), WC, 1 sala(s), cozinha, 1 vaga(s) de garagem.",46423.97,121350.0,61.75,Venda Direta Online,,ALTOS,PI,Não
8444419061399,"RUA II, N. 317,",SANTA LUZ,"Casa, 0.00 de área total, 69.87 de área privativa, 250.00 de área do terreno,  2 qto(s), a.serv, WC, 1 sala(s), cozinha, Terraco, 1 vaga(s) de garagem.",45907.51,120000.0,61.75,Venda Online,,ALTOS,PI,Não
8444426407840,"RUA IV, N. 60, ZONA URBANA",BOCA DE BARRO,"Casa, 0.00 de área total, 58.94 de área privativa, 200.00 de área do terreno,  2 qto(s), a.serv, WC, 1 sala(s), cozinha, Terraco, 1 vaga(s) de garagem.",45907.51,120000.0,61.75,Venda Direta Online,,ALTOS,PI,Não
8444426568339,"RUA III, N. 130, LT 14 QD F",BAIXAO DOS PAIVAS,"Casa, 0.00 de área total, 56.43 de área privativa, 200.00 de área do terreno,  2 qto(s), varanda, a.serv, WC, 1 sala(s), cozinha, 1 vaga(s) de garagem.",45907.51,120000.0,61.75,Venda Online,,ALTOS,PI,Não
8444408328020,"RUA SANTO ANDRÉ, N. 349,",CIANA,"Casa, 0.00 de área total, 53.00 de área privativa, 200.00 de área do terreno,  2 qto(s), a.serv, WC, 1 sala(s), cozinha, 1 vaga(s) de garagem.",34788.77,90000.0,61.35,Venda Direta Online,,ALTOS,PI,Não
8444416173951,"RUA VEREADOR JOÃO VITORINO DE ASSUNÇÃO, N. 300, LT 10, QD R",SÃO SEBASTIÃO,"Casa, 0.00 de área total, 53.20 de área privativa, 300.00 de área do terreno,  2 qto(s), a.serv, WC, 1 sala(s), cozinha, Terraco, 1 vaga(s) de garagem.",35325.3,91388.01,61.35,Venda Direta Online,,ALTOS,PI,Não
8444416412980,"RUA PROJETADA 11, N. 35, BAIRRO BOCA DE BARRO",BAIRRO BOCA DE BARRO,"Casa, 0.00 de área total, 53.65 de área privativa, 200.00 de área do terreno,  2 qto(s), a.serv, WC, 1 sala(s), cozinha, Terraco, 1 vaga(s) de garagem.",36291.45,93887.5,61.35,Venda Direta Online,,ALTOS,PI,Não
8444417216557,"RUA PROJETADA, N. 81,",TRANQUEIRA,"Casa, 0.00 de área total, 54.15 de área privativa, 273.21 de área do terreno,  2 qto(s), WC, 1 sala(s), cozinha.",33629.14,87000.0,61.35,Venda Direta Online,,ALTOS,PI,Não
8444418361879,"RUA II, N. 375, LT 22 QD G",BAIRRO SANTA LUZ,"Casa, 0.00 de área total, 49.68 de área privativa, 200.00 de área do terreno,  2 qto(s), a.serv, WC, 1 sala(s), cozinha, Terraco.",37881.1,98000.0,61.35,Venda Direta Online,,ALTOS,PI,Não
8444417718200,"RUA DO VALE, N. 208,",CENTRO,"Casa, 0.00 de área total, 45.06 de área privativa, 278.40 de área do terreno,  2 qto(s), varanda, a.serv, WC, 1 sala(s), cozinha, 1 vaga(s) de garagem.",28319.39,73000.0,61.21,Venda Direta Online,,ALTOS,PI,Não
8555535734886,"I, N. 230, BLOCO 8  QUADRA B",BAIRRO SANTA LUZ,"Casa, 0.00 de área total, 45.20 de área privativa, 200.00 de área do terreno,  2 qto(s), a.serv, WC, 1 sala(s), cozinha, 1 vaga(s) de garagem.",41957.68,108000.0,61.16,Venda Direta Online,,ALTOS,PI,Não
8444408316056,"RUA PROJETADA 02, N. 67",BOA FE,"Casa, 0.00 de área total, 68.49 de área privativa, 200.00 de área do terreno,  3 qto(s), a.serv, WC, 1 sala(s), cozinha, Terraco.",47988.68,118000.0,59.34,Venda Online,,ALTOS,PI,Não
8444410675416,"RUA PROJETADA II, N. 55,",CENTRO,"Casa, 63.85 de área total, 63.85 de área privativa, 300.00 de área do terreno,  2 qto(s), varanda, WC, 1 sala(s), cozinha, 1 vaga(s) de garagem.",54348.39,133207.57,59.21,Venda Direta Online,,ALTOS,PI,Não
8444412766710,"RUA SÃO PEDRO, N. 1132,",BAIRRO TRANQUEIRA,"Casa, 0.00 de área total, 64.96 de área privativa, 200.00 de área do terreno,  2 qto(s), WC, 1 sala(s), cozinha, 1 vaga(s) de garagem.",50826.18,124000.0,59.02,Venda Direta Online,,ALTOS,PI,Não
8555536854451,"RUA I LOT JARD CIDADE RESID, N. 231, LT 25, QD E",SANTA LUZ,"Casa, 0.00 de área total, 45.20 de área privativa, 200.00 de área do terreno,  2 qto(s), a.serv, WC, 1 sala(s), cozinha.",49186.62,120000.0,59.02,Venda Direta Online,,ALTOS,PI,Não
8444426137788,"RUA III, N. 90, QD F",CENTRO,"Casa, 0.00 de área total, 56.43 de área privativa, 200.00 de área do terreno,  2 qto(s), a.serv, WC, 1 sala(s), cozinha, 1 vaga(s) de garagem.",48571.79,118500.0,59.02,Venda Direta Online,,ALTOS,PI,Não
8444424783593,"RUA BOM SUCESSO, N. 2580, QD K-1",CENTRO,"Casa, 0.00 de área total, 58.94 de área privativa, 227.50 de área do terreno,  2 qto(s), varanda, WC, 1 sala(s), cozinha.",43994.7,106987.63,58.88,Venda Online,,ALTOS,PI,Não
8444426371802,"RUA XV, N. 237, LT 27, QD V",S SEBASTIAO,"Casa, 0.00 de área total, 66.78 de área privativa, 0.01 de área do terreno,  2 qto(s), a.serv, WC, 1 sala(s), cozinha, Terraco, 1 vaga(s) de garagem.",51933.21,125315.86,58.56,Venda Direta Online,,ALTOS,PI,Não
8555536251080,"RUA I, N. 65, QD F, LT 24",BAIRRO SANTA LUZ,"Casa, 0.00 de área total, 45.20 de área privativa, 200.00 de área do terreno,  2 qto(s), a.serv, WC, 1 sala(s), cozinha, 1 vaga(s) de garagem.",32836.08,79000.0,58.44,Venda Direta Online,,ALTOS,PI,Não
8444407501453,"RUA MANOEL MONTEIRO, N. 40,",BAIRRO TRANQUEIRA,"Casa, 0.00 de área total, 60.63 de área privativa, 268.65 de área do terreno,  3 qto(s), WC, 1 sala(s), cozinha, Terraco.",62070.26,148117.49,58.1,Venda Direta Online,,ALTOS,PI,Não
8444404410520,"RUA SÃO FRANCISCO, N. 72, ZONA SUBURBANA",CENTRO,"Casa, 0.00 de área total, 45.90 de área privativa, 160.00 de área do terreno,  2 qto(s), varanda, WC, 1 sala(s), cozinha.",32070.82,76000.0,57.81,Venda Direta Online,,ALTOS,PI,Não
8444411308263,"R BURITI, N. 262,",LEITE,"Casa, 0.00 de área total, 60.00 de área privativa, 190.00 de área do terreno,  2 qto(s), a.serv, WC, 1 sala(s), cozinha, Terraco, 1 vaga(s) de garagem.",36906.0,85000.0,56.59,Venda Direta Online,,ALTOS,PI,Não
8444421547635,"RUA X, N. 401, I7",S SEBASTIAO,"Casa, 0.00 de área total, 58.81 de área privativa, 250.00 de área do terreno,  2 qto(s), a.serv, WC, 1 sala(s), cozinha, 1 vaga(s) de garagem.",46191.5,106000.0,56.43,Venda Direta Online,,ALTOS,PI,Não
8444427105340,"RUA II, N. 51, 51,",BOCA DE BARRO,"Casa, 0.00 de área total, 50.89 de área privativa, 200.00 de área do terreno,  2 qto(s), a.serv, WC, 1 sala(s), cozinha.",44252.97,101551.48,56.43,Venda Direta Online,,ALTOS,PI,Não
8444425399681,"RUA II - BR 343, N. 501, QD I LT 25",CENTRO,"Casa, 0.00 de área total, 62.00 de área privativa, 265.93 de área do terreno,  2 qto(s), varanda, a.serv, WC, 1 sala(s), cozinha, Terraco.",51503.86,117800.0,56.28,Venda Direta Online,,ALTOS,PI,Não
1444416757580,"RUA 9, N. 130,",Santo Antonio,"Casa, 0.00 de área total, 58.94 de área privativa, 233.33 de área do terreno,  2 qto(s), WC, 1 sala(s), cozinha.",62763.99,143356.24,56.22,Venda Direta Online,,ALTOS,PI,Não
8444426571470,"RUA PROJETADA III, N. 83,",TRANQUEIRA,"Casa, 58.42 de área total, 58.42 de área privativa, 238.77 de área do terreno,  2 qto(s), varanda, a.serv, WC, 1 sala(s), cozinha, Terraco.",67181.88,153000.0,56.1,Venda Online,,ALTOS,PI,Não
8444412186234,"RUA CRUCIAL, N. 1866,",BAIRRO CIANA,"Casa, 0.00 de área total, 69.98 de área privativa, 200.00 de área do terreno,  2 qto(s), a.serv, WC, 1 sala(s), cozinha, Terraco.",40200.36,91000.0,55.83,Venda Direta Online,,ALTOS,PI,Não
8444416442421,"RUA PROJETADA B, N. 672,",BOCA DE BARRO,"Casa, 0.00 de área total, 50.04 de área privativa, 160.00 de área do terreno,  2 qto(s), a.serv, WC, 1 sala(s), cozinha, 1 vaga(s) de garagem.",43561.5,98608.49,55.83,Venda Direta Online,,ALTOS,PI,Não
8555534392698,"RUA XIV, N. 235, LT 15, QD G",CIDADE RESIDENCE,"Casa, 0.00 de área total, 42.43 de área privativa, 250.00 de área do terreno,  2 qto(s), WC, 1 sala(s), cozinha, Terraco, 1 vaga(s) de garagem.",37419.77,84705.69,55.83,Venda Direta Online,,ALTOS,PI,Não
8555535747058,"QUADRA F, N. 55, Apto 23, LT 23, RUA I",SANTA LUZ,"Apartamento, 0.00 de área total, 45.20 de área privativa, 0.01 de área do terreno,  2 qto(s), a.serv, WC, 1 sala(s), cozinha.",37549.79,85000.0,55.83,Venda Online,,ALTOS,PI,Não
8444426744145,"RUA XVI, N. 74, LT 02",SÃO SEBASTIÃO,"Casa, 0.00 de área total, 68.89 de área privativa, 200.00 de área do terreno,  2 qto(s), a.serv, WC, 1 sala(s), cozinha, 1 vaga(s) de garagem.",56878.52,128670.91,55.8,Venda Direta Online,,ALTOS,PI,Não
8444413848176,"RUA ELVIRA ALMEIDA ASSUNÇÃO, N. 197,",SÃO SEBASTIÃO,"Casa, 0.00 de área total, 45.31 de área privativa, 214.28 de área do terreno,  2 qto(s), WC, 1 sala(s), cozinha.",32808.37,74000.0,55.67,Venda Direta Online,,ALTOS,PI,Não
8444417138599,"RUA SANTO ANDRE, N. 2367, 0",CIANA,"Casa, 0.00 de área total, 49.05 de área privativa, 200.00 de área do terreno,  2 qto(s), WC, 1 sala(s), cozinha.",37877.16,84800.0,55.34,Venda Direta Online,,ALTOS,PI,Não
8444426463316,"RUA PROJETADA II, N. 25,",TRANQUEIRA,"Casa, 0.00 de área total, 58.42 de área privativa, 203.27 de área do terreno,  2 qto(s), WC, 1 sala(s), cozinha.",63756.4,142632.29,55.31,Venda Direta Online,,ALTOS,PI,Não
8444427203385,"RUA ORQUIDIA, N. 36,",CENTRO,"Casa, 57.48 de área total, 57.48 de área privativa, 200.00 de área do terreno,  2 qto(s), varanda, a.serv, WC, 1 sala(s), cozinha, Terraco.",59952.78,133330.73,55.04,Venda Direta Online,,ALTOS,PI,Não
8444418308390,"RUA IX, N. 455, QD H, LT 03",BAIRRO SANTA LUZ,"Casa, 63.44 de área total, 63.44 de área privativa, 220.00 de área do terreno,  2 qto(s), a.serv, WC, 1 sala(s), cozinha, 1 vaga(s) de garagem.",74696.1,165000.0,54.73,Venda Direta Online,,ALTOS,PI,Não
8555534050223,"RUA XIV, N. 285, LT 10 QD G",CENTRO,"Casa, 0.00 de área total, 40.26 de área privativa, 250.00 de área do terreno,  2 qto(s), WC, 1 sala(s), cozinha.",43363.45,94309.01,54.02,Venda Direta Online,,ALTOS,PI,Não
8444426609329,"RUA VII, N. 80,",BOCA DE BARRO,"Casa, 0.00 de área total, 50.89 de área privativa, 200.00 de área do terreno,  2 qto(s), a.serv, WC, 1 sala(s), cozinha.",51069.38,111000.0,54.0,Venda Direta Online,,ALTOS,PI,Não
8444409870979,"RUA TIRADENTES, N. 956",LEITE,"Casa, 0.00 de área total, 48.75 de área privativa, 243.00 de área do terreno,  2 qto(s), varanda, WC, 1 sala(s), cozinha, 1 vaga(s) de garagem.",28330.9,61382.69,53.85,Venda Online,,ALTOS,PI,Não
8444426502184,"RUA IV, N. 93, LT 08 - QD H",BAIXAO DOS DOS PAIVA,"Casa, 0.00 de área total, 66.50 de área privativa, 294.10 de área do terreno,  2 qto(s), a.serv, WC, 1 sala(s), cozinha.",53422.14,115000.0,53.55,Venda Online,,ALTOS,PI,Não
8555535638143,"RUA VI, N. 396, Apto 18, QD E LT 18",SANTA LUZ,"Apartamento, 0.00 de área total, 53.81 de área privativa, 0.01 de área do terreno,  2 qto(s), a.serv, WC, 1 sala(s), cozinha, Terraco.",42138.22,89775.67,53.07,Venda Direta Online,,ALTOS,PI,Não
8444408362260,"RUA 08, N. 47, QD F LT 21",CENTRO,"Casa, 0.00 de área total, 68.06 de área privativa, 300.00 de área do terreno,  3 qto(s), a.serv, WC, 1 sala(s), cozinha, Terraco.",42243.51,90000.0,53.07,Venda Direta Online,,ALTOS,PI,Não
8444408404460,"RUA ANÍSIO LIMA, N. 1345, QUARTEIRÃO SÉRIE SUL",SÃO LUIZ,"Casa, 0.00 de área total, 102.95 de área privativa, 532.14 de área do terreno,  3 qto(s), a.serv, WC, 2 sala(s), cozinha.",62900.61,133923.87,53.04,Venda Direta Online,,ALTOS,PI,Não
8444429643560,"RUA PROJETADA V, N. 153,",TRANQUEIRA,"Casa, 0.00 de área total, 48.63 de área privativa, 200.00 de área do terreno,  2 qto(s), a.serv, WC, 1 sala(s), cozinha, 1 vaga(s) de garagem.",64489.63,137307.12,53.04,Venda Direta Online,,ALTOS,PI,Não
8444417174480,"RUA II, N. 216, LT 12 - QD E",SANTA LUZ,"Casa, 0.00 de área total, 45.99 de área privativa, 200.00 de área do terreno,  2 qto(s), a.serv, WC, 1 sala(s), cozinha, Terraco.",37214.23,79000.0,52.9,Venda Direta Online,,ALTOS,PI,Não
8444417476648,"RUA VEREADOR JOÃO VITORINO DE ASSUN - ANTIGA RUA 0, N. 290, LT 09, QD R",BAIRRO SAO SEBASTIAO,"Casa, 0.00 de área total, 53.20 de área privativa, 300.00 de área do terreno,  2 qto(s), a.serv, WC, 1 sala(s), cozinha, Terraco, 1 vaga(s) de garagem.",38733.89,82226.0,52.9,Venda Direta Online,,ALTOS,PI,Não
8555536437214,"RUA I, N. 396, LT 09 QD C",SANTA LUZ,"Casa, 0.00 de área total, 45.20 de área privativa, 0.00 de área do terreno,  2 qto(s), a.serv, WC, 1 sala(s), cozinha.",36079.67,76000.0,52.53,Venda Online,,ALTOS,PI,Não
8444427102481,"RUA GRAJAU, N. 851,",BAIRRO CIANA,"Casa, 50.89 de área total, 50.89 de área privativa, 200.07 de área do terreno,  2 qto(s), varanda, a.serv, WC, 1 sala(s), cozinha, Terraco, 1 vaga(s) de garagem.",69570.91,146484.87,52.51,Venda Direta Online,,ALTOS,PI,Não
8444426191405,"RUA IV, N. 55, I08",BAIXAO DOS PAIVA,"Casa, 66.50 de área total, 66.50 de área privativa, 265.93 de área do terreno,  2 qto(s), a.serv, WC, 1 sala(s), cozinha, 1 vaga(s) de garagem.",52428.44,110000.0,52.34,Venda Online,,ALTOS,PI,Não
8444426436289,"RUA GRAJAÚ, N. 677,",BAIRRO CIANA,"Casa, 63.71 de área total, 63.71 de área privativa, 300.00 de área do terreno,  2 qto(s), a.serv, WC, 1 sala(s), cozinha, 1 vaga(s) de garagem.",51922.08,108937.6,52.34,Venda Online,,ALTOS,PI,Não
8555534059913,"RUA PROJETADA 3, N. 72,",BOA FE,"Casa, 68.49 de área total, 68.49 de área privativa, 200.00 de área do terreno,  3 qto(s), a.serv, WC, 1 sala(s), cozinha, Terraco, 1 vaga(s) de garagem.",49092.08,103000.0,52.34,Venda Online,,ALTOS,PI,Não
8444427949565,"RUA PROJETADA IV, N. 61,",CENTRO,"Casa, 52.21 de área total, 52.21 de área privativa, 210.21 de área do terreno,  2 qto(s), varanda, a.serv, WC, 1 sala(s), cozinha, Terraco.",49227.68,103284.49,52.34,Venda Online,,ALTOS,PI,Não
8444426127880,"RUA IX, N. 62,",BAIXAO DOS PAIVA,"Casa, 56.43 de área total, 56.43 de área privativa, 200.00 de área do terreno,  2 qto(s), varanda, a.serv, WC, 1 sala(s), cozinha.",56427.99,118000.0,52.18,Venda Direta Online,,ALTOS,PI,Não
8444433059371,"RUA GRAJAU, N. 627,",CIANA,"Casa, 55.00 de área total, 55.00 de área privativa, 200.00 de área do terreno,  2 qto(s), varanda, a.serv, WC, 1 sala(s), cozinha, 1 vaga(s) de garagem.",55478.21,116013.85,52.18,Venda Direta Online,,ALTOS,PI,Não
8444424255783,"RUA PROJETADA, N. 50, QD 01",LOT RES TRANQUEIRA,"Casa, 53.60 de área total, 53.60 de área privativa, 254.79 de área do terreno,  2 qto(s), a.serv, WC, 1 sala(s), cozinha, Terraco.",48317.74,100000.0,51.69,Venda Direta Online,,ALTOS,PI,Não
8444424290058,"RUA XV, N. 85, O16",SÃO SEBASTIÃO,"Casa, 62.00 de área total, 62.00 de área privativa, 250.00 de área do terreno,  2 qto(s), WC, 1 sala(s), cozinha, Terraco, 2 vaga(s) de garagem.",61403.02,127000.0,51.66,Venda Direta Online,,ALTOS,PI,Não
8444425887406,"RUA PETROLINA, N. 359,",BAIXAO DOS PAIVA,"Casa, 58.94 de área total, 58.94 de área privativa, 200.00 de área do terreno,  2 qto(s), varanda, a.serv, WC, 1 sala(s), cozinha.",62369.99,129000.0,51.66,Venda Direta Online,,ALTOS,PI,Não
8444426471203,"RESIDENCIAL SÃO JOSÉ I, N. 53, QD H LT 11",BAIXAO DOS PAIVA,"Casa, 66.50 de área total, 66.50 de área privativa, 249.82 de área do terreno,  2 qto(s), varanda, a.serv, WC, 1 sala(s), cozinha, Terraco.",66624.69,137800.0,51.66,Venda Direta Online,,ALTOS,PI,Não
8444427395560,"RUA JOSE OLINDO (LOGRADOURO DO CONDOMINIO RUA XXI), N. 522, QD 04",BAIRRO SAO SEBASTIAO,"Casa, 62.43 de área total, 62.43 de área privativa, 200.00 de área do terreno,  2 qto(s), varanda, a.serv, WC, 1 sala(s), cozinha, Terraco.",66466.74,137473.3,51.66,Venda Direta Online,,ALTOS,PI,Não
8444427432988,"R PROJETADA II, N. 153, ZONA URBANA",TRANQUEIRA,"Casa, 0.00 de área total, 52.21 de área privativa, 220.96 de área do terreno,  2 qto(s), varanda, a.serv, WC, 1 sala(s), cozinha.",64013.85,132400.0,51.66,Venda Direta Online,,ALTOS,PI,Não
8444428672052,"RUA SÃO LUÍS, N. 1758, ÁREA 14",MARAVILHA,"Casa, 64.30 de área total, 64.30 de área privativa, 205.64 de área do terreno,  2 qto(s), a.serv, WC, 1 sala(s), cozinha, Terraco, 1 vaga(s) de garagem.",65270.92,135000.0,51.66,Venda Direta Online,,ALTOS,PI,Não
8444408296381,"RUA TRAVESSA CICERO PAIVA, N. 122, .",BACURIZEIRO,"Casa, 0.00 de área total, 48.00 de área privativa, 200.00 de área do terreno,  2 qto(s), WC, 1 sala(s), cozinha, 1 vaga(s) de garagem.",34560.49,71270.35,51.51,Venda Direta Online,,ALTOS,PI,Não
8444402280955,"RUA II, N. 370, QD F",CENTRO,"Casa, 0.00 de área total, 45.15 de área privativa, 0.01 de área do terreno,  2 qto(s), WC, 1 sala(s), cozinha, Terraco.",38170.88,78715.66,51.51,Venda Direta Online,,ALTOS,PI,Não
8444427357099,"RUA PROJETADA III, N. 53,",TRANQUEIRA,"Casa, 52.21 de área total, 52.21 de área privativa, 245.27 de área do terreno,  2 qto(s), a.serv, WC, 1 sala(s), cozinha, Terraco.",58469.77,120000.0,51.28,Venda Direta Online,,ALTOS,PI,Não
8444427610347,"RUA 08, N. 121, QD F",BAIXAO DOS PAIVA,"Casa, 62.64 de área total, 62.64 de área privativa, 200.00 de área do terreno,  2 qto(s), a.serv, WC, 1 sala(s), Terraco.",58469.77,120000.0,51.28,Venda Online,,ALTOS,PI,Não
8444433535335,"RUA PROJETADA III, N. Nº 512,",BURITIZINHO,"Casa, 52.21 de área total, 52.21 de área privativa, 220.81 de área do terreno,  2 qto(s), varanda, a.serv, WC, 1 sala(s), cozinha, 1 vaga(s) de garagem.",56033.53,115000.0,51.28,Venda Direta Online,,ALTOS,PI,Não
8444433941937,"RUA 11, N. 595, LT 20 QD R",BAIRRO SAO SEBASTIAO,"Casa, 57.25 de área total, 57.25 de área privativa, 300.00 de área do terreno,  2 qto(s), a.serv, WC, 1 sala(s), cozinha, 1 vaga(s) de garagem.",58997.82,121083.75,51.28,Venda Online,,ALTOS,PI,Não
8444404553614,"RUA PROJETADA, N. 56, .",TRANQUEIRA,"Casa, 0.00 de área total, 45.90 de área privativa, 160.00 de área do terreno,  2 qto(s), WC, 1 sala(s), cozinha, Terraco.",27811.41,57000.0,51.21,Venda Online,,ALTOS,PI,Não
8444428152520,"RUA JOSE OLINDO, N. 494, LT 19 QD Q",BAIRRO SAO SEBASTIAO,"Casa, 60.52 de área total, 60.52 de área privativa, 250.00 de área do terreno,  2 qto(s), varanda, a.serv, WC, 1 sala(s), cozinha.",68446.63,140000.0,51.11,Venda Direta Online,,ALTOS,PI,Não
8444433535548,"RUA PROJETADA II, N. 381, LT 12 QD 116",BURITIZINHO,"Casa, 54.40 de área total, 54.40 de área privativa, 480.00 de área do terreno,  2 qto(s), varanda, a.serv, WC, 1 sala(s), cozinha.",74529.6,152442.05,51.11,Venda Online,,ALTOS,PI,Não
8444426991398,"RUA PROJETADA III, N. 41,",TRANQUEIRA,"Casa, 52.21 de área total, 52.21 de área privativa, 239.98 de área do terreno,  2 qto(s), varanda, a.serv, WC, 1 sala(s), cozinha, Terraco.",53926.39,110000.0,50.98,Venda Direta Online,,ALTOS,PI,Não
8555535721687,"TRAVESSA 11, N. 48, 48",TRANQUEIRA,"Casa, 54.00 de área total, 54.00 de área privativa, 200.00 de área do terreno,  2 qto(s), a.serv, WC, 1 sala(s), cozinha, Terraco, 1 vaga(s) de garagem.",51475.2,105000.0,50.98,Venda Direta Online,,ALTOS,PI,Não
8444426800207,"RUA ORQUIDIA, N. 05,",SANTA LUZ,"Casa, 57.48 de área total, 57.48 de área privativa, 200.00 de área do terreno,  2 qto(s), varanda, a.serv, WC, 1 sala(s), cozinha, Terraco.",61483.28,125000.0,50.82,Venda Online,,ALTOS,PI,Não
8444427008493,"RUA BERTOLINIA, N. 1604,",SANTA INÊS,"Casa, 59.00 de área total, 59.00 de área privativa, 227.50 de área do terreno,  2 qto(s), varanda, a.serv, WC, 1 sala(s), cozinha.",61158.4,124339.48,50.82,Venda Online,,ALTOS,PI,Não
8444409778207,"RUA PROJETADA 10, N. 345,",BAIRRO BOCA DE BARRO,"Casa, 42.60 de área total, 42.60 de área privativa, 200.00 de área do terreno,  2 qto(s), WC, 1 sala(s), cozinha.",44287.21,90000.0,50.8,Venda Direta Online,,ALTOS,PI,Não
8444414896808,"RUA I, N. 82,",BACURIZEIRO,"Casa, 58.50 de área total, 58.50 de área privativa, 200.00 de área do terreno,  2 qto(s), WC, 1 sala(s), cozinha, Terraco.",44287.21,90000.0,50.8,Venda Direta Online,,ALTOS,PI,Não
8444428871160,"RUA DIADEMA, N. 641,",BACURIZEIRO,"Casa, 60.14 de área total, 60.14 de área privativa, 207.00 de área do terreno,  2 qto(s), a.serv, WC, 1 sala(s), cozinha, Terraco, 1 vaga(s) de garagem.",64502.06,131000.0,50.77,Venda Direta Online,,ALTOS,PI,Não
8444433774143,"RUA MOISES ELIAS CADDAH, N. 259,",BURITIZINHO,"Casa, 54.40 de área total, 54.40 de área privativa, 207.00 de área do terreno,  2 qto(s), a.serv, WC, 1 sala(s), cozinha, 1 vaga(s) de garagem.",65995.28,134032.66,50.77,Venda Direta Online,,ALTOS,PI,Não
8444415085129,"RUA LUANDA, N. 24, 528,",CIANA,"Casa, 54.19 de área total, 54.19 de área privativa, 300.00 de área do terreno,  2 qto(s), WC, 1 sala(s), cozinha, Terraco.",47161.89,94896.49,50.31,Venda Direta Online,,ALTOS,PI,Não
8444425289843,"RUA 01, N. 55, QD A, LT 29",SÃO SEBASTIÃO,"Casa, 62.00 de área total, 62.00 de área privativa, 200.00 de área do terreno,  2 qto(s), varanda, WC, 1 sala(s), cozinha, Terraco.",68365.79,137473.3,50.27,Venda Online,,ALTOS,PI,Não
8444427369984,"TRAV SAO FRANCISCO, N. 1674, 1674,",TRANQUEIRA,"Casa, 56.95 de área total, 56.95 de área privativa, 151.20 de área do terreno,  2 qto(s), varanda, a.serv, WC, WC Emp, 1 sala(s), cozinha, Terraco, 1 vaga(s) de garagem.",67135.8,135000.0,50.27,Venda Direta Online,,ALTOS,PI,Não
8555536583342,"RUA I, N.  221, QD E, LT 24",SANTA CRUZ,"Casa, 45.20 de área total, 45.20 de área privativa, 200.00 de área do terreno,  2 qto(s), a.serv, WC, 1 sala(s), cozinha.",32869.34,65900.0,50.13,Venda Direta Online,,ALTOS,PI,Não
8444426616023,"RUA LISBOA, N. 2372,",BAIRRO CIANA,"Casa, 50.31 de área total, 50.31 de área privativa, 200.00 de área do terreno,  2 qto(s), WC, 1 sala(s), cozinha, Terraco.",51302.28,102605.0,50.01,Venda Direta Online,,ALTOS,PI,Não
8444427887055,"RUA NOVO HORIZONTE, N. 161,",TRANQUEIRA,"Casa, 58.42 de área total, 58.42 de área privativa, 210.00 de área do terreno,  2 qto(s), a.serv, WC, 1 sala(s), cozinha, Terraco.",60060.47,119742.81,49.85,Venda Direta Online,,ALTOS,PI,Não
8444414231580,"RUA PROJETADA 03, N. 16,",BURITIZINHO,"Casa, 55.10 de área total, 55.10 de área privativa, 200.00 de área do terreno,  2 qto(s), a.serv, WC, 1 sala(s), cozinha.",72252.67,143679.71,49.72,Venda Direta Online,,ALTOS,PI,Não
8444429918020,"RUA IV, N. 102, 102, RESIDENCIAL FLORENCIA",CENTRO,"Casa, 58.45 de área total, 58.45 de área privativa, 180.00 de área do terreno,  2 qto(s), a.serv, WC, 1 sala(s), cozinha, Terraco.",56432.06,112000.0,49.62,Venda Online,,ALTOS,PI,Não
8444413916830,"RUA MANOEL MONTEIRO, N. 100,",TRANQUEIRA,"Casa, 45.11 de área total, 45.11 de área privativa, 300.00 de área do terreno,  2 qto(s), a.serv, WC, 1 sala(s), cozinha, Terraco.",60157.97,119000.0,49.45,Venda Online,,ALTOS,PI,Não
8444426102925,"RUA III, N. 180, LT 19 QD F",BAIXAO DOS PAIVA,"Casa, 56.43 de área total, 56.43 de área privativa, 200.00 de área do terreno,  2 qto(s), varanda, a.serv, WC, 1 sala(s), cozinha, Terraco, 1 vaga(s) de garagem.",59248.02,117200.0,49.45,Venda Online,,ALTOS,PI,Não
8444426189753,"RUA I, N. 136,",BAIXAO DOS PAIVA,"Casa, 62.83 de área total, 62.83 de área privativa, 200.00 de área do terreno,  2 qto(s), varanda, a.serv, WC, 1 sala(s), cozinha, 1 vaga(s) de garagem.",61169.03,121000.0,49.45,Venda Online,,ALTOS,PI,Não
8444427911282,"RUA PROJETADA II, N. SN, CS 181",TRANQUEIRA,"Casa, 58.42 de área total, 58.42 de área privativa, 210.00 de área do terreno,  2 qto(s), a.serv, WC, 1 sala(s), cozinha, Terraco, 1 vaga(s) de garagem.",60663.5,120000.0,49.45,Venda Online,,ALTOS,PI,Não
8444427915342,"RUA 01, N. 08,",BOCA DE BARRO,"Casa, 56.50 de área total, 56.50 de área privativa, 162.80 de área do terreno,  2 qto(s), a.serv, WC, 1 sala(s), cozinha, Terraco.",60663.5,120000.0,49.45,Venda Online,,ALTOS,PI,Não
8444427991227,"R NOVO HORIZONTE, N. 67,",TRANQUEIRA,"Casa, 58.42 de área total, 58.42 de área privativa, 210.00 de área do terreno,  2 qto(s), a.serv, WC, 1 sala(s), cozinha.",60663.5,120000.0,49.45,Venda Online,,ALTOS,PI,Não
8444434441008,"RUA XV, N. 124, LT04 QD Z",S SEBASTIAO,"Casa, 56.50 de área total, 56.50 de área privativa, 250.00 de área do terreno,  2 qto(s), a.serv, WC, 1 sala(s), cozinha, 1 vaga(s) de garagem.",60663.5,120000.0,49.45,Venda Online,,ALTOS,PI,Não
8444424766427,"RUA JULIA ALMEIDA, N. 106,",LOT. SÃO SEBASTIÃO,"Casa, 53.20 de área total, 53.20 de área privativa, 300.00 de área do terreno,  2 qto(s), a.serv, WC, 1 sala(s), cozinha, Terraco, 1 vaga(s) de garagem.",50402.03,99500.0,49.35,Venda Direta Online,,ALTOS,PI,Não
8444428733787,"RUA VIII, N. 244,",BOCA DE BARRO,"Casa, 65.18 de área total, 65.18 de área privativa, 200.00 de área do terreno,  2 qto(s), a.serv, WC, 1 sala(s), cozinha, 1 vaga(s) de garagem.",63611.42,125500.0,49.32,Venda Direta Online,,ALTOS,PI,Não
8444433655632,"RUA PROJETADA II, N. 397,",BURITIZINHO,"Casa, 54.40 de área total, 54.40 de área privativa, 160.00 de área do terreno,  2 qto(s), a.serv, WC, 1 sala(s), cozinha.",68426.63,135000.0,49.32,Venda Direta Online,,ALTOS,PI,Não
8555524703240,"RUA I, N. 563, LT Nº 01, QD E",JD CIDADE RESIDENCE,"Casa, 38.00 de área total, 38.00 de área privativa, 250.00 de área do terreno,  2 qto(s), WC, 1 sala(s), cozinha.",83269.17,163500.0,49.08,Venda Direta Online,,ALTOS,PI,Sim
8444429320940,"RUA SERRINHA, N. 817,",BAIRRO SANTA LUZ,"Casa, 0.00 de área total, 69.30 de área privativa, 600.00 de área do terreno,  3 qto(s), a.serv, WC, 1 sala(s), cozinha, Terraco, 1 vaga(s) de garagem.",48352.46,94662.57,48.93,Venda Direta Online,,ALTOS,PI,Não
8444425749372,"RUA PETROLINA, N. 275,  CASA",BAIXAO DOS PAIVA,"Casa, 62.00 de área total, 62.00 de área privativa, 208.09 de área do terreno,  2 qto(s), varanda, a.serv, WC, 1 sala(s), cozinha, Terraco.",66445.1,130000.0,48.89,Venda Online,,ALTOS,PI,Não
8444427311358,"RUA V, N. 83,",BAIXÃO DO PAIVA,"Casa, 62.83 de área total, 62.83 de área privativa, 200.00 de área do terreno,  2 qto(s), varanda, a.serv, WC, 1 sala(s), cozinha, Terraco.",67467.34,132000.0,48.89,Venda Online,,ALTOS,PI,Não
8444406262510,"RUA MONSENHOR LOPES, N. 693",CENTRO,"Casa, 0.00 de área total, 66.50 de área privativa, 522.00 de área do terreno,  3 qto(s), WC, 1 sala(s), cozinha, Terraco.",66700.66,130500.0,48.89,Venda Online,,ALTOS,PI,Não
8444405163780,"RUA LEONIDAS MELO, N. 1595,",Santo Antonio,"Casa, 64.16 de área total, 64.16 de área privativa, 321.00 de área do terreno,  2 qto(s), WC, 1 sala(s), cozinha, Terraco.",71947.4,140445.42,48.78,Venda Direta Online,,ALTOS,PI,Não
8444420935100,"RUA XVIII, N. 530, CASA 366 QD L",SÃO SEBASTIÃO,"Casa, 62.43 de área total, 62.43 de área privativa, 250.00 de área do terreno,  2 qto(s), a.serv, WC, 1 sala(s), cozinha.",55542.61,108000.0,48.58,Venda Direta Online,,ALTOS,PI,Não
8444425563406,"RUA JOSÉ OLINDO, N. 590, QD J  LT 04",SÃO SEBASTIÃO,"Casa, 52.63 de área total, 52.63 de área privativa, 200.00 de área do terreno,  2 qto(s), a.serv, WC, 1 sala(s), cozinha.",53022.62,103100.0,48.58,Venda Direta Online,,ALTOS,PI,Não
8444430981733,"R XVI, N. 173, QD G, LT 22",SÃO SEBASTIÃO,"Casa, 0.00 de área total, 56.64 de área privativa, 200.00 de área do terreno,  2 qto(s), varanda, a.serv, WC, 1 sala(s), cozinha.",52249.23,101596.16,48.58,Venda Online,,ALTOS,PI,Não
8444426313004,"AV ANTONIO SERGIO CARNEIRO, N. 427, QD T",CENTRO,"Casa, 55.15 de área total, 55.15 de área privativa, 200.00 de área do terreno,  2 qto(s), a.serv, WC, 1 sala(s), cozinha, 1 vaga(s) de garagem.",64247.47,124532.38,48.41,Venda Direta Online,,ALTOS,PI,Não
8444429614781,"RUA V, N. 66,",BAIXAO DOS DOS PAIVA,"Casa, 66.50 de área total, 66.50 de área privativa, 200.00 de área do terreno,  2 qto(s), a.serv, WC, 1 sala(s), cozinha, 1 vaga(s) de garagem.",71091.37,136361.28,47.87,Venda Direta Online,,ALTOS,PI,Não
8555535708451,"RUA I, N. 105, LT 28 QD F",BAIRRO SANTA LUZ,"Casa, 45.20 de área total, 45.20 de área privativa, 200.00 de área do terreno,  2 qto(s), a.serv, WC, 1 sala(s), cozinha.",36074.54,69000.0,47.72,Venda Direta Online,,ALTOS,PI,Não
8444425478131,"RUA JOSE OLINDO, N. 580, LT 03 QD J",SÃO SEBASTIÃO,"Casa, 59.40 de área total, 52.63 de área privativa, 200.00 de área do terreno,  2 qto(s), a.serv, WC, 1 sala(s), cozinha, Terraco.",53560.5,101331.13,47.15,Venda Direta Online,,ALTOS,PI,Não
8555534287991,"RUA  XIV, N. 465, LT 07 QD D",LOT JD CIDADE RES II,"Casa, 40.26 de área total, 40.26 de área privativa, 250.00 de área do terreno,  2 qto(s), a.serv, WC, 1 sala(s), cozinha.",59533.89,112632.18,47.15,Venda Online,,ALTOS,PI,Não
1444416250605,"RUA I, N. 121, RESIDENCIAL JARDIM ORQUIDEAS",TRANQUEIRA,"Casa, 63.22 de área total, 63.22 de área privativa, 200.00 de área do terreno,  2 qto(s), varanda, WC, 1 sala(s), cozinha, Terraco.",63439.59,120000.0,47.14,Venda Online,,ALTOS,PI,Não
8444424659361,"RUA II, N. 211, LT 01 QD E LOT RES SÃO JOSE I",BAIXÃO DO PAIVA,"Casa, 58.81 de área total, 58.81 de área privativa, 200.00 de área do terreno,  2 qto(s), a.serv, WC, 1 sala(s), cozinha, 1 vaga(s) de garagem.",70729.24,132000.0,46.42,Venda Online,,ALTOS,PI,Não
8444435160738,"RUA PROJETADA III, N. 390,",BURITIZINHO,"Casa, 54.40 de área total, 54.40 de área privativa, 160.00 de área do terreno,  2 qto(s), varanda, a.serv, WC, 1 sala(s), cozinha, 1 vaga(s) de garagem.",78685.97,145296.83,45.85,Venda Direta Online,,ALTOS,PI,Não
8444426805900,"RUA II, N. 43,",BAIXAO DOS PAIVA,"Casa, 62.00 de área total, 62.00 de área privativa, 236.80 de área do terreno,  2 qto(s), a.serv, WC, 1 sala(s), cozinha, Terraco, 1 vaga(s) de garagem.",62625.71,115000.0,45.55,Venda Online,,ALTOS,PI,Não
8444427427526,"RUA PROJETADA 11, N. 125, LT 03",BOCA DE BARRO,"Casa, 57.84 de área total, 57.84 de área privativa, 250.00 de área do terreno,  2 qto(s), a.serv, WC, 1 sala(s), cozinha.",63714.85,117000.0,45.55,Venda Direta Online,,ALTOS,PI,Não
8444428775633,"RUA IV, N. 81,",BOCA DE BARRO,"Casa, 65.18 de área total, 65.18 de área privativa, 200.00 de área do terreno,  2 qto(s), varanda, a.serv, WC, 1 sala(s), cozinha, 1 vaga(s) de garagem.",62081.14,114000.0,45.55,Venda Direta Online,,ALTOS,PI,Não
8444435811160,"RUA PROJETADA II, N. 181,",BURITIZINHO,"Casa, 54.40 de área total, 54.40 de área privativa, 166.00 de área do terreno,  2 qto(s), varanda, a.serv, WC, 1 sala(s), cozinha.",65348.57,120000.0,45.55,Venda Direta Online,,ALTOS,PI,Não
8444414623020,"RUA II, N. 93,",BACURIZEIRO,"Casa, 0.00 de área total, 58.50 de área privativa, 197.41 de área do terreno,  2 qto(s), varanda, WC, 1 sala(s), cozinha.",53347.27,97000.0,45.01,Venda Direta Online,,ALTOS,PI,Não
8444423684397,"RUA BERTOLINIA, N. 1212,",BAIRRO SANTA INES,"Casa, 63.65 de área total, 63.65 de área privativa, 227.50 de área do terreno,  2 qto(s), varanda, a.serv, WC, 1 sala(s), cozinha, Terraco.",54997.19,100000.0,45.01,Venda Direta Online,,ALTOS,PI,Não
8444426133537,"RUA IV, N. 125, LT 15",BAIXAO DOS PAIVA,"Casa, 66.50 de área total, 66.50 de área privativa, 265.93 de área do terreno,  2 qto(s), varanda, a.serv, WC, 1 sala(s), cozinha, Terraco, 1 vaga(s) de garagem.",73741.47,134000.0,44.97,Venda Direta Online,,ALTOS,PI,Não
8444426213786,"RUA BERTOLINEA, N. 1619, QL-1",LOT RES SAO LUIS,"Casa, 58.42 de área total, 58.42 de área privativa, 227.50 de área do terreno,  2 qto(s), a.serv, WC, 1 sala(s), cozinha.",72948.18,132558.48,44.97,Venda Direta Online,,ALTOS,PI,Não
8444426230060,"RUA XIV, N. 435, QD U LT 20",SÃO SEBASTIÃO,"Casa, 60.75 de área total, 60.75 de área privativa, 250.00 de área do terreno,  2 qto(s), WC, 1 sala(s), cozinha.",76039.52,138175.93,44.97,Venda Direta Online,,ALTOS,PI,Não
8444427206635,"RUA PROJETADA 02, N. 53,",BURITIZINHO,"Casa, 62.83 de área total, 62.83 de área privativa, 200.00 de área do terreno,  2 qto(s), a.serv, WC, 1 sala(s), cozinha, 1 vaga(s) de garagem.",70439.61,128000.0,44.97,Venda Direta Online,,ALTOS,PI,Não
8444427639973,"RUA NOVO HORIZONTE, N. 125,",TRANQUEIRA,"Casa, 58.42 de área total, 58.42 de área privativa, 210.00 de área do terreno,  2 qto(s), varanda, a.serv, WC, 1 sala(s), cozinha.",75392.38,137000.0,44.97,Venda Direta Online,,ALTOS,PI,Não
8444434533760,"RUA PROJETADA III, N. 26,",BURITIZINHO,"Casa, 57.72 de área total, 57.72 de área privativa, 166.00 de área do terreno,  2 qto(s), a.serv, WC, 1 sala(s), cozinha.",70791.38,128639.23,44.97,Venda Direta Online,,ALTOS,PI,Não
8444435000900,"RUA PROJETADA IV, N. 389,",BURITIZINHO,"Casa, 54.40 de área total, 54.40 de área privativa, 160.00 de área do terreno,  2 qto(s), a.serv, WC, 1 sala(s), cozinha, 1 vaga(s) de garagem.",71540.22,130000.0,44.97,Venda Direta Online,,ALTOS,PI,Não
8444436436699,"RUA PROJETADA II, N. 249,",BURITIZINHO,"Casa, 54.40 de área total, 54.40 de área privativa, 166.00 de área do terreno,  2 qto(s), varanda, a.serv, WC, 1 sala(s), cozinha, 1 vaga(s) de garagem.",72640.84,132000.0,44.97,Venda Direta Online,,ALTOS,PI,Não
8444415933405,"RUA SAO LUCAS, N. 117,",MARAVILHA,"Casa, 0.00 de área total, 68.31 de área privativa, 218.25 de área do terreno,  3 qto(s), varanda, WC, 1 sala(s), cozinha.",61285.44,110000.0,44.29,Venda Direta Online,,ALTOS,PI,Não
8444419218018,"RUA II, N. 85, QD I LOTE 26",BAIRRO SANTA LUZ,"Casa, 0.00 de área total, 45.99 de área privativa, 200.00 de área do terreno,  2 qto(s), WC, 1 sala(s), cozinha, Terraco.",64553.2,115500.0,44.11,Venda Direta Online,,ALTOS,PI,Não
8444408537320,"RUA GRAJAU, N. 95,",CIANA ALTOS,"Casa, 69.98 de área total, 69.98 de área privativa, 200.00 de área do terreno,  2 qto(s), WC, 1 sala(s), cozinha, Terraco, 1 vaga(s) de garagem.",47977.8,85000.0,43.56,Venda Direta Online,,ALTOS,PI,Não
8444414626584,"RUA I, N. 62,",BACURIZEIRO,"Casa, 58.50 de área total, 58.50 de área privativa, 200.00 de área do terreno,  2 qto(s), varanda, WC, 1 sala(s), cozinha.",57280.95,100242.09,42.86,Venda Direta Online,,ALTOS,PI,Não
8444423243366,"RUA BERTOLINIA, N. 1400,",SANTA INÊS,"Casa, 58.94 de área total, 58.94 de área privativa, 227.50 de área do terreno,  2 qto(s), varanda, a.serv, WC, 1 sala(s), cozinha.",59999.74,105000.0,42.86,Venda Online,,ALTOS,PI,Não
8444424836476,"RUA XXI, N. 497, LT 01 QD R",S SEBASTIAO,"Casa, 60.75 de área total, 60.75 de área privativa, 200.00 de área do terreno,  2 qto(s), varanda, WC, 1 sala(s), cozinha.",61714.02,108000.0,42.86,Licitação Aberta,,ALTOS,PI,Não
8444425259286,"RUA PROJETADA, N. 20, CS 20 LT 02, QD 01",TRANQUEIRA,"Casa, 53.60 de área total, 53.60 de área privativa, 254.80 de área do terreno,  2 qto(s), a.serv, WC, 1 sala(s), cozinha, Terraco.",59756.61,104574.52,42.86,Venda Direta Online,,ALTOS,PI,Não
8444426234180,"BR 343, N. 72, QD F LT 23",BAIXAO DOS PAIVAS,"Casa, 56.43 de área total, 56.43 de área privativa, 200.00 de área do terreno,  2 qto(s), a.serv, WC, 1 sala(s), cozinha, Terraco.",62856.87,110000.0,42.86,Venda Direta Online,,ALTOS,PI,Não
8444427768510,"RUA NOVO HORIZONTE, N. 90,",TRANQUEIRA,"Casa, 58.42 de área total, 58.42 de área privativa, 210.00 de área do terreno,  2 qto(s), a.serv, WC, 1 sala(s), cozinha, Terraco.",60592.25,106036.89,42.86,Venda Direta Online,,ALTOS,PI,Não
8444428367217,"RUA II, N. 76,",TRANQUEIRA,"Casa, 56.43 de área total, 56.43 de área privativa, 190.00 de área do terreno,  2 qto(s), varanda, a.serv, WC, 1 sala(s), cozinha.",61792.84,108137.93,42.86,Venda Direta Online,,ALTOS,PI,Não
8444428783571,"RUA VIII, N. 30,",BOCA DE BARRO,"Casa, 67.00 de área total, 67.00 de área privativa, 200.00 de área do terreno,  2 qto(s), a.serv, WC, 1 sala(s), cozinha, 1 vaga(s) de garagem.",62856.87,110000.0,42.86,Licitação Aberta,,ALTOS,PI,Não
8444428788905,"RUA JOSE OLINDO, N. 524, 1 LT22 QDQ",SÃO SEBASTIÃO,"Casa, 60.52 de área total, 60.52 de área privativa, 250.00 de área do terreno,  2 qto(s), varanda, a.serv, WC, 1 sala(s), cozinha.",62319.08,109058.86,42.86,Venda Direta Online,,ALTOS,PI,Não
8444428819975,"RUA II, N. 85,",TRANQUEIRA,"Casa, 66.50 de área total, 66.50 de área privativa, 190.00 de área do terreno,  2 qto(s), varanda, a.serv, WC, 1 sala(s), cozinha.",60428.48,105750.3,42.86,Licitação Aberta,,ALTOS,PI,Não
8444432758829,"RUA I, N. 231,",TRANQUEIRA,"Casa, 56.43 de área total, 56.43 de área privativa, 190.00 de área do terreno,  2 qto(s), varanda, a.serv, WC, 1 sala(s), cozinha.",59271.56,103725.68,42.86,Venda Direta Online,,ALTOS,PI,Não
8444435071450,"RUA PROJETADA II, N. 496,",BURITIZINHO,"Casa, 54.40 de área total, 54.40 de área privativa, 201.31 de área do terreno,  2 qto(s), a.serv, WC, 1 sala(s), cozinha, 1 vaga(s) de garagem.",57758.87,101078.46,42.86,Venda Online,,ALTOS,PI,Não
8444436267242,"RUA A-09, N. 96,",S SEBASTIAO,"Casa, 52.00 de área total, 52.00 de área privativa, 200.00 de área do terreno,  2 qto(s), varanda, a.serv, WC, 1 sala(s), cozinha.",58571.18,102500.0,42.86,Venda Direta Online,,ALTOS,PI,Não
8444426010010,"RUA  IV, N. 35,  LT 6  QD I",BAIXAO DOS PAIVA,"Casa, 0.00 de área total, 66.50 de área privativa, 265.93 de área do terreno,  2 qto(s), varanda, a.serv, WC, 1 sala(s), cozinha.",69934.44,122000.0,42.68,Venda Online,,ALTOS,PI,Não
8444426512082,"RUA IV, N. 73, QD H LT 09",BAIXAO DOS PAIVA,"Casa, 66.50 de área total, 66.50 de área privativa, 271.96 de área do terreno,  2 qto(s), varanda, a.serv, WC, 1 sala(s), cozinha, 1 vaga(s) de garagem.",66762.28,116466.19,42.68,Venda Direta Online,,ALTOS,PI,Não
8444427285730,"RUA 09, N. 70, LT 07 QD F",BAIXAO DOS PAIVA,"Casa, 62.64 de área total, 62.64 de área privativa, 200.00 de área do terreno,  2 qto(s), varanda, a.serv, WC, 1 sala(s), cozinha.",67354.89,117500.0,42.68,Licitação Aberta,,ALTOS,PI,Não
8444427864837,"RUA NOVO HORIZONTE, N. SN, RUA PROJETADA I CS 110",TRANQUEIRA,"Casa, 58.42 de área total, 58.42 de área privativa, 210.00 de área do terreno,  2 qto(s), varanda, a.serv, WC, 1 sala(s), cozinha.",68787.97,120000.0,42.68,Venda Direta Online,,ALTOS,PI,Não
8444435549805,"RUA PROJETADA III, N. 155,",BURITIZINHO,"Casa, 52.72 de área total, 52.72 de área privativa, 164.00 de área do terreno,  2 qto(s), a.serv, WC, 1 sala(s), cozinha, Terraco.",71654.14,125000.0,42.68,Venda Direta Online,,ALTOS,PI,Não
8444428762051,"RUA II, N. 137,",TRANQUEIRA,"Casa, 66.50 de área total, 66.50 de área privativa, 190.00 de área do terreno,  2 qto(s), varanda, a.serv, WC, 1 sala(s), cozinha.",68186.07,118194.4,42.32,Venda Direta Online,,ALTOS,PI,Não
8444411792815,"RUA SANTO AMARO - ANTIGA RUA 04, N. 110, LT 23 QD E",CENTRO,"Casa, 0.00 de área total, 52.94 de área privativa, 300.00 de área do terreno,  2 qto(s), WC, 1 sala(s), cozinha.",53839.36,93000.0,42.11,Venda Direta Online,,ALTOS,PI,Não
8444413460127,"RUA PROJETADA, N. 82,",BACURIZEIRO,"Casa, 58.50 de área total, 58.50 de área privativa, 184.53 de área do terreno,  2 qto(s), varanda, WC, 1 sala(s), cozinha, Terraco.",52102.6,90000.0,42.11,Venda Direta Online,,ALTOS,PI,Não
8444413548350,"RUA PROJETADA, N. 44,",BACURIZEIRO,"Casa, 58.50 de área total, 58.50 de área privativa, 248.81 de área do terreno,  2 qto(s), varanda, WC, 1 sala(s), cozinha.",52102.6,90000.0,42.11,Venda Direta Online,,ALTOS,PI,Não
8444414814860,"RUA I, N. 99,",BACURIZEIRO,"Casa, 58.50 de área total, 58.50 de área privativa, 227.84 de área do terreno,  2 qto(s), varanda, WC, 1 sala(s), cozinha.",50365.85,87000.0,42.11,Licitação Aberta,,ALTOS,PI,Não
8444424992338,"R SAO VICENTE DE PAULA, N. 54,",TRANQUEIRA,"Casa, 48.00 de área total, 48.00 de área privativa, 250.00 de área do terreno,  2 qto(s), a.serv, WC, 1 sala(s), cozinha.",49605.57,85686.72,42.11,Venda Online,,ALTOS,PI,Não
8444426180721,"RUA PROJETADA 02, N. 76,",CIANA,"Casa, 50.14 de área total, 50.14 de área privativa, 290.00 de área do terreno,  2 qto(s), varanda, a.serv, WC, 1 sala(s), cozinha.",56155.03,97000.0,42.11,Venda Direta Online,,ALTOS,PI,Não
8444427247293,"RUA PROJETADA I, N. 91,",TRANQUEIRA,"Casa, 52.21 de área total, 52.21 de área privativa, 223.74 de área do terreno,  2 qto(s), a.serv, WC, 1 sala(s), cozinha.",57891.78,100000.0,42.11,Licitação Aberta,,ALTOS,PI,Não
8444429405228,"RUA A-03, N. SN, CS 49, LT 23, QD 11",RECANTO DOS ALTOS,"Casa, 52.84 de área total, 52.84 de área privativa, 200.00 de área do terreno,  2 qto(s), a.serv, WC, 1 sala(s), cozinha, Terraco, 1 vaga(s) de garagem.",54997.19,95000.0,42.11,Venda Direta Online,,ALTOS,PI,Não
8444433910160,"RUA PROJETADA III, N. 128,",TRANQUEIRA,"Casa, 48.63 de área total, 48.63 de área privativa, 186.64 de área do terreno,  2 qto(s), varanda, a.serv, WC, 1 sala(s), cozinha.",49550.04,85590.8,42.11,Venda Direta Online,,ALTOS,PI,Não
8444434453472,"RUA PROJETADA III, N. 42,",BURITIZINHO,"Casa, 52.72 de área total, 52.72 de área privativa, 166.00 de área do terreno,  2 qto(s), varanda, a.serv, WC, 1 sala(s), cozinha, 1 vaga(s) de garagem.",57248.0,98887.96,42.11,Venda Online,,ALTOS,PI,Não
8444436837073,"RUA I, N. 387,",TRANQUEIRA,"Casa, 50.19 de área total, 50.19 de área privativa, 180.00 de área do terreno,  2 qto(s), a.serv, WC, 1 sala(s), cozinha, Terraco.",56733.94,98000.0,42.11,Venda Online,,ALTOS,PI,Não
8555518757890,"RUA TRAVESSA BENJAMIN, N. 993",SANTA INÊS,"Casa, 0.00 de área total, 69.60 de área privativa, 229.82 de área do terreno,  2 qto(s), a.serv, WC, 1 sala(s), 1 vaga(s) de garagem.",54418.27,94000.0,42.11,Venda Direta Online,,ALTOS,PI,Não
8555534393074,"RUA XIV, N. 475, LT 06, QD D",CENTRO,"Casa, 40.26 de área total, 40.26 de área privativa, 250.00 de área do terreno,  2 qto(s), WC, 1 sala(s), cozinha, 1 vaga(s) de garagem.",55985.14,96706.55,42.11,Venda Direta Online,,ALTOS,PI,Não
8444418966029,"RUA VII, N. SN, LT 12 QD C",SÃO SEBASTIÃO,"Casa, 52.00 de área total, 52.00 de área privativa, 250.00 de área do terreno,  2 qto(s), a.serv, WC, 1 sala(s), cozinha, Terraco, 1 vaga(s) de garagem.",72988.41,126000.0,42.08,Licitação Aberta,,ALTOS,PI,Não
8444424696593,"RUA BOM SUCESSO, N. 2572, Q K-1",STA INES,"Casa, 58.94 de área total, 58.94 de área privativa, 227.50 de área do terreno,  2 qto(s), a.serv, WC, 1 sala(s), cozinha.",74717.22,128984.45,42.08,Venda Direta Online,,ALTOS,PI,Não
8444426448058,"RUA PROJETADA II, N. 35,",BAIRRO TRANQUEIRA,"Casa, 58.42 de área total, 58.42 de área privativa, 204.79 de área do terreno,  2 qto(s), varanda, a.serv, WC, 1 sala(s), cozinha.",78628.52,135736.53,42.08,Licitação Aberta,,ALTOS,PI,Não
8444428126287,"RUA ORQUIDIA, N. 105,",STA LUZ,"Casa, 57.48 de área total, 57.48 de área privativa, 200.00 de área do terreno,  2 qto(s), varanda, WC, 1 sala(s), cozinha, Terraco.",75305.5,130000.0,42.08,Venda Direta Online,,ALTOS,PI,Não
8444432951580,"RUA 09, N. 460, LT 17 QD J",PAIXAO DOS PAIVA,"Casa, 52.39 de área total, 52.39 de área privativa, 200.00 de área do terreno,  2 qto(s), a.serv, WC, 1 sala(s), cozinha, Terraco.",75305.5,130000.0,42.08,Venda Direta Online,,ALTOS,PI,Não
8444436844037,"RUA PADRE JOSE LISARDO PONTES NETO, N. 901,",TRANQUEIRA,"Casa, 52.91 de área total, 52.91 de área privativa, 177.78 de área do terreno,  2 qto(s), varanda, a.serv, WC, 1 sala(s), cozinha.",74717.22,128984.45,42.08,Venda Direta Online,,ALTOS,PI,Não
8444437011110,"RUA PROJETADA IV, N. 54,",CIANA,"Casa, 54.40 de área total, 54.40 de área privativa, 199.98 de área do terreno,  2 qto(s), varanda, a.serv, WC, 1 sala(s), cozinha.",78201.87,135000.0,42.08,Venda Direta Online,,ALTOS,PI,Não
8444410168654,"RUA BELA VISTA, N. 662,",CARRASCO,"Casa, 45.11 de área total, 45.11 de área privativa, 500.00 de área do terreno,  2 qto(s), WC, 1 sala(s), cozinha.",42882.1,73818.76,41.91,Venda Direta Online,,ALTOS,PI,Não
8444413114881,"RUA PROJETADA, N. 94,",TRANQUEIRA,"Casa, 45.11 de área total, 45.11 de área privativa, 220.00 de área do terreno,  2 qto(s), WC, 1 sala(s), cozinha, Terraco.",46472.85,80000.0,41.91,Venda Direta Online,,ALTOS,PI,Não
8444428093826,"RUA BUGARI, N. 395, QD A-4",SANTA INÊS,"Casa, 52.84 de área total, 52.84 de área privativa, 370.00 de área do terreno,  2 qto(s), a.serv, WC, 1 sala(s), cozinha, Terraco, 1 vaga(s) de garagem.",35435.55,61000.0,41.91,Venda Direta Online,,ALTOS,PI,Não
8444424143497,"RUA VIII, N. 20, CS 20, LT 9, QD E",BAIXAO DOS PAIVA,"Casa, 52.63 de área total, 52.63 de área privativa, 200.00 de área do terreno,  2 qto(s), a.serv, WC, 1 sala(s), cozinha.",83721.21,143000.0,41.46,Venda Direta Online,,ALTOS,PI,Não
8444426311877,"RUA III, N. 120, LT 13 QD F",BAIXAO DOS PAIVAS,"Casa, 56.43 de área total, 56.43 de área privativa, 200.00 de área do terreno,  2 qto(s), varanda, a.serv, WC, 1 sala(s), cozinha.",83815.84,143161.64,41.46,Licitação Aberta,,ALTOS,PI,Não
8444427638055,"RUA NOVO HORIZONTE, N. 27, RESIDENCIAL PINHEIROS II",TRANQUEIRA,"Casa, 0.00 de área total, 58.42 de área privativa, 210.00 de área do terreno,  2 qto(s), varanda, a.serv, WC, 1 sala(s).",81379.36,139000.0,41.46,Licitação Aberta,,ALTOS,PI,Não
8444428721525,"R II, N. 121,",TRANQUEIRA,"Casa, 0.00 de área total, 66.50 de área privativa, 190.00 de área do terreno,  2 qto(s), varanda, a.serv, WC, 1 sala(s), cozinha.",82634.07,141143.12,41.46,Venda Direta Online,,ALTOS,PI,Não
8444432817590,"RUA VIII, N. 300, QD V LT 02",TRANQUEIRA,"Casa, 63.12 de área total, 63.12 de área privativa, 200.00 de área do terreno,  2 qto(s), a.serv, WC, 1 sala(s), cozinha, 1 vaga(s) de garagem.",85118.07,145385.91,41.46,Licitação Aberta,,ALTOS,PI,Não
8444432940899,"RUA PROJETADA I, N. 465,",BURITIZINHO,"Casa, 52.21 de área total, 52.21 de área privativa, 164.71 de área do terreno,  2 qto(s), a.serv, WC, 1 sala(s), cozinha, 1 vaga(s) de garagem.",83721.21,143000.0,41.46,Licitação Aberta,,ALTOS,PI,Não
8444435750489,"RUA PROJETADA III, N. 234,",BURITIZINHO,"Casa, 52.72 de área total, 52.72 de área privativa, 166.00 de área do terreno,  2 qto(s), a.serv, WC, 1 sala(s), cozinha.",83162.96,142046.49,41.46,Licitação Aberta,,ALTOS,PI,Não
8444438130627,"RUA XII, N. 304,",TRANQUEIRA,"Casa, 54.40 de área total, 54.40 de área privativa, 160.00 de área do terreno,  2 qto(s), a.serv, WC, 1 sala(s), cozinha, Terraco.",84892.14,145000.0,41.46,Venda Direta Online,,ALTOS,PI,Não
8444423692667,"RUA ANTÔNIO RIBEIRO, N. 575,",CENTRO,"Casa, 61.75 de área total, 61.75 de área privativa, 147.25 de área do terreno,  2 qto(s), varanda, a.serv, WC, 1 sala(s), cozinha.",94222.54,159000.0,40.75,Venda Direta Online,,ALTOS,PI,Não
8444420196391,"RUA COLORADO, N. 323,",BAIRRO SANTA INES,"Casa, 57.25 de área total, 57.25 de área privativa, 200.20 de área do terreno,  2 qto(s), varanda, a.serv, WC, 1 sala(s), cozinha, 1 vaga(s) de garagem.",74151.28,119942.0,38.18,Leilão SFI - Edital Único,,ALTOS,PI,Não
8444426634137,"RUA BERTOLÍNIA, N. 1596, QUADRA L LOTEAMENTO SAO LUIS",ST INES,"Casa, 59.00 de área total, 59.00 de área privativa, 227.50 de área do terreno,  2 qto(s), a.serv, WC, 1 sala(s), cozinha, 1 vaga(s) de garagem.",90293.74,128266.61,29.61,Leilão SFI - Edital Único,,ALTOS,PI,Não
8555536611443,"RUA I, N. 180, QD B LT 13",BAIRRO SANTA LUZ,"Casa, 45.20 de área total, 45.20 de área privativa, 200.00 de área do terreno,  2 qto(s), a.serv, WC, 1 sala(s), cozinha.",84400.0,84400.0,0.0,Leilão SFI - Edital Único,,ALTOS,PI,Não
8444437725570,"RUA PROJETADA VI, N. 56,",CIANA,"Casa, 0.00 de área total, 54.40 de área privativa, 173.86 de área do terreno,  2 qto(s), varanda, a.serv, WC, 1 sala(s), cozinha.",147264.97,146000.0,0.0,Leilão SFI - Edital Único,,ALTOS,PI,Não
8444437779603,"RUA XII, N. 336,",BAIRRO TRANQUEIRA,"Casa, 54.40 de área total, 54.40 de área privativa, 160.00 de área do terreno,  2 qto(s), a.serv, WC, 1 sala(s), cozinha.",153062.88,143600.0,0.0,Leilão SFI - Edital Único,,ALTOS,PI,Não
8444438622252,"RUA PROJETADA VII, N. 66, CS 66",CENTRO,"Casa, 54.40 de área total, 54.40 de área privativa, 182.54 de área do terreno,  2 qto(s), a.serv, WC, 1 sala(s), cozinha.",152526.13,141000.0,0.0,Leilão SFI - Edital Único,,ALTOS,PI,Não
8444427333920,"RUA XII, N. 760, LT 25 QD M",SÃO SEBASTIÃO,"Casa, 52.63 de área total, 52.63 de área privativa, 250.00 de área do terreno,  2 qto(s), a.serv, WC, 1 sala(s), cozinha, 1 vaga(s) de garagem.",115311.74,106000.0,0.0,Leilão SFI - Edital Único,,ALTOS,PI,Não
8444434724352,"RUA PROJETADA III, N. 18, RESIDENCIAL TERRAS DOS IPÊS",BURITIZINHO,"Casa, 52.72 de área total, 52.72 de área privativa, 166.00 de área do terreno,  2 qto(s), a.serv, WC, 1 sala(s), cozinha.",143868.06,130000.0,0.0,Leilão SFI - Edital Único,,ALTOS,PI,Não
8444426465092,"RUA PROJETADA I, N. 12,",BAIRRO TRANQUEIRA,"Casa, 65.18 de área total, 65.18 de área privativa, 284.43 de área do terreno,  2 qto(s), a.serv, WC, 1 sala(s), cozinha, Terraco, 1 vaga(s) de garagem.",125198.2,105000.0,0.0,Leilão SFI - Edital Único,,ALTOS,PI,Não
8444427086702,"RUA IX, N. 51,",BAIXAO DOS PAIVA,"Casa, 0.00 de área total, 53.43 de área privativa, 212.60 de área do terreno,  2 qto(s), varanda, a.serv, WC, 1 sala(s), cozinha.",129891.19,102000.0,0.0,Leilão SFI - Edital Único,,ALTOS,PI,Não
8444416012710,"RUA SANTA HELENA, N. 131,",SANTA LUZ,"Casa, 0.00 de área total, 63.00 de área privativa, 0.00 de área do terreno,  2 qto(s), WC, 1 sala(s), cozinha.",176377.03,135000.0,0.0,Leilão SFI - Edital Único,,ALTOS,PI,Não
8444423036310,"RUA MANOEL FLOR II, N. 298, 298, GROTAO DO BAIXAO DOS ARAÇAS",AREIAS,"Casa, 73.50 de área total, 73.50 de área privativa, 300.00 de área do terreno,  3 qto(s), WC, 1 sala(s), cozinha.",59587.57,115500.0,48.41,Venda Online,,AMARANTE,PI,Não
8444426795653,"RUA ANTONIO CIRILO, N. 733, BAIRRO AREIAS",AREIAS,"Casa, 0.00 de área total, 70.00 de área privativa, 300.00 de área do terreno,  2 qto(s), a.serv, WC, 1 sala(s), cozinha.",45410.19,118700.0,61.75,Venda Direta Online,,ANGICAL DO PIAUI,PI,Não
10220688,"RUA 15 DE NOVEMBRO, N. 157",CENTRO,"Casa, 0.00 de área total, 175.00 de área privativa, 200.00 de área do terreno.",146837.21,256000.0,42.65,Venda Online,,AVELINO LOPES,PI,Não
8444400653193,"RUA PROJETADA, N. 995, .",VILA FRANCA,"Casa, 0.00 de área total, 64.50 de área privativa, 160.00 de área do terreno,  2 qto(s), WC, 1 sala(s), cozinha.",30067.44,99000.0,69.63,Venda Online,,BARRAS,PI,Não
8444401094929,"RUA PROJETADA, N. 133, UN 133",GALDINAL,"Casa, 0.00 de área total, 79.37 de área privativa, 300.00 de área do terreno,  2 qto(s), varanda, WC, 1 sala(s), cozinha, 1 vaga(s) de garagem.",56854.21,152660.26,62.76,Venda Direta Online,,BARRAS,PI,Não
8555512095119,"RUA PROJETADA 17, N. SN, LT 09 QD 11",VILA FRANCA,"Casa, 58.60 de área total, 58.60 de área privativa, 200.00 de área do terreno,  2 qto(s), a.serv, WC, 1 sala(s), cozinha.",60663.5,120000.0,49.45,Venda Online,,BARRAS,PI,Não
8444427660514,"RUA PROJETADA 06, N. 70,",CENTRO,"Casa, 0.00 de área total, 60.00 de área privativa, 200.00 de área do terreno,  2 qto(s), WC, 1 sala(s), cozinha, Terraco.",62425.08,121000.0,48.41,Venda Direta Online,,BARRAS,PI,Não
8555508953700,"RUA CAIXA D AGUA (RUA ETA), N. 158,",CENTRO,"Casa, 85.00 de área total, 85.00 de área privativa, 324.59 de área do terreno,  3 qto(s), WC, 3 sala(s), cozinha.",40399.57,77500.0,47.88,Venda Direta Online,,BARRAS,PI,Não
8555501456255,"RUA RAIMUNDO NONATO BANDEIRA, N. SN, NO LOCAL 2927",SANTINHO,"Casa, 0.00 de área total, 117.60 de área privativa, 335.40 de área do terreno,  3 qto(s), WC, 2 sala(s), cozinha.",69934.44,122000.0,42.68,Venda Direta Online,,BARRAS,PI,Não
1555526774880,"AVENIDA CORONEL BENEDITO DA LUZ, N. S/N,",CENTRO,"Casa, 0.00 de área total, 153.60 de área privativa, 470.00 de área do terreno,  4 qto(s), WC, 2 sala(s), cozinha.",85466.19,140000.0,38.96,Venda Direta Online,,BARRO DURO,PI,Não
8444403793166,"RUA PROJETADA 2, N. SN,",BATALHA,"Casa, 0.00 de área total, 79.12 de área privativa, 170.00 de área do terreno,  3 qto(s), a.serv, WC, 1 sala(s), cozinha.",105948.36,130000.0,18.51,Leilão SFI - Edital Único,,BATALHA,PI,Não
8444408331950,"RUA PRESIDENTE CASTELO BRANCO, N. SN, LT 02",CENTRO,"Casa, 56.01 de área total, 56.01 de área privativa, 200.00 de área do terreno,  2 qto(s), a.serv, WC, 1 sala(s), cozinha, 1 vaga(s) de garagem.",58574.77,102506.29,42.86,Venda Direta Online,,BENEDITINOS,PI,Não
8444409645258,"RUA PRESIDENTE CASTELO BRANCO, N. SN, CS 01 LT 01",CENTRO,"Casa, 56.01 de área total, 56.01 de área privativa, 200.00 de área do terreno,  2 qto(s), WC, 1 sala(s), cozinha, Terraco, 1 vaga(s) de garagem.",44908.95,77307.85,41.91,Venda Direta Online,,BENEDITINOS,PI,Não
8444400610338,"CONSORCIO DAS AGUAS II, N. SN, LT 15 QD 09",JOSUE PARENTE,"Casa, 0.00 de área total, 84.00 de área privativa, 200.00 de área do terreno,  3 qto(s), varanda, a.serv, WC, 1 sala(s), cozinha, 1 vaga(s) de garagem.",111810.06,184989.35,39.56,Licitação Aberta,,BOM JESUS,PI,Não
8444406711802,"RUA SÃO FRANCISCO, N. SN,",BAIRRO VICENTE,"Casa, 80.98 de área total, 80.98 de área privativa, 200.00 de área do terreno,  2 qto(s), varanda, a.serv, WC, 1 sala(s), cozinha.",107463.17,174000.0,38.24,Licitação Aberta,,BOM JESUS,PI,Não
10291029,"ESTRADA VICINAL DE BOM PRINCÍPIO / SÃO MIGUEL, N. 00",CENTRO,"Terreno, 0.00 de área total, 0.00 de área privativa, 6000.00 de área do terreno.",191194.29,300000.0,36.27,Venda Direta Online,,BOM PRINCIPIO DO PIAUI,PI,Sim
1555531473290,"AVENIDA JOAQUIM DIÓ, N. 0,",CENTRO,"Casa, 50.85 de área total, 50.85 de área privativa, 275.00 de área do terreno, WC Emp, 1 sala(s).",90349.97,148000.0,38.96,Venda Direta Online,,BONFIM DO PIAUI,PI,Não
10309351,"FAZENDA CAMPO BELO DO BURITI III, N. 00, ROD. PI - 140",ZONA RURAL,"Imóvel rural, 0.00 de área total, 0.00 de área privativa, 12583034.0 de área do terreno.",1678576.73,1678000.0,0.0,Leilão SFI - Edital Único,,BREJO DO PIAUI,PI,Não
10309350,"FAZENDA CAMPO BELO DO BURITI I, N. 00",ZONA RURAL,"Imóvel rural, 0.00 de área total, 0.00 de área privativa, 59054296.0 de área do terreno.",6495792.59,6479000.0,0.0,Leilão SFI - Edital Único,,BREJO DO PIAUI,PI,Sim
8444411591712,"RUA AMBRÓSIO ANTÔNIO DE SÁ, N. 137, QD 13/63 LT 17 ST 02",CENTRO,"Casa, 70.00 de área total, 70.00 de área privativa, 240.00 de área do terreno,  2 qto(s), WC, 1 sala(s), cozinha.",67068.27,117000.0,42.68,Venda Direta Online,,CAMPO GRANDE DO PIAUI,PI,Não
8444410241963,"RUA FRANCISCO DAS CHAGAS SOBRINHO, N. SN, QD 5/54, LT 19, SETOR 2",CENTRO,"Casa, 69.00 de área total, 69.00 de área privativa, 240.00 de área do terreno,  2 qto(s), a.serv, WC, 2 sala(s), cozinha, 1 vaga(s) de garagem.",51787.52,89455.74,42.11,Venda Online,,CAMPO GRANDE DO PIAUI,PI,Não
8444411431901,"AV PROJETADA, N. 245,",CENTRO KM 80,"Casa, 70.00 de área total, 70.00 de área privativa, 225.00 de área do terreno,  2 qto(s), WC, 1 sala(s), cozinha.",46472.85,80000.0,41.91,Venda Direta Online,,CAMPO GRANDE DO PIAUI,PI,Não
8444418977357,"TR LUIZ GONZAGA DA COSTA ARAUJO, N. 09, LT09, QDU",CIDADE NOVA,"Casa, 63.24 de área total, 63.24 de área privativa, 300.00 de área do terreno,  2 qto(s), a.serv, WC, 1 sala(s), cozinha, Terraco.",53999.76,108000.0,50.01,Venda Online,,CAMPO MAIOR,PI,Não
8444422522660,"AVENIDA CAP. OVIDIO BONA, N. 684,",SÃO JOÃO,"Casa, 0.00 de área total, 55.87 de área privativa, 163.72 de área do terreno,  2 qto(s), WC, 1 sala(s), cozinha, Terraco.",58378.16,112700.0,48.21,Licitação Aberta,,CAMPO MAIOR,PI,Não
8444425264867,"AVENIDA PROJETADA, N. 23, LT 23",CIDADE NOVA,"Casa, 67.00 de área total, 67.00 de área privativa, 192.00 de área do terreno,  2 qto(s), a.serv, WC, 1 sala(s), cozinha, Terraco.",79608.33,147000.0,45.85,Venda Direta Online,,CAMPO MAIOR,PI,Não
8444431001775,"R TUCUNS, N. 631,",SANTA RITA,"Casa, 0.00 de área total, 46.00 de área privativa, 186.00 de área do terreno,  2 qto(s), varanda, WC, 1 sala(s), cozinha.",67397.81,123763.03,45.55,Venda Direta Online,,CAMPO MAIOR,PI,Não
8444421553112,"VIA PUBLICA, N. SN, CS 04 QD 40",LOT POUSADA DO SOL,"Casa, 65.00 de área total, 65.00 de área privativa, 240.00 de área do terreno,  2 qto(s), WC, 1 sala(s), cozinha, Terraco, 1 vaga(s) de garagem.",71012.55,125732.39,43.53,Venda Direta Online,,CAMPO MAIOR,PI,Não
8444418909211,"RUA ALIPIO IBIAPINA, N. 190,",SANTA CRUZ,"Casa, 0.00 de área total, 53.23 de área privativa, 199.50 de área do terreno,  2 qto(s), a.serv, WC, 1 sala(s), cozinha, Terraco.",59999.74,105000.0,42.86,Venda Online,,CAMPO MAIOR,PI,Não
8787700468025,"RUA XXII, N. SN, LT 04 QD A-2",CIDADE NOVA,"Casa, 50.62 de área total, 50.62 de área privativa, 257.50 de área do terreno,  2 qto(s), varanda, WC, 1 sala(s), cozinha.",62042.24,108574.39,42.86,Venda Direta Online,,CAMPO MAIOR,PI,Não
8444424335990,"RUA ALAMEDA ANTONIO CAMPO MAIOR BONA, N. 214,",PQ DAS ESTRELAS,"Casa, 60.00 de área total, 60.00 de área privativa, 187.50 de área do terreno,  2 qto(s), a.serv, WC, 1 sala(s), cozinha, Terraco, 1 vaga(s) de garagem.",65921.81,115000.0,42.68,Venda Direta Online,,CAMPO MAIOR,PI,Não
8444426144091,"RUA ESPERANÇA, N. 253,",SÃO JOÃO,"Casa, 57.00 de área total, 57.00 de área privativa, 228.28 de área do terreno,  2 qto(s), varanda, a.serv, WC, 1 sala(s), cozinha, Terraco, 1 vaga(s) de garagem.",67068.27,117000.0,42.68,Venda Direta Online,,CAMPO MAIOR,PI,Não
8444426070551,"R VAQUEIRO ANTONIO PEDRO SOBRINHO, N. 57,  CS",SANTA CRUZ,"Casa, 0.00 de área total, 66.22 de área privativa, 225.00 de área do terreno,  2 qto(s), a.serv, WC, 1 sala(s), cozinha, 1 vaga(s) de garagem.",72519.51,125190.53,42.08,Venda Direta Online,,CAMPO MAIOR,PI,Não
1444419180381,"RUA DOS COMERCIARIOS, N. 482, QD 04 CS 09",SAO LUIS,"Casa, 102.51 de área total, 102.51 de área privativa, 230.00 de área do terreno,  3 qto(s), varanda, WC, 1 sala(s), cozinha, Terraco, 1 vaga(s) de garagem.",144767.36,230000.0,37.06,Licitação Aberta,,CAMPO MAIOR,PI,Não
1444416014944,"AVENIDA MARTINHO BORGES, N. 184, BAIRRO SANTO ANTONIO",CENTRO,"Casa, 187.00 de área total, 187.00 de área privativa, 552.00 de área do terreno,  4 qto(s), a.serv, WC, 1 sala(s), cozinha.",181119.01,339000.0,46.58,Venda Direta Online,,CANTO DO BURITI,PI,Não
8444417831910,"RUA PROJETADA LESTE, N. SN, LT-11, QD.A",CENTRO,"Casa, 0.00 de área total, 55.50 de área privativa, 225.00 de área do terreno,  2 qto(s), a.serv, WC, 1 sala(s), cozinha, 1 vaga(s) de garagem.",49177.25,108500.0,54.68,Venda Online,,CASTELO DO PIAUI,PI,Não
8444423122534,"RUA PROJETADA LESTE, N. 0, LT10, QD C",NOSSA SRA DAS GRAÇAS,"Casa, 54.95 de área total, 54.95 de área privativa, 225.00 de área do terreno,  2 qto(s), a.serv, WC, 1 sala(s), cozinha.",57997.38,119030.49,51.28,Venda Online,,CASTELO DO PIAUI,PI,Não
8444419665804,"RUA PROJETADA LESTE, N. SN, QD C LT 06 CS 06",NOSSA SRA DAS GRAÇAS,"Casa, 0.00 de área total, 54.95 de área privativa, 225.00 de área do terreno,  2 qto(s), a.serv, WC, 1 sala(s), cozinha.",60524.02,105917.5,42.86,Venda Direta Online,,CASTELO DO PIAUI,PI,Não
8444423509684,"AVENIDA ESTADOS UNIDOS, N. SN, LT 22, QD X",LOT CEMIL / COHAB,"Casa, 70.25 de área total, 70.25 de área privativa, 300.00 de área do terreno,  2 qto(s), a.serv, WC, 1 sala(s), cozinha.",81964.82,140000.0,41.46,Venda Direta Online,,CASTELO DO PIAUI,PI,Não
8444406884120,"RUA PRINCESA ISABEL, N. 445,",SANTA LUZIA,"Casa, 0.00 de área total, 75.50 de área privativa, 249.55 de área do terreno,  3 qto(s), a.serv, 2 sala(s), cozinha.",35642.88,95000.0,62.49,Venda Online,,COCAL,PI,Não
8555517413089,"RUA FREDERICO PIRES, N. 977,",CENTRO,"Casa, 0.00 de área total, 134.56 de área privativa, 500.00 de área do terreno,  3 qto(s), a.serv, WC, 1 sala(s), cozinha.",123442.27,248000.0,50.23,Venda Direta Online,,COCAL,PI,Sim
1555528828872,"CONJ. HAB. JOSE DA CUNHA FROTA, N. 02, QD 04",JOSE DA CUNHA FROTA,"Casa, 183.72 de área total, 183.72 de área privativa, 183.72 de área do terreno,  5 qto(s), a.serv, WC, 1 sala(s), cozinha, Terraco, 1 vaga(s) de garagem.",95646.79,186700.0,48.77,Venda Direta Online,,COCAL,PI,Sim
8444428921990,"AVENIDA JOÃO JUSTINO DE BRITO, N. 1160,",CENTRO,"Casa, 330.00 de área total, 330.00 de área privativa, 402.60 de área do terreno,  3 qto(s), varanda, a.serv, WC, 1 sala(s), cozinha.",241860.28,395000.0,38.77,Licitação Aberta,,COCAL,PI,Não
8444408283816,"RUA PROJETADA 06, N. 205,",ULISSES,"Casa, 97.75 de área total, 97.75 de área privativa, 212.50 de área do terreno,  2 qto(s), a.serv, WC, 1 sala(s), cozinha, Terraco.",122737.54,195000.0,37.06,Licitação Aberta,,COCAL,PI,Não
8444404189378,"RUA ORIZON NOGUEIRA PARANAGUA, N. SN,",AEROPORTO I,"Casa, 65.00 de área total, 65.00 de área privativa, 116.34 de área do terreno,  3 qto(s), WC, 1 sala(s), cozinha, 1 vaga(s) de garagem.",43568.3,75000.0,41.91,Licitação Aberta,,CORRENTE,PI,Não
8444412926335,"RUA MANOEL RIBEIRO, N. 829, .",VL FILOMENA,"Casa, 0.00 de área total, 59.50 de área privativa, 168.00 de área do terreno,  2 qto(s), a.serv, WC, 1 sala(s), cozinha, Terraco.",39515.82,174576.97,77.37,Venda Direta Online,,DEMERVAL LOBAO,PI,Não
8444413161910,"RUA MAJO NELSO AMORIN CARDOSO, N. 8, QD 01",SAO PEDRO,"Casa, 0.00 de área total, 58.50 de área privativa, 183.10 de área do terreno,  2 qto(s), WC, 1 sala(s), cozinha, Terraco.",25215.89,70000.0,63.98,Venda Online,,DEMERVAL LOBAO,PI,Não
8444408716828,"RUA NOVO HORIZONTE, N. 75,",VILA FILOMENA,"Casa, 0.00 de área total, 56.00 de área privativa, 170.00 de área do terreno,  2 qto(s), WC, 1 sala(s), cozinha, Terraco.",41561.45,109000.0,61.88,Venda Direta Online,,DEMERVAL LOBAO,PI,Não
8444411593090,"TRAVESSA OTACÍLIA VELOSO, N. 13,",CIDADE NOVA,"Casa, 0.00 de área total, 56.60 de área privativa, 150.00 de área do terreno,  2 qto(s), WC, 1 sala(s), cozinha.",43086.64,113000.0,61.88,Venda Direta Online,,DEMERVAL LOBAO,PI,Não
8444424415160,"TRAVESSA GARDENIA, N. 308, AREA 11",CENTRO,"Casa, 0.00 de área total, 62.00 de área privativa, 245.49 de área do terreno,  2 qto(s), a.serv, WC, 1 sala(s), sacada, cozinha, 1 vaga(s) de garagem.",47561.98,122000.0,61.02,Venda Direta Online,,DEMERVAL LOBAO,PI,Não
8444407513079,"RUA NOVO HORIZONTE, N. 50, ESQ. RUA C",VILA FILOMENA,"Casa, 0.00 de área total, 56.40 de área privativa, 170.00 de área do terreno,  2 qto(s), a.serv, WC, cozinha, Terraco.",62559.05,157931.26,60.39,Venda Direta Online,,DEMERVAL LOBAO,PI,Não
8444412481643,"RUA LUIZ DE CASTRO, N. 486,",PQ VAQUEJADOR,"Casa, 0.00 de área total, 56.59 de área privativa, 300.00 de área do terreno,  2 qto(s), WC, 1 sala(s), cozinha, Terraco.",40586.9,98000.0,58.59,Venda Direta Online,,DEMERVAL LOBAO,PI,Não
8444414096437,"RUA ZEIS, N. 731,",PIAÇAVA II,"Casa, 0.00 de área total, 59.96 de área privativa, 400.00 de área do terreno,  2 qto(s), a.serv, WC, 1 sala(s), cozinha, 1 vaga(s) de garagem.",36472.82,88066.25,58.59,Venda Direta Online,,DEMERVAL LOBAO,PI,Não
8444415105871,"RUA SÃO RAIMUNDO, N. 68,",PIAÇAVA II,"Casa, 0.00 de área total, 56.30 de área privativa, 293.00 de área do terreno,  2 qto(s), a.serv, WC, 1 sala(s), cozinha, Terraco.",37273.68,90000.0,58.59,Venda Direta Online,,DEMERVAL LOBAO,PI,Não
8444419148389,"RUA 27 DE JULHO, N. 1000,",SAO PEDRO,"Casa, 0.00 de área total, 52.69 de área privativa, 268.10 de área do terreno,  2 qto(s), a.serv, WC, 1 sala(s), cozinha, Terraco.",37979.64,91704.58,58.59,Venda Direta Online,,DEMERVAL LOBAO,PI,Não
8444412841178,"RUA BARTOLOMEU SOARES ESQ DA RUA MARIA RAIMUNDA DE, N. 486, CS 486",CENTRO,"Casa, 0.00 de área total, 52.29 de área privativa, 150.00 de área do terreno,  2 qto(s), WC, 1 sala(s), cozinha, Terraco.",24523.15,59000.0,58.44,Venda Online,,DEMERVAL LOBAO,PI,Não
8444411452186,"RUA DO BARROCAO, N. SN,",PIAÇAVA I,"Casa, 0.00 de área total, 52.65 de área privativa, 300.00 de área do terreno,  2 qto(s), WC, 1 sala(s), cozinha, Terraco, 1 vaga(s) de garagem.",53066.36,121373.75,56.28,Venda Direta Online,,DEMERVAL LOBAO,PI,Não
8444414040148,"RUA ELZA COUTINHO MELO, N. 280,",CIDADE NOVA,"Casa, 0.00 de área total, 58.00 de área privativa, 192.00 de área do terreno,  2 qto(s), varanda, WC, 1 sala(s), cozinha.",37373.08,84600.0,55.83,Venda Direta Online,,DEMERVAL LOBAO,PI,Não
8444421780542,"TRAVESSA ANTONIA DE JESUS VELOSO CHAVES, N. 72,",CIDADE NOVA,"Casa, 0.00 de área total, 62.00 de área privativa, 200.00 de área do terreno,  2 qto(s), a.serv, WC, 1 sala(s), cozinha.",39758.6,90000.0,55.83,Venda Direta Online,,DEMERVAL LOBAO,PI,Não
8444424872790,"TRAVESSA GARDÊNIA, N. 347,",CENTRO,"Casa, 62.00 de área total, 62.00 de área privativa, 200.00 de área do terreno,  2 qto(s), a.serv, WC, 1 sala(s), cozinha, Terraco.",49250.36,107735.65,54.29,Venda Online,,DEMERVAL LOBAO,PI,Não
8444408367823,"RUA PARAIBUNA, N. 155",CIDADE NOVA,"Casa, 0.00 de área total, 67.66 de área privativa, 200.00 de área do terreno,  2 qto(s), WC, 1 sala(s), cozinha, Terraco, 1 vaga(s) de garagem.",56230.52,119385.17,52.9,Venda Direta Online,,DEMERVAL LOBAO,PI,Não
8444409724255,"RUA SANTA MARTA, N. 524, .",TAMBORIL,"Casa, 0.00 de área total, 61.39 de área privativa, 153.00 de área do terreno,  2 qto(s), a.serv, WC, 1 sala(s), cozinha, Terraco, 1 vaga(s) de garagem.",48317.74,100000.0,51.69,Venda Online,,DEMERVAL LOBAO,PI,Não
8444414881207,"RUA BARTOLOMEU SOARES, N. 520, Apto 0, QD 15, LT 04",CENTRO,"Casa, 0.00 de área total, 56.00 de área privativa, 300.00 de área do terreno,  2 qto(s), WC, 1 sala(s), cozinha.",45589.36,94353.26,51.69,Venda Direta Online,,DEMERVAL LOBAO,PI,Não
8444416380213,"RUA BARROCAO, N. 49, 49,",SANTA INES,"Casa, 56.00 de área total, 56.00 de área privativa, 200.00 de área do terreno,  2 qto(s), a.serv, WC, 1 sala(s), cozinha.",50514.06,104000.0,51.43,Venda Direta Online,,DEMERVAL LOBAO,PI,Não
8444425485804,"TRAVESSA AZALEIA, N. 36,  LT 02",CIDADE NOVA,"Casa, 62.00 de área total, 62.00 de área privativa, 190.00 de área do terreno,  2 qto(s), a.serv, WC, 1 sala(s), cozinha, Terraco.",51971.2,107000.0,51.43,Venda Online,,DEMERVAL LOBAO,PI,Não
8444425747078,"RUA MATO GROSSO, N. 998,",CIDADE NOVA,"Casa, 65.67 de área total, 65.67 de área privativa, 223.18 de área do terreno,  2 qto(s), a.serv, WC, 1 sala(s), cozinha.",51737.29,106518.43,51.43,Venda Direta Online,,DEMERVAL LOBAO,PI,Não
8444409327302,"RUA  ANTONIO CARVALHO DE LIMA, N. 1961,",BOA ESPERANÇA,"Casa, 51.10 de área total, 51.10 de área privativa, 225.00 de área do terreno,  2 qto(s), a.serv, WC, 1 sala(s), cozinha, Terraco.",56520.78,116000.0,51.28,Venda Direta Online,,DEMERVAL LOBAO,PI,Não
8444424812240,"TRAVESSA GARDENIA, N. 307,",CIDADE NOVA,"Casa, 62.00 de área total, 62.00 de área privativa, 280.88 de área do terreno,  2 qto(s), varanda, a.serv, WC, 1 sala(s), cozinha, 1 vaga(s) de garagem.",56520.78,116000.0,51.28,Venda Direta Online,,DEMERVAL LOBAO,PI,Não
8444425250475,"TRAVESSA GIRASSOL, N. 191,",CIDADE NOVA,"Casa, 64.06 de área total, 64.06 de área privativa, 180.20 de área do terreno,  3 qto(s), a.serv, WC Emp, 1 sala(s), cozinha.",56420.26,115793.69,51.28,Venda Direta Online,,DEMERVAL LOBAO,PI,Não
8444422004872,"RUA RAIMUNDO NONATO SOARES, N. 251,",VILA FILOMENA,"Casa, 65.51 de área total, 65.51 de área privativa, 200.00 de área do terreno,  2 qto(s), WC, 1 sala(s), cozinha, Terraco.",60647.11,123300.0,50.82,Venda Direta Online,,DEMERVAL LOBAO,PI,Não
8444403870918,"RUA MATO GROSSO, N. 1035, LT 03",PRAIA DO VENTO,"Casa, 56.00 de área total, 56.00 de área privativa, 300.00 de área do terreno,  2 qto(s), WC, 1 sala(s), cozinha, Terraco.",44985.84,90517.95,50.31,Venda Direta Online,,DEMERVAL LOBAO,PI,Não
8444407452827,"RUA 27 DE JULHO, N. 920,",CIDADE NOVA,"Casa, 0.00 de área total, 56.00 de área privativa, 230.00 de área do terreno,  2 qto(s), WC, 1 sala(s), cozinha.",42740.49,86000.0,50.31,Venda Direta Online,,DEMERVAL LOBAO,PI,Não
8444410539105,"RUA SAO JOSE, N. 34,",SANTA INES,"Casa, 52.50 de área total, 52.50 de área privativa, 472.20 de área do terreno,  2 qto(s), WC, 1 sala(s), cozinha, Terraco.",49449.76,99500.0,50.31,Venda Direta Online,,DEMERVAL LOBAO,PI,Não
8444414699530,"RUA LEONILIA LEITE, N. 136, .",CENTRO,"Casa, 0.00 de área total, 60.40 de área privativa, 165.00 de área do terreno,  2 qto(s), a.serv, WC, 1 sala(s), cozinha, 1 vaga(s) de garagem.",44879.91,90304.81,50.31,Venda Direta Online,,DEMERVAL LOBAO,PI,Não
8444412323703,"RUA RAIMUNDO LAURINDO, N. 191,",PIAÇAVA I,"Casa, 53.22 de área total, 53.22 de área privativa, 135.50 de área do terreno,  2 qto(s), WC, 1 sala(s), cozinha, Terraco.",36200.16,72578.01,50.13,Venda Direta Online,,DEMERVAL LOBAO,PI,Não
8444424455065,"TRAVESSA BELO MONTE, N. 211,",CIDADE NOVA,"Casa, 62.00 de área total, 62.00 de área privativa, 174.35 de área do terreno,  2 qto(s), a.serv, WC, WC Emp, 1 sala(s), cozinha, Terraco.",57731.73,115100.0,49.85,Venda Direta Online,,DEMERVAL LOBAO,PI,Não
8444415200432,"RUA FELICIANO CARDOSO, N. 544,",BAIRRO CIDADE NOVA,"Casa, 58.50 de área total, 58.50 de área privativa, 188.07 de área do terreno,  2 qto(s), varanda, WC, 1 sala(s), cozinha.",53567.65,106315.04,49.62,Venda Online,,DEMERVAL LOBAO,PI,Não
8444416971734,"TRAVESSA GIRASSOL, N. 14, QUADRA C",BAIRRO CIDADE NOVA,"Casa, 58.50 de área total, 58.50 de área privativa, 200.00 de área do terreno,  2 qto(s), varanda, WC, 1 sala(s), cozinha.",54013.55,107200.0,49.62,Venda Online,,DEMERVAL LOBAO,PI,Não
8444417106883,"TRAVESSA VIOLETA, N. 04, QUADRA C",CIDADE NOVA,"Casa, 58.50 de área total, 58.50 de área privativa, 200.00 de área do terreno,  2 qto(s), varanda, a.serv, WC, 1 sala(s), cozinha.",55659.22,110466.14,49.62,Venda Online,,DEMERVAL LOBAO,PI,Não
8444408496453,"RUA FREI CONRADO, N. 990,",VISTA ALEGRE,"Casa, 56.00 de área total, 56.00 de área privativa, 195.00 de área do terreno,  2 qto(s), WC, 1 sala(s), cozinha, Terraco.",45589.77,90000.0,49.35,Venda Direta Online,,DEMERVAL LOBAO,PI,Não
8444410145352,"RUA VITORIA, N. 758,",CIDADE NOVA,"Casa, 56.00 de área total, 56.00 de área privativa, 196.00 de área do terreno,  2 qto(s), a.serv, WC, 1 sala(s), cozinha, Terraco.",44576.67,88000.0,49.35,Venda Direta Online,,DEMERVAL LOBAO,PI,Não
8444413020836,"TRAVESSA NICOLAU RODRIGUES, N. 75,",PIAÇAVA I,"Casa, 56.75 de área total, 56.75 de área privativa, 165.00 de área do terreno,  2 qto(s), a.serv, WC, 1 sala(s), cozinha, Terraco.",45589.77,90000.0,49.35,Venda Direta Online,,DEMERVAL LOBAO,PI,Não
8444413025986,"RUA TRAVESSA VISTA ALEGRE, N. S/N, LOTE 18 QD. 01",SAO PEDRO,"Casa, 64.12 de área total, 64.12 de área privativa, 203.38 de área do terreno,  2 qto(s), varanda, a.serv, WC, 1 sala(s), cozinha.",48245.69,95243.12,49.35,Venda Direta Online,,DEMERVAL LOBAO,PI,Não
8444409640272,"RUA MANOEL ANTONIO, N. 176,",SAO PEDRO,"Casa, 63.00 de área total, 63.00 de área privativa, 265.00 de área do terreno,  2 qto(s), varanda, WC, WC Emp, 1 sala(s), cozinha.",70454.3,137844.0,48.89,Venda Online,,DEMERVAL LOBAO,PI,Não
8444410433706,"R TRAVESSA CRISTOVAO SOARES, N. 10,",CENTRO,"Casa, 66.16 de área total, 66.16 de área privativa, 180.80 de área do terreno,  2 qto(s), WC, 1 sala(s), cozinha.",72231.49,141000.0,48.78,Venda Online,,DEMERVAL LOBAO,PI,Não
8444413380654,"RUA TRAVESSA VISTA ALEGRE, N. S/N, QD 01, LT 13",SAO PEDRO,"Casa, 52.00 de área total, 52.00 de área privativa, 185.43 de área do terreno,  2 qto(s), varanda, WC, 1 sala(s), cozinha.",42548.36,83000.0,48.74,Venda Online,,DEMERVAL LOBAO,PI,Não
8444409649326,"RUA JOSÉ RIBEIRO, N. 1247,",CENTRO,"Casa, 56.75 de área total, 56.75 de área privativa, 187.95 de área do terreno,  2 qto(s), WC, 1 sala(s), cozinha, Terraco.",57828.03,112443.88,48.58,Venda Direta Online,,DEMERVAL LOBAO,PI,Não
8444409388646,"RUA DIVINA, N. 944,",BAIRRO SAO PEDRO,"Casa, 56.35 de área total, 56.35 de área privativa, 200.00 de área do terreno,  2 qto(s), WC, 1 sala(s), cozinha, Terraco.",47934.39,92000.0,47.9,Venda Online,,DEMERVAL LOBAO,PI,Não
8444414152442,"RUA DULCILENE MORAES, N. 303,",SANTA INES,"Casa, 56.90 de área total, 56.90 de área privativa, 200.00 de área do terreno,  2 qto(s), WC, 1 sala(s), cozinha, Terraco.",68817.64,132000.0,47.87,Venda Direta Online,,DEMERVAL LOBAO,PI,Não
8444413517056,"RUA TRAVESSA VISTA ALEGRE, N. 14, QD 01 LT 14",BAIRRO SAO PEDRO,"Casa, 0.00 de área total, 52.00 de área privativa, 184.86 de área do terreno,  2 qto(s), varanda, a.serv, WC, 1 sala(s), cozinha, 1 vaga(s) de garagem.",36854.0,70000.0,47.36,Venda Online,,DEMERVAL LOBAO,PI,Não
8444429047275,"RUA ESPIRITO SANTO, N. 909,",CIDADE NOVA,"Casa, 56.43 de área total, 56.43 de área privativa, 209.56 de área do terreno,  2 qto(s), varanda, a.serv, WC, 1 sala(s), cozinha, Terraco, 1 vaga(s) de garagem.",63726.22,120183.6,46.98,Venda Online,,DEMERVAL LOBAO,PI,Não
8444415358745,"RUA SANTA CRUZ, N. 530",SANTA INES,"Casa, 0.00 de área total, 72.45 de área privativa, 229.12 de área do terreno,  3 qto(s), a.serv, WC, 1 sala(s), Terraco.",54182.51,102020.71,46.9,Venda Direta Online,,DEMERVAL LOBAO,PI,Não
8444413336701,"RUA TRAVESSA VISTA ALEGRE, N. SN, LT 10, QD 01",SAO PEDRO,"Casa, 57.00 de área total, 57.00 de área privativa, 180.33 de área do terreno,  2 qto(s), varanda, a.serv, WC, 1 sala(s), cozinha, 1 vaga(s) de garagem.",45714.36,85367.78,46.46,Venda Direta Online,,DEMERVAL LOBAO,PI,Não
8444425348262,"TRAVESSA AZALEIA, N. 60, LT 06",BAIRRO CIDADE NOVA,"Casa, 62.00 de área total, 62.00 de área privativa, 190.00 de área do terreno,  2 qto(s), varanda, a.serv, WC, 1 sala(s), cozinha.",51943.4,97000.0,46.46,Venda Online,,DEMERVAL LOBAO,PI,Não
8444425708765,"TREVESSA AZALEIA, N. 66, LT 07",CIDADE NOVA,"Casa, 62.00 de área total, 62.00 de área privativa, 190.00 de área do terreno,  2 qto(s), varanda, a.serv, WC, WC Emp, 1 sala(s), cozinha, Terraco.",70729.24,132000.0,46.42,Venda Online,,DEMERVAL LOBAO,PI,Não
8444404472800,"RUA MATO GROSSO, N. 1055,",PRAIA DO VENTO,"Casa, 56.00 de área total, 56.00 de área privativa, 200.00 de área do terreno,  2 qto(s), WC, 1 sala(s), cozinha, Terraco.",39763.32,74000.0,46.27,Venda Direta Online,,DEMERVAL LOBAO,PI,Não
8444413883486,"RUA SAO FRANCISCO, N. 531",PIACAVA II,"Casa, 0.00 de área total, 57.83 de área privativa, 300.00 de área do terreno.",43391.17,80303.37,45.97,Venda Online,,DEMERVAL LOBAO,PI,Não
8444416483896,"RUA TRAVESSA MARANATA, N. 65",BAIRRO SAO PEDRO,"Casa, 0.00 de área total, 58.50 de área privativa, 174.30 de área do terreno,  2 qto(s), WC, 1 sala(s), cozinha.",56649.95,104000.0,45.53,Venda Direta Online,,DEMERVAL LOBAO,PI,Não
8444415235732,"RUA ELZA COUTINHO, N. 129,",CIDADE NOVA,"Casa, 61.60 de área total, 61.60 de área privativa, 200.00 de área do terreno,  2 qto(s), a.serv, WC, 1 sala(s), cozinha.",58639.03,105250.0,44.29,Venda Online,,DEMERVAL LOBAO,PI,Não
8444417415258,"RUA TIA EMÍLIA, N. 898,",SANTA INES,"Casa, 58.50 de área total, 58.50 de área privativa, 174.90 de área do terreno,  2 qto(s), varanda, WC, 1 sala(s), cozinha.",57385.46,103000.0,44.29,Venda Online,,DEMERVAL LOBAO,PI,Não
8444417275049,"RUA RAIMUNDO VIEIRA, N. 436,",CIDADE NOVA,"Casa, 58.50 de área total, 58.50 de área privativa, 200.00 de área do terreno,  2 qto(s), a.serv, WC, 1 sala(s), cozinha, Terraco, 1 vaga(s) de garagem.",68744.97,123000.0,44.11,Venda Direta Online,,DEMERVAL LOBAO,PI,Não
8444417333820,"RUA NOVA, N. 455,",SANTA INES,"Casa, 63.36 de área total, 63.36 de área privativa, 172.00 de área do terreno,  2 qto(s), a.serv, WC, 1 sala(s), cozinha.",67114.05,120081.92,44.11,Venda Direta Online,,DEMERVAL LOBAO,PI,Não
8444417065265,"RUA ELIAS SANTOS, N. 617,",SANTA INES,"Casa, 59.89 de área total, 59.89 de área privativa, 202.00 de área do terreno,  2 qto(s), a.serv, WC, cozinha, 1 vaga(s) de garagem.",72858.07,129000.0,43.53,Venda Direta Online,,DEMERVAL LOBAO,PI,Não
8444412334438,"RUA SANTA LUZIA, N. 77, 77,",PARQUE VAQUEJADOR,"Casa, 59.50 de área total, 59.50 de área privativa, 200.00 de área do terreno,  2 qto(s), varanda, WC, 1 sala(s), cozinha.",44744.64,79000.0,43.37,Venda Online,,DEMERVAL LOBAO,PI,Não
8444417003413,"RUA RAIMUNDO NONATO SOARES, N. 323,",VILA FILOMENA,"Casa, 56.00 de área total, 56.00 de área privativa, 150.00 de área do terreno,  2 qto(s), WC, 1 sala(s), cozinha, Terraco.",47010.19,83000.0,43.37,Venda Online,,DEMERVAL LOBAO,PI,Não
8444416389830,"RUA BARROCAO, N. 45, ZONA URBANA",SANTA INES,"Terreno, 75.00 de área total, 0.00 de área privativa, 200.00 de área do terreno,  2 qto(s), WC, 1 sala(s), cozinha, Terraco, 1 vaga(s) de garagem.",82769.83,145000.0,42.92,Venda Online,,DEMERVAL LOBAO,PI,Não
8444424926416,"RUA SÃO DOMINGOS, N. 34,",SANTA INES,"Casa, 61.25 de área total, 61.25 de área privativa, 200.00 de área do terreno,  2 qto(s), a.serv, WC, 1 sala(s), cozinha, 1 vaga(s) de garagem.",79915.69,140000.0,42.92,Venda Direta Online,,DEMERVAL LOBAO,PI,Não
8444410600831,"RUA SETE DE SETEMBRO, N. 975,",PRAIA DO VENTO,"Casa, 65.82 de área total, 65.82 de área privativa, 0.00 de área do terreno,  2 qto(s), WC, 1 sala(s), cozinha, Terraco.",62285.44,109000.0,42.86,Venda Direta Online,,DEMERVAL LOBAO,PI,Não
8444415927553,"TRAVESSA SERGIO RODRIGUES DE SOUSA, N. 360, 360,",PIAÇAVA II,"Casa, 56.00 de área total, 56.00 de área privativa, 237.71 de área do terreno,  2 qto(s), WC, 1 sala(s), cozinha.",59428.31,104000.0,42.86,Venda Direta Online,,DEMERVAL LOBAO,PI,Não
8444416459340,"RUA MATO GROSSO, N. SN, QD 01, CS 03",CIDADE NOVA,"Casa, 54.69 de área total, 54.69 de área privativa, 205.00 de área do terreno,  2 qto(s), varanda, a.serv, WC, 1 sala(s), cozinha, Terraco.",59999.74,105000.0,42.86,Venda Direta Online,,DEMERVAL LOBAO,PI,Não
8444416663355,"RUA SAO DOMINGOS, N. 45, LT 14 QD 03",SANTA INES,"Casa, 56.00 de área total, 56.00 de área privativa, 200.00 de área do terreno,  2 qto(s), WC, 1 sala(s), cozinha, Terraco.",63428.3,111000.0,42.86,Venda Direta Online,,DEMERVAL LOBAO,PI,Não
8444416728449,"RUA 7 DE SETEMBRO, N. 1144, QD 2, LT 12",CIDADE NOVA,"Casa, 67.20 de área total, 56.00 de área privativa, 215.07 de área do terreno,  2 qto(s), varanda, WC, 1 sala(s), cozinha.",62856.87,110000.0,42.86,Venda Direta Online,,DEMERVAL LOBAO,PI,Não
8444416788093,"R 7 DE SETEMBRO, N. 1132, QD 02 LT 10",CIDADE NOVA,"Casa, 0.00 de área total, 56.00 de área privativa, 173.21 de área do terreno,  2 qto(s), varanda, WC, 1 sala(s), cozinha.",59999.74,105000.0,42.86,Venda Direta Online,,DEMERVAL LOBAO,PI,Não
8444416879617,"RUA ILHOTAS, N. 902, LT 07 QD 02",CIDADE NOVA,"Casa, 0.00 de área total, 58.50 de área privativa, 270.00 de área do terreno,  2 qto(s), WC, 1 sala(s), cozinha.",59142.6,103500.0,42.86,Venda Direta Online,,DEMERVAL LOBAO,PI,Não
8444417091223,"RUA TRAVESSA VIOLETA, N. 3, LT 03, QD C,",CIDADE NOVA,"Casa, 58.50 de área total, 58.50 de área privativa, 200.00 de área do terreno,  2 qto(s), varanda, WC, 1 sala(s), cozinha.",59999.74,105000.0,42.86,Venda Direta Online,,DEMERVAL LOBAO,PI,Não
8444417104538,"RUA SÃO DOMINGOS, N. 47, CS 47, LT 15, QD 03,",SANTA INES,"Casa, 56.00 de área total, 56.00 de área privativa, 200.00 de área do terreno,  2 qto(s), WC, 1 sala(s), cozinha, Terraco.",58285.46,102000.0,42.86,Venda Direta Online,,DEMERVAL LOBAO,PI,Não
8444417162295,"RUA TRAVESSA GIRASSOL, N. 15, LT 15, QD C",CIDADE NOVA,"Casa, 58.50 de área total, 58.50 de área privativa, 200.00 de área do terreno,  2 qto(s), varanda, WC, 1 sala(s), cozinha.",59577.73,104261.48,42.86,Venda Online,,DEMERVAL LOBAO,PI,Não
8444417902060,"AVENIDA SINHA RIBEIRO, N. 503,",PIAÇAVA,"Casa, 0.00 de área total, 56.00 de área privativa, 200.00 de área do terreno.",63359.73,110880.0,42.86,Licitação Aberta,,DEMERVAL LOBAO,PI,Não
8444418001643,"RUA TRAVESSA GIRASSOL, N. 02, LT 02 QD D",CIDADE NOVA,"Casa, 62.70 de área total, 62.70 de área privativa, 200.00 de área do terreno,  2 qto(s), varanda, a.serv, WC, 1 sala(s), cozinha, 1 vaga(s) de garagem.",58856.89,103000.0,42.86,Venda Direta Online,,DEMERVAL LOBAO,PI,Não
8444418583065,"RUA ELZA COUTINHO, N. 111,",CIDADE NOVA,"Casa, 61.60 de área total, 61.60 de área privativa, 200.00 de área do terreno,  2 qto(s), a.serv, WC, 1 sala(s), cozinha.",61099.9,106925.28,42.86,Venda Online,,DEMERVAL LOBAO,PI,Não
8444424877784,"RUA GARDENIA, N. 331, CS 331",CIDADE NOVA,"Casa, 64.06 de área total, 62.00 de área privativa, 200.00 de área do terreno,  2 qto(s), varanda, a.serv, WC, 1 sala(s), cozinha.",58856.89,103000.0,42.86,Licitação Aberta,,DEMERVAL LOBAO,PI,Não
8444426973110,"RUA SANTA CRUZ, N. 63,",SANTA INES,"Casa, 56.29 de área total, 56.29 de área privativa, 300.00 de área do terreno,  2 qto(s), a.serv, WC, 1 sala(s), cozinha, Terraco.",59999.74,105000.0,42.86,Licitação Aberta,,DEMERVAL LOBAO,PI,Não
8444408523094,"RUA SAO PAULO, N. 240, LT 04",PARQUE VAQUEJADOR,"Casa, 0.00 de área total, 56.00 de área privativa, 300.00 de área do terreno,  2 qto(s), WC, 1 sala(s), cozinha, Terraco.",68387.12,119300.72,42.68,Venda Direta Online,,DEMERVAL LOBAO,PI,Não
8444412409586,"RUA SÃO JOSE, N. 1380,",JOO DAMATA,"Casa, 52.00 de área total, 52.00 de área privativa, 146.40 de área do terreno,  2 qto(s), WC, 1 sala(s), cozinha, Terraco.",65504.05,114271.23,42.68,Licitação Aberta,,DEMERVAL LOBAO,PI,Não
8444415556628,"RUA FELICIANO CARDOSO DE MACEDO, N. 532,",CIDADE NOVA,"Casa, 58.50 de área total, 58.50 de área privativa, 188.07 de área do terreno,  2 qto(s), WC, 1 sala(s), cozinha, 1 vaga(s) de garagem.",68839.52,120089.93,42.68,Licitação Aberta,,DEMERVAL LOBAO,PI,Não
8444415669970,"RUA MARIA DA CONCEICAO, N. 1096,",SAO PEDRO,"Casa, 58.50 de área total, 58.50 de área privativa, 174.30 de área do terreno,  2 qto(s), varanda, a.serv, WC, 1 sala(s), cozinha, Terraco.",70507.67,123000.0,42.68,Venda Direta Online,,DEMERVAL LOBAO,PI,Não
8444415764352,"RUA FELICIANO CARDOSO DE MACEDO, N. 507,",CIDADE NOVA,"Casa, 58.50 de área total, 58.50 de área privativa, 190.00 de área do terreno,  2 qto(s), WC, 1 sala(s), cozinha, 1 vaga(s) de garagem.",68839.52,120089.93,42.68,Licitação Aberta,,DEMERVAL LOBAO,PI,Não
8444416267492,"RUA MARIA DA CONCEICAO, N. 1104,",SAO PEDRO,"Casa, 58.50 de área total, 58.50 de área privativa, 174.30 de área do terreno,  2 qto(s), varanda, a.serv, WC, 1 sala(s), cozinha, Terraco.",70507.67,123000.0,42.68,Venda Direta Online,,DEMERVAL LOBAO,PI,Não
8444416368094,"RUA FELICIANO CARDOSO DE MACEDO, N. 537,",CIDADE NOVA,"Casa, 57.00 de área total, 58.50 de área privativa, 190.00 de área do terreno,  2 qto(s), varanda, WC, 1 sala(s), cozinha.",68787.97,120000.0,42.68,Licitação Aberta,,DEMERVAL LOBAO,PI,Não
8444416580131,"RUA LUIZ ROSA, N. 1213,",SANTA RITA,"Casa, 62.56 de área total, 62.56 de área privativa, 130.00 de área do terreno,  2 qto(s), a.serv, WC, 1 sala(s), cozinha, Terraco.",65921.81,115000.0,42.68,Venda Direta Online,,DEMERVAL LOBAO,PI,Não
8444416793798,"RUA JOSÉ TIMOTEO, N. 228, LT 11, QD 01",SANTA INES,"Casa, 56.00 de área total, 56.00 de área privativa, 200.00 de área do terreno,  2 qto(s), WC, 1 sala(s), cozinha, Terraco.",68787.97,120000.0,42.68,Venda Online,,DEMERVAL LOBAO,PI,Não
8444424517486,"RUA SANTA RITA, N. 530,",CIDADE NOVA,"Casa, 64.06 de área total, 64.06 de área privativa, 201.20 de área do terreno,  3 qto(s), varanda, a.serv, WC, 1 sala(s), cozinha.",70940.28,123754.69,42.68,Venda Direta Online,,DEMERVAL LOBAO,PI,Não
8444425331904,"TRAVESSA AZALEIA, N. 30,",CIDADE NOVA,"Casa, 62.00 de área total, 62.00 de área privativa, 190.00 de área do terreno,  2 qto(s), a.serv, WC, 1 sala(s), cozinha, Terraco.",65348.57,114000.0,42.68,Venda Direta Online,,DEMERVAL LOBAO,PI,Não
8444426727887,"RUA MARIA OTILIA, N. 245, LT 1C",VILA SAO FRANCISCO,"Casa, 52.61 de área total, 52.61 de área privativa, 172.07 de área do terreno,  2 qto(s), a.serv, WC, 1 sala(s), cozinha, Terraco.",66349.08,115745.38,42.68,Licitação Aberta,,DEMERVAL LOBAO,PI,Não
8444433346338,"RUA RENOVO, N. 80,",CIDADE NOVA,"Casa, 54.40 de área total, 54.40 de área privativa, 164.46 de área do terreno,  2 qto(s), varanda, a.serv, WC, 1 sala(s), cozinha.",70087.39,122266.82,42.68,Licitação Aberta,,DEMERVAL LOBAO,PI,Não
8444410685080,"TRAVESSA CRISTÓVÃO SOARES, N. 25,",CENTRO,"Casa, 67.00 de área total, 67.00 de área privativa, 180.80 de área do terreno,  2 qto(s), a.serv, WC, 2 sala(s), cozinha, Terraco.",68755.15,119942.75,42.68,Venda Direta Online,,DEMERVAL LOBAO,PI,Não
8444408459477,"RUA D, N. 341,",VILA FILOMENA,"Casa, 53.90 de área total, 53.90 de área privativa, 222.00 de área do terreno,  2 qto(s), WC, 1 sala(s), cozinha, Terraco.",57891.78,100000.0,42.11,Venda Online,,DEMERVAL LOBAO,PI,Não
8444409988503,"RUA TRAVESSA PALMEIRAIS, N. 19,",PRAIA DO VENTO,"Casa, 66.16 de área total, 66.16 de área privativa, 157.50 de área do terreno,  2 qto(s), WC, 1 sala(s), cozinha, Terraco.",54418.27,94000.0,42.11,Licitação Aberta,,DEMERVAL LOBAO,PI,Não
8444411765281,"RUA SANTO ANTONIO, N. 87,",MUTIRAO,"Casa, 56.30 de área total, 56.30 de área privativa, 190.00 de área do terreno,  2 qto(s), WC, 1 sala(s), cozinha, Terraco.",56155.03,97000.0,42.11,Licitação Aberta,,DEMERVAL LOBAO,PI,Não
8444413690823,"RUA MAJOR NELSON AMORIM CARDOSO, N. SN, LT 06 QD 01",SAO PEDRO,"Casa, 58.50 de área total, 58.50 de área privativa, 184.22 de área do terreno,  2 qto(s), varanda, a.serv, WC, 1 sala(s), cozinha, Terraco.",54013.03,93300.0,42.11,Licitação Aberta,,DEMERVAL LOBAO,PI,Não
8444413781837,"RUA BARTOLOMEU SOARES, N. 555,",VILA FILOMENA,"Casa, 57.00 de área total, 57.00 de área privativa, 150.00 de área do terreno,  2 qto(s), a.serv, WC, 1 sala(s), cozinha, Terraco.",50631.62,87459.09,42.11,Venda Direta Online,,DEMERVAL LOBAO,PI,Não
8444414600593,"RUA 03, N. 1085, QD 01 LT 1085",CIDADE NOVA,"Casa, 61.75 de área total, 61.75 de área privativa, 200.00 de área do terreno,  2 qto(s), a.serv, WC, 1 sala(s), cozinha, Terraco.",50944.77,88000.0,42.11,Venda Direta Online,,DEMERVAL LOBAO,PI,Não
8444414959516,"RUA SETE DE SETEMBRO, N. 1161,",CIDADE NOVA,"Casa, 52.00 de área total, 52.00 de área privativa, 200.00 de área do terreno,  2 qto(s), a.serv, WC, 1 sala(s), cozinha, 1 vaga(s) de garagem.",52102.6,90000.0,42.11,Licitação Aberta,,DEMERVAL LOBAO,PI,Não
8444415280398,"RUA RAIMUNDO SOARES, N. 711, ESQUINA COM RUA FREI CONRADO  LT 10X1",BOA ESPERANÇA,"Casa, 57.00 de área total, 57.10 de área privativa, 150.00 de área do terreno,  2 qto(s), WC, 1 sala(s), cozinha, Terraco.",53260.44,92000.0,42.11,Venda Direta Online,,DEMERVAL LOBAO,PI,Não
8444415446326,"RUA FRANCISCO PINTO DE MESQUITA, N. 353,",CIDADE NOVA,"Casa, 61.59 de área total, 61.59 de área privativa, 300.00 de área do terreno,  2 qto(s), a.serv, WC, 1 sala(s), cozinha, Terraco.",49208.01,85000.0,42.11,Venda Direta Online,,DEMERVAL LOBAO,PI,Não
8444415688893,"RUA ELIAS SANTOS, N. 605,",SANTA INES,"Casa, 61.51 de área total, 61.51 de área privativa, 199.00 de área do terreno,  2 qto(s), WC, 1 sala(s), cozinha.",51523.68,89000.0,42.11,Venda Direta Online,,DEMERVAL LOBAO,PI,Não
8444416196285,"R CESAR DOS SANTOS BRITO, N. 1123,",PIACAVA II,"Casa, 66.63 de área total, 66.63 de área privativa, 316.00 de área do terreno,  2 qto(s), a.serv, WC, 1 sala(s), cozinha, 1 vaga(s) de garagem.",52899.19,91376.0,42.11,Venda Direta Online,,DEMERVAL LOBAO,PI,Não
8444416509968,"TRAVESSA MARANATA, N. 15,",SAO PEDRO,"Casa, 58.50 de área total, 58.50 de área privativa, 174.30 de área do terreno,  2 qto(s), varanda, WC, 1 sala(s), cozinha.",52102.6,90000.0,42.11,Venda Direta Online,,DEMERVAL LOBAO,PI,Não
8444416760954,"RUA FELICIANO CARDOSO DE MACEDO, N. 531,",CIDADE NOVA,"Casa, 0.00 de área total, 58.50 de área privativa, 190.00 de área do terreno,  2 qto(s), varanda, WC, 1 sala(s), cozinha.",51523.68,89000.0,42.11,Venda Direta Online,,DEMERVAL LOBAO,PI,Não
8444416786627,"TRAVESSA VIOLETA, N. SN, LT 11, QD C",CIDADE NOVA,"Casa, 0.00 de área total, 58.50 de área privativa, 200.00 de área do terreno,  2 qto(s), varanda, WC, 1 sala(s), cozinha.",52102.6,90000.0,42.11,Venda Direta Online,,DEMERVAL LOBAO,PI,Não
8444416844163,"RUA TRAVESSA VIOLETA, N. 17, QD B",CIDADE NOVA,"Casa, 58.50 de área total, 58.50 de área privativa, 200.00 de área do terreno,  2 qto(s), varanda, a.serv, WC, 1 sala(s), cozinha.",51904.4,89657.64,42.11,Venda Direta Online,,DEMERVAL LOBAO,PI,Não
8444416887024,"RUA TRAVESSA VIOLETA, N. 06, LT 06 QD C",CIDADE NOVA,"Casa, 58.50 de área total, 58.50 de área privativa, 200.00 de área do terreno,  2 qto(s), WC, 1 sala(s), cozinha, 1 vaga(s) de garagem.",50365.85,87000.0,42.11,Venda Direta Online,,DEMERVAL LOBAO,PI,Não
8444417034246,"RUA FELICIANO C DE MACEDO, N. 514, QUADRA A, LOTE 07",CIDADE NOVA,"Casa, 58.50 de área total, 58.50 de área privativa, 190.00 de área do terreno,  2 qto(s), a.serv, WC, 1 sala(s), cozinha.",51904.4,89657.64,42.11,Venda Direta Online,,DEMERVAL LOBAO,PI,Não
8444417092220,"RUA FELICIANO CARDOSO DE MACEDO, N. 502, LT 09 QD A",CIDADE NOVA,"Casa, 58.50 de área total, 58.50 de área privativa, 186.40 de área do terreno,  2 qto(s), varanda, WC, 1 sala(s), cozinha.",57891.78,100000.0,42.11,Licitação Aberta,,DEMERVAL LOBAO,PI,Não
8444417959711,"RUA ALTINA ALVES DE SOUSA BATISTA, N. 15, LT 15",SAO PEDRO,"Casa, 60.40 de área total, 60.40 de área privativa, 184.00 de área do terreno,  3 qto(s), a.serv, WC, 1 sala(s), cozinha, Terraco, 1 vaga(s) de garagem.",51523.68,89000.0,42.11,Venda Direta Online,,DEMERVAL LOBAO,PI,Não
8444418296295,"TRAVESSA GIRASSOL, N. 9, QD D",CIDADE NOVA,"Casa, 62.70 de área total, 62.70 de área privativa, 200.00 de área do terreno,  2 qto(s), WC, 1 sala(s), cozinha, Terraco, 1 vaga(s) de garagem.",57891.78,100000.0,42.11,Venda Direta Online,,DEMERVAL LOBAO,PI,Não
8444418339768,"RUA TRAVESSA PEDRO LUIZ, N. 218,",VISTA ALEGRE,"Casa, 63.32 de área total, 63.32 de área privativa, 223.18 de área do terreno,  2 qto(s), a.serv, WC, 1 sala(s).",53959.83,93208.11,42.11,Venda Direta Online,,DEMERVAL LOBAO,PI,Não
8444418488020,"RUA ALTINA ALVES DE SOUSA BA, N. 100, LT 100",SAO PEDRO,"Casa, 0.00 de área total, 64.50 de área privativa, 0.00 de área do terreno,  2 qto(s), varanda, WC, 1 sala(s), cozinha.",52735.86,91093.87,42.11,Venda Direta Online,,DEMERVAL LOBAO,PI,Não
8444419058959,"RUA JOSE TIMOTEO, N. 309,",SANTA INES,"Casa, 56.00 de área total, 56.00 de área privativa, 200.00 de área do terreno,  2 qto(s), WC, 1 sala(s), cozinha, Terraco, 1 vaga(s) de garagem.",51523.68,89000.0,42.11,Venda Direta Online,,DEMERVAL LOBAO,PI,Não
8444419660721,"RUA LUIZ LOPES DE MORAES, N. 635,",PIAÇAVA II,"Casa, 59.58 de área total, 59.58 de área privativa, 197.40 de área do terreno,  2 qto(s), a.serv, WC, 1 sala(s), cozinha.",50144.33,86617.36,42.11,Venda Direta Online,,DEMERVAL LOBAO,PI,Não
8444420103407,"RUA LUIZ LOPES DE MORAES, N. 643,",PIAÇAVA II,"Casa, 56.44 de área total, 56.44 de área privativa, 197.40 de área do terreno,  2 qto(s), WC, 1 sala(s), cozinha, Terraco, 1 vaga(s) de garagem.",49208.01,85000.0,42.11,Venda Direta Online,,DEMERVAL LOBAO,PI,Não
8444422046095,"RUA PARAIBUNA, N. 187, PARTE ÁREA 05",SAO PEDRO,"Casa, 57.29 de área total, 57.29 de área privativa, 217.90 de área do terreno,  2 qto(s), a.serv, WC, 1 sala(s), cozinha, Terraco.",50008.47,86382.68,42.11,Venda Direta Online,,DEMERVAL LOBAO,PI,Não
8444424813557,"TRAVESSA GARDENIA, N. 371,",CIDADE NOVA,"Casa, 62.00 de área total, 62.00 de área privativa, 200.00 de área do terreno,  2 qto(s), a.serv, WC, 1 sala(s), cozinha, 1 vaga(s) de garagem.",56937.59,98351.77,42.11,Licitação Aberta,,DEMERVAL LOBAO,PI,Não
8444426624263,"RUA DOMINGO PIÚTA, N. 35,",SAO PEDRO,"Casa, 62.83 de área total, 62.83 de área privativa, 200.00 de área do terreno,  2 qto(s), varanda, a.serv, WC, 1 sala(s), cozinha.",49208.01,85000.0,42.11,Licitação Aberta,,DEMERVAL LOBAO,PI,Não
8444415838720,"RUA RAIMUNDO NONATO SOARES, N. 136,",CENTRO,"Casa, 63.80 de área total, 63.80 de área privativa, 298.50 de área do terreno,  2 qto(s), WC, 1 sala(s), cozinha, Terraco.",57891.78,100000.0,42.11,Venda Online,,DEMERVAL LOBAO,PI,Não
8444417709065,"RUA FELICIANO CARDOSO DE MACEDO, N. 525,",CENTRO,"Casa, 58.50 de área total, 58.50 de área privativa, 190.00 de área do terreno,  2 qto(s), WC, 1 sala(s), cozinha, Terraco.",52102.6,90000.0,42.11,Venda Direta Online,,DEMERVAL LOBAO,PI,Não
8444413681700,"AVENIDA MANOEL RIBEIRO, N. 1160,",VILA FILOMENA,"Casa, 58.50 de área total, 58.50 de área privativa, 300.00 de área do terreno,  2 qto(s), varanda, WC, 1 sala(s), cozinha, Terraco.",75305.5,130000.0,42.08,Licitação Aberta,,DEMERVAL LOBAO,PI,Não
8444413751539,"RUA ELZA COUTINHO MELO, N. 256,",CIDADE NOVA,"Casa, 58.00 de área total, 58.00 de área privativa, 192.00 de área do terreno,  2 qto(s), varanda, a.serv, WC, 1 sala(s), cozinha.",76534.79,132122.12,42.08,Licitação Aberta,,DEMERVAL LOBAO,PI,Não
8444415627169,"RUA MARIA DA CONCEIÇÃO, N. 1136,",SAO PEDRO,"Casa, 58.50 de área total, 58.50 de área privativa, 174.30 de área do terreno,  2 qto(s), a.serv, WC, 1 sala(s), cozinha, 1 vaga(s) de garagem.",76910.07,132769.97,42.08,Licitação Aberta,,DEMERVAL LOBAO,PI,Não
8444416187944,"RUA BARROCAO, N. A44, QD 01, LT 07",SANTA INES,"Casa, 56.00 de área total, 56.00 de área privativa, 200.00 de área do terreno,  2 qto(s), WC, 1 sala(s), cozinha.",78781.14,136000.0,42.08,Venda Direta Online,,DEMERVAL LOBAO,PI,Não
8444417106379,"RUA TRAVESSA VIOLETA, N. 02, QD C",CIDADE NOVA,"Casa, 58.50 de área total, 58.50 de área privativa, 200.00 de área do terreno,  2 qto(s), varanda, WC, 1 sala(s), cozinha.",73567.68,127000.0,42.08,Venda Direta Online,,DEMERVAL LOBAO,PI,Não
8444426057105,"RUA DO BARROCÃO, N. 29,",SANTA INES,"Casa, 64.40 de área total, 64.40 de área privativa, 200.00 de área do terreno,  2 qto(s), varanda, a.serv, WC, 1 sala(s), cozinha, 1 vaga(s) de garagem.",78050.46,134738.63,42.08,Venda Direta Online,,DEMERVAL LOBAO,PI,Não
8444426572026,"RUA DOMINGOS PIÚTA, N. 110,",SAO PEDRO,"Casa, 62.83 de área total, 62.83 de área privativa, 200.00 de área do terreno,  2 qto(s), varanda, a.serv, WC, 1 sala(s), cozinha.",77277.6,133404.43,42.08,Venda Direta Online,,DEMERVAL LOBAO,PI,Não
8444428495835,"RUA RODRIGUES DA COSTA AZEVEDO, N. 883,",SANTA INES,"Casa, 66.50 de área total, 66.50 de área privativa, 200.00 de área do terreno,  2 qto(s), varanda, a.serv, WC, 1 sala(s), cozinha.",76684.21,132380.06,42.08,Venda Direta Online,,DEMERVAL LOBAO,PI,Não
8444401466222,"RUA PROJETADA 25, N. 25, CS 25, LT 07,",CIDADE NOVA,"Casa, 53.90 de área total, 53.90 de área privativa, 275.00 de área do terreno,  2 qto(s), varanda, a.serv, WC, 1 sala(s), cozinha.",45020.57,77500.0,41.91,Venda Direta Online,,DEMERVAL LOBAO,PI,Não
8444403182094,"RUA ANTONIO PEREIRA LOPES, N. 540, LT 02",PIAÇAVA,"Casa, 42.00 de área total, 42.00 de área privativa, 180.00 de área do terreno,  2 qto(s), a.serv, WC, 1 sala(s), cozinha.",48215.58,83000.0,41.91,Venda Direta Online,,DEMERVAL LOBAO,PI,Não
8444408425912,"RUA PARAIBUNA, N. 175,",CIDADE NOVA,"Casa, 0.00 de área total, 67.66 de área privativa, 200.00 de área do terreno,  2 qto(s), WC, 1 sala(s), cozinha.",48215.58,83000.0,41.91,Venda Direta Online,,DEMERVAL LOBAO,PI,Não
8444409211266,"RUA NOVA, N. 165,",SANTA INES,"Casa, 56.75 de área total, 56.75 de área privativa, 210.00 de área do terreno,  2 qto(s), a.serv, WC, 1 sala(s), cozinha, Terraco.",38921.01,67000.0,41.91,Venda Direta Online,,DEMERVAL LOBAO,PI,Não
8444410563022,"RUA QUARESMA, N. 59,",BAIRRO BOA ESPERANCA,"Casa, 56.00 de área total, 56.00 de área privativa, 200.00 de área do terreno,  2 qto(s), a.serv, WC, 1 sala(s), cozinha, 1 vaga(s) de garagem.",39501.92,68000.0,41.91,Venda Direta Online,,DEMERVAL LOBAO,PI,Não
8444411107349,"RUA TRAVESSA RAIMUNDO VIEIRA, N. 20,",CIDADE NOVA,"Casa, 0.00 de área total, 53.90 de área privativa, 170.00 de área do terreno,  2 qto(s), WC, 1 sala(s), cozinha, Terraco.",44149.21,76000.0,41.91,Venda Direta Online,,DEMERVAL LOBAO,PI,Não
8444411712838,"RUA SANTO ANTONIO, N. 79,",MUTIRAO,"Casa, 56.30 de área total, 56.30 de área privativa, 190.00 de área do terreno,  2 qto(s), WC, 1 sala(s), cozinha, Terraco.",48698.74,83831.73,41.91,Venda Direta Online,,DEMERVAL LOBAO,PI,Não
8444411713630,"RUA 03, N. 980,",CIDADE NOVA,"Casa, 56.52 de área total, 56.52 de área privativa, 240.00 de área do terreno,  2 qto(s), WC, 1 sala(s), cozinha, Terraco.",38921.01,67000.0,41.91,Venda Direta Online,,DEMERVAL LOBAO,PI,Não
8444412376050,"TRAVESSA PRIMAVERA, N. 80,",CIDADE NOVA,"Casa, 56.75 de área total, 56.75 de área privativa, 165.20 de área do terreno,  2 qto(s), WC, 1 sala(s), cozinha, Terraco.",44149.21,76000.0,41.91,Venda Direta Online,,DEMERVAL LOBAO,PI,Não
8444412513952,"RUA FRANCISCO PINTO DE MESQUITA, N. 492,",CIDADE NOVA,"Casa, 58.11 de área total, 58.11 de área privativa, 245.22 de área do terreno,  2 qto(s), WC, 1 sala(s), cozinha, Terraco.",41825.56,72000.0,41.91,Licitação Aberta,,DEMERVAL LOBAO,PI,Não
8444412766613,"RUA RAIMUNDO VIEIRA, N. 443B, LT 443B,",CIDADE NOVA,"Casa, 38.35 de área total, 38.35 de área privativa, 200.00 de área do terreno,  2 qto(s), a.serv, WC, 1 sala(s), cozinha.",29045.53,50000.0,41.91,Venda Direta Online,,DEMERVAL LOBAO,PI,Não
8444413123678,"RUA RAIMUNDO VIEIRA, N. 75,",CIDADE NOVA,"Casa, 56.70 de área total, 56.70 de área privativa, 200.00 de área do terreno,  2 qto(s), a.serv, WC, 1 sala(s), cozinha.",40663.74,70000.0,41.91,Venda Direta Online,,DEMERVAL LOBAO,PI,Não
8444413178529,"JOAO JOSE DOS SANTOS, N. 1215,",BAIRRO CIDADE NOVA,"Casa, 57.00 de área total, 57.00 de área privativa, 173.95 de área do terreno,  2 qto(s), varanda, WC, 1 sala(s), cozinha, 1 vaga(s) de garagem.",36248.82,62400.0,41.91,Venda Online,,DEMERVAL LOBAO,PI,Não
8444413285619,"RUA ELZA COUTINHO MELO, N. 262,",CIDADE NOVA,"Casa, 58.00 de área total, 58.00 de área privativa, 192.00 de área do terreno,  2 qto(s), a.serv, WC, 1 sala(s), cozinha, Terraco, 1 vaga(s) de garagem.",45311.03,78000.0,41.91,Venda Direta Online,,DEMERVAL LOBAO,PI,Não
8444413288510,"RUA SAO JOSE, N. 22,",SANTA INES,"Casa, 53.21 de área total, 53.21 de área privativa, 300.00 de área do terreno,  2 qto(s), a.serv, WC, 1 sala(s), cozinha, Terraco.",43568.3,75000.0,41.91,Venda Direta Online,,DEMERVAL LOBAO,PI,Não
8444413624251,"RUA MAJOR NELSON AMORIN CARDOSO, N. 09, QD 01 LT 09",SAO PEDRO,"Casa, 57.00 de área total, 57.00 de área privativa, 180.25 de área do terreno,  2 qto(s), varanda, WC, 1 sala(s), cozinha.",45311.03,78000.0,41.91,Venda Direta Online,,DEMERVAL LOBAO,PI,Não
8444413890067,"RUA SETE DE SETEMBRO, N. 1157,",CIDADE NOVA,"Casa, 52.00 de área total, 52.00 de área privativa, 300.00 de área do terreno,  2 qto(s), a.serv, WC, 1 sala(s), cozinha, Terraco.",40721.83,70100.0,41.91,Venda Direta Online,,DEMERVAL LOBAO,PI,Não
8444413961908,"RUA TRAVESSA VISTA ALEGRE, N. 15, QUADRA 1",SAO PEDRO,"Casa, 58.50 de área total, 58.50 de área privativa, 184.28 de área do terreno,  2 qto(s), varanda, a.serv, WC, 1 sala(s), cozinha, 1 vaga(s) de garagem.",48772.82,83959.26,41.91,Venda Online,,DEMERVAL LOBAO,PI,Não
8444414150920,"RUA DA ESTRELA, N. 833,",BOA ESPERANÇA,"Casa, 54.60 de área total, 54.60 de área privativa, 200.00 de área do terreno,  2 qto(s), a.serv, WC, 1 sala(s), cozinha, 1 vaga(s) de garagem.",40867.06,70350.0,41.91,Licitação Aberta,,DEMERVAL LOBAO,PI,Não
8444414171099,"RUA TRAVESSA VISTA ALEGRE, N. 11, LT 11 QD 01",SAO PEDRO,"Casa, 58.50 de área total, 58.50 de área privativa, 186.58 de área do terreno,  2 qto(s), varanda, a.serv, WC, 1 sala(s), cozinha.",41418.93,71300.0,41.91,Licitação Aberta,,DEMERVAL LOBAO,PI,Não
8444414757328,"RUA SÃO FRANCISCO, N. 764, LOTE 10X20M",VISTA ALEGRE,"Casa, 0.00 de área total, 56.51 de área privativa, 0.00 de área do terreno.",44855.01,77215.0,41.91,Venda Online,,DEMERVAL LOBAO,PI,Não
8444415111391,"RUA ANTONIO CARNEIRO DA CUNHA, N. 714,",VISTA ALEGRE,"Casa, 60.00 de área total, 60.00 de área privativa, 220.00 de área do terreno,  2 qto(s), varanda, a.serv, WC, 1 sala(s), cozinha.",38340.1,66000.0,41.91,Venda Direta Online,,DEMERVAL LOBAO,PI,Não
8444416155112,"RUA EMILIA LEITE DE ARAUJO, N. 261,",TAMBORIL,"Casa, 56.30 de área total, 56.30 de área privativa, 200.00 de área do terreno,  2 qto(s), WC, 1 sala(s), cozinha, Terraco.",37759.19,65000.0,41.91,Licitação Aberta,,DEMERVAL LOBAO,PI,Não
8444416195645,"RUA SETE DE SETEMBRO, N. 1138, LT 11, QD 2",CIDADE NOVA,"Casa, 56.00 de área total, 56.00 de área privativa, 180.29 de área do terreno,  2 qto(s), varanda, WC, 1 sala(s), cozinha.",46472.85,80000.0,41.91,Venda Direta Online,,DEMERVAL LOBAO,PI,Não
8444416910344,"R ILHOTAS (ANTIGA R FELICIANO CARDOSO DE MACEDO), N. 496, QD A LT 10 ESQUINA COM R SANTA LUZIA",CIDADE NOVA,"Casa, 58.50 de área total, 58.50 de área privativa, 186.20 de área do terreno,  2 qto(s), WC, 1 sala(s), cozinha, Terraco.",46472.85,80000.0,41.91,Venda Direta Online,,DEMERVAL LOBAO,PI,Não
8444417354844,"RUA FREI CONRADO, N. 1181,",BAIRRO BOA ESPERANCA,"Casa, 57.10 de área total, 57.10 de área privativa, 150.00 de área do terreno,  2 qto(s), WC, 1 sala(s), cozinha.",48611.95,83682.33,41.91,Venda Direta Online,,DEMERVAL LOBAO,PI,Não
8444417646152,"RUA MARIA DA CONCEICAO, N. 2780,",BAIRRO CIDADE NOVA,"Casa, 65.10 de área total, 65.10 de área privativa, 200.00 de área do terreno,  2 qto(s), a.serv, WC, 1 sala(s), cozinha, Terraco, 1 vaga(s) de garagem.",40663.74,70000.0,41.91,Venda Online,,DEMERVAL LOBAO,PI,Não
8444417848227,"RUA RAIMUNDO VIEIRA, N. 424,",CIDADE NOVA,"Casa, 58.50 de área total, 58.50 de área privativa, 200.00 de área do terreno,  2 qto(s), a.serv, WC, 1 sala(s), cozinha, Terraco.",47372.68,81549.0,41.91,Venda Direta Online,,DEMERVAL LOBAO,PI,Não
8444418293008,"RUA 03, N. 987,",CIDADE NOVA,"Casa, 60.26 de área total, 60.26 de área privativa, 200.00 de área do terreno,  2 qto(s), varanda, a.serv, WC, 1 sala(s), cozinha, Terraco.",21469.96,36959.15,41.91,Venda Direta Online,,DEMERVAL LOBAO,PI,Não
8444427832919,"TRAVESSA RAIMUNDA RODRIGUES DE SOUSA MORAES, N. 110, LT 28",CIDADE NOVA,"Casa, 42.00 de área total, 42.00 de área privativa, 136.00 de área do terreno,  2 qto(s), a.serv, WC, 1 sala(s), cozinha, 1 vaga(s) de garagem.",48215.58,83000.0,41.91,Licitação Aberta,,DEMERVAL LOBAO,PI,Não
8555518468383,"RUA JOAO JOSE DOS SANTOS, N. 995, LT 5",CIDADE NOVA,"Casa, 53.90 de área total, 53.90 de área privativa, 300.00 de área do terreno,  2 qto(s), WC, 1 sala(s), cozinha.",34854.64,60000.0,41.91,Venda Direta Online,,DEMERVAL LOBAO,PI,Não
8444424878683,"TRAVESSA GARDENIA, N. 363,",CIDADE NOVA,"Casa, 62.00 de área total, 62.00 de área privativa, 200.00 de área do terreno,  2 qto(s), varanda, a.serv, WC, 1 sala(s), cozinha.",85477.6,146000.0,41.46,Venda Direta Online,,DEMERVAL LOBAO,PI,Não
8444425982646,"TRAVESSA AZALEIA, N. 54,",CIDADE NOVA,"Casa, 62.00 de área total, 62.00 de área privativa, 190.00 de área do terreno,  2 qto(s), varanda, a.serv, WC, 1 sala(s), cozinha.",84892.14,145000.0,41.46,Licitação Aberta,,DEMERVAL LOBAO,PI,Não
8444426056052,"RUA ANTONIO CARNEIRO DA CUNHA, N. 460,",VISTA ALEGRE,"Casa, 62.00 de área total, 62.00 de área privativa, 307.40 de área do terreno,  2 qto(s), WC, 1 sala(s), cozinha, 1 vaga(s) de garagem.",84306.67,144000.0,41.46,Venda Direta Online,,DEMERVAL LOBAO,PI,Não
8444428575022,"RUA SANTA RITA, N. 432,",CIDADE NOVA,"Casa, 56.43 de área total, 56.43 de área privativa, 210.42 de área do terreno,  2 qto(s), a.serv, 1 sala(s), cozinha, Terraco, 1 vaga(s) de garagem.",88978.39,151979.53,41.46,Licitação Aberta,,DEMERVAL LOBAO,PI,Não
8444434492451,"RUA ELZA COUTINHO MELO, N. 348, CS 348",CIDADE NOVA,"Casa, 54.40 de área total, 54.40 de área privativa, 180.40 de área do terreno,  2 qto(s), varanda, a.serv, WC, 1 sala(s), cozinha.",87819.45,150000.0,41.46,Venda Direta Online,,DEMERVAL LOBAO,PI,Não
8444434769917,"RUA ELZA COUTINHO MELO, N. 380,",BAIRRO CIDADE NOVA,"Casa, 54.40 de área total, 54.40 de área privativa, 193.14 de área do terreno,  2 qto(s), varanda, a.serv, WC, 1 sala(s), cozinha.",81964.82,140000.0,41.46,Licitação Aberta,,DEMERVAL LOBAO,PI,Não
8444436585317,"RUA VIOLETA, N. 503,",CIDADE NOVA,"Casa, 54.40 de área total, 54.40 de área privativa, 180.40 de área do terreno,  2 qto(s), a.serv, WC, 1 sala(s), cozinha, Terraco.",90161.3,154000.0,41.46,Venda Direta Online,,DEMERVAL LOBAO,PI,Não
8444410540812,"RUA TRAVESSA ROSA VELOSO, N. 15, ZONA URBANA",CIDADE NOVA,"Casa, 0.00 de área total, 53.22 de área privativa, 0.00 de área do terreno,  2 qto(s), WC, 1 sala(s), cozinha, Terraco.",100939.07,170334.1,40.75,Venda Direta Online,,DEMERVAL LOBAO,PI,Não
8444414395680,"RUA ELZA COUTINHO MELO, N. 274,",CIDADE NOVA,"Casa, 0.00 de área total, 58.00 de área privativa, 192.00 de área do terreno,  2 qto(s), varanda, WC, 1 sala(s), cozinha.",51333.85,85000.0,39.61,Licitação Aberta,,DEMERVAL LOBAO,PI,Não
8444409440419,"RUA TRAVESSA PALMEIRAIS, N. 10,",PRAIA DO VENTO,"Casa, 66.16 de área total, 66.16 de área privativa, 193.80 de área do terreno,  2 qto(s), WC, 1 sala(s), cozinha.",123679.42,204627.16,39.56,Venda Direta Online,,DEMERVAL LOBAO,PI,Não
8444409443914,"RUA TRAVESSA PALMEIRAIS, N. 15,",PRAIA DO VENTO,"Casa, 0.00 de área total, 66.16 de área privativa, 207.40 de área do terreno,  2 qto(s), WC, 1 sala(s), cozinha, Terraco, 1 vaga(s) de garagem.",123586.25,204473.02,39.56,Venda Direta Online,,DEMERVAL LOBAO,PI,Não
8444409768309,"RUA TRAVESSA PALMEIRAIS, N. 09,",PRAIA DO VENTO,"Casa, 0.00 de área total, 66.16 de área privativa, 0.00 de área do terreno,  2 qto(s), WC, 1 sala(s), cozinha, Terraco, 1 vaga(s) de garagem.",123586.25,204473.02,39.56,Venda Direta Online,,DEMERVAL LOBAO,PI,Não
8444428114467,"RUA SANTA LUZIA, N. 127,",CIDADE NOVA,"Casa, 66.50 de área total, 66.50 de área privativa, 344.62 de área do terreno,  2 qto(s), a.serv, WC, 1 sala(s), cozinha, Terraco, 1 vaga(s) de garagem.",111816.5,185000.0,39.56,Venda Direta Online,,DEMERVAL LOBAO,PI,Não
8444406221732,"RUA DA ESTRELA, N. 470,",PRAIA DO VENTO,"Casa, 56.90 de área total, 56.90 de área privativa, 300.00 de área do terreno,  2 qto(s), a.serv, WC, 1 sala(s), cozinha, 1 vaga(s) de garagem.",58782.52,96336.34,38.99,Leilão SFI - Edital Único,,DEMERVAL LOBAO,PI,Não
8444410314251,"RUA 19, N. SN, LT 13 QD 58",PARQUE VAQUEJADOR,"Casa, 80.03 de área total, 80.03 de área privativa, 300.00 de área do terreno,  3 qto(s), a.serv, WC, WC Emp, 1 sala(s), cozinha, 1 vaga(s) de garagem.",144980.54,236778.5,38.77,Venda Direta Online,,DEMERVAL LOBAO,PI,Não
10279388,"RUA JOÃO JOSE DOS SANTOS, N. 00, QD 66, LTS 1 A 25",PARQUE VAQUEJADOR,"Terreno, 0.00 de área total, 0.00 de área privativa, 7860.00 de área do terreno.",410111.75,660000.0,37.87,Venda Direta Online,,DEMERVAL LOBAO,PI,Sim
8444413053262,"RUA JOAO JOSE DOS SANTOS, N. 1225, Apto .",CENTRO,"Casa, 0.00 de área total, 57.00 de área privativa, 175.63 de área do terreno,  2 qto(s), varanda, a.serv, WC, 1 sala(s), cozinha.",37301.29,50000.0,25.4,Venda Direta Online,,DEMERVAL LOBAO,PI,Não
8444408374064,"RUA FRANCISCO DE CARVALHO ME, N. 202,",CIDADE NOVA,"Casa, 42.00 de área total, 42.00 de área privativa, 130.00 de área do terreno,  2 qto(s), WC, 1 sala(s), cozinha.",87000.0,87000.0,0.0,Leilão SFI - Edital Único,,DEMERVAL LOBAO,PI,Não
8444408602601,"RUA SANTA CRUZ, N. 596,",SANTA INES,"Casa, 0.00 de área total, 63.47 de área privativa, 210.00 de área do terreno,  2 qto(s), a.serv, WC, 1 sala(s), cozinha.",91000.0,91000.0,0.0,Leilão SFI - Edital Único,,DEMERVAL LOBAO,PI,Não
8444410188698,"AVENIDA SINHÁ RIBEIRO, N. 546,",PIAÇAVA II,"Casa, 65.74 de área total, 65.74 de área privativa, 300.00 de área do terreno,  2 qto(s), a.serv, WC, 1 sala(s), cozinha, Terraco.",89000.0,89000.0,0.0,Leilão SFI - Edital Único,,DEMERVAL LOBAO,PI,Não
8444411034520,"RUA SANTA MARTA, N. 528,",TAMBORIL,"Casa, 61.42 de área total, 61.42 de área privativa, 132.30 de área do terreno,  2 qto(s), a.serv, WC, 1 sala(s), cozinha, Terraco.",75738.23,75738.23,0.0,Leilão SFI - Edital Único,,DEMERVAL LOBAO,PI,Não
8444412671221,"RUA LUIZ ROSA, N. 1521,",SANTA RITA,"Casa, 54.00 de área total, 57.00 de área privativa, 240.00 de área do terreno,  2 qto(s), varanda, a.serv, WC, 1 sala(s), cozinha, 1 vaga(s) de garagem.",107000.0,107000.0,0.0,Leilão SFI - Edital Único,,DEMERVAL LOBAO,PI,Não
8444413832962,"RUA ELIAS SANTOS, N. 599,",SANTA INES,"Casa, 60.51 de área total, 60.51 de área privativa, 150.00 de área do terreno,  2 qto(s), a.serv, WC, 1 sala(s), cozinha, Terraco.",84000.0,84000.0,0.0,Leilão SFI - Edital Único,,DEMERVAL LOBAO,PI,Não
8444416871985,"RUA ILHOTAS, N. 897, QD 01 LT 13",CIDADE NOVA,"Casa, 58.50 de área total, 58.50 de área privativa, 200.00 de área do terreno,  2 qto(s), WC, 1 sala(s), cozinha, Terraco.",105000.0,105000.0,0.0,Leilão SFI - Edital Único,,DEMERVAL LOBAO,PI,Não
8444417396750,"RUA ILHOTAS, N. 977, LT 23 QD 01",BAIRRO CIDADE NOVA,"Casa, 58.50 de área total, 58.50 de área privativa, 200.00 de área do terreno,  2 qto(s), WC, 1 sala(s), cozinha, Terraco.",100000.0,100000.0,0.0,Leilão SFI - Edital Único,,DEMERVAL LOBAO,PI,Não
8444415828687,"RUA 19, N. 09, LT 09 QD 58",PARQUE VAQUEJADOR,"Casa, 58.50 de área total, 58.50 de área privativa, 300.00 de área do terreno,  2 qto(s), WC, 1 sala(s), cozinha, Terraco.",84510.33,83000.0,0.0,Leilão SFI - Edital Único,,DEMERVAL LOBAO,PI,Não
8444412700361,"RUA TRAVESSA NOCOLAU RODRIGUES, N. 85,",PIAÇAVA I,"Casa, 56.75 de área total, 56.75 de área privativa, 165.00 de área do terreno,  2 qto(s), a.serv, WC, 1 sala(s), cozinha, Terraco.",81793.0,71817.0,0.0,Leilão SFI - Edital Único,,DEMERVAL LOBAO,PI,Não
8444436628474,"TRAVESSA FÉLIX CARDOSO, N. 605, LT 10",PIAÇAVA II,"Casa, 54.40 de área total, 54.40 de área privativa, 151.20 de área do terreno,  2 qto(s), varanda, a.serv, WC, 1 sala(s), cozinha.",149776.2,105000.0,0.0,Leilão SFI - Edital Único,,DEMERVAL LOBAO,PI,Não
8444417540354,"RUA MANOEL SALVADOR, N. 160",BAIRRO CIDADE NOVA,"Terreno, 0.00 de área total, 0.00 de área privativa, 200.00 de área do terreno.",89953.44,31000.0,0.0,Leilão SFI - Edital Único,,DEMERVAL LOBAO,PI,Não
8444403127689,"RUA COROATA, N. 359,",CENTRO,"Casa, 53.50 de área total, 53.50 de área privativa, 300.00 de área do terreno,  2 qto(s), WC, 1 sala(s), cozinha, 1 vaga(s) de garagem.",48796.49,84000.0,41.91,Venda Direta Online,,ELESBAO VELOSO,PI,Não
8444417546379,"RUA BENEDITO ROCHA, N. 629,",CENTRO,"Casa, 60.00 de área total, 60.00 de área privativa, 275.00 de área do terreno,  2 qto(s), varanda, a.serv, WC, 1 sala(s), cozinha.",48207.3,97000.0,50.31,Venda Direta Online,,ELISEU MARTINS,PI,Não
1555524664786,"RUA GERALDO BARBOSA, N. S/N,",BAIRRO LUIZ AMÂNCIA,"Casa, 154.45 de área total, 154.45 de área privativa, 338.00 de área do terreno,  4 qto(s), varanda, WC, 2 sala(s), cozinha.",74577.9,141949.87,47.47,Venda Direta Online,,ELISEU MARTINS,PI,Não
8444417100400,"RUA 01, N. 10, LT 9 QD B",TABOCA,"Casa, 52.61 de área total, 52.61 de área privativa, 314.08 de área do terreno,  2 qto(s), WC, 1 sala(s), cozinha.",65929.19,115012.88,42.68,Venda Direta Online,,FLORIANO,PI,Não
8444425533914,"RUA SANTO ANTONIO, N. SN, LT 09 QD 05",SANTA RITA,"Terreno, 0.00 de área total, 0.00 de área privativa, 329.01 de área do terreno.",31950.08,55000.0,41.91,Licitação Aberta,,FLORIANO,PI,Não
8444403204306,"RUA SAO JOAO, N. 2540, QD 2 LT 07",IRAPUA I,"Casa, 83.89 de área total, 83.89 de área privativa, 300.00 de área do terreno,  2 qto(s), WC, 2 sala(s), cozinha, 1 vaga(s) de garagem.",100741.08,170000.0,40.75,Venda Direta Online,,FLORIANO,PI,Não
8787713976687,"RUA 15, N. 16, CS 16  LT 16 QD F1",CAJUEIRO,"Casa, 45.53 de área total, 45.53 de área privativa, 200.00 de área do terreno,  2 qto(s), a.serv, WC, 1 sala(s), cozinha.",100718.81,100000.0,0.0,Leilão SFI - Edital Único,,FLORIANO,PI,Não
8444413222838,"RUA PROJETADA 02, N. 65, LT 01",CENTRO,"Casa, 60.00 de área total, 60.00 de área privativa, 200.00 de área do terreno,  2 qto(s), a.serv, WC, 1 sala(s), cozinha.",37613.95,70000.0,46.27,Venda Direta Online,,FRANCISCO MACEDO,PI,Não
8444415266840,"RUA PROJETADA QUATORZE, N. 60, 60,",CHAPADA DA CRUZ,"Casa, 0.00 de área total, 69.66 de área privativa, 250.00 de área do terreno,  2 qto(s), a.serv, WC, 1 sala(s), cozinha, 1 vaga(s) de garagem.",58650.67,151132.94,61.2,Venda Direta Online,,FRANCISCO SANTOS,PI,Não
8444411313356,"RUA PROJETADA, N. 138,",BELA VISTA,"Casa, 98.90 de área total, 98.90 de área privativa, 174.55 de área do terreno,  3 qto(s), a.serv, WC, 2 sala(s), cozinha, 1 vaga(s) de garagem.",107456.84,192202.12,44.1,Venda Direta Online,,FRONTEIRAS,PI,Não
8444416134379,"RUA AURIVANDO SARAIVA, N. SN, LOTE 13-A QUADRA 03",PÉ LEVE,"Casa, 68.25 de área total, 68.25 de área privativa, 187.00 de área do terreno,  2 qto(s), a.serv, 1 sala(s), cozinha.",60361.44,117000.0,48.41,Venda Direta Online,,ITAUEIRA,PI,Não
8444415716951,"RUA CHICO VAQUEIRO, N. 861,",JOSE DE FREITAS,"Casa, 69.30 de área total, 69.30 de área privativa, 281.00 de área do terreno,  2 qto(s), varanda, WC, 1 sala(s), cozinha, 1 vaga(s) de garagem.",66982.28,123000.0,45.55,Venda Online,,JOSE DE FREITAS,PI,Não
8444418500739,"RUA ELIAS CARDOSO DE OLIVEIRA, N. 55,",DE FÁTIMA,"Casa, 64.76 de área total, 64.76 de área privativa, 165.00 de área do terreno,  3 qto(s), a.serv, WC, 1 sala(s), cozinha, Terraco, 1 vaga(s) de garagem.",52797.3,96000.0,45.01,Venda Direta Online,,JOSE DE FREITAS,PI,Não
8444426278691,"RUA EMIDIO PEREIRA DE OLIVEIRA, N. 126,",SUCO DE UVA,"Casa, 53.89 de área total, 53.89 de área privativa, 195.00 de área do terreno,  2 qto(s), a.serv, WC, 1 sala(s), cozinha, 1 vaga(s) de garagem.",53347.27,97000.0,45.01,Venda Direta Online,,JOSE DE FREITAS,PI,Não
8444428209409,"RUA REGINALDO DE SOUSA MENESES, N. 21, CS 31",CIDADE NOVA,"Casa, 61.30 de área total, 61.30 de área privativa, 225.00 de área do terreno,  2 qto(s), a.serv, WC, 1 sala(s), cozinha, Terraco, 1 vaga(s) de garagem.",53347.27,97000.0,45.01,Venda Direta Online,,JOSE DE FREITAS,PI,Não
8444416121080,"RUA CHILE, N. 1154,",MATADOURO,"Casa, 70.00 de área total, 70.00 de área privativa, 300.00 de área do terreno,  2 qto(s), varanda, WC, 1 sala(s), cozinha.",62856.87,110000.0,42.86,Venda Direta Online,,JOSE DE FREITAS,PI,Não
8444413801838,"RUA RAIMUNDO CARDOSO DE ARAUJO, N. 71, LT 07, QD B",MATADOURO,"Casa, 79.30 de área total, 79.30 de área privativa, 250.00 de área do terreno,  2 qto(s), varanda, WC, 2 sala(s), cozinha.",68787.97,120000.0,42.68,Venda Online,,JOSE DE FREITAS,PI,Não
8444416703357,"RUA PROJETADA I, N. 200,",SANTA ROSA,"Casa, 69.68 de área total, 69.68 de área privativa, 200.00 de área do terreno,  3 qto(s), a.serv, WC, 1 sala(s), cozinha, Terraco.",67240.24,117300.0,42.68,Venda Direta Online,,JOSE DE FREITAS,PI,Não
8444413040977,"RUA FIDALGO, N. 261,",DEUS ME DEU,"Casa, 69.98 de área total, 69.98 de área privativa, 200.00 de área do terreno,  3 qto(s), varanda, WC, 1 sala(s), cozinha.",53260.44,92000.0,42.11,Venda Online,,JOSE DE FREITAS,PI,Não
8444416221409,"RUA ANTONIO JUREMA, N. 58, LT06, QD B",MATADOURO,"Casa, 64.68 de área total, 64.68 de área privativa, 250.00 de área do terreno,  2 qto(s), a.serv, WC, 1 sala(s), cozinha.",55431.65,95750.47,42.11,Venda Direta Online,,JOSE DE FREITAS,PI,Não
8444416830740,"RUA EUDSON VERAS, N. 71, LT 06",SANTA ROSA,"Casa, 0.00 de área total, 70.00 de área privativa, 210.00 de área do terreno,  2 qto(s), WC, 1 sala(s), cozinha, Terraco.",50024.19,86409.83,42.11,Venda Direta Online,,JOSE DE FREITAS,PI,Não
8444418591343,"RUA JOSÉ CANDIDO GAIOSO, N. 1226-B,",TIJUCA,"Casa, 60.00 de área total, 60.00 de área privativa, 125.50 de área do terreno,  2 qto(s), varanda, WC, 1 sala(s), cozinha.",51884.12,89622.6,42.11,Venda Direta Online,,JOSE DE FREITAS,PI,Não
8444425968708,"RUA ANTONIO JUREMA, N. 32, LT 03 QD B",MATADOURO,"Casa, 70.30 de área total, 70.30 de área privativa, 250.00 de área do terreno,  2 qto(s), a.serv, WC, 1 sala(s), cozinha, Terraco, 1 vaga(s) de garagem.",57312.86,99000.0,42.11,Venda Direta Online,,JOSE DE FREITAS,PI,Não
8444416909770,"RUA 24 DE JULHO, N. 448,",CENTRO,"Casa, 70.00 de área total, 70.00 de área privativa, 211.20 de área do terreno,  3 qto(s), a.serv, WC, 1 sala(s), cozinha.",50152.63,86631.7,42.11,Venda Direta Online,,JOSE DE FREITAS,PI,Não
8444414006101,"RUA PATRICIO DA COSTA OLIVEIRA, N. 951,",SANTA ROSA,"Casa, 74.24 de área total, 74.24 de área privativa, 176.00 de área do terreno,  3 qto(s), a.serv, WC, 1 sala(s), cozinha, Terraco.",75305.5,130000.0,42.08,Venda Direta Online,,JOSE DE FREITAS,PI,Não
8555514428964,"RUA MANOEL LEITE DE SANTIAGO, N. 1024,",CENTRO,"Casa, 77.14 de área total, 77.14 de área privativa, 450.00 de área do terreno,  2 qto(s), WC, 2 sala(s), cozinha, Terraco.",78403.63,135348.3,42.08,Venda Direta Online,,JOSE DE FREITAS,PI,Não
8444411954475,"RUA VESPASIANO ALVES DE CARVALHO, N. 1185,",SANTA ROSA,"Casa, 56.40 de área total, 56.40 de área privativa, 300.00 de área do terreno,  2 qto(s), varanda, WC, 1 sala(s), cozinha.",41825.56,72000.0,41.91,Venda Online,,JOSE DE FREITAS,PI,Não
8444413269249,"RUA  MESTRE JOAQUIM MARIQUINHA, N. 2591,",IPIRANGA,"Casa, 50.80 de área total, 50.80 de área privativa, 275.00 de área do terreno,  2 qto(s), varanda, WC, 1 sala(s), cozinha.",48365.38,83257.87,41.91,Venda Direta Online,,JOSE DE FREITAS,PI,Não
8444413393039,"RUA MATA FRIA, N. 2173, LOTES 14 E 15",DEUS ME DEU,"Terreno, 66.50 de área total, 0.00 de área privativa, 199.50 de área do terreno,  2 qto(s), a.serv, WC, 1 sala(s), cozinha, Terraco, 1 vaga(s) de garagem.",48215.58,83000.0,41.91,Venda Direta Online,,JOSE DE FREITAS,PI,Não
8444416743235,"RUA ZEFERINO ARAUJO, N. 510, ST 03, QD 076, LT 0410",CIDADE NOVA,"Casa, 64.50 de área total, 64.50 de área privativa, 180.00 de área do terreno,  2 qto(s), WC, 1 sala(s), cozinha, Terraco.",45891.94,79000.0,41.91,Venda Direta Online,,JOSE DE FREITAS,PI,Não
8444418577766,"ELIAS CARDOSO DE OLIVEIRA, N. 56,",FATIMA,"Casa, 67.00 de área total, 67.00 de área privativa, 200.00 de área do terreno,  3 qto(s), WC, 1 sala(s), cozinha.",81262.26,138800.0,41.46,Licitação Aberta,,JOSE DE FREITAS,PI,Não
1444417475627,"RUA  ANTONIO FRANCISCO GOMES DE OLIVEIRA, N. 406,",CENTRO,"Casa, 67.66 de área total, 67.66 de área privativa, 200.00 de área do terreno,  2 qto(s), varanda, WC, 1 sala(s), cozinha, Terraco, 1 vaga(s) de garagem.",76592.86,130000.0,41.09,Venda Direta Online,,JOSE DE FREITAS,PI,Não
8444415404020,"RUA MESTRE RAIMUNDO, N. 1246,",BAIRRO DE FATIMA,"Casa, 69.30 de área total, 69.30 de área privativa, 200.00 de área do terreno,  3 qto(s), varanda, WC, 1 sala(s), cozinha, 1 vaga(s) de garagem.",143048.0,139254.0,0.0,Leilão SFI - Edital Único,,JOSE DE FREITAS,PI,Não
8444421275805,"RUA PROJETADA 05, N. 08, Apto 0, LT 08, QD I",CENTRO,"Casa, 0.00 de área total, 41.85 de área privativa, 200.00 de área do terreno,  2 qto(s), WC, 1 sala(s), cozinha.",29095.26,75000.0,61.21,Venda Direta Online,,LAGOA ALEGRE,PI,Não
8444410009297,"RUA PROJETADA 08, N. 06, QD M",CENTRO,"Casa, 0.00 de área total, 41.85 de área privativa, 200.00 de área do terreno,  2 qto(s), varanda, a.serv, WC, 1 sala(s), cozinha.",35824.15,86500.0,58.59,Venda Direta Online,,LAGOA ALEGRE,PI,Não
8444408593351,"RUA PROJETADA 01, N. 100, LT 05 QD 50 SETOR 02 BL A",CENTRO,"Casa, 0.00 de área total, 55.25 de área privativa, 280.00 de área do terreno,  2 qto(s), WC, 1 sala(s), cozinha.",43516.43,83234.13,47.72,Venda Direta Online,,LAGOA ALEGRE,PI,Não
8444423241738,"RUA PROJETADA 03, N. SN, LT 09 QD F",CENTRO,"Casa, 51.57 de área total, 51.57 de área privativa, 200.00 de área do terreno,  2 qto(s), a.serv, WC, 1 sala(s), cozinha, Terraco, 1 vaga(s) de garagem.",47847.55,87000.0,45.01,Venda Direta Online,,LAGOA ALEGRE,PI,Não
8444404403299,"RUA PROJETADA 7, N. S/N, LT 7 QD J",CENTRO,"Casa, 51.90 de área total, 51.90 de área privativa, 200.00 de área do terreno,  2 qto(s), WC, 1 sala(s), cozinha.",30788.26,53000.0,41.91,Venda Direta Online,,LAGOA ALEGRE,PI,Não
8444410343197,"RUA PROJETADA 07, N. 03, QD L LT 03",CENTRO,"Casa, 0.00 de área total, 51.57 de área privativa, 200.00 de área do terreno,  2 qto(s), a.serv, WC, 1 sala(s), cozinha, 1 vaga(s) de garagem.",27543.52,43264.0,36.34,Venda Online,,LAGOA ALEGRE,PI,Não
10147349,"RUA PROJETADA, N. S/N",CRISTO REDENTOR,"Terreno, 0.00 de área total, 0.00 de área privativa, 1500.00 de área do terreno.",33123.84,84000.0,60.57,Venda Direta Online,,MONSENHOR GIL,PI,Não
8444404585001,"RUA TRAVESSA OLHO D AGUA, N. 206,",UNIAO,"Casa, 0.00 de área total, 50.43 de área privativa, 141.00 de área do terreno,  2 qto(s), WC, 1 sala(s), cozinha, 1 vaga(s) de garagem.",61861.7,108258.44,42.86,Venda Direta Online,,MONSENHOR GIL,PI,Não
8444426925263,"RUA ITAIR, N. 13, QD B",CACHOEIRA,"Casa, 60.00 de área total, 60.00 de área privativa, 203.63 de área do terreno,  2 qto(s), a.serv, WC, 1 sala(s), cozinha, Terraco.",56155.03,97000.0,42.11,Venda Direta Online,,MONSENHOR GIL,PI,Não
8444418514233,"RUA ITAIR, N. 18, Q-A",LOT SANTA FILOMENA,"Casa, 58.50 de área total, 58.50 de área privativa, 274.35 de área do terreno,  2 qto(s), WC, 1 sala(s), cozinha, Terraco.",74899.14,129298.49,42.08,Venda Direta Online,,MONSENHOR GIL,PI,Não
8444405484047,"RUA LIDIA PESSOA MARTINS, N. 473, CS 473, LT 11, QD A,",CACHOEIRA,"Casa, 70.00 de área total, 70.00 de área privativa, 400.00 de área do terreno,  3 qto(s), a.serv, WC, 1 sala(s), cozinha.",46472.85,80000.0,41.91,Venda Direta Online,,MONSENHOR GIL,PI,Não
8444404071067,"RUA BRASILIA, N. 62, LT 18",VILA RICA,"Casa, 0.00 de área total, 56.00 de área privativa, 200.00 de área do terreno,  2 qto(s), a.serv, WC, 1 sala(s), cozinha.",108258.44,108258.44,0.0,Leilão SFI - Edital Único,,MONSENHOR GIL,PI,Não
8444425356222,"RUA JOAO LOPES DOS SANTOS, N. 579, QD 036 LOTE 147",GRUTA DE AREIA,"Casa, 69.14 de área total, 69.14 de área privativa, 400.00 de área do terreno,  2 qto(s), a.serv, WC, 2 sala(s), cozinha, Terraco, 2 vaga(s) de garagem.",120000.0,120000.0,0.0,Leilão SFI - Edital Único,,MONSENHOR GIL,PI,Não
8444408044099,"RUA CEL BENEDITO NUNES, N. 1477,",CANELA,"Casa, 0.00 de área total, 66.50 de área privativa, 172.00 de área do terreno,  2 qto(s), varanda, a.serv, WC, 1 sala(s), cozinha.",77983.66,144000.0,45.85,Venda Direta Online,,OEIRAS,PI,Não
8444408259745,"ANTONIO JOAO DE CARVALHO, N. 10,",ROSARIO,"Casa, 85.14 de área total, 85.14 de área privativa, 187.50 de área do terreno,  2 qto(s), a.serv, WC, 2 sala(s), cozinha.",87704.0,160000.0,45.19,Venda Direta Online,,OEIRAS,PI,Não
8444422031284,"RUA SETE DE SETEMBRO, N. SN, LT 02, QD B, LOT N SRA DO ROSARIO",ROSARIO,"Casa, 78.00 de área total, 78.00 de área privativa, 250.00 de área do terreno,  3 qto(s), WC, 1 sala(s), cozinha.",75305.5,130000.0,42.08,Venda Direta Online,,OEIRAS,PI,Não
8444427831149,"AVENIDA JOSÉ GRANGEIRO, N. 200, LT 06 QD F",JURANI,"Casa, 62.24 de área total, 62.24 de área privativa, 182.00 de área do terreno,  3 qto(s), a.serv, WC, 1 sala(s), cozinha, 1 vaga(s) de garagem.",132282.84,124000.0,0.0,Leilão SFI - Edital Único,,OEIRAS,PI,Não
8787702786369,"RUA 5, N. S/N, QD C2 LT 06",IGARACU,"Casa, 0.00 de área total, 53.14 de área privativa, 200.00 de área do terreno,  2 qto(s), varanda, a.serv, WC, 1 sala(s), cozinha, 1 vaga(s) de garagem.",44517.67,139457.74,68.08,Venda Direta Online,,PARNAIBA,PI,Não
8787711630635,"RUA 09, N. SN, LT 19, QD F2",CENTRO,"Casa, 0.00 de área total, 53.14 de área privativa, 200.00 de área do terreno,  2 qto(s), varanda, a.serv, WC, 1 sala(s), cozinha.",47437.76,124000.0,61.75,Venda Online,,PARNAIBA,PI,Não
8787710307334,"RUA 09, N. 23, QD F2 LT 23",SAO VICENTE DE PAULA,"Casa, 0.00 de área total, 53.14 de área privativa, 200.00 de área do terreno,  2 qto(s), varanda, a.serv, WC, 1 sala(s), cozinha, 1 vaga(s) de garagem.",45755.73,105000.0,56.43,Venda Direta Online,,PARNAIBA,PI,Não
8787710058920,"RUA 8, N. 15, LT 15 QD E2",DOM RUFINO,"Casa, 0.00 de área total, 53.14 de área privativa, 200.00 de área do terreno,  2 qto(s), varanda, a.serv, WC, 1 sala(s), cozinha.",43292.69,98000.0,55.83,Venda Direta Online,,PARNAIBA,PI,Não
8787702253700,"RUA 5, N. SN, LT16 QDB2",ROSANOPOLIS,"Casa, 0.00 de área total, 53.14 de área privativa, 200.00 de área do terreno,  2 qto(s), a.serv, WC, 1 sala(s), sacada, cozinha.",44605.73,97010.78,54.02,Venda Direta Online,,PARNAIBA,PI,Não
8787711923233,"RUA 09, N. SN, LT 20 QD F2",IGARACU,"Casa, 53.14 de área total, 53.14 de área privativa, 200.00 de área do terreno,  2 qto(s), varanda, a.serv, WC, 1 sala(s), cozinha, Terraco.",56828.32,110500.0,48.58,Venda Direta Online,,PARNAIBA,PI,Não
8555511175194,"RUA SEM DENOMINACAO, N. SN, CASA A-1, QD 38",PRIMAVERA,"Casa, 0.00 de área total, 46.40 de área privativa, 250.90 de área do terreno,  1 qto(s), varanda, WC, 1 sala(s), cozinha, 1 vaga(s) de garagem.",63942.62,117000.0,45.35,Venda Direta Online,,PARNAIBA,PI,Não
8444423300882,"RUA 07, N. SN, LT 05-A QD 09",CONSELHEIRO ALBERTO,"Casa, 46.13 de área total, 46.13 de área privativa, 150.00 de área do terreno, a.serv.",59847.24,104733.12,42.86,Licitação Aberta,,PARNAIBA,PI,Não
8787710665613,"RUA 8, N. 05, LT 05 F2",DOM RUFINO,"Casa, 53.14 de área total, 53.14 de área privativa, 200.00 de área do terreno,  2 qto(s), varanda, a.serv, WC, 1 sala(s), cozinha, Terraco, 1 vaga(s) de garagem.",65921.81,115000.0,42.68,Venda Direta Online,,PARNAIBA,PI,Não
8555533303144,"QUADRA I, N. SN, LT 04 QD I",IGARACU,"Casa, 0.00 de área total, 59.81 de área privativa, 220.00 de área do terreno,  2 qto(s), a.serv, WC, 1 sala(s), cozinha, Terraco.",68787.97,120000.0,42.68,Venda Direta Online,,PARNAIBA,PI,Não
8787702381571,"RUA 05, N. 18, QD B2",ROSAPÓLIS,"Casa, 53.14 de área total, 53.14 de área privativa, 200.00 de área do terreno,  2 qto(s), a.serv, WC, 1 sala(s), cozinha.",50522.3,87270.24,42.11,Venda Direta Online,,PARNAIBA,PI,Não
8787707211755,"LOTEAMENTO ROSAPOLIS, N. 10, LOTE DE TERRA QD D1",SAO VICENTE DE PAULA,"Terreno, 0.00 de área total, 0.00 de área privativa, 200.00 de área do terreno.",50522.3,87270.24,42.11,Venda Direta Online,,PARNAIBA,PI,Não
8787712750820,"RUA 08, N. 02, LT 02, QD B-13",CONSELHEIRO ALBERTO SILVA,"Casa, 53.14 de área total, 45.53 de área privativa, 200.00 de área do terreno,  2 qto(s), a.serv, WC, 1 sala(s), cozinha.",79295.59,136888.1,42.08,Venda Direta Online,,PARNAIBA,PI,Não
8555528813393,"RUA 11, N. SN, LT 02, QD B6",ROSANOPOLIS,"Casa, 49.10 de área total, 49.10 de área privativa, 210.00 de área do terreno,  2 qto(s), WC, 1 sala(s), cozinha.",46404.11,79881.68,41.91,Venda Direta Online,,PARNAIBA,PI,Não
8444427744467,"RUA SDO 09, N. SN, QD 13 LT 17",SABIAZAL,"Terreno, 0.00 de área total, 0.00 de área privativa, 200.00 de área do terreno.",34854.64,60000.0,41.91,Licitação Aberta,,PARNAIBA,PI,Não
8444433213087,"RUA PROJETADA, N. SN, LT 18 QD 29",DIRCEU ARCOVERDE,"Casa, 55.00 de área total, 55.00 de área privativa, 151.16 de área do terreno,  2 qto(s), WC, 1 sala(s), cozinha.",42516.85,73190.0,41.91,Venda Direta Online,,PARNAIBA,PI,Não
8787711438416,"R 06, N. 19, QD C1, LT 19, LOT DOM RUFINO IV",ROSAPÓLIS,"Casa, 53.14 de área total, 53.14 de área privativa, 200.00 de área do terreno,  2 qto(s), a.serv, WC, 1 sala(s), cozinha, 1 vaga(s) de garagem.",81379.36,139000.0,41.46,Venda Direta Online,,PARNAIBA,PI,Não
8444411822579,"VIA LOCAL 10, N. SN, LOTE 35, QD J",ROSAPÓLIS,"Casa, 0.00 de área total, 68.56 de área privativa, 68.56 de área do terreno.",112420.91,186000.0,39.56,Venda Direta Online,,PARNAIBA,PI,Não
8555536508995,"RUA C, N. 20, LOTE 20,QUADRA D2",DIRCEU ARCOVERDE,"Casa, 63.17 de área total, 63.17 de área privativa, 220.00 de área do terreno,  2 qto(s), a.serv, WC, 1 sala(s), cozinha, Terraco, 1 vaga(s) de garagem.",129413.53,214114.23,39.56,Venda Direta Online,,PARNAIBA,PI,Não
8444415105081,"RUA JOAO CLIMACO CARVALHO, N. 580, CASA 06",PIAUI,"Casa, 81.00 de área total, 81.00 de área privativa, 135.00 de área do terreno,  2 qto(s), varanda, WC, 1 sala(s), cozinha, Terraco, 1 vaga(s) de garagem.",91570.92,150000.0,38.96,Venda Online,,PARNAIBA,PI,Não
1444407883889,"RUA SEM DENOMINAÇÃO, N. SN,",SAO JUDAS TADEU,"Terreno, 0.00 de área total, 0.00 de área privativa, 600.00 de área do terreno.",90349.97,148000.0,38.96,Licitação Aberta,,PARNAIBA,PI,Não
1444406908993,"RUA F, N. SN, QD X L15 CS16",PRIMAVERA,"Casa, 0.00 de área total, 127.75 de área privativa, 360.00 de área do terreno,  2 qto(s), varanda, a.serv, WC, 2 sala(s), cozinha.",190764.1,307000.0,37.87,Venda Online,,PARNAIBA,PI,Sim
8555511228670,"RUA PROJETADA 15, N. 2, LT 02 QD O03",PLANALTO II,"Casa, 140.26 de área total, 40.26 de área privativa, 220.00 de área do terreno,  2 qto(s), WC, 1 sala(s), cozinha.",102368.09,102368.09,0.0,Leilão SFI - Edital Único,,PARNAIBA,PI,Não
8444408888831,"VIA LOCAL 01, N. SN, LT 02 QD A",IGARACU,"Casa, 59.81 de área total, 59.81 de área privativa, 227.15 de área do terreno,  2 qto(s), a.serv, WC, 1 sala(s), cozinha, Terraco.",129000.0,129000.0,0.0,Leilão SFI - Edital Único,,PARNAIBA,PI,Não
8787711743570,"RUA 07, N. SN, LT 10 QD B14",CONSELHEIRO ALBERTO SILVA,"Casa, 45.53 de área total, 45.53 de área privativa, 200.00 de área do terreno,  2 qto(s), a.serv, WC, 1 sala(s), cozinha.",130360.59,130360.59,0.0,Leilão SFI - Edital Único,,PARNAIBA,PI,Não
1444418015549,"AVENIDA PROJETA 1, N. 1, LT 01 QD 24",JOAO XVIII,"Terreno, 0.00 de área total, 0.00 de área privativa, 265.00 de área do terreno.",942378.81,920000.0,0.0,Leilão SFI - Edital Único,,PARNAIBA,PI,Não
1444409123016,"LOTEAMENTO CONVIVER PARNAIBA, N. 12, QD 04",SAO JUDAS TADEU,"Casa, 332.22 de área total, 332.22 de área privativa, 324.45 de área do terreno,  3 qto(s), varanda, a.serv, WC, 2 sala(s), 1 lavabo(s), cozinha, Terraco, 2 vaga(s) de garagem.",627999.63,558631.52,0.0,Leilão SFI - Edital Único,,PARNAIBA,PI,Não
8787708412169,"AVENIDA JOÃO MARTINHO DA LUZ, N. 625, LT 39, QD 323",JARDIM NATAL,"Casa, 0.00 de área total, 79.67 de área privativa, 200.00 de área do terreno,  2 qto(s), a.serv, WC, 1 sala(s), cozinha.",62579.77,140000.0,55.31,Venda Direta Online,,PICOS,PI,Não
8444400551838,"RUA FRANCISCO GONCALVES DA SILVA, N. SN, LT 29 QD 10",BELO NORTE,"Casa, 65.00 de área total, 65.00 de área privativa, 110.00 de área do terreno,  3 qto(s), WC, 1 sala(s), cozinha, Terraco, 1 vaga(s) de garagem.",107224.11,107224.11,0.0,Leilão SFI - Edital Único,,PICOS,PI,Não
1444409419950,"RUA MARIA DARICA DO NASCIMENTO, N. 828, QD X E LT 3 E 4",BOM PRINCIPIO,"Casa, 129.00 de área total, 129.00 de área privativa, 220.00 de área do terreno,  3 qto(s), varanda, a.serv, WC, 2 sala(s), cozinha.",118394.52,209000.0,43.36,Venda Direta Online,,PIO IX,PI,Sim
8444412964881,"RUA PROJETADA, N. 124, QD E LT 44",PIO IX,"Casa, 125.99 de área total, 125.99 de área privativa, 450.00 de área do terreno,  3 qto(s), a.serv, WC, 1 sala(s), cozinha.",96310.62,162523.62,40.75,Venda Direta Online,,PIO IX,PI,Não
8444403842680,"RUA PROJETADA JOSE NILTON ESCORCIO DE RESENDE FILH, N. 20",BAIXO DA EMA,"Casa, 0.00 de área total, 54.00 de área privativa, 180.50 de área do terreno,  2 qto(s), a.serv, WC, 1 sala(s), cozinha, 1 vaga(s) de garagem.",32381.19,118500.0,72.68,Venda Direta Online,,PIRACURUCA,PI,Não
8444413133398,"RUA DOMINGOS RODRIGUES DE CARVALHO, N. 1910, .",OLHO DAGUA,"Casa, 0.00 de área total, 69.75 de área privativa, 146.63 de área do terreno,  2 qto(s), a.serv, WC, 1 sala(s), cozinha, 1 vaga(s) de garagem.",39349.3,126000.0,68.78,Venda Direta Online,,PIRACURUCA,PI,Não
1555513742152,"RUA PEDRO II, N. 312",TRÊS LAGOAS,"Casa, 0.00 de área total, 83.77 de área privativa, 330.00 de área do terreno,  2 qto(s), WC, 1 sala(s), cozinha.",30794.29,97000.0,68.26,Venda Direta Online,,PIRACURUCA,PI,Não
8444409418561,"RUA PROJ RILDO DE MELO CERQUEIRA, N. 30,",OLHO DÁGUA,"Casa, 70.00 de área total, 70.00 de área privativa, 157.50 de área do terreno,  2 qto(s), a.serv, WC, 1 sala(s), cozinha, Terraco, 1 vaga(s) de garagem.",41825.56,127000.0,67.07,Venda Online,,PIRACURUCA,PI,Não
8444412671159,"RUA PROJETADA, N. 25, .",ESPLANADA,"Casa, 0.00 de área total, 70.00 de área privativa, 200.00 de área do terreno,  2 qto(s), a.serv, WC, 1 sala(s), cozinha, Terraco.",30415.33,89000.0,65.83,Venda Direta Online,,PIRACURUCA,PI,Não
1555528726026,"RUA MONSENHOR OLAVO PASSOS, N. 867, QUARTEIRÃO Nº 18",BAIRRO DE FTIMA,"Comercial, 0.00 de área total, 294.00 de área privativa, 322.00 de área do terreno, WC, 1 sala(s), Terraco.",106610.64,291000.0,63.37,Venda Direta Online,,PIRACURUCA,PI,Não
8444408619652,"RUA VEREADOR FRANCISCO MACHADO DE SOUSA, N. 1418, .",BAIXA DA EMA,"Casa, 0.00 de área total, 77.00 de área privativa, 200.00 de área do terreno,  2 qto(s), a.serv, WC, 1 sala(s), cozinha, 2 vaga(s) de garagem.",29818.95,78530.0,62.03,Venda Direta Online,,PIRACURUCA,PI,Não
8444413685269,"RUA PROJETADA, N. 404,",ESPLANADA,"Casa, 65.00 de área total, 65.00 de área privativa, 180.00 de área do terreno,  2 qto(s), a.serv, WC, 1 sala(s), cozinha, 1 vaga(s) de garagem.",40779.57,106000.0,61.53,Venda Online,,PIRACURUCA,PI,Não
1555515707370,"RUA FELIX GOMES DE BRITO, N. 588, QUARTEIRAO 72",ESPLANADA,"Casa, 0.00 de área total, 73.50 de área privativa, 231.21 de área do terreno,  2 qto(s), WC, 1 sala(s), cozinha.",43820.65,109880.0,60.12,Venda Direta Online,,PIRACURUCA,PI,Não
8444408375753,"RUA DEPUTADO RIBEIRA MAGALHÃES, N. 1280,",BAIXO DA EMA,"Casa, 0.00 de área total, 70.00 de área privativa, 193.00 de área do terreno,  2 qto(s), WC, 1 sala(s), cozinha, Terraco.",47886.72,109890.18,56.43,Venda Direta Online,,PIRACURUCA,PI,Não
8444409862887,"RUA PROJETADA, N. 380,",BAIXA DA EMA,"Casa, 70.00 de área total, 70.00 de área privativa, 250.00 de área do terreno,  2 qto(s), a.serv, WC, 1 sala(s), cozinha, 1 vaga(s) de garagem.",44547.72,100000.0,55.46,Venda Online,,PIRACURUCA,PI,Não
8444405464020,"RUA  XXVIII, N. 109, QD 37 LT 19",ESPLANADA,"Casa, 0.00 de área total, 58.00 de área privativa, 250.00 de área do terreno,  2 qto(s), a.serv, WC, 1 sala(s), cozinha, 1 vaga(s) de garagem.",53422.14,115000.0,53.55,Venda Online,,PIRACURUCA,PI,Não
8444417927666,"RUA JOSÉ VILARINHO DE SOUSA, N. 2004,",BAIXA DA EMA,"Casa, 68.40 de área total, 68.40 de área privativa, 200.00 de área do terreno,  2 qto(s), a.serv, WC, 1 sala(s), cozinha.",70836.4,149000.0,52.46,Venda Direta Online,,PIRACURUCA,PI,Não
8444413638805,"RUA ABDIAS NEVES, N. 2816, QD 02 QUARTEIRÃO 43",BAIXA DA EMA,"Casa, 70.00 de área total, 70.00 de área privativa, 350.00 de área do terreno,  2 qto(s), WC, 1 sala(s), cozinha.",44756.13,94000.0,52.39,Venda Online,,PIRACURUCA,PI,Não
8444404282041,"RUA PROJETADA JOSE NILTON ESCORCIO DE R FILHO, N. 40",BAIXA DA EMA,"Casa, 0.00 de área total, 54.00 de área privativa, 187.00 de área do terreno,  2 qto(s), WC, 1 sala(s), cozinha, Terraco, 1 vaga(s) de garagem.",45128.77,93400.0,51.69,Venda Direta Online,,PIRACURUCA,PI,Não
8444405632801,"RUA SANTA LUCIA, N. 2181, QUARTEIRÃO 32",OLHO DÁGUA,"Casa, 0.00 de área total, 70.00 de área privativa, 260.00 de área do terreno,  2 qto(s), varanda, WC, 1 sala(s), cozinha.",32926.14,67900.0,51.51,Venda Online,,PIRACURUCA,PI,Não
8444415549931,"RUA PROJETADA A, N. 95, QUARTEIRAO 96",ESPLANADA,"Casa, 65.00 de área total, 65.00 de área privativa, 162.00 de área do terreno,  2 qto(s), a.serv, WC, 1 sala(s), cozinha, 1 vaga(s) de garagem.",53549.89,109000.0,50.88,Venda Online,,PIRACURUCA,PI,Não
8444415878722,"RUA PROJETADA, N. 414,",ESPLANADA,"Casa, 0.00 de área total, 67.00 de área privativa, 180.00 de área do terreno.",54710.75,110000.0,50.27,Venda Direta Online,,PIRACURUCA,PI,Não
1444400498270,"RUA MAJOR MAGALHÃES, N. 652, QUARTEIRÃO Nº 79",ESPLANADA,"Casa, 84.00 de área total, 84.00 de área privativa, 237.44 de área do terreno,  2 qto(s), WC, 2 sala(s), cozinha, 1 vaga(s) de garagem.",51844.59,104000.0,50.15,Venda Online,,PIRACURUCA,PI,Não
8444408571153,"R XI, N. 748, QD 18 LT 05",ESPLANDA,"Casa, 0.00 de área total, 69.01 de área privativa, 250.00 de área do terreno.",46101.2,92000.0,49.89,Venda Direta Online,,PIRACURUCA,PI,Não
8444413824471,"RUA TABELIAO LUCAS VIEIRA, N. 1008, QUARTEIRAO 100",BAIRRO DE FATIMA,"Casa, 68.00 de área total, 68.00 de área privativa, 161.50 de área do terreno,  2 qto(s), a.serv, WC, 1 sala(s), cozinha, 1 vaga(s) de garagem.",57085.46,112000.0,49.04,Venda Online,,PIRACURUCA,PI,Não
8444414360142,"AVENIDA ADAUTO DE MORAIS MENESES, N. 1464,",ESPLANADA,"Casa, 70.00 de área total, 56.00 de área privativa, 280.62 de área do terreno,  2 qto(s), a.serv, WC, 1 sala(s), cozinha, 1 vaga(s) de garagem.",68214.74,131000.0,47.93,Venda Direta Online,,PIRACURUCA,PI,Não
8444409931706,"RUA VER JOSIAS GOMES FONTENELE, N. 500,",GUARANI,"Casa, 69.00 de área total, 69.00 de área privativa, 141.08 de área do terreno,  2 qto(s), a.serv, WC, 1 sala(s), cozinha, 1 vaga(s) de garagem.",62856.87,110000.0,42.86,Venda Direta Online,,PIRACURUCA,PI,Não
8444411103050,"RUA DOMINGOS RODRIGUES DE CARVALHO, N. 1925,",OLHO DÁGUA,"Casa, 70.00 de área total, 70.00 de área privativa, 127.50 de área do terreno,  2 qto(s), a.serv, WC, 1 sala(s), cozinha, Terraco.",75305.5,130000.0,42.08,Venda Direta Online,,PIRACURUCA,PI,Não
8444412247276,"RUA XI, N. 740, QD 18 LT 04 LOT NOVA PIRACURUCA",ESPLANADA,"Casa, 69.01 de área total, 69.01 de área privativa, 250.00 de área do terreno,  2 qto(s), a.serv, WC, 1 sala(s), cozinha, Terraco.",77043.32,133000.0,42.08,Venda Direta Online,,PIRACURUCA,PI,Não
8444410034020,"RUA PROJETADA, N. 110, 11,",ESPLANADA,"Casa, 54.00 de área total, 54.00 de área privativa, 220.00 de área do terreno,  2 qto(s), WC, 1 sala(s), cozinha.",47634.67,82000.0,41.91,Venda Direta Online,,PIRACURUCA,PI,Não
8444410183998,"RUA PROJETADA, N. 390,",BAIXA DA EMA,"Casa, 70.00 de área total, 70.00 de área privativa, 250.00 de área do terreno,  2 qto(s), a.serv, WC, 1 sala(s), cozinha.",40663.74,70000.0,41.91,Venda Direta Online,,PIRACURUCA,PI,Não
8444413982220,"RUA DOMINGOS RODRIGUES DE CARVALHO, N. 1860,",OLHO DÁGUA,"Casa, 65.00 de área total, 65.00 de área privativa, 180.00 de área do terreno,  2 qto(s), a.serv, WC, 1 sala(s), cozinha, 1 vaga(s) de garagem.",81964.82,140000.0,41.46,Licitação Aberta,,PIRACURUCA,PI,Não
1444414260816,"RUA VEREADOR NARCISO COMES DOS SANTOS, N. SN, CS 01 QD I LT 01",VISTA ALEGRE,"Casa, 60.60 de área total, 60.60 de área privativa, 300.00 de área do terreno,  3 qto(s), varanda, a.serv, WC, 1 sala(s), cozinha.",56769.19,94000.0,39.61,Venda Direta Online,,PIRIPIRI,PI,Não
1444413078720,"RUA JOQUEI LESTE OESTE 02, N. 15, QD 03",CONCEICAO,"Casa, 96.73 de área total, 96.73 de área privativa, 599.70 de área do terreno,  3 qto(s), a.serv, WC, 2 sala(s), cozinha.",217376.01,217376.01,0.0,Leilão SFI - Edital Único,,PIRIPIRI,PI,Não
8555512410189,"RUA 17, N. 17, LT 17 QD L",SAO JOAO,"Casa, 53.90 de área total, 53.90 de área privativa, 250.00 de área do terreno,  2 qto(s), varanda, WC, 1 sala(s), cozinha.",83310.13,83310.13,0.0,Leilão SFI - Edital Único,,PIRIPIRI,PI,Não
8444426418183,"RUA PROJETADA DC23, N. SN, QD DCE04 LT 07",ANAJAS,"Casa, 54.96 de área total, 54.96 de área privativa, 192.00 de área do terreno,  2 qto(s), a.serv, WC, 1 sala(s), cozinha.",130905.1,120000.0,0.0,Leilão SFI - Edital Único,,PIRIPIRI,PI,Não
8555535689597,"RUA DR JOAO BANDEIRA MONTE, N. SN, LOTE 1 QUADRA J",SAO JOAO,"Casa, 61.44 de área total, 61.44 de área privativa, 250.00 de área do terreno,  3 qto(s), a.serv, WC, 1 sala(s), cozinha, 1 vaga(s) de garagem.",106687.4,80000.0,0.0,Leilão SFI - Edital Único,,PIRIPIRI,PI,Não
8444405588799,"RUA PAULO CESAR MORAIS, N. 746, QD A LO01",SANTA TERESINHA,"Casa, 69.76 de área total, 69.76 de área privativa, 300.00 de área do terreno,  3 qto(s), varanda, a.serv, WC, 1 sala(s), cozinha.",54815.76,118000.0,53.55,Venda Online,,REGENERACAO,PI,Não
8444416314067,"AVENIDA JOSÉ ALVES XIMENES, N. 350,",CENTRO,"Casa, 70.00 de área total, 70.00 de área privativa, 250.00 de área do terreno,  2 qto(s), WC, cozinha, 1 vaga(s) de garagem.",60412.94,137000.0,55.91,Venda Direta Online,,SAO JOAO DA FRONTEIRA,PI,Não
8444414277229,"RUA FRANCISCO MACHADODE MENESES (ATUAL RUA PIAUI), N. 140,",CENTRO,"Casa, 67.00 de área total, 67.00 de área privativa, 250.00 de área do terreno,  2 qto(s), WC, 1 sala(s), cozinha, Terraco.",78201.87,135000.0,42.08,Licitação Aberta,,SAO JOAO DA FRONTEIRA,PI,Não
8444409154882,"RUA GOVERNADOR HELVIDIO NUNES, N. 231,",CENTRO,"Casa, 72.92 de área total, 72.92 de área privativa, 400.00 de área do terreno,  3 qto(s), a.serv, WC, 1 sala(s), cozinha, Terraco, 1 vaga(s) de garagem.",87377.11,149244.46,41.46,Venda Direta Online,,SAO JOAO DA SERRA,PI,Não
8444410139255,"RUA VEREADOR FRANCISCO MENDES DA SILVA, N. 187,",CENTRO,"Casa, 96.16 de área total, 96.16 de área privativa, 400.00 de área do terreno,  3 qto(s), a.serv, WC, 1 sala(s), cozinha, Terraco, 1 vaga(s) de garagem.",53839.36,93000.0,42.11,Venda Direta Online,,SAO MIGUEL DA BAIXA GRANDE,PI,Não
8444406435856,"RUA ANISIO TARQUINO CAVALCANTE, N. 0, 0",CIPO,"Casa, 0.00 de área total, 91.43 de área privativa, 125.00 de área do terreno,  2 qto(s), a.serv, WC, 1 sala(s), cozinha, Terraco, 1 vaga(s) de garagem.",74064.27,145000.0,48.93,Venda Direta Online,,SAO RAIMUNDO NONATO,PI,Não
1444418813224,"RUA PAULINHO P. DE SOUSA, N. 210,",CIPO,"Casa, 80.00 de área total, 80.00 de área privativa, 243.00 de área do terreno,  3 qto(s), a.serv, WC, 1 sala(s), cozinha, 1 vaga(s) de garagem.",122108.12,194000.0,37.06,Venda Direta Online,,SAO RAIMUNDO NONATO,PI,Não
8444402050275,"RUA 03, N. A13, LT A13 QD E",ANGELIM,"Casa, 0.00 de área total, 64.10 de área privativa, 283.50 de área do terreno,  3 qto(s), WC, 1 sala(s), cozinha.",36782.17,162500.0,77.37,Venda Online,,TERESINA,PI,Não
8555537713860,"RUA MARIA MIRTO DE SA, N. 4660, Apto 304, IRUA PROJETADA 4",SANTA MARIA,"Apartamento, 0.00 de área total, 45.00 de área privativa, 0.00 de área do terreno,  2 qto(s), WC, 1 sala(s), cozinha, 1 vaga(s) de garagem.",102303.74,291170.25,64.87,Venda Direta Online,,TERESINA,PI,Sim
10200850,"RUA GABRIEL FERREIRA, N. 00, QD 214, ZN 02, ZONA SUL",MACAUBA,"Casa, 0.00 de área total, 240.00 de área privativa, 390.00 de área do terreno.",247292.71,540000.0,54.21,Venda Direta Online,,TERESINA,PI,Não
8555523488338,"RUA PROFESSORA ROSA DA CUNHA BARROS, N. SN, LT 35, QD T",PORTAL DA ALEGRIA,"Casa, 0.00 de área total, 60.70 de área privativa, 300.00 de área do terreno,  2 qto(s), varanda, WC, 1 sala(s), cozinha.",57821.57,125000.0,53.75,Venda Direta Online,,TERESINA,PI,Não
8444422986268,"RUA JOSEFA DE SÁ COELHO, N. SN, LT21, QDS34 - REDONDA",NOVO HORIZONTE,"Terreno, 0.00 de área total, 0.00 de área privativa, 257.10 de área do terreno.",41682.08,90000.0,53.69,Venda Online,,TERESINA,PI,Não
8444426699123,"RUA 21, N. 1349, QD A1 LO09",NUCLEO URBANO CIL,"Casa, 57.81 de área total, 57.81 de área privativa, 300.00 de área do terreno,  2 qto(s), a.serv, WC, 1 sala(s), cozinha, Terraco.",55871.43,116836.15,52.18,Venda Direta Online,,TERESINA,PI,Não
8444426028997,"RUA 2, N. 7166, Apto 2, LT 08, QD AK",VALE QUEM TEM,"Apartamento, 0.00 de área total, 58.00 de área privativa, 0.00 de área do terreno,  2 qto(s), a.serv, WC, 1 sala(s), cozinha.",76959.62,160000.0,51.91,Venda Direta Online,,TERESINA,PI,Não
8444425640567,"AV PROFESSOR CAMILO FILHO, N. 1236, LOTE 14 QUADRA C",SAO SEBASTIAO,"Terreno, 62.61 de área total, 0.00 de área privativa, 175.50 de área do terreno.",71660.66,144000.0,50.24,Venda Online,,TERESINA,PI,Não
8787704281841,"RUA FRANCISCO JOSÉ BARRETO, N. 8081, Apto 302, QD N-1, SETOR 1,",VERDE LAR,"Apartamento, 69.84 de área total, 50.16 de área privativa, 0.00 de área do terreno,  2 qto(s), a.serv, WC, 1 sala(s), cozinha, 1 vaga(s) de garagem.",85629.91,170000.0,49.63,Venda Direta Online,,TERESINA,PI,Sim
8555519403099,"RUA CARLOTINHA BRITO, N. 2151, Apto 103, BL 03",COLORADO,"Apartamento, 50.20 de área total, 47.16 de área privativa, 0.00 de área do terreno,  2 qto(s), a.serv, WC, 1 sala(s), cozinha, 1 vaga(s) de garagem.",90046.96,178769.1,49.63,Venda Direta Online,,TERESINA,PI,Sim
8787701034371,"AVENIDA PROFESSOR CAMILLO FILHO, N. 5244, Apto 208, APTO 208 BL I LT 01 QD A",VERDECAP,"Apartamento, 59.13 de área total, 46.63 de área privativa, 0.00 de área do terreno,  2 qto(s), WC, 1 sala(s), cozinha, 1 vaga(s) de garagem.",68489.58,134000.0,48.89,Venda Online,,TERESINA,PI,Não
8787701659401,"RUA SEM DENOMINAÇÃ0, N. 8200, Apto 202, BL B",BOM PRINCIPIO,"Apartamento, 53.90 de área total, 48.25 de área privativa, 0.00 de área do terreno,  2 qto(s), a.serv, WC, 1 sala(s), cozinha, 1 vaga(s) de garagem.",74942.07,145000.0,48.32,Venda Online,,TERESINA,PI,Não
8444426150474,"RUA 07, N. SN, QD X LT 27",ANGELIM,"Casa, 60.04 de área total, 60.04 de área privativa, 283.51 de área do terreno,  2 qto(s), a.serv, WC, 1 sala(s), cozinha, Terraco, 1 vaga(s) de garagem.",55499.75,105000.0,47.15,Venda Online,,TERESINA,PI,Não
8555537542160,"RUA SAO FRANCISCO DE SALES, N. 4074, Apto 104, BL B TÉRREO",ANGELIM,"Apartamento, 45.00 de área total, 45.00 de área privativa, 0.00 de área do terreno,  2 qto(s), a.serv, WC, 1 sala(s), cozinha, 1 vaga(s) de garagem.",93198.5,170023.73,45.19,Venda Direta Online,,TERESINA,PI,Não
8555537542372,"RUA SAO FRANCISCO DE SALES, N. 4074, Apto 304, BL A",ANGELIM,"Apartamento, 57.25 de área total, 45.00 de área privativa, 0.00 de área do terreno,  2 qto(s), WC, 1 sala(s), cozinha, 1 vaga(s) de garagem.",93185.49,170000.0,45.19,Venda Direta Online,,TERESINA,PI,Não
8787713267333,"RUA FLOR DO TEMPO, N. 8505, Apto 204, BL 15",VERDECAP,"Apartamento, 0.00 de área total, 45.45 de área privativa, 0.00 de área do terreno,  2 qto(s), a.serv, WC, 1 sala(s), cozinha, 1 vaga(s) de garagem.",123767.09,221375.39,44.1,Venda Direta Online,,TERESINA,PI,Sim
8787712356308,"RUA MARIA MIRTO DE SA, N. 2095, LT 27 TIPO D1",SANTA MARIA,"Casa, 60.86 de área total, 60.86 de área privativa, 0.00 de área do terreno,  2 qto(s), a.serv, WC, 1 sala(s), 1 lavabo(s), cozinha, 1 vaga(s) de garagem.",101333.67,180000.0,43.71,Venda Direta Online,,TERESINA,PI,Sim
8555528471220,"AVENIDA DOIS, N. 3580, Apto 01, BL 11, QD BM",SANTO ANTONIO,"Apartamento, 57.30 de área total, 52.76 de área privativa, 0.00 de área do terreno,  2 qto(s), a.serv, WC, 1 sala(s), cozinha, 1 vaga(s) de garagem.",87668.52,153581.76,42.92,Venda Online,,TERESINA,PI,Não
8787707300383,"RUA FRANCISCO JOSE BARRETO, N. 8081, Apto 303, BL 07 PAV 03 VG 60",VERDE LAR,"Apartamento, 57.59 de área total, 50.16 de área privativa, 0.00 de área do terreno,  2 qto(s), WC, 1 sala(s), cozinha, 1 vaga(s) de garagem.",79915.69,140000.0,42.92,Venda Direta Online,,TERESINA,PI,Não
8444427500932,"RUA 20, N. S/N, LT V41, QD V",ANGELIM,"Casa, 0.00 de área total, 57.87 de área privativa, 210.35 de área do terreno,  2 qto(s), WC, 1 sala(s), cozinha, 1 vaga(s) de garagem.",63897.3,111820.76,42.86,Venda Direta Online,,TERESINA,PI,Não
8555533981053,"RUA PROJETADA - 03, N. 4671, Apto 103, BL F",SANTA MARIA,"Apartamento, 46.49 de área total, 45.00 de área privativa, 0.00 de área do terreno,  2 qto(s), a.serv, WC, 1 sala(s), cozinha, 1 vaga(s) de garagem.",62856.87,110000.0,42.86,Licitação Aberta,,TERESINA,PI,Não
8555535944074,"RUA PROJETADA 03, N. 4641, Apto 301, BL E",SANTA MARIA,"Apartamento, 57.25 de área total, 45.00 de área privativa, 0.00 de área do terreno,  2 qto(s), WC, 1 sala(s), cozinha, 1 vaga(s) de garagem.",66667.01,116300.0,42.68,Venda Direta Online,,TERESINA,PI,Não
8555538351023,"RUA MARIA MIRTO DE SA, N. 4660, Apto 301, BL G, PAV 03, VAGA DESCOBERTA DE GARAG",SANTA MARIA,"Apartamento, 45.97 de área total, 45.00 de área privativa, 0.00 de área do terreno,  2 qto(s), a.serv, WC, 1 sala(s), cozinha, 1 vaga(s) de garagem.",71080.9,124000.0,42.68,Venda Direta Online,,TERESINA,PI,Não
8787705072480,"RUA MARIA MIRTO DE SA, N. 1180, Apto 203, BL E",SANTA MARIA,"Apartamento, 45.83 de área total, 45.83 de área privativa, 0.00 de área do terreno,  2 qto(s), WC, 1 sala(s), cozinha, 1 vaga(s) de garagem.",67068.27,117000.0,42.68,Licitação Aberta,,TERESINA,PI,Não
8787705243757,"AVENIDA POTY VELHO, N. 5206, Apto 301, BL 02",SANTA MARIA,"Apartamento, 56.48 de área total, 48.69 de área privativa, 0.00 de área do terreno,  2 qto(s), a.serv, WC, 1 sala(s), cozinha, 1 vaga(s) de garagem.",65921.81,115000.0,42.68,Venda Online,,TERESINA,PI,Não
8787705320654,"AVENIDA POTY VELHO, N. 5206, Apto 204, BL 05",SANTA MARIA,"Apartamento, 56.48 de área total, 48.69 de área privativa, 0.00 de área do terreno,  2 qto(s), a.serv, WC, 1 sala(s), cozinha, 1 vaga(s) de garagem.",65921.81,115000.0,42.68,Venda Online,,TERESINA,PI,Não
8787705320786,"AVENIDA POTI VELHO, N. 5206, Apto 207, BL 05",SANTA MARIA,"Apartamento, 56.47 de área total, 48.68 de área privativa, 0.00 de área do terreno,  2 qto(s), a.serv, WC, 1 sala(s), cozinha, 1 vaga(s) de garagem.",65921.81,115000.0,42.68,Licitação Aberta,,TERESINA,PI,Não
8555527310355,"BR 316 KM 14, N. SN, LT 06, QD Y,",PEDRA MIUDA,"Casa, 90.70 de área total, 60.70 de área privativa, 200.00 de área do terreno,  3 qto(s), varanda, WC, 1 sala(s), cozinha, 1 vaga(s) de garagem.",67680.51,118068.05,42.68,Venda Direta Online,,TERESINA,PI,Não
8444410556719,"RUA IV, N. 3, QD 32 LT 03",BELA VISTA,"Casa, 0.00 de área total, 60.20 de área privativa, 250.00 de área do terreno.",109229.85,190232.0,42.59,Venda Direta Online,,TERESINA,PI,Sim
8787713416231,"RUA FLOR DO TEMPO, N. 8505, Apto 301, BL 26",VERDECAP,"Apartamento, 74.81 de área total, 45.45 de área privativa, 0.00 de área do terreno,  2 qto(s), a.serv, WC, 1 sala(s), cozinha, 1 vaga(s) de garagem.",127112.15,221375.39,42.59,Venda Direta Online,,TERESINA,PI,Não
8787715533634,"RUA FLOR DO TEMPO, N. 8505, Apto 304, BL 16 PAV 03",VERDECAP,"Apartamento, 57.70 de área total, 45.45 de área privativa, 0.00 de área do terreno,  2 qto(s), WC, 1 sala(s), cozinha, 1 vaga(s) de garagem.",114838.56,200000.0,42.59,Venda Direta Online,,TERESINA,PI,Sim
8555528473231,"RUA XIX, N. SN, QUADRA Q LOTE 09",PEDRA MIUDA,"Casa, 60.70 de área total, 60.70 de área privativa, 200.00 de área do terreno,  3 qto(s), varanda, a.serv, WC, 1 sala(s), cozinha, Terraco, 2 vaga(s) de garagem.",52102.6,90000.0,42.11,Licitação Aberta,,TERESINA,PI,Não
8787709283982,"QUADRA BC, N. 1670, LT 06 QD R",SANTO ANTONIO,"Casa, 0.00 de área total, 53.13 de área privativa, 203.53 de área do terreno.",78201.87,135000.0,42.08,Licitação Aberta,,TERESINA,PI,Não
8787701324620,"RUA SEM DENOMINACAO, N. 8200, Apto 308, BLOCO B 3º PAVIMENTO QUADRA 3",BOM PRINCIPIO,"Apartamento, 53.90 de área total, 48.25 de área privativa, 0.00 de área do terreno,  2 qto(s), a.serv, WC, 1 sala(s), cozinha, 1 vaga(s) de garagem.",75305.5,130000.0,42.08,Venda Direta Online,,TERESINA,PI,Não
8787708622465,"RUA VII, N. 3000, CS 36",BOM PRINCIPIO,"Casa, 0.00 de área total, 50.13 de área privativa, 176.60 de área do terreno,  2 qto(s), WC, 1 sala(s), cozinha.",73567.68,127000.0,42.08,Venda Online,,TERESINA,PI,Não
8555535000254,"RUA PROJETADA 03, N. 4671, Apto 203, BL G LT 01 QD A",SANTA MARIA,"Apartamento, 46.39 de área total, 45.00 de área privativa, 0.00 de área do terreno,  2 qto(s), WC, 1 sala(s), cozinha, 1 vaga(s) de garagem.",77275.03,133400.0,42.08,Venda Direta Online,,TERESINA,PI,Não
8555536364098,"RUA PROJETADA - 03, N. 4671, Apto 304, BL G PAV 3 TIPO C",SANTA MARIA,"Apartamento, 46.39 de área total, 45.00 de área privativa, 0.00 de área do terreno,  2 qto(s), a.serv, WC, 1 sala(s), cozinha, 1 vaga(s) de garagem.",74262.81,128200.0,42.08,Venda Direta Online,,TERESINA,PI,Não
8787706694205,"AVENIDA POTY VELHO, N. 5206, Apto 303, LT IA, BL 02, VAGA DE GARAGEM SORTIDA",SANTA MARIA,"Apartamento, 56.47 de área total, 48.68 de área privativa, 0.00 de área do terreno,  2 qto(s), a.serv, WC, 1 sala(s), cozinha, 1 vaga(s) de garagem.",75884.78,131000.0,42.08,Venda Direta Online,,TERESINA,PI,Não
8555529486795,"RUA BENEDITO DA ROCHA FREITAS, N. 15, LT 15 QD N",PEDRA MIUDA,"Casa, 60.70 de área total, 60.70 de área privativa, 200.00 de área do terreno,  3 qto(s), varanda, WC, 1 sala(s), cozinha.",76542.0,132134.57,42.08,Venda Online,,TERESINA,PI,Não
8444428346759,"RUA PROJETADA 01, N. SN, LT 51 QD B2",PEDRA MIUDA,"Terreno, 0.00 de área total, 0.00 de área privativa, 264.00 de área do terreno.",32916.7,56663.96,41.91,Licitação Aberta,,TERESINA,PI,Não
8444429501260,"RUA PROJETADA V, N. SN, LT 11, QD D2",PEDRA MIUDA,"Casa, 0.00 de área total, 52.75 de área privativa, 255.84 de área do terreno,  2 qto(s), varanda, a.serv, WC, 1 sala(s), cozinha.",29045.53,50000.0,41.91,Licitação Aberta,,TERESINA,PI,Não
8787701635871,"RUA SEM DENOMINAÇÃO, N. 8200, Apto 308, BLI QD3 LOT RECANTO DOS PASSAROS",BOM PRINCIPIO,"Apartamento, 66.15 de área total, 48.25 de área privativa, 0.00 de área do terreno,  2 qto(s), a.serv, WC, 1 sala(s), cozinha, 1 vaga(s) de garagem.",81964.82,140000.0,41.46,Venda Direta Online,,TERESINA,PI,Não
8555532490161,"RUA VOVÓ ANTONIA CARVALHO (RUA 31), N. 6751, Apto 305, BLOCO 04, CONDOMINIO TOPÁZIO",VALE DO GAVIAO,"Apartamento, 50.62 de área total, 46.19 de área privativa, 0.00 de área do terreno,  2 qto(s), WC, 1 sala(s), cozinha, 1 vaga(s) de garagem.",90746.77,155000.0,41.46,Venda Direta Online,,TERESINA,PI,Não
8555535582466,"AVENIDA THEMISTOCLES SAMPAIO, N. 6758, Apto 406, BL 05",VALE DO GAVIAO,"Apartamento, 50.62 de área total, 46.19 de área privativa, 0.00 de área do terreno,  2 qto(s), a.serv, WC, 1 sala(s), cozinha, 1 vaga(s) de garagem.",84892.14,145000.0,41.46,Venda Direta Online,,TERESINA,PI,Não
8444425965393,"RUA 21, N. 5312, LOTE V17, QUADRA V",ANGELIM,"Casa, 60.04 de área total, 60.04 de área privativa, 210.42 de área do terreno,  2 qto(s), a.serv, WC, 1 sala(s), cozinha, 1 vaga(s) de garagem.",87819.45,150000.0,41.46,Venda Direta Online,,TERESINA,PI,Não
8444416208232,"RUA DOUTOR VALDEI MANOEL RODRIGUES, N. 6165, LT 18-A QD S",ESPLANADA,"Casa, 52.40 de área total, 52.40 de área privativa, 200.00 de área do terreno,  2 qto(s), a.serv, WC, 1 sala(s), cozinha.",85128.63,145403.95,41.46,Venda Direta Online,,TERESINA,PI,Não
8555536025854,"RUA MARIA MIRTO DE SA, N. 4641, Apto 204, BL C",SANTA MARIA,"Apartamento, 0.00 de área total, 45.00 de área privativa, 0.00 de área do terreno,  2 qto(s), WC, 1 sala(s), cozinha, 1 vaga(s) de garagem.",86063.06,147000.0,41.46,Venda Direta Online,,TERESINA,PI,Não
8555538740909,"RUA MARIA MIRTO DE SA ( ANT RUA PROJETADA 04), N. 4660, Apto 201, BL O",SANTA MARIA,"Apartamento, 45.97 de área total, 45.00 de área privativa, 0.00 de área do terreno,  2 qto(s), a.serv, WC, 1 sala(s), cozinha, 1 vaga(s) de garagem.",85876.0,146680.49,41.46,Licitação Aberta,,TERESINA,PI,Não
8555518640135,"RUA JOSÉ MIGUEL ADAD, N. S/N, LT 05 QD I",PORTAL DA ALEGRIA,"Casa, 60.70 de área total, 60.70 de área privativa, 360.00 de área do terreno,  3 qto(s), varanda, WC, 1 sala(s), cozinha.",85837.4,146614.56,41.46,Venda Direta Online,,TERESINA,PI,Não
8444414669984,"RUA 15, N. 3648, LT 15 QD 02",PARQUE SUL,"Casa, 60.19 de área total, 60.19 de área privativa, 300.00 de área do terreno,  2 qto(s), WC, 1 sala(s), cozinha.",89381.71,152668.42,41.46,Venda Direta Online,,TERESINA,PI,Não
8787716745406,"RUA FLOR DO TEMPO, N. 8505, Apto 202, BL 04 PAV 02",VERDECAP,"Apartamento, 71.56 de área total, 47.06 de área privativa, 0.00 de área do terreno,  2 qto(s), a.serv, WC, 1 sala(s), cozinha, 1 vaga(s) de garagem.",131044.89,222372.63,41.07,Venda Direta Online,,TERESINA,PI,Sim
8444420638084,"RUA JOSE DE CASTRO, N. 3671, CS 3671, LT 33, QD 47",MATADOURO,"Casa, 69.82 de área total, 69.82 de área privativa, 250.00 de área do terreno,  2 qto(s), a.serv, WC, WC Emp, 2 sala(s), cozinha, Terraco.",103047.82,173892.6,40.75,Venda Direta Online,,TERESINA,PI,Não
8555526561877,"AVENIDA PROFESSOR CAMILO FILHO, N. 5244, Apto 406, LT 01 QD A BL C",VERDECAP,"Apartamento, 46.63 de área total, 46.63 de área privativa, 0.00 de área do terreno,  2 qto(s), WC, 1 sala(s), cozinha, 1 vaga(s) de garagem.",95407.73,161000.0,40.75,Venda Online,,TERESINA,PI,Não
8787712769181,"RUA FLOR DO TEMPO, N. 8505, Apto 01, PAV01 BL 14",VERDECAP,"Apartamento, 45.45 de área total, 45.45 de área privativa, 0.00 de área do terreno,  2 qto(s), WC, 1 sala(s), cozinha, 1 vaga(s) de garagem.",98602.82,166391.69,40.75,Licitação Aberta,,TERESINA,PI,Não
8787713579912,"RUA FLOR DO TEMPO, N. 8505, Apto 03, BL18 PAV01",VERDECAP,"Apartamento, 62.56 de área total, 45.45 de área privativa, 0.00 de área do terreno,  2 qto(s), WC, 1 sala(s), cozinha, 1 vaga(s) de garagem.",106667.03,180000.0,40.75,Licitação Aberta,,TERESINA,PI,Não
8787713705829,"RUA FLOR DO TEMPO, N. 8505, Apto 03, BL 10",VERDECAP,"Apartamento, 74.81 de área total, 45.45 de área privativa, 0.00 de área do terreno,  2 qto(s), WC, 1 sala(s), cozinha, 1 vaga(s) de garagem.",97778.11,165000.0,40.75,Venda Direta Online,,TERESINA,PI,Não
8787713832219,"RUA FLOR DO TEMPO, N. 8505, Apto 302, BL 30 LT A",VERDECAP,"Apartamento, 74.81 de área total, 45.45 de área privativa, 0.00 de área do terreno,  2 qto(s), WC, 1 sala(s), cozinha, 1 vaga(s) de garagem.",92780.81,156567.09,40.75,Licitação Aberta,,TERESINA,PI,Não
8787706830311,"RUA VII, N. 3000, CS 65  ZONA ZC-06",BOM PRINCIPIO,"Casa, 50.13 de área total, 50.13 de área privativa, 176.00 de área do terreno,  2 qto(s), a.serv, WC, 1 sala(s), cozinha, Terraco.",108444.81,183000.0,40.75,Venda Direta Online,,TERESINA,PI,Não
8555537400462,"RUA SAO FRANCISCO DE SALES, N. 4074, Apto 103,  BL C",ANGELIM,"Apartamento, 62.46 de área total, 45.00 de área privativa, 0.00 de área do terreno,  2 qto(s), WC, 1 sala(s), cozinha, 1 vaga(s) de garagem.",100755.14,170023.73,40.75,Venda Direta Online,,TERESINA,PI,Não
8787702153153,"RUA VIA DE ACESSO, N. 3935, Apto 409, 4º PAVIMENTO, TIPO D",ANGELIM,"Apartamento, 68.15 de área total, 49.70 de área privativa, 0.00 de área do terreno,  2 qto(s), a.serv, WC, 1 sala(s), cozinha, 1 vaga(s) de garagem.",97078.0,163818.57,40.75,Venda Online,,TERESINA,PI,Não
8444427832528,"RUA BENEDITO SOUSA  DE OLIVEIRA, N. 6199, QD Q2 LT QC219",SANTA CRUZ,"Casa, 51.98 de área total, 51.98 de área privativa, 300.00 de área do terreno,  2 qto(s), a.serv, WC, 1 sala(s), cozinha, Terraco.",100148.49,169000.0,40.75,Venda Direta Online,,TERESINA,PI,Não
8555527608745,"RUA 13, N. 5041, CS 14, QD I, LT 04",ESPLANADA,"Casa, 216.80 de área total, 65.88 de área privativa, 139.01 de área do terreno,  3 qto(s), a.serv, WC, 1 sala(s), cozinha, Terraco, 1 vaga(s) de garagem.",102091.24,172278.39,40.75,Venda Direta Online,,TERESINA,PI,Não
8787704352390,"RUA ENGENHEIRO EDUARDO DE ALMENDRA FREITAS, N. 2137, Apto 303, BL  12 BOX 508",GURUPI,"Apartamento, 50.65 de área total, 50.65 de área privativa, 0.00 de área do terreno,  2 qto(s), WC, 1 sala(s), cozinha, 1 vaga(s) de garagem.",94222.54,159000.0,40.75,Licitação Aberta,,TERESINA,PI,Não
8787705022580,"RUA MARIA MIRTO DE SA, N. 1700, CASA 51",SANTA MARIA,"Casa, 104.44 de área total, 60.86 de área privativa, 73.48 de área do terreno,  2 qto(s), a.serv, WC, 1 sala(s), cozinha, 1 vaga(s) de garagem.",100012.19,168770.0,40.75,Venda Online,,TERESINA,PI,Não
8787708425953,"RUA MARIA MIRTO DE SA, N. 2165, CS 198",SANTA MARIA,"Casa, 113.73 de área total, 113.19 de área privativa, 84.08 de área do terreno,  2 qto(s), a.serv, WC, 1 sala(s), cozinha, Terraco, 1 vaga(s) de garagem.",103234.12,174206.98,40.75,Licitação Aberta,,TERESINA,PI,Não
8787709081000,"RUA MARIA MIRTO DE SA, N. 2165, CS 119",SANTA MARIA,"Casa, 60.86 de área total, 60.86 de área privativa, 84.08 de área do terreno,  2 qto(s), a.serv, WC, 1 sala(s), cozinha, 1 vaga(s) de garagem.",106667.03,180000.0,40.75,Venda Direta Online,,TERESINA,PI,Não
8787712207701,"RUA MARIA MIRTO DE SA, N. 2095, CS 90",SANTA MARIA,"Casa, 60.86 de área total, 60.86 de área privativa, 83.57 de área do terreno,  2 qto(s), a.serv, WC, 1 sala(s), cozinha, Terraco, 1 vaga(s) de garagem.",94815.14,160000.0,40.75,Licitação Aberta,,TERESINA,PI,Não
8444423734262,"RUA 34, N. SN, LT 25, QD M, CHAPADINHA / GURUPÁ",MONTE VERDE,"Casa, 53.20 de área total, 53.20 de área privativa, 200.00 de área do terreno,  2 qto(s), WC, 1 sala(s), cozinha.",107497.92,181402.13,40.75,Venda Direta Online,,TERESINA,PI,Não
8444410112136,"RUA LIZETE SALES RIBEIRO, N. 15, LT 15 QD Q11",ESPLANADA,"Casa, 60.70 de área total, 60.70 de área privativa, 300.00 de área do terreno,  3 qto(s), varanda, a.serv, WC, 1 sala(s), cozinha, 1 vaga(s) de garagem.",89281.64,150000.0,40.48,Venda Direta Online,,TERESINA,PI,Não
8555535053005,"RUA PROJETADA 03, N. 4651, Apto 401, BL H, TIPO C",SANTA MARIA,"Apartamento, 0.00 de área total, 45.00 de área privativa, 0.00 de área do terreno,  2 qto(s), WC, 1 sala(s), cozinha, 1 vaga(s) de garagem.",68199.69,114000.0,40.18,Venda Online,,TERESINA,PI,Não
1555513032325,"RUA PADRE JOSE REGO, N. 2876,",SAO CRISTOVAO,"Casa, 178.08 de área total, 178.08 de área privativa, 300.00 de área do terreno,  3 qto(s), a.serv, WC, 1 sala(s), cozinha, Terraco, 1 vaga(s) de garagem.",337800.0,563000.0,40.0,Leilão SFI - Edital Único,,TERESINA,PI,Não
8787701987646,"RUA ADAO MEDEIROS SOARES, N. 475, Apto 102, BL 12",NOVO HORIZONTE,"Apartamento, 45.80 de área total, 45.80 de área privativa, 0.00 de área do terreno,  2 qto(s), a.serv, WC, 1 sala(s), cozinha, 1 vaga(s) de garagem.",120882.7,200000.0,39.56,Licitação Aberta,,TERESINA,PI,Não
8787712911484,"RUA FLOR DO TEMPO, N. 8505, Apto 301, BL 22",VERDECAP,"Apartamento, 74.81 de área total, 45.45 de área privativa, 0.00 de área do terreno,  2 qto(s), WC, 1 sala(s), cozinha, 1 vaga(s) de garagem.",123904.77,205000.0,39.56,Venda Direta Online,,TERESINA,PI,Não
8787714031155,"RUA FLOR DO TEMPO, N. 8505, Apto 01, BL 24",VERDECAP,"Apartamento, 74.81 de área total, 57.70 de área privativa, 0.00 de área do terreno,  2 qto(s), a.serv, WC, 1 sala(s), cozinha, 1 vaga(s) de garagem.",126434.66,209185.7,39.56,Venda Direta Online,,TERESINA,PI,Não
8787714549863,"RUA FLOR DO TEMPO, N. 8505, Apto 301, BL 03, VAGA DE GARAGEM",VERDECAP,"Apartamento, 77.01 de área total, 47.06 de área privativa, 0.00 de área do terreno,  2 qto(s), a.serv, WC, 1 sala(s), cozinha, 1 vaga(s) de garagem.",137943.33,228226.75,39.56,Licitação Aberta,,TERESINA,PI,Não
8787717126050,"RUA FLOR DO TEMPO, N. 8505, Apto 102, BL 25",VERDECAP,"Apartamento, 57.70 de área total, 57.70 de área privativa, 0.00 de área do terreno,  2 qto(s), a.serv, WC, 1 vaga(s) de garagem.",117860.63,195000.0,39.56,Licitação Aberta,,TERESINA,PI,Não
8787712047380,"RUA QUARENTA, N. 7317, CS 64 TIPO C2 QD 27 ST E",VALE DO GAVIAO,"Casa, 0.00 de área total, 102.79 de área privativa, 146.96 de área do terreno,  2 qto(s), a.serv, WC, 1 sala(s), cozinha, 1 vaga(s) de garagem.",132448.88,219136.21,39.56,Venda Direta Online,,TERESINA,PI,Não
8787715449099,"RUA MARIA JOSÉ LIRA (ANTIGA RUA 027), N. 6890, CASA 106, QUADRA 07, SETOR E",VALE DO GAVIAO,"Casa, 103.88 de área total, 60.86 de área privativa, 74.24 de área do terreno,  2 qto(s), a.serv, WC, 1 sala(s), cozinha, 1 vaga(s) de garagem.",138607.16,229325.06,39.56,Venda Direta Online,,TERESINA,PI,Não
8444430258675,"RUA 18, N. S/N, LT 57 QD T",ANGELIM,"Casa, 57.87 de área total, 57.87 de área privativa, 210.35 de área do terreno,  2 qto(s), a.serv, WC, 1 sala(s), cozinha, Terraco, 1 vaga(s) de garagem.",114838.57,190000.0,39.56,Venda Direta Online,,TERESINA,PI,Não
8787714694871,"RUA QUATRO, N. 3098,  CS 04 TP A LT J/A QD J",ANGELIM,"Casa, 60.04 de área total, 60.04 de área privativa, 135.00 de área do terreno,  2 qto(s), a.serv, WC, 1 sala(s), cozinha, 1 vaga(s) de garagem.",126926.84,210000.0,39.56,Venda Direta Online,,TERESINA,PI,Não
8444407618504,"RUA MECANICO TABOCA, N. SN, LT 34 QD I",SAO SEBASTIAO,"Casa, 61.91 de área total, 61.91 de área privativa, 250.94 de área do terreno,  3 qto(s), varanda, WC, 2 sala(s), cozinha.",120882.7,200000.0,39.56,Venda Direta Online,,TERESINA,PI,Não
8787701004359,"RUA MARIA MIRTO DE SA, N. 1180, Apto 407, BL B TP A",SANTA MARIA,"Apartamento, 54.63 de área total, 54.63 de área privativa, 0.00 de área do terreno,  2 qto(s), a.serv, WC, 1 sala(s), cozinha, 1 vaga(s) de garagem.",127123.57,210325.5,39.56,Venda Direta Online,,TERESINA,PI,Não
8787705723910,"AVENIDA POTI VELHO, N. 5206, Apto 305, 3 ANDAR BL 10",SANTA MARIA,"Apartamento, 56.48 de área total, 48.69 de área privativa, 0.00 de área do terreno,  2 qto(s), a.serv, WC, 1 sala(s), cozinha, 1 vaga(s) de garagem.",128605.73,212777.73,39.56,Licitação Aberta,,TERESINA,PI,Não
8787712201045,"RUA MARIA MIRTO DE SA, N. 2095, CS 92",SANTA MARIA,"Casa, 61.94 de área total, 60.86 de área privativa, 113.76 de área do terreno,  2 qto(s), WC, 1 sala(s), 1 lavabo(s), cozinha, 1 vaga(s) de garagem.",112420.91,186000.0,39.56,Venda Direta Online,,TERESINA,PI,Não
1444419761643,"RUA BERNARDO BORGES DOS SANTOS, N. S/N, LT 16 QD 21",GURUPI,"Casa, 152.51 de área total, 152.51 de área privativa, 366.60 de área do terreno,  3 qto(s), a.serv, WC, 1 sala(s), 1 lavabo(s), cozinha, Terraco, 1 vaga(s) de garagem.",492835.14,814000.0,39.46,Venda Direta Online,,TERESINA,PI,Sim
8444410332748,"RUA 04, N. 6043, QD C LT 1C",ESPLANADA,"Casa, 65.10 de área total, 65.10 de área privativa, 300.00 de área do terreno,  3 qto(s), WC, 1 sala(s), cozinha.",93133.12,152559.0,38.96,Licitação Aberta,,TERESINA,PI,Não
8444410814521,"RUA DATA JUNCO SERAFIM, N. SN, LOTE 41 QUADRA Q",PEDRA MIUDA,"Casa, 60.70 de área total, 60.70 de área privativa, 200.00 de área do terreno,  3 qto(s), varanda, a.serv, WC, 1 sala(s), cozinha.",86482.56,141664.89,38.96,Venda Direta Online,,TERESINA,PI,Não
8444432287095,"RUA ANFRISIO AVELINO DO LAGO, N. 3590, Apto 306, TIPO B PAV 02 VG 41",URUGUAI,"Apartamento, 51.20 de área total, 51.20 de área privativa, 0.00 de área do terreno,  2 qto(s), a.serv, WC, 1 sala(s), cozinha, 1 vaga(s) de garagem.",153688.43,251000.0,38.77,Venda Direta Online,,TERESINA,PI,Não
8787715860511,"RUA DOUTORA FRANCISCA MASCARENHAS, N. 4390, Apto 207, BL 13",SANTO ANTONIO,"Apartamento, 69.49 de área total, 49.69 de área privativa, 0.00 de área do terreno,  2 qto(s), varanda, WC, 1 sala(s), cozinha, 1 vaga(s) de garagem.",146340.78,239000.0,38.77,Licitação Aberta,,TERESINA,PI,Não
8787711735437,"RUA ENGENHEIRO JOSE MARTINS, N. 7317, CS 22 TIPO D2 SETOR E QD 27",VALE DO GAVIAO,"Casa, 60.86 de área total, 60.86 de área privativa, 73.48 de área do terreno,  2 qto(s), a.serv, WC, 1 sala(s), cozinha, 1 vaga(s) de garagem.",146953.08,240000.0,38.77,Venda Direta Online,,TERESINA,PI,Não
10277895,"AVENIDA DOUTOR GERARDO VASCONCELOS, N. s/n, QD L, LT 15",URUGUAI,"Casa, 0.00 de área total, 52.50 de área privativa, 160.00 de área do terreno.",127033.35,207000.0,38.64,Venda Online,,TERESINA,PI,Não
1444415696618,"RUA 14, N. SN, LOTE 19, CASA RESIDENCIAL TIPO 1",SANTO ANTONIO,"Casa, 60.00 de área total, 60.00 de área privativa, 250.00 de área do terreno,  3 qto(s), a.serv, WC, 1 sala(s), cozinha.",96346.29,156000.0,38.24,Venda Online,,TERESINA,PI,Não
1787701664369,"RUA FLOR DO TEMPO, N. 8505, Apto 103, BL 12",VERDECAP,"Apartamento, 74.81 de área total, 45.45 de área privativa, 0.00 de área do terreno,  2 qto(s), WC, 1 sala(s), cozinha, 1 vaga(s) de garagem.",97100.91,157221.86,38.24,Venda Online,,TERESINA,PI,Não
1555527661346,"RUA DA SAUDADE, N. 5041, CS18,QDI,LT04, LOT PARQUE DAS ESPLANAD",ESPLANADA,"Casa, 213.33 de área total, 65.88 de área privativa, 215.88 de área do terreno,  3 qto(s), a.serv, WC, 1 sala(s), cozinha, Terraco, 1 vaga(s) de garagem.",106399.89,172278.39,38.24,Venda Direta Online,,TERESINA,PI,Não
1787700752485,"RUA MARIA MIRTO DE SA, N. 2165,",SANTA MARIA,"Casa, 60.86 de área total, 60.86 de área privativa, 91.88 de área do terreno,  2 qto(s), a.serv, WC, 1 sala(s), cozinha, 1 vaga(s) de garagem.",99434.31,161000.0,38.24,Licitação Aberta,,TERESINA,PI,Não
1444401088050,"RUA 06, N. 8021, LT 01-H QD D",LOT ESPLANADA,"Casa, 0.00 de área total, 86.40 de área privativa, 330.00 de área do terreno,  3 qto(s), varanda, WC, 1 sala(s), cozinha.",145577.27,231286.75,37.06,Venda Direta Online,,TERESINA,PI,Não
1787701197264,"RUA FISCAL BENEDITO MACHADO, N. 685, Apto 204, BL 02",URUGUAI,"Apartamento, 0.00 de área total, 38.40 de área privativa, 0.00 de área do terreno,  2 qto(s), varanda, a.serv, WC, 1 sala(s), cozinha, 1 vaga(s) de garagem.",116443.31,185000.0,37.06,Licitação Aberta,,TERESINA,PI,Não
1787701741622,"RUA VOVO ANTONIA CARVALHO, N. 6750, QD 14 SETOR E",VALE DO GAVIAO,"Casa, 89.78 de área total, 60.83 de área privativa, 73.48 de área do terreno,  2 qto(s), a.serv, WC, 1 sala(s), cozinha, 1 vaga(s) de garagem.",146655.63,233000.0,37.06,Venda Online,,TERESINA,PI,Não
8002900012986,"CONJUNTO GIOVANE PRADO, N. SN, LT 34, QD F, CS 34",VALE QUEM TEM,"Casa, 117.82 de área total, 28.42 de área privativa, 56.10 de área do terreno,  1 qto(s), WC, 1 sala(s), cozinha.",125884.66,200000.0,37.06,Venda Direta Online,,TERESINA,PI,Não
10278236,"RUA RIACHUELO, N. 00, NO TCG, Nº 2202",VERMELHA,"Terreno, 0.00 de área total, 0.00 de área privativa, 480.00 de área do terreno.",213351.41,334766.4,36.27,Venda Direta Online,,TERESINA,PI,Não
1198900006954,"RUA NIOLENA ARAUJO CUNHA, N. 17, QD C LT17 UN 17",VALE QUEM TEM,"Casa, 0.00 de área total, 93.94 de área privativa, 160.40 de área do terreno,  1 qto(s), WC, 1 sala(s), cozinha.",183399.62,287769.5,36.27,Licitação Aberta,,TERESINA,PI,Não
8198700003739,"AVENIDA 3, N. 3711, LT 14, QD 02",SANTO ANTONIO,"Casa, 0.00 de área total, 53.90 de área privativa, 300.00 de área do terreno,  2 qto(s), WC, 1 sala(s), sacada, cozinha, 1 vaga(s) de garagem.",120000.0,120000.0,0.0,Leilão SFI - Edital Único,,TERESINA,PI,Não
8444428461817,"RUA 20, N. 0, LT 1 QD BA",SANTO ANTONIO,"Casa, 83.03 de área total, 83.03 de área privativa, 270.84 de área do terreno,  3 qto(s), a.serv, WC, 1 sala(s), cozinha, Terraco.",145000.0,145000.0,0.0,Leilão SFI - Edital Único,,TERESINA,PI,Não
8555535826446,"AVENIDA PROFESSOR CAMILO FILHO, N. 5244, Apto 203, BL 5",VERDECAP,"Apartamento, 59.13 de área total, 46.63 de área privativa, 0.00 de área do terreno,  2 qto(s), WC, 1 sala(s), cozinha, 1 vaga(s) de garagem.",151000.0,151000.0,0.0,Leilão SFI - Edital Único,,TERESINA,PI,Não
8555536493564,"RUA JUIZ VIRGILIO MADEIRA, N. 6302, Apto 407,",VALE DO GAVIAO,"Apartamento, 46.19 de área total, 46.19 de área privativa, 0.00 de área do terreno,  2 qto(s), a.serv, WC, 1 sala(s), cozinha, 1 vaga(s) de garagem.",131874.33,131874.33,0.0,Leilão SFI - Edital Único,,TERESINA,PI,Não
8444425672876,"RUA PROFESSORA ISAURA GUIMARAES, N. 5984, LT 39 QG G1",AROEIRAS,"Casa, 70.00 de área total, 70.00 de área privativa, 230.00 de área do terreno,  3 qto(s), a.serv, WC, 1 sala(s), cozinha.",190000.0,190000.0,0.0,Leilão SFI - Edital Único,,TERESINA,PI,Não
8444400568331,"RUA COSTUREIRA EVA COSTA, N. 16, LT 16 QD E ANTIGA RUA 05",SAO SEBASTIAO,"Casa, 100.76 de área total, 100.76 de área privativa, 160.00 de área do terreno,  1 qto(s), WC, 1 sala(s), cozinha, Terraco.",129000.0,129000.0,0.0,Leilão SFI - Edital Único,,TERESINA,PI,Não
8555533321312,"RUA  PROJETADA 3, N. 4641, Apto 402, BL G TIPO C",SANTA MARIA,"Apartamento, 46.39 de área total, 45.00 de área privativa, 0.00 de área do terreno,  2 qto(s), WC, 1 sala(s), cozinha, 1 vaga(s) de garagem.",200602.8,200602.8,0.0,Leilão SFI - Edital Único,,TERESINA,PI,Não
8555533925595,"RUA PROJETADA 03, N. 4671, Apto 303, BL G TIPO C",SANTA MARIA,"Apartamento, 46.39 de área total, 45.00 de área privativa, 0.00 de área do terreno,  2 qto(s), WC, 1 sala(s), cozinha, 1 vaga(s) de garagem.",200602.8,200602.8,0.0,Leilão SFI - Edital Único,,TERESINA,PI,Não
8787708471041,"AVENIDA POTI VELHO, N. 5206, Apto 103, BL 10",SANTA MARIA,"Apartamento, 56.47 de área total, 48.68 de área privativa, 0.00 de área do terreno,  2 qto(s), a.serv, WC, 1 sala(s), cozinha, 1 vaga(s) de garagem.",151782.47,151782.47,0.0,Leilão SFI - Edital Único,,TERESINA,PI,Não
8787717623819,"AVENIDA POTI VELHO, N. 5850, Apto 307, BL MONACO",SANTA MARIA,"Apartamento, 46.37 de área total, 46.37 de área privativa, 0.00 de área do terreno,  2 qto(s), a.serv, WC, 1 sala(s), cozinha, 1 vaga(s) de garagem.",199391.0,199391.0,0.0,Leilão SFI - Edital Único,,TERESINA,PI,Não
8787704066827,"RUA MARIA MIRTO DE SA, N. 1180, Apto 305, BL G TIPO A VG 130",SANTA MARIA,"Apartamento, 54.63 de área total, 45.83 de área privativa, 0.00 de área do terreno,  2 qto(s), WC, 1 sala(s), cozinha, 1 vaga(s) de garagem.",130153.48,130000.0,0.0,Leilão SFI - Edital Único,,TERESINA,PI,Não
8555536855458,"RUA MARIA MIRTO DE SA, N. 4660, Apto 404, BL C 4 PAV",SANTA MARIA,"Apartamento, 0.00 de área total, 45.00 de área privativa, 0.00 de área do terreno, 1 vaga(s) de garagem.",135200.0,135000.0,0.0,Leilão SFI - Edital Único,,TERESINA,PI,Não
8555537521642,"RUA PROJETADA 04, N. 4660, Apto 101, BL 01 TERREO TP A",SANTA MARIA,"Apartamento, 57.77 de área total, 45.00 de área privativa, 0.00 de área do terreno,  2 qto(s), WC, 1 sala(s), cozinha, 1 vaga(s) de garagem.",150000.0,149600.0,0.0,Leilão SFI - Edital Único,,TERESINA,PI,Não
8787717288580,"AVENIDA POTI VELHO, N. 5850, Apto 105, 1 PV TIPO 2 BLOCO ROMA",SANTA MARIA,"Apartamento, 53.21 de área total, 46.02 de área privativa, 0.00 de área do terreno,  2 qto(s), varanda, a.serv, WC, 1 sala(s), cozinha, 1 vaga(s) de garagem.",160263.64,156000.0,0.0,Leilão SFI - Edital Único,,TERESINA,PI,Não
8787715130718,"AVENIDA POTI VELHO, N. 5850, Apto 407, TIPO 1 BL COPENHAGEM",SANTA MARIA,"Apartamento, 52.74 de área total, 46.37 de área privativa, 0.00 de área do terreno,  2 qto(s), varanda, a.serv, WC, 1 sala(s), cozinha, 1 vaga(s) de garagem.",180000.0,170000.0,0.0,Leilão SFI - Edital Único,,TERESINA,PI,Não
8787717278658,"AVENIDA POTY VELHO, N. 5850, Apto 201, TIPO 01 BL ATENAS",SANTA MARIA,"Apartamento, 46.37 de área total, 46.37 de área privativa, 0.00 de área do terreno,  2 qto(s), varanda, a.serv, WC, 1 sala(s), cozinha, 1 vaga(s) de garagem.",200000.0,187700.0,0.0,Leilão SFI - Edital Único,,TERESINA,PI,Não
8787708678681,"AVENIDA POTY VELHO, N. 5206, Apto 203, TIPO ANDAR 02 PAV 03 BL 10",SANTA MARIA,"Apartamento, 56.47 de área total, 48.68 de área privativa, 0.00 de área do terreno,  2 qto(s), a.serv, WC, 1 sala(s), cozinha, 1 vaga(s) de garagem.",160000.0,150000.0,0.0,Leilão SFI - Edital Único,,TERESINA,PI,Não
8787710200858,"FRANCISCA TANIA DE OLIVEIRA, N. SN, LT 08  QD R",SANTO ANTONIO,"Casa, 52.32 de área total, 52.32 de área privativa, 205.73 de área do terreno,  2 qto(s), a.serv, WC, 1 sala(s), cozinha, Terraco, 1 vaga(s) de garagem.",150000.0,140518.76,0.0,Leilão SFI - Edital Único,,TERESINA,PI,Não
8787709637547,"RUA 17, N. SN, LT 34  QD R",SAO LOURENCO,"Casa, 52.32 de área total, 52.32 de área privativa, 202.42 de área do terreno,  2 qto(s), a.serv, WC, 1 sala(s), cozinha, 1 vaga(s) de garagem.",150000.0,140518.76,0.0,Leilão SFI - Edital Único,,TERESINA,PI,Não
8787705849469,"RUA MARIA MIRTO DE SA, N. 1470, LT A02 2 CS 08 TP D1",SANTA MARIA,"Casa, 103.87 de área total, 60.86 de área privativa, 73.48 de área do terreno,  2 qto(s), a.serv, WC, 1 sala(s), cozinha, 1 vaga(s) de garagem.",180000.0,168589.0,0.0,Leilão SFI - Edital Único,,TERESINA,PI,Não
8444423973879,"AV. ROBERT BARRADAS, N. 2772, Apto 0, Nº 8, QD Z",ALEGRE,"Casa, 0.00 de área total, 58.57 de área privativa, 245.60 de área do terreno,  2 qto(s), a.serv, WC, 1 sala(s), cozinha, 2 vaga(s) de garagem.",185411.73,171000.0,0.0,Leilão SFI - Edital Único,,TERESINA,PI,Não
1555533496181,"RUA DOMINGOS DE PADUA REGO, N. 3700, CS 08 TIPO 02",MORROS,"Casa, 155.98 de área total, 155.98 de área privativa, 196.72 de área do terreno,  4 qto(s), a.serv, WC, 1 sala(s), cozinha, Terraco, 2 vaga(s) de garagem.",589648.44,538000.0,0.0,Leilão SFI - Edital Único,,TERESINA,PI,Não
8444433045354,"RUA FRANCISCA LOPES, N. SN, LT 12 QD A ZR1 ZONA SUDESTE",SAO SEBASTIAO,"Casa, 55.25 de área total, 55.25 de área privativa, 250.00 de área do terreno,  2 qto(s), a.serv, WC, 1 sala(s), cozinha.",257600.0,235000.0,0.0,Leilão SFI - Edital Único,,TERESINA,PI,Não
8787704116514,"RUA MARIA MIRTO DE SA, N. 1700, CS 34 TIPO C1",SANTA MARIA,"Casa, 104.44 de área total, 60.86 de área privativa, 73.48 de área do terreno,  2 qto(s), a.serv, WC, 1 sala(s), cozinha, 1 vaga(s) de garagem.",170000.0,150000.0,0.0,Leilão SFI - Edital Único,,TERESINA,PI,Não
8787716870677,"RUA SEM DENOMINACAO, N. 8000, Apto 304, BL C ANDAR 3 QD 01",BOM PRINCIPIO,"Apartamento, 0.00 de área total, 48.25 de área privativa, 0.00 de área do terreno,  2 qto(s), a.serv, WC, 1 sala(s), cozinha, 1 vaga(s) de garagem.",192800.0,170000.0,0.0,Leilão SFI - Edital Único,,TERESINA,PI,Não
8787717994698,"AVENIDA DOUTOR DAVID CORTELAZZI, N. 6899, CS 43  TIPO B3",MORROS,"Casa, 142.06 de área total, 60.86 de área privativa, 115.09 de área do terreno,  2 qto(s), a.serv, WC, 1 sala(s), cozinha, 1 vaga(s) de garagem.",250000.0,220000.0,0.0,Leilão SFI - Edital Único,,TERESINA,PI,Não
8787718044553,"AVENIDA DOUTOR DAVID CORTELAZZI, N. 6899, CS 44 TIPO A2",MORROS,"Casa, 142.06 de área total, 60.86 de área privativa, 74.24 de área do terreno,  2 qto(s), a.serv, WC, 1 sala(s), cozinha, 1 vaga(s) de garagem.",186569.41,161415.73,0.0,Leilão SFI - Edital Único,,TERESINA,PI,Não
8444430269758,"RUA URANIO, N. 3655, Apto 104, BL 04",SATELITE,"Apartamento, 42.48 de área total, 42.48 de área privativa, 0.00 de área do terreno,  2 qto(s), a.serv, WC, 1 sala(s), cozinha, 1 vaga(s) de garagem.",135000.0,116704.46,0.0,Leilão SFI - Edital Único,,TERESINA,PI,Não
1444407409796,"RUA MARGARIDA, N. 748, Apto 103, BL A",SAO CRISTOVAO,"Apartamento, 0.00 de área total, 89.42 de área privativa, 0.00 de área do terreno,  3 qto(s), a.serv, WC, 1 sala(s), DCE, cozinha.",262000.0,225000.0,0.0,Leilão SFI - Edital Único,,TERESINA,PI,Não
8555538673071,"RUA IX, N. 4304, LT 20 QD G",SANTO ANTONIO,"Casa, 61.65 de área total, 61.65 de área privativa, 234.78 de área do terreno,  3 qto(s), varanda, WC, 1 sala(s), cozinha, 1 vaga(s) de garagem.",138314.1,117000.0,0.0,Leilão SFI - Edital Único,,TERESINA,PI,Não
8787716355284,"RUA FLOR DO TEMPO, N. 8505, Apto 101, PV 1 2 BL 28",VERDECAP,"Apartamento, 115.40 de área total, 45.45 de área privativa, 0.00 de área do terreno,  2 qto(s), WC, 1 sala(s), cozinha, 1 vaga(s) de garagem.",210000.0,173500.0,0.0,Leilão SFI - Edital Único,,TERESINA,PI,Não
8444425781195,"RUA 21, N. SN, LT 42 QD W LOT JARDINS DO ANGELIM",ANGELIM,"Casa, 60.04 de área total, 60.04 de área privativa, 210.35 de área do terreno,  2 qto(s), a.serv, WC, 1 sala(s), cozinha.",160000.0,132000.0,0.0,Leilão SFI - Edital Único,,TERESINA,PI,Não
8555538536457,"RUA MARIA MERCEDES E SILVA, N. 5614, LT 02 QD Z",SANTO ANTONIO,"Casa, 61.65 de área total, 61.65 de área privativa, 242.51 de área do terreno,  2 qto(s), a.serv, 1 sala(s), cozinha, 1 vaga(s) de garagem.",230512.0,190000.0,0.0,Leilão SFI - Edital Único,,TERESINA,PI,Não
1787700110181,"AVENIDA MIRTES MELAO, N. 5877, Apto 408, BL 02",GURUPI,"Apartamento, 75.10 de área total, 64.00 de área privativa, 0.00 de área do terreno,  3 qto(s), a.serv, WC, 1 sala(s), cozinha, 1 vaga(s) de garagem.",320800.0,245000.0,0.0,Leilão SFI - Edital Único,,TERESINA,PI,Não
8555537332157,"RUA SAO FRANCISCO DE SALES, N. 4074, Apto 302, TIPO C BL E PAV 03",ANGELIM,"Apartamento, 45.00 de área total, 45.00 de área privativa, 0.00 de área do terreno,  2 qto(s), a.serv, WC, 1 sala(s), cozinha, 1 vaga(s) de garagem.",147700.0,112000.0,0.0,Leilão SFI - Edital Único,,TERESINA,PI,Não
1444412232017,"RUA 12, N. SN, LT 05 E 06 QD Y",TODOS OS SANTOS,"Casa, 578.99 de área total, 578.99 de área privativa, 946.07 de área do terreno,  4 qto(s), varanda, a.serv, WC, WC Emp, 2 sala(s), 2 lavabo(s), DCE, 1 vaga(s) de garagem.",7000000.0,5062000.0,0.0,Leilão SFI - Edital Único,,TERESINA,PI,Não
8555537952406,"RUA FRANCISCO GONCALVES DE ALMEIDA, N. 3298, LT 06 QD Z",SAO LOURENCO,"Casa, 61.65 de área total, 61.65 de área privativa, 250.00 de área do terreno,  3 qto(s), a.serv, WC, 1 sala(s), cozinha.",190000.0,128500.0,0.0,Leilão SFI - Edital Único,,TERESINA,PI,Não
8555538164495,"RUA DOUTOR ARQUELAU SIQUEIRA AMORIM, N. SN, QD 5  LT 43",PARQUE SUL,"Casa, 61.65 de área total, 61.65 de área privativa, 234.78 de área do terreno,  3 qto(s), WC, 1 sala(s), cozinha, 1 vaga(s) de garagem.",166900.0,104782.19,0.0,Leilão SFI - Edital Único,,TERESINA,PI,Não
8555525191987,"RUA II, N. SN, LT 32 QD R",PORTAL DA ALEGRIA,"Casa, 47.84 de área total, 47.84 de área privativa, 300.00 de área do terreno,  2 qto(s), WC, 1 sala(s), 1 lavabo(s), cozinha.",145000.0,90045.16,0.0,Leilão SFI - Edital Único,,TERESINA,PI,Não
8555538552894,"RUA 01, N. 3,",SAO LOURENCO,"Casa, 61.65 de área total, 61.65 de área privativa, 253.61 de área do terreno,  3 qto(s), WC, 1 sala(s), cozinha, 1 vaga(s) de garagem.",205000.0,115000.0,0.0,Leilão SFI - Edital Único,,TERESINA,PI,Não
8555532085810,"RUA COMERCIANTE JOSE MARIO, N. 6764, Apto 307, BL 03",VALE DO GAVIAO,"Apartamento, 50.62 de área total, 46.19 de área privativa, 0.00 de área do terreno,  2 qto(s), a.serv, WC, 1 sala(s), cozinha, 1 vaga(s) de garagem.",180000.0,98000.0,0.0,Leilão SFI - Edital Único,,TERESINA,PI,Não
8555537879580,"RUA  26, N. SN, LT 29 QD AC",SAO LOURENCO,"Casa, 61.65 de área total, 61.65 de área privativa, 250.00 de área do terreno,  3 qto(s), WC, 1 sala(s), cozinha.",202692.91,104782.19,0.0,Leilão SFI - Edital Único,,TERESINA,PI,Não
8444426742924,"RUA VINTE, N. SN, LT V44 QD V",ANGELIM,"Casa, 60.04 de área total, 60.04 de área privativa, 210.35 de área do terreno,  2 qto(s), a.serv, WC, 1 sala(s), cozinha, Terraco.",143386.08,70779.0,0.0,Leilão SFI - Edital Único,,TERESINA,PI,Não
1787700390672,"RUA ENGº EDUARDO DE ALMENDRA FREITAS, N. 2137, Apto 202, VAGA 180",GURUPI,"Apartamento, 72.57 de área total, 47.22 de área privativa, 0.00 de área do terreno,  2 qto(s), a.serv, WC, 1 sala(s), cozinha, 1 vaga(s) de garagem.",312700.0,120000.0,0.0,Leilão SFI - Edital Único,,TERESINA,PI,Não
8444437360572,"RUA RG04, N. SN, LT 02 QD A",AROEIRAS,"Terreno, 1.00 de área total, 0.00 de área privativa, 200.00 de área do terreno.",219555.5,30000.0,0.0,Leilão SFI - Edital Único,,TERESINA,PI,Não
8444425848370,"RUA SANTA HELENA, N. 01, LT 01, CS 01",CENTRO,"Casa, 0.00 de área total, 60.00 de área privativa, 250.00 de área do terreno,  2 qto(s), a.serv, WC, 1 sala(s), cozinha, Terraco.",29871.14,77000.0,61.21,Venda Online,,UNIAO,PI,Não
8444424941709,"R PROJETADA 16, N. 16, LT 04, QD QC-04",RES SANTA HELENA,"Casa, 0.00 de área total, 62.76 de área privativa, 200.00 de área do terreno,  2 qto(s), a.serv, WC, 1 sala(s), cozinha.",39344.45,95000.0,58.59,Venda Direta Online,,UNIAO,PI,Não
8444405288248,"RUA I, N. S/N, QD 02 LT D",CENTRO,"Casa, 0.00 de área total, 55.80 de área privativa, 200.00 de área do terreno,  2 qto(s), varanda, WC, 1 sala(s), cozinha, Terraco, 1 vaga(s) de garagem.",40586.11,91873.21,55.83,Venda Direta Online,,UNIAO,PI,Não
8444403837341,"RUA EUDÓXIO MACHADO MELO, N. SN,",BAIRRO COCOS,"Casa, 48.60 de área total, 48.60 de área privativa, 217.70 de área do terreno,  2 qto(s), WC, 1 sala(s), cozinha, Terraco.",43969.14,91000.0,51.69,Venda Direta Online,,UNIAO,PI,Não
8787703752921,"RUA VEREADOR SAMPAIO, N. 5, QD 11 LT 05",LOT PIEROTE II,"Casa, 54.00 de área total, 54.00 de área privativa, 300.00 de área do terreno,  2 qto(s), a.serv, WC, 1 sala(s), cozinha, Terraco.",37753.82,72211.96,47.72,Venda Direta Online,,UNIAO,PI,Não
8444407817434,"RUA PROJETADA, N. 11, LT 11",BAIRRO SAO PEDRO,"Casa, 45.00 de área total, 45.00 de área privativa, 200.00 de área do terreno,  2 qto(s), WC, 1 sala(s), cozinha, Terraco.",49076.74,84773.25,42.11,Venda Direta Online,,UNIAO,PI,Não
8444401179592,"RUA NOVA, N. 24,",CENTRO,"Casa, 73.26 de área total, 73.26 de área privativa, 250.00 de área do terreno,  3 qto(s), WC, 2 sala(s), cozinha.",125000.0,125000.0,0.0,Leilão SFI - Edital Único,,UNIAO,PI,Não
8444418860522,"RUA PROJETADA A, N. SN, LT D QD 02",SAO PEDRO,"Terreno, 0.00 de área total, 0.00 de área privativa, 202.04 de área do terreno.",112017.33,30500.0,0.0,Leilão SFI - Edital Único,,UNIAO,PI,Não
8444425523730,"RUA DOMINGOS MARQUES DE MACEDO, N. 215, QD G, LT15",CAMPESTRE,"Casa, 62.45 de área total, 62.45 de área privativa, 180.00 de área do terreno,  2 qto(s), varanda, WC, 1 sala(s), cozinha.",58854.14,127000.0,53.66,Venda Online,,VALENCA DO PIAUI,PI,Não
8444404347500,"RUA JOSE PORTELA, N. 16,",LAVANDERIA,"Casa, 0.00 de área total, 64.73 de área privativa, 168.00 de área do terreno,  2 qto(s), varanda, WC, 1 sala(s), cozinha.",43568.3,75000.0,41.91,Licitação Aberta,,VALENCA DO PIAUI,PI,Não
