link,endereco,bairro,descricao,preco,avaliacao,desconto,modalidade,foto,cidade,estado,financiamento
1444421729441,"RUA JOSE DE OLIVEIRA JUNIOR, N. 670, LT 09 QD O",GOV MARIO COVAS,"Casa, 116.12 de área total, 116.12 de área privativa, 224.29 de área do terreno,  2 qto(s), a.serv, WC, 1 sala(s), cozinha.",136584.86,217000.0,37.06,Venda Direta Online,,ADAMANTINA,SP,Não
1444421761531,"RUA MARIO IVO RENZO, N. 134,",BAIRRO DOS PIMENTEIS,"Casa, 50.90 de área total, 50.90 de área privativa, 250.00 de área do terreno,  2 qto(s), a.serv, WC, 1 sala(s), cozinha.",183546.52,288000.0,36.27,Licitação Aberta,,AGUAS DE LINDOIA,SP,Não
8444421916142,"AVENIDA JOSE COSTA, N. 1640, QD 13 LT 13",CENTRO,"Casa, 40.17 de área total, 40.17 de área privativa, 125.00 de área do terreno,  1 qto(s), a.serv, WC, 1 sala(s), cozinha.",83135.75,142000.0,41.46,Venda Direta Online,,AGUAS DE SANTA BARBARA,SP,Não
8444421003120,"RUA OSWALDO LUCIO DA SILVA, N. 115, 0",JARDIM OLGA AYUB,"Casa, 130.00 de área total, 45.32 de área privativa, 239.90 de área do terreno,  2 qto(s), a.serv, WC, 1 sala(s), cozinha.",313000.0,313000.0,0.0,Leilão SFI - Edital Único,,AGUDOS,SP,Não
8444427243875,"RUA SALADINO ANTONIO DE CAMPOS, N. 958, PARTE LT 42 ESTANCIA SANTA MARIA GLEBA",LUAR DO SERTAO,"Terreno, 0.00 de área total, 0.00 de área privativa, 193.24 de área do terreno.",153385.38,50000.0,0.0,Leilão SFI - Edital Único,,ALAMBARI,SP,Não
8787713989126,"RUA HENRIQUE DE FIGUEIREDO DOBERMANN, N. 225, LT 51 QD 14",RESIDENCIAL E COMERCIAL FIGUEIREDO FELIP,"Casa, 47.75 de área total, 47.75 de área privativa, 140.00 de área do terreno,  2 qto(s), a.serv, WC, 1 sala(s), cozinha.",86063.06,147000.0,41.46,Venda Direta Online,,ALTINOPOLIS,SP,Não
8787714943618,"RUA HENRIQUE DE FIGUEIREDO DOBERMANN, N. 75, 1466",RESIDENCIAL E COMERCIAL FIGUEIREDO FELIP,"Casa, 47.75 de área total, 47.75 de área privativa, 140.00 de área do terreno,  2 qto(s), a.serv, WC, 1 sala(s), cozinha.",97778.11,165000.0,40.75,Venda Direta Online,,ALTINOPOLIS,SP,Não
10006343,"ESTRADA VICINAL, N. SN, GLEBA 05, RANCHO S.R. STELLA",BREJÃO,"Imóvel rural, 0.00 de área total, 886.00 de área privativa, 20000.00 de área do terreno, WC, 1 sala(s).",521370.18,1150000.0,54.67,Venda Direta Online,,ALVARES MACHADO,SP,Não
8444426871104,"RUA JOAO DE AZEVEDO SOARES, N. 77, LOTE 15B QUADRA O",PARQUE RESIDENCIAL UNIAO,"Terreno, 0.00 de área total, 0.00 de área privativa, 125.00 de área do terreno.",36016.46,62000.0,41.91,Venda Online,,ALVARES MACHADO,SP,Não
8444425904823,"RUA INGLES DE SOUZA, N. 674, QD L1, LT 18",JARDIM PANORAMA,"Terreno, 0.00 de área total, 0.00 de área privativa, 126.00 de área do terreno.",33692.81,58000.0,41.91,Venda Direta Online,,ALVARES MACHADO,SP,Não
8444435719999,"RUA INGLES DE SOUZA, N. 1037, LT 09-C QD X1",JARDIM PANORAMA,"Terreno, 0.00 de área total, 0.00 de área privativa, 147.33 de área do terreno.",31369.17,54000.0,41.91,Venda Direta Online,,ALVARES MACHADO,SP,Não
8444413325270,"RUA SOUZA CALDAS, N. 1217, QD P1  LT 28A",JARDIM PANORAMA,"Casa, 78.76 de área total, 78.76 de área privativa, 126.00 de área do terreno,  2 qto(s), a.serv, WC, 1 sala(s), cozinha, 1 vaga(s) de garagem.",180000.0,180000.0,0.0,Leilão SFI - Edital Único,,ALVARES MACHADO,SP,Não
8444426889550,"RUA GONCALVES DIAS, N. 683, LOTE 7-B QUADRA H",PARQUE DOS PINHEIROS,"Terreno, 0.00 de área total, 0.00 de área privativa, 126.00 de área do terreno.",127071.43,90000.0,0.0,Leilão SFI - Edital Único,,ALVARES MACHADO,SP,Não
8444437364870,"AVENIDA CASTRO ALVES, N. SN, LT 42B QD P",JARDIM PANORAMA,"Terreno, 0.00 de área total, 0.00 de área privativa, 154.00 de área do terreno.",194355.86,60000.0,0.0,Leilão SFI - Edital Único,,ALVARES MACHADO,SP,Não
8444433131242,"AVENIDA SAO JERONIMO, N. 2750, Apto 403, BL 20 PAV 03 GAR 657 GL  A3B",MORADA DO SOL,"Apartamento, 79.08 de área total, 38.92 de área privativa, 0.00 de área do terreno,  2 qto(s), WC, cozinha, 1 vaga(s) de garagem.",111495.81,193000.0,42.24,Licitação Aberta,,AMERICANA,SP,Não
8444425074740,"AVENIDA SAO JERONIMO, N. 2750, Apto 403, BL 19",MORADA DO SOL,"Apartamento, 79.08 de área total, 38.92 de área privativa, 0.00 de área do terreno, 1 vaga(s) de garagem.",100741.08,170000.0,40.75,Licitação Aberta,,AMERICANA,SP,Não
8787702986902,"RUA UIRAPURU, N. 445, Apto 31, 3º PAV, BL E, VAGA 104",JARDIM DOS LIRIOS,"Apartamento, 67.27 de área total, 50.10 de área privativa, 0.00 de área do terreno,  2 qto(s), WC, 1 sala(s), cozinha, 1 vaga(s) de garagem.",101274.42,170900.0,40.75,Venda Direta Online,,AMERICANA,SP,Não
8555536830803,"RUA VALENCIA, N. 155, Apto 106, BL 25",FAZENDA SANTA ANGELICA,"Apartamento, 91.21 de área total, 42.88 de área privativa, 0.00 de área do terreno,  2 qto(s), WC, 1 sala(s), cozinha, 1 vaga(s) de garagem.",101926.27,172000.0,40.75,Licitação Aberta,,AMERICANA,SP,Não
8555538463778,"AVENIDA PADRE OSWALDO VIEIRA DE ANDRADE, N. 1185, Apto 403, BL 34",VILA AMORIM,"Apartamento, 96.66 de área total, 42.51 de área privativa, 0.00 de área do terreno,  2 qto(s), WC, 1 sala(s), cozinha, 2 vaga(s) de garagem.",116651.81,193000.0,39.56,Licitação Aberta,,AMERICANA,SP,Não
8787715042738,"RUA JOSE ANTONIO RODRIGUES, N. 420, Apto 05, BL E",BALSA,"Apartamento, 73.43 de área total, 49.22 de área privativa, 0.00 de área do terreno,  2 qto(s), WC, 1 sala(s), cozinha.",116047.39,192000.0,39.56,Licitação Aberta,,AMERICANA,SP,Não
8787715554828,"RUA JOSE ANTONIO RODRIGUES - ZÉ PULGA, N. 420, Apto 05, BL B",BALSA,"Apartamento, 73.43 de área total, 49.22 de área privativa, 0.00 de área do terreno,  2 qto(s), WC, 1 sala(s), cozinha, 1 vaga(s) de garagem.",139015.11,230000.0,39.56,Venda Direta Online,,AMERICANA,SP,Não
8787717266056,"RUA JOSE ANTONIO RODRIGUES - ZE PULGA, N. 420, Apto 21, 2º PAV BL E",BALSA,"Apartamento, 73.43 de área total, 49.22 de área privativa, 0.00 de área do terreno,  2 qto(s), WC, 1 sala(s), cozinha, 1 vaga(s) de garagem.",146953.08,240000.0,38.77,Venda Direta Online,,AMERICANA,SP,Não
8787705989759,"RUA SAO SIMAO, N. 265, Apto 66B, BL B VG 402",CARIOBINHA,"Apartamento, 65.37 de área total, 44.92 de área privativa, 0.00 de área do terreno,  2 qto(s), WC, 1 sala(s), cozinha, 1 vaga(s) de garagem.",254000.0,254000.0,0.0,Leilão SFI - Edital Único,,AMERICANA,SP,Não
8555513737378,"RUA TIMBIRAS, N. 400, Apto 34, BL 1 EDF AZALEIA",JARDIM BRIEDIS,"Apartamento, 65.92 de área total, 60.95 de área privativa, 0.00 de área do terreno,  3 qto(s), a.serv, WC, 1 sala(s), cozinha.",195000.0,195000.0,0.0,Leilão SFI - Edital Único,,AMERICANA,SP,Não
8787703266270,"AVENIDA SÃO JERÔNIMO, N. 2750, Apto 107, BL 09 VAGA 327",MORADA DO SOL,"Apartamento, 79.08 de área total, 38.92 de área privativa, 0.00 de área do terreno,  2 qto(s), WC, 1 sala(s), cozinha, 1 vaga(s) de garagem.",185669.41,185669.41,0.0,Leilão SFI - Edital Único,,AMERICANA,SP,Não
1787701523528,"RUA CARIOBA, N. 1044, Apto 13, VG 15",VILA CORDENONSI,"Apartamento, 56.40 de área total, 56.40 de área privativa, 0.00 de área do terreno,  2 qto(s), a.serv, WC, 1 sala(s), cozinha, 1 vaga(s) de garagem.",292000.0,292000.0,0.0,Leilão SFI - Edital Único,,AMERICANA,SP,Não
8555538972079,"RUA VALENCIA N 155 APARTAMENTO 304 BLOCO 28 PAVIME, N. 155, Apto 304, BL 28 PAV 2",JARDIM BERTONI,"Apartamento, 90.53 de área total, 42.51 de área privativa, 0.00 de área do terreno,  2 qto(s), WC, 1 sala(s), cozinha, 1 vaga(s) de garagem.",206000.0,206000.0,0.0,Leilão SFI - Edital Único,,AMERICANA,SP,Não
8787706959870,"RUA RIO ACU, N. 45, Apto 23, BL A",JARDIM DA BALSA II,"Apartamento, 54.95 de área total, 49.03 de área privativa, 0.00 de área do terreno,  2 qto(s), WC, 1 sala(s), cozinha, 1 vaga(s) de garagem.",200000.0,200000.0,0.0,Leilão SFI - Edital Único,,AMERICANA,SP,Não
8787714826549,"RUA JOSE ANTONIO RODRIGUES, N. 420, Apto 18, PAV 01 BL B",BALSA,"Apartamento, 73.43 de área total, 49.22 de área privativa, 0.00 de área do terreno,  2 qto(s), WC, 1 sala(s), cozinha, 1 vaga(s) de garagem.",268000.0,268000.0,0.0,Leilão SFI - Edital Único,,AMERICANA,SP,Não
8555540147896,"RUA SAO SIMAO, N. 265, Apto 07A, PAV TERREO  BL A",CARIOBA,"Apartamento, 65.87 de área total, 45.33 de área privativa, 0.00 de área do terreno,  2 qto(s), WC, 1 sala(s), cozinha.",213734.42,200000.0,0.0,Leilão SFI - Edital Único,,AMERICANA,SP,Não
8787705746422,"AVENIDA SAO JERONIMO, N. 2750, Apto 105, PV TERREO  BL 28  GLEBA A3B  VG 482",FAZENDA SAO DOMINGOS,"Apartamento, 99.17 de área total, 46.73 de área privativa, 0.00 de área do terreno,  2 qto(s), WC, 1 sala(s), cozinha, 1 vaga(s) de garagem.",188658.57,173000.0,0.0,Leilão SFI - Edital Único,,AMERICANA,SP,Não
8787720532276,"RUA JOSE ANTONIO RODRIGUES, N. 420, Apto AP 65, BL E",BALSA,"Apartamento, 73.43 de área total, 49.22 de área privativa, 0.00 de área do terreno,  2 qto(s), a.serv, WC, 1 sala(s), cozinha, 1 vaga(s) de garagem.",292800.78,257000.0,0.0,Leilão SFI - Edital Único,,AMERICANA,SP,Não
1555530656277,"RUA FLORINDO CIBIN, N. 2370, LT 2B QD 1 LOT CATHARINA ZANAGA",VALE DO RIO BRANCO,"Casa, 0.00 de área total, 344.59 de área privativa, 317.87 de área do terreno.",930557.0,810000.0,0.0,Leilão SFI - Edital Único,,AMERICANA,SP,Não
8444435838378,"RUA TAQUARI, N. 111, 1AC3 QUADRA 06",VILA DAINESE,"Casa, 88.94 de área total, 88.94 de área privativa, 133.72 de área do terreno, 2 vaga(s) de garagem.",324217.44,266000.0,0.0,Leilão SFI - Edital Único,,AMERICANA,SP,Não
8444431982636,"RUA THEODORO JOSE RODRIGUES, N. 1504,",CENTRO,"Casa, 53.71 de área total, 53.71 de área privativa, 198.93 de área do terreno, 1 vaga(s) de garagem.",172699.09,172699.09,0.0,Leilão SFI - Edital Único,,ANGATUBA,SP,Não
8444403713740,"RUA ANGELO SEREGHETTI, N. 110, LT 08",CENTRO,"Casa, 73.50 de área total, 73.50 de área privativa, 251.40 de área do terreno.",187000.0,187000.0,0.0,Leilão SFI - Edital Único,,ANHUMAS,SP,Não
1555529810950,"RUA 21 DE ABRIL, N. 61,",CENTRO,"Casa, 453.37 de área total, 453.37 de área privativa, 465.84 de área do terreno,  3 qto(s), a.serv, WC, 1 sala(s), cozinha, 2 vaga(s) de garagem.",551276.87,865000.0,36.27,Licitação Aberta,,APIAI,SP,Sim
8555536534112,"RUA ANTONIO DOS SANTOS RIBEIRO, N. 174, Apto 405, BL 03",CONJUNTO HABITACIONAL DOUTOR ANTONIO VIL,"Apartamento, 97.91 de área total, 47.76 de área privativa, 0.00 de área do terreno,  2 qto(s), WC, 1 sala(s), cozinha, 1 vaga(s) de garagem.",79403.42,155000.0,48.78,Venda Online,,ARACATUBA,SP,Não
8787714243799,"RUA NOEL ROSA, N. 719, Apto 401, BL03 - 4º PAV - VG18",ROSELE,"Apartamento, 84.65 de área total, 39.30 de área privativa, 0.00 de área do terreno,  2 qto(s), WC, 1 sala(s), cozinha, 1 vaga(s) de garagem.",72336.72,135000.0,46.42,Venda Online,,ARACATUBA,SP,Não
8787717482549,"RUA ANTONIO FALCETTI, N. 58, QD B LT 21",CONJUNTO HABITACIONAL LUANA II,"Casa, 44.82 de área total, 44.82 de área privativa, 160.00 de área do terreno,  2 qto(s), a.serv, WC, 1 sala(s), cozinha, 1 vaga(s) de garagem.",97644.77,169000.0,42.23,Venda Online,,ARACATUBA,SP,Não
8444429015543,"RUA AVIACAO, N. 777, Apto 402, BL 06  VG 165",SANTANA,"Apartamento, 99.58 de área total, 43.70 de área privativa, 0.00 de área do terreno,  2 qto(s), a.serv, WC, 1 sala(s), cozinha, 1 vaga(s) de garagem.",75305.5,130000.0,42.08,Venda Direta Online,,ARACATUBA,SP,Não
8787713761745,"ESTRADA VICINAL FAUSE CHADE, N. 455, Apto 401, BL 01",ESTRADA FAUSE CHADE,"Apartamento, 105.55 de área total, 39.30 de área privativa, 0.00 de área do terreno, 1 vaga(s) de garagem.",87526.72,149500.0,41.46,Venda Direta Online,,ARACATUBA,SP,Não
8787701853585,"RUA ANTONIO DOS SANTOS RIBEIRO, N. 300, Apto 304, BL. 20",CONJUNTO HABITACIONAL DOUTOR ANTONIO VIL,"Apartamento, 87.78 de área total, 44.01 de área privativa, 0.00 de área do terreno,  2 qto(s), a.serv, WC, 1 sala(s), cozinha, 1 vaga(s) de garagem.",83796.41,143128.44,41.46,Venda Online,,ARACATUBA,SP,Não
8787709102023,"ESTRADA VICINAL FAUSE CHADE, N. 399, Apto 402, BL 18, VG 168",JARDIM PAULISTA,"Apartamento, 83.41 de área total, 39.30 de área privativa, 0.00 de área do terreno,  2 qto(s), a.serv, WC, 1 sala(s), cozinha, 1 vaga(s) de garagem.",83135.75,142000.0,41.46,Venda Direta Online,,ARACATUBA,SP,Não
8787714880136,"ESTRADA VIVINAL FAUSE CHADE, N. 399, Apto 102, BL 18",JARDIM PAULISTA,"Apartamento, 72.61 de área total, 39.30 de área privativa, 0.00 de área do terreno,  2 qto(s), WC, 1 sala(s), cozinha, 1 vaga(s) de garagem.",84892.14,145000.0,41.46,Licitação Aberta,,ARACATUBA,SP,Não
8787716058581,"ESTRADA FAUSE CHADE, N. 455, Apto 304, BL 10, VG 95",FAZENDA DO ESTADO,"Apartamento, 105.55 de área total, 39.30 de área privativa, 0.00 de área do terreno,  2 qto(s), a.serv, WC, 1 sala(s), cozinha, 1 vaga(s) de garagem.",84892.14,145000.0,41.46,Venda Direta Online,,ARACATUBA,SP,Não
8787716113256,"RUA NOEL ROSA, N. 719, Apto 303, BL 05, VG 28",CHACARAS TV,"Apartamento, 84.65 de área total, 39.30 de área privativa, 0.00 de área do terreno,  2 qto(s), WC, 1 sala(s), cozinha, 1 vaga(s) de garagem.",86063.06,147000.0,41.46,Venda Direta Online,,ARACATUBA,SP,Não
8787721765967,"RUA PASTOR JOSE FERREIRA DE FREITAS, N. 1191, LT 16, QD 35",PARQUE INDUSTRIAL ANTONIO XAVIER COUTO,"Casa, 44.82 de área total, 44.82 de área privativa, 152.00 de área do terreno,  2 qto(s), a.serv, WC, 1 sala(s), cozinha, 1 vaga(s) de garagem.",87819.45,150000.0,41.46,Venda Direta Online,,ARACATUBA,SP,Não
8787716297233,"RUA JANDERCI DA SILVA VIUDES, N. 101, 0424ANTIGA RUA 05",RESIDENCIAL SYLVIO JOSE VENTUROLLI,"Casa, 44.82 de área total, 44.82 de área privativa, 152.00 de área do terreno,  2 qto(s), a.serv, WC, 1 sala(s), cozinha, 1 vaga(s) de garagem.",84892.14,145000.0,41.46,Licitação Aberta,,ARACATUBA,SP,Não
8787720717772,"RUA RAIMUNDO BATISTA DE LIMA, N. 43,",CONJUNTO HABITACIONAL LUANA II,"Casa, 44.82 de área total, 44.82 de área privativa, 160.00 de área do terreno,  2 qto(s), a.serv, WC, 1 sala(s), cozinha, 1 vaga(s) de garagem.",87819.45,150000.0,41.46,Venda Direta Online,,ARACATUBA,SP,Não
8787720711707,"RUA LAERIO DAN, N. 417, QD 18 LT 24",RESIDENCIAL SYLVIO JOSE VENTUROLLI,"Casa, 44.82 de área total, 44.82 de área privativa, 152.00 de área do terreno,  2 qto(s), a.serv, WC, 1 sala(s), cozinha, 1 vaga(s) de garagem.",113735.51,193000.0,41.07,Venda Online,,ARACATUBA,SP,Não
8787709862770,"ESTRADA VICINAL FAUSE CHADE, N. 399, Apto 204, 2º PAVIMENTO BLOCO 16",PARQUE AQUARELLE,"Apartamento, 83.41 de área total, 39.30 de área privativa, 0.00 de área do terreno,  2 qto(s), a.serv, WC, 1 sala(s), cozinha, 1 vaga(s) de garagem.",94815.14,160000.0,40.75,Venda Online,,ARACATUBA,SP,Não
8787702539841,"R GOULART, N. 471, Apto 202, BL 12",SANTA LUZIA,"Apartamento, 101.21 de área total, 39.30 de área privativa, 0.00 de área do terreno,  2 qto(s), a.serv, WC, 1 sala(s), cozinha, 2 vaga(s) de garagem.",101629.97,171500.0,40.75,Venda Online,,ARACATUBA,SP,Não
8787720051391,"RUA PASTOR JOSÉ FERREIRA DE FREITAS, N. 1079, QD 35",ARAÇATUBA,"Casa, 44.82 de área total, 44.82 de área privativa, 152.00 de área do terreno,  2 qto(s), a.serv, WC, 1 sala(s), cozinha, 1 vaga(s) de garagem.",116651.81,193000.0,39.56,Venda Direta Online,,ARACATUBA,SP,Não
8787720939163,"RUA JANDERCI DA SILVA VIUDES, N. 759, QD 25, LT 42",SILVIO VENTUROLLI,"Casa, 44.82 de área total, 44.82 de área privativa, 152.00 de área do terreno,  2 qto(s), a.serv, WC, 1 sala(s), cozinha.",116651.81,193000.0,39.56,Venda Direta Online,,ARACATUBA,SP,Não
8787718119766,"TRAVESSA ERNESTO NAZARET, N. 140, Apto 404, BL 08",CONJUNTO HABITACIONAL CLAUDIONOR CINTI,"Apartamento, 93.59 de área total, 43.05 de área privativa, 0.00 de área do terreno,  2 qto(s), WC, 1 sala(s), cozinha, 1 vaga(s) de garagem.",114838.57,190000.0,39.56,Licitação Aberta,,ARACATUBA,SP,Não
8787715200724,"RUA TEREZA DE JESUS PUGINA SILVA (ANTIGA R QUATRO), N. 375, QD 19 LT 22",RESIDENCIAL SYLVIO JOSE VENTUROLLI,"Casa, 44.82 de área total, 44.82 de área privativa, 153.62 de área do terreno,  2 qto(s), a.serv, WC, 1 sala(s), cozinha, 1 vaga(s) de garagem.",114234.15,189000.0,39.56,Venda Direta Online,,ARACATUBA,SP,Não
8787718114659,"RUA LAERCIO DAN, N. 190, QD 09 LT 21",RESIDENCIAL SYLVIO JOSE VENTUROLLI,"Casa, 44.82 de área total, 44.82 de área privativa, 152.00 de área do terreno,  2 qto(s), a.serv, WC, 1 sala(s), cozinha.",116651.81,193000.0,39.56,Venda Direta Online,,ARACATUBA,SP,Não
8787720428410,"RUA BELARMINO PIRES, N. 1142, 1142, 3304",RESIDENCIAL SYLVIO JOSE VENTUROLLI,"Casa, 44.82 de área total, 44.82 de área privativa, 152.00 de área do terreno,  2 qto(s), a.serv, WC, 1 sala(s), cozinha, 1 vaga(s) de garagem.",116651.81,193000.0,39.56,Venda Direta Online,,ARACATUBA,SP,Não
1444412372994,"ALAMEDA DOS SABIAS, N. 311, QD A  LT 27",RES LARANJEIRAS,"Casa, 82.14 de área total, 82.14 de área privativa, 200.00 de área do terreno,  1 qto(s), a.serv, WC, 1 sala(s), cozinha, 2 vaga(s) de garagem.",300000.0,300000.0,0.0,Leilão SFI - Edital Único,,ARACATUBA,SP,Não
8444413758304,"RUA ARLINDO SQUICATO, N. 975, PARTE DO LOTE 25, QUADRA N",VISTA VERDE,"Casa, 0.00 de área total, 54.08 de área privativa, 125.00 de área do terreno,  2 qto(s), a.serv, WC, 1 sala(s), cozinha.",125000.0,125000.0,0.0,Leilão SFI - Edital Único,,ARACATUBA,SP,Não
8787720823769,"RUA GENERAL JAIR DANTAS RIBEIRO, N. 500, CS 11",ROSELE,"Casa, 152.37 de área total, 46.96 de área privativa, 105.00 de área do terreno,  2 qto(s), a.serv, WC, 1 sala(s), cozinha, 1 vaga(s) de garagem.",180000.0,180000.0,0.0,Leilão SFI - Edital Único,,ARACATUBA,SP,Não
8787709496978,"ESTRADA VICINAL FAUSE CHADE, N. 399, Apto 304, BL 17  3º PAVIMENTO  VG 179",JARDIM PAULISTA,"Apartamento, 83.41 de área total, 39.30 de área privativa, 0.00 de área do terreno,  2 qto(s), WC, 1 sala(s), cozinha, 1 vaga(s) de garagem.",145000.0,145000.0,0.0,Leilão SFI - Edital Único,,ARACATUBA,SP,Não
8787709546681,"ESTRADA VICINAL FAUSE CHADE, N. 455, Apto 201, BL 01 VG 157",FAZENDA DO ESTADO,"Apartamento, 105.55 de área total, 39.30 de área privativa, 0.00 de área do terreno,  2 qto(s), WC, 1 sala(s), cozinha, 1 vaga(s) de garagem.",150000.0,150000.0,0.0,Leilão SFI - Edital Único,,ARACATUBA,SP,Não
8787712949317,"RUA NILO MARIA BOATTO, N. 152, LT 24 QD B",RESIDENCIAL PAQUERE,"Casa, 49.18 de área total, 49.18 de área privativa, 150.93 de área do terreno,  2 qto(s), a.serv, WC, 1 sala(s), cozinha.",135000.0,135000.0,0.0,Leilão SFI - Edital Único,,ARACATUBA,SP,Não
8787715213516,"RUA JANDERCI DA SILVA VIUDES, N. 77, LOTE 21 QUADRA 04",RESIDENCIAL SYLVIO JOSE VENTUROLLI,"Casa, 44.82 de área total, 44.82 de área privativa, 152.00 de área do terreno,  2 qto(s), a.serv, WC, 1 sala(s), cozinha, 1 vaga(s) de garagem.",194489.0,192550.0,0.0,Leilão SFI - Edital Único,,ARACATUBA,SP,Não
8787714756982,"RUA BELARMINO PIRES, N. 726, QD 25  LT 04  ANTIGA RUA SEIS",RESIDENCIAL SYLVIO JOSE VENTUROLLI,"Casa, 44.82 de área total, 44.82 de área privativa, 152.00 de área do terreno,  2 qto(s), WC, 1 sala(s), cozinha, 1 vaga(s) de garagem.",162538.16,155000.0,0.0,Leilão SFI - Edital Único,,ARACATUBA,SP,Não
8787715221373,"RUA ELZA ALMEIDA LEMOS, N. 601, CS 19",PETIT-TRIANON,"Casa, 95.59 de área total, 47.00 de área privativa, 99.00 de área do terreno,  2 qto(s), a.serv, WC, 1 sala(s), cozinha, 1 vaga(s) de garagem.",193163.38,180000.0,0.0,Leilão SFI - Edital Único,,ARACATUBA,SP,Não
8787716938263,"RUA BELARMINO PIRES, N. 38, QD 4  LT 15  ANTIGA RUA SEIS",RESIDENCIAL SYLVIO JOSE VENTUROLLI,"Casa, 44.82 de área total, 44.82 de área privativa, 167.15 de área do terreno,  2 qto(s), a.serv, WC, 1 sala(s), cozinha, 1 vaga(s) de garagem.",211696.34,193000.0,0.0,Leilão SFI - Edital Único,,ARACATUBA,SP,Não
8787719889905,"AVENIDA DOIS DE DEZEMBRO, N. 2156, Apto 23, TORRE 2",VILA ALBA,"Apartamento, 88.97 de área total, 48.13 de área privativa, 0.00 de área do terreno,  2 qto(s), WC, 1 sala(s), cozinha, 1 vaga(s) de garagem.",292279.91,240000.0,0.0,Leilão SFI - Edital Único,,ARACATUBA,SP,Não
8787717001389,"RUA PASTOR JOSE FERREIRA DE FREITAS, N. 144, ANTIGA RUA 07",RESIDENCIAL SYLVIO JOSE VENTUROLLI,"Casa, 44.82 de área total, 44.82 de área privativa, 152.00 de área do terreno,  2 qto(s), a.serv, WC, 1 sala(s), cozinha, 1 vaga(s) de garagem.",210941.47,140000.0,0.0,Leilão SFI - Edital Único,,ARACATUBA,SP,Não
1444418542220,"RUA ROXINHO, N. SN, LT 12 QD R",RIO VERDE,"Terreno, 0.00 de área total, 0.00 de área privativa, 1000.00 de área do terreno.",724871.52,1229605.06,41.05,Venda Direta Online,,ARACOIABA DA SERRA,SP,Sim
8555539311483,"AVENIDA MIGUEL BUCALEM, N. 468, Apto 101, BL 18",PARQUE RESIDENCIAL IGUATEMI,"Apartamento, 88.59 de área total, 39.30 de área privativa, 0.00 de área do terreno,  2 qto(s), WC, 1 sala(s), cozinha, 1 vaga(s) de garagem.",84118.8,167000.0,49.63,Venda Online,,ARARAQUARA,SP,Não
8787702717308,"AVENIDA PROFESSOR GUSTAVO FLEURY CHARMIL, N. 604, Apto 33, CTORRE 04",JARDIM RESIDENCIAL PARAISO,"Apartamento, 89.19 de área total, 43.06 de área privativa, 0.00 de área do terreno,  2 qto(s), WC, 1 sala(s), cozinha, 1 vaga(s) de garagem.",97612.78,190000.0,48.63,Venda Direta Online,,ARARAQUARA,SP,Não
8444425204287,"RUA BAHIA, N. 2791, Apto 12, BL D",VILA CIDADE INDUSTRIAL (VILA XAVIER),"Apartamento, 93.79 de área total, 46.33 de área privativa, 0.00 de área do terreno,  2 qto(s), WC, 1 sala(s), cozinha, 1 vaga(s) de garagem.",73768.33,140000.0,47.31,Venda Online,,ARARAQUARA,SP,Não
8787716786676,"AVENIDA CRISTIANE ANDREZA ASTORINO DESTEFANO, N. 466,",PARQUE RESIDENCIAL JARDIM IPANEMA,"Casa, 43.33 de área total, 43.33 de área privativa, 350.20 de área do terreno,  2 qto(s), a.serv, WC, 1 sala(s), cozinha.",91200.31,171000.0,46.67,Venda Online,,ARARAQUARA,SP,Sim
8555531432737,"AVENIDA ENGENHEIRO DOMINGOS F JUNIOR, N. 964, Apto 03, BL 07 TERREO",DOUTOR TANCREDO DE ALMEIDA NEVES,"Apartamento, 99.34 de área total, 49.27 de área privativa, 0.00 de área do terreno,  2 qto(s), a.serv, WC, 1 sala(s), cozinha, 1 vaga(s) de garagem.",80149.88,148000.0,45.85,Venda Online,,ARARAQUARA,SP,Não
8787702284002,"AVENIDA AMERICA, N. 917, Apto 203, BL 09",JARDIM AMERICA (VILA XAVIER),"Apartamento, 87.78 de área total, 39.30 de área privativa, 0.00 de área do terreno,  2 qto(s), WC, 1 sala(s), cozinha, 1 vaga(s) de garagem.",72090.54,131000.0,44.97,Venda Direta Online,,ARARAQUARA,SP,Não
8555540029443,"AVENIDA MIGUEL BUCALEM, N. 468, Apto 404, BL 13",PARQUE RESIDENCIAL IGUATEMI,"Apartamento, 88.74 de área total, 39.30 de área privativa, 0.00 de área do terreno,  2 qto(s), a.serv, WC, 1 sala(s), cozinha, 1 vaga(s) de garagem.",68787.97,120000.0,42.68,Venda Direta Online,,ARARAQUARA,SP,Não
8444436178665,"RUA DOMINGOS BRAGHINI, N. 177, Apto 02,",JARDIM RESIDENCIAL PARAISO,"Apartamento, 148.34 de área total, 41.31 de área privativa, 0.00 de área do terreno,  2 qto(s), 1 sala(s), cozinha, 1 vaga(s) de garagem.",69934.44,122000.0,42.68,Venda Direta Online,,ARARAQUARA,SP,Não
8787720419828,"AVENIDA JOAQUIM VIEIRA DOS SANTOS, N. 2929, Apto 32, BL C TORRE 05",JARDIM BRASIL (VILA XAVIER),"Apartamento, 90.49 de área total, 43.06 de área privativa, 0.00 de área do terreno,  2 qto(s), WC, 1 sala(s), cozinha, 1 vaga(s) de garagem.",99785.97,172705.91,42.23,Venda Online,,ARARAQUARA,SP,Não
8787712031093,"AVENIDA CAPITAO NORAY DE PAULA E SILVA, N. 41, Apto 204, BL 06",VILA MELHADO,"Apartamento, 89.01 de área total, 47.84 de área privativa, 0.00 de área do terreno,  2 qto(s), WC, 1 sala(s), cozinha, 1 vaga(s) de garagem.",104000.35,180000.0,42.23,Venda Online,,ARARAQUARA,SP,Não
8787706469376,"AVENIDA MASSAIUQUI SANO, N. 90, Apto 401, BL 07",JARDIM AMERICA (VILA XAVIER),"Apartamento, 87.72 de área total, 39.30 de área privativa, 0.00 de área do terreno, 1 vaga(s) de garagem.",77043.32,133000.0,42.08,Venda Direta Online,,ARARAQUARA,SP,Não
8444432822500,"AVENIDA PROFESSOR GUSTAVO FLEURY CHARMILLOT, N. 381, Apto 33, BL FLAMBOYANT",JARDIM RESIDENCIAL PARAISO,"Apartamento, 145.97 de área total, 54.63 de área privativa, 0.00 de área do terreno,  2 qto(s), a.serv, WC, 1 sala(s), cozinha, 1 vaga(s) de garagem.",79360.41,137000.0,42.08,Venda Direta Online,,ARARAQUARA,SP,Não
8555525550022,"AVENIDA PAULINO RODELLA, N. 1234, Apto 402, PAV 4 BL 17",PARQUE ATACAMA,"Apartamento, 87.46 de área total, 43.06 de área privativa, 0.00 de área do terreno,  2 qto(s), WC, 1 sala(s), cozinha.",88990.38,152000.0,41.46,Licitação Aberta,,ARARAQUARA,SP,Não
8787711095047,"AVENIDA ANTONIO ORLANDO, N. 762, Apto 24, BL 08",JARDIM BRASILIA (VILA XAVIER),"Apartamento, 0.00 de área total, 39.32 de área privativa, 0.00 de área do terreno, 1 vaga(s) de garagem.",87819.45,150000.0,41.46,Licitação Aberta,,ARARAQUARA,SP,Não
8787705109139,"RUA ARISTIDES FERNANDES, N. 459, Apto 24, BL C TORRE 6",CAMPOS VILLE,"Apartamento, 87.36 de área total, 43.06 de área privativa, 0.00 de área do terreno,  2 qto(s), WC, 1 sala(s), cozinha, 1 vaga(s) de garagem.",86648.52,148000.0,41.46,Venda Direta Online,,ARARAQUARA,SP,Não
8787708780222,"RUA ARISTIDES FERNANDES, N. 485, Apto 31, BL F TORRE 02",CAMPOS VILLE,"Apartamento, 87.16 de área total, 43.06 de área privativa, 0.00 de área do terreno,  2 qto(s), a.serv, WC, 1 sala(s), cozinha, 1 vaga(s) de garagem.",90161.3,154000.0,41.46,Venda Direta Online,,ARARAQUARA,SP,Não
8787708312245,"AVENIDA MASSAIUQUI SANO, N. 90, Apto 402, BL 05 4 PAV OU 3 ANDAR",JARDIM AMERICA (VILA XAVIER),"Apartamento, 87.72 de área total, 39.30 de área privativa, 0.00 de área do terreno,  2 qto(s), WC, 1 sala(s), 1 vaga(s) de garagem.",81964.82,140000.0,41.46,Venda Direta Online,,ARARAQUARA,SP,Não
8787709791384,"AVENIDA MASSAIUQUI SANO, N. 90, Apto 301, BL 06",JARDIM AMERICA (VILA XAVIER),"Apartamento, 0.00 de área total, 39.30 de área privativa, 0.00 de área do terreno, 1 vaga(s) de garagem.",82257.55,140500.0,41.46,Venda Direta Online,,ARARAQUARA,SP,Não
8555536957366,"AVENIDA MIGUEL BUCALEM, N. 468, Apto 304, BL 13",PARQUE RESIDENCIAL IGUATEMI,"Apartamento, 88.74 de área total, 39.30 de área privativa, 0.00 de área do terreno,  2 qto(s), WC, 1 sala(s), cozinha, 1 vaga(s) de garagem.",88990.38,152000.0,41.46,Venda Direta Online,,ARARAQUARA,SP,Não
8555537886950,"AV MIGUEL BUCALEM, N. 468, Apto 403, BL 6",PARQUE RESIDENCIAL IGUATEMI,"Apartamento, 88.74 de área total, 39.30 de área privativa, 0.00 de área do terreno,  2 qto(s), a.serv, WC, 1 sala(s), cozinha, 1 vaga(s) de garagem.",86940.72,148499.09,41.46,Venda Direta Online,,ARARAQUARA,SP,Não
8555538109303,"AVENIDA MIGUEL BUCALEM, N. 468, Apto 401, BL 18",PARQUE RESIDENCIAL IGUATEMI,"Apartamento, 98.47 de área total, 39.00 de área privativa, 0.00 de área do terreno,  2 qto(s), a.serv, WC, 1 sala(s), cozinha, 1 vaga(s) de garagem.",81964.82,140000.0,41.46,Venda Direta Online,,ARARAQUARA,SP,Não
8555539929894,"AVENIDA MIGUEL BUCALEM, N. 468, Apto 302, BL 22 3 PAVIMENTO",PARQUE RESIDENCIAL IGUATEMI,"Apartamento, 88.75 de área total, 39.30 de área privativa, 0.00 de área do terreno,  2 qto(s), WC, 1 sala(s), cozinha, 1 vaga(s) de garagem.",84892.14,145000.0,41.46,Venda Direta Online,,ARARAQUARA,SP,Não
8787718129788,"RUA PRESIDENTE JOAO BELCHIOR MARQUES GOU, N. 873, Apto 301, PV 03 BL 09",JARDIM SANTA CLARA (VILA XAVIER),"Apartamento, 110.11 de área total, 44.14 de área privativa, 0.00 de área do terreno,  2 qto(s), a.serv, WC, 1 sala(s), cozinha, 1 vaga(s) de garagem.",90746.77,155000.0,41.46,Venda Direta Online,,ARARAQUARA,SP,Não
8787719408494,"RUA PRESIDENTE JOAO BELCHIOR MARQUES GOULART, N. 873, Apto 203, BL 10",JARDIM SANTA CLARA (VILA XAVIER),"Apartamento, 85.11 de área total, 44.14 de área privativa, 0.00 de área do terreno,  2 qto(s), WC, 1 sala(s), cozinha, 1 vaga(s) de garagem.",85477.6,146000.0,41.46,Venda Direta Online,,ARARAQUARA,SP,Não
8444430090600,"AVENIDA PROFESSOR GUSTAVO FLEURY CHARMIL, N. 381, Apto 23,",JARDIM RESIDENCIAL PARAISO,"Apartamento, 0.00 de área total, 65.67 de área privativa, 0.00 de área do terreno.",83721.21,143000.0,41.46,Venda Direta Online,,ARARAQUARA,SP,Não
8444435893905,"RUA BENTO RAMALHO MACHADO, N. 622, Apto 21, BL C TORRE 03",JARDIM RESIDENCIAL PARAISO,"Apartamento, 88.71 de área total, 43.06 de área privativa, 0.00 de área do terreno,  2 qto(s), a.serv, WC, 1 sala(s), cozinha, 1 vaga(s) de garagem.",88990.38,152000.0,41.46,Licitação Aberta,,ARARAQUARA,SP,Não
8555538356262,"AVENIDA PROFESSOR GUSTAVO FLEURY CHARMIL, N. 372, Apto 33, BL D TORRE 3",JARDIM RESIDENCIAL PARAISO,"Apartamento, 83.63 de área total, 43.06 de área privativa, 0.00 de área do terreno,  2 qto(s), a.serv, WC, 1 sala(s), cozinha, 1 vaga(s) de garagem.",87819.45,150000.0,41.46,Licitação Aberta,,ARARAQUARA,SP,Não
8555538430470,"AVENIDA PROFESSOR GUSTAVO FLEURY CHARMIL, N. 372, Apto 21, BL C TORRE 3",JARDIM RESIDENCIAL PARAISO,"Apartamento, 83.63 de área total, 43.06 de área privativa, 0.00 de área do terreno,  2 qto(s), a.serv, WC, 1 sala(s), cozinha, 1 vaga(s) de garagem.",87819.45,150000.0,41.46,Licitação Aberta,,ARARAQUARA,SP,Não
8555538431132,"AVENIDA PROFESSOR GUSTAVO FLEURY CHARMIL, N. 372, Apto 33, BL C TORRE 4",JARDIM RESIDENCIAL PARAISO,"Apartamento, 83.63 de área total, 43.06 de área privativa, 0.00 de área do terreno,  2 qto(s), a.serv, WC, 1 sala(s), cozinha, 1 vaga(s) de garagem.",87819.45,150000.0,41.46,Licitação Aberta,,ARARAQUARA,SP,Não
8555538653585,"RUA BENTO RAMALHO MACHADO, N. 622, Apto 12, BL A TORRE 02",JARDIM RESIDENCIAL PARAISO,"Apartamento, 88.71 de área total, 43.06 de área privativa, 0.00 de área do terreno,  2 qto(s), a.serv, WC, 1 sala(s), cozinha, 1 vaga(s) de garagem.",88990.38,152000.0,41.46,Licitação Aberta,,ARARAQUARA,SP,Não
8555538654875,"RUA BENTO RAMALHO MACHADO, N. 622, Apto 32, BL A TR 03",JARDIM RESIDENCIAL PARAISO,"Apartamento, 88.71 de área total, 43.06 de área privativa, 0.00 de área do terreno,  2 qto(s), WC, 1 sala(s), cozinha, 1 vaga(s) de garagem.",87819.45,150000.0,41.46,Licitação Aberta,,ARARAQUARA,SP,Não
8555538770166,"RUA BENTO RAMALHO MACHADO, N. 622, Apto 24, BL A TORRE 02",JARDIM RESIDENCIAL PARAISO,"Apartamento, 88.71 de área total, 43.06 de área privativa, 0.00 de área do terreno,  2 qto(s), WC, 1 sala(s), cozinha, 1 vaga(s) de garagem.",88404.91,151000.0,41.46,Venda Direta Online,,ARARAQUARA,SP,Não
8555538868646,"RUA BENTO RAMALHO MACHADO, N. 622, Apto 11, BL A TR 2",JARDIM RESIDENCIAL PARAISO,"Apartamento, 88.71 de área total, 43.06 de área privativa, 0.00 de área do terreno,  2 qto(s), a.serv, WC, 1 sala(s), cozinha, 1 vaga(s) de garagem.",90746.77,155000.0,41.46,Venda Direta Online,,ARARAQUARA,SP,Não
8555538868778,"RUA BENTO RAMALHO MACHADO, N. 622, Apto 34, BL B",JARDIM RESIDENCIAL PARAISO,"Apartamento, 88.71 de área total, 43.06 de área privativa, 0.00 de área do terreno,  2 qto(s), a.serv, WC, 1 sala(s), cozinha, 1 vaga(s) de garagem.",90746.77,155000.0,41.46,Venda Direta Online,,ARARAQUARA,SP,Não
8555539356940,"RUA BENTO RAMALHO MACHADO, N. 622, Apto 03, BL B TORRE 01",JARDIM RESIDENCIAL PARAISO,"Apartamento, 88.71 de área total, 43.06 de área privativa, 0.00 de área do terreno,  2 qto(s), a.serv, WC, 1 sala(s), cozinha, 1 vaga(s) de garagem.",88990.38,152000.0,41.46,Licitação Aberta,,ARARAQUARA,SP,Não
8787707187056,"RUA ALESSIO SANTINI, N. 260, Apto 01, TERREO BL C TR 4",JARDIM RESIDENCIAL PARAISO,"Apartamento, 87.46 de área total, 43.06 de área privativa, 0.00 de área do terreno,  2 qto(s), a.serv, WC, 1 sala(s), cozinha, 1 vaga(s) de garagem.",88990.38,152000.0,41.46,Venda Direta Online,,ARARAQUARA,SP,Não
8444432062387,"RUA EDGARD PINTO MACHADO, N. 464, Apto 13, BL 01",JARDIM EUROPA (VILA XAVIER),"Apartamento, 53.19 de área total, 47.25 de área privativa, 0.00 de área do terreno,  2 qto(s).",81964.82,140000.0,41.46,Venda Direta Online,,ARARAQUARA,SP,Não
8787714702025,"AVENIDA MOACIR FIDENIS, N. 513, Apto 01, BL 02",JARDIM RESIDENCIAL LUPO II,"Apartamento, 53.50 de área total, 47.31 de área privativa, 0.00 de área do terreno,  2 qto(s), a.serv, WC, 1 sala(s), cozinha, 1 vaga(s) de garagem.",89575.84,153000.0,41.46,Licitação Aberta,,ARARAQUARA,SP,Não
8787709856630,"AVENIDA GOVERNADOR ORESTES QUERCIA, N. 1301, Apto 403, BL 18",ALTOS DO JARAGUA,"Apartamento, 98.27 de área total, 39.30 de área privativa, 0.00 de área do terreno,  2 qto(s), a.serv, WC, 1 sala(s), cozinha, 1 vaga(s) de garagem.",87819.45,150000.0,41.46,Licitação Aberta,,ARARAQUARA,SP,Não
8787708145853,"AVENIDA MARIA LUCIA CABRERA, N. 173, Apto 201, BL 02",JARDIM QUITANDINHA II,"Apartamento, 89.57 de área total, 39.30 de área privativa, 0.00 de área do terreno,  2 qto(s), WC, 1 sala(s), cozinha, 1 vaga(s) de garagem.",81379.36,139000.0,41.46,Venda Direta Online,,ARARAQUARA,SP,Não
8787705852893,"RUA SAMUEL BRASIL BUENO, N. 445, Apto 401, BL 14",SOLIDARIEDADE,"Apartamento, 89.67 de área total, 43.20 de área privativa, 0.00 de área do terreno,  2 qto(s), a.serv, WC, 1 sala(s), cozinha, 1 vaga(s) de garagem.",90746.77,155000.0,41.46,Licitação Aberta,,ARARAQUARA,SP,Não
8787716308073,"AVENIDA GOVERNADOR ORESTES QUERCIA, N. 1201, Apto 203, BL 10",ALTOS DO JARAGUA,"Apartamento, 83.66 de área total, 39.30 de área privativa, 0.00 de área do terreno,  2 qto(s), a.serv, WC, 1 sala(s), cozinha, 1 vaga(s) de garagem.",126700.17,215000.0,41.07,Venda Online,,ARARAQUARA,SP,Não
8787716574504,"AVENIDA GOVERNADOR ORESTES QUERCIA, N. 1201, Apto 102, BL 04",ALTOS DO JARAGUA,"Apartamento, 85.82 de área total, 39.30 de área privativa, 0.00 de área do terreno,  2 qto(s), a.serv, WC, 1 sala(s), cozinha, 1 vaga(s) de garagem.",122575.05,208000.0,41.07,Venda Online,,ARARAQUARA,SP,Não
8787712886331,"ESTRADA MUNICIPAL ARA 347, N. 145, Apto 204, PAV 02 TR 09",JARDIM SAO RAFAEL I,"Apartamento, 105.01 de área total, 47.85 de área privativa, 0.00 de área do terreno,  2 qto(s), a.serv, WC, 1 sala(s), cozinha, 1 vaga(s) de garagem.",117860.63,200000.0,41.07,Venda Online,,ARARAQUARA,SP,Não
8787716008932,"AVENIDA JOAQUIM VIEIRA DOS SANTOS, N. 2929, Apto 22, BL C, TORRE 3",JARDIM BRASIL (VILA XAVIER),"Apartamento, 90.49 de área total, 43.06 de área privativa, 0.00 de área do terreno,  2 qto(s), WC, 1 sala(s), cozinha, 1 vaga(s) de garagem.",102344.59,172705.91,40.75,Venda Direta Online,,ARARAQUARA,SP,Não
8787704334236,"RUA ARISTIDES FERNANDES, N. 459, Apto 21, BL C TORRE 05",CAMPOS VILLE,"Apartamento, 87.36 de área total, 43.06 de área privativa, 0.00 de área do terreno,  2 qto(s), WC, 1 sala(s), cozinha, 1 vaga(s) de garagem.",94815.14,160000.0,40.75,Venda Direta Online,,ARARAQUARA,SP,Não
8787704565904,"RUA ARISTIDES FERNANDES, N. 459, Apto 32, BL B TORRE 4 PAVIMENTO 3",CAMPOS VILLE,"Apartamento, 87.36 de área total, 43.06 de área privativa, 0.00 de área do terreno,  2 qto(s), WC, 1 sala(s), cozinha, 1 vaga(s) de garagem.",94815.14,160000.0,40.75,Venda Direta Online,,ARARAQUARA,SP,Não
8787709387834,"RUA ARISTIDES FERNANDES, N. 485, Apto 31, BL B TORRE 5",CAMPOS VILLE,"Apartamento, 87.16 de área total, 43.06 de área privativa, 0.00 de área do terreno,  2 qto(s), WC, 1 sala(s), cozinha, 1 vaga(s) de garagem.",94518.84,159500.0,40.75,Venda Direta Online,,ARARAQUARA,SP,Não
8787713453340,"RUA ARISTIDES FERNANDES, N. 485, Apto 11, BL E TORRE 03",CAMPOS VILLE,"Apartamento, 0.00 de área total, 43.06 de área privativa, 0.00 de área do terreno,  2 qto(s), a.serv, WC, 1 sala(s), cozinha, 1 vaga(s) de garagem.",92444.76,156000.0,40.75,Venda Direta Online,,ARARAQUARA,SP,Não
8787718129060,"RUA PRES JOAO BELCHIOR MARQUES GOULART, N. 873, Apto 303, 3º PAV DO BLOCO 9",JARDIM SANTA CLARA (VILA XAVIER),"Apartamento, 110.11 de área total, 44.14 de área privativa, 0.00 de área do terreno,  2 qto(s), a.serv, WC, 1 sala(s), cozinha, 1 vaga(s) de garagem.",103110.04,173997.61,40.75,Venda Direta Online,,ARARAQUARA,SP,Não
8787719371418,"RUA PRES JOAO BELCHIOR MARQUES GOULART, N. 873, Apto 302, BL 06",JARDIM SANTA CLARA (VILA XAVIER),"Apartamento, 110.11 de área total, 44.14 de área privativa, 0.00 de área do terreno,  2 qto(s), a.serv, WC, 1 sala(s), cozinha.",92444.76,156000.0,40.75,Venda Direta Online,,ARARAQUARA,SP,Não
8787712331143,"AVENIDA JOAQUIM VIEIRA DOS SANTOS, N. 2929, Apto 34,  BL C TORRE 4",VILA VIEIRA (VILA XAVIER),"Apartamento, 90.49 de área total, 43.06 de área privativa, 0.00 de área do terreno,  2 qto(s), WC, 1 sala(s), cozinha, 1 vaga(s) de garagem.",94815.14,160000.0,40.75,Venda Direta Online,,ARARAQUARA,SP,Não
8787713567736,"AVENIDA JOAQUIM VIEIRA DOS SANTOS, N. 2929, Apto 22, BL B TORRE 03",VILA VIEIRA (VILA XAVIER),"Apartamento, 90.49 de área total, 43.06 de área privativa, 0.00 de área do terreno,  2 qto(s), WC, 1 sala(s), cozinha, 1 vaga(s) de garagem.",106667.03,180000.0,40.75,Venda Direta Online,,ARARAQUARA,SP,Não
8787713269018,"RUA LAURINDO FERREIRA FILHO, N. 547, Apto 345, BL D TR 1",JARDIM RESIDENCIAL PARAISO,"Apartamento, 89.45 de área total, 43.06 de área privativa, 0.00 de área do terreno,  2 qto(s), WC, 1 sala(s), cozinha, 1 vaga(s) de garagem.",103704.06,175000.0,40.75,Licitação Aberta,,ARARAQUARA,SP,Não
8444435288688,"AVENIDA SERGIO CARVALHO DE MACEDO, N. 465,",JARDIM SAO RAFAEL II,"Casa, 41.10 de área total, 41.10 de área privativa, 200.00 de área do terreno,  2 qto(s), a.serv, WC, 1 sala(s), cozinha.",105060.65,177289.25,40.75,Licitação Aberta,,ARARAQUARA,SP,Não
8555537929986,"RUA MAHIBA BARCHA, N. 90, Apto 401, PAV 04 ANDAR 03 BL 11",JARDIM DAS FLORES,"Apartamento, 117.45 de área total, 39.30 de área privativa, 0.00 de área do terreno.",94408.08,159313.1,40.75,Venda Direta Online,,ARARAQUARA,SP,Não
8787704556603,"AVENIDA MARIA LÚCIA CABRERA, N. 173, Apto 201, BL 09",JARDIM QUITANDINHA II,"Apartamento, 89.87 de área total, 39.30 de área privativa, 0.00 de área do terreno,  2 qto(s), a.serv, WC, 1 sala(s), cozinha, 1 vaga(s) de garagem.",92444.76,156000.0,40.75,Venda Direta Online,,ARARAQUARA,SP,Não
8444436028400,"AVENIDA LEONARDO GOMES, N. 1740, LT 283, QD 09",PARQUE RESIDENCIAL LAURA MOLINA,"Casa, 43.77 de área total, 43.77 de área privativa, 200.00 de área do terreno,  2 qto(s), a.serv, WC, 1 sala(s), cozinha.",106667.03,180000.0,40.75,Venda Direta Online,,ARARAQUARA,SP,Não
8787709036160,"AVENIDA CAPITAO NORAY DE PAULA E SILVA, N. 41, Apto 204, BL 04",JARDIM PANORAMA,"Apartamento, 89.00 de área total, 47.84 de área privativa, 0.00 de área do terreno,  2 qto(s), WC, 1 sala(s), cozinha, 1 vaga(s) de garagem.",113025.32,187000.0,39.56,Licitação Aberta,,ARARAQUARA,SP,Não
8787719371485,"AVENIDA MARIO ZAMPIERI, N. 1616, Apto 101, BL 02",VILA RENATA (VILA XAVIER),"Apartamento, 103.05 de área total, 39.30 de área privativa, 0.00 de área do terreno,  2 qto(s), WC, 1 sala(s), cozinha, 1 vaga(s) de garagem.",126926.84,210000.0,39.56,Licitação Aberta,,ARARAQUARA,SP,Não
8787712465042,"ESTRADA MUNICIPAL ARA 347, N. 145, Apto 203, TORRE 5",JARDIM SAO RAFAEL II,"Apartamento, 0.00 de área total, 47.85 de área privativa, 0.00 de área do terreno, 1 vaga(s) de garagem.",123904.77,205000.0,39.56,Venda Direta Online,,ARARAQUARA,SP,Não
8787716306046,"AVENIDA GOVERNADOR ORESTES QUERCIA, N. 1201, Apto 403, BL 10",ALTOS DO JARAGUA,"Apartamento, 83.66 de área total, 39.30 de área privativa, 0.00 de área do terreno,  2 qto(s), a.serv, WC, 1 sala(s), cozinha, 1 vaga(s) de garagem.",120882.7,200000.0,39.56,Venda Direta Online,,ARARAQUARA,SP,Não
8787711505571,"ESTRADA MUNICIPAL ARA 347, N. 145, Apto 204, TORRE 1",JARDIM SAO RAFAEL I,"Apartamento, 105.01 de área total, 47.85 de área privativa, 0.00 de área do terreno,  2 qto(s), WC, 1 sala(s), cozinha, 1 vaga(s) de garagem.",120882.7,200000.0,39.56,Venda Direta Online,,ARARAQUARA,SP,Não
8787711793852,"ESTRADA MUNICIPAL ARA 347, N. 145, Apto 604, TR 03",JARDIM SAO RAFAEL I,"Apartamento, 115.79 de área total, 52.76 de área privativa, 0.00 de área do terreno,  2 qto(s), WC, 1 sala(s), cozinha, 1 vaga(s) de garagem.",132970.97,220000.0,39.56,Licitação Aberta,,ARARAQUARA,SP,Não
8787713389358,"RUA ROBERTO APARECIDO GUILHERME, N. 145, Apto 101, TR 06",JARDIM SAO RAFAEL I,"Apartamento, 105.01 de área total, 47.85 de área privativa, 0.00 de área do terreno,  2 qto(s), WC, 1 sala(s), cozinha, 1 vaga(s) de garagem.",111816.5,185000.0,39.56,Venda Direta Online,,ARARAQUARA,SP,Não
8787713655490,"ESTRADA MUNICIPAL ARA, N. 145, Apto 403, TORRE 08",JARDIM SAO RAFAEL I,"Apartamento, 105.01 de área total, 47.85 de área privativa, 0.00 de área do terreno,  2 qto(s), a.serv, WC, 1 sala(s), cozinha, 1 vaga(s) de garagem.",120882.7,200000.0,39.56,Venda Direta Online,,ARARAQUARA,SP,Não
8787714428926,"RUA ROBERTO APARECIDO GUILHERME, N. 145, Apto 301, TORRE 09",JARDIM SAO RAFAEL I,"Apartamento, 105.01 de área total, 47.85 de área privativa, 0.00 de área do terreno,  2 qto(s), WC, 1 sala(s), cozinha, 1 vaga(s) de garagem.",111816.5,185000.0,39.56,Venda Direta Online,,ARARAQUARA,SP,Não
8787708496362,"AVENIDA CRISTIANE ANDREZA ASTORINO DESTEFANO, N. 265, QD 25 LT 788",PARQUE RESIDENCIAL JARDIM IPANEMA,"Casa, 43.33 de área total, 43.33 de área privativa, 200.00 de área do terreno,  2 qto(s), a.serv, WC, 1 sala(s), cozinha, 1 vaga(s) de garagem.",125113.59,207000.0,39.56,Venda Direta Online,,ARARAQUARA,SP,Não
8787705751043,"RUA ARISTIDES FERNANDES, N. 459, Apto 01, BL A TORRE 06",CAMPOS VILLE,"Apartamento, 92.90 de área total, 46.72 de área privativa, 0.00 de área do terreno,  2 qto(s), a.serv, WC, 1 sala(s), cozinha, 1 vaga(s) de garagem.",94623.28,155000.0,38.96,Licitação Aberta,,ARARAQUARA,SP,Não
8787709250979,"RUA ARISTIDES FERNANDES, N. 485, Apto 13, BL B TORRE 05",CAMPOS VILLE,"Apartamento, 87.16 de área total, 43.06 de área privativa, 0.00 de área do terreno,  2 qto(s), WC, 1 sala(s), cozinha, 1 vaga(s) de garagem.",94623.28,155000.0,38.96,Licitação Aberta,,ARARAQUARA,SP,Não
8787713709824,"RUA JOAO EVANGELISTA RODRIGUES PRIMIANO, N. 423, Apto 102, TORRE 02",RESIDENCIAL CAMBUY,"Apartamento, 95.83 de área total, 53.34 de área privativa, 0.00 de área do terreno,  2 qto(s), a.serv, WC, 1 sala(s), cozinha, 1 vaga(s) de garagem.",171445.26,280000.0,38.77,Licitação Aberta,,ARARAQUARA,SP,Não
8555530474185,"AVENIDA SANTA ADELIA, N. 900, Apto 14, BL 9",ARARAGUARA,"Apartamento, 112.30 de área total, 49.39 de área privativa, 0.00 de área do terreno,  2 qto(s), a.serv, WC, 1 sala(s), cozinha, 1 vaga(s) de garagem.",131000.0,131000.0,0.0,Leilão SFI - Edital Único,,ARARAQUARA,SP,Não
8787713215473,"ESTRADA MUNICIPAL ARA 347, N. 145, Apto 203, TORRE 11",JARDIM SAO RAFAEL I,"Apartamento, 105.01 de área total, 47.85 de área privativa, 0.00 de área do terreno,  2 qto(s), a.serv, WC, cozinha, 1 vaga(s) de garagem.",220000.0,220000.0,0.0,Leilão SFI - Edital Único,,ARARAQUARA,SP,Não
8787709724253,"AVENIDA DOM CARLOS CARMELLO, N. 853, Apto 403, BL 02",JARDIM BOTANICO,"Apartamento, 84.61 de área total, 39.30 de área privativa, 0.00 de área do terreno,  2 qto(s), WC, 1 sala(s), cozinha, 1 vaga(s) de garagem.",162840.64,162840.64,0.0,Leilão SFI - Edital Único,,ARARAQUARA,SP,Não
8787710456151,"AVENIDA DOM CARLOS CARMELO, N. 371, Apto 385,  BLOCO 03",JARDIM BOTANICO,"Apartamento, 93.22 de área total, 52.34 de área privativa, 0.00 de área do terreno,  2 qto(s), WC, 1 sala(s), cozinha, 1 vaga(s) de garagem.",260000.0,260000.0,0.0,Leilão SFI - Edital Único,,ARARAQUARA,SP,Não
8787710555125,"AVENIDA DOM CARLOS CARMELO, N. 853, Apto 302, BL 04",JARDIM BOTANICO,"Apartamento, 39.30 de área total, 39.30 de área privativa, 0.00 de área do terreno,  2 qto(s), WC, 1 sala(s), cozinha, 1 vaga(s) de garagem.",194000.0,194000.0,0.0,Leilão SFI - Edital Único,,ARARAQUARA,SP,Não
8787715294214,"RUA ANTONIO FERNANDES, N. 251, Apto 506, TR 1 5 PAV",CHACARA FLORA ARARAQUARA,"Apartamento, 92.50 de área total, 50.39 de área privativa, 0.00 de área do terreno,  2 qto(s), a.serv, WC, 1 sala(s), cozinha, 1 vaga(s) de garagem.",232000.0,232000.0,0.0,Leilão SFI - Edital Único,,ARARAQUARA,SP,Não
8787703835339,"AVENIDA NOSSA SENHORA DAS GRACAS, N. 563, Apto 1410, .",VILA MELHADO,"Apartamento, 0.00 de área total, 48.50 de área privativa, 0.00 de área do terreno,  2 qto(s), a.serv, WC, 1 sala(s), cozinha, 1 vaga(s) de garagem.",250000.0,250000.0,0.0,Leilão SFI - Edital Único,,ARARAQUARA,SP,Não
8555539932534,"AVENIDA MIGUEL BUCALEM, N. 468, Apto 303, BLOCO 3",PARQUE RESIDENCIAL IGUATEMI,"Apartamento, 88.74 de área total, 39.30 de área privativa, 0.00 de área do terreno,  2 qto(s), WC, 1 sala(s), cozinha, 1 vaga(s) de garagem.",153500.0,153500.0,0.0,Leilão SFI - Edital Único,,ARARAQUARA,SP,Não
8787714512595,"AVENIDA ENGENHEIRO DOMINGOS FERRARI JUNI, N. 1546, CS 66",PARQUE RESIDENCIAL IGUATEMI,"Casa, 254.77 de área total, 44.02 de área privativa, 88.32 de área do terreno,  2 qto(s), a.serv, WC, 1 sala(s), cozinha, 1 vaga(s) de garagem.",194000.0,194000.0,0.0,Leilão SFI - Edital Único,,ARARAQUARA,SP,Não
8555538259240,"AVENIDA PROFESSOR GUSTAVO FLEURY CHARMIL, N. 372, Apto 11, BL C TORRE 2",JARDIM RESIDENCIAL PARAISO,"Apartamento, 83.63 de área total, 43.06 de área privativa, 0.00 de área do terreno,  2 qto(s), WC, 1 sala(s), cozinha, 1 vaga(s) de garagem.",205000.0,205000.0,0.0,Leilão SFI - Edital Único,,ARARAQUARA,SP,Não
8555539192689,"AVENIDA PROFESSOR GUSTAVO FLEURY CHARMIL, N. 372, Apto 23, BL B TR 3 2 PAV",JARDIM RESIDENCIAL PARAISO,"Apartamento, 83.63 de área total, 43.06 de área privativa, 0.00 de área do terreno,  2 qto(s), a.serv, WC, 1 sala(s), cozinha, 1 vaga(s) de garagem.",150000.0,150000.0,0.0,Leilão SFI - Edital Único,,ARARAQUARA,SP,Não
8787702363042,"AVENIDA PROFESSOR GUSTAVO FLEURY CHARMIL, N. 112, Apto 11, TORRE 1",JARDIM RESIDENCIAL PARAISO,"Apartamento, 86.77 de área total, 43.06 de área privativa, 0.00 de área do terreno,  2 qto(s), a.serv, WC, 1 sala(s), cozinha, 1 vaga(s) de garagem.",150000.0,150000.0,0.0,Leilão SFI - Edital Único,,ARARAQUARA,SP,Não
8787702977873,"AVENIDA PROFESSOR GUSTAVO FLEURY CHARMIL, N. 112, Apto 13, BLOCO E TORRE 3",JARDIM RESIDENCIAL PARAISO,"Apartamento, 86.77 de área total, 43.06 de área privativa, 0.00 de área do terreno,  2 qto(s), a.serv, WC, 1 sala(s), cozinha, 1 vaga(s) de garagem.",150000.0,150000.0,0.0,Leilão SFI - Edital Único,,ARARAQUARA,SP,Não
8787703020378,"AVENIDA PROFESSOR GUSTAVO FLEURY CHARMILLOT, N. 604, Apto 14, BLOCO D, TORRE 3",JARDIM RESIDENCIAL PARAISO,"Apartamento, 0.00 de área total, 43.06 de área privativa, 0.00 de área do terreno, 1 vaga(s) de garagem.",190000.0,190000.0,0.0,Leilão SFI - Edital Único,,ARARAQUARA,SP,Não
8787706399700,"RUA ALESSIO SANTINI, N. 260, Apto 33, BL F TR 3 3 PAV",JARDIM RESIDENCIAL PARAISO,"Apartamento, 87.46 de área total, 43.06 de área privativa, 0.00 de área do terreno,  2 qto(s), WC, 1 sala(s), cozinha, 1 vaga(s) de garagem.",157000.0,157000.0,0.0,Leilão SFI - Edital Único,,ARARAQUARA,SP,Não
8555538298661,"RUA MAHIBA BARCHA, N. 80, Apto 404, BLOCO 04",JARDIM DAS FLORES,"Apartamento, 119.97 de área total, 39.30 de área privativa, 0.00 de área do terreno,  2 qto(s), a.serv, WC, 1 sala(s), cozinha, 1 vaga(s) de garagem.",172000.0,172000.0,0.0,Leilão SFI - Edital Único,,ARARAQUARA,SP,Não
8787708469527,"AVENIDA GOVERNADOR ORESTES QUERCIA, N. 1301, Apto 502, BL12",ALTOS DO JARAGUA,"Apartamento, 98.27 de área total, 39.30 de área privativa, 0.00 de área do terreno,  2 qto(s), a.serv, WC, 1 sala(s), cozinha, 1 vaga(s) de garagem.",224000.0,224000.0,0.0,Leilão SFI - Edital Único,,ARARAQUARA,SP,Não
8787707699421,"AVENIDA MARIA LUCIA CABRERA, N. 173, Apto 401, 4 PV  3 ANDAR  BL 5",JARDIM QUITANDINHA II,"Apartamento, 89.57 de área total, 39.30 de área privativa, 0.00 de área do terreno,  2 qto(s), WC, 1 sala(s), cozinha, 1 vaga(s) de garagem.",166000.0,166000.0,0.0,Leilão SFI - Edital Único,,ARARAQUARA,SP,Não
8444418774537,"R ENNIO RODRIGUES CARACA, N. 221",JARDIM JACARANDA,"Casa, 0.00 de área total, 54.33 de área privativa, 290.77 de área do terreno,  2 qto(s), a.serv, WC, 1 sala(s), cozinha.",195000.0,195000.0,0.0,Leilão SFI - Edital Único,,ARARAQUARA,SP,Não
8787707543952,"AVENIDA TEREZA PELEGRINETE MOTA, N. 1489, LT 719 QD 23",PARQUE RESIDENCIAL JARDIM IPANEMA,"Casa, 43.33 de área total, 43.33 de área privativa, 200.00 de área do terreno,  2 qto(s), a.serv, WC, 1 sala(s), cozinha, 1 vaga(s) de garagem.",173000.0,173000.0,0.0,Leilão SFI - Edital Único,,ARARAQUARA,SP,Não
8787708440782,"RUA ARISTIDES FERNANDES, N. 485, Apto 13, BL B TR 1 1 PAV",CAMPOS VILLE,"Apartamento, 87.16 de área total, 43.06 de área privativa, 0.00 de área do terreno,  2 qto(s), WC, 1 sala(s), cozinha, 1 vaga(s) de garagem.",158957.94,157000.0,0.0,Leilão SFI - Edital Único,,ARARAQUARA,SP,Não
8787712136090,"RUA ARISTIDES FERNANDES, N. 485, Apto 01, BLOCO E  TORRE 4",CAMPOS VILLE,"Apartamento, 87.16 de área total, 43.06 de área privativa, 0.00 de área do terreno,  2 qto(s), WC, 1 sala(s), cozinha, 1 vaga(s) de garagem.",159233.7,157000.0,0.0,Leilão SFI - Edital Único,,ARARAQUARA,SP,Não
8787703006014,"AVENIDA PROFESSOR GUSTAVO FLEURY CHARMILLOT, N. 604, Apto 21, BL B TORRE 04",JARDIM RESIDENCIAL PARAISO,"Apartamento, 43.06 de área total, 43.06 de área privativa, 0.00 de área do terreno,  2 qto(s), WC, 1 sala(s), cozinha, 1 vaga(s) de garagem.",150423.28,148000.0,0.0,Leilão SFI - Edital Único,,ARARAQUARA,SP,Não
8555538669686,"RUA BENTO RAMALHO MACHADO, N. 622, Apto 14, BL.B TR 3",JARDIM RESIDENCIAL PARAISO,"Apartamento, 0.00 de área total, 43.60 de área privativa, 0.00 de área do terreno, 1 vaga(s) de garagem.",140319.61,138000.0,0.0,Leilão SFI - Edital Único,,ARARAQUARA,SP,Não
8555538468761,"AVENIDA PROFESSOR GUSTAVO FLEURY CHARMILLOT, N. 372, Apto 34, BL B TORRE 03",JARDIM RESIDENCIAL PARAISO,"Apartamento, 83.63 de área total, 43.06 de área privativa, 0.00 de área do terreno,  2 qto(s), 1 vaga(s) de garagem.",143303.44,140000.0,0.0,Leilão SFI - Edital Único,,ARARAQUARA,SP,Não
8787708059795,"AVENIDA MASSAIUQUI SANO, N. 90, Apto 304, BL 02 PAV 03",JARDIM AMERICA (VILA XAVIER),"Apartamento, 87.72 de área total, 39.30 de área privativa, 0.00 de área do terreno,  2 qto(s), a.serv, WC, 1 sala(s), cozinha, 1 vaga(s) de garagem.",149615.55,144500.0,0.0,Leilão SFI - Edital Único,,ARARAQUARA,SP,Não
8787710374805,"RUA ALESSIO SANTINI, N. 260, Apto 22, BL B TORRE 5",JARDIM RESIDENCIAL PARAISO,"Apartamento, 87.46 de área total, 43.06 de área privativa, 0.00 de área do terreno,  2 qto(s), a.serv, WC, 1 sala(s), cozinha, 1 vaga(s) de garagem.",154690.61,147000.0,0.0,Leilão SFI - Edital Único,,ARARAQUARA,SP,Não
8787712333979,"AVENIDA JOAQUIM VIEIRA DOS SANTOS, N. 2929, Apto 31, BL B TORRE 2",VILA VIEIRA (VILA XAVIER),"Apartamento, 90.49 de área total, 43.06 de área privativa, 0.00 de área do terreno,  2 qto(s), a.serv, WC, 1 sala(s), cozinha, 1 vaga(s) de garagem.",170487.27,160000.0,0.0,Leilão SFI - Edital Único,,ARARAQUARA,SP,Não
1444419689160,"AVENIDA PORTUGAL, N. 432, Apto 51,",CENTRO,"Apartamento, 133.22 de área total, 119.54 de área privativa, 0.00 de área do terreno,  3 qto(s), a.serv, WC, WC Emp, 1 sala(s), cozinha, 1 vaga(s) de garagem.",353626.03,328922.02,0.0,Leilão SFI - Edital Único,,ARARAQUARA,SP,Não
8787714319299,"AVENIDA ENG DOMINGOS FERRARI JUNIOR, N. 1546, CS 71",PARQUE RESIDENCIAL IGUATEMI,"Casa, 254.77 de área total, 44.02 de área privativa, 88.32 de área do terreno,  2 qto(s), a.serv, WC, 1 sala(s), cozinha, 1 vaga(s) de garagem.",190190.47,175000.0,0.0,Leilão SFI - Edital Único,,ARARAQUARA,SP,Não
8787709584931,"AVENIDA GOVERNADOR ORESTES QUERCIA, N. 1301, Apto 104,  BLOCO 22",ALTOS DO JARAGUA,"Apartamento, 98.27 de área total, 39.30 de área privativa, 0.00 de área do terreno,  2 qto(s), WC, 1 sala(s), cozinha, 1 vaga(s) de garagem.",192864.78,175000.0,0.0,Leilão SFI - Edital Único,,ARARAQUARA,SP,Não
8787719227686,"AVENIDA DOM CARLOS CARMELO, N. 853, Apto 101, BL 12",JARDIM BOTANICO,"Apartamento, 93.81 de área total, 39.30 de área privativa, 0.00 de área do terreno,  2 qto(s), a.serv, WC, 1 sala(s), cozinha, Terraco, 1 vaga(s) de garagem.",230223.7,208000.0,0.0,Leilão SFI - Edital Único,,ARARAQUARA,SP,Não
8787715542870,"RUA ROBERTO APARECIDO GUILHERME, N. 145, Apto 702, TP1 PAV 7 TORRE 10",JARDIM SAO RAFAEL I,"Apartamento, 105.01 de área total, 47.85 de área privativa, 0.00 de área do terreno,  2 qto(s), a.serv, WC, cozinha, 1 vaga(s) de garagem.",243759.72,220000.0,0.0,Leilão SFI - Edital Único,,ARARAQUARA,SP,Não
1787700437806,"AVENIDA GOVERNADOR ORESTES QUERCIA, N. 1301, Apto 501, BL 158",ALTOS DO JARAGUA,"Apartamento, 100.50 de área total, 39.30 de área privativa, 0.00 de área do terreno,  2 qto(s), a.serv, WC, 1 sala(s), cozinha.",185051.91,164000.0,0.0,Leilão SFI - Edital Único,,ARARAQUARA,SP,Não
8787721654383,"RUA JOAO EVANGELISTA RODRIGUES PRIMIANO, N. 423, Apto 1307, TORRE 02",RESIDENCIAL CAMBUY,"Apartamento, 93.14 de área total, 51.30 de área privativa, 0.00 de área do terreno,  2 qto(s), WC, 1 sala(s), cozinha, 1 vaga(s) de garagem.",317606.69,280000.0,0.0,Leilão SFI - Edital Único,,ARARAQUARA,SP,Não
8787704831558,"AVENIDA GOVERNADOR ORESTES QUERCIA, N. 1.301, Apto 504, BLOCO 06",ALTOS DO JARAGUA,"Apartamento, 0.00 de área total, 39.30 de área privativa, 0.00 de área do terreno,  2 qto(s), a.serv, WC, 1 sala(s), cozinha, 1 vaga(s) de garagem.",192864.78,167824.62,0.0,Leilão SFI - Edital Único,,ARARAQUARA,SP,Não
8787716436039,"AVENIDA GOVERNADOR ORESTES QUERCIA, N. 1201, Apto 403, BLOCO 12",ALTOS DO JARAGUA,"Apartamento, 83.66 de área total, 39.30 de área privativa, 0.00 de área do terreno,  2 qto(s), WC, 1 sala(s), cozinha, 1 vaga(s) de garagem.",201208.89,175000.0,0.0,Leilão SFI - Edital Único,,ARARAQUARA,SP,Não
8787708589115,"AVENIDA GOVERNADOR ORESTES QUERCIA, N. 1301, Apto 502, BL 26",ALTOS DO JARAGUA,"Apartamento, 100.50 de área total, 39.30 de área privativa, 0.00 de área do terreno,  2 qto(s), a.serv, WC, 1 sala(s), cozinha, 1 vaga(s) de garagem.",192864.78,164000.0,0.0,Leilão SFI - Edital Único,,ARARAQUARA,SP,Não
8787715198045,"RUA ROBERTO APARECIDO GUILHERME, N. 145, Apto 702, TR 05 7 PAV",JARDIM SAO RAFAEL I,"Apartamento, 105.01 de área total, 47.85 de área privativa, 0.00 de área do terreno,  2 qto(s), WC, 1 sala(s), cozinha, 1 vaga(s) de garagem.",243116.73,205000.0,0.0,Leilão SFI - Edital Único,,ARARAQUARA,SP,Não
8787714695460,"RUA ROBERTO APARECIDO GUILHERME  EST MUN. ARA 347, N. 145, Apto 602, T 11",JARDIM SAO RAFAEL I,"Apartamento, 47.85 de área total, 47.85 de área privativa, 0.00 de área do terreno,  2 qto(s), WC, 1 sala(s), cozinha, 1 vaga(s) de garagem.",245546.25,207000.0,0.0,Leilão SFI - Edital Único,,ARARAQUARA,SP,Não
8787716484890,"AVENIDA GOVERNADOR ORESTES QUERCIA, N. 1201, Apto 103, BL17",ALTOS DO JARAGUA,"Apartamento, 107.35 de área total, 39.30 de área privativa, 0.00 de área do terreno,  2 qto(s), a.serv, WC, 1 sala(s), cozinha, 1 vaga(s) de garagem.",252043.14,190000.0,0.0,Leilão SFI - Edital Único,,ARARAQUARA,SP,Não
8787708215312,"AVENIDA ANTONIO ORLANDO, N. 762, Apto 11, BL 11 2 PAV TP 03",JD BRASILIA,"Apartamento, 93.51 de área total, 39.32 de área privativa, 0.00 de área do terreno,  2 qto(s), a.serv, WC, 1 sala(s), cozinha, 1 vaga(s) de garagem.",194830.25,145000.0,0.0,Leilão SFI - Edital Único,,ARARAQUARA,SP,Não
8444422873587,"AVENIDA ENGENHEIRO ROBERTO LEBRE SAMPAIO, N. 486, LT 11 QD 84",PQ RES SAO PAULO,"Terreno, 0.00 de área total, 0.00 de área privativa, 250.00 de área do terreno.",179343.9,112000.0,0.0,Leilão SFI - Edital Único,,ARARAQUARA,SP,Não
8787706276241,"AVENIDA PRESIDENTE COSTA E SILVA, N. 503, Apto 402, BL 32",CONJUNTO HABITACIONAL NARCISO GOMES,"Apartamento, 83.85 de área total, 39.30 de área privativa, 0.00 de área do terreno,  2 qto(s), WC, 1 sala(s), cozinha, 1 vaga(s) de garagem.",78201.87,135000.0,42.08,Licitação Aberta,,ARARAS,SP,Não
8787713216313,"AVENIDA PRESIDENTE COSTA E SILVA, N. 503, Apto 303, BL 23",CON RES PARQUE ANGRA,"Apartamento, 95.35 de área total, 39.30 de área privativa, 0.00 de área do terreno,  2 qto(s), WC, 1 sala(s), cozinha, 1 vaga(s) de garagem.",89839.3,153450.0,41.46,Venda Online,,ARARAS,SP,Não
8555536960375,"AVENIDA AUGUSTA VIOLA DA COSTA, N. 896, Apto 202, BL 16",JARDIM JOSE OMETTO II,"Apartamento, 94.64 de área total, 41.85 de área privativa, 0.00 de área do terreno,  2 qto(s), WC, 1 sala(s), cozinha, 1 vaga(s) de garagem.",85477.6,146000.0,41.46,Licitação Aberta,,ARARAS,SP,Não
8555538370109,"AVENIDA AUGUSTA VIOLA DA COSTA, N. 896, Apto 104, BL 10",JARDIM JOSE OMETTO II,"Apartamento, 82.14 de área total, 41.85 de área privativa, 0.00 de área do terreno,  2 qto(s), WC, 1 sala(s), cozinha, 1 vaga(s) de garagem.",84892.14,145000.0,41.46,Licitação Aberta,,ARARAS,SP,Não
8555539189050,"AVENIDA AUGUSTA VIOLA DA COSTA, N. 896, Apto 403, BL 20",JARDIM JOSE OMETTO II,"Apartamento, 94.64 de área total, 41.85 de área privativa, 0.00 de área do terreno,  2 qto(s), WC, 1 sala(s), cozinha, 1 vaga(s) de garagem.",84892.14,145000.0,41.46,Licitação Aberta,,ARARAS,SP,Não
8787704548503,"AVENIDA PRESIDENTE COSTA E SILVA, N. 503, Apto 404, BL 13",PQ ANGRA DOS REIS,"Apartamento, 83.85 de área total, 39.30 de área privativa, 0.00 de área do terreno,  2 qto(s), WC, 1 sala(s), cozinha, 1 vaga(s) de garagem.",104889.24,177000.0,40.75,Venda Direta Online,,ARARAS,SP,Não
8555539157948,"AVENIDA AUGUSTA VIOLA DA COSTA, N. 896, Apto 404, BL 35 3º ANDAR GARAGEM Nº 614",JARDIM JOSE OMETTO II,"Apartamento, 94.64 de área total, 41.85 de área privativa, 0.00 de área do terreno,  2 qto(s), a.serv, WC, 1 sala(s), cozinha, 1 vaga(s) de garagem.",102090.88,172277.78,40.75,Venda Direta Online,,ARARAS,SP,Não
8787710600546,"AVENIDA PRESIDENTE COSTA E SILVA, N. 503, Apto 304, 2º PAV, BL 19, VAGA 167 E VAGA M-18",CONJUNTO HABITACIONAL NARCISO GOMES,"Apartamento, 97.57 de área total, 39.30 de área privativa, 0.00 de área do terreno,  2 qto(s), WC, 1 sala(s), cozinha, 2 vaga(s) de garagem.",123904.77,205000.0,39.56,Venda Online,,ARARAS,SP,Não
8787708831625,"AVENIDA CAROLA, N. 211, Apto 202, TORRE 08",SITIOS DE RECREIO INDEPENDENCIA,"Apartamento, 108.47 de área total, 47.93 de área privativa, 0.00 de área do terreno,  2 qto(s), WC, 1 sala(s), cozinha, 1 vaga(s) de garagem.",120882.7,200000.0,39.56,Licitação Aberta,,ARARAS,SP,Não
1444415792021,"RUA JOAO FERREIRA DE MELO, N. 39,",CONJUNTO RESIDENCIAL PREFEITO WARLEY COL,"Casa, 0.00 de área total, 86.80 de área privativa, 160.00 de área do terreno.",119590.43,190000.0,37.06,Licitação Aberta,,ARARAS,SP,Não
8787711770569,"AVENIDA FABIO DA SILVA PRADO, N. 910, Apto 121, 3º PAVIMENTO BLOCO 01",JARDIM SAO JOAO,"Apartamento, 74.35 de área total, 44.75 de área privativa, 0.00 de área do terreno,  2 qto(s), varanda, a.serv, WC, 1 sala(s), cozinha, 1 vaga(s) de garagem.",160955.4,227000.0,29.1,Leilão SFI - Edital Único,,ARARAS,SP,Não
8555535480493,"AVENIDA AUGUSTA VIOLA DA COSTA, N. 896, Apto 101, BL 03",JARDIM JOSE OMETTO II,"Apartamento, 109.15 de área total, 41.85 de área privativa, 0.00 de área do terreno,  2 qto(s), WC, 1 sala(s), cozinha, 1 vaga(s) de garagem.",160000.0,160000.0,0.0,Leilão SFI - Edital Único,,ARARAS,SP,Não
8787706736021,"AVENIDA MELVIN JONES, N. 1720, Apto 133, PAV 4 BL 01",JARDIM DAS PALMEIRAS,"Apartamento, 82.60 de área total, 44.11 de área privativa, 0.00 de área do terreno,  2 qto(s), a.serv, WC, 1 sala(s), cozinha, 1 vaga(s) de garagem.",188000.0,188000.0,0.0,Leilão SFI - Edital Único,,ARARAS,SP,Não
8787710951985,"AVENIDA CAROLA, N. 1601, Apto 302, BL B",SITIOS DE RECREIO INDEPENDENCIA,"Apartamento, 73.23 de área total, 48.78 de área privativa, 0.00 de área do terreno,  2 qto(s), WC, 1 sala(s), cozinha, 1 vaga(s) de garagem.",205000.0,205000.0,0.0,Leilão SFI - Edital Único,,ARARAS,SP,Não
8787711656219,"AVENIDA CAROLA, N. 211, Apto 804, PAV 8 TORRE 08",SITIOS DE RECREIO INDEPENDENCIA,"Apartamento, 108.47 de área total, 47.93 de área privativa, 0.00 de área do terreno,  2 qto(s), a.serv, WC, 1 sala(s), cozinha, 1 vaga(s) de garagem.",210000.0,210000.0,0.0,Leilão SFI - Edital Único,,ARARAS,SP,Não
8555539182799,"AVENIDA AUGUSTA VIOLA DA COSTA, N. 896, Apto 104, BL 41 TERREO",JARDIM JOSE OMETTO II,"Apartamento, 94.64 de área total, 41.85 de área privativa, 0.00 de área do terreno,  2 qto(s), WC, 1 sala(s), cozinha, 1 vaga(s) de garagem.",170487.27,168000.0,0.0,Leilão SFI - Edital Único,,ARARAS,SP,Não
8787717742818,"AVENIDA CAROLA, N. 251, Apto 305, PAV 3 TORRE 4",SITIOS DE RECREIO INDEPENDENCIA,"Apartamento, 108.94 de área total, 46.96 de área privativa, 0.00 de área do terreno,  2 qto(s), WC, 1 sala(s), cozinha, 1 vaga(s) de garagem.",244467.94,235000.0,0.0,Leilão SFI - Edital Único,,ARARAS,SP,Não
8555539363688,"AVENIDA AUGUSTA VIOLA DA COSTA, N. 896, Apto 103, BL 9  TERREO",JARDIM JOSE OMETTO II,"Apartamento, 94.64 de área total, 41.85 de área privativa, 0.00 de área do terreno,  2 qto(s), WC, 1 sala(s), cozinha, 1 vaga(s) de garagem.",159233.7,150000.0,0.0,Leilão SFI - Edital Único,,ARARAS,SP,Não
8787713186228,"RUA VICTORIO ARTHUR CORROCHER, N. 100, Apto 303, PAV 2 BL 05 VG 43",JARDIM ABOLICAO DE LOURENCO DIAS,"Apartamento, 86.76 de área total, 41.85 de área privativa, 0.00 de área do terreno,  2 qto(s), WC, 1 sala(s), cozinha, 1 vaga(s) de garagem.",177746.66,167350.0,0.0,Leilão SFI - Edital Único,,ARARAS,SP,Não
8555538434026,"AVENIDA AUGUSTA VIOLA DA COSTA, N. 896, Apto 302, BL 10 2 ANDAR",JARDIM JOSE OMETTO II,"Apartamento, 94.64 de área total, 41.85 de área privativa, 0.00 de área do terreno,  2 qto(s), WC, 1 sala(s), cozinha, 1 vaga(s) de garagem.",159394.5,150000.0,0.0,Leilão SFI - Edital Único,,ARARAS,SP,Não
8787711875484,"AVENIDA PRESIDENTE COSTA E SILVA, N. 503, Apto 203, BL 31 VG 353 1 PAV",CONJUNTO HABITACIONAL NARCISO GOMES,"Apartamento, 95.35 de área total, 39.30 de área privativa, 0.00 de área do terreno,  2 qto(s), WC, 1 sala(s), cozinha, 1 vaga(s) de garagem.",170487.27,149670.83,0.0,Leilão SFI - Edital Único,,ARARAS,SP,Não
8555538321523,"AVENIDA AUGUSTA VIOLA DA COSTA, N. 896, Apto 403, BLOCO46",JARDIM JOSE OMETTO II,"Apartamento, 94.64 de área total, 41.85 de área privativa, 0.00 de área do terreno,  2 qto(s), a.serv, WC, 1 sala(s), cozinha, 1 vaga(s) de garagem.",159394.5,133000.0,0.0,Leilão SFI - Edital Único,,ARARAS,SP,Não
8787718187311,"AVENIDA CAROLA, N. 251, Apto 1005, TORRE 02",SITIOS DE RECREIO INDEPENDENCIA,"Apartamento, 108.94 de área total, 46.96 de área privativa, 0.00 de área do terreno,  2 qto(s), 1 vaga(s) de garagem.",243635.16,203000.0,0.0,Leilão SFI - Edital Único,,ARARAS,SP,Não
8787704687082,"AVENIDA PRESIDENTE COSTA E SILVA, N. 503, Apto 101, BL 16",CONJUNTO HABITACIONAL NARCISO GOMES,"Apartamento, 104.79 de área total, 47.80 de área privativa, 0.00 de área do terreno,  2 qto(s), a.serv, WC, 1 sala(s), cozinha, 1 vaga(s) de garagem.",181142.72,144500.0,0.0,Leilão SFI - Edital Único,,ARARAS,SP,Não
8787704293408,"AVENIDA PRESIDENTE COSTA E SILVA, N. 503, Apto 402, BL19",CONJUNTO HABITACIONAL NARCISO GOMES,"Apartamento, 95.35 de área total, 39.30 de área privativa, 0.00 de área do terreno,  2 qto(s), a.serv, WC, 1 sala(s), cozinha, 1 vaga(s) de garagem.",171276.3,135000.0,0.0,Leilão SFI - Edital Único,,ARARAS,SP,Não
8787715454505,"RUA VICTORIO ARTHUR CORROCHER, N. 100, Apto 201, BL 04",JARDIM ABOLICAO DE LOURENCO DIAS,"Apartamento, 86.76 de área total, 41.85 de área privativa, 0.00 de área do terreno,  2 qto(s), WC, 1 sala(s), cozinha, 1 vaga(s) de garagem.",201463.03,132000.0,0.0,Leilão SFI - Edital Único,,ARARAS,SP,Não
1600000077554,"AVENIDA DAS PALMEIRAS, N. 100, LT 9 QD 39",ARUJAZINHO IV,"Casa, 274.35 de área total, 274.35 de área privativa, 276.00 de área do terreno,  3 qto(s), a.serv, WC, 2 sala(s), cozinha.",1426946.72,2239000.0,36.27,Venda Direta Online,,ARUJA,SP,Não
8787719126405,"RUA PASTOR FLAVIO PEREIRA DA SILVA, N. 46, LOTE 20 QUADRA S",RESIDENCIAL BELLA VISTA II,"Casa, 43.85 de área total, 43.85 de área privativa, 160.00 de área do terreno,  2 qto(s), a.serv, WC, 1 sala(s), cozinha, 1 vaga(s) de garagem.",100741.08,170000.0,40.75,Venda Online,,ASSIS,SP,Não
8787720043127,"RUA IVANI HELENA GUILHERME, N. 59, LT 10 QD T",RESIDENCIAL BELLA VISTA II,"Casa, 43.85 de área total, 43.85 de área privativa, 160.00 de área do terreno,  2 qto(s), a.serv, WC, 1 sala(s), cozinha.",100741.08,170000.0,40.75,Licitação Aberta,,ASSIS,SP,Não
8787720050387,"RUA IVANI HELENA GUILHERME, N. 278,",RESIDENCIAL BELLA VISTA II,"Casa, 43.85 de área total, 43.85 de área privativa, 160.00 de área do terreno,  2 qto(s), a.serv, WC, 1 sala(s), cozinha.",106667.03,180000.0,40.75,Venda Direta Online,,ASSIS,SP,Não
8787716032698,"RUA TOMÉ VILELA, N. 80, LT 26 QD M",RESIDENCIAL BELA VISTA,"Prédio, 43.85 de área total, 43.85 de área privativa, 160.00 de área do terreno,  2 qto(s), a.serv, WC, 1 sala(s), cozinha.",94815.14,160000.0,40.75,Licitação Aberta,,ASSIS,SP,Não
8555537787316,"RUA J, N. 30, LT 03 QD 40",NUCLEO HABITACIONAL DIRCEU GOMES CERVILH,"Casa, 130.00 de área total, 130.00 de área privativa, 45.47 de área do terreno,  2 qto(s), a.serv, WC, 1 sala(s), cozinha, 1 vaga(s) de garagem.",128135.66,212000.0,39.56,Venda Direta Online,,ASSIS,SP,Não
1444423017600,"RUA CARLOS HENRIQUE TORRETI, N. 79, SN,",RESIDENCIAL VILLAGE DAMHA ASSIS,"Casa, 150.37 de área total, 150.37 de área privativa, 284.97 de área do terreno,  3 qto(s), a.serv, WC, 2 sala(s), 1 lavabo(s), cozinha.",759678.65,1192000.0,36.27,Licitação Aberta,,ASSIS,SP,Sim
8555508208702,"RUA SEBASTIAO LEITE DO CANTO, N. 1419, LT 006 QD 347 SETOR 004",SAN FERNANDO VALLEY,"Casa, 64.68 de área total, 64.68 de área privativa, 127.87 de área do terreno,  2 qto(s), a.serv, WC, 1 sala(s), cozinha, 1 vaga(s) de garagem.",141400.0,141400.0,0.0,Leilão SFI - Edital Único,,ASSIS,SP,Não
1444424386480,"RUA ODSON ELI ANDRADE, N. 106, LT 16 QD H",RESIDENCIAL PARK BAMBU II,"Casa, 163.06 de área total, 163.06 de área privativa, 250.00 de área do terreno,  3 qto(s), a.serv, WC, 1 sala(s), 1 lavabo(s), cozinha, 2 vaga(s) de garagem.",655000.0,655000.0,0.0,Leilão SFI - Edital Único,,ASSIS,SP,Não
8787718178606,"RUA JOSE CARLOS DE MAIO, N. 395, LT 08 QD B",RESIDENCIAL BELLA VISTA II,"Casa, 43.85 de área total, 43.85 de área privativa, 160.00 de área do terreno,  2 qto(s), a.serv, WC, 1 sala(s), cozinha.",197189.2,190000.0,0.0,Leilão SFI - Edital Único,,ASSIS,SP,Não
8787720057179,"RUA IVANI HELENA GUILHERME, N. 262, Q N LT 31",RESIDENCIAL BELLA VISTA II,"Casa, 43.85 de área total, 43.85 de área privativa, 160.00 de área do terreno,  2 qto(s), a.serv, WC, 1 sala(s), cozinha, 2 vaga(s) de garagem.",208152.5,190000.0,0.0,Leilão SFI - Edital Único,,ASSIS,SP,Não
1444406320775,"RUA MARGINAL, N. SN, AREA 03 DA CHACARA DO RIACHO",MATO DENTRO,"Terreno, 0.00 de área total, 0.00 de área privativa, 5264.74 de área do terreno.",544471.4,964000.0,43.52,Venda Direta Online,,ATIBAIA,SP,Sim
10275689,"RODOVIA D. PEDRO I, N. 00, ÁREA B, PARTE DA GLEBA 06",MATO DENTRO,"Gleba, 0.00 de área total, 0.00 de área privativa, 11562.00 de área do terreno.",1531528.19,2529575.97,39.46,Venda Direta Online,,ATIBAIA,SP,Sim
1444406325483,"ESTRADA ARÃO SAHM / RUA IPÊ ROSA, N. SN, AREA 04",MATO DENTRO,"Terreno, 0.00 de área total, 0.00 de área privativa, 4786.92 de área do terreno.",1210897.17,1900000.0,36.27,Venda Direta Online,,ATIBAIA,SP,Sim
8444411592760,"RUA JOAO JUSTINO BORGES, N. 3827, QD 67",RESIDENCIAL SANTO ANTONIO,"Casa, 53.12 de área total, 53.12 de área privativa, 125.00 de área do terreno,  2 qto(s), a.serv, WC, 1 sala(s), cozinha.",104889.24,177000.0,40.75,Licitação Aberta,,AURIFLAMA,SP,Não
8444435824598,"RUA TIBIRICA, N. SN, AREA 04",CENTRO,"Terreno, 0.00 de área total, 0.00 de área privativa, 240.00 de área do terreno.",46849.3,80648.04,41.91,Licitação Aberta,,AVANHANDAVA,SP,Não
10291012,"AVENIDA ESPANHA, N. 1016, QD W, LT 26-B",JARDIM VERA CRUZ,"Prédio, 0.00 de área total, 122.26 de área privativa, 131.44 de área do terreno.",214774.92,337000.0,36.27,Licitação Aberta,,AVARE,SP,Não
8444432117637,"RUA JORNALISTA NELSON MAENAKA, N. SN, LT 12 QD AF",LOTEAMENTO TERRAS DE SAO JOSE,"Terreno, 0.00 de área total, 0.00 de área privativa, 300.00 de área do terreno.",196568.66,100000.0,0.0,Leilão SFI - Edital Único,,AVARE,SP,Não
8444426873794,"RUA JOÃO CESAR CAMBRA, N. 461, LT 21 QD L",AV PQ BADY BASSIT,"Terreno, 0.00 de área total, 0.00 de área privativa, 200.00 de área do terreno.",52102.6,90000.0,42.11,Licitação Aberta,,BADY BASSITT,SP,Não
8444428228330,"RUA PROJETADA 5, N. SN, LT 01 QD G",RESIDENCIAL MENEZES 5,"Terreno, 0.00 de área total, 0.00 de área privativa, 227.00 de área do terreno.",43123.8,74234.83,41.91,Licitação Aberta,,BADY BASSITT,SP,Não
8444430435151,"RUA PROJETADA 11, N. SN, LT 19 QD 10",RESIDENCIAL LAGO SUL II,"Casa, 60.56 de área total, 60.56 de área privativa, 150.00 de área do terreno,  3 qto(s), a.serv, WC, 1 sala(s), cozinha.",117860.63,200000.0,41.07,Venda Online,,BADY BASSITT,SP,Não
8787714452606,"RUA ANTONIO XAVIER DE LIMA, N. 2355, CS 45",JARDIM DAS PALMEIRAS,"Casa, 40.64 de área total, 40.64 de área privativa, 133.40 de área do terreno,  2 qto(s), a.serv, WC, 1 sala(s), cozinha, 1 vaga(s) de garagem.",94815.14,160000.0,40.75,Venda Direta Online,,BADY BASSITT,SP,Não
8787715835797,"RUA PROJETADA 26, N. 3953, LOTE 31 QUADRA AC",BADY BASSIT,"Casa, 43.77 de área total, 43.77 de área privativa, 200.00 de área do terreno.",94815.14,160000.0,40.75,Venda Online,,BADY BASSITT,SP,Não
8444428178295,"RUA ORLANDO ROSSI, N. 205, LT 28 QD G, ANTIGA RUA PROJETADA 04",BADY BASSIT,"Terreno, 45.00 de área total, 0.00 de área privativa, 160.00 de área do terreno,  1 qto(s), a.serv, WC, 1 sala(s), cozinha.",113327.53,187500.0,39.56,Venda Direta Online,,BADY BASSITT,SP,Não
8787715972565,"ESTRADA MUNICIPAL BBS-325, N. 300, CS 365 QD K",GARDEN RNI,"Casa, 100.08 de área total, 42.60 de área privativa, 100.00 de área do terreno,  2 qto(s), a.serv, WC, 1 sala(s), cozinha, 1 vaga(s) de garagem.",156137.65,255000.0,38.77,Venda Direta Online,,BADY BASSITT,SP,Não
1787702188374,"ESTRADA MUNICIPAL BBS-325, N. 300, CS 428",GARDEN RNI,"Casa, 42.93 de área total, 42.93 de área privativa, 118.75 de área do terreno,  2 qto(s), a.serv, WC, 1 sala(s), cozinha.",144767.36,230000.0,37.06,Venda Direta Online,,BADY BASSITT,SP,Não
8787715659395,"RUA DOMICIO VALENCIA LIMA, N. 4191,",AURORA I,"Casa, 43.77 de área total, 43.77 de área privativa, 200.00 de área do terreno,  2 qto(s), a.serv, WC, 1 sala(s), cozinha, 2 vaga(s) de garagem.",154292.81,152000.0,0.0,Leilão SFI - Edital Único,,BADY BASSITT,SP,Não
8555510073835,"AVENIDA JOSE CLAUDIO MAZINI, N. 39, LT 6 QD D",JARDIM ESPERANCA II,"Casa, 42.09 de área total, 42.09 de área privativa, 140.00 de área do terreno.",62285.44,109000.0,42.86,Venda Direta Online,,BARIRI,SP,Não
8444421883732,"RUA ANTONIO SPALONE, N. 17, LT 40 QD K",JARDIM YANG III,"Casa, 60.25 de área total, 60.25 de área privativa, 155.67 de área do terreno,  2 qto(s), a.serv, WC, 1 sala(s), cozinha.",161078.27,161078.27,0.0,Leilão SFI - Edital Único,,BARIRI,SP,Não
8444427111685,"RUA JOSE TORELLI, N. SN, QD S  LT1P1E2P1",DOM JOAO BOSCO,"Terreno, 0.00 de área total, 0.00 de área privativa, 176.00 de área do terreno.",82963.24,175000.0,52.6,Venda Direta Online,,BARRETOS,SP,Não
10216279,"AVENIDA 15 Nº 1247 E, N. 1255, RUA 28, Nº 1544",CENTRO,"Galpão, 0.00 de área total, 1480.14 de área privativa, 1554.95 de área do terreno.",1019702.88,2000000.0,49.02,Venda Direta Online,,BARRETOS,SP,Não
8787715319756,"AVENIDA C-1, N. 150, Apto 1104, 11º PAVIMMENTO TORRE 5",CRISTIANO DE CARVALHO,"Apartamento, 118.51 de área total, 50.82 de área privativa, 0.00 de área do terreno,  2 qto(s), varanda, WC, 1 sala(s), cozinha, 1 vaga(s) de garagem.",186055.07,240000.0,22.48,Leilão SFI - Edital Único,,BARRETOS,SP,Não
8444432478095,"ALAMEDA WALDOMIRO BRETANHA, N. 50, LT 18 QD V",JARDIM NOVA BARRETOS,"Casa, 84.00 de área total, 34.00 de área privativa, 200.00 de área do terreno.",220000.0,220000.0,0.0,Leilão SFI - Edital Único,,BARRETOS,SP,Não
1787703107491,"AVENIDA JOAO BATISTA DA ROCHA, N. 2031, Apto 1004, TORRE 1",DIVA,"Apartamento, 114.92 de área total, 51.95 de área privativa, 0.00 de área do terreno,  2 qto(s), varanda, a.serv, WC, 1 sala(s), cozinha, 1 vaga(s) de garagem.",359727.13,350000.0,0.0,Leilão SFI - Edital Único,,BARRETOS,SP,Não
8787713186520,"AVENIDA C12, N. 1355, Apto 104, TIPO I T 03",CRISTIANO DE CARVALHO,"Apartamento, 50.82 de área total, 50.82 de área privativa, 0.00 de área do terreno,  2 qto(s), varanda, a.serv, WC, 1 sala(s), cozinha, 1 vaga(s) de garagem.",246336.7,203000.0,0.0,Leilão SFI - Edital Único,,BARRETOS,SP,Não
1555530795285,"RUA MARTE, N. 429, Apto 75, 7º PAVIMENTO EDFICIO 10",CRUZ PRETA,"Apartamento, 137.58 de área total, 67.82 de área privativa, 0.00 de área do terreno, 2 vaga(s) de garagem.",370410.21,435000.0,14.85,Leilão SFI - Edital Único,,BARUERI,SP,Não
1787702355912,"RUA DEMPACHI NAKAYAMA, N. 634, Apto 405, 4 PAVIMENTO  TORRE A  SITIO DA BARRA",CRUZ PRETA,"Apartamento, 92.45 de área total, 48.01 de área privativa, 0.00 de área do terreno,  2 qto(s), WC, 1 sala(s), cozinha, 1 vaga(s) de garagem.",542551.1,542551.1,0.0,Leilão SFI - Edital Único,,BARUERI,SP,Não
1787702379536,"RUA DEMPACHI NAKAYAMA, N. 634, Apto 1603, PAV 16 TORRE B",JARDIM ESPERANCA,"Apartamento, 112.96 de área total, 41.34 de área privativa, 0.00 de área do terreno,  2 qto(s), a.serv, WC, 1 sala(s), cozinha, 2 vaga(s) de garagem.",453000.0,453000.0,0.0,Leilão SFI - Edital Único,,BARUERI,SP,Não
1444420493592,"RUA CARLOS GOMES, N. 455,",CENTRO,"Casa, 0.00 de área total, 315.04 de área privativa, 476.40 de área do terreno.",682365.44,1241704.39,45.05,Venda Direta Online,,BATATAIS,SP,Sim
8444430398310,"RUA DOIS, N. 122, Apto 833, BL 8",MONTE VERDE,"Apartamento, 0.00 de área total, 42.05 de área privativa, 0.00 de área do terreno.",61057.66,130000.0,53.04,Venda Online,,BAURU,SP,Não
8444427335745,"RUA FRANCISCO RIBEIRO DOS SANTOS, N. SN, PARTE DO LT 07  QD 87",PARQUE INDUSTRIAL MANCHESTER,"Casa, 58.00 de área total, 42.00 de área privativa, 180.00 de área do terreno,  2 qto(s), a.serv, WC, 1 sala(s), cozinha, 1 vaga(s) de garagem.",91672.49,180000.0,49.08,Venda Direta Online,,BAURU,SP,Não
8444434278468,"RUA MANOEL RODRIGUES MADURO, N. 4-200, Apto 22, BL18",NUCLEO HABITACIONAL VEREADOR EDSON FRANC,"Apartamento, 115.63 de área total, 51.77 de área privativa, 0.00 de área do terreno,  2 qto(s), WC, 1 sala(s), cozinha.",66956.22,131000.0,48.89,Venda Online,,BAURU,SP,Não
8444432688308,"RUA MANOEL RODRIGUES MADURO, N. 3-25, Apto 023, BL 10",NUCLEO HABITACIONAL VEREADOR EDSON FRANC,"Apartamento, 100.02 de área total, 42.51 de área privativa, 0.00 de área do terreno,  2 qto(s), a.serv, WC, 1 sala(s), cozinha.",72357.86,140000.0,48.32,Venda Online,,BAURU,SP,Não
8444433160374,"RUA MANOEL RODRIGUES MADURO, N. 3-25, Apto 21, BL 02",NUCLEO HABITACIONAL VEREADOR EDSON FRANC,"Apartamento, 100.02 de área total, 42.51 de área privativa, 0.00 de área do terreno,  2 qto(s), a.serv, WC, 1 sala(s), cozinha.",72357.86,140000.0,48.32,Venda Online,,BAURU,SP,Não
8787715504588,"RUA AUGUSTO PAULO LIMA, N. 1166, Apto 403, BL 01",JARDIM COUNTRY CLUB,"Apartamento, 69.46 de área total, 39.30 de área privativa, 0.00 de área do terreno,  2 qto(s), WC, 1 sala(s), cozinha, 1 vaga(s) de garagem.",92348.46,178100.0,48.15,Venda Direta Online,,BAURU,SP,Não
8787716492885,"RUA AUGUSTO PAULO LIMA, N. 1-166, Apto 503, 5ºPAV BL2 VG98",JARDIM COUNTRY CLUB,"Apartamento, 81.95 de área total, 39.30 de área privativa, 0.00 de área do terreno,  2 qto(s), WC, 1 sala(s), cozinha, 1 vaga(s) de garagem.",92296.61,178000.0,48.15,Venda Direta Online,,BAURU,SP,Não
8555501854692,"R JOSE INHESTA, N. 1-59, LT 17-B, QD N",CONJUNTO HABITACIONAL PRESIDENTE EURICO,"Casa, 0.00 de área total, 35.52 de área privativa, 150.00 de área do terreno,  2 qto(s), WC, 1 sala(s), cozinha.",127309.03,240000.0,46.96,Venda Direta Online,,BAURU,SP,Não
8555530102075,"RUA CANADA, N. 5-55, Apto 506, BL 05 VG 146",JARDIM TERRA BRANCA,"Apartamento, 89.51 de área total, 46.19 de área privativa, 0.00 de área do terreno,  2 qto(s), WC, 1 sala(s), cozinha, 1 vaga(s) de garagem.",94933.65,178000.0,46.67,Venda Online,,BAURU,SP,Sim
8444431672866,"RUA MARIO DOS REIS PEREIRA, N. 3-25, Apto 1132, BL 11",RESIDENCIAL PARQUE COLINA VERDE,"Apartamento, 47.03 de área total, 42.05 de área privativa, 0.00 de área do terreno,  2 qto(s), WC, 1 sala(s), cozinha.",67514.27,126000.0,46.42,Venda Online,,BAURU,SP,Não
8444436378710,"RUA BENEDITO CAMPOS PACHECO, N. 103, Apto 32, 3º A, BL C",VILA SANTA FILOMENA,"Apartamento, 132.28 de área total, 46.24 de área privativa, 0.00 de área do terreno,  2 qto(s), WC, 1 sala(s), cozinha.",78525.22,145000.0,45.85,Venda Direta Online,,BAURU,SP,Não
10146890,"RUA NICOLA AVALONE, N. 8-67, QUADRA 08, LOTE I",VILA QUAGGIO,"Comercial, 0.00 de área total, 448.82 de área privativa, 0.00 de área do terreno, 3 vaga(s) de garagem.",771400.89,1420000.0,45.68,Venda Direta Online,,BAURU,SP,Não
8444436030986,"RUA DOIS, N. 01-22, Apto 734, BL 07",MONTE VERDE,"Apartamento, 46.97 de área total, 42.05 de área privativa, 0.00 de área do terreno,  2 qto(s), WC, 1 sala(s), cozinha.",64259.43,118000.0,45.55,Venda Direta Online,,BAURU,SP,Não
8444435590457,"RUA IRENE PREGNOLATO PINTO NOGUEIRA, N. 3-33, Apto 2844, 3 ANDAR BL 28",JARDIM NOVA ESPERANCA,"Apartamento, 113.78 de área total, 42.13 de área privativa, 0.00 de área do terreno,  2 qto(s), WC, 1 sala(s), cozinha.",72475.75,131700.0,44.97,Venda Direta Online,,BAURU,SP,Não
8444426619286,"VIA DE ACESSO A, N. SN, PARTE LT 13 QD E",CHACARA SAO JOAO,"Terreno, 0.00 de área total, 0.00 de área privativa, 252.00 de área do terreno.",61285.44,110000.0,44.29,Venda Online,,BAURU,SP,Não
8555537843828,"RUA URUGUAI, N. 165, Apto 25, TORRE 02",JARDIM TERRA BRANCA,"Apartamento, 0.00 de área total, 45.52 de área privativa, 0.00 de área do terreno,  2 qto(s), WC, 1 sala(s), cozinha, 1 vaga(s) de garagem.",148101.74,265000.0,44.12,Licitação Aberta,,BAURU,SP,Não
8444434841634,"RUA DOIS, N. 122, Apto 343, BL 03",MONTE VERDE,"Apartamento, 0.00 de área total, 42.05 de área privativa, 0.00 de área do terreno.",67068.27,120000.0,44.11,Venda Direta Online,,BAURU,SP,Não
8787718784778,"RUA AUGUSTO PAULO LIMA, N. 1-166, Apto 303, PAV 3 BL 3 VG 231",JARDIM COUNTRY CLUB,"Apartamento, 81.95 de área total, 39.30 de área privativa, 0.00 de área do terreno,  2 qto(s), a.serv, WC, 1 sala(s), cozinha, 1 vaga(s) de garagem.",111816.49,200000.0,44.1,Venda Direta Online,,BAURU,SP,Não
8787710619476,"RUA TELEZINHO GOMES SARDIM, N. 250, Apto 32, 3 º PAV, BL D, TR 3",VITTA SAO JOSE,"Apartamento, 87.85 de área total, 41.97 de área privativa, 0.00 de área do terreno,  2 qto(s), a.serv, WC, 1 sala(s), cozinha, 1 vaga(s) de garagem.",113238.72,202543.85,44.1,Venda Online,,BAURU,SP,Não
8444422904768,"RUA LIBERTO RESTA, N. SN, QD 02",PARQUE JARAGUA,"Terreno, 0.00 de área total, 0.00 de área privativa, 125.00 de área do terreno.",56444.48,100000.0,43.56,Venda Online,,BAURU,SP,Não
1444413308009,"RUA RIACHUELO, N. 1-48, QD 24 LT QR1",VILA SAO FRANCISCO,"Casa, 334.32 de área total, 334.32 de área privativa, 513.00 de área do terreno,  5 qto(s), a.serv, WC, 2 sala(s), cozinha.",440547.39,780000.0,43.52,Venda Online,,BAURU,SP,Sim
8444431782629,"RUA CARMEN SILVIA RODRIGUES BAPTISTELLA, N. SN, QD 15A, LT 03",QUINTA DA BELA OLINDA,"Terreno, 0.00 de área total, 0.00 de área privativa, 260.00 de área do terreno.",46443.8,82000.0,43.37,Venda Online,,BAURU,SP,Não
8444426330782,"RUA FLAVIO AREDES LOPES, N. SN, QRT 06 LT 06  QD 50",TANGARAS,"Casa, 86.00 de área total, 86.00 de área privativa, 154.42 de área do terreno,  1 qto(s), WC, 1 sala(s), cozinha.",61268.31,107220.0,42.86,Licitação Aberta,,BAURU,SP,Não
8444429752726,"RUA ENGENHEIRO MIGUEL MELHADO CAMPOS, N. 1-129, Apto 1913, BL 19",CONJUNTO HABITACIONAL ENGENHEIRO OTAVIO,"Apartamento, 47.05 de área total, 42.05 de área privativa, 0.00 de área do terreno,  2 qto(s), WC, 1 sala(s), cozinha.",63714.01,111500.0,42.86,Venda Direta Online,,BAURU,SP,Não
8444427448027,"RUA SEBASTIAO BAIO, N. SN, LT 05 QD F QRT 01",JARDIM SAO JUDAS,"Casa, 44.71 de área total, 44.71 de área privativa, 130.00 de área do terreno,  2 qto(s), WC.",57714.04,101000.0,42.86,Licitação Aberta,,BAURU,SP,Não
8787705924185,"RUA DOIS, N. 1-10, Apto 33, BL A16",MONTE VERDE,"Apartamento, 64.94 de área total, 48.56 de área privativa, 0.00 de área do terreno,  2 qto(s), a.serv, WC, 1 sala(s), cozinha, 1 vaga(s) de garagem.",62856.87,110000.0,42.86,Licitação Aberta,,BAURU,SP,Não
8444419484630,"RUA BENEDITO LEITE DE BRITO, N. 5-152,",PARQUE JARAGUA,"Casa, 40.35 de área total, 40.35 de área privativa, 125.00 de área do terreno,  2 qto(s), a.serv, WC, 1 sala(s), cozinha.",71654.14,125000.0,42.68,Licitação Aberta,,BAURU,SP,Não
8444427249156,"RUA CABO POLICIA MILITAR JOSE RIBEIRO FERREIRA, N. SN, LT 11B QD M1",PARQUE ROOSEVELT,"Casa, 25.80 de área total, 25.80 de área privativa, 126.30 de área do terreno,  1 qto(s), a.serv, WC, 1 sala(s), cozinha.",65348.57,114000.0,42.68,Licitação Aberta,,BAURU,SP,Não
8444435984269,"RUA DOIS, N. 1-22, Apto 622, PAV 2 BL 6",JARDIM OURO VERDE,"Apartamento, 46.97 de área total, 42.05 de área privativa, 0.00 de área do terreno,  2 qto(s), WC, 1 sala(s), cozinha.",71654.14,125000.0,42.68,Venda Direta Online,,BAURU,SP,Não
8444435910664,"RUA MANOEL RODRIGUES MADURO, N. 3-25, Apto 24, BL 28",NUCLEO HABITACIONAL VEREADOR EDSON FRANC,"Apartamento, 100.02 de área total, 42.51 de área privativa, 0.00 de área do terreno.",68658.93,119774.88,42.68,Venda Direta Online,,BAURU,SP,Não
8444437489150,"RUA PEDRO LIPE, N. 4-51, Apto 33, BL 15",NUCLEO HABITACIONAL MARY DOTA,"Apartamento, 193.85 de área total, 51.77 de área privativa, 0.00 de área do terreno,  2 qto(s), WC, 1 sala(s), cozinha.",67068.27,117000.0,42.68,Licitação Aberta,,BAURU,SP,Não
8444435248031,"RUA DOIS, N. 1140, Apto 1324, BL 13",MONTE VERDE,"Apartamento, 47.93 de área total, 42.84 de área privativa, 0.00 de área do terreno,  2 qto(s), WC, 1 sala(s), cozinha.",66380.39,115800.0,42.68,Venda Direta Online,,BAURU,SP,Não
8444437008313,"RUA DOIS, N. 1-22, Apto 133, BL 01",MONTE VERDE,"Apartamento, 46.97 de área total, 42.05 de área privativa, 0.00 de área do terreno,  2 qto(s), WC, 1 sala(s), cozinha.",68787.97,120000.0,42.68,Venda Direta Online,,BAURU,SP,Não
8444438410956,"RUA CLAUDIO DE OLIVEIRA SALVADIO, N. 1-30, Apto 33, BL E",LOTEAMENTO CHACARA DAS FLORES,"Apartamento, 111.06 de área total, 46.24 de área privativa, 0.00 de área do terreno,  2 qto(s), WC, 1 sala(s), cozinha.",68787.97,120000.0,42.68,Licitação Aberta,,BAURU,SP,Não
8444406126004,"RUA SANTA MARIA, N. SN, LT E F G QD 28 QRT 05",VILA INDUSTRIAL,"Terreno, 0.00 de área total, 0.00 de área privativa, 150.00 de área do terreno.",52681.52,91000.0,42.11,Licitação Aberta,,BAURU,SP,Não
8444433294885,"RUA MARIO DOS REIS PEREIRA, N. 3-25, Apto 321, BL 03",RESIDENCIAL PARQUE COLINA VERDE,"Apartamento, 47.03 de área total, 42.05 de área privativa, 0.00 de área do terreno,  2 qto(s), WC, 1 sala(s), cozinha.",73567.68,127000.0,42.08,Venda Direta Online,,BAURU,SP,Não
8444436392942,"RUA MARIO DOS REIS PEREIRA, N. 3-89, Apto 2-41, BL 02",RESIDENCIAL PARQUE COLINA VERDE,"Apartamento, 100.03 de área total, 42.41 de área privativa, 0.00 de área do terreno,  2 qto(s), WC, 1 sala(s), cozinha, 1 vaga(s) de garagem.",77912.23,134500.0,42.08,Venda Online,,BAURU,SP,Não
8444425646840,"RUA DELIA TEREZINHA SANTINI DE PAULA, N. 7-48,",PARQUE VAL DE PALMAS,"Casa, 24.00 de área total, 24.00 de área privativa, 242.00 de área do terreno,  1 qto(s), WC.",73567.68,127000.0,42.08,Licitação Aberta,,BAURU,SP,Não
8444427511780,"RUA MANUELA CLEMENCIA DE PAULA, N. 1280,",CHACARA SAO JOAO,"Casa, 23.00 de área total, 23.00 de área privativa, 150.00 de área do terreno,  1 qto(s), WC, cozinha, 2 vaga(s) de garagem.",77622.6,134000.0,42.08,Licitação Aberta,,BAURU,SP,Não
8444429713712,"RUA SEVERINO MARTINS DA CUNHA, N. 1-66, Apto 23, BL F",VILA INDUSTRIAL,"Apartamento, 52.81 de área total, 47.15 de área privativa, 0.00 de área do terreno,  2 qto(s), a.serv, WC, 1 sala(s), cozinha, 1 vaga(s) de garagem.",73567.68,127000.0,42.08,Venda Direta Online,,BAURU,SP,Não
8444433381524,"RUA BERNARDINO DE CAMPOS, N. 20-55, Apto 302, BL 02",VILA SOUTO,"Apartamento, 56.02 de área total, 44.52 de área privativa, 0.00 de área do terreno,  2 qto(s), WC, 1 sala(s), cozinha, 1 vaga(s) de garagem.",78201.87,135000.0,42.08,Licitação Aberta,,BAURU,SP,Não
8444436522269,"RUA PEDRO LIPE, N. 04-51, Apto 34, BL 23",NUCLEO HABITACIONAL MARY DOTA,"Apartamento, 193.86 de área total, 51.77 de área privativa, 0.00 de área do terreno,  2 qto(s), WC, cozinha.",78201.87,135000.0,42.08,Venda Direta Online,,BAURU,SP,Não
8444436354110,"RUA DOIS, N. 1-140, Apto 1232, BL 12",MONTE VERDE,"Apartamento, 47.93 de área total, 42.84 de área privativa, 0.00 de área do terreno,  2 qto(s), WC, 1 sala(s), cozinha, 1 vaga(s) de garagem.",79939.69,138000.0,42.08,Venda Direta Online,,BAURU,SP,Não
8444436359988,"R DOIS, N. 1-96, Apto 941, BL 9",MONTE VERDE,"Apartamento, 48.11 de área total, 42.84 de área privativa, 0.00 de área do terreno,  2 qto(s), WC, 1 sala(s), cozinha.",77043.32,133000.0,42.08,Venda Direta Online,,BAURU,SP,Não
8787703106604,"RUA DOIS, N. 1-10, Apto 01, BL A16",MONTE VERDE,"Apartamento, 64.94 de área total, 48.56 de área privativa, 0.00 de área do terreno,  2 qto(s), WC, 1 sala(s), 1 lavabo(s), cozinha, 1 vaga(s) de garagem.",77043.32,133000.0,42.08,Licitação Aberta,,BAURU,SP,Não
8444425569714,"AVENIDA UM, N. SN, LT Q QD 61 QRT 13",PARQUE VAL DE PALMAS,"Terreno, 0.00 de área total, 0.00 de área privativa, 129.25 de área do terreno.",43568.3,75000.0,41.91,Licitação Aberta,,BAURU,SP,Não
8444434012336,"RUA DOIS, N. 1140, Apto 941, BL 09 PAV 04",MONTE VERDE,"Apartamento, 47.93 de área total, 42.84 de área privativa, 0.00 de área do terreno,  2 qto(s), a.serv, WC, 1 sala(s), cozinha.",84892.14,145000.0,41.46,Venda Direta Online,,BAURU,SP,Não
8444434194540,"RUA BENEDITA CARDOSO MADUREIRA, N. 7 66, Apto 201, BL 08 GL B BOX 425",PARQUE SANTA CECILIA,"Apartamento, 75.51 de área total, 46.35 de área privativa, 0.00 de área do terreno,  2 qto(s), WC, 1 sala(s), cozinha, 1 vaga(s) de garagem.",87819.45,150000.0,41.46,Licitação Aberta,,BAURU,SP,Não
8444436684412,"RUA MARIO DOS REIS PEREIRA, N. 3-89, Apto 21-2, BL 21",RESIDENCIAL PARQUE COLINA VERDE,"Apartamento, 100.03 de área total, 42.41 de área privativa, 0.00 de área do terreno,  2 qto(s), a.serv, WC, 1 sala(s), 1 lavabo(s), cozinha.",87819.45,150000.0,41.46,Licitação Aberta,,BAURU,SP,Não
8444417355077,"RUA HORACIO PIRES, N. 5-45, LT 19 QD 47 QT 05",QUINTA DA BELA OLINDA,"Casa, 40.00 de área total, 40.00 de área privativa, 465.00 de área do terreno,  2 qto(s), a.serv, WC, 1 sala(s), cozinha.",81964.82,140000.0,41.46,Licitação Aberta,,BAURU,SP,Não
8444431377570,"RUA FORTUNATO RESTA QUADRA, N. 8-45, Apto 41, BL 04",VILA GIUNTA,"Apartamento, 46.35 de área total, 41.65 de área privativa, 0.00 de área do terreno,  2 qto(s), a.serv, WC, 1 sala(s), cozinha, 1 vaga(s) de garagem.",87819.45,150000.0,41.46,Venda Direta Online,,BAURU,SP,Não
8444420008323,"RUA JOAO QUAGGIO, N. SN, LT 57 QD D4",VILA INDUSTRIAL,"Casa, 41.83 de área total, 41.83 de área privativa, 125.00 de área do terreno,  1 qto(s), a.serv, 1 sala(s), cozinha, 2 vaga(s) de garagem.",90746.77,155000.0,41.46,Licitação Aberta,,BAURU,SP,Não
8444434670350,"RUA MANOEL RODRIGUES MADURO, N. 3-25, Apto 02, BL 26",NUCLEO HABITACIONAL VEREADOR EDSON FRANC,"Apartamento, 100.02 de área total, 42.51 de área privativa, 0.00 de área do terreno,  2 qto(s), WC, 1 sala(s), cozinha.",87819.45,150000.0,41.46,Venda Direta Online,,BAURU,SP,Não
8444437046487,"RUA MANOEL RODRIGUES MADURO, N. 4-200, Apto 32, BL 08",NUCLEO HABITACIONAL VEREADOR EDSON FRANC,"Apartamento, 115.63 de área total, 51.77 de área privativa, 0.00 de área do terreno,  2 qto(s), WC, 1 sala(s), cozinha.",81964.82,140000.0,41.46,Venda Direta Online,,BAURU,SP,Não
8444431710482,"RUA BENEDITO RODRIGUES DE SOUZA, N. SN, LT 03 QD 17",NUCLEO HABITACIONAL VANUIRE,"Casa, 25.00 de área total, 25.00 de área privativa, 140.00 de área do terreno,  1 qto(s), WC, 1 sala(s), cozinha.",81964.82,140000.0,41.46,Licitação Aberta,,BAURU,SP,Não
8444438957696,"RUA PEDRO LIPE, N. 4-51, Apto 31, BL 07 3 ANDAR",NUCLEO HABITACIONAL MARY DOTA,"Apartamento, 193.86 de área total, 51.77 de área privativa, 0.00 de área do terreno,  2 qto(s), WC, 1 sala(s), cozinha.",84306.67,144000.0,41.46,Licitação Aberta,,BAURU,SP,Não
8555537890370,"RUA BENEDITA CARDOSO MADUREIRA, N. 7-125, Apto 202, BL 01",PARQUE SANTA CECILIA,"Apartamento, 120.48 de área total, 46.35 de área privativa, 0.00 de área do terreno,  2 qto(s), WC, 1 sala(s), cozinha, 1 vaga(s) de garagem.",107852.22,182000.0,40.75,Licitação Aberta,,BAURU,SP,Não
8444436937094,"RUA MARIO DOS REIS PEREIRA, N. 3-25, Apto 1544, BL 15",RESIDENCIAL PARQUE COLINA VERDE,"Apartamento, 49.18 de área total, 43.97 de área privativa, 0.00 de área do terreno,  2 qto(s), WC, 1 sala(s), cozinha.",94815.14,160000.0,40.75,Licitação Aberta,,BAURU,SP,Não
8787705448464,"AVENIDA JOSE VICENTE AIELLO AVENIDA, N. 13129, Apto 104, BL 33",PARQUE DAS NACOES,"Apartamento, 0.00 de área total, 41.85 de área privativa, 0.00 de área do terreno, 1 vaga(s) de garagem.",104889.24,177000.0,40.75,Venda Direta Online,,BAURU,SP,Não
8444433430312,"AVENIDA LUCIO LUCIANO, N. 9-115, Apto 01, 1º PAV, BL 02",JARDIM DAS ORQUIDEAS,"Apartamento, 124.27 de área total, 55.89 de área privativa, 0.00 de área do terreno,  2 qto(s), WC, 1 sala(s), cozinha, 1 vaga(s) de garagem.",100741.08,170000.0,40.75,Venda Direta Online,,BAURU,SP,Não
8444433725290,"AVENIDA DO HIPODROMO, N. 8-55, Apto 924, BL 09",JARDIM DAS ORQUIDEAS,"Apartamento, 108.16 de área total, 46.36 de área privativa, 0.00 de área do terreno,  2 qto(s), WC, 1 sala(s), cozinha, 1 vaga(s) de garagem.",100741.08,170000.0,40.75,Venda Direta Online,,BAURU,SP,Não
8444418251380,"RUA ANTONIO PELEGRINA GARCIA, N. 4-106,",CHACARAS CORNELIA,"Casa, 45.30 de área total, 45.30 de área privativa, 562.50 de área do terreno,  2 qto(s), WC, 1 sala(s), cozinha, 1 vaga(s) de garagem.",94815.14,160000.0,40.75,Licitação Aberta,,BAURU,SP,Não
8444425219586,"RUA MANUELA CLEMENCIA DE PAULA, N. 2-206, LT PT13-C",CHACARA SAO JOAO,"Casa, 24.39 de área total, 24.39 de área privativa, 429.97 de área do terreno,  1 qto(s), a.serv, WC, cozinha, 1 vaga(s) de garagem.",103704.06,175000.0,40.75,Venda Direta Online,,BAURU,SP,Não
8787702113402,"RUA JOSE GONZALES, N. S/N, Apto 304, BL 01, PAV 03",JARDIM MARIA CELIA,"Apartamento, 0.00 de área total, 41.85 de área privativa, 0.00 de área do terreno,  2 qto(s), WC, 1 sala(s), cozinha, 1 vaga(s) de garagem.",107259.62,181000.0,40.75,Venda Direta Online,,BAURU,SP,Não
8787713449725,"RUA JOSE GONZALES, N. 3-55, Apto 403, PV 04 BL 03 VG 55",JARDIM MARIA CELIA,"Apartamento, 85.26 de área total, 39.30 de área privativa, 0.00 de área do terreno,  2 qto(s), WC, 1 sala(s), cozinha, 1 vaga(s) de garagem.",95704.03,161500.0,40.75,Venda Direta Online,,BAURU,SP,Não
8787717308255,"RUA TELEZINHO GOMES SARDIM, N. 2-73, Apto 33, TORRE 01",JARDIM PAGANI,"Apartamento, 89.04 de área total, 41.97 de área privativa, 0.00 de área do terreno,  2 qto(s), WC, 1 sala(s), cozinha, 1 vaga(s) de garagem.",106667.03,180000.0,40.75,Licitação Aberta,,BAURU,SP,Não
8787715292416,"RUA AUGUSTO PAULO LIMA, N. 1-166, Apto 502, BL 02",JARDIM COUNTRY CLUB,"Apartamento, 81.95 de área total, 39.30 de área privativa, 0.00 de área do terreno,  2 qto(s), WC, 1 sala(s), cozinha, 1 vaga(s) de garagem.",97778.11,165000.0,40.75,Licitação Aberta,,BAURU,SP,Não
8787715569094,"RUA AUGUSTO PAULO LIMA, N. 1-116, Apto 202, 2 PAVIMENTO BL 4",JARDIM COUNTRY CLUB,"Apartamento, 81.96 de área total, 39.30 de área privativa, 0.00 de área do terreno,  2 qto(s), WC, 1 sala(s), cozinha, 1 vaga(s) de garagem.",103704.06,175000.0,40.75,Venda Direta Online,,BAURU,SP,Não
8787715909723,"RUA AUGUSTO PAULO LIMA, N. 1-166, Apto 401, BL 03 VAGA 233",JARDIM COUNTRY CLUB,"Apartamento, 81.95 de área total, 39.30 de área privativa, 0.00 de área do terreno,  2 qto(s), a.serv, WC, 1 sala(s), cozinha, 1 vaga(s) de garagem.",103704.06,175000.0,40.75,Venda Direta Online,,BAURU,SP,Não
8787717632613,"RUA AUGUSTO PAULO LIMA, N. 1-166, Apto 502, BL 06",JARDIM COUNTRY CLUB,"Apartamento, 81.95 de área total, 39.30 de área privativa, 0.00 de área do terreno,  2 qto(s), WC, 1 sala(s), cozinha, 1 vaga(s) de garagem.",97778.11,165000.0,40.75,Venda Direta Online,,BAURU,SP,Não
8787717930622,"RUA AUGUSTO PAULO LIMA, N. 1-166, Apto 404, BL 12",JARDIM COUNTRY CLUB,"Apartamento, 69.46 de área total, 39.30 de área privativa, 0.00 de área do terreno,  2 qto(s), WC, 1 sala(s), cozinha, 1 vaga(s) de garagem.",94815.14,160000.0,40.75,Venda Direta Online,,BAURU,SP,Não
8787719165826,"RUA AUGUSTO PAULO LIMA, N. 1-166, Apto 404, BL 11, VG 172",JARDIM COUNTRY CLUB,"Apartamento, 81.95 de área total, 39.30 de área privativa, 0.00 de área do terreno,  2 qto(s), WC, 1 sala(s), cozinha, 1 vaga(s) de garagem.",97778.11,165000.0,40.75,Venda Direta Online,,BAURU,SP,Não
8787719369952,"RUA AUGUSTO PAULO LIMA, N. 1-166, Apto 504, BL 09, VG 63",JARDIM COUNTRY CLUB,"Apartamento, 69.46 de área total, 39.30 de área privativa, 0.00 de área do terreno,  2 qto(s), WC, 1 sala(s), cozinha, 1 vaga(s) de garagem.",96296.62,162500.0,40.75,Venda Direta Online,,BAURU,SP,Não
8787719707750,"RUA AUGUSTO PAULO LIMA, N. 1-166, Apto 103, BL 06 BOX 111",JARDIM COUNTRY CLUB,"Apartamento, 92.07 de área total, 47.83 de área privativa, 0.00 de área do terreno,  2 qto(s), WC, 1 sala(s), cozinha, 1 vaga(s) de garagem.",100741.08,170000.0,40.75,Licitação Aberta,,BAURU,SP,Não
8787721183429,"RUA AUGUSTO PAULO LIMA, N. 1-166, Apto 404, BL 08, VG 200",JARDIM COUNTRY CLUB,"Apartamento, 69.46 de área total, 39.30 de área privativa, 0.00 de área do terreno,  2 qto(s), WC, 1 sala(s), cozinha, 1 vaga(s) de garagem.",96296.62,162500.0,40.75,Venda Direta Online,,BAURU,SP,Não
8444436120543,"AVENIDA MARIA RANIERI, N. 6-40, Apto 22B, 1º PAVIMENTO BL 1",RESIDENCIAL PARQUE DOS SABIAS,"Apartamento, 65.44 de área total, 60.20 de área privativa, 0.00 de área do terreno,  2 qto(s), a.serv, WC, 1 sala(s), cozinha, 1 vaga(s) de garagem.",104889.24,177000.0,40.75,Venda Online,,BAURU,SP,Não
8787713721204,"RUA FORTUNATO RESTA QUADRA, N. 8-59, Apto 303, BLOCO 07",VILA GIUNTA,"Apartamento, 82.07 de área total, 39.30 de área privativa, 0.00 de área do terreno,  2 qto(s), a.serv, WC, 1 sala(s), cozinha, 1 vaga(s) de garagem.",93215.13,157300.0,40.75,Licitação Aberta,,BAURU,SP,Não
8555539923268,"AV JOSE VICENTE AIELLO AVENIDA, N. 13-129, Apto 501, BL 17",RESIDENCIAL TIVOLI,"Apartamento, 99.56 de área total, 41.85 de área privativa, 0.00 de área do terreno,  2 qto(s), WC, 1 sala(s), cozinha, 1 vaga(s) de garagem.",102341.09,172700.0,40.75,Venda Direta Online,,BAURU,SP,Não
8444437237215,"RUA PEDRO LIPE, N. 4-51, Apto 12, BL 05",NUCLEO HABITACIONAL MARY DOTA,"Apartamento, 193.86 de área total, 51.77 de área privativa, 0.00 de área do terreno,  2 qto(s), WC, 1 sala(s), cozinha.",100741.08,170000.0,40.75,Licitação Aberta,,BAURU,SP,Não
8787710477493,"RUA TELEZINHO GOMES SARDIM, N. SN, Apto 23, BL A TR 01 PAV 02",VITTA SAO JOSE,"Apartamento, 87.86 de área total, 41.97 de área privativa, 0.00 de área do terreno,  2 qto(s), WC, 1 sala(s), cozinha, 1 vaga(s) de garagem.",103822.57,175200.0,40.75,Licitação Aberta,,BAURU,SP,Não
8555537615590,"RUA BENEDITA CARDOSO MADUREIRA, N. SN, Apto 504, BL 01 VAGA 78",PARQUE SANTA CECILIA,"Apartamento, 112.46 de área total, 47.85 de área privativa, 0.00 de área do terreno,  2 qto(s), WC, 1 sala(s), cozinha, 1 vaga(s) de garagem.",114838.57,190000.0,39.56,Venda Direta Online,,BAURU,SP,Não
8444431861804,"RUA BENEDITA CARDOSO MADUREIRA, N. 7-66, Apto 504, BL 05 VG 655",PARQUE SANTA CECILIA,"Apartamento, 89.43 de área total, 47.85 de área privativa, 0.00 de área do terreno,  2 qto(s), WC, cozinha, 1 vaga(s) de garagem.",125718.01,208000.0,39.56,Venda Online,,BAURU,SP,Não
8555539066900,"R BENEDITA CARDOSO MADUREIRA, N. 7-125, Apto 503, BL 3",PARQUE SANTA CECILIA,"Apartamento, 122.97 de área total, 47.42 de área privativa, 0.00 de área do terreno,  2 qto(s), WC, 1 sala(s), cozinha, 1 vaga(s) de garagem.",114838.57,190000.0,39.56,Venda Direta Online,,BAURU,SP,Não
8787710376212,"RUA TENENTE JOSE LEITE SAMPAIO NETTO, N. 1153, Apto 304, BL 09",RESIDENCIAL PARQUE GRANJA CECILIA B,"Apartamento, 86.04 de área total, 39.30 de área privativa, 0.00 de área do terreno,  2 qto(s), WC, 1 sala(s), cozinha, 1 vaga(s) de garagem.",117860.63,195000.0,39.56,Venda Direta Online,,BAURU,SP,Não
8787710385947,"RUA JUZO HIRATA, N. 1-153, Apto 404, BL 05",RESIDENCIAL PARQUE GRANJA CECILIA B,"Apartamento, 95.21 de área total, 39.30 de área privativa, 0.00 de área do terreno,  2 qto(s), WC, 1 sala(s), cozinha, 1 vaga(s) de garagem.",120882.7,200000.0,39.56,Licitação Aberta,,BAURU,SP,Não
8787710556822,"RUA TENENTE JOSE LEITE SAMPAIO NETTO, N. 1153, Apto 303, BL 08 VG 92",RESIDENCIAL PARQUE GRANJA CECILIA B,"Apartamento, 73.54 de área total, 39.30 de área privativa, 0.00 de área do terreno,  2 qto(s), a.serv, WC, 1 sala(s), cozinha, 1 vaga(s) de garagem.",117860.63,195000.0,39.56,Venda Direta Online,,BAURU,SP,Não
8444431474320,"RUA PEDRO MIGUEL, N. 2-45, Apto 21, BL C TORRE 2",QUINTA DA BELA OLINDA,"Apartamento, 71.79 de área total, 42.99 de área privativa, 0.00 de área do terreno,  2 qto(s), WC, 1 sala(s), cozinha, 1 vaga(s) de garagem.",114838.57,190000.0,39.56,Licitação Aberta,,BAURU,SP,Não
8787708772866,"AVENIDA JOSE VICENTE AIELLO AVENIDA, N. 13-129, Apto 303, 3º PAV, 2º ANDAR, BL 30, VAGA 292",PARQUE DAS NACOES,"Apartamento, 99.56 de área total, 41.85 de área privativa, 0.00 de área do terreno,  2 qto(s), WC, 1 sala(s), cozinha, 1 vaga(s) de garagem.",115442.98,191000.0,39.56,Venda Direta Online,,BAURU,SP,Não
8444421908204,"ALAMEDA TURMALINA, N. 6-33,",PARQUE SANTA EDWIGES,"Casa, 28.87 de área total, 28.87 de área privativa, 165.00 de área do terreno,  1 qto(s), a.serv, WC, cozinha.",110672.95,183108.0,39.56,Venda Direta Online,,BAURU,SP,Não
8787716085236,"AVENIDA NACOES UNIDAS NORTE, N. 23-08, Apto 401, 4º PAV, BL 9, VAGA 175",JARDIM GODOY,"Apartamento, 71.30 de área total, 39.30 de área privativa, 0.00 de área do terreno,  2 qto(s), WC, 1 sala(s), cozinha, 1 vaga(s) de garagem.",114234.15,189000.0,39.56,Venda Direta Online,,BAURU,SP,Não
8787717839404,"AVENIDA NACOES UNIDAS NORTE, N. 23-08, Apto 201, BL 10",JARDIM GODOY,"Apartamento, 83.80 de área total, 39.30 de área privativa, 0.00 de área do terreno,  2 qto(s), WC, 1 sala(s), cozinha, 1 vaga(s) de garagem.",131157.73,217000.0,39.56,Venda Direta Online,,BAURU,SP,Não
8787719099963,"AVENIDA NACOES UNIDAS NORTE, N. 23-08, Apto 501, 5º PAV BL 19, VG Nº 392",JARDIM GODOY,"Apartamento, 71.30 de área total, 39.30 de área privativa, 0.00 de área do terreno,  2 qto(s), WC, 1 sala(s), cozinha, 1 vaga(s) de garagem.",136597.45,226000.0,39.56,Venda Direta Online,,BAURU,SP,Não
8555537861273,"RUA BENEDITA CARDOSO MADUREIRA, N. 7-125, Apto 306, PV 03 BL 08 VG 213",JARDIM ESTRELA D'ALVA,"Apartamento, 123.96 de área total, 47.85 de área privativa, 0.00 de área do terreno,  2 qto(s), WC, 1 sala(s), cozinha, 1 vaga(s) de garagem.",129344.49,214000.0,39.56,Venda Direta Online,,BAURU,SP,Não
8444430211415,"RUA SARGENTO JOSE DOS SANTOS, N. 12-76,",FUNDACAO CASAS POPULARES SALVADOR FILARD,"Casa, 103.60 de área total, 68.70 de área privativa, 126.00 de área do terreno,  2 qto(s), a.serv, WC, 1 sala(s), cozinha.",141084.74,233424.2,39.56,Licitação Aberta,,BAURU,SP,Não
8787717945271,"RUA AUGUSTO PAULO LIMA, N. 1-166, Apto 404, BL 5 VG 28",JARDIM COUNTRY CLUB,"Apartamento, 81.95 de área total, 39.30 de área privativa, 0.00 de área do terreno,  2 qto(s), a.serv, WC, 1 sala(s), cozinha, 1 vaga(s) de garagem.",111816.5,185000.0,39.56,Venda Direta Online,,BAURU,SP,Não
8787718208467,"RUA AUGUSTO PAULO LIMA, N. 1-166, Apto 103, BL 03",JARDIM COUNTRY CLUB,"Apartamento, 92.07 de área total, 47.83 de área privativa, 0.00 de área do terreno,  2 qto(s), WC, 1 sala(s), cozinha, 1 vaga(s) de garagem.",119432.11,197600.0,39.56,Licitação Aberta,,BAURU,SP,Não
8787719603092,"RUA AUGUSTO PAULO LIMA, N. 1-166, Apto 201, BL 06",JARDIM COUNTRY CLUB,"Apartamento, 84.10 de área total, 39.30 de área privativa, 0.00 de área do terreno,  2 qto(s), WC, 1 sala(s), cozinha, 1 vaga(s) de garagem.",114838.57,190000.0,39.56,Venda Direta Online,,BAURU,SP,Não
8444432463489,"AVENIDA ETELVINA DE SOUZA MAJONE, N. 1-199, Apto 401, 3 ANDAR BL 21 VAGA DE GARAGEM 336",RESERVA BELAS NACOES,"Apartamento, 92.32 de área total, 45.00 de área privativa, 0.00 de área do terreno,  2 qto(s), WC, 1 sala(s), cozinha, 1 vaga(s) de garagem.",132970.97,220000.0,39.56,Licitação Aberta,,BAURU,SP,Não
8787708414005,"RUA TELEZINHO GOMES SARDIM, N. 1-70, Apto 42, BL B, TORRE 2",VITTA SAO JOSE,"Apartamento, 84.05 de área total, 41.97 de área privativa, 0.00 de área do terreno,  2 qto(s), a.serv, WC, 1 sala(s), cozinha, 1 vaga(s) de garagem.",115382.54,190900.0,39.56,Venda Direta Online,,BAURU,SP,Não
8787710309469,"RUA TELEZINHO GOMES SARDIM, N. 2-50, Apto 41, BL B TR 1",VITTA SAO JOSE,"Apartamento, 87.86 de área total, 41.97 de área privativa, 0.00 de área do terreno,  2 qto(s), WC, 1 sala(s), cozinha, 1 vaga(s) de garagem.",124509.18,206000.0,39.56,Venda Direta Online,,BAURU,SP,Não
8787714054830,"RUA TELEZINHO GOMES SARDIM, N. 2-73, Apto 43, BL A TORRE 03",VITTA SAO JOSE,"Apartamento, 89.04 de área total, 41.97 de área privativa, 0.00 de área do terreno,  2 qto(s), WC, 1 sala(s), cozinha, 1 vaga(s) de garagem.",117860.63,195000.0,39.56,Venda Direta Online,,BAURU,SP,Não
8787715803313,"RUA TELEZINHO GOMES SARDIM, N. 1-70, Apto 01, BL C TORRE 03",VITTA SAO JOSE,"Apartamento, 0.00 de área total, 41.97 de área privativa, 0.00 de área do terreno, 1 vaga(s) de garagem.",126926.84,210000.0,39.56,Venda Direta Online,,BAURU,SP,Não
8787709335699,"RUA PASTOR JOSE CARLOS DOS SANTOS, N. 1 12, LT 13 QD 11",VARGEM LIMPA II,"Casa, 45.47 de área total, 45.47 de área privativa, 160.17 de área do terreno,  2 qto(s), a.serv, WC, 1 sala(s), cozinha.",116047.39,192000.0,39.56,Licitação Aberta,,BAURU,SP,Não
8444434161684,"RUA ODIL PIRES DA SILVA, N. 2-29, QD J LT 3-A",PARQUE REAL,"Casa, 110.50 de área total, 110.50 de área privativa, 136.26 de área do terreno,  2 qto(s), a.serv, WC, 1 sala(s), cozinha, Terraco, 1 vaga(s) de garagem.",149402.3,244000.0,38.77,Venda Direta Online,,BAURU,SP,Não
8444409986098,"AVENIDA MARIA RANIERI, N. 1060, Apto 9, 43B BL 02",PARQUE VIADUTO,"Apartamento, 75.18 de área total, 68.93 de área privativa, 0.00 de área do terreno,  3 qto(s), WC, 1 sala(s), cozinha, 1 vaga(s) de garagem.",98816.7,160000.0,38.24,Venda Direta Online,,BAURU,SP,Não
1787701540465,"RUA TENENTE JOSE LEITE SAMPAIO NETTO, N. 1-70, Apto 401, BL 03 BOX 132",RESIDENCIAL PARQUE GRANJA CECILIA B,"Apartamento, 86.03 de área total, 39.30 de área privativa, 0.00 de área do terreno,  2 qto(s), a.serv, WC, 1 sala(s), cozinha, 1 vaga(s) de garagem.",116443.31,185000.0,37.06,Licitação Aberta,,BAURU,SP,Não
10286309,"RUA ANTONIO VALDERRAMAS D ARO, N. 2-44, QD 63, UND 0, LT M",JARDIM SOLANGE,"Casa, 0.00 de área total, 131.59 de área privativa, 0.00 de área do terreno.",369642.29,580000.0,36.27,Venda Direta Online,,BAURU,SP,Sim
8555536447708,"AVENIDA ETELVINA DE SOUZA MAJONE, N. 1-199, Apto 404, 3º ANDAR BLOCO 22",PARQUE DAS NACOES,"Apartamento, 92.32 de área total, 45.00 de área privativa, 0.00 de área do terreno,  2 qto(s), WC, 1 sala(s), cozinha, 1 vaga(s) de garagem.",119639.06,185000.0,35.34,Leilão SFI - Edital Único,,BAURU,SP,Não
8787705915631,"AVENIDA JOSE VICENTE AIELLO, N. 13-129, Apto 403, SETOR 2 QUADRA 3080 LOTE 764",PARQUE DAS NACOES,"Apartamento, 99.56 de área total, 41.85 de área privativa, 0.00 de área do terreno,  2 qto(s), WC, 1 sala(s), cozinha, 1 vaga(s) de garagem.",143063.56,190000.0,24.71,Leilão SFI - Edital Único,,BAURU,SP,Não
8444424145015,"RUA CLOVIS DA SILVA GOMES, N. 8-56, LOTE 20-B QUADRA A",RESIDENCIAL PARQUE GRANJA CECILIA A,"Casa, 0.00 de área total, 35.35 de área privativa, 0.00 de área do terreno.",117840.97,152000.0,22.48,Leilão SFI - Edital Único,,BAURU,SP,Não
8787714993640,"AVENIDA MARIA RANIERI, N. 13-27, Apto 404, 4º PAVIMENTO BLOCO 1",PARQUE VIADUTO,"Apartamento, 86.62 de área total, 39.30 de área privativa, 0.00 de área do terreno,  2 qto(s), WC, 1 sala(s), cozinha, 1 vaga(s) de garagem.",124554.78,159000.0,21.67,Leilão SFI - Edital Único,,BAURU,SP,Não
8444433505606,"RUA MARIO DOS REIS PEREIRA, N. 3-89, Apto 0, Nº 28-34 TIPO II 2º ANDAR BLOCO 28",RES ARVOREDO,"Apartamento, 100.03 de área total, 42.41 de área privativa, 0.00 de área do terreno,  2 qto(s), WC, 1 sala(s), cozinha, 1 vaga(s) de garagem.",121456.21,148000.0,17.94,Leilão SFI - Edital Único,,BAURU,SP,Não
8555537549580,"RUA BENEDITA CARDOSO MADUREIRA, N. 7-125, Apto 204, BL 06 VG 164 2 PAV",PQ STA CECILIA,"Apartamento, 123.96 de área total, 47.85 de área privativa, 0.00 de área do terreno,  2 qto(s), a.serv, WC, 1 sala(s), cozinha, 1 vaga(s) de garagem.",190000.0,190000.0,0.0,Leilão SFI - Edital Único,,BAURU,SP,Não
8444422332276,"RUA FREDERICO DA SILVA, N. 1-33, PARTE LT 13 E 19 QD A",RESIDENCIAL PARQUE GRANJA CECILIA A,"Casa, 29.96 de área total, 29.96 de área privativa, 128.50 de área do terreno,  1 qto(s), WC, cozinha, 2 vaga(s) de garagem.",190000.0,190000.0,0.0,Leilão SFI - Edital Único,,BAURU,SP,Não
8787711391665,"RUA BERNARDINO GOBBI, N. 6-123, Apto 301, BL 08 VAGA 30",PARQUE UNIAO,"Apartamento, 86.37 de área total, 39.30 de área privativa, 0.00 de área do terreno,  2 qto(s), WC, 1 sala(s), cozinha, 1 vaga(s) de garagem.",195000.0,195000.0,0.0,Leilão SFI - Edital Único,,BAURU,SP,Não
8444430557613,"RUA JORGE SCHNEYDER FILHO QUADRA, N. 11-05, Apto 108, BL 05 VG 110 TERREO",PARQUE BAURU,"Apartamento, 91.38 de área total, 46.63 de área privativa, 0.00 de área do terreno,  2 qto(s), WC, 1 sala(s), cozinha, 1 vaga(s) de garagem.",167000.0,167000.0,0.0,Leilão SFI - Edital Único,,BAURU,SP,Não
8787718876702,"AVENIDA MARIA RANIERI, N. 13-27, Apto 304, BL 9 3 PAV VG 96",PARQUE VIADUTO,"Apartamento, 86.62 de área total, 39.30 de área privativa, 0.00 de área do terreno,  2 qto(s), WC, 1 sala(s), cozinha, 1 vaga(s) de garagem.",205000.0,205000.0,0.0,Leilão SFI - Edital Único,,BAURU,SP,Não
8444429241594,"RUA MARIO GONZAGA JUNQUEIRA QUADRA, N. 25-80, Apto 24, BL 02",PARQUE SAO JOAO,"Apartamento, 52.68 de área total, 46.81 de área privativa, 0.00 de área do terreno,  2 qto(s), WC, 1 sala(s), cozinha, 1 vaga(s) de garagem.",185000.0,185000.0,0.0,Leilão SFI - Edital Único,,BAURU,SP,Não
8555531661248,"RUA MARIO GONZAGA JUNQUEIRA QUADRA, N. 25-80, Apto 32, PAV 3  BL 13",PARQUE SAO JOAO,"Apartamento, 52.67 de área total, 46.81 de área privativa, 0.00 de área do terreno,  2 qto(s), a.serv, WC, 1 sala(s), cozinha, 1 vaga(s) de garagem.",180000.0,180000.0,0.0,Leilão SFI - Edital Único,,BAURU,SP,Não
8444420438743,"RUA AZOR GARCIA DOS SANTOS, N. 2-104, LT 2B QD 95",PARQUE JARAGUA,"Casa, 25.03 de área total, 25.03 de área privativa, 125.00 de área do terreno,  1 qto(s), WC, cozinha, 1 vaga(s) de garagem.",134000.0,134000.0,0.0,Leilão SFI - Edital Único,,BAURU,SP,Não
8444423396219,"RUA ANTONIA FABIANO, N. 5-95,",PARQUE JARAGUA,"Casa, 33.01 de área total, 33.01 de área privativa, 125.00 de área do terreno,  2 qto(s), WC, 1 sala(s), cozinha.",150000.0,150000.0,0.0,Leilão SFI - Edital Único,,BAURU,SP,Não
8444433560348,"RUA PEDRO ALVARES MANSERA, N. SN, LT 8 B QD 138",PARQUE JARAGUA,"Casa, 23.43 de área total, 23.43 de área privativa, 170.78 de área do terreno,  1 qto(s), a.serv, WC, cozinha.",230000.0,230000.0,0.0,Leilão SFI - Edital Único,,BAURU,SP,Não
8787707857051,"AVENIDA JOSE VICENTE AIELLO AVENIDA, N. 13-129, Apto 301, BL 38",PARQUE DAS NACOES,"Apartamento, 88.06 de área total, 41.85 de área privativa, 0.00 de área do terreno,  2 qto(s), WC, 1 sala(s), cozinha, 1 vaga(s) de garagem.",185000.0,185000.0,0.0,Leilão SFI - Edital Único,,BAURU,SP,Não
8444425233481,"RUA NATAL FORNAZARI, N. 2 93, PARTE LTS 10 E 11 QD I",TANGARAS,"Casa, 0.00 de área total, 26.00 de área privativa, 175.00 de área do terreno.",168500.0,168500.0,0.0,Leilão SFI - Edital Único,,BAURU,SP,Não
8444406547654,"RUA HENRIQUE HUNZICKER, N. 1-70, Apto E-14, BL E",JARDIM BOM SAMARITANO,"Apartamento, 78.68 de área total, 60.03 de área privativa, 0.00 de área do terreno,  2 qto(s), a.serv, WC, 1 sala(s), cozinha, 1 vaga(s) de garagem.",178000.0,178000.0,0.0,Leilão SFI - Edital Único,,BAURU,SP,Não
8787705597206,"RUA OLAVO MOURA QUADRA, N. 10-20, Apto 202,   BL  08 VAGA 22",JARDIM ALVORADA,"Apartamento, 93.04 de área total, 41.85 de área privativa, 0.00 de área do terreno,  2 qto(s), 1 vaga(s) de garagem.",198000.0,198000.0,0.0,Leilão SFI - Edital Único,,BAURU,SP,Não
8787706976588,"RUA OLAVO MOURA QUADRA, N. 10-20, Apto 304,  BL12",JARDIM ALVORADA,"Apartamento, 93.04 de área total, 41.85 de área privativa, 0.00 de área do terreno,  2 qto(s), 1 vaga(s) de garagem.",198000.0,198000.0,0.0,Leilão SFI - Edital Único,,BAURU,SP,Não
8787708472498,"RUA OLAVO MOURA, N. 10-20, Apto 401, BL 13 VG 67",JARDIM ALVORADA,"Apartamento, 93.04 de área total, 41.85 de área privativa, 0.00 de área do terreno,  2 qto(s), WC, 1 sala(s), cozinha, 1 vaga(s) de garagem.",181000.0,181000.0,0.0,Leilão SFI - Edital Único,,BAURU,SP,Não
8444403629200,"RUA SEBASTIAO PREGNOLATO, N. 8-71, Apto 22, BLOCO 21 PORTARIA 08",JARDIM AURI VERDE,"Apartamento, 69.29 de área total, 64.21 de área privativa, 0.00 de área do terreno,  3 qto(s), a.serv, WC, WC Emp, 1 sala(s), cozinha, 1 vaga(s) de garagem.",195000.0,195000.0,0.0,Leilão SFI - Edital Único,,BAURU,SP,Não
8444423594657,"RUA RAFAEL PEREIRA MARTINI, N. 7-55, Apto 308, PAV 3. BL 03. VAGA 102",JARDIM REDENTOR,"Apartamento, 0.00 de área total, 46.05 de área privativa, 0.00 de área do terreno,  2 qto(s), varanda, a.serv, WC, 1 sala(s), cozinha, 1 vaga(s) de garagem.",180000.0,180000.0,0.0,Leilão SFI - Edital Único,,BAURU,SP,Não
8444417633212,"RUA LOURENCO RODRIGUES QUARTEIRAO 6, N. 6-50, LT N QD 23 LOT VILA PAULISTA",VILA SAO JOAO DO IPIRANGA,"Casa, 76.78 de área total, 76.78 de área privativa, 181.50 de área do terreno,  1 qto(s), a.serv, WC, cozinha, 1 vaga(s) de garagem.",195000.0,195000.0,0.0,Leilão SFI - Edital Único,,BAURU,SP,Não
8444423245245,"AVENIDA DAS BANDEIRAS QUADRA, N. 25-12, QD T",PARQUE SANTA CANDIDA,"Casa, 27.27 de área total, 27.27 de área privativa, 133.00 de área do terreno,  1 qto(s), WC, 1 sala(s), cozinha.",137459.21,137459.21,0.0,Leilão SFI - Edital Único,,BAURU,SP,Não
8787704009807,"RUA REGINA SENGER MAIORAL, N. 1-110, Apto 77, TORRE 2",JARDIM COLONIAL,"Apartamento, 90.15 de área total, 48.29 de área privativa, 0.00 de área do terreno,  2 qto(s), WC, 1 sala(s), cozinha, 1 vaga(s) de garagem.",291000.0,291000.0,0.0,Leilão SFI - Edital Único,,BAURU,SP,Não
8444438784805,"RUA PEDRO LIPE, N. 4-51, Apto 31,  BLOCO 33",NUCLEO HABITACIONAL MARY DOTA,"Apartamento, 193.85 de área total, 51.77 de área privativa, 0.00 de área do terreno,  2 qto(s), WC, 1 sala(s), cozinha, 1 vaga(s) de garagem.",160000.0,160000.0,0.0,Leilão SFI - Edital Único,,BAURU,SP,Não
8444433496542,"RUA CHARLES CORREIA ALVES, N. 127, LT 12 QD 19",CONJUNTO HABITACIONAL ISAURA PITTA GARMS,"Casa, 87.84 de área total, 87.84 de área privativa, 200.00 de área do terreno,  2 qto(s), a.serv, WC, 1 sala(s), cozinha, 1 vaga(s) de garagem.",230000.0,230000.0,0.0,Leilão SFI - Edital Único,,BAURU,SP,Não
8444426818394,"RUA RAMIRO VIEIRA, N. SN, LT 47B  QD 105  QT 1",POUSADA DA ESPERANCA II,"Casa, 24.15 de área total, 24.15 de área privativa, 127.92 de área do terreno,  1 qto(s), WC, 1 sala(s), cozinha, 1 vaga(s) de garagem.",158000.0,158000.0,0.0,Leilão SFI - Edital Único,,BAURU,SP,Não
8444439414122,"RUA CLAUDIO DE OLIVEIRA SALVADIO, N. 1-30, Apto 01, PAV TERREO BL D",LOTEAMENTO CHACARA DAS FLORES,"Apartamento, 108.85 de área total, 45.32 de área privativa, 0.00 de área do terreno,  2 qto(s), WC, 1 sala(s), cozinha, 1 vaga(s) de garagem.",162000.0,162000.0,0.0,Leilão SFI - Edital Único,,BAURU,SP,Não
8787712985704,"RUA MARCOS SERGIO CESCHINI, N. 1-115, Apto 1101, PAV 114  VAGA 22",PARQUE AGUA COMPRIDA,"Apartamento, 97.02 de área total, 46.92 de área privativa, 0.00 de área do terreno,  2 qto(s), WC, 2 sala(s), cozinha, 1 vaga(s) de garagem.",294000.0,294000.0,0.0,Leilão SFI - Edital Único,,BAURU,SP,Não
8787708493088,"RUA TELEZINHO GOMES SARDIM, N. 1-70, Apto 31, PAV 3 BL C TORRE 2",VITTA SAO JOSE,"Apartamento, 84.06 de área total, 41.97 de área privativa, 0.00 de área do terreno,  2 qto(s), WC, 1 sala(s), cozinha, 1 vaga(s) de garagem.",185000.0,185000.0,0.0,Leilão SFI - Edital Único,,BAURU,SP,Não
8555520802481,"RUA GUILHERMINO SANTOS ASCENCAO, N. 2-125, Apto 232, BL 02",JARDIM OLIMPICO,"Apartamento, 47.50 de área total, 42.05 de área privativa, 0.00 de área do terreno,  2 qto(s), a.serv, WC, 1 sala(s), cozinha.",145123.89,145000.0,0.0,Leilão SFI - Edital Único,,BAURU,SP,Não
8555539863214,"AVENIDA JOSE VICENTE AIELLO AVENIDA, N. 13-129, Apto 403, BLOCO 05",PARQUE DAS NACOES,"Apartamento, 99.56 de área total, 41.85 de área privativa, 0.00 de área do terreno,  2 qto(s), a.serv, WC, 1 sala(s), cozinha, 1 vaga(s) de garagem.",175513.47,175000.0,0.0,Leilão SFI - Edital Único,,BAURU,SP,Não
8787708430140,"RUA OLAVO MOURA, N. 10-20, Apto 503, BL 14 VG 76",JARDIM ALVORADA,"Apartamento, 80.54 de área total, 41.85 de área privativa, 0.00 de área do terreno,  2 qto(s), WC, 1 sala(s), cozinha, 1 vaga(s) de garagem.",176027.23,175000.0,0.0,Leilão SFI - Edital Único,,BAURU,SP,Não
8787718287847,"AVENIDA NACOES UNIDAS NORTE, N. 23-08, Apto 304, BL 22 VG 373 M 28 3 PAV",JARDIM GODOY,"Apartamento, 91.93 de área total, 39.30 de área privativa, 0.00 de área do terreno,  2 qto(s), WC, 1 sala(s), cozinha, 1 vaga(s) de garagem.",243329.28,241900.0,0.0,Leilão SFI - Edital Único,,BAURU,SP,Não
8787712134356,"RUA TELEZINHO GOMES SARDIM, N. 1, Apto 1, BL C. TR 2.",VITTA SAO JOSE,"Apartamento, 87.86 de área total, 41.97 de área privativa, 0.00 de área do terreno,  2 qto(s), WC, 1 sala(s), cozinha, 1 vaga(s) de garagem.",176553.91,175200.0,0.0,Leilão SFI - Edital Único,,BAURU,SP,Não
8444436515564,"RUA ENGENHEIRO MIGUEL MELHADO CAMPOS, N. 1-129, Apto 2041, BL 20",CONJUNTO HABITACIONAL ENGENHEIRO OTAVIO,"Apartamento, 47.05 de área total, 42.05 de área privativa, 0.00 de área do terreno,  2 qto(s), WC, 1 sala(s), 1 lavabo(s), cozinha, 1 vaga(s) de garagem.",122939.64,121500.0,0.0,Leilão SFI - Edital Único,,BAURU,SP,Não
8787718375614,"AVENIDA MARIA RANIERI, N. 13-27, Apto 301, BL 9 3 PAV VG 93",PARQUE VIADUTO,"Apartamento, 74.12 de área total, 39.30 de área privativa, 0.00 de área do terreno,  2 qto(s), WC, 1 sala(s), cozinha, 1 vaga(s) de garagem.",200825.63,197000.0,0.0,Leilão SFI - Edital Único,,BAURU,SP,Não
8444437554768,"RUA DOIS, N. 1-140, Apto 644,  PAV 4 BL 6",JARDIM OURO VERDE,"Apartamento, 47.93 de área total, 42.84 de área privativa, 0.00 de área do terreno,  2 qto(s), WC, 1 sala(s), cozinha, 1 vaga(s) de garagem.",123860.73,121000.0,0.0,Leilão SFI - Edital Único,,BAURU,SP,Não
8444436541310,"RUA IRENE PREGNOLATO PINTO NOGUEIRA, N. 3-33, Apto 31-21, BL 31",JARDIM NOVA ESPERANCA,"Apartamento, 47.86 de área total, 42.13 de área privativa, 0.00 de área do terreno,  2 qto(s), WC, 1 sala(s), cozinha.",128083.15,125000.0,0.0,Leilão SFI - Edital Único,,BAURU,SP,Não
8787722088438,"RUA AUGUSTO PAULO LIMA, N. 1166, Apto 202, PAV 2 BL 10",JARDIM COUNTRY CLUB,"Apartamento, 84.10 de área total, 39.30 de área privativa, 0.00 de área do terreno,  2 qto(s), WC, 1 sala(s), cozinha, 1 vaga(s) de garagem.",225538.08,220000.0,0.0,Leilão SFI - Edital Único,,BAURU,SP,Não
8444435365690,"RUA FORTUNATO RESTA, N. 8-45, Apto 41, BL 09",JD JUSSARA,"Apartamento, 46.35 de área total, 41.65 de área privativa, 0.00 de área do terreno,  2 qto(s), WC, 1 sala(s), cozinha, 1 vaga(s) de garagem.",151801.59,148000.0,0.0,Leilão SFI - Edital Único,,BAURU,SP,Não
8787718268761,"RUA TELEZINHO GOMES SARDIM, N. 2-73, Apto 24, BL C TORRE 3",VITTA SAO JOSE,"Apartamento, 89.04 de área total, 41.97 de área privativa, 0.00 de área do terreno,  2 qto(s), WC, 1 sala(s), cozinha, 1 vaga(s) de garagem.",206222.98,200000.0,0.0,Leilão SFI - Edital Único,,BAURU,SP,Não
1444422579010,"RUA TENENTE JOSE LEITE SAMPAIO NETTO, N. 2-140, Apto 608, PAV 6. TR B.",RESIDENCIAL PARQUE GRANJA CECILIA B,"Apartamento, 114.05 de área total, 69.23 de área privativa, 0.00 de área do terreno,  3 qto(s), WC, 1 sala(s), cozinha, 1 vaga(s) de garagem.",464157.72,450000.0,0.0,Leilão SFI - Edital Único,,BAURU,SP,Não
8444431215406,"RUA MARIO GONZAGA JUNQUEIRA, N. 8-25, QD 33 LT A",VILA SOUTO,"Casa, 93.13 de área total, 93.13 de área privativa, 154.00 de área do terreno,  2 qto(s), WC, 1 sala(s), cozinha, 1 vaga(s) de garagem.",248520.53,240000.0,0.0,Leilão SFI - Edital Único,,BAURU,SP,Não
1444426001560,"AVENIDA GABRIEL RABELLO DE ANDRADE, N. 6-106,",PARQUE JARAGUA,"Casa, 191.93 de área total, 191.93 de área privativa, 250.00 de área do terreno,  2 qto(s), a.serv, WC, WC Emp, 1 sala(s), cozinha.",473693.22,454500.0,0.0,Leilão SFI - Edital Único,,BAURU,SP,Não
8444437653375,"RUA LAMIA COHLMIA SOUBIHE, N. 3-33, Apto 42, 4 PAVIMENTO  BL 08",NUCLEO HABITACIONAL JOSE REGINO,"Apartamento, 50.84 de área total, 45.72 de área privativa, 0.00 de área do terreno,  2 qto(s), WC, 1 sala(s), cozinha, 1 vaga(s) de garagem.",152513.7,145000.0,0.0,Leilão SFI - Edital Único,,BAURU,SP,Não
8444434399532,"RUA MANOEL RODRIGUES MADURO, N. 4-200, Apto 22, PAV 2 BL 09",NUCLEO HABITACIONAL VEREADOR EDSON FRANC,"Apartamento, 115.63 de área total, 51.77 de área privativa, 0.00 de área do terreno,  2 qto(s), WC, 1 sala(s), cozinha, 1 vaga(s) de garagem.",125563.03,119000.0,0.0,Leilão SFI - Edital Único,,BAURU,SP,Não
8444410118479,"RUA PAULO DOS SANTOS FILHO, N. 3-56, LT F QD 42",PARQUE VIADUTO,"Casa, 66.36 de área total, 66.36 de área privativa, 129.25 de área do terreno,  2 qto(s), a.serv, WC, 1 sala(s), cozinha, 2 vaga(s) de garagem.",160178.06,150000.0,0.0,Leilão SFI - Edital Único,,BAURU,SP,Não
8444435094689,"RUA MANOEL RODRIGUES MADURO, N. 4-200, Apto 33, BL 12",NUCLEO HABITACIONAL VEREADOR EDSON FRANC,"Apartamento, 115.63 de área total, 51.77 de área privativa, 0.00 de área do terreno,  2 qto(s), WC, 1 sala(s), cozinha.",138850.94,130000.0,0.0,Leilão SFI - Edital Único,,BAURU,SP,Não
8444438778830,"RUA SAO SEBASTIAO, N. 14-40, Apto 0, 1º ANDAR Nº 14 BLOCO 08",JARDIM DA GRAMA,"Apartamento, 50.85 de área total, 46.19 de área privativa, 0.00 de área do terreno,  2 qto(s), WC, 1 sala(s), cozinha, 1 vaga(s) de garagem.",135871.84,127000.0,0.0,Leilão SFI - Edital Único,,BAURU,SP,Não
8444430230347,"AVENIDA ROBERTO SIMONSEN, N. 5-45, PARTE DO LT 9 QD 80",PARQUE INDUSTRIAL MANCHESTER,"Casa, 25.00 de área total, 25.00 de área privativa, 180.00 de área do terreno,  1 qto(s), a.serv, WC, 1 sala(s), cozinha.",145694.22,136000.0,0.0,Leilão SFI - Edital Único,,BAURU,SP,Não
8787708001002,"RUA BERNARDINO GOBBI, N. 6-123, Apto 304, PAV 3 BL 3 VG 158",PARQUE UNIAO,"Apartamento, 73.87 de área total, 39.30 de área privativa, 0.00 de área do terreno,  2 qto(s), WC, 1 sala(s), cozinha, 1 vaga(s) de garagem.",182159.8,170000.0,0.0,Leilão SFI - Edital Único,,BAURU,SP,Não
8444430360313,"RUA MARIO DOS REIS PEREIRA, N. 3-25, Apto 1124, 2 PV  1º ANDAR  BL 11",RESIDENCIAL PARQUE COLINA VERDE,"Apartamento, 47.03 de área total, 42.05 de área privativa, 0.00 de área do terreno,  2 qto(s), WC, 1 sala(s), cozinha, 1 vaga(s) de garagem.",142313.11,132000.0,0.0,Leilão SFI - Edital Único,,BAURU,SP,Não
8444436279780,"RUA BENEDITA CARDOSO MADUREIRA, N. 766, Apto 503, BL 12 VG 491",JARDIM ESTRELA D'ALVA,"Apartamento, 0.00 de área total, 47.42 de área privativa, 0.00 de área do terreno, 1 vaga(s) de garagem.",232159.02,215000.0,0.0,Leilão SFI - Edital Único,,BAURU,SP,Não
1444425145851,"RUA CARLOS MARQUES, N. 3-61,",JARDIM BELA VISTA,"Casa, 177.45 de área total, 177.45 de área privativa, 242.00 de área do terreno,  3 qto(s), a.serv, WC, 1 sala(s), cozinha, 2 vaga(s) de garagem.",661252.63,603000.0,0.0,Leilão SFI - Edital Único,,BAURU,SP,Não
8787713340782,"RUA DOS CAJAZEIROS, N. 1-15, Apto 402, BL 7 VAGA 78",NUCLEO RESIDENCIAL PRESIDENTE GEISEL,"Apartamento, 80.48 de área total, 39.30 de área privativa, 0.00 de área do terreno,  2 qto(s), WC, 1 sala(s), cozinha, 1 vaga(s) de garagem.",187995.02,171069.88,0.0,Leilão SFI - Edital Único,,BAURU,SP,Não
8555538930910,"AVENIDA JOSE VICENTE AIELLO, N. 13-129, Apto 101, BL 3 GARAGEM 36",PARQUE DAS NACOES,"Apartamento, 100.30 de área total, 41.85 de área privativa, 0.00 de área do terreno,  2 qto(s), WC, 1 sala(s), cozinha, 1 vaga(s) de garagem.",191385.79,172000.0,0.0,Leilão SFI - Edital Único,,BAURU,SP,Não
8787717346270,"RUA AUGUSTO PAULO LIMA, N. 01-166, Apto 501, BL 11 VG 173 5 PAV",JARDIM COUNTRY CLUB,"Apartamento, 92.32 de área total, 39.30 de área privativa, 0.00 de área do terreno,  2 qto(s), WC, 1 sala(s), cozinha, 1 vaga(s) de garagem.",189370.06,170000.0,0.0,Leilão SFI - Edital Único,,BAURU,SP,Não
8787718660858,"RUA AUGUSTO PAULO LIMA, N. 1166, Apto 402, PAV 4 BL 5 VG 26",JARDIM COUNTRY CLUB,"Apartamento, 81.95 de área total, 39.30 de área privativa, 0.00 de área do terreno,  2 qto(s), WC, 1 sala(s), cozinha, 1 vaga(s) de garagem.",213324.81,190000.0,0.0,Leilão SFI - Edital Único,,BAURU,SP,Não
8444436882117,"RUA MARIO DOS REIS PEREIRA, N. 3-89, Apto 622, BL 06",RESIDENCIAL PARQUE COLINA VERDE,"Apartamento, 102.35 de área total, 42.24 de área privativa, 0.00 de área do terreno,  2 qto(s), WC, 1 sala(s), cozinha, 1 vaga(s) de garagem.",148588.66,132000.0,0.0,Leilão SFI - Edital Único,,BAURU,SP,Não
8444438814127,"RUA DOIS, N. 122, Apto 1232, PAV 3 BL 12",MONTE VERDE,"Apartamento, 46.97 de área total, 42.05 de área privativa, 0.00 de área do terreno,  2 qto(s), WC, 1 sala(s), cozinha, 1 vaga(s) de garagem.",121813.92,108000.0,0.0,Leilão SFI - Edital Único,,BAURU,SP,Não
8444433470098,"RUA LAMIA COHLMIA SOUBIHE, N. 3-33, Apto 13, BL 01",NUCLEO HABITACIONAL JOSE REGINO,"Apartamento, 50.84 de área total, 45.72 de área privativa, 0.00 de área do terreno,  2 qto(s), WC, 1 sala(s), cozinha.",163906.84,145000.0,0.0,Leilão SFI - Edital Único,,BAURU,SP,Não
8444437331386,"RUA DOIS, N. 1-96, Apto 1223, 2 PV  BL 12",MONTE VERDE,"Apartamento, 48.11 de área total, 42.84 de área privativa, 0.00 de área do terreno,  2 qto(s), WC, 1 sala(s), cozinha, 1 vaga(s) de garagem.",168232.11,147000.0,0.0,Leilão SFI - Edital Único,,BAURU,SP,Não
8444439453144,"RUA CLAUDIO DE OLIVEIRA SALVADIO, N. 1-31, Apto 03, TIPO II BL 03",LOTEAMENTO CHACARA DAS FLORES,"Apartamento, 109.53 de área total, 46.24 de área privativa, 0.00 de área do terreno,  2 qto(s), WC, 1 sala(s), cozinha.",159012.01,137000.0,0.0,Leilão SFI - Edital Único,,BAURU,SP,Não
8787721172729,"RUA AUGUSTO PAULO LIMA, N. 1-166, Apto 204, BL 08 VG 192",JARDIM COUNTRY CLUB,"Apartamento, 81.96 de área total, 39.30 de área privativa, 0.00 de área do terreno,  2 qto(s), WC, 1 sala(s), cozinha, 1 vaga(s) de garagem.",212117.23,182000.0,0.0,Leilão SFI - Edital Único,,BAURU,SP,Não
8444435427882,"RUA FORTUANATO RESTA, N. 8-59, Apto 404, BL 4 VAGA 108",VILA GIUNTA,"Apartamento, 87.92 de área total, 43.05 de área privativa, 0.00 de área do terreno,  2 qto(s), a.serv, WC, 1 sala(s), cozinha, 1 vaga(s) de garagem.",205705.09,176000.0,0.0,Leilão SFI - Edital Único,,BAURU,SP,Não
8787719575668,"RUA AUGUSTO PAULO LIMA, N. 1-166, Apto 204, BL 06 VG 51",JARDIM COUNTRY CLUB,"Apartamento, 81.96 de área total, 39.30 de área privativa, 0.00 de área do terreno,  2 qto(s), WC, 1 sala(s), cozinha, 1 vaga(s) de garagem.",212894.16,182000.0,0.0,Leilão SFI - Edital Único,,BAURU,SP,Não
8787722793042,"AVENIDA MARIA RANIERI, N. 13-65, Apto 503, BL 5 GARAGEM 111",PARQUE VIADUTO,"Apartamento, 84.23 de área total, 39.30 de área privativa, 0.00 de área do terreno,  2 qto(s), WC, 1 sala(s), cozinha, 1 vaga(s) de garagem.",222770.28,190000.0,0.0,Leilão SFI - Edital Único,,BAURU,SP,Não
8787718464315,"RUA AUGUSTO PAULO LIMA, N. 1-166, Apto 201, PAV 2 BL 5 VC 17",JARDIM COUNTRY CLUB,"Apartamento, 81.96 de área total, 39.30 de área privativa, 0.00 de área do terreno,  2 qto(s), WC, 1 sala(s), cozinha, 1 vaga(s) de garagem.",213490.09,182000.0,0.0,Leilão SFI - Edital Único,,BAURU,SP,Não
8444437034900,"RUA MANOEL RODRIGUES MADURO, N. 3-25, Apto 14, BL 29",NUCLEO HABITACIONAL VEREADOR EDSON FRANC,"Apartamento, 100.02 de área total, 42.51 de área privativa, 0.00 de área do terreno,  2 qto(s), a.serv, WC, 1 sala(s), cozinha.",153680.86,130000.0,0.0,Leilão SFI - Edital Único,,BAURU,SP,Não
8444434462293,"AVENIDA DO HIPODROMO, N. 8155, Apto 601, BL 06",JARDIM CAROLINA,"Apartamento, 102.89 de área total, 41.29 de área privativa, 0.00 de área do terreno,  2 qto(s), WC, 1 sala(s), cozinha, 1 vaga(s) de garagem.",194640.56,160000.0,0.0,Leilão SFI - Edital Único,,BAURU,SP,Não
8444435645103,"RUA MANOEL RODRIGUES MADURO, N. 3-25, Apto 21, BL 29 2 ANDAR",NUCLEO HABITACIONAL VEREADOR EDSON FRANC,"Apartamento, 100.02 de área total, 42.51 de área privativa, 0.00 de área do terreno,  2 qto(s), WC, 1 sala(s), cozinha.",164195.58,120000.0,0.0,Leilão SFI - Edital Único,,BAURU,SP,Não
8444437594492,"RUA SOLDADO ALCENIO GUILHERME, N. SN, LT I J 3 QD 16 A",JARDIM PRUDENCIA,"Casa, 25.00 de área total, 25.00 de área privativa, 126.50 de área do terreno,  1 qto(s), WC, cozinha, 1 vaga(s) de garagem.",188724.02,136000.0,0.0,Leilão SFI - Edital Único,,BAURU,SP,Não
8444426494661,"RUA PEDRO PAULO CHAVES, N. SN, QUADRA 60 PT DO LOTE14  QUARTEIRÃO 10",TANGARAS,"Terreno, 0.00 de área total, 0.00 de área privativa, 196.63 de área do terreno.",139844.55,85000.0,0.0,Leilão SFI - Edital Único,,BAURU,SP,Não
8444437261221,"RUA DOIS, N. 1-96, Apto 242, BL 2",MONTE VERDE,"Apartamento, 48.11 de área total, 42.84 de área privativa, 0.00 de área do terreno,  2 qto(s), WC, 1 sala(s), cozinha, 1 vaga(s) de garagem.",179758.89,97364.56,0.0,Leilão SFI - Edital Único,,BAURU,SP,Não
1444413251880,"RUA MANOEL FERREIRA DE LIMA ANTIGA R IX, N. SN, QD 35",PARQUE VIADUTO,"Casa, 146.33 de área total, 146.33 de área privativa, 440.00 de área do terreno,  3 qto(s), a.serv, WC, 1 sala(s), cozinha, 1 vaga(s) de garagem.",362170.94,190000.0,0.0,Leilão SFI - Edital Único,,BAURU,SP,Não
10301527,"RUA PROFESSOR ANTONIO GUEDES DE AZEVEDO, N. 11-82, Qd56, Lt E,F,G,H,I",VILA INDUSTRIAL,"Terreno, 0.00 de área total, 0.00 de área privativa, 2232.00 de área do terreno.",7755657.93,1068000.0,0.0,Leilão SFI - Edital Único,,BAURU,SP,Não
8444432339087,"RUA MARIA BEATRIZ PIMENTA NEVES, N. 74, LT 1065 QD 44",RESIDENCIAL DOUTOR PEDRO PASCHOAL,"Casa, 121.48 de área total, 121.48 de área privativa, 250.00 de área do terreno,  2 qto(s), a.serv, WC, 1 sala(s), cozinha, 2 vaga(s) de garagem.",360524.63,343000.0,0.0,Leilão SFI - Edital Único,,BEBEDOURO,SP,Não
8444427610185,"RUA LOURENCO DE SOUZA ALVES, N. SN, QD 03 LT 15",RESIDENCIAL DOUTOR PEDRO PASCHOAL,"Casa, 45.78 de área total, 45.78 de área privativa, 127.86 de área do terreno, 1 vaga(s) de garagem.",185165.87,130000.0,0.0,Leilão SFI - Edital Único,,BEBEDOURO,SP,Não
1444423331984,"RUA DO GONZAGA, N. 714, N 16 QD 78",MORADA DA PRAIA,"Prédio, 270.03 de área total, 270.03 de área privativa, 504.00 de área do terreno,  2 qto(s), a.serv, WC, WC Emp, 3 sala(s), 1 lavabo(s), cozinha.",834244.42,1309000.0,36.27,Licitação Aberta,,BERTIOGA,SP,Sim
1444407134134,"RUA DO GUARUJA, N. 192, LOTE 38 QD 85",MORADA DA PRAIA,"Casa, 0.00 de área total, 183.53 de área privativa, 504.00 de área do terreno,  3 qto(s), a.serv, WC, 1 sala(s), cozinha.",1200000.0,1200000.0,0.0,Leilão SFI - Edital Único,,BERTIOGA,SP,Não
1444419466897,"RUA GUILHERME STREICHER, N. 75, LT 07 QD D",RESIDENCIAL PERDIZES,"Casa, 148.90 de área total, 89.10 de área privativa, 250.00 de área do terreno,  3 qto(s), a.serv, WC, cozinha.",320000.0,320000.0,0.0,Leilão SFI - Edital Único,,BILAC,SP,Não
8787709553335,"RUA ANTONIA CHIMENES MAFFEIS, N. 1134, LT 22 QD 19",CONJUNTO HABITACIONAL VEREADOR FLAVIO MA,"Casa, 44.82 de área total, 44.82 de área privativa, 160.00 de área do terreno,  2 qto(s), a.serv, WC, 1 sala(s), cozinha.",67135.8,135000.0,50.27,Venda Direta Online,,BIRIGUI,SP,Não
8787701060887,"VIA DE ACESSO A, N. S/N, Apto 402, 4º PAVIMENTO, BLOCO 21",BIRIGUI,"Apartamento, 90.08 de área total, 44.01 de área privativa, 0.00 de área do terreno,  2 qto(s), WC, 1 sala(s), cozinha, 1 vaga(s) de garagem.",72916.61,145000.0,49.72,Venda Direta Online,,BIRIGUI,SP,Não
8787707103693,"RUA ARMANDO DELLE, N. 77, Apto 303, 3 PAV BL 23 VAGA DE GARAGEM N. 345",VILA GIAMPIETRO,"Apartamento, 90.05 de área total, 43.99 de área privativa, 0.00 de área do terreno,  2 qto(s), WC, 1 sala(s), cozinha, 1 vaga(s) de garagem.",71407.99,142000.0,49.72,Venda Direta Online,,BIRIGUI,SP,Não
8787713445657,"RUA SEVERINO PULZATTO, N. 368, LT 08 QD Y",PORTAL DO PARQUE III,"Casa, 44.82 de área total, 44.82 de área privativa, 166.40 de área do terreno,  2 qto(s), a.serv, WC, 1 sala(s), cozinha.",73720.69,139909.57,47.31,Venda Online,,BIRIGUI,SP,Não
8787704950913,"RUA LORIVAL PINCERATO (RUA PROJETADA I), N. 167, QD 3 LT 27B",PARQUE DOM PEDRO,"Casa, 0.00 de área total, 43.95 de área privativa, 175.00 de área do terreno.",60977.67,115000.0,46.98,Venda Online,,BIRIGUI,SP,Não
8787708544189,"VIA DE ACESSO A - ESTRADA MUNICIPAL BGI 352, N. 78, Apto 201, BL 22 VG 184 E 185 RUA ARMANDO DELLE",VILA GIAMPIETRO,"Apartamento, 100.10 de área total, 39.30 de área privativa, 0.00 de área do terreno,  2 qto(s), a.serv, WC, 1 sala(s), cozinha, 2 vaga(s) de garagem.",83428.47,155000.0,46.18,Venda Online,,BIRIGUI,SP,Não
8555540268685,"R 07, N. 41, QD C3 LT 26",PORTAL PQ III,"Casa, 0.00 de área total, 43.94 de área privativa, 160.00 de área do terreno.",59714.02,110000.0,45.72,Venda Direta Online,,BIRIGUI,SP,Não
8787708816545,"RUA JOAO OSVALDO ZAGO, N. 487, LT 27 QD A1",RES P DO PARQUE III,"Casa, 44.82 de área total, 44.82 de área privativa, 165.20 de área do terreno,  2 qto(s), a.serv, WC, 1 sala(s), cozinha.",83721.21,143000.0,41.46,Venda Direta Online,,BIRIGUI,SP,Não
8787707170412,"VIA DE ACESSO A, N. 78, Apto 302, BL 11 VG 387",JARDIM NOSSA SENHORA DE FATIMA,"Apartamento, 88.28 de área total, 39.30 de área privativa, 0.00 de área do terreno,  2 qto(s), WC, 1 sala(s), cozinha, 1 vaga(s) de garagem.",84306.67,144000.0,41.46,Venda Direta Online,,BIRIGUI,SP,Não
8787705314670,"RUA ARMANDO DELLE, N. 77, Apto 202, BL 10",VILA GIAMPIETRO,"Apartamento, 79.28 de área total, 44.01 de área privativa, 0.00 de área do terreno,  2 qto(s), WC, 1 sala(s), cozinha, 1 vaga(s) de garagem.",87819.45,150000.0,41.46,Licitação Aberta,,BIRIGUI,SP,Não
8787710580073,"RUA ARMANDO DELLE, N. 78, Apto 303, BL 19",VILA GIAMPIETRO,"Apartamento, 100.10 de área total, 39.30 de área privativa, 0.00 de área do terreno,  2 qto(s), a.serv, WC, 1 sala(s), cozinha, 1 vaga(s) de garagem.",85477.6,146000.0,41.46,Venda Direta Online,,BIRIGUI,SP,Não
1444407351410,"RUA ERNESTO FERACINI BILIA, N. 1445, Apto ., QD D, LT 15",PARQUE RESIDENCIAL AMERICA,"Casa, 0.00 de área total, 125.83 de área privativa, 157.30 de área do terreno,  2 qto(s), a.serv, WC, 1 sala(s), cozinha.",164861.81,275000.0,40.06,Venda Online,,BIRIGUI,SP,Sim
8444421030420,"RUA ADELINO CATTARIN, N. 591,",COLINAS PARK RESIDENCIAL,"Casa, 61.27 de área total, 61.27 de área privativa, 131.00 de área do terreno,  2 qto(s).",108080.77,175000.0,38.24,Venda Direta Online,,BIRIGUI,SP,Não
8057461044029,"AVENIDA SAO FRANCISCO, N. 1720,",JARDIM PEROLA,"Casa, 104.10 de área total, 104.10 de área privativa, 335.00 de área do terreno,  3 qto(s), a.serv, WC, 1 sala(s), cozinha, 1 vaga(s) de garagem.",270000.0,270000.0,0.0,Leilão SFI - Edital Único,,BIRIGUI,SP,Não
8787708558619,"VIA DE ACESSO A EST MUN BGI 352, N. 78, Apto 304, BL 16 VG 341 3 PAV",VILA GIAMPIETRO,"Apartamento, 39.30 de área total, 39.30 de área privativa, 0.00 de área do terreno,  2 qto(s), a.serv, WC, 1 sala(s), cozinha, 1 vaga(s) de garagem.",157000.0,157000.0,0.0,Leilão SFI - Edital Único,,BIRIGUI,SP,Não
8787721694555,"RUA JOÃO SCANHUELA, N. 243, Apto 513, BL 500",RESIDENCIAL MANUELA,"Apartamento, 0.00 de área total, 62.55 de área privativa, 0.00 de área do terreno,  2 qto(s), WC, 1 sala(s), 1 lavabo(s), cozinha, 1 vaga(s) de garagem.",235000.0,235000.0,0.0,Leilão SFI - Edital Único,,BIRIGUI,SP,Não
8787706714591,"RUA JOAO CASTELLO, N. 123,",CONJUNTO HABITACIONAL PREFEITO FRANCISCO,"Casa, 89.18 de área total, 49.18 de área privativa, 160.00 de área do terreno,  2 qto(s), a.serv, WC, 1 sala(s), cozinha, 2 vaga(s) de garagem.",120000.0,120000.0,0.0,Leilão SFI - Edital Único,,BIRIGUI,SP,Não
8787713924253,"RUA PROJETADA 06, N. 187, LT 11 QD 19 LOT RES JACARANDA",CONJUNTO HABITACIONAL PREFEITO FRANCISCO,"Casa, 0.00 de área total, 42.48 de área privativa, 160.00 de área do terreno.",147500.0,147500.0,0.0,Leilão SFI - Edital Único,,BIRIGUI,SP,Não
8787714454412,"RUA EZEQUIAS DE FREITAS E SILVA, N. 673, LT 08 QD 17",RESIDENCIAL JACARANDA,"Casa, 42.48 de área total, 42.48 de área privativa, 160.00 de área do terreno,  2 qto(s), a.serv, WC, 1 sala(s), cozinha.",145000.0,145000.0,0.0,Leilão SFI - Edital Único,,BIRIGUI,SP,Não
8787714780921,"RUA EZEQUIAS DE FREITAS E SILVA, N. 753,",RESIDENCIAL JACARANDA,"Casa, 42.48 de área total, 42.48 de área privativa, 160.00 de área do terreno,  2 qto(s), a.serv, WC, 1 sala(s), cozinha, 1 vaga(s) de garagem.",146050.9,146050.9,0.0,Leilão SFI - Edital Único,,BIRIGUI,SP,Não
8787716565831,"RUA PROJETADA 04, N. 354, QD 13 LT 36",RESIDENCIAL JACARANDA,"Casa, 50.10 de área total, 50.10 de área privativa, 160.00 de área do terreno,  2 qto(s), a.serv, WC, 1 sala(s), cozinha, 1 vaga(s) de garagem.",188000.0,188000.0,0.0,Leilão SFI - Edital Único,,BIRIGUI,SP,Não
8555540060537,"RUA SETE, N. 161, C 3 LT 38",PORTAL DO PARQUE III,"Casa, 43.94 de área total, 43.94 de área privativa, 160.00 de área do terreno,  2 qto(s), a.serv, WC, 1 sala(s), cozinha, 1 vaga(s) de garagem.",121281.2,120968.61,0.0,Leilão SFI - Edital Único,,BIRIGUI,SP,Não
8787711673822,"RUA ARMANDO DELLE, N. 78, Apto 401, PAV 4 . BL 8. VAGA 32",VILA GIAMPIETRO,"Apartamento, 88.28 de área total, 39.30 de área privativa, 0.00 de área do terreno,  2 qto(s), WC, 1 sala(s), cozinha, 1 vaga(s) de garagem.",132733.5,132000.0,0.0,Leilão SFI - Edital Único,,BIRIGUI,SP,Não
1787701827861,"RUA EURICO POMPEU SOBRINHO, N. 386,",RESIDENCIAL JACARANDA,"Casa, 50.10 de área total, 50.10 de área privativa, 160.00 de área do terreno,  2 qto(s), a.serv, WC, 1 sala(s), cozinha, 2 vaga(s) de garagem.",168439.97,165000.0,0.0,Leilão SFI - Edital Único,,BIRIGUI,SP,Não
8787717279018,"RUA EZEQUIAS DE FREITAS E SILVA, N. 706,",RESIDENCIAL JACARANDA,"Casa, 50.10 de área total, 50.10 de área privativa, 160.00 de área do terreno,  2 qto(s), a.serv, WC, 1 sala(s), cozinha, 1 vaga(s) de garagem.",178714.95,170176.36,0.0,Leilão SFI - Edital Único,,BIRIGUI,SP,Não
8787717028708,"RUA EZEQUIAS DE FREITAS E SILVA, N. 658,",RESIDENCIAL JACARANDA,"Casa, 50.10 de área total, 50.10 de área privativa, 160.00 de área do terreno,  2 qto(s), a.serv, WC, 1 sala(s), cozinha, 1 vaga(s) de garagem.",179109.72,170176.36,0.0,Leilão SFI - Edital Único,,BIRIGUI,SP,Não
8444430772921,"RUA MARIA CHIDEROLI BOATO, N. 17, LT 15 QD G",RESIDENCIAL COPACABANA,"Casa, 59.89 de área total, 59.89 de área privativa, 125.00 de área do terreno,  2 qto(s), a.serv, WC, 1 sala(s), cozinha, 1 vaga(s) de garagem.",206000.8,195000.0,0.0,Leilão SFI - Edital Único,,BIRIGUI,SP,Não
8444432120425,"RUA FRANCISCO PERES MARQUES, N. 98, LT 17 QD I 2",JARDIM SAO BRAZ,"Casa, 109.75 de área total, 109.75 de área privativa, 137.50 de área do terreno,  2 qto(s), a.serv, WC, 1 sala(s), cozinha.",221181.06,200000.0,0.0,Leilão SFI - Edital Único,,BIRIGUI,SP,Não
8787719136338,"RUA ANTONIA CHIMENES MAFFEIS, N. 1154, LT 24 QD 19",CONJUNTO HABITACIONAL VEREADOR FLAVIO MA,"Casa, 44.82 de área total, 44.82 de área privativa, 256.15 de área do terreno,  2 qto(s), a.serv, WC, 1 sala(s), cozinha, 1 vaga(s) de garagem.",179735.52,155000.0,0.0,Leilão SFI - Edital Único,,BIRIGUI,SP,Não
8444426764766,"RUA DAVID HUNOVITCH, N. 965, PARTE DO LT 10  QD D2",JARDIM SANT'ANA,"Casa, 0.00 de área total, 60.33 de área privativa, 126.87 de área do terreno,  2 qto(s), WC, 1 sala(s), cozinha, 1 vaga(s) de garagem.",211102.48,176000.0,0.0,Leilão SFI - Edital Único,,BIRIGUI,SP,Não
8444420955993,"RUA JOAO RODRIGUES TORTOSA, N. SN, LT. 10 E 11.",PARQUE RESIDENCIAL LALUCE,"Terreno, 0.00 de área total, 0.00 de área privativa, 130.00 de área do terreno.",161165.4,60000.0,0.0,Leilão SFI - Edital Único,,BIRIGUI,SP,Não
8787702405225,"RUA HELENA BERTOLLI THAME, N. 310, Apto 24, KITNET",RESIDENCIAL AGUA BRANCA,"Apartamento, 46.95 de área total, 26.37 de área privativa, 0.00 de área do terreno,  1 qto(s), WC, 1 sala(s), cozinha, 1 vaga(s) de garagem.",71540.22,130000.0,44.97,Venda Direta Online,,BOITUVA,SP,Não
8444413873316,"RUA OLGA MARIA MAZULQUIM, N. 490, Apto 11,",RESIDENCIAL AGUA BRANCA,"Apartamento, 57.79 de área total, 32.59 de área privativa, 0.00 de área do terreno,  1 qto(s), WC, 1 sala(s), cozinha, 1 vaga(s) de garagem.",84356.44,144085.0,41.46,Licitação Aberta,,BOITUVA,SP,Não
8787708736584,"ESTRADA MUNICIP ROQUE ANTUNES FRAGOZO, N. 826, CASA  58  QD 08",FLORA VILLE,"Casa, 140.00 de área total, 64.14 de área privativa, 140.00 de área do terreno,  2 qto(s), a.serv, WC, 1 sala(s), cozinha, 1 vaga(s) de garagem.",245000.0,245000.0,0.0,Leilão SFI - Edital Único,,BOITUVA,SP,Não
10300793,"RUA OLGA MOSCHIONI FIGUEIREDO, N. 125, QD B, LT 05",RESIDENCIAL SAO JOSE DE BOITUVA,"Casa, 0.00 de área total, 209.18 de área privativa, 1001.22 de área do terreno.",1313935.76,980000.0,0.0,Leilão SFI - Edital Único,,BOITUVA,SP,Não
8444434303799,"RUA MARIA ALONSO ANSELMO, N. 375, QD. 15  LT. 18",JARDIM FLAMBOYANT,"Prédio, 50.39 de área total, 50.39 de área privativa, 211.50 de área do terreno,  1 qto(s), a.serv, WC, 1 sala(s), cozinha.",197000.0,197000.0,0.0,Leilão SFI - Edital Único,,BORBOREMA,SP,Não
8787714604775,"RODOVIA ALCIDES SOARES, N. 618, Apto 202, BL 12 BOX 48",VITORIANA,"Apartamento, 68.40 de área total, 39.30 de área privativa, 0.00 de área do terreno,  2 qto(s), WC, 1 sala(s), cozinha, 1 vaga(s) de garagem.",95407.73,161000.0,40.75,Licitação Aberta,,BOTUCATU,SP,Não
1444417103029,"RUA MARIO PASCOAL RIGHETO, N. SN, LOTE 5 QUADRA 37",ALVORADA DE BARRA BONITA (VITORIANA),"Terreno, 0.00 de área total, 0.00 de área privativa, 1525.00 de área do terreno.",115813.89,184000.0,37.06,Venda Direta Online,,BOTUCATU,SP,Não
8787708928890,"RUA PIETRO PAOLO CAMELIN, N. 24,",BOTUCATU,"Casa, 45.47 de área total, 45.47 de área privativa, 200.00 de área do terreno,  2 qto(s), a.serv, WC, 1 sala(s), cozinha.",169000.0,169000.0,0.0,Leilão SFI - Edital Único,,BOTUCATU,SP,Não
8787714145410,"RODOVIA ALCIDES SOARES, N. 618, Apto 303, BL 03 VG 110",BOTUCATU,"Apartamento, 0.00 de área total, 39.30 de área privativa, 0.00 de área do terreno,  2 qto(s), a.serv, WC, 1 sala(s), cozinha, 1 vaga(s) de garagem.",163000.0,163000.0,0.0,Leilão SFI - Edital Único,,BOTUCATU,SP,Não
8787712009462,"RUA BENEDITO ZANELLA, N. 101, Apto 44, BL 03",JARDIM REAL PARK,"Apartamento, 108.94 de área total, 39.58 de área privativa, 0.00 de área do terreno,  2 qto(s), a.serv, WC, 1 sala(s), cozinha, 1 vaga(s) de garagem.",175000.0,175000.0,0.0,Leilão SFI - Edital Único,,BOTUCATU,SP,Não
8787712011793,"RUA NICOLA ZAPONI, N. 1.427, Apto 302, PAV 3 BL 09",PARQUE IMPERIAL,"Apartamento, 90.20 de área total, 39.30 de área privativa, 0.00 de área do terreno,  2 qto(s), WC, 1 sala(s), cozinha, 1 vaga(s) de garagem.",165000.0,165000.0,0.0,Leilão SFI - Edital Único,,BOTUCATU,SP,Não
8787718077982,"AVENIDA NICOLA ZAPONI, N. 1437, Apto 304, BL 08",PARQUE IMPERIAL,"Apartamento, 87.87 de área total, 39.30 de área privativa, 0.00 de área do terreno,  2 qto(s), WC, 1 sala(s), cozinha, 1 vaga(s) de garagem.",215965.48,210000.0,0.0,Leilão SFI - Edital Único,,BOTUCATU,SP,Não
8787721373155,"AVENIDA NICOLA ZAPONI, N. 1437, Apto 302, BL 10",PARQUE IMPERIAL,"Apartamento, 87.87 de área total, 39.30 de área privativa, 0.00 de área do terreno,  2 qto(s), WC, 1 sala(s), cozinha, 1 vaga(s) de garagem.",230435.8,210000.0,0.0,Leilão SFI - Edital Único,,BOTUCATU,SP,Não
8787719500544,"RUA NICOLA ZAPONI, N. 1437, Apto 401, BL 07 4 PAV",PARQUE IMPERIAL,"Apartamento, 85.53 de área total, 39.30 de área privativa, 0.00 de área do terreno,  2 qto(s), WC, 1 sala(s), cozinha, 1 vaga(s) de garagem.",208365.39,183000.0,0.0,Leilão SFI - Edital Único,,BOTUCATU,SP,Não
10300976,"RUA GERMINO DALTIN, N. 00, Área 2",VILA CIDADE JARDIM,"Gleba, 0.00 de área total, 0.00 de área privativa, 13215.50 de área do terreno.",2300000.0,2006000.0,0.0,Leilão SFI - Edital Único,,BOTUCATU,SP,Não
8444437720374,"ESTRADA MUNICIPAL DOS OIANS, N. 61, Apto 24, BL 01",LAVAPÉS,"Apartamento, 92.69 de área total, 38.98 de área privativa, 0.00 de área do terreno,  2 qto(s), a.serv, WC, 1 sala(s), cozinha, 1 vaga(s) de garagem.",186759.41,162500.0,0.0,Leilão SFI - Edital Único,,BOTUCATU,SP,Não
1787701363644,"RUA NICOLA ZAPONI, N. 1427, Apto 104, BL 11",PARQUE IMPERIAL,"Apartamento, 93.69 de área total, 39.30 de área privativa, 0.00 de área do terreno,  2 qto(s), WC, 1 sala(s), cozinha, 1 vaga(s) de garagem.",202264.94,161800.0,0.0,Leilão SFI - Edital Único,,BOTUCATU,SP,Não
8444427836035,"RUA CINCO, N. 270, Apto 24, PAV 1 BL 2 QD 18",LOTEAMENTO BRAGANCA PAULISTA LOTES URBAN,"Apartamento, 118.28 de área total, 45.30 de área privativa, 0.00 de área do terreno,  2 qto(s), a.serv, WC, 1 sala(s), cozinha.",110902.32,209700.0,47.12,Venda Online,,BRAGANCA PAULISTA,SP,Não
1555525431840,"RUA RESEDAL, N. 101, LT 07, QD A",CONDOMINIO RESIDENCIAL VILA AMERICA RESO,"Casa, 549.14 de área total, 549.14 de área privativa, 780.04 de área do terreno,  5 qto(s), a.serv, WC, 3 sala(s), 1 lavabo(s), cozinha, Terraco, 6 vaga(s) de garagem.",1769821.81,2777000.0,36.27,Venda Direta Online,,BRAGANCA PAULISTA,SP,Sim
1444417681405,"RUA CLARICE TOLEDO FUNCK, N. 45, UNIDADE 01",JARDIM SAO MIGUEL,"Casa, 66.46 de área total, 66.46 de área privativa, 51.91 de área do terreno,  2 qto(s), a.serv, WC, 1 sala(s), 1 lavabo(s), cozinha, 1 vaga(s) de garagem.",323000.0,323000.0,0.0,Leilão SFI - Edital Único,,BRAGANCA PAULISTA,SP,Não
8555514177155,"RUA FRANCISCO DOS SANTOS RIOS, N. 351, CASA 03",JARDIM SAO MIGUEL,"Casa, 0.00 de área total, 80.08 de área privativa, 0.00 de área do terreno,  2 qto(s), a.serv, WC, 1 sala(s), cozinha, 2 vaga(s) de garagem.",262890.0,262890.0,0.0,Leilão SFI - Edital Único,,BRAGANCA PAULISTA,SP,Não
8787710745056,"RUA LUIZ IZZO, N. 983, CASA 15 VAGA 15",QUINTAS DE BRAGANCA,"Casa, 151.03 de área total, 68.64 de área privativa, 0.00 de área do terreno,  2 qto(s), a.serv, WC, 1 sala(s), cozinha, 1 vaga(s) de garagem.",331000.0,331000.0,0.0,Leilão SFI - Edital Único,,BRAGANCA PAULISTA,SP,Não
8444424425816,"RUA MARIO JOSE COSTA, N. 19, QD P",RESIDENCIAL MONTE LIBANO,"Casa, 0.00 de área total, 68.21 de área privativa, 200.00 de área do terreno,  2 qto(s), a.serv, WC, 1 sala(s), cozinha.",153000.0,153000.0,0.0,Leilão SFI - Edital Único,,BRAUNA,SP,Não
8444430691131,"VIA EXPRESSA JAIR FELIPE, N. 690, CS 57",CONDOMINIO WALTER POSSOS,"Casa, 50.88 de área total, 50.88 de área privativa, 148.13 de área do terreno,  2 qto(s), a.serv, WC, 1 sala(s), cozinha.",139015.11,230000.0,39.56,Licitação Aberta,,BRODOWSKI,SP,Não
8444432858203,"RUA FRANCISCO FERREIRA DA SILVA, N. 351,",JARDIM QUEBEC,"Terreno, 0.00 de área total, 0.00 de área privativa, 285.00 de área do terreno.",203696.19,110000.0,0.0,Leilão SFI - Edital Único,,BRODOWSKI,SP,Não
8555537528876,"RUA PIQUI, N. 12, Apto 22, BL 12",VALE VERDE (CENTRO),"Apartamento, 63.10 de área total, 55.51 de área privativa, 0.00 de área do terreno,  2 qto(s), varanda, WC, 1 sala(s), cozinha, 1 vaga(s) de garagem.",140616.03,232648.73,39.56,Licitação Aberta,,CABREUVA,SP,Não
8444409032230,"RUA MANOEL PINHEIRO DE CARVALHO, N. 50,  CASA 54 LOTE 07 QUADRA 05",PARQUE RESIDENCIAL SANTO ANDRE,"Casa, 123.26 de área total, 123.26 de área privativa, 175.00 de área do terreno,  2 qto(s), a.serv, WC, 1 sala(s), cozinha, 1 vaga(s) de garagem.",231722.09,378442.57,38.77,Licitação Aberta,,CACAPAVA,SP,Não
1444419817517,"RUA CARMELLA ZANETTI RODRIGUES, N. 10,",VILLAGE DAS FLORES,"Casa, 68.95 de área total, 68.95 de área privativa, 68.29 de área do terreno,  2 qto(s), varanda, a.serv, WC, 1 sala(s), 1 lavabo(s), cozinha.",200754.0,315000.0,36.27,Venda Online,,CACAPAVA,SP,Sim
1444415321169,"AVENIDA BENEDITO MACEDO C. FILHO, N. 551, LT 09 QD 31",JARDIM PANORAMA,"Casa, 66.50 de área total, 66.50 de área privativa, 196.00 de área do terreno,  1 qto(s), a.serv, WC, 1 sala(s), cozinha.",364000.0,364000.0,0.0,Leilão SFI - Edital Único,,CACAPAVA,SP,Não
8444409733190,"RUA MARIA APARECIDA MACHADO, N. 25,",LOTEAMENTO REAL PARK,"Casa, 68.00 de área total, 68.00 de área privativa, 80.00 de área do terreno,  2 qto(s), a.serv, WC, 1 sala(s), 1 lavabo(s), cozinha, 1 vaga(s) de garagem.",195845.02,195845.02,0.0,Leilão SFI - Edital Único,,CACAPAVA,SP,Não
10187233,"RUA LUIZ FERNANDO SACILOTTI DOS SANTOS CAMARGO, N. 00, ÁREA REMANESCENTE 01",BAIRRO DAS PALMEIRAS,"Terreno, 0.00 de área total, 0.00 de área privativa, 558.33 de área do terreno.",112021.85,216094.06,48.17,Venda Direta Online,,CACHOEIRA PAULISTA,SP,Não
8787721483694,"RUA JOAO BERTOLO, N. 141, Apto 168, TORRE 02 JD SANTA EDWIGES",VERA TEREZA,"Apartamento, 49.23 de área total, 47.12 de área privativa, 0.00 de área do terreno,  2 qto(s), varanda, a.serv, WC, 1 sala(s), cozinha, 1 vaga(s) de garagem.",345000.0,345000.0,0.0,Leilão SFI - Edital Único,,CAIEIRAS,SP,Não
8555525293410,"AVENIDA DAS ACUCENAS, N. 550, Apto 166, 16º PAVIMENTO BLOCO E EIFICIO BEGONIA",PORTAIS (POLVILHO),"Apartamento, 94.51 de área total, 50.52 de área privativa, 0.00 de área do terreno,  2 qto(s), a.serv, WC, 1 sala(s), cozinha, 1 vaga(s) de garagem.",186000.0,310000.0,40.0,Leilão SFI - Edital Único,,CAJAMAR,SP,Não
8787706947227,"RUA DOS FLOX, N. 400, Apto 03, TORRE 02",PORTAL DOS IPES III,"Apartamento, 90.59 de área total, 43.41 de área privativa, 0.00 de área do terreno,  2 qto(s), a.serv, WC, 1 sala(s), cozinha, 1 vaga(s) de garagem.",157974.56,258000.0,38.77,Licitação Aberta,,CAJAMAR,SP,Não
10291035,"Rua Antonio da Luz, N. 19, Qd I, Lt 8-B",GUATURINHO,"Terreno, 0.00 de área total, 0.00 de área privativa, 209.67 de área do terreno.",131257.22,208535.69,37.06,Licitação Aberta,,CAJAMAR,SP,Não
10299185,"RUA ANTONIO DA LUZ, N. 00, QD I, LT 8-C",GUATURINHO,"Terreno, 0.00 de área total, 0.00 de área privativa, 220.80 de área do terreno.",128910.59,204807.46,37.06,Licitação Aberta,,CAJAMAR,SP,Não
10291009,"RUA ANTÔNIO DA LUZ (ANTIGA RUA AVAÍ), N. 00, QD I, LT 08-A",GUATURINHO,"Terreno, 0.00 de área total, 0.00 de área privativa, 198.53 de área do terreno.",154230.06,242000.0,36.27,Licitação Aberta,,CAJAMAR,SP,Não
8054602406156,"RUA CAMPOS DO JORDAO, N. 85, Apto 12, BL 1",PANORAMA (POLVILHO),"Apartamento, 0.00 de área total, 41.63 de área privativa, 0.00 de área do terreno, 1 vaga(s) de garagem.",222000.0,222000.0,0.0,Leilão SFI - Edital Único,,CAJAMAR,SP,Não
8787708628080,"RUA 04, N. 540, Apto 02, BL A",RESIDENCIAL MORADAS DO VALLE,"Apartamento, 0.00 de área total, 42.09 de área privativa, 0.00 de área do terreno,  2 qto(s), a.serv, WC, 1 sala(s), cozinha, 1 vaga(s) de garagem.",89678.68,175000.0,48.76,Licitação Aberta,,CAMPINAS,SP,Não
1444407733364,"AVENIDA JOHN BOYD DUNLOP, N. SN, LT 19 QD 36",CIDADE SATELITE IRIS,"Terreno, 0.00 de área total, 0.00 de área privativa, 1001.00 de área do terreno.",883317.61,1540000.0,42.65,Venda Direta Online,,CAMPINAS,SP,Sim
8787706908213,"RUA ANTONIO ROCHA BATISTA, N. 30, Apto 503, 4 PAV BL 06",JARDIM SAO PEDRO DE VIRACOPOS,"Apartamento, 0.00 de área total, 40.51 de área privativa, 0.00 de área do terreno.",97678.93,164832.64,40.75,Licitação Aberta,,CAMPINAS,SP,Não
8787709660719,"RUA 05, N. 48, Apto 44, BL A",RESIDENCIAL VILA PARK,"Apartamento, 59.44 de área total, 52.15 de área privativa, 0.00 de área do terreno,  2 qto(s), WC, 1 sala(s), cozinha.",107496.66,181400.0,40.75,Licitação Aberta,,CAMPINAS,SP,Não
8444435837215,"RUA PAPA SAO MARCOS, N. 520, Apto 22, BL B",CONJUNTO HABITACIONAL PADRE ANCHIETA,"Apartamento, 49.80 de área total, 42.46 de área privativa, 0.00 de área do terreno,  2 qto(s), WC, 1 sala(s), cozinha.",117860.63,195000.0,39.56,Venda Direta Online,,CAMPINAS,SP,Não
8444425761593,"RUA VANIA APARECIDA DIAS, N. 299, Apto 65, 6 PAV BLOCO 02",JARDIM DO LAGO CONTINUACAO,"Apartamento, 0.00 de área total, 50.94 de área privativa, 0.00 de área do terreno.",134784.21,223000.0,39.56,Licitação Aberta,,CAMPINAS,SP,Não
8555537143427,"RUA EDIS PEDRO DE OLIVEIRA, N. 309, Apto 22, BLOCO B",JARDIM NOVO MARACANA,"Apartamento, 0.00 de área total, 47.44 de área privativa, 0.00 de área do terreno,  2 qto(s), a.serv, WC, 1 sala(s), cozinha.",123300.35,204000.0,39.56,Venda Direta Online,,CAMPINAS,SP,Não
8555537838301,"RUA PRESBITERO SIGMUNDO SIMBERG, N. 55, Apto 402, BL 02",PARQUE DAS QUARESMEIRAS,"Apartamento, 0.00 de área total, 45.22 de área privativa, 0.00 de área do terreno, 1 vaga(s) de garagem.",112885.0,186767.83,39.56,Licitação Aberta,,CAMPINAS,SP,Não
8787717793897,"RUA 08, N. 26, Apto 03,",RESIDENCIAL FAZENDA LAGOA,"Apartamento, 57.68 de área total, 36.28 de área privativa, 0.00 de área do terreno.",114838.57,190000.0,39.56,Licitação Aberta,,CAMPINAS,SP,Não
8787709490090,"RUA PLACIDA PRETINI (RUA 04), N. 540, Apto 12, BL F",RESIDENCIAL MORADAS DO VALLE,"Apartamento, 58.69 de área total, 51.58 de área privativa, 0.00 de área do terreno,  2 qto(s), a.serv, WC, 1 sala(s), cozinha.",120882.7,200000.0,39.56,Licitação Aberta,,CAMPINAS,SP,Não
8787709703914,"RUA 05, N. 50, Apto 101, BL 01",JARDIM NOVA ABOLICAO,"Apartamento, 100.42 de área total, 51.27 de área privativa, 0.00 de área do terreno,  2 qto(s), WC, 1 sala(s), cozinha.",123904.77,205000.0,39.56,Licitação Aberta,,CAMPINAS,SP,Não
8787713414743,"RUA UM, N. 45, Apto 501, BL 15",JARDIM NOVA ABOLICAO,"Apartamento, 77.70 de área total, 40.61 de área privativa, 0.00 de área do terreno,  2 qto(s), a.serv, WC, 1 sala(s), cozinha.",113327.53,187500.0,39.56,Licitação Aberta,,CAMPINAS,SP,Não
8787713952141,"RUA ANTONIO MARIANO DE AZEVEDO MARQUES, N. 15, Apto 101, BL 05 BOX 227",JARDIM CAPIVARI,"Apartamento, 94.49 de área total, 53.04 de área privativa, 0.00 de área do terreno,  2 qto(s), WC, 1 sala(s), cozinha, 1 vaga(s) de garagem.",174506.78,285000.0,38.77,Licitação Aberta,,CAMPINAS,SP,Não
8787713713660,"RUA ALBERTO CARLOS DUPAS VALIN, N. 337, Apto 85, BLOCO 01",VILA PALACIOS,"Apartamento, 84.75 de área total, 44.33 de área privativa, 0.00 de área do terreno,  2 qto(s), WC, 1 sala(s), cozinha.",185442.54,302860.0,38.77,Licitação Aberta,,CAMPINAS,SP,Não
8787704330923,"RUA JAIR ANDRADE E SILVA, N. 192, Apto 98, TR A TR 02",JARDIM IBIRAPUERA,"Apartamento, 60.39 de área total, 48.33 de área privativa, 0.00 de área do terreno,  2 qto(s), WC, 1 sala(s), cozinha.",171445.26,280000.0,38.77,Licitação Aberta,,CAMPINAS,SP,Não
8787718514398,"RUA PASTOR ANTONIO TIBURTINO DA SILVA, N. 490, Apto 91, TORRE 02",JARDIM IBIRAPUERA,"Apartamento, 82.76 de área total, 42.52 de área privativa, 0.00 de área do terreno,  2 qto(s), WC, 1 sala(s), cozinha.",214306.58,350000.0,38.77,Licitação Aberta,,CAMPINAS,SP,Não
1444406589235,"RUA DO CALCETEIRO, N. 129, Apto 01,",PONTE PRETA,"Apartamento, 68.85 de área total, 42.63 de área privativa, 0.00 de área do terreno,  1 qto(s), WC, 1 sala(s), cozinha, 1 vaga(s) de garagem.",100051.91,162000.0,38.24,Licitação Aberta,,CAMPINAS,SP,Não
1555534333189,"RUA JAIR LUIZ DOS SANTOS, N. 57, Apto 402, BL 03",PARQUE DAS CONSTELACOES,"Apartamento, 81.44 de área total, 45.22 de área privativa, 0.00 de área do terreno,  2 qto(s), WC, 1 sala(s), cozinha, 1 vaga(s) de garagem.",140361.4,223000.0,37.06,Licitação Aberta,,CAMPINAS,SP,Não
1444420890877,"RODOVIA VISCONDE DE PORTO SEGURO, N. 100, Apto D, BL 33",VILA IPE,"Apartamento, 0.00 de área total, 43.35 de área privativa, 0.00 de área do terreno.",305910.86,480000.0,36.27,Licitação Aberta,,CAMPINAS,SP,Sim
1787701827942,"RUA ALBERTO CARLOS DUPAS VALIN, N. 337, Apto 73, BL 03",VILA PALACIOS,"Apartamento, 84.75 de área total, 44.33 de área privativa, 0.00 de área do terreno,  2 qto(s), WC, 1 sala(s), cozinha, 1 vaga(s) de garagem.",158053.95,248000.0,36.27,Licitação Aberta,,CAMPINAS,SP,Não
1444404476727,"AVENIDA JOSE ROCHA BOMFIM, N. 214, SL 211 BL D",LOTEAMENTO CENTER SANTA GENEBRA,"Sala, 0.00 de área total, 53.04 de área privativa, 0.00 de área do terreno, WC.",319931.78,502000.0,36.27,Venda Direta Online,,CAMPINAS,SP,Não
1444418595839,"RUA ANTONIO CARLOS QUARIGUASI DA FROTA, N. 0, LOTE 33 QD R",RESIDENCIAL PARQUE DA FAZENDA,"Terreno, 0.00 de área total, 0.00 de área privativa, 207.49 de área do terreno.",356896.01,560000.0,36.27,Licitação Aberta,,CAMPINAS,SP,Sim
8787715492547,"RUA 3, N. 459, Apto 01, TERREO BLOCO 04",RESIDENCIAL NOVO TEMPO,"Apartamento, 95.95 de área total, 46.59 de área privativa, 0.00 de área do terreno,  2 qto(s), WC, 1 sala(s), cozinha, 1 vaga(s) de garagem.",214571.67,258000.0,16.84,Leilão SFI - Edital Único,,CAMPINAS,SP,Não
1787701270522,"RUA PADRE VIEIRA, N. 689, Apto 12, 1º PAVIMENTO",CENTRO,"Apartamento, 0.00 de área total, 60.21 de área privativa, 0.00 de área do terreno,  1 qto(s), varanda, a.serv, WC, 1 sala(s), cozinha, 1 vaga(s) de garagem.",347823.71,397000.0,12.39,Leilão SFI - Edital Único,,CAMPINAS,SP,Não
8787717287576,"RUA NIVALDO ALVES BONILHA, N. 74, Apto 131, 13º ANDAR TORRE 02",COND VARANDAS,"Apartamento, 81.70 de área total, 45.95 de área privativa, 0.00 de área do terreno,  2 qto(s), WC, 1 sala(s), cozinha.",258919.73,271000.0,4.46,Leilão SFI - Edital Único,,CAMPINAS,SP,Não
1555538905624,"RUA SERRA DOS CRISTAIS, N. 613, Apto 33, TORRE SORRISOS",JARDIM PARANAPANEMA,"Apartamento, 111.36 de área total, 58.26 de área privativa, 0.00 de área do terreno,  3 qto(s), a.serv, WC, 1 sala(s), cozinha, 1 vaga(s) de garagem.",400000.0,400000.0,0.0,Leilão SFI - Edital Único,,CAMPINAS,SP,Não
1787702190441,"RUA SANTA RITA DO PASSA QUATRO, N. 255, Apto 1306, TORRE 02",JARDIM NOVA EUROPA,"Apartamento, 107.30 de área total, 54.48 de área privativa, 0.00 de área do terreno,  2 qto(s), a.serv, WC, 1 sala(s), cozinha, 1 vaga(s) de garagem.",453000.0,453000.0,0.0,Leilão SFI - Edital Único,,CAMPINAS,SP,Não
1555502053474,"AVENIDA ANTONIO CARVALHO DE MIRANDA, N. 720, Apto 123, BL 01 12 AND ED COSTA VERDE VG 23",VILA SAO BENTO,"Apartamento, 113.71 de área total, 73.50 de área privativa, 0.00 de área do terreno,  3 qto(s), a.serv, WC, 1 sala(s), cozinha, 1 vaga(s) de garagem.",516000.0,516000.0,0.0,Leilão SFI - Edital Único,,CAMPINAS,SP,Não
8029658419503,"RUA ANTONIO DOS SANTOS CAVALHINHO, N. 160, Apto 102, BL 1",VILA TRINTA E UM DE MARCO,"Apartamento, 112.16 de área total, 88.94 de área privativa, 0.00 de área do terreno,  2 qto(s), a.serv, WC, 1 sala(s), cozinha.",310000.0,310000.0,0.0,Leilão SFI - Edital Único,,CAMPINAS,SP,Não
8787713291471,"RUA ALBERTO CARLOS DUPAS VALIN, N. 337, Apto 64, BL 01",VILA PALACIOS,"Apartamento, 84.75 de área total, 44.33 de área privativa, 0.00 de área do terreno.",312000.0,312000.0,0.0,Leilão SFI - Edital Único,,CAMPINAS,SP,Não
8787717935756,"RUA PASTOR ANTONIO TIBURTINO DA SILVA, N. 490, Apto 98, TORRE 01",JARDIM IBIRAPUERA,"Apartamento, 84.99 de área total, 43.67 de área privativa, 0.00 de área do terreno,  2 qto(s), WC, 1 sala(s), cozinha.",298000.0,298000.0,0.0,Leilão SFI - Edital Único,,CAMPINAS,SP,Não
1787702139349,"RUA SANTA RITA DO PASSA QUATRO, N. 255, Apto 802, TORRE 3",JARDIM NOVA EUROPA,"Apartamento, 101.56 de área total, 53.02 de área privativa, 0.00 de área do terreno,  2 qto(s), a.serv, WC, 1 sala(s), cozinha, 1 vaga(s) de garagem.",367078.32,365403.54,0.0,Leilão SFI - Edital Único,,CAMPINAS,SP,Não
8555519627248,"RUA WALDEMAR PADOVANI, N. 219, Apto 404, BL 02",PARQUE VALENCA I,"Apartamento, 111.51 de área total, 46.84 de área privativa, 0.00 de área do terreno,  2 qto(s), WC, 1 sala(s), cozinha.",181082.45,179000.0,0.0,Leilão SFI - Edital Único,,CAMPINAS,SP,Não
8555526791490,"RUA DOUTOR JOAO QUIRINO DO NASCIMENTO, N. 1495, Apto 105,  BL 02",JARDIM BOA ESPERANCA,"Apartamento, 81.35 de área total, 45.02 de área privativa, 0.00 de área do terreno,  2 qto(s), WC, 1 sala(s), cozinha, 1 vaga(s) de garagem.",313500.0,300000.0,0.0,Leilão SFI - Edital Único,,CAMPINAS,SP,Não
8787713927422,"RUA ALBERTO CARLOS DUPAS VALIN, N. 337, Apto 138, BL 13  13 ANDAR",VILA PALACIOS,"Apartamento, 85.21 de área total, 44.57 de área privativa, 0.00 de área do terreno,  2 qto(s), WC, 1 sala(s), cozinha.",278706.4,260000.0,0.0,Leilão SFI - Edital Único,,CAMPINAS,SP,Não
8787714718231,"RUA UM, N. 45, Apto 203, BL 14",JARDIM NOVA ABOLICAO,"Apartamento, 0.00 de área total, 40.60 de área privativa, 0.00 de área do terreno.",239710.9,216000.0,0.0,Leilão SFI - Edital Único,,CAMPINAS,SP,Não
8787714531581,"RUA SANTA RITA DO PASSA QUATRO, N. 355, Apto 501, TORRE 6",JARDIM NOVA EUROPA,"Apartamento, 101.05 de área total, 45.55 de área privativa, 0.00 de área do terreno,  2 qto(s), a.serv, WC, 1 sala(s), cozinha.",356296.07,319563.4,0.0,Leilão SFI - Edital Único,,CAMPINAS,SP,Não
1787701735258,"RUA SERRA DOURADA, N. 101, Apto 405, TP 1 PAV 4 TORRE 3",JARDIM ITATIAIA,"Apartamento, 107.27 de área total, 55.48 de área privativa, 0.00 de área do terreno,  2 qto(s), WC, 1 sala(s), cozinha, 1 vaga(s) de garagem.",375647.75,332000.0,0.0,Leilão SFI - Edital Único,,CAMPINAS,SP,Não
8787714719440,"RUA GERTRUDES MORO ROSSIN, N. 397, Apto 44, TORRE 09",JARDIM ROSSIN,"Apartamento, 68.40 de área total, 39.12 de área privativa, 0.00 de área do terreno,  2 qto(s), a.serv, WC, 1 sala(s), cozinha.",215279.41,190000.0,0.0,Leilão SFI - Edital Único,,CAMPINAS,SP,Não
8787711895248,"RUA PLACIDA PRETINI, N. 540, Apto 21, 2 PV  BL F",RESIDENCIAL MORADAS DO VALLE,"Apartamento, 58.69 de área total, 51.58 de área privativa, 0.00 de área do terreno,  2 qto(s), WC, 1 sala(s), cozinha, 1 vaga(s) de garagem.",220750.25,194000.0,0.0,Leilão SFI - Edital Único,,CAMPINAS,SP,Não
8555509054504,"AVENIDA COACIARA, N. 1101, Apto 12,  1º ANDAR  BL6",PARQUE DOM PEDRO II,"Apartamento, 64.71 de área total, 57.00 de área privativa, 0.00 de área do terreno,  2 qto(s), a.serv, WC, 1 sala(s), cozinha, 1 vaga(s) de garagem.",242036.79,210000.0,0.0,Leilão SFI - Edital Único,,CAMPINAS,SP,Não
8555536484395,"RUA LUCIANA VON ZUBEN CORVINI, N. 64, Apto 104, BL 10",PARQUE DAS CACHOEIRAS,"Apartamento, 85.64 de área total, 41.14 de área privativa, 0.00 de área do terreno,  2 qto(s), WC, 1 sala(s), cozinha.",281780.61,238615.75,0.0,Leilão SFI - Edital Único,,CAMPINAS,SP,Não
8787706260779,"RUA ANTONIO ROCHA BATISTA, N. 30, Apto 304, BL 05",JARDIM SAO PEDRO DE VIRACOPOS,"Apartamento, 78.11 de área total, 40.51 de área privativa, 0.00 de área do terreno,  2 qto(s), WC, 1 sala(s), cozinha.",244941.91,206000.0,0.0,Leilão SFI - Edital Único,,CAMPINAS,SP,Não
1787701995497,"RUA 03, N. 459, Apto 53, BL 05",RESIDENCIAL NOVO TEMPO,"Apartamento, 95.95 de área total, 46.59 de área privativa, 0.00 de área do terreno,  2 qto(s), a.serv, WC, 1 sala(s), cozinha, 1 vaga(s) de garagem.",290824.07,241000.0,0.0,Leilão SFI - Edital Único,,CAMPINAS,SP,Não
8787717019962,"RUA GERTRUDES MORO ROSSIN, N. 397, Apto 32, TORRE 09",JARDIM ROSSIN,"Apartamento, 0.00 de área total, 39.12 de área privativa, 0.00 de área do terreno.",224266.65,182000.0,0.0,Leilão SFI - Edital Único,,CAMPINAS,SP,Não
8787717568753,"RUA GERTRUDES MORO ROSSIN, N. 397, Apto 34, 3 PV  TORRE 8",JARDIM ROSSIN,"Apartamento, 68.40 de área total, 39.12 de área privativa, 0.00 de área do terreno,  2 qto(s), WC, 1 sala(s), cozinha, 1 vaga(s) de garagem.",230480.07,180000.0,0.0,Leilão SFI - Edital Único,,CAMPINAS,SP,Não
8787707925251,"RUA 03, N. 70, Apto 12, BL F",RESIDENCIAL MORADAS DO VALLE,"Apartamento, 132.87 de área total, 51.58 de área privativa, 0.00 de área do terreno,  2 qto(s), WC, 1 sala(s), cozinha.",244604.8,190000.0,0.0,Leilão SFI - Edital Único,,CAMPINAS,SP,Não
8555534274741,"RUA JAIR LUIZ DOS SANTOS, N. 57, Apto 206, PAV 2 BL 6 VG 168",PARQUE DAS CONSTELACOES,"Apartamento, 57.84 de área total, 47.94 de área privativa, 0.00 de área do terreno,  2 qto(s), a.serv, WC, 1 sala(s), cozinha, 1 vaga(s) de garagem.",297021.9,230000.0,0.0,Leilão SFI - Edital Único,,CAMPINAS,SP,Não
8787707566995,"RUA PEDRO AZEVEDO, N. 67, Apto 1006, TORRE 01",JARDIM DAS CEREJEIRAS,"Apartamento, 55.14 de área total, 46.13 de área privativa, 0.00 de área do terreno,  2 qto(s), WC, 1 sala(s), cozinha.",338571.08,255000.0,0.0,Leilão SFI - Edital Único,,CAMPINAS,SP,Não
8787714742922,"RUA UM, N. 45, Apto 203, BL16",JARDIM NOVA ABOLICAO,"Apartamento, 77.70 de área total, 40.60 de área privativa, 0.00 de área do terreno,  2 qto(s), a.serv, WC, 1 sala(s), cozinha.",252895.76,187500.0,0.0,Leilão SFI - Edital Único,,CAMPINAS,SP,Não
1444408629285,"RUA DOUTOR RAUL GUEDES DE MELO, N. 546, CASA 22  TIPO A",PARQUE XANGRILA,"Casa, 0.00 de área total, 130.69 de área privativa, 226.44 de área do terreno,  3 qto(s), varanda, a.serv, WC, 1 sala(s), 1 lavabo(s), cozinha, 1 vaga(s) de garagem.",1140707.2,845000.0,0.0,Leilão SFI - Edital Único,,CAMPINAS,SP,Não
8444415170428,"RUA ANTONIO CARLOS DO AMARAL, N. 3905, Apto 28, TORRE E",CIDADE SATELITE IRIS,"Apartamento, 59.88 de área total, 44.58 de área privativa, 0.00 de área do terreno,  2 qto(s), a.serv, WC, 1 sala(s), cozinha, 1 vaga(s) de garagem.",237390.15,170000.0,0.0,Leilão SFI - Edital Único,,CAMPINAS,SP,Não
1444423466804,"RUA JOSE LUIS SANTANA, N. 52, LOTE 05  QDN",JARDIM BARONESA,"Casa, 30.05 de área total, 30.05 de área privativa, 169.86 de área do terreno,  1 qto(s), a.serv, WC, 1 sala(s), cozinha.",267772.99,189700.0,0.0,Leilão SFI - Edital Único,,CAMPINAS,SP,Não
8555539951628,"RUA ANTONIO VOLPE, N. 755, Apto 13, TERREO BL A",JARDIM NOVO MARACANA,"Apartamento, 62.06 de área total, 47.44 de área privativa, 0.00 de área do terreno,  2 qto(s), a.serv, WC, 1 sala(s), cozinha, 1 vaga(s) de garagem.",267547.5,185022.68,0.0,Leilão SFI - Edital Único,,CAMPINAS,SP,Não
8555538180970,"RUA VANIA APARECIDA DIAS, N. 299, Apto 54, BL 02",JARDIM DO LAGO CONTINUACAO,"Apartamento, 87.20 de área total, 50.94 de área privativa, 0.00 de área do terreno,  2 qto(s), WC, 1 sala(s), cozinha.",329045.92,217000.0,0.0,Leilão SFI - Edital Único,,CAMPINAS,SP,Não
8444407065092,"RUA RANULFO DE CAMPOS SALES, N. 36, Apto 21,",VILA MARIETA,"Apartamento, 41.28 de área total, 41.28 de área privativa, 0.00 de área do terreno,  2 qto(s), WC, 1 sala(s), cozinha, 1 vaga(s) de garagem.",326039.05,202000.0,0.0,Leilão SFI - Edital Único,,CAMPINAS,SP,Não
8444410435881,"ESTRADA MUNICIPAL, N. 396, Apto 44, BL F, 3 ANDAR",JARDIM IPAUSSURAMA,"Apartamento, 0.00 de área total, 48.79 de área privativa, 0.00 de área do terreno,  2 qto(s).",410798.25,254000.0,0.0,Leilão SFI - Edital Único,,CAMPINAS,SP,Não
8444408919605,"RUA MIGUEL RICCI, N. 310, QD N  LT 12",CONJUNTO MAURO MARCONDES,"Prédio, 40.00 de área total, 40.00 de área privativa, 201.24 de área do terreno, 1 vaga(s) de garagem.",310272.36,170000.0,0.0,Leilão SFI - Edital Único,,CAMPINAS,SP,Não
8787708376537,"RUA DO MEIO, N. 1170, CASA 01, BL 02",CENTRO,"Casa, 111.90 de área total, 52.30 de área privativa, 111.90 de área do terreno,  2 qto(s), a.serv, WC, 2 sala(s), cozinha, 1 vaga(s) de garagem.",93277.9,157405.93,40.75,Venda Online,,CANAS,SP,Não
8787708640269,"RUA DO MEIO, N. 1170, CS 04 BL 02",CENTRO,"Casa, 111.90 de área total, 52.30 de área privativa, 111.90 de área do terreno,  2 qto(s), a.serv, WC, 1 sala(s), cozinha, 1 vaga(s) de garagem.",93277.9,157405.93,40.75,Venda Direta Online,,CANAS,SP,Não
8787708136803,"DO MEIO, N. 1170, CASA 03, BL 04",CENTRO,"Casa, 88.43 de área total, 52.30 de área privativa, 52.50 de área do terreno,  2 qto(s), a.serv, WC, 1 sala(s), cozinha, 1 vaga(s) de garagem.",117860.63,195000.0,39.56,Venda Direta Online,,CANAS,SP,Não
8787708378181,"DO MEIO, N. 1170, CS 03 BL 03",CENTRO,"Casa, 88.43 de área total, 52.30 de área privativa, 111.90 de área do terreno,  2 qto(s), a.serv, WC, 1 sala(s), cozinha, 1 vaga(s) de garagem.",117860.63,195000.0,39.56,Venda Direta Online,,CANAS,SP,Não
8787708488220,"RUA DO MEIO, N. 1170, CS 14 BL 04",CENTRO,"Casa, 52.30 de área total, 52.30 de área privativa, 52.50 de área do terreno,  2 qto(s), a.serv, WC, 1 sala(s), cozinha, 1 vaga(s) de garagem.",149866.75,147000.0,0.0,Leilão SFI - Edital Único,,CANAS,SP,Não
8444434081320,"RUA MARIA JOSE GIMENES GIRALDI, N. 160, QD H LT 10",MARK VILE,"Casa, 46.99 de área total, 46.99 de área privativa, 150.21 de área do terreno,  1 qto(s), a.serv, WC, 1 sala(s), cozinha.",82769.83,145000.0,42.92,Venda Online,,CANITAR,SP,Não
8444435142888,"RUA ALZIRA CAMPOS MAGALHAES, N. 800,  LT F-23 QD F",RESIDENCIAL GIMENEZ,"Prédio, 0.00 de área total, 48.39 de área privativa, 125.00 de área do terreno,  2 qto(s), a.serv, WC, 1 sala(s), cozinha.",89575.84,153000.0,41.46,Licitação Aberta,,CANITAR,SP,Não
8444415268908,"RUA AMELIA PONTIDURA TOTTI, N. 446, LT 2",JARDIM DAS PALMEIRAS,"Casa, 42.50 de área total, 42.50 de área privativa, 163.71 de área do terreno,  1 qto(s), a.serv, WC, 1 sala(s), cozinha.",97185.51,164000.0,40.75,Venda Direta Online,,CANITAR,SP,Não
8444423918991,"RUA LUZIA DA CONCEICAO FONSECA, N. 544, PARTE B DOS LOTES 17 E 18 DA QD F",RESIDENCIAL ESMERALDA,"Casa, 0.00 de área total, 53.04 de área privativa, 133.40 de área do terreno,  1 qto(s), a.serv, WC, 1 sala(s), cozinha.",92444.76,156000.0,40.75,Venda Direta Online,,CANITAR,SP,Não
8444424887585,"RUA ACAIA, N. 1164, PT B LT 22 QD D",RESIDENCIAL TERRA ROXA,"Casa, 54.04 de área total, 54.04 de área privativa, 125.00 de área do terreno,  1 qto(s), a.serv, WC, cozinha.",97778.11,165000.0,40.75,Licitação Aberta,,CANITAR,SP,Não
8444424789818,"RUA ROSA MARCINA POTENDURA EVANGELISTA, N. 38,",NOVA CANITAR,"Casa, 56.16 de área total, 56.16 de área privativa, 182.50 de área do terreno,  2 qto(s).",94815.14,160000.0,40.75,Venda Direta Online,,CANITAR,SP,Não
8444425102506,"RUA DAS MARGARIDAS, N. 62, LT 23 QD E",JIM VILLE,"Casa, 55.15 de área total, 55.15 de área privativa, 160.00 de área do terreno,  2 qto(s), a.serv, WC, 1 sala(s), cozinha.",94815.14,160000.0,40.75,Venda Direta Online,,CANITAR,SP,Não
8444434505790,"AVENIDA MANOEL FENANDES CABETE, N. 598, LOTE 10 QUADRA B",RESIDENCIAL GIMENEZ,"Casa, 48.99 de área total, 48.99 de área privativa, 125.60 de área do terreno,  2 qto(s), a.serv, WC, 1 sala(s), cozinha.",94815.14,160000.0,40.75,Licitação Aberta,,CANITAR,SP,Não
8444435515102,"RUA ALZIRA CAMPOS MAGALHAES, N. 760, LOTE F28 QUADRA F",RESIDENCIAL GIMENEZ,"Casa, 49.05 de área total, 49.05 de área privativa, 125.00 de área do terreno,  1 qto(s), a.serv, WC, 1 sala(s), cozinha.",94815.14,160000.0,40.75,Licitação Aberta,,CANITAR,SP,Não
8444436670861,"RUA ALZIRA CAMPOS MAGALHAES, N. 950, LOTE F5 QUADRA F",RESIDENCIAL GIMENEZ,"Casa, 39.19 de área total, 39.16 de área privativa, 125.00 de área do terreno,  1 qto(s), a.serv, WC, 1 sala(s), cozinha, 1 vaga(s) de garagem.",172000.0,172000.0,0.0,Leilão SFI - Edital Único,,CANITAR,SP,Não
8444424993881,"RUA BENEDITO LUIZ, N. 320, PARTE C LT 09 E 10 QD E",RESIDENCIAL ESMERALDA,"Casa, 48.03 de área total, 48.03 de área privativa, 133.20 de área do terreno,  2 qto(s), a.serv, WC, 1 sala(s), cozinha, 1 vaga(s) de garagem.",145340.81,145000.0,0.0,Leilão SFI - Edital Único,,CANITAR,SP,Não
8444436117097,"RUA ALZIRA CAMPOS MAGALHAES, N. 740, LT F30 QD F",RESIDENCIAL GIMENEZ,"Casa, 44.85 de área total, 44.85 de área privativa, 125.00 de área do terreno,  2 qto(s), a.serv, WC, 1 sala(s), cozinha, 1 vaga(s) de garagem.",182487.84,169000.0,0.0,Leilão SFI - Edital Único,,CANITAR,SP,Não
8444417995840,"RUA AMÉLIA PONTEDURA TOTTI, N. 508, 508  11",JARDIM DAS PALMEIRAS,"Casa, 35.00 de área total, 35.00 de área privativa, 150.00 de área do terreno,  1 qto(s), a.serv, WC, 1 sala(s), cozinha, 1 vaga(s) de garagem.",105265.23,90000.0,0.0,Leilão SFI - Edital Único,,CANITAR,SP,Não
8444425838464,"RUA DAS AZALEIAS, N. SN, LT 377 QD 05",JARDIM SANTA RITA DE CASSIA,"Terreno, 0.00 de área total, 0.00 de área privativa, 125.00 de área do terreno.",46472.85,80000.0,41.91,Venda Direta Online,,CAPIVARI,SP,Não
8444423881036,"RUA DAS PALMEIRAS, N. 31,",JARDIM SANTA RITA DE CASSIA,"Casa, 37.59 de área total, 37.56 de área privativa, 126.00 de área do terreno,  2 qto(s), a.serv, WC, 1 sala(s), cozinha, 2 vaga(s) de garagem.",83135.75,142000.0,41.46,Licitação Aberta,,CAPIVARI,SP,Não
8444424304091,"RUA DAS VIOLETAS, N. 0, LT 02-A",JARDIM SANTA RITA DE CASSIA,"Terreno, 0.00 de área total, 0.00 de área privativa, 126.00 de área do terreno.",74280.62,113000.0,34.27,Venda Direta Online,,CAPIVARI,SP,Não
1444422018468,"RUA RUBENS CASADO, N. SN,  LT 45 QD J",MORRO AMARELO,"Casa, 116.05 de área total, 116.05 de área privativa, 250.94 de área do terreno,  3 qto(s), a.serv, WC, 1 sala(s), 1 lavabo(s), cozinha.",628928.31,545500.0,0.0,Leilão SFI - Edital Único,,CAPIVARI,SP,Não
8444427403953,"RUA DOS GIRASSOIS, N. 40-B, QD 02",JARDIM SANTA RITA DE CASSIA,"Terreno, 0.00 de área total, 0.00 de área privativa, 125.00 de área do terreno.",172189.3,45000.0,0.0,Leilão SFI - Edital Único,,CAPIVARI,SP,Não
1444419006632,"RUA JOSE VIEIRA DA MOTA, N. SN, LT 16, 17 E 18 QD 05",LOTEAMENTO BALNEARIO CAMBURI,"Terreno, 0.00 de área total, 0.00 de área privativa, 1440.00 de área do terreno.",801613.92,1324000.0,39.46,Venda Direta Online,,CARAGUATATUBA,SP,Sim
8787713760250,"AVENIDA CATAGUA, N. 802, Apto 47, BL B",JARDIM SANTA TEREZA,"Apartamento, 91.41 de área total, 44.62 de área privativa, 0.00 de área do terreno,  2 qto(s), a.serv, WC, 1 sala(s), cozinha, 1 vaga(s) de garagem.",139015.11,230000.0,39.56,Licitação Aberta,,CARAPICUIBA,SP,Não
8787714110780,"AVENIDA CATAGUA, N. 802, Apto 02, BL A",JARDIM SANTA TEREZA,"Apartamento, 93.73 de área total, 46.85 de área privativa, 0.00 de área do terreno,  2 qto(s), a.serv, WC, 1 sala(s), cozinha, 1 vaga(s) de garagem.",139015.11,230000.0,39.56,Licitação Aberta,,CARAPICUIBA,SP,Não
8787714937111,"AVENIDA CATAGUA, N. 802, Apto 127, BL A",JARDIM SANTA TEREZA,"Apartamento, 91.40 de área total, 44.62 de área privativa, 0.00 de área do terreno,  2 qto(s), a.serv, WC, 1 sala(s), cozinha, 1 vaga(s) de garagem.",140223.93,232000.0,39.56,Licitação Aberta,,CARAPICUIBA,SP,Não
8787717084551,"RUA CATAGUA, N. 802, Apto 143, BL A",JARDIM SANTA TEREZA,"Apartamento, 91.40 de área total, 44.62 de área privativa, 0.00 de área do terreno,  1 qto(s), WC, 1 sala(s), cozinha, 1 vaga(s) de garagem.",162260.69,265000.0,38.77,Licitação Aberta,,CARAPICUIBA,SP,Não
8787720374816,"RUA RESEDA, N. 109, Apto 104, PAV 10 TORRE 2 HIS",POUSADA DOS BANDEIRANTES,"Apartamento, 0.00 de área total, 35.02 de área privativa, 0.00 de área do terreno, 1 vaga(s) de garagem.",159199.17,260000.0,38.77,Venda Direta Online,,CARAPICUIBA,SP,Não
8444416229000,"RUA VITORIA, N. 43, Apto 46, PAV 03",CJ HAB PRES CASTELO,"Apartamento, 54.61 de área total, 51.40 de área privativa, 0.00 de área do terreno,  2 qto(s), a.serv, WC, 1 sala(s), cozinha.",101904.73,165000.0,38.24,Licitação Aberta,,CARAPICUIBA,SP,Não
1444407435371,"ESTRADA DO ADERNO, N. 358, Apto 22, BL 07",VILA SILVIANIA,"Apartamento, 51.11 de área total, 46.85 de área privativa, 0.00 de área do terreno,  2 qto(s), a.serv, WC, 1 sala(s), cozinha, 1 vaga(s) de garagem.",108080.77,175000.0,38.24,Licitação Aberta,,CARAPICUIBA,SP,Não
8137009024432,"RUA ANTONIO RICARDO, N. 38, Apto 32, 3º ANDAR, ED. SOROCABA",VILA LOURDES,"Apartamento, 52.11 de área total, 46.97 de área privativa, 0.00 de área do terreno,  2 qto(s), WC, 1 sala(s), cozinha, 1 vaga(s) de garagem.",116443.31,185000.0,37.06,Venda Direta Online,,CARAPICUIBA,SP,Não
8444407182994,"RUA CAMBARA, N. 150, Apto 02, ED MADRI",VILA VELOSO,"Apartamento, 50.82 de área total, 46.97 de área privativa, 0.00 de área do terreno,  2 qto(s), a.serv, WC, 1 sala(s), cozinha, 1 vaga(s) de garagem.",116199.23,184612.22,37.06,Venda Direta Online,,CARAPICUIBA,SP,Não
1787701727204,"AVENIDA CATAGUA, N. 802, Apto 88, BL B",JARDIM SANTA TEREZA,"Apartamento, 93.36 de área total, 45.72 de área privativa, 0.00 de área do terreno,  2 qto(s), a.serv, WC, 1 sala(s), cozinha, 1 vaga(s) de garagem.",144767.36,230000.0,37.06,Licitação Aberta,,CARAPICUIBA,SP,Não
1444403175570,"RUA RIO GRANDE DO SUL, N. 87, Apto 23,",CONJUNTO HABITACIONAL PRESIDENTE CASTELO,"Apartamento, 49.10 de área total, 42.83 de área privativa, 0.00 de área do terreno.",120219.85,191000.0,37.06,Venda Direta Online,,CARAPICUIBA,SP,Não
1555533169113,"ESTRADA DO COPIUVA, N. 1310, Apto 52, BL 02",VILA SILVIANIA,"Apartamento, 138.95 de área total, 66.07 de área privativa, 0.00 de área do terreno,  3 qto(s), a.serv, WC, 1 sala(s), cozinha, 1 vaga(s) de garagem.",210313.72,330000.0,36.27,Licitação Aberta,,CARAPICUIBA,SP,Não
8787707152597,"ESTRADA DA GABIROBA, N. 310, Apto 47, 4° ANDAR BL 2",JARDIM SANTO ESTEVAO,"Apartamento, 71.09 de área total, 36.19 de área privativa, 0.00 de área do terreno,  1 qto(s), a.serv, WC, 1 sala(s), cozinha, 1 vaga(s) de garagem.",152955.43,240000.0,36.27,Licitação Aberta,,CARAPICUIBA,SP,Não
1444416455290,"RUA LUIS VAZ DE CAMOES, N. 37, QD A LT 4",JD MARIA HONORIA,"Prédio, 130.00 de área total, 54.95 de área privativa, 125.00 de área do terreno,  1 qto(s), 2 vaga(s) de garagem.",295000.0,295000.0,0.0,Leilão SFI - Edital Único,,CARAPICUIBA,SP,Não
8787714881060,"RUA FERRUCIO BRINATTI, N. 445, Apto 502, TORRE 3",VILA SUL AMERICANA,"Apartamento, 79.00 de área total, 38.87 de área privativa, 0.00 de área do terreno,  2 qto(s), WC, 1 sala(s), cozinha, 1 vaga(s) de garagem.",330000.0,330000.0,0.0,Leilão SFI - Edital Único,,CARAPICUIBA,SP,Não
8555525476086,"ESTRADA DO COPIUVA, N. 1140, Apto 154, 15 PV  BL 02",VILA SILVANIA,"Apartamento, 80.45 de área total, 43.91 de área privativa, 0.00 de área do terreno,  2 qto(s), a.serv, WC, 1 sala(s), cozinha, 1 vaga(s) de garagem.",190000.0,190000.0,0.0,Leilão SFI - Edital Único,,CARAPICUIBA,SP,Não
8555516451300,"ESTRADA TAMBORY, N. 1328, Apto 12,  EDIFICIO MARGARIDA",VILA MERCES,"Apartamento, 57.44 de área total, 51.10 de área privativa, 0.00 de área do terreno,  2 qto(s), WC, 1 sala(s), cozinha, 1 vaga(s) de garagem.",233000.0,233000.0,0.0,Leilão SFI - Edital Único,,CARAPICUIBA,SP,Não
8555524620388,"ESTRADA TAMBORY, N. 1395, Apto 52, 5° ANDAR  BL03",VILA MERCES,"Apartamento, 83.14 de área total, 49.96 de área privativa, 0.00 de área do terreno,  2 qto(s), a.serv, WC, 1 sala(s), cozinha, 1 vaga(s) de garagem.",265000.0,265000.0,0.0,Leilão SFI - Edital Único,,CARAPICUIBA,SP,Não
8555502143927,"RUA ILHA BELA, N. 784, QD 71  LT 16B",CIDADE ARISTON ESTELA AZEVEDO,"Casa, 55.00 de área total, 55.00 de área privativa, 128.00 de área do terreno,  3 qto(s), a.serv, WC, 1 sala(s), cozinha, Terraco, 1 vaga(s) de garagem.",316356.09,316356.09,0.0,Leilão SFI - Edital Único,,CARAPICUIBA,SP,Não
8787708338490,"ESTRADA DA GABIROBA, N. 310, Apto 116, BL 04",JARDIM SANTO ESTEVAO,"Apartamento, 0.00 de área total, 38.70 de área privativa, 0.00 de área do terreno, 1 vaga(s) de garagem.",258000.0,258000.0,0.0,Leilão SFI - Edital Único,,CARAPICUIBA,SP,Não
1787701742025,"RUA CATAGUA, N. 802, Apto 78,  BL A",JARDIM SANTA TEREZA,"Apartamento, 93.34 de área total, 42.40 de área privativa, 0.00 de área do terreno,  2 qto(s), WC, 1 sala(s), cozinha, 1 vaga(s) de garagem.",255000.0,255000.0,0.0,Leilão SFI - Edital Único,,CARAPICUIBA,SP,Não
8444428167960,"AVENIDA PRESIDENTE TANCREDO DE ALMEIDA NEVES, N. 677, Apto 53-B,",CONJUNTO HABITACIONAL PRESIDENTE CASTELO,"Apartamento, 50.41 de área total, 46.42 de área privativa, 0.00 de área do terreno,  2 qto(s).",179000.0,179000.0,0.0,Leilão SFI - Edital Único,,CARAPICUIBA,SP,Não
1555512638904,"PASSAGEM ABARE, N. 1502, CS 31",CHACARA SAO DOMINGOS,"Casa, 83.13 de área total, 83.13 de área privativa, 125.03 de área do terreno, 2 vaga(s) de garagem.",726000.0,726000.0,0.0,Leilão SFI - Edital Único,,CARAPICUIBA,SP,Não
8444413718132,"RUA SETE LAGOAS, N. 201, Apto 21,",CONJUNTO HABITACIONAL PRESIDENTE CASTELO,"Apartamento, 55.40 de área total, 50.70 de área privativa, 0.00 de área do terreno,  2 qto(s), a.serv, WC, 1 sala(s), cozinha.",193868.53,190000.0,0.0,Leilão SFI - Edital Único,,CARAPICUIBA,SP,Não
8787716739902,"RUA CATAGUA, N. 802, Apto 148, BL A",JARDIM SANTA TEREZA,"Apartamento, 93.36 de área total, 45.72 de área privativa, 0.00 de área do terreno,  2 qto(s), WC, 1 sala(s), cozinha, 1 vaga(s) de garagem.",276452.91,270000.0,0.0,Leilão SFI - Edital Único,,CARAPICUIBA,SP,Não
8787715067455,"RUA CATAGUA, N. 802, Apto 95, BL A  9 ANDAR",JARDIM SANTA TEREZA,"Apartamento, 93.36 de área total, 45.72 de área privativa, 0.00 de área do terreno,  2 qto(s), WC, 1 sala(s), cozinha, 1 vaga(s) de garagem.",266587.97,260000.0,0.0,Leilão SFI - Edital Único,,CARAPICUIBA,SP,Não
1444414987686,"RUA AMERICANA, N. 121, Apto 51A, LOT CONJ HAB CASTELO BRANCO",CONJUNTO HABITACIONAL PRESIDENTE CASTELO,"Apartamento, 50.41 de área total, 46.42 de área privativa, 0.00 de área do terreno,  2 qto(s), a.serv, WC, 1 sala(s), cozinha.",192784.66,182000.0,0.0,Leilão SFI - Edital Único,,CARAPICUIBA,SP,Não
8444430190590,"RUA PROJETADA 21, N. 166, LT 10 QD 34",RESIDENCIAL JULIO RAMOS,"Casa, 45.47 de área total, 45.47 de área privativa, 200.00 de área do terreno,  2 qto(s), a.serv, WC, 1 sala(s), cozinha.",88990.38,152000.0,41.46,Licitação Aberta,,CATANDUVA,SP,Não
8787719251536,"RUA DA SINCERIDADE, N. 50, LT 22 QD 09 - ANTIGA RUA PROJETADA 5",RESIDENCIAL NOVA CATANDUVA III,"Casa, 43.85 de área total, 43.85 de área privativa, 160.00 de área do terreno,  2 qto(s), a.serv, WC, 1 sala(s), cozinha, 2 vaga(s) de garagem.",104889.24,177000.0,40.75,Venda Direta Online,,CATANDUVA,SP,Não
8787720313175,"RUA DAS ROMAS, N. 151,",RESIDENCIAL NOVA CATANDUVA III,"Casa, 43.85 de área total, 43.85 de área privativa, 160.00 de área do terreno,  2 qto(s), varanda, a.serv, WC, 1 sala(s), cozinha, 1 vaga(s) de garagem.",103704.06,175000.0,40.75,Venda Online,,CATANDUVA,SP,Não
8787716265200,"R DA DISCIPLINA (ANT R PROJETADA 20), N. 242, QD 34 LT 41",NOVA CATANDUVA III,"Casa, 98.96 de área total, 43.85 de área privativa, 160.00 de área do terreno,  2 qto(s), a.serv, WC, 2 sala(s), cozinha.",114838.57,190000.0,39.56,Venda Direta Online,,CATANDUVA,SP,Não
8787706970709,"RUA URUGUAIANA, N. 1931, Apto 101, 1PAV  BL 9 VG 139",JARDIM GLORIA,"Apartamento, 41.85 de área total, 41.85 de área privativa, 0.00 de área do terreno,  2 qto(s), a.serv, WC, 1 sala(s), cozinha, 1 vaga(s) de garagem.",113025.32,187000.0,39.56,Licitação Aberta,,CATANDUVA,SP,Não
8444434741150,"RUA DAS ROMAS, N. 428, LT 02, QD 07",RESIDENCIAL NOVA CATANDUVA I,"Casa, 63.97 de área total, 42.97 de área privativa, 172.12 de área do terreno,  2 qto(s), a.serv, WC, 1 sala(s), cozinha.",111212.08,184000.0,39.56,Venda Direta Online,,CATANDUVA,SP,Não
8787717640640,"RUA DA JUSTICA, N. 862, LT 27 QD 21",RESIDENCIAL NOVA CATANDUVA III,"Casa, 43.85 de área total, 43.85 de área privativa, 0.00 de área do terreno,  2 qto(s), a.serv, WC, 1 sala(s), cozinha, 1 vaga(s) de garagem.",119752.29,198129.74,39.56,Venda Direta Online,,CATANDUVA,SP,Não
8787718343810,"RUA DA PRUDENCIA, N. 71, LT 18 QD 29",RESIDENCIAL NOVA CATANDUVA III,"Casa, 43.85 de área total, 43.85 de área privativa, 184.56 de área do terreno,  2 qto(s), varanda, a.serv, WC, 1 sala(s), cozinha.",122454.18,202600.0,39.56,Licitação Aberta,,CATANDUVA,SP,Não
1444417877121,"RUA CARDOSO, N. 43, Apto 22, BL 2 A/B",JARDIM SOTO,"Apartamento, 52.46 de área total, 43.07 de área privativa, 0.00 de área do terreno,  2 qto(s), a.serv, WC, 1 sala(s), cozinha, 1 vaga(s) de garagem.",91570.92,150000.0,38.96,Venda Direta Online,,CATANDUVA,SP,Não
10304797,"RUA CORDEIROPOLIS, QD 11, LT 10",JARDIM DEL REY,"Terreno, 0.00 de área total, 0.00 de área privativa, 265.00 de área do terreno.",180000.0,180000.0,0.0,Leilão SFI - Edital Único,,CATANDUVA,SP,Não
8787706939445,"RUA AUGUSTO CANOSO, N. 467, Apto 24, BL 03",PARQUE JOAQUIM LOPES,"Apartamento, 88.29 de área total, 40.04 de área privativa, 0.00 de área do terreno,  2 qto(s), a.serv, WC, 1 sala(s), cozinha, 1 vaga(s) de garagem.",185000.0,185000.0,0.0,Leilão SFI - Edital Único,,CATANDUVA,SP,Não
8787714661663,"RUA URUGUAIANA, N. 2157, Apto 104, TERREO BL 07",SAO FRANCISCO,"Apartamento, 119.04 de área total, 41.85 de área privativa, 0.00 de área do terreno,  2 qto(s), WC, 1 sala(s), cozinha, 1 vaga(s) de garagem.",205000.0,205000.0,0.0,Leilão SFI - Edital Único,,CATANDUVA,SP,Não
8787715135183,"RUA DA MISERICORDIA, N. 114, LT 22 QD 44",RESIDENCIAL NOVA CATANDUVA III,"Casa, 43.85 de área total, 43.85 de área privativa, 162.62 de área do terreno,  2 qto(s), a.serv, WC, 1 sala(s), cozinha.",210000.0,210000.0,0.0,Leilão SFI - Edital Único,,CATANDUVA,SP,Não
8787705341732,"RUA ITUVERAVA, N. 55, Apto 401, BL 01",JARDIM SOTO,"Apartamento, 92.00 de área total, 41.85 de área privativa, 0.00 de área do terreno,  2 qto(s), a.serv, WC, 1 sala(s), cozinha, 1 vaga(s) de garagem.",170989.2,167000.0,0.0,Leilão SFI - Edital Único,,CATANDUVA,SP,Não
8787715118238,"RUA DA MISERICORDIA, N. 34, LT 14 QD 45 ANTIGA RUA PROJETADA 25",RESIDENCIAL NOVA CATANDUVA III,"Casa, 43.85 de área total, 43.85 de área privativa, 170.00 de área do terreno,  2 qto(s), a.serv, WC, 1 sala(s), cozinha.",179873.77,170000.0,0.0,Leilão SFI - Edital Único,,CATANDUVA,SP,Não
8444438115334,"RUA LUIZ CARLOS SIQUEIRA CHAVES, N. 53, LT 29 QD 34 ANTIGA RUA PROJETADA 22",RESIDENCIAL JULIO RAMOS,"Casa, 45.47 de área total, 45.47 de área privativa, 200.00 de área do terreno,  2 qto(s), a.serv, WC, 1 sala(s), cozinha.",192970.31,172000.0,0.0,Leilão SFI - Edital Único,,CATANDUVA,SP,Não
8444425607438,"RUA PROJETADA 0, N. SN, LT 27 QD 30",JARDIM GALANTE,"Terreno, 0.00 de área total, 0.00 de área privativa, 250.00 de área do terreno.",57171.8,102616.5,44.29,Venda Direta Online,,CEDRAL,SP,Não
8444421259222,"RUA REINALDO BOTTINO, N. 393, LT 17  QD K",RESIDENCIAL BELA AURORA,"Casa, 38.85 de área total, 38.85 de área privativa, 180.00 de área do terreno.",148500.0,148500.0,0.0,Leilão SFI - Edital Único,,CEDRAL,SP,Não
8787720050786,"RUA FLOR DE LIS, N. 175, LT 472 QD Q",NOVO HORIZONTE,"Casa, 48.13 de área total, 48.13 de área privativa, 160.00 de área do terreno,  1 qto(s), WC, 1 sala(s), cozinha, 1 vaga(s) de garagem.",190000.0,190000.0,0.0,Leilão SFI - Edital Único,,CERQUEIRA CESAR,SP,Não
8555535641624,"RUA TOPAZIO, N. 441, Apto 44, 4 ANDAR VG 287",RESIDENCIAL OURO VERDE,"Apartamento, 62.26 de área total, 49.49 de área privativa, 0.00 de área do terreno,  2 qto(s), varanda, a.serv, WC, 1 sala(s), cozinha, 1 vaga(s) de garagem.",122091.53,202000.0,39.56,Licitação Aberta,,CERQUILHO,SP,Não
8787717075196,"RUA DO TAQUARAL, N. 750, Apto 68, VG 68",VILA ESTIVA,"Apartamento, 45.38 de área total, 88.20 de área privativa, 0.00 de área do terreno,  2 qto(s), a.serv, WC, 1 sala(s), cozinha, 1 vaga(s) de garagem.",115133.4,190487.81,39.56,Licitação Aberta,,CERQUILHO,SP,Não
8444433716798,"RUA ATALIBIO PIRES, N. 351, QD B  LT 19",SAO LUIZ,"Casa, 121.27 de área total, 121.27 de área privativa, 219.04 de área do terreno,  2 qto(s), a.serv, WC, 1 sala(s), cozinha.",315000.0,315000.0,0.0,Leilão SFI - Edital Único,,CERQUILHO,SP,Não
1444418366228,"RUA EDUARDO GAYOTTO, N. 127, 20",CHAVE BARROS,"Casa, 198.80 de área total, 198.80 de área privativa, 360.00 de área do terreno,  3 qto(s), varanda, a.serv, WC, 2 sala(s), cozinha, 2 vaga(s) de garagem.",808931.03,808931.03,0.0,Leilão SFI - Edital Único,,CERQUILHO,SP,Não
8555537347944,"RUA VEREADOR JOAO TREVISAN, N. 1667, LT 28",RESIDENCIAL DOM LAZARO,"Casa, 109.81 de área total, 58.82 de área privativa, 166.03 de área do terreno,  2 qto(s), a.serv, WC, 1 sala(s), cozinha.",295000.0,295000.0,0.0,Leilão SFI - Edital Único,,CESARIO LANGE,SP,Não
8787718435382,"RUA BOLIVIA, N. 605, LT 39 QD 10",JARDIM TROPICAL,"Casa, 43.92 de área total, 43.92 de área privativa, 200.00 de área do terreno,  2 qto(s), a.serv, WC, 1 sala(s), cozinha.",93629.95,158000.0,40.75,Venda Direta Online,,COLINA,SP,Não
8444425588743,"RUA B, N. 514, QD 04 LT 06",DESMEMBRAMENTO PARKE,"Prédio, 53.79 de área total, 53.79 de área privativa, 250.00 de área do terreno, 1 vaga(s) de garagem.",173000.0,173000.0,0.0,Leilão SFI - Edital Único,,COLINA,SP,Não
8555537849125,"RODOVIA CONSTANTE PERUCHI, N. 777, Apto 1402, BL 14  PV TÉRREO  HIS",BAIRRO DO CASCALHO,"Apartamento, 71.85 de área total, 48.48 de área privativa, 0.00 de área do terreno,  2 qto(s), WC, 1 sala(s), cozinha, 1 vaga(s) de garagem.",235000.0,235000.0,0.0,Leilão SFI - Edital Único,,CORDEIROPOLIS,SP,Não
8444434823199,"RUA ANTONIO BATISTA DA SILVEIRA, N. 765, LT D QD 09A",CENTRO,"Casa, 74.13 de área total, 74.13 de área privativa, 92.35 de área do terreno,  2 qto(s), a.serv, WC, 1 sala(s), cozinha, 1 vaga(s) de garagem.",166000.0,165000.0,0.0,Leilão SFI - Edital Único,,COSMORAMA,SP,Não
8555538401357,"RUA DOUTORA APARECIDA FERNANDES DE JESUS, N. 391, Apto 44, BL 04",JARDIM PETROPOLIS,"Apartamento, 80.28 de área total, 38.72 de área privativa, 0.00 de área do terreno,  2 qto(s), a.serv, WC, 1 sala(s), cozinha.",241401.05,415000.0,41.84,Venda Direta Online,,COTIA,SP,Sim
1444404144236,"RUA DOS COQUEIRAIS, N. 65, Apto 45,",JARDIM PETROPOLIS,"Apartamento, 0.00 de área total, 46.10 de área privativa, 0.00 de área do terreno,  2 qto(s), a.serv, WC, 1 sala(s), cozinha, 1 vaga(s) de garagem.",151539.14,257057.0,41.05,Venda Online,,COTIA,SP,Não
8555522142179,"RUA TULIPA NEGRA, N. 80, Apto 32, TORRE 02, 3º ANDAR",GRACA,"Apartamento, 92.44 de área total, 43.70 de área privativa, 0.00 de área do terreno,  2 qto(s), varanda, a.serv, WC, 1 sala(s), cozinha, 1 vaga(s) de garagem.",107607.26,181586.64,40.75,Venda Direta Online,,COTIA,SP,Não
8555536105726,"RUA DOUTORA APARECIDA FERNANDES DE JESUS, N. 583, Apto 22, BL 11",GRACA,"Apartamento, 75.78 de área total, 38.72 de área privativa, 0.00 de área do terreno,  2 qto(s), a.serv, WC, 1 sala(s), cozinha.",97778.11,165000.0,40.75,Licitação Aberta,,COTIA,SP,Não
8555536266657,"RUA DRA. APARECIDA FERNANDES DE JESUS DOMINGUES, N. 583, Apto 43, 4º PAV, BL 35",GRACA,"Apartamento, 75.78 de área total, 38.72 de área privativa, 0.00 de área do terreno,  2 qto(s), a.serv, WC, 1 sala(s), cozinha.",95407.73,161000.0,40.75,Venda Direta Online,,COTIA,SP,Não
8787709471304,"RUA GLORIA MARIA LEONI LUNARDI, N. 275, Apto 32, BL 03",LAGEADO,"Apartamento, 95.88 de área total, 53.23 de área privativa, 0.00 de área do terreno,  2 qto(s), a.serv, WC, 1 sala(s), cozinha, 1 vaga(s) de garagem.",106667.03,180000.0,40.75,Licitação Aberta,,COTIA,SP,Não
8787705118553,"RUA AMERICO FLORIANO DE TOLEDO, N. 175, Apto 404, BL 10",RINCAO,"Apartamento, 44.65 de área total, 38.92 de área privativa, 0.00 de área do terreno,  2 qto(s), 1 vaga(s) de garagem.",126110.88,208650.0,39.56,Venda Direta Online,,COTIA,SP,Não
8787706514932,"RUA VEREADOR NELSON JOAQUIM DA SILVA, N. 315, Apto 07, BL 01",NOVO LAJEADO,"Apartamento, 89.04 de área total, 48.09 de área privativa, 0.00 de área do terreno,  2 qto(s), a.serv, WC, 1 sala(s), cozinha, 1 vaga(s) de garagem.",130553.32,216000.0,39.56,Venda Direta Online,,COTIA,SP,Não
8787712953403,"RUA JOSE MANOEL DE OLIVEIRA, N. 743, Apto 06, BL D",CENTRO (CAUCAIA DO ALTO),"Apartamento, 96.73 de área total, 67.14 de área privativa, 0.00 de área do terreno,  2 qto(s), a.serv, WC, 1 sala(s), cozinha, 1 vaga(s) de garagem.",132970.97,220000.0,39.56,Venda Direta Online,,COTIA,SP,Não
8787713083623,"RUA JOSE MANOEL DE OLIVEIRA, N. 743, Apto 203, BL D",CENTRO (CAUCAIA DO ALTO),"Apartamento, 72.31 de área total, 45.18 de área privativa, 0.00 de área do terreno,  2 qto(s), a.serv, WC, 1 sala(s), cozinha, 1 vaga(s) de garagem.",122695.94,203000.0,39.56,Venda Direta Online,,COTIA,SP,Não
8787714510363,"RUA JOSE MANOEL DE OLIVEIRA, N. 743, Apto 05, PAV. TÉRREO, BL B",CENTRO (CAUCAIA DO ALTO),"Apartamento, 119.35 de área total, 87.48 de área privativa, 0.00 de área do terreno,  2 qto(s), WC, 1 sala(s), cozinha, 1 vaga(s) de garagem.",136639.35,226069.32,39.56,Venda Direta Online,,COTIA,SP,Não
8555526982945,"RUA DOUTORA APARECIDA FERNANDES DE JESUS, N. 191, Apto 03, BL 9 TIPO 1",JARDIM PETROPOLIS,"Apartamento, 114.61 de área total, 45.11 de área privativa, 0.00 de área do terreno,  2 qto(s), a.serv, WC, 1 sala(s), cozinha, 1 vaga(s) de garagem.",118465.05,196000.0,39.56,Venda Direta Online,,COTIA,SP,Não
8555527013962,"RUA DOUTORA APARECIDA FERNANDES DE JESUS, N. 191, Apto 24, PRÉDIO 02",JARDIM PETROPOLIS,"Apartamento, 51.70 de área total, 45.11 de área privativa, 0.00 de área do terreno,  2 qto(s), a.serv, WC, 1 sala(s), cozinha.",114838.57,190000.0,39.56,Venda Direta Online,,COTIA,SP,Não
8555535589894,"RUA DOUTORA APARECIDA FERNANDES DE JESUS, N. 583, Apto 33, BL 03",JARDIM PETROPOLIS,"Apartamento, 75.78 de área total, 38.72 de área privativa, 0.00 de área do terreno,  2 qto(s), a.serv, WC, 1 sala(s), cozinha.",111350.23,184228.56,39.56,Venda Direta Online,,COTIA,SP,Não
8444416590633,"RUA LENCOIS, N. 171, Apto 12,",JARDIM ARARUAMA,"Apartamento, 108.46 de área total, 49.75 de área privativa, 0.00 de área do terreno,  2 qto(s), WC, 1 sala(s), cozinha, 1 vaga(s) de garagem.",111816.5,185000.0,39.56,Licitação Aberta,,COTIA,SP,Não
8555516678526,"RUA MARIA JOSE CELESTINO SAAD, N. 245, Apto 02, TORRE 1",JARDIM ISIS,"Apartamento, 96.80 de área total, 44.33 de área privativa, 0.00 de área do terreno,  2 qto(s), WC, 1 sala(s), cozinha, 1 vaga(s) de garagem.",128316.1,212298.53,39.56,Venda Direta Online,,COTIA,SP,Não
8555539174028,"R DRA APARECIDA FERNANDES DE JESUS DOMINGUES, N. 391, Apto 12, BL 15",JARDIM CLAUDIO,"Apartamento, 80.28 de área total, 38.72 de área privativa, 0.00 de área do terreno,  2 qto(s), a.serv, WC, 1 sala(s), cozinha, 1 vaga(s) de garagem.",120882.7,200000.0,39.56,Venda Direta Online,,COTIA,SP,Não
8555536053998,"RUA DRA APARECIDA FERNANDES DE JESUS DOMINGUES, N. 583, Apto 12, BL 11",GRACA,"Apartamento, 75.78 de área total, 38.72 de área privativa, 0.00 de área do terreno,  2 qto(s), a.serv, WC, 1 sala(s), cozinha.",117860.63,195000.0,39.56,Venda Direta Online,,COTIA,SP,Não
8555537813767,"RUA DOUTORA APARECIDA FERNANDES DE JESUS, N. 583, Apto 03, BL 10",GRACA,"Apartamento, 75.78 de área total, 38.72 de área privativa, 0.00 de área do terreno,  2 qto(s), a.serv, WC, 1 sala(s), cozinha.",111816.5,185000.0,39.56,Venda Online,,COTIA,SP,Não
8555517694290,"R MALGAXE, N. 758, Apto 79, BL 40",OUTEIRO DE PASSARGADA,"Apartamento, 134.89 de área total, 46.84 de área privativa, 0.00 de área do terreno,  2 qto(s), a.serv, WC, 1 sala(s), cozinha, 1 vaga(s) de garagem.",117860.63,195000.0,39.56,Venda Direta Online,,COTIA,SP,Não
8787713763110,"RUA VEREADOR NELSON JOAQUIM DA SILVA, N. 679, Apto 02, BL 04",LAGEADO,"Apartamento, 92.37 de área total, 48.09 de área privativa, 0.00 de área do terreno,  2 qto(s), WC, 1 sala(s), cozinha, Terraco, 1 vaga(s) de garagem.",135993.04,225000.0,39.56,Licitação Aberta,,COTIA,SP,Não
8555534952901,"ESTRADA DOS PEREIRAS, N. 2040, CS 147",CAUCAIA DO ALTO,"Casa, 109.70 de área total, 49.52 de área privativa, 100.46 de área do terreno,  2 qto(s), WC, 1 sala(s), 1 lavabo(s), cozinha, 1 vaga(s) de garagem.",144503.86,236000.0,38.77,Venda Direta Online,,COTIA,SP,Não
8787712885785,"RUA VEREADOR NELSON JOAQUIM DA SILVA, N. 750, Apto 18, BL 01 1 SUBSOLO",NOVO LAJEADO,"Apartamento, 86.59 de área total, 50.20 de área privativa, 0.00 de área do terreno,  2 qto(s), WC, 1 sala(s), cozinha, 1 vaga(s) de garagem.",148789.99,243000.0,38.77,Venda Direta Online,,COTIA,SP,Não
8787714582429,"RUA JOSE MANOEL DE OLIVEIRA, N. 713, CASA Nº 08",CENTRO (CAUCAIA DO ALTO),"Casa, 97.53 de área total, 67.78 de área privativa, 38.85 de área do terreno,  2 qto(s), a.serv, WC, 1 sala(s), 1 lavabo(s), cozinha, 1 vaga(s) de garagem.",157362.26,257000.0,38.77,Venda Direta Online,,COTIA,SP,Não
8787708300247,"ESTRADA NORMANDIA, N. 1097, Apto 204, TORRE A",JARDIM PIONEIRO,"Apartamento, 112.64 de área total, 47.03 de área privativa, 0.00 de área do terreno,  2 qto(s), WC, 1 sala(s), cozinha, 1 vaga(s) de garagem.",156137.65,255000.0,38.77,Licitação Aberta,,COTIA,SP,Não
8787719473733,"RUA NELSON RAINERI, N. 2073, Apto 548C, TORRE 05",RECANTO VISTA ALEGRE,"Apartamento, 84.57 de área total, 46.90 de área privativa, 0.00 de área do terreno,  2 qto(s), WC, 1 sala(s), cozinha, 1 vaga(s) de garagem.",150014.6,245000.0,38.77,Licitação Aberta,,COTIA,SP,Não
8555534260090,"RUA DRA APARECIDA FERNANDES DE JESUS DOMINGUES, N. 191, Apto 33, PREDIO 13",GRACA,"Apartamento, 51.70 de área total, 45.11 de área privativa, 0.00 de área do terreno,  2 qto(s), a.serv, WC, 1 sala(s), cozinha, 1 vaga(s) de garagem.",111168.79,180000.0,38.24,Venda Direta Online,,COTIA,SP,Não
1444418669344,"RUA PEDRO ESCOLASTICO, N. 146, LT04 QD 06",PEREIRAS,"Terreno, 0.00 de área total, 0.00 de área privativa, 224.80 de área do terreno.",111168.79,180000.0,38.24,Licitação Aberta,,COTIA,SP,Não
1444419335130,"RUA RAINHA, N. 0, LT 19 QD 15",PEREIRAS,"Terreno, 0.00 de área total, 0.00 de área privativa, 219.51 de área do terreno.",503318.96,810000.0,37.87,Venda Direta Online,,COTIA,SP,Sim
1444407747772,"ESTRADA DOS FISCHERS, N. 1493, CS 4",JARDIM SANDRA,"Casa, 0.00 de área total, 60.20 de área privativa, 55.87 de área do terreno,  2 qto(s), a.serv, WC, 1 sala(s), 1 lavabo(s), cozinha, 1 vaga(s) de garagem.",147914.48,235000.0,37.06,Venda Direta Online,,COTIA,SP,Não
8555538653054,"RUA DOS CANCOES, N. 130, Apto 24, BL 03 ED BROMUS",JARDIM NOVA VIDA,"Apartamento, 60.20 de área total, 53.00 de área privativa, 0.00 de área do terreno,  3 qto(s), a.serv, WC, 1 sala(s), cozinha, Terraco, 1 vaga(s) de garagem.",132178.89,210000.0,37.06,Venda Direta Online,,COTIA,SP,Não
1787700108500,"RUA JOSE MENINO, N. 921, Apto 19, TIPO 1, BL 01",PARQUE RINCAO,"Apartamento, 121.27 de área total, 45.16 de área privativa, 0.00 de área do terreno,  2 qto(s), a.serv, WC, 1 sala(s), cozinha, 1 vaga(s) de garagem.",116657.31,185340.0,37.06,Venda Direta Online,,COTIA,SP,Não
8444408901200,"ESTRADA MUNICPAL DO MORRO GRANDE RUA 15, N. SN, Apto 34, TORRE 1 3º ANDAR",GRACA,"Apartamento, 124.48 de área total, 43.70 de área privativa, 0.00 de área do terreno,  2 qto(s), a.serv, WC, 1 sala(s), cozinha, 1 vaga(s) de garagem.",118331.58,188000.0,37.06,Venda Online,,COTIA,SP,Não
8555533742954,"RUA MALGAXIE, N. 600, Apto 101, BL III ED GIRASSOIS",OUTEIRO DE PASSARGADA,"Apartamento, 134.09 de área total, 57.54 de área privativa, 0.00 de área do terreno, 1 vaga(s) de garagem.",117702.16,187000.0,37.06,Venda Direta Online,,COTIA,SP,Não
8444406868434,"ESTRADA DOS FISCHERS, N. 1357, CASA 1",JARDIM SANDRA,"Casa, 123.61 de área total, 63.74 de área privativa, 92.97 de área do terreno,  2 qto(s), a.serv, WC, 1 sala(s), cozinha, 2 vaga(s) de garagem.",151043.49,237000.0,36.27,Venda Direta Online,,COTIA,SP,Não
1405300000040,"RUA PONTA PORA, N. 78, LT 15B QD D",BARRO BRANCO,"Casa, 0.00 de área total, 166.65 de área privativa, 125.00 de área do terreno.",356896.01,560000.0,36.27,Licitação Aberta,,COTIA,SP,Sim
8444412168783,"RUA SAPUCAI, N. 210, Apto 17S, TIPO A",GRAMADO,"Apartamento, 182.90 de área total, 70.00 de área privativa, 0.00 de área do terreno,  3 qto(s), a.serv, WC, 1 sala(s), cozinha, Terraco, 1 vaga(s) de garagem.",229433.15,360000.0,36.27,Licitação Aberta,,COTIA,SP,Não
7301100000067,"AVENIDA JOSE GIORGI, N. 600, Apto 21, 2 ANDAR  PREDIO 7",GRANJA VIANA II,"Apartamento, 87.48 de área total, 68.53 de área privativa, 0.00 de área do terreno,  3 qto(s), a.serv, WC, cozinha.",191194.29,300000.0,36.27,Licitação Aberta,,COTIA,SP,Não
1444407733283,"RUA CAMINHO DAS ESTRELAS, N. 35, LT 04 QD A",LOT CHAVE DE DAVI,"Terreno, 0.00 de área total, 0.00 de área privativa, 128.28 de área do terreno.",152087.49,152087.49,0.0,Leilão SFI - Edital Único,,COTIA,SP,Não
1555527339614,"ESTRADA NORMANDIA, N. 160, CS 13 CHACARAS AGRICOLAS",RIO COTIA,"Casa, 220.58 de área total, 60.30 de área privativa, 66.15 de área do terreno,  2 qto(s), a.serv, WC, 1 sala(s), cozinha, 1 vaga(s) de garagem.",331000.0,331000.0,0.0,Leilão SFI - Edital Único,,COTIA,SP,Não
8555538541256,"RUA VEREADOR NELSON JOAQUIM DA SILVA, N. 162, Apto 15, BL 01",JABA,"Apartamento, 106.53 de área total, 59.62 de área privativa, 0.00 de área do terreno,  2 qto(s), a.serv, WC, 1 sala(s), cozinha, 1 vaga(s) de garagem.",230000.0,230000.0,0.0,Leilão SFI - Edital Único,,COTIA,SP,Não
8787704372472,"RUA AMERICO FLORIANO DE TOLEDO, N. 175, Apto 402, BL 1",JARDIM CAIAPIA,"Apartamento, 44.64 de área total, 38.92 de área privativa, 0.00 de área do terreno,  2 qto(s), a.serv, WC, 1 sala(s), cozinha, 1 vaga(s) de garagem.",199855.02,199855.02,0.0,Leilão SFI - Edital Único,,COTIA,SP,Não
8444412528321,"RUA MARIA JOSE CELESTINO SAAD, N. 245, Apto 22, TORRE 01",JARDIM ISIS,"Apartamento, 586.12 de área total, 43.70 de área privativa, 0.00 de área do terreno,  2 qto(s), a.serv, WC, 1 sala(s), cozinha, 1 vaga(s) de garagem.",227000.0,227000.0,0.0,Leilão SFI - Edital Único,,COTIA,SP,Não
8555531684663,"RUA FRANCISCO LOPES FRADE, N. 115, 196 ANTIGA ESTRADA DA SERVIDAO",AGUA ESPRAIADA (CAUCAIA DO ALTO),"Casa, 114.95 de área total, 48.30 de área privativa, 49.14 de área do terreno,  2 qto(s), a.serv, WC, 1 sala(s), 1 lavabo(s), cozinha.",171000.0,171000.0,0.0,Leilão SFI - Edital Único,,COTIA,SP,Não
1444415898938,"ESTRADA DO TABOLEIRO VERDE, N. 3970, Apto 42, TORRE 02",TABOLEIRO VERDE,"Apartamento, 0.00 de área total, 47.32 de área privativa, 0.00 de área do terreno,  2 qto(s), a.serv, WC, 1 sala(s), cozinha, 1 vaga(s) de garagem.",255000.0,255000.0,0.0,Leilão SFI - Edital Único,,COTIA,SP,Não
8787710378070,"RUA JOSE MENINO, N. 1820, Apto 602, BL 01",PARQUE RINCAO,"Apartamento, 116.77 de área total, 46.38 de área privativa, 0.00 de área do terreno,  2 qto(s), a.serv, WC, 1 sala(s), cozinha, 1 vaga(s) de garagem.",215000.0,215000.0,0.0,Leilão SFI - Edital Único,,COTIA,SP,Não
8555525977620,"RUA ENGENHEIRO MARIO ANGELINO DI IANNI, N. 550, Apto 102, TORRE 3  TERREO  RUA MIL FOLHAS",GRACA,"Apartamento, 99.35 de área total, 44.33 de área privativa, 0.00 de área do terreno,  2 qto(s), a.serv, WC, 1 sala(s), cozinha, 1 vaga(s) de garagem.",201000.0,201000.0,0.0,Leilão SFI - Edital Único,,COTIA,SP,Não
1444414057670,"RUA UGANDA, N. 368, Apto 11,",OUTEIRO DE PASSARGADA,"Apartamento, 0.00 de área total, 50.43 de área privativa, 0.00 de área do terreno,  2 qto(s), WC, 1 sala(s), cozinha, 1 vaga(s) de garagem.",245630.94,241000.0,0.0,Leilão SFI - Edital Único,,COTIA,SP,Não
8787713720836,"RUA JOSE MANOEL DE OLIVEIRA, N. 743, Apto 202, BL B",CAUCAIA DO ALTO,"Apartamento, 72.31 de área total, 45.18 de área privativa, 0.00 de área do terreno,  2 qto(s), a.serv, WC, 1 sala(s), cozinha.",183789.41,180000.0,0.0,Leilão SFI - Edital Único,,COTIA,SP,Não
1787703036187,"RUA VEREADOR NELSON JOAQUIM DA SILVA, N. 970, Apto PI 35, BL.1",LAGEADO,"Apartamento, 0.00 de área total, 69.57 de área privativa, 0.00 de área do terreno, 1 vaga(s) de garagem.",281732.31,270000.0,0.0,Leilão SFI - Edital Único,,COTIA,SP,Não
8555537984669,"RUA DOUTORA APARECIDA FERNANDES DE JESUS, N. 640, Apto 31, BL 01 3 PAV",JARDIM PETROPOLIS,"Apartamento, 103.12 de área total, 45.11 de área privativa, 0.00 de área do terreno,  2 qto(s), a.serv, WC, 1 sala(s), cozinha, 1 vaga(s) de garagem.",186329.19,175000.0,0.0,Leilão SFI - Edital Único,,COTIA,SP,Não
1555529235786,"RUA AMAPA, N. 227, Apto 05, BL B",JARDIM ROSALINA,"Apartamento, 78.25 de área total, 47.32 de área privativa, 0.00 de área do terreno,  2 qto(s), a.serv, WC, 1 sala(s), cozinha.",193697.27,181000.0,0.0,Leilão SFI - Edital Único,,COTIA,SP,Não
10005427,"AVENIDA MINAS GERAIS, N. 1088",RETIRO DA MANTIQUEIRA,"Comercial, 0.00 de área total, 0.00 de área privativa, 681.20 de área do terreno, WC.",599197.89,1830000.0,67.26,Venda Direta Online,,CRUZEIRO,SP,Não
1444415343553,"RUA JOAO ALVES, N. 60,",JARDIM AMERICA,"Casa, 123.52 de área total, 123.52 de área privativa, 300.00 de área do terreno.",242000.0,242000.0,0.0,Leilão SFI - Edital Único,,CRUZEIRO,SP,Não
1444404595181,"RUA ANTONIO DEPONTE, N. 265, LT 09 QD N",REGIAO CENTRAL,"Casa, 114.65 de área total, 114.65 de área privativa, 330.00 de área do terreno,  3 qto(s), a.serv, WC, 1 sala(s), cozinha.",360000.0,360000.0,0.0,Leilão SFI - Edital Único,,DESCALVADO,SP,Não
8444405868724,"RUA ANTONIO BOTARO, N. 381, LT 02 QD G",REGIAO SUL,"Casa, 42.72 de área total, 42.72 de área privativa, 262.50 de área do terreno,  2 qto(s), a.serv, WC, 1 sala(s), cozinha.",175000.0,175000.0,0.0,Leilão SFI - Edital Único,,DESCALVADO,SP,Não
8444427353921,"RUA PAULO BELLI ANTIGA RUA 09, N. 647, LT 08 QD L",JD SANTA TEREZINHA,"Casa, 0.00 de área total, 41.21 de área privativa, 275.00 de área do terreno.",160000.0,87168.93,0.0,Leilão SFI - Edital Único,,DESCALVADO,SP,Não
8787716522997,"AVENIDA FABIO EDUARDO RAMOS ESQUIVEL, N. 2320, Apto 2203, TR 03",CANHEMA,"Apartamento, 74.15 de área total, 40.11 de área privativa, 0.00 de área do terreno,  2 qto(s), a.serv, WC, 1 sala(s), cozinha, 1 vaga(s) de garagem.",171445.26,280000.0,38.77,Licitação Aberta,,DIADEMA,SP,Não
8787703558351,"RUA SAO MANOEL, N. 240, Apto 2707,",CENTRO,"Apartamento, 91.34 de área total, 51.08 de área privativa, 0.00 de área do terreno,  2 qto(s), a.serv, WC, 1 sala(s), cozinha, 1 vaga(s) de garagem.",236961.84,387000.0,38.77,Licitação Aberta,,DIADEMA,SP,Não
8787704508358,"AVENIDA PRESIDENTE JUSCELINO, N. 330, Apto 2001, TORRE C PAV20",PIRAPORINHA,"Apartamento, 85.99 de área total, 45.07 de área privativa, 0.00 de área do terreno,  2 qto(s), WC, 1 sala(s), cozinha.",146034.62,238500.0,38.77,Licitação Aberta,,DIADEMA,SP,Não
1444416213157,"AVENIDA PRESIDENTE KENNEDY (ANTIGA R SANTO INACIO), N. 412, Apto 92, BL A",CENTRO,"Apartamento, 94.12 de área total, 50.70 de área privativa, 0.00 de área do terreno,  2 qto(s), WC, 1 sala(s), cozinha, 1 vaga(s) de garagem.",199479.38,313000.0,36.27,Licitação Aberta,,DIADEMA,SP,Não
8285500000960,"RUA COIMBRA, N. 532, Apto 13,",CENTRO,"Apartamento, 0.00 de área total, 67.80 de área privativa, 0.00 de área do terreno, 1 vaga(s) de garagem.",191194.29,300000.0,36.27,Licitação Aberta,,DIADEMA,SP,Não
8101609032079,"RUA AMARO CAVALCANTI DE ALBUQUERQUE, N. 111, Apto 43, PD 4 4 ANDAR",TABOAO,"Apartamento, 94.51 de área total, 48.00 de área privativa, 0.00 de área do terreno,  2 qto(s), 1 vaga(s) de garagem.",305500.0,305500.0,0.0,Leilão SFI - Edital Único,,DIADEMA,SP,Não
1555538602443,"AVENIDA ALDA, N. 858, Apto 116,  TORRE 2",CENTRO,"Apartamento, 125.86 de área total, 66.80 de área privativa, 0.00 de área do terreno, 2 vaga(s) de garagem.",580000.0,580000.0,0.0,Leilão SFI - Edital Único,,DIADEMA,SP,Não
8787703436280,"AVENIDA PRESIDENTE JUSCELINO, N. 330, Apto 103, TORRE B",PIRAPORINHA,"Apartamento, 0.00 de área total, 43.40 de área privativa, 0.00 de área do terreno,  2 qto(s), a.serv, WC, 1 sala(s), cozinha.",204000.0,204000.0,0.0,Leilão SFI - Edital Único,,DIADEMA,SP,Não
1444420751524,"RUA SAO MARCOS, N. 80, Apto 98,",JARDIM PITANGUEIRAS,"Apartamento, 0.00 de área total, 51.00 de área privativa, 0.00 de área do terreno,  2 qto(s), a.serv, WC, 1 sala(s), cozinha, 1 vaga(s) de garagem.",361714.09,360000.0,0.0,Leilão SFI - Edital Único,,DIADEMA,SP,Não
1787702808321,"RUA ANNITA, N. 225, Apto 1206, PAV 12 TORRE 3",CANHEMA,"Apartamento, 100.83 de área total, 54.76 de área privativa, 0.00 de área do terreno,  3 qto(s), a.serv, WC, 1 sala(s), cozinha, 1 vaga(s) de garagem.",392028.97,380000.0,0.0,Leilão SFI - Edital Único,,DIADEMA,SP,Não
10211904,"ROD DE ACESSO DOLCINOPOLIS, N. 103",AREA RURAL DE DOLCINOPOLIS,"Outros, 0.00 de área total, 2389.60 de área privativa, 4893.16 de área do terreno.",676391.37,1266000.0,46.58,Venda Direta Online,,DOLCINOPOLIS,SP,Não
8444424895243,"RUA SAUL RODRIGUES DE PAIVA, N. SN, PARTE 4-D",CENTRO,"Terreno, 0.00 de área total, 0.00 de área privativa, 264.76 de área do terreno.",34927.25,65000.0,46.27,Venda Direta Online,,ELISIARIO,SP,Não
10208099,"RUA PEROBA, N. SN, QD 3, LT A",JARDIM SANTA RITA,"Terreno, 0.00 de área total, 0.00 de área privativa, 4617.00 de área do terreno.",671659.23,1100000.0,38.95,Venda Online,,EMBU DAS ARTES,SP,Sim
1787700541670,"ESTRADA JERUSALEM, N. 316, Apto 92, 92,",CHACARAS CAXINGUI,"Apartamento, 111.11 de área total, 50.73 de área privativa, 0.00 de área do terreno,  2 qto(s), a.serv, WC, 1 sala(s), cozinha, 1 vaga(s) de garagem.",138473.13,220000.0,37.06,Venda Direta Online,,EMBU DAS ARTES,SP,Não
1600000198408,"ALAMEDA HARPIA, N. 645, QUADRA E  LOTES 04 E PARTE DO LOTE 05",JARDIM ITATIAIA,"Casa, 589.11 de área total, 589.11 de área privativa, 3855.10 de área do terreno,  8 qto(s), a.serv, WC, 2 sala(s), 2 lavabo(s), cozinha, 6 vaga(s) de garagem.",2317000.0,2317000.0,0.0,Leilão SFI - Edital Único,,EMBU DAS ARTES,SP,Não
1444417546052,"RUA TONIA CARRERO, N. 4570, R 7 LT 4 QD 11",JARDIM COLIBRI,"Terreno, 0.00 de área total, 0.00 de área privativa, 501.00 de área do terreno.",765000.0,765000.0,0.0,Leilão SFI - Edital Único,,EMBU DAS ARTES,SP,Não
8787711754911,"RUA AURORA DE JESUS, N. 300, Apto 01 PN, BL 01",CIPO,"Apartamento, 166.54 de área total, 55.50 de área privativa, 0.00 de área do terreno,  1 qto(s), a.serv, WC, 1 sala(s), cozinha, 1 vaga(s) de garagem.",226000.0,226000.0,0.0,Leilão SFI - Edital Único,,EMBU-GUACU,SP,Não
1444420909004,"AVENIDA DURVALINO BONFIM, N. SN, LT 18 QD 23",JARDIM VITORIA,"Terreno, 0.00 de área total, 0.00 de área privativa, 275.00 de área do terreno.",46200.46,85000.0,45.65,Venda Online,,FERNANDOPOLIS,SP,Não
8787704387755,"AVENIDA ANTONIO BENTO BARRETO, N. 128, LOTE 15 QUADRA 09",WILSON MOREIRA DA SILVA,"Casa, 82.59 de área total, 47.59 de área privativa, 180.00 de área do terreno,  2 qto(s), a.serv, WC, 1 sala(s), cozinha.",100741.08,170000.0,40.75,Licitação Aberta,,FERNANDOPOLIS,SP,Não
8444420142925,"RUA ARGEMIRO FELTRIN, N. SN, LT 4A QD 3C",PARQUE UNIVERSITARIO,"Casa, 69.97 de área total, 69.97 de área privativa, 149.04 de área do terreno,  2 qto(s), a.serv, WC, 1 sala(s), cozinha.",175000.0,175000.0,0.0,Leilão SFI - Edital Único,,FERNANDOPOLIS,SP,Não
1444421849480,"RUA MANOEL DIOGO CORADO, N. 155, LT 16 QD 13",JARDIM RESIDENCIAL ANA LUIZA,"Casa, 159.88 de área total, 159.94 de área privativa, 159.88 de área do terreno, 1 vaga(s) de garagem.",517939.75,490000.0,0.0,Leilão SFI - Edital Único,,FERNANDOPOLIS,SP,Não
8444427403830,"RUA DERSO MARTINS, N. SN, LOTE 03 QUADRA 08",RESIDENCIAL ALTO DAS PAINEIRAS,"Terreno, 0.00 de área total, 0.00 de área privativa, 126.50 de área do terreno.",126190.18,46000.0,0.0,Leilão SFI - Edital Único,,FERNANDOPOLIS,SP,Não
8555515340840,"RUA ARMENIA, N. 631, Apto 403, PAV 5 BL 4",JARDIM DAYSE,"Apartamento, 119.17 de área total, 91.21 de área privativa, 0.00 de área do terreno,  2 qto(s), a.serv, WC, 1 sala(s), cozinha, 1 vaga(s) de garagem.",197487.76,335000.0,41.05,Venda Direta Online,,FERRAZ DE VASCONCELOS,SP,Sim
8787716997278,"AVENIDA DOM PEDRO II, N. 2455, Apto I138, BL I",CAMBERY,"Apartamento, 87.21 de área total, 42.68 de área privativa, 0.00 de área do terreno,  2 qto(s), a.serv, WC, 1 sala(s), cozinha, 1 vaga(s) de garagem.",139015.11,230000.0,39.56,Venda Direta Online,,FERRAZ DE VASCONCELOS,SP,Não
8787723921729,"AVENIDA DOM PEDRO II, N. 2455, Apto C183, BL C SAO LUIS",CAMBERY,"Apartamento, 84.78 de área total, 40.84 de área privativa, 0.00 de área do terreno,  2 qto(s), a.serv, WC, 1 sala(s), cozinha, 1 vaga(s) de garagem.",111816.5,185000.0,39.56,Licitação Aberta,,FERRAZ DE VASCONCELOS,SP,Não
8555508917428,"AVENIDA EZEQUIAS BEZERRA DE FARIAS, N. 85, CS 01 BL 03",VILA SAO PAULO,"Casa, 55.17 de área total, 44.89 de área privativa, 44.89 de área do terreno,  2 qto(s), a.serv, WC, 1 sala(s), cozinha.",114838.57,190000.0,39.56,Venda Direta Online,,FERRAZ DE VASCONCELOS,SP,Não
8555517388696,"AVENIDA MARIANA JUNQUEIRA, N. 05, Apto 213, BL TORRE 02",VILA SAO PAULO,"Apartamento, 55.66 de área total, 49.60 de área privativa, 0.00 de área do terreno,  2 qto(s), a.serv, WC, 1 sala(s), cozinha.",125718.01,208000.0,39.56,Venda Direta Online,,FERRAZ DE VASCONCELOS,SP,Não
8555505742260,"RUA SALLUM KALIL, N. SN, Apto 22, BL 09",JARDIM SAO MIGUEL,"Apartamento, 81.51 de área total, 45.24 de área privativa, 0.00 de área do terreno,  2 qto(s), a.serv, WC, 1 sala(s), cozinha.",139015.11,230000.0,39.56,Licitação Aberta,,FERRAZ DE VASCONCELOS,SP,Não
1444411915889,"TRAVESSA DOM PEDRO II, N. SN, Apto 201,",VILA SAO PAULO,"Apartamento, 111.86 de área total, 69.01 de área privativa, 0.00 de área do terreno,  2 qto(s), 1 vaga(s) de garagem.",147914.48,235000.0,37.06,Licitação Aberta,,FERRAZ DE VASCONCELOS,SP,Não
8121800161834,"ESTRADA JOAO GASPAR DELGADO, N. 80, Apto 802, BLOCO 08  TERREO",COMARCA DE POA,"Apartamento, 65.54 de área total, 59.87 de área privativa, 0.00 de área do terreno,  2 qto(s), a.serv, WC, 1 sala(s), cozinha, 1 vaga(s) de garagem.",235000.0,235000.0,0.0,Leilão SFI - Edital Único,,FERRAZ DE VASCONCELOS,SP,Não
8787709367248,"AVENIDA DOM PEDRO II, N. 2455, Apto D053, 5 PAVIMENTO  BLOCO D  BELÉM",CAMBERY,"Apartamento, 84.78 de área total, 40.84 de área privativa, 0.00 de área do terreno,  2 qto(s), WC, 1 sala(s), cozinha, 1 vaga(s) de garagem.",280000.0,280000.0,0.0,Leilão SFI - Edital Único,,FERRAZ DE VASCONCELOS,SP,Não
8787720627420,"AVENIDA DOM PEDRO II, N. 2455, Apto F174, 17 PAVIMENTO  BL FSÃO PAULO",CAMBERY,"Apartamento, 84.78 de área total, 40.84 de área privativa, 0.00 de área do terreno,  2 qto(s), WC, 1 sala(s), cozinha, 1 vaga(s) de garagem.",275000.0,275000.0,0.0,Leilão SFI - Edital Único,,FERRAZ DE VASCONCELOS,SP,Não
8787710320926,"AVENIDA DOM PEDRO II, N. 2455, Apto F-131, 13º PAVIMENTO  BL F",VILA SAO PAULO,"Apartamento, 84.78 de área total, 40.84 de área privativa, 0.00 de área do terreno,  2 qto(s), a.serv, WC, 1 sala(s), cozinha, 1 vaga(s) de garagem.",245000.0,245000.0,0.0,Leilão SFI - Edital Único,,FERRAZ DE VASCONCELOS,SP,Não
8555504589132,"RUA VICENTE RUSSO, N. SN, Apto 87, BL 05 8 AND",JARDIM SAO MIGUEL,"Apartamento, 86.33 de área total, 46.10 de área privativa, 0.00 de área do terreno,  2 qto(s), a.serv, WC, 1 sala(s), cozinha, 1 vaga(s) de garagem.",220000.0,220000.0,0.0,Leilão SFI - Edital Único,,FERRAZ DE VASCONCELOS,SP,Não
8787722224510,"AVENIDA DOM PEDRO II, N. 2455, Apto E174, 17º PAVIMENTO  BLOCO E",VILA SAO PAULO,"Apartamento, 84.78 de área total, 40.84 de área privativa, 0.00 de área do terreno,  2 qto(s), a.serv, WC, 1 sala(s), cozinha, 1 vaga(s) de garagem.",266849.34,245000.0,0.0,Leilão SFI - Edital Único,,FERRAZ DE VASCONCELOS,SP,Não
8787724085509,"AVENIDA DOM PEDRO II, N. 2455, Apto 7º PA,  BL D",VILA SAO PAULO,"Apartamento, 84.78 de área total, 40.84 de área privativa, 0.00 de área do terreno,  2 qto(s), a.serv, WC, 1 sala(s), cozinha, 1 vaga(s) de garagem.",294358.66,245000.0,0.0,Leilão SFI - Edital Único,,FERRAZ DE VASCONCELOS,SP,Não
8787723357084,"AVENIDA DOM PEDRO II, N. 2455, Apto F126, PAV 12 BL F",BAIRRO DO CAMBERY,"Apartamento, 84.78 de área total, 40.84 de área privativa, 0.00 de área do terreno,  2 qto(s), a.serv, WC, 1 sala(s), cozinha, 1 vaga(s) de garagem.",295463.41,238000.0,0.0,Leilão SFI - Edital Único,,FERRAZ DE VASCONCELOS,SP,Não
10217976,"RUA JOSE HENRIQUE DE ALMEIDA, N. 3961, E 3951, QD 10, LTS 11 E 12",PARQUE SANTA HILDA,"Galpão, 0.00 de área total, 719.80 de área privativa, 500.00 de área do terreno.",774336.87,1350000.0,42.65,Venda Online,,FRANCA,SP,Não
8444427779074,"AVENIDA MARIO DE ANDRADE, N. 979, Apto 901, BLOCO 09",MIRAMONTES,"Apartamento, 50.76 de área total, 45.92 de área privativa, 0.00 de área do terreno,  2 qto(s), a.serv, WC, 1 sala(s), cozinha, 1 vaga(s) de garagem.",90746.77,155000.0,41.46,Licitação Aberta,,FRANCA,SP,Não
8444427491844,"RUA IRMAOS ANTUNES, N. 1011, Apto 204, BL 02",JARDIM GUANABARA,"Apartamento, 0.00 de área total, 42.93 de área privativa, 0.00 de área do terreno, 1 vaga(s) de garagem.",106074.43,179000.0,40.75,Licitação Aberta,,FRANCA,SP,Não
8444433023164,"RUA FRANCISCO MARQUES, N. 1854, Apto 32-A, EDIFICO TURIM",VILA SANTOS DUMONT,"Apartamento, 88.71 de área total, 43.55 de área privativa, 0.00 de área do terreno,  2 qto(s), WC, 1 sala(s), cozinha, 1 vaga(s) de garagem.",97778.11,165000.0,40.75,Licitação Aberta,,FRANCA,SP,Não
8787711057889,"RUA BAHIJ TOUFIK KANAWATI, N. 5021, Apto 403, BL 03 BOX 55 54",CHACARA ESPRAIADO,"Apartamento, 96.22 de área total, 39.30 de área privativa, 0.00 de área do terreno,  2 qto(s), 2 vaga(s) de garagem.",97778.11,165000.0,40.75,Licitação Aberta,,FRANCA,SP,Não
1444416286553,"RUA ORESTES DALMASO, N. 1857,",JARDIM DOUTOR ANTONIO PETRAGLIA,"Casa, 164.95 de área total, 164.95 de área privativa, 275.00 de área do terreno,  3 qto(s), a.serv, WC, 1 sala(s), cozinha.",245366.01,385000.0,36.27,Licitação Aberta,,FRANCA,SP,Não
1444422038779,"RUA HORTENCIO MENDONCA RIBEIRO, N. 410, LT 16, QD 14",JARDIM SANTANA,"Casa, 287.74 de área total, 287.74 de área privativa, 294.80 de área do terreno,  3 qto(s), a.serv, WC, 3 sala(s), 1 lavabo(s), cozinha, 3 vaga(s) de garagem.",772424.93,1212000.0,36.27,Venda Online,,FRANCA,SP,Sim
8444431424684,"RUA ANTONIO TORRES PENEDO, N. 1020,",SAO JOAQUIM,"Casa, 331.87 de área total, 331.87 de área privativa, 300.00 de área do terreno,  4 qto(s), a.serv, WC, 2 sala(s), cozinha.",541717.16,850000.0,36.27,Venda Online,,FRANCA,SP,Sim
1444421443815,"RUA JOSE EXPEDITO DO NASCIMENTO, N. 1980, LT 52 QD Q",RESIDENCIAL MEIRELES,"Casa, 0.00 de área total, 114.00 de área privativa, 211.50 de área do terreno,  3 qto(s), a.serv, WC, 1 sala(s), cozinha.",347336.29,545000.0,36.27,Licitação Aberta,,FRANCA,SP,Sim
8444418419060,"RUA EDINALDO DE OLIVEIRA, N. 2635, Apto 02, TERREO LOTE 12 QUADRA 05",JARDIM PULICANO,"Apartamento, 67.28 de área total, 54.97 de área privativa, 0.00 de área do terreno,  2 qto(s), WC, 1 sala(s), cozinha, 1 vaga(s) de garagem.",151765.32,202000.0,24.87,Leilão SFI - Edital Único,,FRANCA,SP,Não
8555527241892,"AVENIDA SANTA CRUZ, N. 3255, Apto 308, BL 44",CHACARA SANTA CRUZ,"Apartamento, 113.52 de área total, 48.93 de área privativa, 0.00 de área do terreno,  2 qto(s), a.serv, WC, 1 sala(s), cozinha, 1 vaga(s) de garagem.",175000.0,175000.0,0.0,Leilão SFI - Edital Único,,FRANCA,SP,Não
1444418077501,"RUA HEITOR DOS PRAZERES, N. 520,",PARQUE RESIDENCIAL NOVA FRANCA,"Casa, 0.00 de área total, 196.20 de área privativa, 255.00 de área do terreno,  3 qto(s), a.serv, WC, 1 sala(s), 1 lavabo(s), cozinha, 2 vaga(s) de garagem.",701000.0,701000.0,0.0,Leilão SFI - Edital Único,,FRANCA,SP,Não
8555530590266,"AVENIDA SANTA CRUZ, N. 3255, Apto AP 40, BL 7",VILA SANTA CRUZ,"Apartamento, 94.89 de área total, 45.36 de área privativa, 0.00 de área do terreno,  2 qto(s), WC, 1 sala(s), cozinha, 1 vaga(s) de garagem.",205000.0,205000.0,0.0,Leilão SFI - Edital Único,,FRANCA,SP,Não
8444423207394,"RUA PROFESSOR CLAUDIO JUNQUEIRA, N. 223, LT 25   QD 12",PARQUE FLORESTAL,"Casa, 88.08 de área total, 48.08 de área privativa, 160.20 de área do terreno,  2 qto(s), a.serv, WC, 1 sala(s), cozinha, 2 vaga(s) de garagem.",194036.17,194036.17,0.0,Leilão SFI - Edital Único,,FRANCA,SP,Não
8787711608354,"RUA BAHIJ TOUFIK KANAWATI, N. 5021, Apto 402, 4º PAVIMENTO  BLOCO 04",CHACARA ESPRAIADO,"Apartamento, 95.92 de área total, 39.30 de área privativa, 0.00 de área do terreno,  2 qto(s), a.serv, WC, 1 sala(s), cozinha, 2 vaga(s) de garagem.",168000.0,168000.0,0.0,Leilão SFI - Edital Único,,FRANCA,SP,Não
8787715290294,"AVENIDA DOUTOR SEVERINO TOSTES MEIRELLES, N. 1750, Apto 22, BL B TORRE 2",SAO MIGUEL,"Apartamento, 96.55 de área total, 45.99 de área privativa, 0.00 de área do terreno,  2 qto(s), a.serv, WC, 1 sala(s), cozinha, 1 vaga(s) de garagem.",205000.0,205000.0,0.0,Leilão SFI - Edital Único,,FRANCA,SP,Não
8787715297957,"AVENIDA DOUTOR SEVERINO TOSTES MEIRELLES, N. 1750, Apto 34B, TORRE 4",SAO MIGUEL,"Apartamento, 71.81 de área total, 45.99 de área privativa, 0.00 de área do terreno,  2 qto(s), a.serv, WC, 1 sala(s), cozinha, 1 vaga(s) de garagem.",197500.0,197500.0,0.0,Leilão SFI - Edital Único,,FRANCA,SP,Não
8787716229190,"RUA D, N. 701, Apto 41,  BLOCO B",RECANTO ELIMAR II,"Apartamento, 223.36 de área total, 51.68 de área privativa, 0.00 de área do terreno,  2 qto(s), a.serv, WC, 1 sala(s), cozinha, 1 vaga(s) de garagem.",220000.0,220000.0,0.0,Leilão SFI - Edital Único,,FRANCA,SP,Não
8167667670247,"RUA JOSE MANIGLIA PRIMO, N. 2670, LT 15  QD 09",JARDIM PULICANO,"Casa, 60.45 de área total, 60.45 de área privativa, 267.00 de área do terreno,  2 qto(s), 1 vaga(s) de garagem.",220000.0,220000.0,0.0,Leilão SFI - Edital Único,,FRANCA,SP,Não
8787714394991,"AVENIDA UNIVERSAL DO REINO DE DEUS, N. 2505, Apto 21, BL B TR 5 2 PAV",JARDIM PULICANO,"Apartamento, 146.94 de área total, 45.99 de área privativa, 0.00 de área do terreno,  2 qto(s), a.serv, WC, WC Emp, 1 sala(s), cozinha, 1 vaga(s) de garagem.",200000.0,200000.0,0.0,Leilão SFI - Edital Único,,FRANCA,SP,Não
8787714867229,"AVENIDA UNIVERSAL DO REINO DE DEUS, N. 2505, Apto 13, BLOCO B TORRE 3",JARDIM PULICANO,"Apartamento, 146.94 de área total, 45.99 de área privativa, 0.00 de área do terreno,  2 qto(s), a.serv, WC, WC Emp, 1 sala(s), cozinha, 1 vaga(s) de garagem.",200000.0,200000.0,0.0,Leilão SFI - Edital Único,,FRANCA,SP,Não
8444416634320,"RUA ALTAIR FERREIRA, N. 2975, Apto 13,",RESIDENCIAL JULIO D'ELIA,"Apartamento, 71.39 de área total, 52.00 de área privativa, 0.00 de área do terreno,  2 qto(s), WC, 1 sala(s), cozinha, 1 vaga(s) de garagem.",210000.0,210000.0,0.0,Leilão SFI - Edital Único,,FRANCA,SP,Não
8787716885437,"AVENIDA DOUTOR SEVERINO TOSTES MEIRELLES, N. 1750, Apto 33, BLOCO A TORRE 03",SAO MIGUEL,"Apartamento, 96.55 de área total, 45.99 de área privativa, 0.00 de área do terreno,  2 qto(s), a.serv, WC, 1 sala(s), cozinha, 1 vaga(s) de garagem.",220391.56,220000.0,0.0,Leilão SFI - Edital Único,,FRANCA,SP,Não
8787713481106,"RUA BAHIJ TOUFIK KANAWATI, N. 5023, Apto 402, PAV 4 BL 4  VG 81",CHACARA ESPRAIADO,"Apartamento, 93.09 de área total, 40.82 de área privativa, 0.00 de área do terreno,  2 qto(s), WC, 1 sala(s), cozinha, 1 vaga(s) de garagem.",195355.36,195000.0,0.0,Leilão SFI - Edital Único,,FRANCA,SP,Não
8787717166221,"AVENIDA DOUTOR SEVERINO TOSTES MEIRELLES, N. 1750, Apto 21A, TORRE 1",SAO MIGUEL,"Apartamento, 96.55 de área total, 45.99 de área privativa, 0.00 de área do terreno,  2 qto(s), a.serv, WC, 1 sala(s), cozinha, 1 vaga(s) de garagem.",219657.19,218000.0,0.0,Leilão SFI - Edital Único,,FRANCA,SP,Não
8787715579375,"RUA D, N. 701, Apto 24, BL.H",RECANTO ELIMAR II,"Apartamento, 0.00 de área total, 50.78 de área privativa, 0.00 de área do terreno, 1 vaga(s) de garagem.",203266.3,200000.0,0.0,Leilão SFI - Edital Único,,FRANCA,SP,Não
8444438354584,"RUA PAULO ARCHETTI, N. 3210, CASA 20",CHACARAS SAO PAULO,"Casa, 244.44 de área total, 53.25 de área privativa, 244.44 de área do terreno,  2 qto(s), a.serv, WC, 1 sala(s), cozinha, 1 vaga(s) de garagem.",283698.59,277255.71,0.0,Leilão SFI - Edital Único,,FRANCA,SP,Não
8787717188039,"AVENIDA DOUTOR SEVERINO TOSTES MEIRELLES, N. 1750, Apto 22, BL A",CHÁCARA PIRATININGA,"Apartamento, 96.55 de área total, 45.99 de área privativa, 0.00 de área do terreno,  2 qto(s), a.serv, WC, 1 sala(s), cozinha, 1 vaga(s) de garagem.",219657.19,210000.0,0.0,Leilão SFI - Edital Único,,FRANCA,SP,Não
8787717220277,"AVENIDA DOUTOR SEVERINO TOSTES MEIRELLES, N. 1750, Apto 13A, TORRE 04",SAO MIGUEL,"Apartamento, 96.55 de área total, 45.99 de área privativa, 0.00 de área do terreno,  2 qto(s), a.serv, WC, 1 sala(s), cozinha, 1 vaga(s) de garagem.",219920.55,210000.0,0.0,Leilão SFI - Edital Único,,FRANCA,SP,Não
8787713793485,"AVENIDA UNIVERSAL DO REINO DE DEUS, N. 2505, Apto 02, BL A  TORRE 4",JARDIM PULICANO,"Apartamento, 146.94 de área total, 45.99 de área privativa, 0.00 de área do terreno,  2 qto(s), a.serv, WC, 1 sala(s), cozinha, 1 vaga(s) de garagem.",168553.09,159376.21,0.0,Leilão SFI - Edital Único,,FRANCA,SP,Não
8787710685410,"AVENIDA MINISTRO RUI BARBOSA, N. 1400, Apto 33, BL6",VILA REZENDE,"Apartamento, 105.23 de área total, 50.78 de área privativa, 0.00 de área do terreno,  2 qto(s), a.serv, WC, 1 sala(s), cozinha, 1 vaga(s) de garagem.",159831.81,149567.58,0.0,Leilão SFI - Edital Único,,FRANCA,SP,Não
8787717435079,"AVENIDA DOUTOR SEVERINO TOSTES MEIRELLES, N. 1750, Apto 04B, TORRE 3",SAO MIGUEL,"Apartamento, 71.81 de área total, 45.99 de área privativa, 0.00 de área do terreno,  2 qto(s), a.serv, WC, 1 sala(s), cozinha, 1 vaga(s) de garagem.",219544.42,197500.0,0.0,Leilão SFI - Edital Único,,FRANCA,SP,Não
8787717173660,"AVENIDA DOUTOR SEVERINO TOSTES MEIRELLES, N. 1750, Apto 23A, TORRE 2",SAO MIGUEL,"Apartamento, 71.81 de área total, 45.99 de área privativa, 0.00 de área do terreno,  2 qto(s), a.serv, WC, 1 sala(s), cozinha, 1 vaga(s) de garagem.",219675.98,197500.0,0.0,Leilão SFI - Edital Único,,FRANCA,SP,Não
8787717037359,"AVENIDA DOUTOR SEVERINO TOSTES MEIRELLES, N. 1750, Apto 04B, TORRE 1",SAO MIGUEL,"Apartamento, 71.81 de área total, 45.99 de área privativa, 0.00 de área do terreno,  2 qto(s), a.serv, WC, 1 sala(s), cozinha, 1 vaga(s) de garagem.",220068.06,197500.0,0.0,Leilão SFI - Edital Único,,FRANCA,SP,Não
8444430941200,"RUA VEREADOR DIJALVO BRAGA, N. 1631, LT 52 QD 12",JARDIM CAMBUI,"Casa, 127.96 de área total, 127.96 de área privativa, 160.00 de área do terreno.",453371.8,365000.0,0.0,Leilão SFI - Edital Único,,FRANCA,SP,Não
1444424822744,"RUA ANTONIO VIRGILIO DA SILVA, N. 670, CS",PARQUE DAS ESMERALDAS,"Casa, 74.06 de área total, 74.06 de área privativa, 133.30 de área do terreno,  2 qto(s), a.serv, WC, 1 sala(s), cozinha, Terraco.",455251.8,306000.0,0.0,Leilão SFI - Edital Único,,FRANCA,SP,Não
8787722131481,"AVENIDA DOUTOR SEVERINO TOSTES MEIRELLES, N. 1750, Apto 11B, TORRE 07",SAO MIGUEL,"Apartamento, 96.55 de área total, 45.99 de área privativa, 0.00 de área do terreno,  2 qto(s), WC, 1 sala(s), cozinha, 1 vaga(s) de garagem.",230521.3,153089.2,0.0,Leilão SFI - Edital Único,,FRANCA,SP,Não
8787718394597,"AVENIDA DOUTOR SEVERINO TOSTES MEIRELLES, N. 1750, Apto 04B, TORRE 08",SAO MIGUEL,"Apartamento, 96.55 de área total, 45.99 de área privativa, 0.00 de área do terreno,  2 qto(s), 1 sala(s), 1 vaga(s) de garagem.",232752.42,153089.2,0.0,Leilão SFI - Edital Único,,FRANCA,SP,Não
8444431439975,"RUA JACARANDA, N. 65, CS H",JARDIM,"Casa, 67.99 de área total, 47.70 de área privativa, 51.00 de área do terreno,  2 qto(s), WC, 1 sala(s), cozinha.",132970.97,220000.0,39.56,Licitação Aberta,,FRANCISCO MORATO,SP,Não
8444428606815,"RUA ULISSES GUIMARAES, N. 2403, Apto 44, PAV 04",VILA GUILHERME,"Apartamento, 105.73 de área total, 53.39 de área privativa, 0.00 de área do terreno,  2 qto(s), a.serv, WC, 1 sala(s), cozinha, 1 vaga(s) de garagem.",195285.0,195000.0,0.0,Leilão SFI - Edital Único,,FRANCISCO MORATO,SP,Não
8444432199749,"AVENIDA ARCO IRIS, N. 26/B, CASA 02",RESIDENCIAL SANTO ANTONIO,"Casa, 70.55 de área total, 70.55 de área privativa, 88.55 de área do terreno,  2 qto(s), a.serv, WC, 1 sala(s), cozinha, 1 vaga(s) de garagem.",275441.27,344000.0,19.93,Leilão SFI - Edital Único,,FRANCO DA ROCHA,SP,Não
8787711297863,"ESTRADA MUNICIPAL DOS ABREUS, N. 911, Apto 906, BL02",JARDIM LUCIANA,"Apartamento, 167.24 de área total, 45.94 de área privativa, 0.00 de área do terreno,  2 qto(s), WC, 1 sala(s), cozinha, 1 vaga(s) de garagem.",260000.0,260000.0,0.0,Leilão SFI - Edital Único,,FRANCO DA ROCHA,SP,Não
8444412683084,"ESTRADA DA OLARIA, N. 118, CS 06",CHACARAS SAO JOSE,"Casa, 62.20 de área total, 62.20 de área privativa, 57.84 de área do terreno,  2 qto(s), a.serv, WC, 1 sala(s), cozinha, 1 vaga(s) de garagem.",309000.0,309000.0,0.0,Leilão SFI - Edital Único,,FRANCO DA ROCHA,SP,Não
8444430024755,"ESTRADA MANOEL DE JESUS, N. 354, Apto 02, BL D TORRE 2  PORTO SEGURO IX",VILA PALMARES,"Apartamento, 0.00 de área total, 55.35 de área privativa, 0.00 de área do terreno,  3 qto(s), 1 vaga(s) de garagem.",257514.78,215000.0,0.0,Leilão SFI - Edital Único,,FRANCO DA ROCHA,SP,Não
10208908,"AVENIDA ADOLPHO HECHT JUNIOR, N. 00, ÁREA 01,ESQ RUA JOÃO ANTÔNIO DE CASTIL",CENTRO,"Galpão, 0.00 de área total, 891.95 de área privativa, 986.85 de área do terreno.",516564.94,1127995.5,54.21,Venda Direta Online,,GLICERIO,SP,Não
8444427815658,"AVENIDA 47, N. 540, LT 413 QD J",PORTAL DO LAGO,"Casa, 45.20 de área total, 45.20 de área privativa, 200.00 de área do terreno,  1 qto(s), WC, 1 sala(s), cozinha.",100741.08,170000.0,40.75,Licitação Aberta,,GUAIRA,SP,Não
8444425795706,"RUA 22-B, N. 873, QUADRA J LOTE 397",NOVA GUAIRA,"Casa, 0.00 de área total, 57.95 de área privativa, 0.00 de área do terreno.",130235.51,215000.0,39.43,Leilão SFI - Edital Único,,GUAIRA,SP,Não
1444419232853,"AVENIDA 15D, N. 133, LT 12 QD D",JARDIM SAO FRANCISCO I,"Casa, 79.78 de área total, 79.78 de área privativa, 200.00 de área do terreno,  2 qto(s), a.serv, WC, 1 sala(s), cozinha, 1 vaga(s) de garagem.",220000.0,220000.0,0.0,Leilão SFI - Edital Único,,GUAIRA,SP,Não
1444419344244,"RUA 13 B, N. 1738, QD C  LT 55",RESIDENCIAL R GUIMARAES,"Casa, 106.06 de área total, 106.06 de área privativa, 200.00 de área do terreno,  2 qto(s), a.serv, WC, 1 sala(s), cozinha, 2 vaga(s) de garagem.",274098.25,260000.0,0.0,Leilão SFI - Edital Único,,GUAIRA,SP,Não
1444422989560,"RUA ETORE LORENZI, N. 241, LT 7 QD 21",RESIDENCIAL LEONOR II,"Casa, 125.00 de área total, 99.38 de área privativa, 200.00 de área do terreno,  2 qto(s), a.serv, WC, 1 sala(s), 1 lavabo(s), 2 vaga(s) de garagem.",619805.95,615000.0,0.0,Leilão SFI - Edital Único,,GUAPIACU,SP,Não
8444425226027,"RUA FERNANDO DOS SANTOS CALDAS, N. 740, LOTE 07 - QUADRA E",ANTONIO ABBOUD,"Casa, 52.06 de área total, 52.06 de área privativa, 250.00 de área do terreno,  2 qto(s), a.serv, WC, 1 sala(s), cozinha, 2 vaga(s) de garagem.",103309.82,198700.0,48.01,Venda Direta Online,,GUARA,SP,Não
8444425172814,"RUA FERNANDO SANTOS CALDAS, N. 550, LT 06 QD A",ANTONIO ABBOUD,"Casa, 58.06 de área total, 58.06 de área privativa, 250.00 de área do terreno,  2 qto(s), WC, 1 sala(s), cozinha, 2 vaga(s) de garagem.",120882.7,200000.0,39.56,Venda Direta Online,,GUARA,SP,Não
8444409761070,"RUA ANTONIO ZILLI, N. 151, LOTE 3, QUADRA C",CONJUNTO HABITACIONAL SANTO ANTONIO,"Casa, 114.61 de área total, 114.61 de área privativa, 189.54 de área do terreno,  2 qto(s), a.serv, WC, 1 sala(s), cozinha, 1 vaga(s) de garagem.",82786.76,137000.0,39.58,Venda Direta Online,,GUARACAI,SP,Não
10289447,"RUA CASEMIRO CESAR, N. 00, QD 86, LT 01",CENTRO,"Terreno, 0.00 de área total, 0.00 de área privativa, 1864.78 de área do terreno.",235806.29,370000.0,36.27,Licitação Aberta,,GUARACI,SP,Não
10289448,"RUA DIRCEU PALMIERI, N. S/N, QD 86, LT 17",CENTRO,"Terreno, 0.00 de área total, 0.00 de área privativa, 2000.00 de área do terreno.",325030.29,510000.0,36.27,Licitação Aberta,,GUARACI,SP,Sim
8444423566076,"RUA D, N. SN, LT 4 QD 4",RESIDENCIAL BOA VISTA,"Casa, 49.00 de área total, 49.00 de área privativa, 200.00 de área do terreno,  2 qto(s), WC, 1 sala(s), cozinha.",71080.9,124000.0,42.68,Venda Direta Online,,GUARANTA,SP,Não
8787711276459,"RUA PEDRO ROSA, N. 700, Apto 01, BL 02",OLARIA JOSE BENEDITO,"Apartamento, 109.08 de área total, 54.57 de área privativa, 0.00 de área do terreno,  2 qto(s), WC, 1 sala(s), cozinha, 1 vaga(s) de garagem.",177568.31,290000.0,38.77,Licitação Aberta,,GUARATINGUETA,SP,Não
8787712910844,"ESTRADA VICINAL DOUTOR RAFAEL AMERICO RANIERI, N. 355, SOBRADO 101 TIPO B",BARRANCO ALTO,"Casa, 116.02 de área total, 48.56 de área privativa, 24.28 de área do terreno,  2 qto(s), a.serv, WC, 1 sala(s), cozinha.",177568.31,290000.0,38.77,Licitação Aberta,,GUARATINGUETA,SP,Não
8787700112620,"AVENIDA CARLOS BATISTA DE ANDRADE, N. 201, LT 265 QD 21",RESIDENCIAL PLANALTO VERDE,"Casa, 46.35 de área total, 46.35 de área privativa, 200.00 de área do terreno,  2 qto(s), a.serv, WC, 1 sala(s), cozinha.",116561.14,203000.0,42.59,Venda Direta Online,,GUARIBA,SP,Sim
10306958,"RUA ANTONIO CARLOS DE LAURENTIZ, N. 251",RESIDENCIAL MANGOLINI,"Casa, 0.00 de área total, 162.10 de área privativa, 200.00 de área do terreno.",540212.01,470000.0,0.0,Leilão SFI - Edital Único,,GUARIBA,SP,Não
8444435593502,"RUA DOMINGOS CORCINO DA ROCHA, N. 541, QD 18 LT 188",RESIDENCIAL PLANALTO VERDE,"Casa, 46.98 de área total, 46.98 de área privativa, 200.00 de área do terreno,  2 qto(s).",195294.31,140000.0,0.0,Leilão SFI - Edital Único,,GUARIBA,SP,Não
10217508,"RUA AMADEU FERNANDES CONDE, N. 110, QD 33, LT 15",JARDIM ACAPULCO,"Casa, 0.00 de área total, 499.00 de área privativa, 1000.00 de área do terreno.",2174835.04,3900000.0,44.24,Venda Direta Online,,GUARUJA,SP,Sim
1444422214992,"RUA TAUBATE, N. 85, Apto 161,",PITANGUEIRAS,"Apartamento, 0.00 de área total, 150.03 de área privativa, 0.00 de área do terreno, 2 vaga(s) de garagem.",504752.93,792000.0,36.27,Venda Direta Online,,GUARUJA,SP,Sim
8444413671306,"AVENIDA VENEZUELA, N. 751, Apto 12, BOX 11",ENSEADA,"Apartamento, 109.96 de área total, 70.65 de área privativa, 0.00 de área do terreno,  2 qto(s), a.serv, WC, 1 sala(s), cozinha.",210951.03,331000.0,36.27,Licitação Aberta,,GUARUJA,SP,Não
10302827,"AVENIDA ADHEMAR DE BARROS, N. 1347, BL A, SL 21-A",VILA SANTA ROSA,"Sala, 0.00 de área total, 23.89 de área privativa, 0.00 de área do terreno.",170000.0,170000.0,0.0,Leilão SFI - Edital Único,,GUARUJA,SP,Não
8787712610867,"RUA BEMTEVI, N. 46, Apto 306,",JARDIM DOS PASSAROS,"Apartamento, 63.34 de área total, 38.16 de área privativa, 0.00 de área do terreno,  1 qto(s), a.serv, WC, 1 sala(s), cozinha.",218000.0,218000.0,0.0,Leilão SFI - Edital Único,,GUARUJA,SP,Não
10302826,"AVENIDA ADHEMAR DE BARROS, N. 1347, BL A, SL 22-A",VILA SANTA ROSA,"Sala, 0.00 de área total, 28.91 de área privativa, 0.00 de área do terreno.",189000.0,173090.0,0.0,Leilão SFI - Edital Único,,GUARUJA,SP,Não
1555520668531,"RUA EMILIO PORTELA, N. 160, Apto 181, COBERTURA",VILA ALZIRA,"Apartamento, 263.75 de área total, 190.00 de área privativa, 0.00 de área do terreno, 2 vaga(s) de garagem.",1322009.22,1210000.0,0.0,Leilão SFI - Edital Único,,GUARUJA,SP,Não
8555525944292,"AVENIDA SALGADO FILHO, N. 2948, Apto 153, B",CENTRO,"Apartamento, 0.00 de área total, 48.58 de área privativa, 0.00 de área do terreno,  2 qto(s), WC, 1 sala(s), cozinha, 1 vaga(s) de garagem.",149474.38,256000.0,41.62,Licitação Aberta,,GUARULHOS,SP,Não
8787712698179,"RUA TURVOLANDIA, N. 867, Apto 01, BL 01",VILA NOVA BONSUCESSO,"Apartamento, 42.73 de área total, 34.14 de área privativa, 0.00 de área do terreno,  1 qto(s), WC, 1 sala(s), cozinha.",90746.77,155000.0,41.46,Licitação Aberta,,GUARULHOS,SP,Não
8787707264700,"AVENIDA JOSE BRUMATTI, N. 2856, Apto 05, BL 06",LAVRAS,"Apartamento, 49.68 de área total, 41.59 de área privativa, 0.00 de área do terreno,  2 qto(s).",94815.14,160000.0,40.75,Licitação Aberta,,GUARULHOS,SP,Não
8787703181444,"AVENIDA RIVER, N. 465, Apto 103, BL 19",AGUA CHATA,"Apartamento, 46.96 de área total, 40.32 de área privativa, 0.00 de área do terreno,  2 qto(s), a.serv, WC, 1 sala(s), cozinha, 1 vaga(s) de garagem.",105481.84,178000.0,40.75,Licitação Aberta,,GUARULHOS,SP,Não
8787703552078,"AVENIDA RIVER, N. 465, Apto 204, BL 19",AGUA CHATA,"Apartamento, 46.96 de área total, 40.32 de área privativa, 0.00 de área do terreno,  2 qto(s), a.serv, WC, 1 sala(s), cozinha, 1 vaga(s) de garagem.",105481.84,178000.0,40.75,Licitação Aberta,,GUARULHOS,SP,Não
8555535931290,"RUA ITA, N. 55, Apto 401, BL 06",JARDIM ANSALCA,"Apartamento, 46.51 de área total, 40.32 de área privativa, 0.00 de área do terreno,  2 qto(s), a.serv, WC, 1 sala(s), cozinha, 1 vaga(s) de garagem.",139015.11,230000.0,39.56,Licitação Aberta,,GUARULHOS,SP,Não
8787709469873,"AVENIDA JOSE BRUMATTI, N. 2374, Apto 208, BL 07",JARDIM SANTO EXPEDITO,"Apartamento, 45.68 de área total, 38.40 de área privativa, 0.00 de área do terreno,  2 qto(s), a.serv, WC, 1 sala(s), cozinha, 1 vaga(s) de garagem.",129948.9,215000.0,39.56,Licitação Aberta,,GUARULHOS,SP,Não
8787712958499,"RUA CELSO RODRIGUES SALGUEIRO, N. 30, Apto 507, BL 09",JARDIM NOVO PORTUGAL,"Apartamento, 44.82 de área total, 38.40 de área privativa, 0.00 de área do terreno,  2 qto(s), WC, 1 sala(s), cozinha.",123300.35,204000.0,39.56,Venda Direta Online,,GUARULHOS,SP,Não
8787713317438,"RUA CELSO RODRIGUES SALGUEIRO, N. 30, Apto 501, BL 17",JARDIM NOVO PORTUGAL,"Apartamento, 44.82 de área total, 38.40 de área privativa, 0.00 de área do terreno,  2 qto(s), WC, 1 sala(s), cozinha.",123300.35,204000.0,39.56,Venda Direta Online,,GUARULHOS,SP,Não
8787704448827,"RUA DORES DE CAMPOS, N. 97, Apto 11, BLOCO A",VILA NOVA BONSUCESSO,"Apartamento, 50.00 de área total, 41.45 de área privativa, 0.00 de área do terreno,  2 qto(s), WC, 1 sala(s), cozinha, 1 vaga(s) de garagem.",140223.93,232000.0,39.56,Venda Direta Online,,GUARULHOS,SP,Não
8787706131359,"RUA DORES DE CAMPOS, N. 97, Apto 46, BL B",VILA NOVA BONSUCESSO,"Apartamento, 49.61 de área total, 41.45 de área privativa, 0.00 de área do terreno,  2 qto(s), a.serv, WC, 1 sala(s), cozinha.",114838.57,190000.0,39.56,Licitação Aberta,,GUARULHOS,SP,Não
8787711163590,"RUA TURVOLANDIA, N. 839, Apto 111, BL 01",VILA NOVA BONSUCESSO,"Apartamento, 55.31 de área total, 44.17 de área privativa, 0.00 de área do terreno,  2 qto(s), WC, 1 sala(s), cozinha.",135993.04,225000.0,39.56,Venda Direta Online,,GUARULHOS,SP,Não
8787712041706,"RUA TURVOLANDIA, N. 839, Apto 145, BL 02",VILA NOVA BONSUCESSO,"Apartamento, 55.83 de área total, 44.17 de área privativa, 0.00 de área do terreno,  2 qto(s), a.serv, WC, 1 sala(s), cozinha.",140828.35,233000.0,39.56,Venda Direta Online,,GUARULHOS,SP,Não
8787712101628,"RUA TURVOLANDIA, N. 839, Apto 61, BL 03",VILA NOVA BONSUCESSO,"Apartamento, 55.31 de área total, 44.17 de área privativa, 0.00 de área do terreno,  2 qto(s), a.serv, WC, 1 sala(s), cozinha.",129948.9,215000.0,39.56,Venda Direta Online,,GUARULHOS,SP,Não
8787712478276,"RUA TURVOLANDIA, N. 839, Apto 87, BL 03 08 ANDAR",VILA NOVA BONSUCESSO,"Apartamento, 52.71 de área total, 42.09 de área privativa, 0.00 de área do terreno.",132970.97,220000.0,39.56,Venda Direta Online,,GUARULHOS,SP,Não
8787712744022,"RUA TURVOLANDIA, N. 867, Apto 1601, BL 01",VILA NOVA BONSUCESSO,"Apartamento, 55.79 de área total, 44.18 de área privativa, 0.00 de área do terreno,  2 qto(s), a.serv, WC, 1 sala(s), cozinha.",131762.14,218000.0,39.56,Licitação Aberta,,GUARULHOS,SP,Não
8787713268119,"RUA TURVOLANDIA, N. 867, Apto 01, BL 03",VILA NOVA BONSUCESSO,"Apartamento, 42.72 de área total, 34.14 de área privativa, 0.00 de área do terreno,  1 qto(s), WC, 1 sala(s), cozinha.",124509.18,206000.0,39.56,Venda Online,,GUARULHOS,SP,Não
8787714241230,"RUA TURVOLANDIA, N. 867, Apto 1604, 16º ANDAR, BL 03",VILA NOVA BONSUCESSO,"Apartamento, 55.29 de área total, 44.18 de área privativa, 0.00 de área do terreno,  2 qto(s), a.serv, WC, 1 sala(s), cozinha.",134179.8,222000.0,39.56,Venda Online,,GUARULHOS,SP,Não
8787717803132,"RUA TURVOLANDIA, N. 839, Apto 22, PV 02 BL 03",VILA NOVA BONSUCESSO,"Apartamento, 52.71 de área total, 42.09 de área privativa, 0.00 de área do terreno.",139015.11,230000.0,39.56,Venda Direta Online,,GUARULHOS,SP,Não
8787703538660,"ESTRADA DO CAMINHO VELHO, N. 651, Apto 208, BL 01",JARDIM NOVA CIDADE,"Apartamento, 45.87 de área total, 38.42 de área privativa, 0.00 de área do terreno,  2 qto(s), WC, 1 sala(s), cozinha, 1 vaga(s) de garagem.",114838.57,190000.0,39.56,Licitação Aberta,,GUARULHOS,SP,Não
8787702525506,"AVENIDA RIVER, N. 465, Apto 302, BL 38",CENTRO,"Apartamento, 46.96 de área total, 40.32 de área privativa, 0.00 de área do terreno,  2 qto(s), a.serv, WC, 1 sala(s), cozinha, 1 vaga(s) de garagem.",157974.56,258000.0,38.77,Venda Direta Online,,GUARULHOS,SP,Não
8787711570799,"RUA TURVOLANDIA, N. 839, Apto 171, BL 02",VILA NOVA BONSUCESSO,"Apartamento, 0.00 de área total, 44.17 de área privativa, 0.00 de área do terreno, 1 vaga(s) de garagem.",153076.13,250000.0,38.77,Licitação Aberta,,GUARULHOS,SP,Não
8787713976075,"AVENIDA CHIYO YAMAMOTO, N. 620, Apto 04, BL 13",VILA NOVA BONSUCESSO,"Apartamento, 58.49 de área total, 51.71 de área privativa, 0.00 de área do terreno,  2 qto(s), a.serv, WC, 1 sala(s), cozinha, 1 vaga(s) de garagem.",174506.78,285000.0,38.77,Licitação Aberta,,GUARULHOS,SP,Não
8787715086050,"RUA TURVOLANDIA, N. 867, Apto 1307, BL 01 13 ANDAR",VILA NOVA BONSUCESSO,"Apartamento, 53.19 de área total, 42.10 de área privativa, 0.00 de área do terreno,  2 qto(s), WC, 1 sala(s), cozinha, 1 vaga(s) de garagem.",146953.08,240000.0,38.77,Venda Direta Online,,GUARULHOS,SP,Não
8787703550024,"AVENIDA RIVER, N. 465, Apto 406, BL 07",AGUA CHATA,"Apartamento, 46.96 de área total, 40.32 de área privativa, 0.00 de área do terreno,  2 qto(s), a.serv, WC, 1 sala(s), cozinha, 1 vaga(s) de garagem.",156137.65,255000.0,38.77,Licitação Aberta,,GUARULHOS,SP,Não
1787700715008,"RUA PASCHOALINA BELLOTI, N. 31, Apto 203, PAV02 BL 10 VG 403",PIRES,"Apartamento, 72.16 de área total, 38.40 de área privativa, 0.00 de área do terreno,  2 qto(s), a.serv, WC, 1 sala(s), cozinha, 1 vaga(s) de garagem.",162515.15,255000.0,36.27,Licitação Aberta,,GUARULHOS,SP,Não
1444406436781,"RUA OLIMPIO MARTINS, N. 55,",JARDIM PALMIRA,"Terreno, 0.00 de área total, 0.00 de área privativa, 154.00 de área do terreno.",258112.29,405000.0,36.27,Licitação Aberta,,GUARULHOS,SP,Não
8787706678714,"AVENIDA JOSE BRUMATTI, N. 2856, Apto 58, BLOCO 06",CIDADE SOBERANA,"Apartamento, 80.36 de área total, 41.59 de área privativa, 0.00 de área do terreno,  2 qto(s), a.serv, WC, 1 sala(s), cozinha.",197000.0,197000.0,0.0,Leilão SFI - Edital Único,,GUARULHOS,SP,Não
8555534041666,"RUA ITA, N. 55, Apto 302, BLOCO11",JARDIM ANSALCA,"Apartamento, 46.51 de área total, 40.32 de área privativa, 0.00 de área do terreno, 1 vaga(s) de garagem.",230000.0,230000.0,0.0,Leilão SFI - Edital Único,,GUARULHOS,SP,Não
8555535799309,"RUA ITA, N. 55, Apto 505, PAV 5 BL 14",JARDIM ANSALCA,"Apartamento, 46.51 de área total, 40.32 de área privativa, 0.00 de área do terreno,  2 qto(s), a.serv, WC, 1 sala(s), cozinha, 1 vaga(s) de garagem.",213000.0,213000.0,0.0,Leilão SFI - Edital Único,,GUARULHOS,SP,Não
8787713508225,"RUA CELSO RODRIGUES SALGUEIRO, N. 30, Apto 407, BL 08",JARDIM NOVO PORTUGAL,"Apartamento, 44.82 de área total, 38.40 de área privativa, 0.00 de área do terreno,  2 qto(s).",218000.0,218000.0,0.0,Leilão SFI - Edital Único,,GUARULHOS,SP,Não
8787714422910,"RUA CELSO RODRIGUES SALGUEIRO, N. 30, Apto 201, BL 18",JARDIM NOVO PORTUGAL,"Apartamento, 83.11 de área total, 38.40 de área privativa, 0.00 de área do terreno,  2 qto(s), a.serv, WC, 1 sala(s), cozinha, 1 vaga(s) de garagem.",220000.0,220000.0,0.0,Leilão SFI - Edital Único,,GUARULHOS,SP,Não
8787711434160,"AVENIDA CHIYO YAMAMOTO, N. 710, Apto 32, BL 07",VILA NOVA BONSUCESSO,"Apartamento, 47.41 de área total, 42.24 de área privativa, 0.00 de área do terreno,  2 qto(s), a.serv, WC, 1 sala(s), cozinha.",215000.0,215000.0,0.0,Leilão SFI - Edital Único,,GUARULHOS,SP,Não
8787712908017,"RUA TURVOLANDIA, N. 867, Apto 501, BLOCO 1",VILA NOVA BONSUCESSO,"Apartamento, 55.29 de área total, 44.18 de área privativa, 0.00 de área do terreno,  2 qto(s), a.serv, WC, 1 sala(s), cozinha.",216000.0,216000.0,0.0,Leilão SFI - Edital Único,,GUARULHOS,SP,Não
1600000165747,"RUA PRINCESA IZABEL, N. 691, LT 05 QD 31",JARDIM VILA GALVAO,"Casa, 316.92 de área total, 316.92 de área privativa, 300.00 de área do terreno,  3 qto(s), a.serv, WC, 1 sala(s), 1 lavabo(s), cozinha.",1100000.0,1100000.0,0.0,Leilão SFI - Edital Único,,GUARULHOS,SP,Não
8787711117075,"RUA MURUTU, N. 479, Apto 31, BL D",JARDIM SILVESTRE,"Apartamento, 47.65 de área total, 42.24 de área privativa, 0.00 de área do terreno, 1 vaga(s) de garagem.",232000.0,232000.0,0.0,Leilão SFI - Edital Único,,GUARULHOS,SP,Não
8787706650364,"AVENIDA JOSE BRUMATTI, N. 2856, Apto 32,  BL 5",NOVA PONTE ALTA,"Apartamento, 80.42 de área total, 40.23 de área privativa, 0.00 de área do terreno,  2 qto(s), WC, 1 sala(s), cozinha.",219562.47,219562.47,0.0,Leilão SFI - Edital Único,,GUARULHOS,SP,Não
8787716428745,"ESTRADA AGUA CHATA, N. 3193, Apto 16, BL C  TORRE 2  1 ANDAR",AGUA CHATA,"Apartamento, 54.40 de área total, 43.00 de área privativa, 0.00 de área do terreno,  2 qto(s), WC, 1 sala(s), cozinha.",296000.0,296000.0,0.0,Leilão SFI - Edital Único,,GUARULHOS,SP,Não
8787716471705,"ESTRADA AGUA CHATA, N. 3193, Apto 61, 6 ANDAR  BL B  TORRE 1",AGUA CHATA,"Apartamento, 65.25 de área total, 44.33 de área privativa, 0.00 de área do terreno,  2 qto(s), WC, 1 sala(s), cozinha, 1 vaga(s) de garagem.",324000.0,324000.0,0.0,Leilão SFI - Edital Único,,GUARULHOS,SP,Não
1555535489980,"AVENIDA RIO DE JANEIRO, N. 510, Apto 108, TORRE 03",VILA BREMEN,"Apartamento, 91.41 de área total, 43.81 de área privativa, 0.00 de área do terreno,  1 qto(s), a.serv, WC, 1 sala(s), cozinha, 1 vaga(s) de garagem.",210101.71,209358.35,0.0,Leilão SFI - Edital Único,,GUARULHOS,SP,Não
8787719907792,"AVENIDA CHIYO YAMAMOTO, N. 620, Apto 11, BL 07",VILA NOVA BONSUCESSO,"Apartamento, 47.37 de área total, 42.24 de área privativa, 0.00 de área do terreno,  2 qto(s), a.serv, WC, 1 sala(s), cozinha, 1 vaga(s) de garagem.",256163.38,243000.0,0.0,Leilão SFI - Edital Único,,GUARULHOS,SP,Não
8787707621333,"ESTRADA JOAO PANNOCCHIA MOLINA, N. 414, Apto 407, BL 05",VILA SAO JOAO,"Apartamento, 58.80 de área total, 38.42 de área privativa, 0.00 de área do terreno,  2 qto(s), WC, 1 sala(s), cozinha, 1 vaga(s) de garagem.",200912.31,188000.0,0.0,Leilão SFI - Edital Único,,GUARULHOS,SP,Não
1444423302909,"AVENIDA PRESIDENTE JUSCELINO KUBITSCHEK, N. 3000, Apto 21-B, 2 ANDAR  BL 3  ED. MARESIAS",JARDIM ALBERTINA,"Apartamento, 118.58 de área total, 59.25 de área privativa, 0.00 de área do terreno, 1 vaga(s) de garagem.",410946.09,380000.0,0.0,Leilão SFI - Edital Único,,GUARULHOS,SP,Não
8444429584858,"RUA LESTE, N. 175, Apto 14, BL F",VILA RIO DE JANEIRO,"Apartamento, 85.99 de área total, 48.32 de área privativa, 0.00 de área do terreno,  2 qto(s), a.serv, WC, 1 sala(s), cozinha.",198455.61,178000.0,0.0,Leilão SFI - Edital Único,,GUARULHOS,SP,Não
1787702208383,"AVENIDA CHIYO YAMAMOTO, N. 620, Apto AP 43, BL 31",VILA NOVA BONSUCESSO,"Apartamento, 86.79 de área total, 59.85 de área privativa, 0.00 de área do terreno,  2 qto(s), WC, 1 sala(s), cozinha, Terraco, 1 vaga(s) de garagem.",380834.25,320000.0,0.0,Leilão SFI - Edital Único,,GUARULHOS,SP,Não
8787712483113,"RUA TURVOLANDIA, N. 839, Apto AP 16, BL 2",VILA NOVA BONSUCESSO,"Apartamento, 52.71 de área total, 42.09 de área privativa, 0.00 de área do terreno,  2 qto(s), a.serv, WC, 1 sala(s), cozinha.",270636.0,215000.0,0.0,Leilão SFI - Edital Único,,GUARULHOS,SP,Não
8787713711020,"RUA RIO PINDARE, N. 1120, Apto 33, TORRE 08",PARQUE ORESTES ONGARO,"Apartamento, 56.49 de área total, 38.82 de área privativa, 0.00 de área do terreno,  2 qto(s), WC, 1 sala(s), cozinha, 1 vaga(s) de garagem.",100148.49,169000.0,40.75,Licitação Aberta,,HORTOLANDIA,SP,Não
8787710982520,"AVENIDA 2, N. 251, Apto 12, BL C",JARDIM DAS FLORES,"Apartamento, 95.05 de área total, 40.90 de área privativa, 0.00 de área do terreno,  2 qto(s), WC, 1 sala(s), cozinha, 1 vaga(s) de garagem.",97778.11,165000.0,40.75,Licitação Aberta,,HORTOLANDIA,SP,Não
8787714111094,"RUA RIO PINDARE, N. 1120, Apto 13, TORRE 06",PARQUE ORESTES ONGARO,"Apartamento, 56.49 de área total, 38.82 de área privativa, 0.00 de área do terreno,  2 qto(s), WC, 1 sala(s), cozinha, 1 vaga(s) de garagem.",129948.9,215000.0,39.56,Licitação Aberta,,HORTOLANDIA,SP,Não
8787706906261,"AVENIDA OSVALDO DE SOUZA, N. 450, Apto A03, TORRE A",JARDIM NOVO ANGULO,"Apartamento, 120.23 de área total, 88.08 de área privativa, 0.00 de área do terreno,  2 qto(s), a.serv, WC, 1 sala(s), cozinha, 1 vaga(s) de garagem.",198386.66,324000.0,38.77,Licitação Aberta,,HORTOLANDIA,SP,Não
8787716882896,"RUA RIO PINDARE, N. 1300, Apto 1201, BL 02",PARQUE ORESTES ONGARO,"Apartamento, 102.18 de área total, 50.89 de área privativa, 0.00 de área do terreno,  2 qto(s), WC, 1 sala(s), cozinha, 1 vaga(s) de garagem.",164709.91,269000.0,38.77,Licitação Aberta,,HORTOLANDIA,SP,Não
8787716890490,"RUA RIO PINDARE, N. 1300, Apto 102, BL 02",PARQUE ORESTES ONGARO,"Apartamento, 102.18 de área total, 50.89 de área privativa, 0.00 de área do terreno,  2 qto(s), a.serv, WC, 1 sala(s), cozinha, 1 vaga(s) de garagem.",150341.57,245534.0,38.77,Licitação Aberta,,HORTOLANDIA,SP,Não
8787720346871,"RUA ARMANDO DOS SANTOS, N. 110, Apto 307, TORRE 01",JARDIM NOVA ALVORADA,"Apartamento, 99.54 de área total, 50.19 de área privativa, 0.00 de área do terreno,  2 qto(s), WC, 1 sala(s), cozinha, 1 vaga(s) de garagem.",169608.35,277000.0,38.77,Licitação Aberta,,HORTOLANDIA,SP,Não
1787701514448,"ESTRADA GERALDO COSTA CAMARGO, N. 555, Apto 1403, TORRE 02",JARDIM SAO BENTO,"Apartamento, 115.74 de área total, 56.37 de área privativa, 0.00 de área do terreno,  2 qto(s), WC, 1 sala(s), cozinha, 1 vaga(s) de garagem.",206684.61,324305.62,36.27,Licitação Aberta,,HORTOLANDIA,SP,Não
8555526045291,"RUA ANTONIO FERNANDES LEITE, N. 1490, Apto 62, BL A LOT NUCLEO SANTA IZABEL",SANTA IZABEL,"Apartamento, 60.71 de área total, 50.34 de área privativa, 0.00 de área do terreno,  2 qto(s), varanda, a.serv, WC, 1 sala(s), cozinha, 1 vaga(s) de garagem.",244266.0,244266.0,0.0,Leilão SFI - Edital Único,,HORTOLANDIA,SP,Não
8555538076472,"RUA JOSE MOSCARDINI, N. 65, Apto A16, VAGA 151",JARDIM NOSSA SENHORA DE FATIMA,"Apartamento, 109.84 de área total, 75.46 de área privativa, 0.00 de área do terreno,  2 qto(s), WC, 1 sala(s), cozinha, 1 vaga(s) de garagem.",300000.0,300000.0,0.0,Leilão SFI - Edital Único,,HORTOLANDIA,SP,Não
8787708020970,"ESTRADA GERALDO COSTA CAMARGO, N. 491, Apto 501, TR 4 5 PAV",LOTEAMENTO ADVENTISTA CAMPINEIRO,"Apartamento, 114.35 de área total, 52.71 de área privativa, 0.00 de área do terreno,  2 qto(s), WC, 1 sala(s), cozinha.",276600.0,276600.0,0.0,Leilão SFI - Edital Único,,HORTOLANDIA,SP,Não
8787706731810,"AVENIDA THEREZA ANA CECON BREDA, N. 1661, Apto 1301, TORRE 02",JARDIM DAS COLINAS,"Apartamento, 117.44 de área total, 56.93 de área privativa, 0.00 de área do terreno,  2 qto(s), WC, 1 sala(s), cozinha, 1 vaga(s) de garagem.",250000.0,250000.0,0.0,Leilão SFI - Edital Único,,HORTOLANDIA,SP,Não
8787719576290,"RUA RIO PINDARE, N. 1300, Apto 1002, TR 04 10 PAV",PARQUE ORESTES ONGARO,"Apartamento, 111.80 de área total, 55.37 de área privativa, 0.00 de área do terreno,  2 qto(s), a.serv, WC, 1 sala(s), cozinha, 1 vaga(s) de garagem.",311511.41,273000.0,0.0,Leilão SFI - Edital Único,,HORTOLANDIA,SP,Não
1444415671941,"RUA FELICIO FREIRE DE OLIVEIRA, N. SN, LT 19A QD A QUARTEIRAO 296",JARDIM NOVO CAMBUI,"Terreno, 0.00 de área total, 0.00 de área privativa, 225.00 de área do terreno.",456085.72,186500.0,0.0,Leilão SFI - Edital Único,,HORTOLANDIA,SP,Não
10258774,"AVENIDA JOAQUIM PEDRO DE OLIVEIRA, N. SN, LT 07",CENTRO,"Terreno, 0.00 de área total, 0.00 de área privativa, 339.30 de área do terreno.",64027.39,113000.0,43.34,Venda Online,,IACANGA,SP,Não
10258778,"AVENIDA JOAQUIM PEDRO DE OLIVEIRA, N. SN, LT 08",CENTRO,"Terreno, 0.00 de área total, 0.00 de área privativa, 351.14 de área do terreno.",69620.52,122500.0,43.17,Venda Online,,IACANGA,SP,Não
10283583,"RUA TRÊS, N. 00, QD E, LT 14",VARANDAS DO TIETÊ,"Terreno, 0.00 de área total, 0.00 de área privativa, 800.00 de área do terreno.",51333.85,85000.0,39.61,Venda Online,,IACANGA,SP,Não
1444407429541,"RUA JOSE GOMES DE ARAUJO (ANTIGA RUA DOS ROTARIAN, N. 329, Apto 21, 2 ANDAR",AREA RURAL DE TERMAS DE IBIRA,"Apartamento, 66.05 de área total, 47.20 de área privativa, 0.00 de área do terreno,  2 qto(s), WC, 1 sala(s), cozinha, 1 vaga(s) de garagem.",103405.65,175000.0,40.92,Licitação Aberta,,IBIRA,SP,Não
8444431371769,"RUA TRÊS, N. SN, LT 06 QD E",SAO BENEDITO,"Terreno, 54.02 de área total, 0.00 de área privativa, 160.00 de área do terreno.",109096.64,190000.0,42.59,Venda Direta Online,,IBITINGA,SP,Não
8787711650911,"RUA PROJETADA UM, N. 218, LT 22 QD A",VILA MARIA II,"Casa, 49.65 de área total, 49.65 de área privativa, 135.00 de área do terreno,  2 qto(s), a.serv, 1 sala(s), cozinha.",104822.76,176887.8,40.75,Venda Direta Online,,IBITINGA,SP,Não
8444434499456,"RUA LUIZ FURCO, N. 97,",JARDIM FELICIDADE,"Casa, 126.32 de área total, 126.32 de área privativa, 170.00 de área do terreno,  2 qto(s), a.serv, WC, 1 sala(s), cozinha.",127531.25,211000.0,39.56,Licitação Aberta,,IBITINGA,SP,Não
8444437629580,"RUA CLEIDE DO NASCIMENTO PERES, N. 87, LT 41 QD 10",RESIDENCIAL PLANALTO PARAISO I,"Casa, 54.02 de área total, 54.02 de área privativa, 160.00 de área do terreno,  2 qto(s), a.serv, WC, 1 sala(s), cozinha.",116651.81,193000.0,39.56,Venda Direta Online,,IBITINGA,SP,Não
8444433871122,"RUA JOAO DE OLIVEIRA SILVA, N. 315, LT 37  QD17",RESIDENCIAL SANTO EXPEDITO,"Casa, 53.97 de área total, 53.97 de área privativa, 133.60 de área do terreno,  2 qto(s), a.serv, WC, 1 sala(s), cozinha, 2 vaga(s) de garagem.",196288.94,190000.0,0.0,Leilão SFI - Edital Único,,IBITINGA,SP,Não
1444421762902,"RUA DR ORLANDO ZANCANER, N. 419, LT 13 QD 02 SETOR 02",VILA NOSSA SENHORA APARECIDA,"Terreno, 0.00 de área total, 0.00 de área privativa, 418.00 de área do terreno.",49351.67,90000.0,45.17,Venda Online,,IGARACU DO TIETE,SP,Não
8444430583606,"AVENIDA SALVADOR THOME, N. 96, LT 9 QD C",CONJUNTO RESIDENCIAL SEGURA GARCIA,"Casa, 85.53 de área total, 85.53 de área privativa, 137.10 de área do terreno,  2 qto(s), a.serv, WC, 1 sala(s), cozinha, 1 vaga(s) de garagem.",180000.0,180000.0,0.0,Leilão SFI - Edital Único,,IGARACU DO TIETE,SP,Não
1444411901306,"RUA JOSE ELIAS DA SILVA, N. 386, LT 22 QD 39 ANTIGA RUA 17",LOT JD BOTHANICO,"Casa, 99.92 de área total, 99.92 de área privativa, 200.00 de área do terreno,  3 qto(s), a.serv, WC, 1 sala(s), cozinha.",384000.0,384000.0,0.0,Leilão SFI - Edital Único,,IGARAPAVA,SP,Não
1444416808851,"RUA PROFESSOR DOUTOR ANTONIO AUGUSTO STI, N. SN, LT 03 QD A",JARDIM LAGUNA,"Terreno, 0.00 de área total, 0.00 de área privativa, 491.48 de área do terreno.",350522.87,550000.0,36.27,Licitação Aberta,,INDAIATUBA,SP,Sim
8787717235240,"AVENIDA SENADOR ROMEU TUMA, N. 345, Apto 201, 2º PAVIMENTO BLOCO 18",VILLA VIC INDAIATUBA,"Apartamento, 183.24 de área total, 43.47 de área privativa, 0.00 de área do terreno,  2 qto(s), WC, 1 sala(s), cozinha, 2 vaga(s) de garagem.",199813.86,293000.0,31.81,Leilão SFI - Edital Único,,INDAIATUBA,SP,Não
8089705862300,"RUA ANTONIO MARTILIANO DE CAMPOS, N. 440, Apto 23, BL 2  2 PAVIMENTO",JARDIM ALICE,"Apartamento, 0.00 de área total, 48.24 de área privativa, 0.00 de área do terreno,  2 qto(s), a.serv, WC, 1 sala(s), cozinha, 1 vaga(s) de garagem.",320000.0,320000.0,0.0,Leilão SFI - Edital Único,,INDAIATUBA,SP,Não
1600000192175,"RUA PADRE MANOEL DA NOBREGA, N. 730, Apto 93",VILA SFEIR,"Apartamento, 0.00 de área total, 180.82 de área privativa, 0.00 de área do terreno,  3 qto(s), a.serv, WC, WC Emp, 2 sala(s), 1 lavabo(s), cozinha, Terraco, 2 vaga(s) de garagem.",1700000.0,1700000.0,0.0,Leilão SFI - Edital Único,,INDAIATUBA,SP,Não
8787714974793,"AVENIDA SENADOR ROMEU TUMA, N. 320, Apto 102, PAVIMENTO TERREO BL 11 VG 125",MATO DENTRO,"Apartamento, 104.23 de área total, 51.53 de área privativa, 0.00 de área do terreno,  2 qto(s), a.serv, WC, 1 sala(s), cozinha, 1 vaga(s) de garagem.",277000.0,277000.0,0.0,Leilão SFI - Edital Único,,INDAIATUBA,SP,Não
1787703047715,"RUA JOAO MANOEL RUZ PERES, N. 490, Apto 37, T 03",JARDINS DO IMPERIO,"Apartamento, 58.38 de área total, 48.36 de área privativa, 0.00 de área do terreno,  2 qto(s), WC, 1 sala(s), cozinha.",335286.88,300000.0,0.0,Leilão SFI - Edital Único,,INDAIATUBA,SP,Não
1444419578326,"RUA DOMINGOS FURINI, N. 8, LT E QD 14A1",CENTRO,"Casa, 120.25 de área total, 120.25 de área privativa, 269.42 de área do terreno,  3 qto(s), a.serv, WC, 1 sala(s), cozinha, 1 vaga(s) de garagem.",284031.09,243000.0,0.0,Leilão SFI - Edital Único,,INDIAPORA,SP,Não
8787701939870,"RUA DEODATO AMARAL MELLO, N. 481, LOTE 19 QUADRA F",ANDORINHAS,"Casa, 44.82 de área total, 44.82 de área privativa, 150.00 de área do terreno,  2 qto(s), WC, 1 sala(s), cozinha, 1 vaga(s) de garagem.",87000.0,145000.0,40.0,Leilão SFI - Edital Único,,IPAUSSU,SP,Não
8444431956040,"AVENIDA DO ESTADO, N. SN,",JARDIM NOVO HORIZONTE,"Terreno, 0.00 de área total, 0.00 de área privativa, 250.00 de área do terreno.",74726.23,129000.0,42.08,Licitação Aberta,,IPERO,SP,Não
8787715367920,"RUA LEONICE SILVA (RUA CINCO), N. 18, LT 24 QD G",BACAETAVA,"Casa, 44.04 de área total, 44.04 de área privativa, 160.00 de área do terreno,  2 qto(s), a.serv, WC, 1 sala(s), cozinha.",107238.51,180964.37,40.75,Licitação Aberta,,IPERO,SP,Não
8787708092199,"RUA CLEY NASCIMENTO HONORIO, N. 1837, LOTE 20 QUADRA 19",PAMPUA,"Casa, 47.35 de área total, 47.35 de área privativa, 250.00 de área do terreno,  2 qto(s), a.serv, WC, 1 sala(s), cozinha, 1 vaga(s) de garagem.",106800.0,178000.0,40.0,Leilão SFI - Edital Único,,IPUA,SP,Não
8444424390141,"RUA JOAQUIM RAMOS FONTES, N. 109, AREA 01",CAPELINHA,"Casa, 60.48 de área total, 60.48 de área privativa, 176.70 de área do terreno,  2 qto(s), a.serv, WC, 1 sala(s), cozinha.",165000.0,165000.0,0.0,Leilão SFI - Edital Único,,IPUA,SP,Não
1444420504888,"RUA OLGA ZANOLLI AGUIAR, N. SN, LT 04 QD E",RES FLORIDA,"Casa, 144.89 de área total, 144.89 de área privativa, 351.57 de área do terreno,  3 qto(s), a.serv, WC, 2 sala(s), cozinha.",532858.49,836100.0,36.27,Licitação Aberta,,IRACEMAPOLIS,SP,Sim
1444400423092,"AVENIDA AURELIO CAMPOS, N. 90, LT 25, QD 2",LOTY,"Prédio, 168.74 de área total, 168.74 de área privativa, 200.00 de área do terreno,  2 qto(s), WC, 1 sala(s), cozinha, 1 vaga(s) de garagem.",246067.04,429000.0,42.65,Venda Online,,ITANHAEM,SP,Não
8444436494044,"RUA MARIANA DOS SANTOS, N. SN, Apto 12, BL B",GUAPURA,"Apartamento, 42.24 de área total, 42.07 de área privativa, 0.00 de área do terreno,  2 qto(s), a.serv, WC, 1 sala(s), cozinha.",96000.33,162000.0,40.75,Venda Direta Online,,ITANHAEM,SP,Não
8444437062784,"RUA COTINHA MAGALHAES, N. 1386, CS 04 LT 02 QD 12",NOSSA SENHORA DO SION,"Casa, 55.42 de área total, 51.73 de área privativa, 74.78 de área do terreno,  2 qto(s), a.serv, WC, 1 sala(s), cozinha, 1 vaga(s) de garagem.",137201.86,227000.0,39.56,Venda Direta Online,,ITANHAEM,SP,Não
8444401484069,"RUA DA SAUDE, N. 95, QD 33  LT 07  CS 01",NOSSA SENHORA DO SION,"Casa, 49.73 de área total, 49.73 de área privativa, 125.00 de área do terreno,  2 qto(s), a.serv, WC, 1 sala(s), cozinha, 1 vaga(s) de garagem.",184800.0,184800.0,0.0,Leilão SFI - Edital Único,,ITANHAEM,SP,Não
8444421509059,"RUA ITABOCA, N. 41, LT 22 QD 56 CS 02",TUPY,"Casa, 55.47 de área total, 55.47 de área privativa, 125.00 de área do terreno,  2 qto(s), a.serv, WC, 1 sala(s), cozinha, 1 vaga(s) de garagem.",230000.0,230000.0,0.0,Leilão SFI - Edital Único,,ITANHAEM,SP,Não
1555520454817,"RUA EXPEDICIONARIO POITENA, N. 68, LT 6 E 9 QD 45",CENTRO,"Casa, 604.63 de área total, 603.24 de área privativa, 625.00 de área do terreno,  1 qto(s), a.serv, WC, 1 sala(s), 1 lavabo(s), cozinha, 4 vaga(s) de garagem.",437863.36,400000.0,0.0,Leilão SFI - Edital Único,,ITANHAEM,SP,Não
10291027,"ESTRADA PREFEITO BENTO ROTGER DOMINGUES, N. 2030",JARDIM ELISA,"Comercial, 0.00 de área total, 608.59 de área privativa, 2110.76 de área do terreno.",1612405.18,2530000.0,36.27,Venda Direta Online,,ITAPECERICA DA SERRA,SP,Não
8787715844621,"RUA JOSE MARIA CERDEIRA FILHO - ANTIGA RUA 21, N. 105, QD AG LT03",LOTEAMENTO RESIDENCIAL CRISTOVAO COLOMBO,"Casa, 43.85 de área total, 43.85 de área privativa, 152.00 de área do terreno,  2 qto(s), a.serv, WC, 1 sala(s), cozinha, 1 vaga(s) de garagem.",119673.87,198000.0,39.56,Venda Direta Online,,ITAPETININGA,SP,Não
8787718825636,"RUA DOMINGOS DIAS MACHADO, N. 568,",LOTEAMENTO RESIDENCIAL CRISTOVAO COLOMBO,"Casa, 43.85 de área total, 43.85 de área privativa, 152.00 de área do terreno,  2 qto(s), varanda, a.serv, WC, 1 sala(s), cozinha, 1 vaga(s) de garagem.",132970.97,220000.0,39.56,Licitação Aberta,,ITAPETININGA,SP,Não
8444406908193,"R VICENTE SCUDELLER, N. 481, QUADRA 26, LOTE 16-D, CASA 00",VILA BARTH,"Casa, 62.80 de área total, 62.80 de área privativa, 125.00 de área do terreno,  2 qto(s), a.serv, WC, 1 sala(s), cozinha.",122543.58,149556.75,18.07,Leilão SFI - Edital Único,,ITAPETININGA,SP,Não
8787704188752,"RODOVIA GLADYS BERNARDES MINHOTO, N. 1740, CS 65",VILA BELO HORIZONTE,"Casa, 103.77 de área total, 44.80 de área privativa, 103.79 de área do terreno,  2 qto(s), a.serv, WC, 1 sala(s), cozinha, 1 vaga(s) de garagem.",195000.0,195000.0,0.0,Leilão SFI - Edital Único,,ITAPETININGA,SP,Não
8787712933240,"RUA WILLIAN YARED, N. 260, C 11",JARDIM NOVA ERA,"Casa, 111.13 de área total, 42.44 de área privativa, 90.00 de área do terreno,  2 qto(s), a.serv, WC, 1 sala(s), cozinha, 1 vaga(s) de garagem.",212000.0,212000.0,0.0,Leilão SFI - Edital Único,,ITAPETININGA,SP,Não
8787711565990,"RUA ALCINA VASCONCELOS FERRARI, N. 951, CS 26",VILA LA BRUNETTI,"Casa, 141.33 de área total, 45.65 de área privativa, 141.11 de área do terreno,  2 qto(s), a.serv, WC, 1 sala(s), cozinha, 2 vaga(s) de garagem.",203341.08,203341.08,0.0,Leilão SFI - Edital Único,,ITAPETININGA,SP,Não
8787707525660,"RUA 6, N. 12, LT 27 QD S",RESIDENCIAL RESERVA DA MATA,"Casa, 45.47 de área total, 45.47 de área privativa, 168.75 de área do terreno,  2 qto(s), a.serv, WC, 1 sala(s), cozinha, 2 vaga(s) de garagem.",160000.0,160000.0,0.0,Leilão SFI - Edital Único,,ITAPETININGA,SP,Não
8787717121350,"RUA MARIA FERRAZ DE MELLO CERDEIRA, N. 24, LT 03 - QD W",LOTEAMENTO RESIDENCIAL CRISTOVAO COLOMBO,"Casa, 0.00 de área total, 43.85 de área privativa, 152.00 de área do terreno,  2 qto(s), varanda, WC, 1 sala(s), cozinha, 1 vaga(s) de garagem.",215889.33,196382.19,0.0,Leilão SFI - Edital Único,,ITAPETININGA,SP,Não
1444418773737,"RUA SUED RAIMUNDO SIQUEIRA, N. 602, LT 20 QD 30 ANTIGA RUA 04",CAMBUI,"Casa, 55.59 de área total, 55.59 de área privativa, 160.00 de área do terreno,  3 qto(s), a.serv, WC, 1 sala(s), cozinha.",330500.16,255000.0,0.0,Leilão SFI - Edital Único,,ITAPETININGA,SP,Não
1444414039559,"RUA FRANCISCO VAZ DE OLIVEIRA, N. 432, LT 21A QD M",JARDIM BELA VISTA,"Casa, 0.00 de área total, 69.78 de área privativa, 125.00 de área do terreno,  2 qto(s), WC, 1 sala(s), cozinha.",98566.85,185000.0,46.73,Venda Direta Online,,ITAPEVA,SP,Não
8444411653785,"RUA TASSO MENEZES DE ABREU, N. 238, LT 12B, QD R",JARDIM BEIJAFLOR,"Casa, 0.00 de área total, 81.21 de área privativa, 180.00 de área do terreno,  2 qto(s), WC, 1 sala(s), cozinha.",347000.0,347000.0,0.0,Leilão SFI - Edital Único,,ITAPEVA,SP,Sim
8444425907130,"AVENIDA PREF ANTONIO CAVANI, N. 820, KT 12 QD K",LOTEAMENTO PORTAL ITAPEVA,"Casa, 45.45 de área total, 45.45 de área privativa, 175.00 de área do terreno,  1 qto(s), WC, 1 sala(s), cozinha, 1 vaga(s) de garagem.",220190.27,220190.27,0.0,Leilão SFI - Edital Único,,ITAPEVA,SP,Não
8444433674963,"RUA DIRCE MARINO DE SOUZA, N. SN, LOTE 26 DA QUADRA 17",BAIRRO DE CIMA,"Terreno, 55.35 de área total, 0.00 de área privativa, 140.00 de área do terreno.",195212.27,189000.0,0.0,Leilão SFI - Edital Único,,ITAPEVA,SP,Não
8555521013294,"AVENIDA LUIZ REVIGLIO, N. 160, Apto 43, PV 04 BL A2",JARDIM BRIQUET,"Apartamento, 98.56 de área total, 44.08 de área privativa, 0.00 de área do terreno,  2 qto(s), WC, 1 sala(s), cozinha, 1 vaga(s) de garagem.",129948.9,215000.0,39.56,Venda Direta Online,,ITAPEVI,SP,Não
8444421224305,"RUA SALVATORE GIUSEPPE BACCHINI, N. 96, CS 28 QD F",BA BARÃO ATALIBA NOG,"Casa, 46.25 de área total, 46.25 de área privativa, 178.20 de área do terreno,  1 qto(s), a.serv, WC, 1 sala(s), cozinha.",99555.89,168000.0,40.75,Licitação Aberta,,ITAPIRA,SP,Não
8030858382968,"RUA HIDEO KASHIBA, N. 52,",LOTEAMENTO POPULAR ISTOR LUPPI,"Casa, 48.43 de área total, 48.43 de área privativa, 160.00 de área do terreno, 1 vaga(s) de garagem.",91570.92,150000.0,38.96,Licitação Aberta,,ITAPIRA,SP,Não
8030858383522,"RUA 08, N. SN, QD A LT 02",LOTEAMENTO JOSE BORSATO (BARAO ATALIBA N,"Casa, 60.00 de área total, 60.00 de área privativa, 160.00 de área do terreno.",135326.01,215000.0,37.06,Venda Direta Online,,ITAPIRA,SP,Não
8444417301554,"RUA CONSTANTINO BUZANA, N. 212, LT 14 QD D ANTIGA RUA 03",BARAO ATALIBA NOGUEIRA,"Casa, 50.45 de área total, 50.45 de área privativa, 160.00 de área do terreno,  2 qto(s), a.serv, WC, 1 sala(s), cozinha.",155532.21,155532.21,0.0,Leilão SFI - Edital Único,,ITAPIRA,SP,Não
8787708688032,"RUA BRIGADEIRO FRANCISCO DE LIMA E SILVA, N. 410, Apto 106, TORRE 03 1º PAVIMENTO INFERIOR",RESIDENCIAL ITAQUA,"Apartamento, 64.70 de área total, 46.39 de área privativa, 0.00 de área do terreno,  2 qto(s), a.serv, WC, 1 sala(s), cozinha.",99000.0,165000.0,40.0,Leilão SFI - Edital Único,,ITAQUAQUECETUBA,SP,Não
8787708646925,"RUA BRIGADEIRO FRANCISCO LIMA E SILVA, N. 410, Apto 65, TR 03",PEQUENO CORACAO,"Apartamento, 64.70 de área total, 46.39 de área privativa, 0.00 de área do terreno,  2 qto(s), a.serv, WC, 1 sala(s), cozinha.",139015.11,230000.0,39.56,Venda Direta Online,,ITAQUAQUECETUBA,SP,Não
8787708929439,"RUA DOS PERIQUITOS, N. 49, Apto 302, BL 03B",CHACARA HOLIDAY,"Apartamento, 69.70 de área total, 40.83 de área privativa, 0.00 de área do terreno,  2 qto(s), a.serv, WC, 1 sala(s), cozinha.",111026.16,183692.39,39.56,Venda Online,,ITAQUAQUECETUBA,SP,Não
8555516418753,"RUA TOCANTINS, N. 211, Apto 46,",VILA SAO CARLOS,"Apartamento, 94.41 de área total, 47.34 de área privativa, 0.00 de área do terreno,  2 qto(s), a.serv, WC, 1 sala(s), cozinha, 1 vaga(s) de garagem.",183691.35,300000.0,38.77,Licitação Aberta,,ITAQUAQUECETUBA,SP,Não
8787709141789,"RUA MARCELINO FERNANDEZ, N. 680, Apto 102, BL 01",VILA MONTE BELO,"Apartamento, 66.49 de área total, 45.80 de área privativa, 0.00 de área do terreno,  2 qto(s), a.serv, WC, 1 sala(s), cozinha.",146953.08,240000.0,38.77,Licitação Aberta,,ITAQUAQUECETUBA,SP,Não
8444418554618,"RUA CORONEL PACHECO, N. 222,  LOTE 01B QUADRA 48",PARQUE RESIDENCIAL SCAFFID II,"Casa, 65.14 de área total, 65.14 de área privativa, 68.12 de área do terreno,  2 qto(s), a.serv, WC, 1 sala(s), cozinha.",238798.76,390000.0,38.77,Licitação Aberta,,ITAQUAQUECETUBA,SP,Não
8787708461577,"RUA BRIGADEIRO FRANCISCO LIMA E SILVA, N. 410, Apto 68, TORRE 02",PEQUENO CORACAO,"Apartamento, 64.40 de área total, 46.15 de área privativa, 0.00 de área do terreno,  2 qto(s), a.serv, WC, 1 sala(s), cozinha.",153076.13,250000.0,38.77,Licitação Aberta,,ITAQUAQUECETUBA,SP,Não
8787710506833,"RUA BRIGADEIRO FRANCISCO LIMA E SILVA, N. 410, Apto 52, TORRE 01 TIPO A",CONVIVA RES ITAQUA I,"Apartamento, 68.54 de área total, 56.73 de área privativa, 0.00 de área do terreno,  2 qto(s), a.serv, WC, 1 sala(s), cozinha, 1 vaga(s) de garagem.",240000.0,240000.0,0.0,Leilão SFI - Edital Único,,ITAQUAQUECETUBA,SP,Não
8787708461364,"RUA BRIGADEIRO FRANCISCO LIMA E SILVA, N. 410, Apto 64, TORRE 03",PEQUENO CORACAO,"Apartamento, 64.40 de área total, 46.15 de área privativa, 0.00 de área do terreno,  2 qto(s), WC, 1 sala(s), cozinha.",240000.0,240000.0,0.0,Leilão SFI - Edital Único,,ITAQUAQUECETUBA,SP,Não
8444422546080,"RUA ROANDO GABARDO, N. 1056, LT 2",VILA BECA,"Casa, 210.00 de área total, 210.00 de área privativa, 125.00 de área do terreno,  1 qto(s), a.serv, WC, 1 sala(s), cozinha, 1 vaga(s) de garagem.",294000.0,294000.0,0.0,Leilão SFI - Edital Único,,ITARARE,SP,Não
8444437744800,"RUA 37, N. SN, LT 09 QD F1",VALE DO ITARARE,"Terreno, 0.00 de área total, 0.00 de área privativa, 160.00 de área do terreno.",218333.31,100000.0,0.0,Leilão SFI - Edital Único,,ITARARE,SP,Não
10145456,"RUA PIZZA DE ALMEIDA, N. 705, GLEBA 2",JARDIM SAO JOSE,"Casa, 0.00 de área total, 455.38 de área privativa, 923.00 de área do terreno,  5 qto(s), varanda, a.serv, WC, 3 sala(s), 1 lavabo(s), cozinha.",955545.35,1715000.0,44.29,Venda Direta Online,,ITATIBA,SP,Não
1444401937758,"RUA SABINO FRANCO DE CAMARGO, N. 28, CS 22",JARDIM SALESSI,"Casa, 247.17 de área total, 247.17 de área privativa, 250.00 de área do terreno,  3 qto(s), a.serv, WC, WC Emp, 1 sala(s), 1 lavabo(s), cozinha, 2 vaga(s) de garagem.",347336.29,545000.0,36.27,Licitação Aberta,,ITATIBA,SP,Sim
8444403880549,"RUA ALZIRA PROENCA JANUARIO, N. 712, LT 18 QD A",ITAIM,"Casa, 126.55 de área total, 126.55 de área privativa, 178.35 de área do terreno.",221112.9,346944.82,36.27,Venda Online,,ITU,SP,Sim
8555527258345,"RUA ALESSANDRO BANDETTINI, N. 1, Apto 33, PV 2 BL ED SEQUOIA",RANCHO GRANDE,"Apartamento, 78.12 de área total, 41.75 de área privativa, 0.00 de área do terreno,  2 qto(s), a.serv, WC, 1 sala(s), 1 vaga(s) de garagem.",177000.0,177000.0,0.0,Leilão SFI - Edital Único,,ITU,SP,Não
8555539779574,"RUA SUELI APARECIDA COSTA, N. 400, Apto 102, BL 17",PARQUE NOSSA SENHORA DA CANDELARIA,"Apartamento, 86.14 de área total, 39.30 de área privativa, 0.00 de área do terreno,  2 qto(s), WC, 1 sala(s), cozinha, 1 vaga(s) de garagem.",197000.0,197000.0,0.0,Leilão SFI - Edital Único,,ITU,SP,Não
8787713342602,"RUA GABRIEL LEITE DE CARVALHO, N. 425, Apto 306, TORRE 07 PAVIMENTO 03",NOSSA SENHORA APARECIDA,"Apartamento, 95.63 de área total, 47.80 de área privativa, 0.00 de área do terreno,  2 qto(s), WC, 1 sala(s), cozinha, 1 vaga(s) de garagem.",300000.0,300000.0,0.0,Leilão SFI - Edital Único,,ITU,SP,Não
8787711601252,"RUA GABRIEL LEITE DE CARVALHO, N. 425, Apto 604, 6 PAVIMENTO  TORRE 08  VG 442",VILA FRAGNANI,"Apartamento, 94.78 de área total, 47.80 de área privativa, 0.00 de área do terreno,  2 qto(s), a.serv, WC, 1 sala(s), cozinha, 1 vaga(s) de garagem.",237509.11,237509.11,0.0,Leilão SFI - Edital Único,,ITU,SP,Não
8787717826680,"RUA GABRIEL LEITE DE CARVALHO, N. 425, Apto 304, TORRE 04  PAVIMENTO 03",VILA FRAGNANI,"Apartamento, 95.63 de área total, 47.80 de área privativa, 0.00 de área do terreno,  2 qto(s), WC, 1 sala(s), cozinha, 1 vaga(s) de garagem.",300000.0,300000.0,0.0,Leilão SFI - Edital Único,,ITU,SP,Não
1444422278184,"RUA DAS JABUTICABEIRAS, N. SN, QD G  LT 5",VAREJAO,"Terreno, 0.00 de área total, 0.00 de área privativa, 914.02 de área do terreno.",180000.0,180000.0,0.0,Leilão SFI - Edital Único,,ITU,SP,Não
8444421479532,"RUA HUMBERTO BONI  ANTIGA RUA SEIS, N. 51, QD E LT 02",ITAIM GUASSU,"Casa, 42.29 de área total, 42.29 de área privativa, 201.83 de área do terreno,  1 qto(s), a.serv, WC, 1 sala(s), cozinha.",216158.91,191946.0,0.0,Leilão SFI - Edital Único,,ITU,SP,Não
10308715,"RUA APPALOOSA ANTIGA  RUA DOIS, N. SN, QD B  LT 06",VAREJAO,"Terreno, 0.00 de área total, 0.00 de área privativa, 1086.47 de área do terreno.",690000.0,588000.0,0.0,Leilão SFI - Edital Único,,ITU,SP,Não
10303900,"SÍTIO PIRAPITINGUI, N. s/n, 00",PIRAPITINGUI,"Terreno, 0.00 de área total, 0.00 de área privativa, 5232.00 de área do terreno.",2995260.88,1558000.0,0.0,Leilão SFI - Edital Único,,ITU,SP,Não
1444416315197,"TRAVESSA C, N. 109, LOTE 14, QUADRA 12",SAO VENANCIO,"Casa, 0.00 de área total, 234.16 de área privativa, 300.00 de área do terreno,  4 qto(s), a.serv, WC, 3 sala(s), cozinha, Terraco.",592739.26,1765000.0,66.42,Venda Online,,ITUPEVA,SP,Não
1444420832028,"RUA GRANADA, N. 682, LT 23 QD B",RESIDENCIAL GREEN PARK,"Casa, 327.14 de área total, 193.57 de área privativa, 800.00 de área do terreno,  3 qto(s), a.serv, WC, 1 sala(s), cozinha.",1108926.88,1740000.0,36.27,Venda Direta Online,,ITUPEVA,SP,Sim
8787704299058,"EST. MUN. VEREADOR WALDOMIRO FREGNHANI, N. 551, Apto 01, BL 08 TIPO B",MONTE SERRAT,"Apartamento, 105.42 de área total, 45.91 de área privativa, 0.00 de área do terreno,  2 qto(s), a.serv, WC, 1 sala(s), cozinha, 1 vaga(s) de garagem.",255000.0,255000.0,0.0,Leilão SFI - Edital Único,,ITUPEVA,SP,Não
1600000047515,"RUA NELSON DAGLI, N. 21,",PARQUE DOS CAFEZAIS I,"Casa, 488.24 de área total, 488.24 de área privativa, 1468.29 de área do terreno,  6 qto(s), a.serv, WC, 2 sala(s), cozinha, Terraco, 4 vaga(s) de garagem.",1313394.78,1313394.78,0.0,Leilão SFI - Edital Único,,ITUPEVA,SP,Não
1444419722699,"AVENIDA DAS BELLUCIAS, N. 571, Apto 102, BL 17",RESIDENCIAL PECAN,"Apartamento, 0.00 de área total, 39.30 de área privativa, 0.00 de área do terreno, 1 vaga(s) de garagem.",1085902.88,350300.0,0.0,Leilão SFI - Edital Único,,ITUPEVA,SP,Não
8787707432581,"AVENIDA CARLOS BERCHIERI, N. 2338, Apto 31, TORRE 07 BL A",SOROCABANO,"Apartamento, 91.42 de área total, 43.06 de área privativa, 0.00 de área do terreno,  2 qto(s), WC, 1 sala(s), cozinha, 1 vaga(s) de garagem.",74016.61,134500.0,44.97,Venda Online,,JABOTICABAL,SP,Não
8787713984175,"RUA PROFESSORA LUZIA MARQUES, N. 101, Apto 02, TR 03, BL D",ATHENAS PAULISTA,"Apartamento, 88.74 de área total, 43.06 de área privativa, 0.00 de área do terreno, 1 vaga(s) de garagem.",92444.76,160000.0,42.23,Venda Online,,JABOTICABAL,SP,Não
8787708933894,"RUA PREFEITO ANGELO BERCHIERI, N. 501, Apto 32, TORRE 02 BL. A",Jaboticabal,"Apartamento, 88.87 de área total, 43.06 de área privativa, 0.00 de área do terreno,  2 qto(s), a.serv, WC, 1 sala(s), cozinha, 1 vaga(s) de garagem.",81964.82,140000.0,41.46,Venda Online,,JABOTICABAL,SP,Não
8787705007786,"AVENIDA CARLOS BERCHIERI, N. 2338, Apto 11, BL B TORRE 02",SOROCABANO,"Apartamento, 91.42 de área total, 43.06 de área privativa, 0.00 de área do terreno,  2 qto(s), a.serv, WC, 1 sala(s), cozinha, 1 vaga(s) de garagem.",81964.82,140000.0,41.46,Venda Direta Online,,JABOTICABAL,SP,Não
8787705458338,"AVENIDA CARLOS BERCHIERI, N. 2338, Apto 32, TR 01",SOROCABANO,"Apartamento, 91.42 de área total, 43.06 de área privativa, 0.00 de área do terreno,  2 qto(s), a.serv, WC, 1 sala(s), cozinha, 1 vaga(s) de garagem.",81379.36,139000.0,41.46,Venda Direta Online,,JABOTICABAL,SP,Não
8787709155917,"AVENIDA CARLOS BERCHIERI, N. 2338, Apto 13, TR 02 BL B GLB C1",SOROCABANO,"Apartamento, 91.42 de área total, 43.06 de área privativa, 0.00 de área do terreno,  2 qto(s), a.serv, WC, 1 sala(s), cozinha, 1 vaga(s) de garagem.",87819.45,150000.0,41.46,Licitação Aberta,,JABOTICABAL,SP,Não
8787710145849,"AVENIDA CARLOS BERCHIERI, N. 2338, Apto 21, TR 7 BL C",SOROCABANO,"Apartamento, 0.00 de área total, 43.06 de área privativa, 0.00 de área do terreno, 1 vaga(s) de garagem.",85477.6,146000.0,41.46,Venda Direta Online,,JABOTICABAL,SP,Não
8787708605170,"RUA PREFEITO ANGELO BERCHIERI, N. 501, Apto 34, BL B, TORRE 1",ATHENAS PAULISTA,"Apartamento, 88.87 de área total, 43.06 de área privativa, 0.00 de área do terreno,  2 qto(s), WC, 1 sala(s), cozinha, 1 vaga(s) de garagem.",90161.3,154000.0,41.46,Venda Direta Online,,JABOTICABAL,SP,Não
8787710542066,"RUA PREFEITO ANGELO BERCHIERI, N. 501, Apto 03, BL C TORRE 04",ATHENAS PAULISTA,"Apartamento, 88.87 de área total, 43.06 de área privativa, 0.00 de área do terreno,  2 qto(s), WC, 1 sala(s), cozinha, 1 vaga(s) de garagem.",87819.45,150000.0,41.46,Venda Direta Online,,JABOTICABAL,SP,Não
8787710920060,"RUA PREFEITO ANGELO BERCHIERI, N. 501, Apto 04, TORRE 04 BL A",ATHENAS PAULISTA,"Apartamento, 88.87 de área total, 43.06 de área privativa, 0.00 de área do terreno,  2 qto(s), a.serv, WC, 1 sala(s), cozinha, 1 vaga(s) de garagem.",87819.45,150000.0,41.46,Venda Direta Online,,JABOTICABAL,SP,Não
8787711685251,"RUA PREFEITO ANGELO BERCHIERI, N. 501, Apto 33, TORRE 03 BL B",ATHENAS PAULISTA,"Apartamento, 88.87 de área total, 43.06 de área privativa, 0.00 de área do terreno,  2 qto(s), a.serv, WC, 1 sala(s), cozinha, 1 vaga(s) de garagem.",87819.45,150000.0,41.46,Venda Direta Online,,JABOTICABAL,SP,Não
8787713983810,"RUA PROFESSORA LUZIA MARQUES, N. 101, Apto 04, BL C TORRE 03",ATHENAS PAULISTA,"Apartamento, 88.73 de área total, 43.06 de área privativa, 0.00 de área do terreno,  2 qto(s), a.serv, WC, 1 sala(s), cozinha, 1 vaga(s) de garagem.",87819.45,150000.0,41.46,Venda Direta Online,,JABOTICABAL,SP,Não
8787717671317,"RUA PROFESSORA LUZIA MARQUES, N. 101, Apto 32, BL A TORRE 03",ATHENAS PAULISTA,"Apartamento, 88.74 de área total, 43.06 de área privativa, 0.00 de área do terreno,  2 qto(s), a.serv, WC, 1 sala(s), cozinha, 1 vaga(s) de garagem.",90746.77,155000.0,41.46,Venda Direta Online,,JABOTICABAL,SP,Não
8787716431053,"RUA PROFESSORA LUZIA MARQUES, N. 101, Apto 04, TR 02, BL C",ATHENAS PAULISTA,"Apartamento, 80.07 de área total, 43.06 de área privativa, 0.00 de área do terreno,  2 qto(s), WC, 1 sala(s), cozinha, 1 vaga(s) de garagem.",111967.6,190000.0,41.07,Venda Online,,JABOTICABAL,SP,Não
8787716498255,"RUA PROFESSORA LUZIA MARQUES, N. 101, Apto 13, BL B TORRE 02",ATHENAS PAULISTA,"Apartamento, 88.74 de área total, 43.06 de área privativa, 0.00 de área do terreno,  2 qto(s), a.serv, WC, 1 sala(s), cozinha, 1 vaga(s) de garagem.",110199.68,187000.0,41.07,Venda Online,,JABOTICABAL,SP,Não
8787709850178,"RUA PREFEITO ANGELO BERCHIERI, N. 501, Apto 22, TORRE 3",ATHENAS PAULISTA,"Apartamento, 88.87 de área total, 43.06 de área privativa, 0.00 de área do terreno,  2 qto(s), WC, 1 sala(s), cozinha, 1 vaga(s) de garagem.",97778.11,165000.0,40.75,Venda Online,,JABOTICABAL,SP,Não
8787710468362,"RUA PREFEITO ANGELO BERCHIERI, N. 501, Apto 13, TORRE 3 BL D",ATHENAS PAULISTA,"Apartamento, 88.87 de área total, 43.06 de área privativa, 0.00 de área do terreno, 1 vaga(s) de garagem.",97778.11,165000.0,40.75,Venda Direta Online,,JABOTICABAL,SP,Não
8787712082550,"RUA PREFEITO ANGELO BERCHIERI, N. 501, Apto 21, TORRE 03, BL A",ATHENAS PAULISTA,"Apartamento, 88.87 de área total, 43.06 de área privativa, 0.00 de área do terreno,  2 qto(s), a.serv, WC, 1 sala(s), cozinha, 1 vaga(s) de garagem.",98963.3,167000.0,40.75,Venda Direta Online,,JABOTICABAL,SP,Não
8787712727292,"RUA PREFEITO ANGELO BERCHIERI, N. 501, Apto 01, BL B TORRE 03",ATHENAS PAULISTA,"Apartamento, 88.87 de área total, 43.06 de área privativa, 0.00 de área do terreno,  2 qto(s), WC, 1 sala(s), cozinha, 1 vaga(s) de garagem.",93629.95,158000.0,40.75,Venda Direta Online,,JABOTICABAL,SP,Não
8787714281216,"RUA PROFESSORA LUZIA MARQUES, N. 101, Apto 02, TR 05 BL A",ATHENAS PAULISTA,"Apartamento, 88.74 de área total, 43.06 de área privativa, 0.00 de área do terreno,  2 qto(s), a.serv, WC, 1 sala(s), cozinha, 1 vaga(s) de garagem.",97778.11,165000.0,40.75,Venda Direta Online,,JABOTICABAL,SP,Não
8787714938061,"RUA PROFESSORA LUZIA MARQUES, N. 101, Apto 02, TORRE 06 BL B",ATHENAS PAULISTA,"Apartamento, 43.06 de área total, 43.06 de área privativa, 0.00 de área do terreno,  2 qto(s), a.serv, WC, 1 sala(s), cozinha, 1 vaga(s) de garagem.",103704.06,175000.0,40.75,Venda Online,,JABOTICABAL,SP,Não
8787715199840,"RUA PROFESSORA LUZIA MARQUES, N. 101, Apto 04, TORRE 03, BL B",ATHENAS PAULISTA,"Apartamento, 88.74 de área total, 43.06 de área privativa, 0.00 de área do terreno,  2 qto(s), a.serv, WC, WC Emp, 1 sala(s), cozinha, 1 vaga(s) de garagem.",106667.03,180000.0,40.75,Venda Online,,JABOTICABAL,SP,Não
8787715937158,"RUA PROFESSORA LUZIA MARQUES, N. 101, Apto 12, BL A, T 01",ATHENAS PAULISTA,"Apartamento, 88.74 de área total, 43.06 de área privativa, 0.00 de área do terreno,  2 qto(s), WC, 1 sala(s), cozinha, 1 vaga(s) de garagem.",101654.35,171541.14,40.75,Venda Direta Online,,JABOTICABAL,SP,Não
8787715997720,"RUA PROFESSORA LUZIA MARQUES, N. 101, Apto 04, TR 06 BL B",ATHENAS PAULISTA,"Apartamento, 88.74 de área total, 43.06 de área privativa, 0.00 de área do terreno,  2 qto(s), a.serv, WC, 1 sala(s), cozinha, 1 vaga(s) de garagem.",103704.06,175000.0,40.75,Venda Direta Online,,JABOTICABAL,SP,Não
8787716243486,"RUA PROFESSORA LUZIA MARQUES, N. 101, Apto 21, BL B, TORRE 01 - 2º PAVIMENTO",ATHENAS PAULISTA,"Apartamento, 88.74 de área total, 43.06 de área privativa, 0.00 de área do terreno,  2 qto(s), WC, 1 sala(s), cozinha, 1 vaga(s) de garagem.",93629.95,158000.0,40.75,Venda Direta Online,,JABOTICABAL,SP,Não
8787716902595,"RUA PROFESSORA LUZIA MARQUES, N. 101, Apto 01, TORRE 1 BL B",ATHENAS PAULISTA,"Apartamento, 88.73 de área total, 43.06 de área privativa, 0.00 de área do terreno,  2 qto(s), WC, 1 sala(s), cozinha, 1 vaga(s) de garagem.",97778.11,165000.0,40.75,Venda Direta Online,,JABOTICABAL,SP,Não
8787718428530,"RUA PROFESSORA LUZIA MARQUES, N. 101, Apto 12, TORRE 04 BL A",ATHENAS PAULISTA,"Apartamento, 88.74 de área total, 43.06 de área privativa, 0.00 de área do terreno,  2 qto(s), a.serv, WC, 1 sala(s), cozinha, 1 vaga(s) de garagem.",98963.3,167000.0,40.75,Venda Direta Online,,JABOTICABAL,SP,Não
8787718878527,"RUA PROFESSORA LUZIA MARQUES, N. 101, Apto 34, TORRE 7 BL A",ATHENAS PAULISTA,"Apartamento, 88.74 de área total, 43.06 de área privativa, 0.00 de área do terreno,  2 qto(s), a.serv, WC, 1 sala(s), cozinha, 1 vaga(s) de garagem.",98963.3,167000.0,40.75,Venda Direta Online,,JABOTICABAL,SP,Não
8787719092659,"RUA PROFESSORA LUZIA MARQUES, N. 101, Apto 34, 3º PAV, TORRE 6, BL D",ATHENAS PAULISTA,"Apartamento, 88.74 de área total, 43.06 de área privativa, 0.00 de área do terreno,  2 qto(s), WC, 1 sala(s), cozinha, 1 vaga(s) de garagem.",101654.35,171541.14,40.75,Venda Direta Online,,JABOTICABAL,SP,Não
8787720504469,"RUA PROFESSORA LUZIA MARQUES, N. 101, Apto 23, BL B, T 7",ATHENAS PAULISTA,"Apartamento, 88.74 de área total, 43.06 de área privativa, 0.00 de área do terreno,  2 qto(s), WC, 1 sala(s), cozinha, 1 vaga(s) de garagem.",101654.35,171541.14,40.75,Venda Direta Online,,JABOTICABAL,SP,Não
8787721901925,"RUA PROFESSORA LUZIA MARQUES, N. 101, Apto 22, BL A TR 7",ATHENAS PAULISTA,"Apartamento, 88.74 de área total, 43.06 de área privativa, 0.00 de área do terreno,  2 qto(s), a.serv, WC, 1 sala(s), cozinha, 1 vaga(s) de garagem.",98963.3,167000.0,40.75,Licitação Aberta,,JABOTICABAL,SP,Não
8787721912714,"RUA PROFESSORA LUZIA MARQUES, N. 101, Apto 34, TORRE 03 BL C",ATHENAS PAULISTA,"Apartamento, 88.74 de área total, 43.06 de área privativa, 0.00 de área do terreno,  2 qto(s), WC, 1 sala(s), cozinha, 1 vaga(s) de garagem.",107852.22,182000.0,40.75,Venda Direta Online,,JABOTICABAL,SP,Não
8787722230129,"RUA PROFESSORA LUZIA MARQUES, N. 101, Apto 32, TORRE 04 BL A",ATHENAS PAULISTA,"Apartamento, 88.74 de área total, 43.06 de área privativa, 0.00 de área do terreno,  2 qto(s), a.serv, WC, 1 sala(s), cozinha, 1 vaga(s) de garagem.",103704.06,175000.0,40.75,Venda Direta Online,,JABOTICABAL,SP,Não
8787722250383,"RUA PROFESSORA LUZIA MARQUES, N. 101, Apto 21, BL C TORRE 03",ATHENAS PAULISTA,"Apartamento, 88.73 de área total, 43.06 de área privativa, 0.00 de área do terreno,  2 qto(s), WC, 1 sala(s), cozinha, 1 vaga(s) de garagem.",97778.11,165000.0,40.75,Venda Direta Online,,JABOTICABAL,SP,Não
8787723057854,"RUA PROFESSORA LUZIA MARQUES, N. 101, Apto 14, 1º PAV, TORRE 7, BLOCO A",ATHENAS PAULISTA,"Apartamento, 88.75 de área total, 43.06 de área privativa, 0.00 de área do terreno,  2 qto(s), WC, 1 sala(s), cozinha, 1 vaga(s) de garagem.",100741.08,170000.0,40.75,Venda Online,,JABOTICABAL,SP,Não
8787715167913,"RUA PROFESSORA LUZIA MARQUES, N. 101, Apto 13, TORRE 01 BL B",ATHENAS PAULISTA,"Apartamento, 88.74 de área total, 43.06 de área privativa, 0.00 de área do terreno,  2 qto(s), a.serv, WC, 1 sala(s), cozinha, 1 vaga(s) de garagem.",113025.32,187000.0,39.56,Venda Direta Online,,JABOTICABAL,SP,Não
8787716908615,"RUA PROFESSORA LUZIA MARQUES, N. 101, Apto 04, BL C TORRE 7 TÉRREO",ATHENAS PAULISTA,"Apartamento, 88.74 de área total, 43.06 de área privativa, 0.00 de área do terreno,  2 qto(s), WC, 1 sala(s), cozinha, 1 vaga(s) de garagem.",113025.32,187000.0,39.56,Venda Direta Online,,JABOTICABAL,SP,Não
8787718324769,"RUA PROFESSORA LUZIA MARQUES, N. 101, Apto 21, TORRE 03 BL D",ATHENAS PAULISTA,"Apartamento, 88.74 de área total, 43.06 de área privativa, 0.00 de área do terreno,  2 qto(s), a.serv, WC, 1 sala(s), cozinha, 1 vaga(s) de garagem.",113025.32,187000.0,39.56,Venda Direta Online,,JABOTICABAL,SP,Não
8787718973724,"RUA PROFESSORA LUZIA MARQUES, N. 101, Apto 33, BL C TORRE 05",ATHENAS PAULISTA,"Apartamento, 88.74 de área total, 43.06 de área privativa, 0.00 de área do terreno,  2 qto(s), a.serv, WC, 1 sala(s), cozinha, 1 vaga(s) de garagem.",113025.32,187000.0,39.56,Venda Direta Online,,JABOTICABAL,SP,Não
8787706579791,"AVENIDA CARLOS BERCHIERI, N. 2338, Apto 14, TORRE 05 BL A",SOROCABANO,"Apartamento, 91.42 de área total, 43.06 de área privativa, 0.00 de área do terreno,  2 qto(s), a.serv, WC, 1 sala(s), cozinha, 1 vaga(s) de garagem.",91570.92,150000.0,38.96,Venda Direta Online,,JABOTICABAL,SP,Não
1444416736486,"RUA MILTON DE CENCO, N. 200, CS 01",JARDIM PATRIARCA,"Casa, 44.66 de área total, 44.66 de área privativa, 127.58 de área do terreno,  2 qto(s), a.serv, WC, 1 sala(s), cozinha.",96963.89,157000.0,38.24,Venda Direta Online,,JABOTICABAL,SP,Não
8787709547963,"AVENIDA CARLOS BERCHIERI, N. 2338, Apto 3,  TÉRREO TORRE 1 BL B",SOROCABANO,"Apartamento, 68.30 de área total, 43.06 de área privativa, 0.00 de área do terreno,  2 qto(s), a.serv, WC, 1 sala(s), cozinha, 1 vaga(s) de garagem.",162000.0,162000.0,0.0,Leilão SFI - Edital Único,,JABOTICABAL,SP,Não
8787709642605,"RUA PREFEITO ANGELO BERCHIERI, N. 501, Apto 34, BL A TORRE 4",ATHENAS PAULISTA,"Apartamento, 88.87 de área total, 43.06 de área privativa, 0.00 de área do terreno,  2 qto(s), a.serv, WC, 1 sala(s), cozinha, 1 vaga(s) de garagem.",181000.0,181000.0,0.0,Leilão SFI - Edital Único,,JABOTICABAL,SP,Não
8787716443884,"RUA PROFESSORA LUZIA MARQUES, N. 101, Apto 04, BL A TORRE 1",ATHENAS PAULISTA,"Apartamento, 88.73 de área total, 43.06 de área privativa, 0.00 de área do terreno,  2 qto(s), a.serv, WC, 1 sala(s), cozinha, 1 vaga(s) de garagem.",181000.0,181000.0,0.0,Leilão SFI - Edital Único,,JABOTICABAL,SP,Não
1444423348020,"RUA RAPHAEL FELIPPELLI, N. SN, LOTE 09 QUADRA 05",JARDIM MONTERREY II,"Terreno, 0.00 de área total, 0.00 de área privativa, 360.00 de área do terreno.",206246.16,200000.0,0.0,Leilão SFI - Edital Único,,JABOTICABAL,SP,Não
8787713283100,"AVENIDA JOAQUIM BERNARDINO DE SOUZA, N. 320, Apto 201, BL 10 BOX 219",BAIRRO DA COLONIA,"Apartamento, 93.58 de área total, 38.92 de área privativa, 0.00 de área do terreno,  2 qto(s), a.serv, WC, 1 sala(s), cozinha, 1 vaga(s) de garagem.",122091.53,202000.0,39.56,Licitação Aberta,,JACAREI,SP,Não
8555539952462,"RUA ALIANCA, N. 427, Apto 104, BL 03",QUATRO RIBEIROS,"Apartamento, 101.38 de área total, 41.14 de área privativa, 0.00 de área do terreno,  2 qto(s), a.serv, WC, 1 sala(s), cozinha, 1 vaga(s) de garagem.",142037.17,235000.0,39.56,Licitação Aberta,,JACAREI,SP,Não
8787710364923,"AVENIDA JOAQUIM BERNARDINO DE SOUZA, N. 498, Apto 201,",QUATRO RIBEIROS,"Apartamento, 87.18 de área total, 38.92 de área privativa, 0.00 de área do terreno,  2 qto(s), a.serv, WC, 1 sala(s), cozinha, 1 vaga(s) de garagem.",111816.5,185000.0,39.56,Licitação Aberta,,JACAREI,SP,Não
8787711547118,"AVENIDA JOAQUIM BERNARDINO DE SOUZA, N. 498, Apto 303, BL 07 BOX 150",VILA NOVA ALIANCA,"Apartamento, 87.18 de área total, 38.92 de área privativa, 0.00 de área do terreno,  2 qto(s), WC, 1 sala(s), cozinha, 1 vaga(s) de garagem.",126926.84,210000.0,39.56,Licitação Aberta,,JACAREI,SP,Não
8787713708453,"AVENIDA JOAQUIM BERNARDINO DE SOUZA, N. 320, Apto 402, BL 06 BOX 124",BAIRRO DO COLONIA,"Apartamento, 93.58 de área total, 38.92 de área privativa, 0.00 de área do terreno,  2 qto(s), a.serv, WC, 1 sala(s), cozinha, 1 vaga(s) de garagem.",122091.53,202000.0,39.56,Licitação Aberta,,JACAREI,SP,Não
8787711487085,"AVENIDA PEDRO GONÇALVES, N. 250, Apto 403, BLOCO 01",BAIRRO DO COLONIA,"Apartamento, 78.55 de área total, 44.60 de área privativa, 0.00 de área do terreno,  2 qto(s), a.serv, WC, 1 sala(s), cozinha, 1 vaga(s) de garagem.",147565.38,241000.0,38.77,Licitação Aberta,,JACAREI,SP,Não
8787711803025,"AVENIDA JOAQUIM BERNARDINO DE SOUZA, N. 320, Apto 403, 4º PAVIMENTO BLOCO 01",COLONIA,"Apartamento, 93.58 de área total, 38.92 de área privativa, 0.00 de área do terreno,  2 qto(s), WC, 1 sala(s), cozinha, 1 vaga(s) de garagem.",127367.45,207002.4,38.48,Leilão SFI - Edital Único,,JACAREI,SP,Não
1787701305857,"AVENIDA JOAQUIM BERNARDINO DE SOUZA, N. 498, Apto 202, BL 03 VG 142",QUATRO RIBEIROS,"Apartamento, 87.18 de área total, 38.92 de área privativa, 0.00 de área do terreno,  2 qto(s), WC, 1 sala(s), cozinha, 1 vaga(s) de garagem.",212000.0,212000.0,0.0,Leilão SFI - Edital Único,,JACAREI,SP,Não
8787711130225,"RUA PEDRO GONCALVES, N. 250, Apto 102 P, BL 12",COLONIA,"Apartamento, 78.87 de área total, 44.81 de área privativa, 0.00 de área do terreno,  2 qto(s), a.serv, WC, 1 sala(s), cozinha, 1 vaga(s) de garagem.",250000.0,250000.0,0.0,Leilão SFI - Edital Único,,JACAREI,SP,Não
8787712187204,"AVENIDA JOAQUIM BERNARDINO DE SOUZA, N. 320, Apto 301, BL 03 VG 33",COLONIA,"Apartamento, 93.58 de área total, 38.92 de área privativa, 0.00 de área do terreno,  2 qto(s), WC, 1 sala(s), cozinha, 1 vaga(s) de garagem.",212000.0,212000.0,0.0,Leilão SFI - Edital Único,,JACAREI,SP,Não
8787714890522,"AVENIDA JOAQUIM BERNARDINO DE SOUZA, N. 320, Apto 303, BL 12 VG 303",COLONIA,"Apartamento, 93.58 de área total, 38.92 de área privativa, 0.00 de área do terreno,  2 qto(s), WC, 1 sala(s), cozinha, 1 vaga(s) de garagem.",212000.0,212000.0,0.0,Leilão SFI - Edital Único,,JACAREI,SP,Não
8787715158515,"AVENIDA JOAQUIM BERNARDINO DE SOUZA, N. 320, Apto 201, BL 07 VG 99",COLONIA,"Apartamento, 93.58 de área total, 38.92 de área privativa, 0.00 de área do terreno,  2 qto(s), WC, 1 sala(s), cozinha, 1 vaga(s) de garagem.",212000.0,212000.0,0.0,Leilão SFI - Edital Único,,JACAREI,SP,Não
8787710406340,"RUA RICARDO VERDELLI, N. 43, Apto 44A, 4° ANDAR",JARDIM DAS INDUSTRIAS,"Apartamento, 92.09 de área total, 53.08 de área privativa, 0.00 de área do terreno,  2 qto(s), WC, 1 sala(s), cozinha, 1 vaga(s) de garagem.",332000.0,332000.0,0.0,Leilão SFI - Edital Único,,JACAREI,SP,Não
8444420086430,"RUA DINAMARCA, N. 663, A10",JARDIM COLONIA,"Casa, 179.21 de área total, 57.33 de área privativa, 59.78 de área do terreno,  2 qto(s), a.serv, WC, 1 sala(s), 1 lavabo(s), cozinha, 1 vaga(s) de garagem.",256500.0,256500.0,0.0,Leilão SFI - Edital Único,,JACAREI,SP,Não
8555508660460,"RUA ALVARO SANTANNA (ANTIGA RUA TRES), N. 128",JARDIM MARIA AMELIA,"Casa, 5.00 de área total, 5.00 de área privativa, 137.25 de área do terreno,  2 qto(s), WC, 1 sala(s), cozinha, 1 vaga(s) de garagem.",186000.0,186000.0,0.0,Leilão SFI - Edital Único,,JACAREI,SP,Não
8787710947511,"AV PEDRO GONCALVES, N. 250, Apto 203, 2 PAVIMENTO BL 07 VG 119",JARDIM PARAISO,"Apartamento, 78.55 de área total, 44.60 de área privativa, 0.00 de área do terreno,  2 qto(s), WC, 1 sala(s), cozinha, 1 vaga(s) de garagem.",196764.2,185000.0,0.0,Leilão SFI - Edital Único,,JACAREI,SP,Não
8787711100733,"AV PEDRO GONCALVES, N. 250, Apto 303, 3 PAVIMENTO  BL 03  VG 213",JARDIM PARAISO,"Apartamento, 78.55 de área total, 44.60 de área privativa, 0.00 de área do terreno,  2 qto(s), WC, 1 sala(s), cozinha, 1 vaga(s) de garagem.",196764.2,185000.0,0.0,Leilão SFI - Edital Único,,JACAREI,SP,Não
8444438340800,"RUA JULIETA DE MANCILHA PASSOS, N. 600, Apto 21, BL 11",JARDIM NOVO AMANHECER,"Apartamento, 49.82 de área total, 42.97 de área privativa, 0.00 de área do terreno,  2 qto(s), a.serv, WC, 1 sala(s), cozinha, 1 vaga(s) de garagem.",135021.89,122000.0,0.0,Leilão SFI - Edital Único,,JACAREI,SP,Não
10286216,"AVENIDA JANUARIO ELISEU DE NAVARRO, N. 00, QD 05, LT 02",NOVA JAGUARIUNA,"Terreno, 0.00 de área total, 0.00 de área privativa, 360.00 de área do terreno.",167613.66,263000.0,36.27,Licitação Aberta,,JAGUARIUNA,SP,Não
10286221,"AVENIDA JANUARIO ELISEU DE NAVARRO, N. 00, QD 05, LT 03",NOVA JAGUARIUNA,"Terreno, 0.00 de área total, 0.00 de área privativa, 360.00 de área do terreno.",167613.66,263000.0,36.27,Licitação Aberta,,JAGUARIUNA,SP,Não
10286266,"AVENIDA JANUARIO ELISEU DE NAVARRO, N. SN, QD 05, LT 04 - LOT NOVA JAGUARIUNA",NOVA JAGUARIUNA,"Terreno, 0.00 de área total, 0.00 de área privativa, 360.00 de área do terreno.",167613.66,263000.0,36.27,Licitação Aberta,,JAGUARIUNA,SP,Não
8555520548887,"RUA APARECIDO PINHEIRO FARIA, N. 824, LT 12 QD 02",RESIDENCIAL NOVA JALES,"Casa, 61.68 de área total, 61.68 de área privativa, 202.62 de área do terreno,  3 qto(s), a.serv, WC, 1 sala(s), cozinha.",235075.73,185000.0,0.0,Leilão SFI - Edital Único,,JALES,SP,Não
8787704907341,"PREFEITO NEWTON REIS, N. 325, Apto 402, BL 07 VG 124",CENTRO,"Apartamento, 140.34 de área total, 45.07 de área privativa, 0.00 de área do terreno,  2 qto(s), WC, 1 sala(s), cozinha, 1 vaga(s) de garagem.",88800.3,162000.0,45.19,Venda Online,,JARDINOPOLIS,SP,Não
8787716386716,"RUA VICE-PREFEITO OCTAVIANO RIUL, N. 593, CS 60",DESMEMBRAMENTO CASTILHANO,"Casa, 126.90 de área total, 63.18 de área privativa, 126.91 de área do terreno, 1 vaga(s) de garagem.",129948.9,215000.0,39.56,Venda Direta Online,,JARDINOPOLIS,SP,Não
8787718857767,"RUA VICE-PREFEITO OCTAVIANO RIUL, N. 593, CASA 25",DESMEMBRAMENTO CASTILHANO,"Casa, 130.97 de área total, 62.94 de área privativa, 62.94 de área do terreno,  3 qto(s), a.serv, WC, 1 sala(s), cozinha, 1 vaga(s) de garagem.",129948.9,215000.0,39.56,Venda Direta Online,,JARDINOPOLIS,SP,Não
1444402637618,"RUA DANIEL GARCIA MORALES, N. 74, LT 22A QD 06",JARDIM CESAR CAPATO,"Casa, 69.91 de área total, 69.91 de área privativa, 131.66 de área do terreno,  2 qto(s).",125884.66,200000.0,37.06,Licitação Aberta,,JARDINOPOLIS,SP,Não
8787714089161,"RUA VICE-PREFEITO OCTAVIANO RIUL, N. 593, CASA 112",DESMEMBRAMENTO CASTILHANO,"Casa, 0.00 de área total, 63.18 de área privativa, 0.00 de área do terreno, 1 vaga(s) de garagem.",215000.0,215000.0,0.0,Leilão SFI - Edital Único,,JARDINOPOLIS,SP,Não
1444422296310,"ESTRADA DA SERVIDAO, N. SN, GLEBA 36",CAETETUBA,"Gleba, 0.00 de área total, 0.00 de área privativa, 24626.75 de área do terreno.",433373.72,680000.0,36.27,Venda Direta Online,,JARINU,SP,Não
1444413826336,"RUA DAS PALMEIRAS, N. 468, LT 1323B UN 08",VILA NOVA TRIESTE,"Casa, 0.00 de área total, 69.08 de área privativa, 90.90 de área do terreno,  2 qto(s), varanda, a.serv, WC, 1 sala(s), 1 lavabo(s), cozinha.",254000.0,254000.0,0.0,Leilão SFI - Edital Único,,JARINU,SP,Não
1444422855980,"RUA ANTONIO PEREIRA CAMPANHA, N. 22, LT 02 QD 12",JARDIM ORLANDO CHESINI OMETTO,"Casa, 108.60 de área total, 53.60 de área privativa, 142.62 de área do terreno,  2 qto(s), a.serv, WC, 1 sala(s), cozinha.",196898.25,334000.0,41.05,Venda Direta Online,,JAU,SP,Sim
8787717819934,"RUA NARCISO ALONSO, N. 210, LT 58 QD R",JARDIM DOS IPES,"Casa, 44.08 de área total, 44.08 de área privativa, 180.00 de área do terreno,  2 qto(s), a.serv, WC, 1 sala(s), cozinha.",129948.9,215000.0,39.56,Licitação Aberta,,JAU,SP,Não
1444420423292,"RUA DOUTOR WALDO  COSTA, N. 96,",JARDIM DAS PAINEIRAS,"Casa, 90.00 de área total, 90.00 de área privativa, 125.00 de área do terreno,  3 qto(s), a.serv, WC, 1 sala(s), cozinha, 1 vaga(s) de garagem.",172074.86,270000.0,36.27,Licitação Aberta,,JAU,SP,Não
1444421385408,"RUA DOZE DE OUTUBRO, N. SN,",JARDIM BELA VISTA,"Casa, 306.07 de área total, 306.07 de área privativa, 250.00 de área do terreno,  4 qto(s), a.serv, WC, 1 sala(s), 1 lavabo(s), cozinha.",243340.62,381822.0,36.27,Venda Direta Online,,JAU,SP,Não
1444417832500,"RUA FELIX CAPINZAIKI, N. 915, Apto A201, 3PAV 2AND BL A  VG84",JARDIM OLIMPIA,"Apartamento, 0.00 de área total, 48.85 de área privativa, 0.00 de área do terreno.",220000.0,220000.0,0.0,Leilão SFI - Edital Único,,JAU,SP,Não
8444430476451,"RUA BENJAMIN MAROSTICA, N. 206, LT 02 QD 14",JARDIM PIRES I,"Casa, 58.25 de área total, 41.25 de área privativa, 144.50 de área do terreno,  2 qto(s), WC, 1 sala(s), cozinha.",220000.0,220000.0,0.0,Leilão SFI - Edital Único,,JAU,SP,Não
8444418185604,"RUA ANTONIO EUCLIDES GONCALVES, N. 20, LT 10 QD 8",JARDIM DOUTOR ROBERTO PACHECO,"Casa, 50.00 de área total, 50.00 de área privativa, 172.64 de área do terreno,  2 qto(s), a.serv, WC, 1 sala(s), cozinha, 1 vaga(s) de garagem.",155000.0,155000.0,0.0,Leilão SFI - Edital Único,,JAU,SP,Não
8787717561260,"RUA NARCISO ALONSO, N. 110, QD R LT 48",JARDIM DOS IPES,"Casa, 44.08 de área total, 44.08 de área privativa, 180.00 de área do terreno,  2 qto(s), a.serv, WC, 1 sala(s), cozinha.",200000.0,200000.0,0.0,Leilão SFI - Edital Único,,JAU,SP,Não
8787719303013,"RUA ENGENHEIRO JOSE LUIZ MUNHOZ, N. 925, QD P LT 03",JARDIM DOS IPES,"Casa, 44.08 de área total, 44.08 de área privativa, 180.00 de área do terreno,  2 qto(s), WC Emp, 1 sala(s), cozinha, 1 vaga(s) de garagem.",211530.84,205000.0,0.0,Leilão SFI - Edital Único,,JAU,SP,Não
8787718879400,"RUA ENGENHEIRO JOSE LUIZ MUNHOZ, N. 285, QD N LT 08",JARDIM DOS IPES,"Casa, 44.08 de área total, 44.08 de área privativa, 180.00 de área do terreno,  2 qto(s), a.serv, WC, 1 sala(s), cozinha.",211753.66,200000.0,0.0,Leilão SFI - Edital Único,,JAU,SP,Não
8787719387420,"RUA AUGUSTO PEREIRA MACHADO, N. 285, QD S LT 10",JARDIM DOS IPES,"Casa, 44.08 de área total, 44.08 de área privativa, 180.00 de área do terreno,  2 qto(s), a.serv, WC, 1 sala(s), cozinha, 1 vaga(s) de garagem.",211456.42,197000.0,0.0,Leilão SFI - Edital Único,,JAU,SP,Não
8444431674621,"RUA ALBANO SANTINELLI ANTIGA RUA CINCO, N. SN, QD A LT 28",LOT PQ FERREIRA DIAS,"Terreno, 0.00 de área total, 0.00 de área privativa, 140.00 de área do terreno.",175385.3,95000.0,0.0,Leilão SFI - Edital Único,,JAU,SP,Não
8444435658426,"RUA NELSON LUIZ DOS SANTOS, N. 290, LT 26 QD C",POR DO SOL,"Casa, 51.81 de área total, 51.81 de área privativa, 160.00 de área do terreno,  2 qto(s), a.serv, WC, 1 sala(s), cozinha.",174089.84,171500.0,0.0,Leilão SFI - Edital Único,,JULIO MESQUITA,SP,Não
1444419124112,"RUA DO MANACA, N. 170, Nº 11, QUADRA J",CHACARA MALOTA,"Terreno, 0.00 de área total, 0.00 de área privativa, 0.00 de área do terreno.",2358062.91,3700000.0,36.27,Venda Direta Online,,JUNDIAI,SP,Sim
1444416179781,"RUA JOSUE ZAMBON, N. 151, CS 01",JARDIM COLONIAL,"Casa, 194.87 de área total, 119.70 de área privativa, 149.84 de área do terreno,  3 qto(s), a.serv, WC, 1 sala(s), cozinha.",484040.21,759500.0,36.27,Licitação Aberta,,JUNDIAI,SP,Sim
8444408958325,"RUA ANTONIO GRACIADIO, N. 140, Apto E32, BL D ANTIGA RUA 03",CECAP,"Apartamento, 103.78 de área total, 64.88 de área privativa, 0.00 de área do terreno,  2 qto(s), a.serv, WC, 1 sala(s), cozinha, 1 vaga(s) de garagem.",291975.36,268000.0,0.0,Leilão SFI - Edital Único,,JUNDIAI,SP,Não
1444421419957,"RUA DANIEL DA SILVA, N. 771, LT 03  QDHH",FAZENDA GRANDE,"Casa, 54.37 de área total, 54.37 de área privativa, 125.00 de área do terreno.",448037.84,348200.0,0.0,Leilão SFI - Edital Único,,JUNDIAI,SP,Não
1444407443471,"ESTRADA  MUNICIPAL, N. SN, KM 340 BR 116",RECANTO VERDE,"Terreno, 0.00 de área total, 0.00 de área privativa, 20000.00 de área do terreno.",336756.88,528400.0,36.27,Licitação Aberta,,JUQUITIBA,SP,Não
8787715435187,"RUA MARIA FERCEM, N. 232, Apto 503, TORRE 12",JARDIM DO SOL,"Apartamento, 122.12 de área total, 52.09 de área privativa, 0.00 de área do terreno,  2 qto(s), WC, 1 sala(s), cozinha, 1 vaga(s) de garagem.",135993.04,225000.0,39.56,Licitação Aberta,,LEME,SP,Não
8555535592291,"RUA CONSTANTINO PAROLIN, N. 1124,",JARDIM EMPYREO,"Casa, 49.62 de área total, 49.62 de área privativa, 154.00 de área do terreno,  2 qto(s), a.serv, WC, 1 sala(s), cozinha.",119069.46,197000.0,39.56,Venda Direta Online,,LEME,SP,Não
8555521251721,"RUA VICTORIO DE SOUZA, N. 469, LT 30 QD H",JARDIM SAO RAFAEL,"Casa, 78.46 de área total, 53.46 de área privativa, 154.00 de área do terreno,  2 qto(s), a.serv, WC, 1 sala(s), cozinha, 1 vaga(s) de garagem.",162000.0,162000.0,0.0,Leilão SFI - Edital Único,,LEME,SP,Não
8787713403717,"RUA MARIA DE FATIMA FERREIRA DUARTE ANTIGA R 02, N. 99, QD 17 LT 31",LT JARDIM RES ST CAR,"Casa, 44.28 de área total, 44.28 de área privativa, 154.00 de área do terreno,  2 qto(s), a.serv, WC, 1 sala(s), cozinha.",158251.53,151000.0,0.0,Leilão SFI - Edital Único,,LEME,SP,Não
10219731,"RUA CORONEL JOAQUIM ANSELMO MARTINS, N. 194",CENTRO,"Casa, 0.00 de área total, 379.11 de área privativa, 421.20 de área do terreno.",474127.34,850223.85,44.24,Venda Online,,LENCOIS PAULISTA,SP,Sim
8555538001960,"AVENIDA MARCOS MANGINELLI, N. 391, Apto 403, BL 15 BOX 319",RESIDENCIAL COSTA VERDE,"Apartamento, 97.41 de área total, 39.30 de área privativa, 0.00 de área do terreno,  2 qto(s), a.serv, WC, 1 sala(s), cozinha, 1 vaga(s) de garagem.",96592.92,163000.0,40.75,Licitação Aberta,,LIMEIRA,SP,Não
8787718893836,"RUA WILFREDO TETZNER, N. 1277, Apto 02, BL 02 BOX 21",JARDIM RESIDENCIAL RECANTO ALVORADA,"Apartamento, 78.99 de área total, 50.12 de área privativa, 0.00 de área do terreno,  2 qto(s), WC, 1 sala(s), cozinha, 1 vaga(s) de garagem.",134179.8,222000.0,39.56,Licitação Aberta,,LIMEIRA,SP,Não
8787710258341,"AVENIDA PEDRO PERISSOTTO, N. 2611, Apto 301, BL 18",FAZENDA DUAS BARRAS,"Apartamento, 45.83 de área total, 42.86 de área privativa, 0.00 de área do terreno,  2 qto(s), WC, 1 sala(s), cozinha, 1 vaga(s) de garagem.",113629.74,188000.0,39.56,Licitação Aberta,,LIMEIRA,SP,Não
8555537711824,"RUA SEBASTIAO TEIXEIRA, N. 110, Apto 53, BL 07",RESIDENCIAL RUBI,"Apartamento, 0.00 de área total, 47.23 de área privativa, 0.00 de área do terreno, 1 vaga(s) de garagem.",159199.17,260000.0,38.77,Licitação Aberta,,LIMEIRA,SP,Não
8555538142181,"RUA SEBASTIAO TEIXEIRA, N. 110, Apto 23, BL 07",RESIDENCIAL RUBI,"Apartamento, 102.47 de área total, 47.23 de área privativa, 0.00 de área do terreno,  2 qto(s), WC, 1 sala(s), cozinha, 1 vaga(s) de garagem.",159811.47,261000.0,38.77,Licitação Aberta,,LIMEIRA,SP,Não
8787716941159,"AVENIDA DOUTOR LAURO CORREA DA SILVA, N. 3230, Apto 112, TORRE 01",ROSEIRA,"Apartamento, 94.91 de área total, 50.59 de área privativa, 0.00 de área do terreno,  2 qto(s), a.serv, WC, WC Emp, 1 sala(s), cozinha, 1 vaga(s) de garagem.",222236.31,362950.64,38.77,Licitação Aberta,,LIMEIRA,SP,Não
8787717147642,"AVENIDA DOUTOR LAURO CORREA DA SILVA, N. 3230, Apto 41, TR 03 VG 09",ROSEIRA,"Apartamento, 93.51 de área total, 50.59 de área privativa, 0.00 de área do terreno,  2 qto(s), WC, 1 sala(s), cozinha, 1 vaga(s) de garagem.",189814.4,310000.0,38.77,Licitação Aberta,,LIMEIRA,SP,Não
8787715760193,"RUA ANNA DELFINA DA SILVA, N. 88, Apto 902, BL 07  PAV 09 VGS 115A 115B",VALE DAS ESMERALDAS,"Apartamento, 137.06 de área total, 55.43 de área privativa, 0.00 de área do terreno,  2 qto(s), a.serv, WC, 1 sala(s), cozinha, 2 vaga(s) de garagem.",195937.44,320000.0,38.77,Licitação Aberta,,LIMEIRA,SP,Não
8031758467030,"RUA MARIA DEMO CASON, N. 42, LT 04, QD 03",JARDIM ADELIA CAVICCHIA GROTTA,"Casa, 0.00 de área total, 47.30 de área privativa, 140.00 de área do terreno, cozinha, 1 vaga(s) de garagem.",134696.59,214000.0,37.06,Licitação Aberta,,LIMEIRA,SP,Não
8555501462972,"RUA PEDRO ROQUE, N. 285, L07  Q L",JARDIM RESIDENCIAL E COMERCIAL ALTO DOS,"Casa, 108.41 de área total, 44.98 de área privativa, 200.00 de área do terreno,  2 qto(s), a.serv, WC, 1 sala(s), cozinha, 2 vaga(s) de garagem.",345000.0,345000.0,0.0,Leilão SFI - Edital Único,,LIMEIRA,SP,Não
8787711061762,"AVENIDA PEDRO PERISSOTTO, N. 2611, Apto 101, TERREO  1 PAV   BL 3  VGS 18 E M09",FAZENDA DUAS BARRAS,"Apartamento, 105.28 de área total, 53.35 de área privativa, 0.00 de área do terreno,  2 qto(s), WC, 1 sala(s), cozinha, 2 vaga(s) de garagem.",238677.6,238677.6,0.0,Leilão SFI - Edital Único,,LIMEIRA,SP,Não
8787719029035,"AVENIDA PEDRO PERISSOTTO, N. 2351, Apto 501,",FAZENDA DUAS BARRAS,"Apartamento, 86.29 de área total, 43.20 de área privativa, 0.00 de área do terreno,  2 qto(s), WC, 1 sala(s), cozinha, 1 vaga(s) de garagem.",240140.41,239800.0,0.0,Leilão SFI - Edital Único,,LIMEIRA,SP,Não
8787715687003,"AVENIDA PEDRO PERISSOTTO, N. 2351, Apto 401, BL 03",FAZENDA DUAS BARRAS,"Apartamento, 86.29 de área total, 43.20 de área privativa, 0.00 de área do terreno,  2 qto(s), WC, 1 sala(s), cozinha, 1 vaga(s) de garagem.",221153.92,210000.0,0.0,Leilão SFI - Edital Único,,LIMEIRA,SP,Não
8787716808688,"RUA DANTE JORDANI, N. 1599,",CONJUNTO HABITACIONAL ANA CAROLINA,"Casa, 48.81 de área total, 48.81 de área privativa, 200.00 de área do terreno,  2 qto(s), a.serv, WC, 1 sala(s), cozinha.",83111.39,165000.0,49.63,Venda Direta Online,,LINS,SP,Sim
8787713210021,"RUA AMILCAR TOBIAS, N. 490, LT 05 QD K",RESIDENCIAL DALGINA RODRIGUES DA GRELA,"Casa, 43.85 de área total, 43.85 de área privativa, 180.00 de área do terreno,  2 qto(s), a.serv, WC, 1 sala(s), cozinha, 1 vaga(s) de garagem.",84892.14,145000.0,41.46,Venda Direta Online,,LINS,SP,Não
8787713302287,"RUA CLEVERSON PERON FERRAZ, N. 515,",RESIDENCIAL SANTANA,"Casa, 43.85 de área total, 43.85 de área privativa, 180.00 de área do terreno,  2 qto(s), a.serv, WC, 1 sala(s), cozinha.",99555.89,168000.0,40.75,Venda Direta Online,,LINS,SP,Não
8444409443132,"RUA DR ARMANDO AOKI GENSHIRO, N. 11,",JARDIM BOM VIVER IV,"Casa, 62.74 de área total, 128.25 de área privativa, 212.62 de área do terreno,  2 qto(s), a.serv, WC, 1 sala(s), cozinha, 2 vaga(s) de garagem.",124578.6,203000.0,38.64,Venda Online,,LINS,SP,Não
1444418612229,"AVENIDA DUQUE DE CAXIAS, N. 126, CS 01",CENTRO,"Casa, 225.41 de área total, 192.20 de área privativa, 140.00 de área do terreno,  3 qto(s), a.serv, WC, 2 sala(s), cozinha, 2 vaga(s) de garagem.",286791.44,450000.0,36.27,Venda Direta Online,,LINS,SP,Sim
8444426280360,"RUA MANOEL DAS NEVES, N. 200, LT A LT 46 QD U",RESIDENCIAL MANABU MABE,"Casa, 48.05 de área total, 48.05 de área privativa, 126.50 de área do terreno,  2 qto(s), a.serv, WC, 1 sala(s), cozinha, 1 vaga(s) de garagem.",154958.97,146000.0,0.0,Leilão SFI - Edital Único,,LINS,SP,Não
8444437574769,"RUA ANTONIO HADDAD, N. 950, Apto 06, BL A3",SANTO ANTONIO,"Apartamento, 95.72 de área total, 49.55 de área privativa, 0.00 de área do terreno,  2 qto(s), a.serv, WC, 1 sala(s), cozinha, 1 vaga(s) de garagem.",210000.0,210000.0,0.0,Leilão SFI - Edital Único,,LORENA,SP,Não
8444417694297,"RUA ISRAEL, N. 195, PARTE LT 12 QD SQ05",RESIDENCIAL VILA RICA,"Casa, 62.50 de área total, 62.50 de área privativa, 170.86 de área do terreno,  1 qto(s), a.serv, WC, 1 sala(s), cozinha.",220000.0,220000.0,0.0,Leilão SFI - Edital Único,,LORENA,SP,Não
8444405974869,"RUA ERNANE CAMPOS SEABRA, N. 307, LT 30 QD 23",PARQUE DO MIRANTE,"Casa, 103.00 de área total, 49.61 de área privativa, 187.50 de área do terreno,  2 qto(s), a.serv, WC, 1 sala(s), cozinha, 1 vaga(s) de garagem.",195000.0,195000.0,0.0,Leilão SFI - Edital Único,,LUIS ANTONIO,SP,Não
1444419524005,"RUA RAUL SEIXAS, N. 178, LT 04 QD 01",JARDIM V G B,"Casa, 0.00 de área total, 57.00 de área privativa, 250.81 de área do terreno.",267672.01,420000.0,36.27,Venda Direta Online,,MAIRINQUE,SP,Sim
1444421090645,"ALAMEDA DOS PINTASSILGOS, N. SN, LT 7 QD F GLEBA 2",CUMBARI,"Terreno, 0.00 de área total, 0.00 de área privativa, 1125.00 de área do terreno.",203940.57,400000.0,49.02,Venda Direta Online,,MAIRIPORA,SP,Sim
1444420091346,"ALAMEDA NASCENTE DO SOL, N. 630, LT 2A QD E",JD NASCENTE DO SOL,"Casa, 84.45 de área total, 84.45 de área privativa, 392.30 de área do terreno,  2 qto(s), a.serv, WC, 1 sala(s), cozinha.",320000.0,320000.0,0.0,Leilão SFI - Edital Único,,MAIRIPORA,SP,Não
1444418968422,"RUA FLORES DE MAIO, N. 95,",JUNDIAIZINHO (TERRA PRETA),"Terreno, 371.26 de área total, 0.00 de área privativa, 2022.00 de área do terreno.",921112.19,730000.0,0.0,Leilão SFI - Edital Único,,MAIRIPORA,SP,Não
8444428869816,"RUA RAIMUNDO GONCALVES FERREIRA ANTIGA RUA 01, N. 120, Apto 11G3, 1 ANDAR BL G3",CONJUNTO HABITACIONAL PAULO LUCIO NOGUEI,"Apartamento, 0.00 de área total, 45.46 de área privativa, 0.00 de área do terreno,  2 qto(s), a.serv, WC, 1 sala(s), cozinha.",32519.17,68500.0,52.53,Venda Direta Online,,MARILIA,SP,Não
8444408368617,"RUA JOAO CEZARIO MOTTA, N. 87,",PROFESSOR ANTONIO DA SILVA PENTEADO,"Casa, 49.50 de área total, 49.50 de área privativa, 160.00 de área do terreno,  2 qto(s), a.serv, WC, 1 sala(s), cozinha, 2 vaga(s) de garagem.",88718.86,169000.0,47.51,Venda Online,,MARILIA,SP,Sim
8444424171016,"RUA RAIMUNDO GONCALVES FERREIRA, N. 120, Apto 03D3, BL D3",CONJUNTO HABITACIONAL PAULO LUCIO NOGUEI,"Apartamento, 52.13 de área total, 45.46 de área privativa, 0.00 de área do terreno,  2 qto(s), WC, 1 sala(s), cozinha, 1 vaga(s) de garagem.",41253.9,77000.0,46.43,Venda Online,,MARILIA,SP,Não
8444425414281,"RUA MARIO BATAIOLA, N. 501, Apto 41, BL L2",CONJUNTO HABITACIONAL PAULO LUCIO NOGUEI,"Apartamento, 45.46 de área total, 45.46 de área privativa, 0.00 de área do terreno,  2 qto(s), a.serv, WC, 1 sala(s), cozinha.",30904.44,56000.0,44.82,Venda Direta Online,,MARILIA,SP,Não
8444429560053,"AVENIDA DOUTOR HERCULES GALLETTI, N. 382, Apto 301, BLOCO 07",JARDIM CALIFORNIA,"Apartamento, 0.00 de área total, 44.26 de área privativa, 0.00 de área do terreno, 1 vaga(s) de garagem.",75305.5,130000.0,42.08,Licitação Aberta,,MARILIA,SP,Não
8444431996386,"RUA ANTONIO ROBERTO MORIS, N. 112, LT 13 QD 10",ALTOS DONOVA MARILIA,"Casa, 38.00 de área total, 38.00 de área privativa, 160.00 de área do terreno.",84127.96,143694.75,41.46,Licitação Aberta,,MARILIA,SP,Não
8444434526550,"RUA PEDRO CHARUTO, N. 63, Apto 403, BL 04",JARDIM TEOTONIO VILELA,"Apartamento, 48.68 de área total, 45.26 de área privativa, 0.00 de área do terreno,  2 qto(s), WC, 1 sala(s), cozinha, 1 vaga(s) de garagem.",87819.45,150000.0,41.46,Venda Direta Online,,MARILIA,SP,Não
8444435490606,"AVENIDA DOUTOR HERCULES GALLETTI, N. 382, Apto 103, BL 05",CONJ RES SAN REMO,"Apartamento, 49.38 de área total, 44.26 de área privativa, 0.00 de área do terreno,  2 qto(s), a.serv, WC, 1 sala(s), cozinha, 1 vaga(s) de garagem.",95833.95,161719.24,40.75,Venda Direta Online,,MARILIA,SP,Não
8444426049196,"RUA DAS MAGNOLIAS, N. 43, LT 08 QD 02",SAO JOSE,"Casa, 99.47 de área total, 99.47 de área privativa, 250.00 de área do terreno,  2 qto(s), a.serv, WC, 1 sala(s), cozinha.",93037.35,157000.0,40.75,Venda Direta Online,,MARILIA,SP,Não
8444434866513,"AVENIDA DOUTOR HERCULES GALLETTI, N. 382, Apto 303, BL 07 PAV 03",JARDIM CALIFORNIA,"Apartamento, 49.38 de área total, 44.26 de área privativa, 0.00 de área do terreno,  2 qto(s), WC, 1 sala(s), cozinha, 1 vaga(s) de garagem.",94815.14,160000.0,40.75,Venda Direta Online,,MARILIA,SP,Não
8444436314372,"AVENIDA DOUTOR HERCULES GALLETTI, N. 382, Apto 301, BL10",JARDIM CALIFORNIA,"Apartamento, 49.38 de área total, 44.26 de área privativa, 0.00 de área do terreno,  2 qto(s), WC, 1 sala(s), cozinha, 1 vaga(s) de garagem.",107852.22,182000.0,40.75,Venda Online,,MARILIA,SP,Não
8555536479634,"AVENIDA DOUTOR HERCULES GALLETTI, N. 260A, Apto 202, BL 12",JARDIM CALIFORNIA,"Apartamento, 91.71 de área total, 41.85 de área privativa, 0.00 de área do terreno,  2 qto(s), WC, 1 sala(s), cozinha, 1 vaga(s) de garagem.",99555.89,168000.0,40.75,Licitação Aberta,,MARILIA,SP,Não
8787711604146,"RUA ANDRE LUIZ RIBEIRO, N. 341, Apto 12, BL 01",VEREADOR EDUARDO ANDRADE REIS,"Apartamento, 103.09 de área total, 48.86 de área privativa, 0.00 de área do terreno,  2 qto(s), WC, 1 sala(s), cozinha.",104877.39,176980.0,40.75,Licitação Aberta,,MARILIA,SP,Não
8555537753918,"RUA ROSA IACHEL MAZETTO, N. SN, Apto 101,",OSVALDO FANCELI,"Apartamento, 95.55 de área total, 44.13 de área privativa, 0.00 de área do terreno,  2 qto(s), WC, 1 sala(s), cozinha, 1 vaga(s) de garagem.",101333.68,171000.0,40.75,Venda Direta Online,,MARILIA,SP,Não
8787719037283,"RUA PAULO ALVES DAMACENO, N. 90, Apto 402, BL 05 BOX 47",ANTENOR BARION,"Apartamento, 82.83 de área total, 39.30 de área privativa, 0.00 de área do terreno,  2 qto(s), WC, 1 sala(s), cozinha, 1 vaga(s) de garagem.",105185.54,177500.0,40.75,Licitação Aberta,,MARILIA,SP,Não
8444422440109,"RUA JOAO BATISTA VRECH, N. 153,",CONJUNTO RESIDENCIAL ALCIR RAINERI,"Casa, 54.58 de área total, 92.86 de área privativa, 170.00 de área do terreno,  2 qto(s), a.serv, WC, 1 sala(s), cozinha, 2 vaga(s) de garagem.",108389.57,180000.0,39.79,Venda Online,,MARILIA,SP,Não
8444422466205,"RUA ANNA APARECIDA NICOLELLA MARQUES, N. 350, Apto 621, BL 06",JARDIM LAVINIA,"Apartamento, 48.87 de área total, 45.48 de área privativa, 0.00 de área do terreno,  2 qto(s), a.serv, WC, 1 sala(s), cozinha, 1 vaga(s) de garagem.",82182.47,136000.0,39.58,Venda Direta Online,,MARILIA,SP,Não
8555535780268,"AVENIDA DOUTOR HERCULES GALLETTI, N. 450-A, Apto 401, BL 08 PAV 3/4 VG 92/93",JARDIM CALIFORNIA,"Apartamento, 113.65 de área total, 43.99 de área privativa, 0.00 de área do terreno,  2 qto(s), WC, 1 sala(s), cozinha, 2 vaga(s) de garagem.",114234.15,189000.0,39.56,Venda Direta Online,,MARILIA,SP,Não
8555537463820,"AVENIDA DOUTOR HERCULES GALLETTI, N. 260-A, Apto 202, BL 05 VG 40",JARDIM CALIFORNIA,"Apartamento, 91.71 de área total, 41.85 de área privativa, 0.00 de área do terreno,  2 qto(s), WC, 1 sala(s), cozinha, 1 vaga(s) de garagem.",116651.81,193000.0,39.56,Venda Direta Online,,MARILIA,SP,Não
8555538629544,"AVENIDA DOUTOR HERCULES GALLETTI, N. 260A, Apto 101, BL 15 VG 250",JARDIM CALIFORNIA,"Apartamento, 79.21 de área total, 41.85 de área privativa, 0.00 de área do terreno,  2 qto(s), WC, 1 sala(s), cozinha, 1 vaga(s) de garagem.",111816.5,185000.0,39.56,Venda Direta Online,,MARILIA,SP,Não
8787701114472,"AVENIDA DOUTOR HERCULES GALLETTI, N. 98-A, Apto 401, 4º PAVIMENTO BLOCO 28",JARDIM CALIFORNIA,"Apartamento, 94.06 de área total, 43.99 de área privativa, 0.00 de área do terreno,  2 qto(s), WC, 1 sala(s), cozinha, 1 vaga(s) de garagem.",120882.7,200000.0,39.56,Venda Direta Online,,MARILIA,SP,Não
8555536967558,"RUA OSWALDO JOSE MARTINS, N. 54, LT 26 QD Q",RESIDENCIAL MONTANA (PADRE NOBREGA),"Casa, 45.59 de área total, 45.59 de área privativa, 144.00 de área do terreno,  2 qto(s), a.serv, WC, 1 sala(s), cozinha, 2 vaga(s) de garagem.",132970.97,220000.0,39.56,Venda Online,,MARILIA,SP,Não
8787701961183,"RUA LOURIVAL PEREIRA LEAL, N. 96, LT 21 QD M",RESIDENCIAL SALVADOR BASSALOBRE (PADRE N,"Casa, 45.59 de área total, 45.59 de área privativa, 160.00 de área do terreno,  2 qto(s), a.serv, WC, 1 sala(s), cozinha, 1 vaga(s) de garagem.",123904.77,205000.0,39.56,Venda Direta Online,,MARILIA,SP,Não
8787717605314,"RUA PAULO ALVES DAMACENO, N. 90, Apto 101, BL 10, VG 138",ANTENOR BARION,"Apartamento, 82.34 de área total, 39.30 de área privativa, 0.00 de área do terreno,  2 qto(s), WC, 1 sala(s), cozinha, 1 vaga(s) de garagem.",120882.7,200000.0,39.56,Venda Direta Online,,MARILIA,SP,Não
1444416312309,"AVENIDA JOSE DA SILVA NOGUEIRA JUNIOR, N. 382, Apto 304, BL.29 3° ANDAR",JARDIM CALIFORNIA,"Apartamento, 49.38 de área total, 44.26 de área privativa, 0.00 de área do terreno,  2 qto(s), WC, 1 sala(s), cozinha, 1 vaga(s) de garagem.",85466.19,140000.0,38.96,Venda Online,,MARILIA,SP,Não
1444418342167,"AVENIDA DR. HERCULES GALLETTI, N. 382, Apto 301, BL 23",JARDIM CALIFORNIA,"Apartamento, 49.39 de área total, 44.26 de área privativa, 0.00 de área do terreno,  2 qto(s), WC, 1 sala(s), cozinha, 1 vaga(s) de garagem.",87297.61,143000.0,38.96,Venda Direta Online,,MARILIA,SP,Não
8787723267530,"RUA ROSA LUIZA DE JESUS, N. 235, CS 39",RESIDENCIAL VIDA NOVA MARACA (PADRE NOBR,"Casa, 66.62 de área total, 66.62 de área privativa, 130.66 de área do terreno,  2 qto(s), a.serv, WC, 1 sala(s), cozinha.",156137.65,255000.0,38.77,Licitação Aberta,,MARILIA,SP,Não
8787718782430,"RUA 13, N. SN, LOTE 29 QUADRA 5",VEREADOR IVAN NEGAO,"Casa, 43.85 de área total, 43.85 de área privativa, 160.00 de área do terreno,  2 qto(s), a.serv, WC, 1 sala(s), cozinha.",160786.71,211000.0,23.8,Leilão SFI - Edital Único,,MARILIA,SP,Não
8787719416977,"RUA REGINALDO VITOR DE SOUZA, N. 48, LOTE 6 QUADRA 5",VEREADOR IVAN NEGAO,"Casa, 43.85 de área total, 43.85 de área privativa, 160.00 de área do terreno,  2 qto(s), WC, 1 sala(s), cozinha.",165680.99,211000.0,21.48,Leilão SFI - Edital Único,,MARILIA,SP,Não
8787702229168,"RUA VALDELICE PERACCINI DAL EVEDOVE, N. 248, LT 14 QD N",DISTRITO DE PADRE NO,"Casa, 45.47 de área total, 45.47 de área privativa, 166.00 de área do terreno,  2 qto(s), a.serv, WC, 1 sala(s), cozinha.",185000.0,185000.0,0.0,Leilão SFI - Edital Único,,MARILIA,SP,Não
8555522395905,"AVENIDA SIGISMUNDO NUNES DE OLIVEIRA, N. 730, CS 374 M 40B QD D VG 151",ALTOS DO PALMITAL DEPUTADO OSWALDO DORET,"Casa, 40.91 de área total, 40.91 de área privativa, 80.96 de área do terreno,  2 qto(s), a.serv, WC, 1 sala(s), cozinha, 1 vaga(s) de garagem.",190348.95,188000.0,0.0,Leilão SFI - Edital Único,,MARILIA,SP,Não
8787721379250,"RUA VALENTIN BARROSO SIBILLAS, N. 364, LT 09 QD 15",VEREADOR IVAN NEGAO,"Casa, 43.85 de área total, 43.85 de área privativa, 160.00 de área do terreno,  2 qto(s), a.serv, WC, 1 sala(s), cozinha.",238831.5,220000.0,0.0,Leilão SFI - Edital Único,,MARILIA,SP,Não
8787719991246,"ANTONIO BEZERRA CAFALCANTE, N. 140, LT 16 QD 03",VEREADOR IVAN NEGAO,"Casa, 43.85 de área total, 43.85 de área privativa, 160.00 de área do terreno,  2 qto(s), a.serv, WC, 1 sala(s), cozinha.",232236.45,210000.0,0.0,Leilão SFI - Edital Único,,MARILIA,SP,Não
10302974,"RUA OLINDO VERONEZ, N. 26, JD ACAPULCO II",JARDIM ACAPULCO,"Prédio, 0.00 de área total, 852.64 de área privativa, 687.82 de área do terreno.",1961796.19,1768000.0,0.0,Leilão SFI - Edital Único,,MARILIA,SP,Não
8787718815363,"RUA REGINALDO VITOR DE SOUZA, N. 184, LT 23 QD 05",VEREADOR IVAN NEGAO,"Casa, 43.85 de área total, 43.85 de área privativa, 160.00 de área do terreno,  2 qto(s), a.serv, WC, 1 sala(s), cozinha.",237009.41,202539.18,0.0,Leilão SFI - Edital Único,,MARILIA,SP,Não
8444429913517,"RUA NELSON ROSSATO, N. 169, CS 602 TERREO BLOCO 6",VILA OPERARIA ALIMENTACAO I,"Casa, 49.49 de área total, 46.09 de área privativa, 49.49 de área do terreno,  2 qto(s), WC, 1 sala(s), cozinha, 1 vaga(s) de garagem.",158538.2,133926.77,0.0,Leilão SFI - Edital Único,,MARILIA,SP,Não
8787715536919,"RUA ABS YASBEK, N. 162, Apto 403, BL 20 4 PAV",JARDIM CALIFORNIA,"Apartamento, 87.16 de área total, 39.30 de área privativa, 0.00 de área do terreno,  2 qto(s), WC, 1 sala(s), cozinha, 1 vaga(s) de garagem.",195594.34,160157.06,0.0,Leilão SFI - Edital Único,,MARILIA,SP,Não
8787712476664,"RUA ABS YASBEK, N. 162, Apto 202, BL 12 PAV 2 VG 201 JD CALIFÓRNIA",VILA MARIA,"Apartamento, 87.16 de área total, 39.30 de área privativa, 0.00 de área do terreno,  2 qto(s), WC, 1 sala(s), cozinha, 1 vaga(s) de garagem.",198074.08,160157.06,0.0,Leilão SFI - Edital Único,,MARILIA,SP,Não
8787721452063,"RUA ANTONIO BEZERRA CAFALCANTI, N. 93, LT 12 QD 02",VEREADOR IVAN NEGAO,"Casa, 43.85 de área total, 43.85 de área privativa, 177.67 de área do terreno,  2 qto(s), a.serv, WC, 1 sala(s), cozinha.",238831.5,193000.0,0.0,Leilão SFI - Edital Único,,MARILIA,SP,Não
8787719004601,"RUA ANGELO MONTOLAR, N. 215, CS 19 SETOR B",CESAR DE ALMEIDA,"Casa, 50.50 de área total, 50.50 de área privativa, 92.00 de área do terreno,  2 qto(s), a.serv, WC, 1 sala(s), cozinha, 1 vaga(s) de garagem.",253976.37,204000.0,0.0,Leilão SFI - Edital Único,,MARILIA,SP,Não
8787716557189,"RUA PAULO ALVES DAMACENO, N. 90, Apto 303, PAV 3 BL 13 VG 98",ANTENOR BARION,"Apartamento, 39.30 de área total, 39.30 de área privativa, 0.00 de área do terreno,  2 qto(s), WC, 1 sala(s), cozinha, 1 vaga(s) de garagem.",195448.18,155000.0,0.0,Leilão SFI - Edital Único,,MARILIA,SP,Não
8444431926698,"RUA LAZARO FONSECA, N. 215, QD 18 LT B  DESTACADO DO LOTE N° 20",JARDIM VIRGINIA,"Casa, 91.16 de área total, 91.16 de área privativa, 125.00 de área do terreno,  2 qto(s), a.serv, WC, 1 sala(s), cozinha, 2 vaga(s) de garagem.",358481.43,283000.0,0.0,Leilão SFI - Edital Único,,MARILIA,SP,Não
8787721946112,"RUA FRANCISCO MARAN, N. 88,",VEREADOR IVAN NEGAO,"Casa, 43.85 de área total, 43.85 de área privativa, 160.00 de área do terreno,  2 qto(s), a.serv, WC, 1 sala(s), cozinha, 1 vaga(s) de garagem.",236579.02,186000.0,0.0,Leilão SFI - Edital Único,,MARILIA,SP,Não
8787721487681,"RUA VALENTIN BARROSO SIBILLAS, N. 102, LT 3 QD 8",VEREADOR IVAN NEGAO,"Casa, 43.85 de área total, 43.85 de área privativa, 160.00 de área do terreno,  2 qto(s), a.serv, WC, 1 sala(s), cozinha, 1 vaga(s) de garagem.",238831.5,185000.0,0.0,Leilão SFI - Edital Único,,MARILIA,SP,Não
8555538967024,"AVENIDA DOUTOR HERCULES GALLETTI, N. 260-A, Apto 201, BLOCO 10 VAGA 302",MARROCOS RESIDENCIAIS,"Apartamento, 91.70 de área total, 41.85 de área privativa, 0.00 de área do terreno,  2 qto(s), a.serv, WC, 1 sala(s), cozinha, 1 vaga(s) de garagem.",227387.0,175000.0,0.0,Leilão SFI - Edital Único,,MARILIA,SP,Não
8787720408451,"RUA ANGELA DE PAULA, N. 126,",VEREADOR IVAN NEGAO,"Casa, 43.85 de área total, 43.85 de área privativa, 160.00 de área do terreno,  2 qto(s), a.serv, WC, 1 sala(s), cozinha, 1 vaga(s) de garagem.",241251.54,185000.0,0.0,Leilão SFI - Edital Único,,MARILIA,SP,Não
8444437302882,"RUA IONEU CARVALHO DOMINGOS, N. 220, Apto 914,  BL 09",PAULO CORREA DE LARA,"Apartamento, 52.02 de área total, 46.11 de área privativa, 0.00 de área do terreno,  2 qto(s), WC, 1 sala(s), cozinha, 1 vaga(s) de garagem.",158172.86,120000.0,0.0,Leilão SFI - Edital Único,,MARILIA,SP,Não
8444438556829,"AVENIDA DOUTOR HERCULES GALLETTI, N. 321-A, Apto 201, BL 19",JARDIM CALIFORNIA,"Apartamento, 94.57 de área total, 43.99 de área privativa, 0.00 de área do terreno,  2 qto(s), WC, 1 sala(s), cozinha, 1 vaga(s) de garagem.",229246.81,168000.0,0.0,Leilão SFI - Edital Único,,MARILIA,SP,Não
8444431756261,"AVENIDA DOUTOR HERCULES GALLETTI, N. 260-A, Apto AP 20, BL 24",JARDIM CALIFORNIA,"Apartamento, 91.70 de área total, 41.85 de área privativa, 0.00 de área do terreno,  2 qto(s), WC, 1 sala(s), cozinha, 1 vaga(s) de garagem.",197397.45,144000.0,0.0,Leilão SFI - Edital Único,,MARILIA,SP,Não
8444417773219,"RUA AMICLE DALMONTE, N. 412, LT 19 QD19 BAIRRO RAFAEL BARRACA IMAMU",PARQUE DAS VIVENDAS,"Casa, 45.21 de área total, 45.21 de área privativa, 191.06 de área do terreno,  2 qto(s), a.serv, WC, 1 sala(s), cozinha, 1 vaga(s) de garagem.",199634.43,130000.0,0.0,Leilão SFI - Edital Único,,MARILIA,SP,Não
1444405759994,"RUA MARANHAO, N. 25, Apto 111, 11 ANDAR  AV. SAMPAIIO VIDAL",CENTRO,"Apartamento, 128.26 de área total, 112.89 de área privativa, 0.00 de área do terreno,  2 qto(s), WC, 1 sala(s), DCE, cozinha, Terraco, 1 vaga(s) de garagem.",539284.41,320000.0,0.0,Leilão SFI - Edital Único,,MARILIA,SP,Não
1444423754176,"RUA ROQUE DO ESPIRITO SANTO PROFETA, N. SN, LOTE 10 QUADRA 14",LOTEAMENTO RESIDENCIAL E COMERCIAL FAZEN,"Terreno, 0.00 de área total, 0.00 de área privativa, 250.00 de área do terreno.",895282.05,150000.0,0.0,Leilão SFI - Edital Único,,MARILIA,SP,Não
8787715363097,"RUA NELSON BERNARDI, N. 345, Apto 01, BL B, TR 01",JARDIM NOVO MUNDO,"Apartamento, 137.07 de área total, 43.06 de área privativa, 0.00 de área do terreno,  2 qto(s), WC, 1 sala(s), cozinha, 1 vaga(s) de garagem.",101926.27,172000.0,40.75,Venda Direta Online,,MATAO,SP,Não
8787715535912,"RUA NELSON BERNARDI, N. 345, Apto 23, BL A TORRE 05",JARDIM NOVO MUNDO,"Apartamento, 137.07 de área total, 43.06 de área privativa, 0.00 de área do terreno,  2 qto(s), WC, 1 sala(s), 1 vaga(s) de garagem.",94815.14,160000.0,40.75,Venda Direta Online,,MATAO,SP,Não
8787718930480,"RUA NELSON BERNARDI, N. 345, Apto 11, BL C TORRE 01",JARDIM NOVO MUNDO,"Apartamento, 137.07 de área total, 43.06 de área privativa, 0.00 de área do terreno,  2 qto(s), WC, 1 sala(s), cozinha, 1 vaga(s) de garagem.",101926.27,172000.0,40.75,Venda Direta Online,,MATAO,SP,Não
8787713772089,"RUA NELSON BERNARDI, N. 345, Apto 24, BL C TORRE 03",JARDIM NOVO MUNDO,"Apartamento, 137.07 de área total, 43.06 de área privativa, 0.00 de área do terreno,  2 qto(s), a.serv, WC, 1 sala(s), cozinha, 1 vaga(s) de garagem.",119673.87,198000.0,39.56,Venda Direta Online,,MATAO,SP,Não
8787713833169,"RUA NELSON BERNARDI, N. 345, Apto 24, 2º PAV, BL A, TORRE 5",JARDIM NOVO MUNDO,"Apartamento, 137.07 de área total, 43.06 de área privativa, 0.00 de área do terreno,  2 qto(s), a.serv, WC, 1 sala(s), cozinha, 1 vaga(s) de garagem.",119673.87,198000.0,39.56,Venda Direta Online,,MATAO,SP,Não
8787719358519,"RUA LUCAS INACIO DOS SANTOS, N. 166, Nº 07 QUADRA V",RESIDENCIAL VILA FLORIDA,"Casa, 44.82 de área total, 44.82 de área privativa, 160.00 de área do terreno,  2 qto(s), a.serv, WC, 1 sala(s), cozinha, 1 vaga(s) de garagem.",159163.37,206000.0,22.74,Leilão SFI - Edital Único,,MATAO,SP,Não
8787718448530,"RUA LUCAS INACIO DOS SANTOS, N. 107, Nº 35 QUADRA S",RESIDENCIAL VILA FLORIDA,"Casa, 44.82 de área total, 44.82 de área privativa, 160.00 de área do terreno,  2 qto(s), a.serv, WC, 1 sala(s), cozinha, 1 vaga(s) de garagem.",161632.66,206000.0,21.54,Leilão SFI - Edital Único,,MATAO,SP,Não
8787720062091,"RUA ANTONIO ROBERTO DINIZ TÓ, N. 215, LT 35 QD W",DISTRITO DE MATAO,"Casa, 44.82 de área total, 44.82 de área privativa, 160.00 de área do terreno,  2 qto(s), a.serv, WC, 1 sala(s), cozinha, 2 vaga(s) de garagem.",161370.88,195000.0,17.25,Leilão SFI - Edital Único,,MATAO,SP,Não
8444416714847,"RUA PEDRO GUERREIRO, N. 70, LOT SÃO JUDAS TADEU   LT 08 QD 05",VILA CARDIM,"Casa, 0.00 de área total, 91.15 de área privativa, 216.00 de área do terreno,  2 qto(s), a.serv, WC, 1 sala(s), cozinha.",220000.0,220000.0,0.0,Leilão SFI - Edital Único,,MATAO,SP,Não
8787719403697,"AVENIDA JOSE JOAQUIM TEIXEIRA, N. 1491, LT 06 QD R ANTIGA RUA 19",RESIDENCIAL VILA FLORIDA,"Casa, 44.82 de área total, 44.82 de área privativa, 160.00 de área do terreno,  2 qto(s), a.serv, WC, 1 sala(s), cozinha.",195987.25,190000.0,0.0,Leilão SFI - Edital Único,,MATAO,SP,Não
8787718578663,"RUA LUCAS INACIO DOS SANTOS, N. 137,",RESIDENCIAL VILA FLORIDA,"Casa, 44.82 de área total, 44.82 de área privativa, 160.00 de área do terreno,  2 qto(s), a.serv, WC, 1 sala(s), cozinha, 2 vaga(s) de garagem.",196361.05,190000.0,0.0,Leilão SFI - Edital Único,,MATAO,SP,Não
8787721451121,"RUA LUCAS INACIO DOS SANTOS, N. 446,",RESIDENCIAL VILA FLORIDA,"Casa, 44.82 de área total, 44.82 de área privativa, 231.08 de área do terreno,  2 qto(s), a.serv, WC, 1 sala(s), cozinha.",208050.59,199000.0,0.0,Leilão SFI - Edital Único,,MATAO,SP,Não
1444421390983,"RUA BENTO QUARESMA, N. 0, LT 41 QD E",RESIDENCIAL LAS PALMAS,"Terreno, 0.00 de área total, 0.00 de área privativa, 275.00 de área do terreno.",129993.51,119796.23,0.0,Leilão SFI - Edital Único,,MATAO,SP,Não
8787717644948,"RUA CESAR AUGUSTO APPOLONI, N. 488, QD F  LT 4  RUA TRES",RESIDENCIAL VILA FLORIDA,"Casa, 44.82 de área total, 44.82 de área privativa, 160.00 de área do terreno,  2 qto(s), a.serv, WC, 1 sala(s), cozinha, 2 vaga(s) de garagem.",216576.22,195000.0,0.0,Leilão SFI - Edital Único,,MATAO,SP,Não
8787717175107,"RUA TENENTE OSVALDO MACHADO, N. 685,",RESIDENCIAL VILA FLORIDA,"Casa, 44.82 de área total, 44.82 de área privativa, 160.21 de área do terreno,  2 qto(s), a.serv, WC, 1 sala(s), cozinha, 2 vaga(s) de garagem.",218503.94,190000.0,0.0,Leilão SFI - Edital Único,,MATAO,SP,Não
8787718462215,"RUA MARIO PORTAPILLA ANTIGA RUA SETE, N. 129, LT 33 QD P",RESIDENCIAL VILA FLORIDA,"Casa, 44.82 de área total, 44.82 de área privativa, 160.00 de área do terreno,  2 qto(s).",196526.73,165000.0,0.0,Leilão SFI - Edital Único,,MATAO,SP,Não
8787716001270,"RUA CESAR AUGUSTO APPOLONI, N. 739,",RESIDENCIAL VILA FLORIDA,"Casa, 44.82 de área total, 44.82 de área privativa, 160.00 de área do terreno,  2 qto(s), a.serv, WC, 1 sala(s), cozinha, 1 vaga(s) de garagem.",220254.94,105895.31,0.0,Leilão SFI - Edital Único,,MATAO,SP,Não
8555522542509,"RUA VICENTE GRECCO, N. 292, Apto 708, BOX 61",PARQUE SAO VICENTE,"Apartamento, 87.64 de área total, 45.41 de área privativa, 0.00 de área do terreno,  2 qto(s), a.serv, WC, 1 sala(s), cozinha, 1 vaga(s) de garagem.",135388.62,224000.0,39.56,Licitação Aberta,,MAUA,SP,Não
1787700329485,"RUA PRESIDENTE AFONSO PENA, N. 537, Apto 701, TR 03 VG 686",PARQUE SAO VICENTE,"Apartamento, 77.42 de área total, 43.13 de área privativa, 0.00 de área do terreno,  2 qto(s), a.serv, WC, 1 sala(s), cozinha, 1 vaga(s) de garagem.",146655.63,233000.0,37.06,Licitação Aberta,,MAUA,SP,Não
8787712957220,"RUA SAO CLEMENTE, N. 128, Apto 1603, TR 01 16 PAV VG 70",VILA NOSSA SENHORA DAS VITORIAS,"Apartamento, 86.53 de área total, 43.61 de área privativa, 0.00 de área do terreno,  2 qto(s), WC, 1 sala(s), cozinha, 1 vaga(s) de garagem.",285000.0,285000.0,0.0,Leilão SFI - Edital Único,,MAUA,SP,Não
10289446,"RUA SANTA CRUZ, N. 382, LOJA PRÉDIO",CENTRO,"Loja, 0.00 de área total, 430.60 de área privativa, 484.00 de área do terreno.",664081.5,1042000.0,36.27,Licitação Aberta,,MINEIROS DO TIETE,SP,Sim
8444413993397,"RUA BANDEIRANTES, N. 636, LT 7, QD G",JARDIM AEROPORTO I,"Casa, 53.53 de área total, 53.53 de área privativa, 275.00 de área do terreno,  2 qto(s), a.serv, WC, 1 sala(s), cozinha, 1 vaga(s) de garagem.",62856.87,110000.0,42.86,Venda Direta Online,,MIRANDOPOLIS,SP,Não
8787720569900,"RUA GILMAR SILVA CAVALCANTI, N. 409, LT 13 QD 06",JARDIM GIRASSOL,"Casa, 48.13 de área total, 48.13 de área privativa, 160.00 de área do terreno,  2 qto(s), WC, 1 sala(s), cozinha.",106667.03,180000.0,40.75,Licitação Aberta,,MIRASSOL,SP,Não
8787715775182,"RUA JOAO PAULO II, N. 29-69, Apto 301, BL 11",JARDIM LAGUNA,"Apartamento, 86.50 de área total, 39.30 de área privativa, 0.00 de área do terreno,  2 qto(s), a.serv, WC, 1 sala(s), cozinha, 1 vaga(s) de garagem.",114838.57,190000.0,39.56,Venda Direta Online,,MIRASSOL,SP,Não
8787720094880,"RUA ORIDES BENEVENUTO, N. 957, LT 07 QD 30",JARDIM GIRASSOL,"Casa, 48.13 de área total, 48.13 de área privativa, 160.00 de área do terreno,  2 qto(s), a.serv, WC, 1 sala(s), cozinha.",112420.91,186000.0,39.56,Licitação Aberta,,MIRASSOL,SP,Não
8787720755615,"RUA ALBERTO CARLOS SOUSA LIMA, N. 442, LT 34 QD 06",JARDIM GIRASSOL,"Casa, 48.13 de área total, 48.13 de área privativa, 160.00 de área do terreno,  2 qto(s), WC, 1 sala(s), cozinha.",120882.7,200000.0,39.56,Venda Direta Online,,MIRASSOL,SP,Não
8787721810121,"RUA ORIDES BENEVENUTO, N. 10-04, LT 49 QD 31",JARDIM GIRASSOL,"Casa, 48.13 de área total, 48.13 de área privativa, 160.00 de área do terreno,  2 qto(s), WC, 1 sala(s), cozinha.",120882.7,200000.0,39.56,Licitação Aberta,,MIRASSOL,SP,Não
8787715585375,"RUA JOAO PAULO II, N. 2969, Apto 403, BL 11 VG 38",JARDIM LAGUNA,"Apartamento, 84.34 de área total, 39.30 de área privativa, 0.00 de área do terreno,  2 qto(s), a.serv, WC, 1 sala(s), cozinha, 1 vaga(s) de garagem.",184392.06,170000.0,0.0,Leilão SFI - Edital Único,,MIRASSOL,SP,Não
10291018,"AVENIDA GERALDO MARRA, N. 920, 00",DISTRITO INDUSTRIAL II,"Galpão, 0.00 de área total, 1802.20 de área privativa, 0.00 de área do terreno.",3039351.9,4769000.0,36.27,Licitação Aberta,,MOCOCA,SP,Sim
1444423380268,"RUA IBSEN BELMUDES TOLEDO, N. 306, LT 4 QD K",JARDIM JOSE ANDRE DE LIMA,"Casa, 294.12 de área total, 294.12 de área privativa, 360.00 de área do terreno,  3 qto(s), a.serv, WC, 1 sala(s), 1 lavabo(s), cozinha, 2 vaga(s) de garagem.",1252000.0,1252000.0,0.0,Leilão SFI - Edital Único,,MOCOCA,SP,Não
1787702060920,"ESTRADA IMPERIAL, N. 360, Apto 501, PAV 05 BL 09",VILA SAO PAULO,"Apartamento, 104.20 de área total, 40.82 de área privativa, 0.00 de área do terreno,  2 qto(s), a.serv, WC, 1 sala(s), cozinha.",156142.0,245000.0,36.27,Licitação Aberta,,MOGI DAS CRUZES,SP,Não
1444403979776,"RUA JOAO DE OLIVEIRA FILHO, N. 111,",VILA NATAL,"Casa, 206.12 de área total, 206.12 de área privativa, 125.00 de área do terreno,  3 qto(s), a.serv, WC, 1 sala(s), cozinha, 1 vaga(s) de garagem.",509851.44,800000.0,36.27,Licitação Aberta,,MOGI DAS CRUZES,SP,Sim
1444423190515,"RUA ROUXINOL, N. SN,  QD 15, LT11, RUA 10",COLINAS DO PARATEHY,"Terreno, 0.00 de área total, 0.00 de área privativa, 1399.65 de área do terreno.",959158.02,1505000.0,36.27,Venda Direta Online,,MOGI DAS CRUZES,SP,Sim
8444426558520,"RUA PROFESSORA LUCINDA BASTOS, N. 2949, Apto 403, PAV 3 TORRE DOURO",JUNDIAPEBA,"Apartamento, 98.15 de área total, 48.59 de área privativa, 0.00 de área do terreno,  2 qto(s), WC, 1 sala(s), cozinha, 1 vaga(s) de garagem.",235000.0,235000.0,0.0,Leilão SFI - Edital Único,,MOGI DAS CRUZES,SP,Não
8787708968310,"AVENIDA LAURINDO PEREIRA, N. 721, Apto 31, BL B",JUNDIAPEBA,"Apartamento, 85.28 de área total, 49.82 de área privativa, 0.00 de área do terreno,  2 qto(s), a.serv, WC, 1 sala(s), cozinha, Terraco, 1 vaga(s) de garagem.",220000.0,220000.0,0.0,Leilão SFI - Edital Único,,MOGI DAS CRUZES,SP,Não
1444422488804,"AVENIDA EZELINIO DA CUNHA GLORIA ANTIGA RUA 02, N. 706, Apto 24, BL 706C ACESSO LXV",JARDIM MARICA,"Apartamento, 68.73 de área total, 45.69 de área privativa, 0.00 de área do terreno,  2 qto(s), a.serv, WC, 1 sala(s), cozinha, 1 vaga(s) de garagem.",207000.0,207000.0,0.0,Leilão SFI - Edital Único,,MOGI DAS CRUZES,SP,Não
8787712710535,"ESTRADA IMPERIAL, N. 360, Apto 403, PAV 4 BL 16 VG 213",VILA SAO PAULO,"Apartamento, 104.20 de área total, 40.82 de área privativa, 0.00 de área do terreno,  2 qto(s), WC, 1 sala(s), cozinha, 1 vaga(s) de garagem.",225000.0,225000.0,0.0,Leilão SFI - Edital Único,,MOGI DAS CRUZES,SP,Não
8787713554561,"ESTRADA IMPERIAL, N. 300, Apto AP 20, BL 4",VILA SAO PAULO,"Apartamento, 112.54 de área total, 43.54 de área privativa, 0.00 de área do terreno,  2 qto(s), WC, 1 sala(s), cozinha, 1 vaga(s) de garagem.",305000.0,305000.0,0.0,Leilão SFI - Edital Único,,MOGI DAS CRUZES,SP,Não
8787713352055,"RUA ONOFRICO DERENCIO, N. 647, Apto 33A, BL 3",VILA BRASILEIRA,"Apartamento, 88.83 de área total, 41.85 de área privativa, 0.00 de área do terreno,  2 qto(s), a.serv, WC, 1 sala(s), cozinha, 1 vaga(s) de garagem.",220000.0,220000.0,0.0,Leilão SFI - Edital Único,,MOGI DAS CRUZES,SP,Não
1444401084941,"RUA TENENTE AGENOR BERTINI, N. 32, LT 49A QD 03",VILA REI,"Casa, 0.00 de área total, 93.10 de área privativa, 145.43 de área do terreno.",550000.0,550000.0,0.0,Leilão SFI - Edital Único,,MOGI DAS CRUZES,SP,Não
8444431346373,"AVENIDA MAJOR MELO, N. 960, CS 11",VILA NOSSA APARECID,"Casa, 161.28 de área total, 69.56 de área privativa, 0.00 de área do terreno,  2 qto(s), a.serv, WC, 1 sala(s), 1 lavabo(s), cozinha, 1 vaga(s) de garagem.",282679.84,275000.0,0.0,Leilão SFI - Edital Único,,MOGI DAS CRUZES,SP,Não
8444427377286,"RUA JOSE GALLUCCI, N. 931, Apto 33, AUTONOMA  TIPO 01",JUNDIAPEBA,"Apartamento, 0.00 de área total, 45.95 de área privativa, 0.00 de área do terreno,  2 qto(s), a.serv, WC, 1 sala(s), cozinha, 1 vaga(s) de garagem.",217814.72,200000.0,0.0,Leilão SFI - Edital Único,,MOGI DAS CRUZES,SP,Não
8444425058477,"RUA ANNA DE ASSIS CORREA E SILVA, N. 21, LT1F QD H",LOT PANTANAL,"Terreno, 0.00 de área total, 0.00 de área privativa, 125.00 de área do terreno.",49497.47,85500.0,42.11,Licitação Aberta,,MOGI GUACU,SP,Não
8444436420636,"AVENIDA BANDEIRANTES, N. 2801, Apto 31, BL J",JARDIM IPE IV,"Apartamento, 97.48 de área total, 44.89 de área privativa, 0.00 de área do terreno,  2 qto(s), a.serv, WC, 1 sala(s), cozinha, 1 vaga(s) de garagem.",94815.14,160000.0,40.75,Venda Direta Online,,MOGI GUACU,SP,Não
1444423680407,"ESTRADA MUNICIP JOAQUINA MARIA DE ARRUDA, N. 900, Apto 21, BL 36",VILA RESIDENCIAL MOACIR GUZONI,"Apartamento, 46.42 de área total, 44.28 de área privativa, 0.00 de área do terreno,  2 qto(s), a.serv, WC, 1 sala(s), cozinha, 1 vaga(s) de garagem.",65607.95,110000.0,40.36,Venda Direta Online,,MOGI GUACU,SP,Não
8444428346473,"RUA LUIZ ADEMIR DE CAMPOS, N. 193, LTS 3132 QD 25",JARDIM SAKAIDA,"Casa, 51.06 de área total, 51.06 de área privativa, 134.00 de área do terreno,  2 qto(s), a.serv, WC, 1 sala(s), cozinha.",120882.7,200000.0,39.56,Licitação Aberta,,MOGI GUACU,SP,Não
8787717178866,"AVENIDA SUECIA, N. 3160, Apto 1105, T 4",RECANTO DAS FLORES,"Apartamento, 106.05 de área total, 48.23 de área privativa, 0.00 de área do terreno,  2 qto(s), WC, 1 sala(s), cozinha, 1 vaga(s) de garagem.",177568.31,290000.0,38.77,Licitação Aberta,,MOGI GUACU,SP,Não
8444437593941,"RUA OSWALDO OLIVEIRA DE JESUS, N. 281, Nº 31 QUADRA 13",JARDIM SAKAIDA,"Casa, 66.80 de área total, 66.80 de área privativa, 200.00 de área do terreno,  3 qto(s), WC, 1 sala(s), cozinha.",282810.88,286000.0,1.12,Leilão SFI - Edital Único,,MOGI GUACU,SP,Não
8787710120137,"AVENIDA HONORIO ORLANDO MARTINI, N. 3595, CS 131 QD H",JARDIM HORIZONTE,"Casa, 113.67 de área total, 50.96 de área privativa, 107.92 de área do terreno,  2 qto(s), a.serv, WC, 1 sala(s), cozinha, 1 vaga(s) de garagem.",196952.03,196952.03,0.0,Leilão SFI - Edital Único,,MOGI GUACU,SP,Não
8787716813932,"AVENIDA SUECIA, N. 3160, Apto 801, TORRE 02",JARDIM ESPLANADA,"Apartamento, 104.02 de área total, 47.17 de área privativa, 0.00 de área do terreno,  2 qto(s), varanda, a.serv, WC, 1 sala(s), cozinha, 1 vaga(s) de garagem.",250000.0,250000.0,0.0,Leilão SFI - Edital Único,,MOGI GUACU,SP,Não
8787718389518,"AVENIDA BRASIL, N. 1701, Apto 301, PAV 3 TORRE 03 TP 1 VG 53",JARDIM IGACABA,"Apartamento, 120.49 de área total, 53.56 de área privativa, 0.00 de área do terreno,  2 qto(s), WC, cozinha, 1 vaga(s) de garagem.",331716.44,330000.0,0.0,Leilão SFI - Edital Único,,MOGI GUACU,SP,Não
8444434793591,"RUA GERALDO LAZARO GONCALVES, N. 40,",JARDIM NOVA ALVORADA,"Casa, 51.06 de área total, 51.06 de área privativa, 200.00 de área do terreno,  2 qto(s), a.serv, WC, 1 sala(s), cozinha, 1 vaga(s) de garagem.",226399.2,221203.28,0.0,Leilão SFI - Edital Único,,MOGI GUACU,SP,Não
8787718390915,"AVENIDA BRASIL, N. 1701, Apto 202, TORRE 1  TIPO II",JARDIM IGACABA,"Apartamento, 129.35 de área total, 58.13 de área privativa, 0.00 de área do terreno,  2 qto(s), a.serv, WC, 1 sala(s), cozinha, 1 vaga(s) de garagem.",350675.0,340000.0,0.0,Leilão SFI - Edital Único,,MOGI GUACU,SP,Não
8787715358581,"AVENIDA SUECIA, N. 1200, Apto 204, BL 01",JARDIM FANTINATO,"Apartamento, 50.51 de área total, 44.74 de área privativa, 0.00 de área do terreno,  2 qto(s), a.serv, WC, 1 sala(s), cozinha, 1 vaga(s) de garagem.",208846.48,200000.0,0.0,Leilão SFI - Edital Único,,MOGI GUACU,SP,Não
8444428447733,"RUA VICENTE ORTIZ DE CAMARGO NETO, N. 538, CS 10 VG10",CHACARA PANTANAL ENGENHO VELHO,"Casa, 77.10 de área total, 50.90 de área privativa, 43.20 de área do terreno,  2 qto(s), a.serv, WC, 1 sala(s), cozinha, 1 vaga(s) de garagem.",241671.88,230000.0,0.0,Leilão SFI - Edital Único,,MOGI GUACU,SP,Não
8787720416128,"RUA MARLI APARECIDA LEME, N. 430, Apto 07, BL 07 TIPO A",PARQUE SAO CAMILO,"Apartamento, 87.45 de área total, 42.91 de área privativa, 0.00 de área do terreno,  2 qto(s), a.serv, WC, 1 sala(s), cozinha, 1 vaga(s) de garagem.",240667.23,224613.78,0.0,Leilão SFI - Edital Único,,MOGI GUACU,SP,Não
8787720198783,"RUA MARLI APARECIDA LEME, N. 430, Apto 205, BL 07 TIPO B",PARQUE SAO CAMILO,"Apartamento, 88.79 de área total, 43.80 de área privativa, 0.00 de área do terreno,  2 qto(s), a.serv, WC, 1 sala(s), cozinha, 1 vaga(s) de garagem.",234522.19,195000.0,0.0,Leilão SFI - Edital Único,,MOGI GUACU,SP,Não
1787701214045,"AVENIDA PEDRO BOTESI, N. 1800, Apto 43, 3 PAV T 11",JARDIM SCOMPARIM,"Apartamento, 78.92 de área total, 42.20 de área privativa, 0.00 de área do terreno,  2 qto(s), WC, 1 sala(s), cozinha.",87663.63,143599.57,38.96,Licitação Aberta,,MOGI MIRIM,SP,Não
1787701080600,"AVENIDA PEDRO BOTESI, N. 1800, Apto 41, 3° PAVIMENTO TORRE 06",JARDIM SCOMPARIM,"Apartamento, 78.92 de área total, 42.20 de área privativa, 0.00 de área do terreno,  2 qto(s), WC, 1 sala(s), cozinha, 1 vaga(s) de garagem.",118331.58,188000.0,37.06,Licitação Aberta,,MOGI MIRIM,SP,Não
1444408143188,"RUA ALBERTO DAVOLI, N. 56,",JARDIM MARIA BONATI BORDIGNON,"Casa, 165.00 de área total, 165.00 de área privativa, 220.00 de área do terreno,  3 qto(s), a.serv, WC, WC Emp, 1 sala(s), cozinha, 2 vaga(s) de garagem.",199510.15,199510.15,0.0,Leilão SFI - Edital Único,,MOGI MIRIM,SP,Não
8787708460120,"RODOVIA ELZIO MARIOTONI, N. 150, Apto 403, BL 17",JARDIM EUROPA,"Apartamento, 112.76 de área total, 42.00 de área privativa, 0.00 de área do terreno,  2 qto(s), a.serv, WC, 1 sala(s), cozinha, 1 vaga(s) de garagem.",170000.0,170000.0,0.0,Leilão SFI - Edital Único,,MOGI MIRIM,SP,Não
10309110,"RUA GAMA, N. 85, QD B  LT 06",PARAISO DA CACHOEIRA,"Casa, 0.00 de área total, 261.13 de área privativa, 5425.00 de área do terreno.",1205000.0,1205000.0,0.0,Leilão SFI - Edital Único,,MOGI MIRIM,SP,Sim
8444430913649,"RUA AMAZONAS, N. 32, CS 10 LT 09",PARQUE DAS OLIVEIRAS,"Casa, 40.46 de área total, 37.12 de área privativa, 58.58 de área do terreno,  1 qto(s), a.serv, WC, 1 sala(s), cozinha, Terraco, 1 vaga(s) de garagem.",91969.6,199000.0,53.79,Venda Online,,MONGAGUA,SP,Sim
8555507696720,"RUA SANTA IZABEL, N. 556, LT 10 QD 22",VILA N SRA DE FATIMA,"Casa, 52.68 de área total, 52.68 de área privativa, 175.00 de área do terreno.",153428.2,257000.0,40.31,Venda Direta Online,,MONGAGUA,SP,Sim
8444400079551,"RUA JOSE FERRABRAZ COSTA, N. 1050, LT 10 QD 15",AGENOR DE CAMPOS,"Casa, 86.25 de área total, 86.25 de área privativa, 137.50 de área do terreno,  2 qto(s), WC, 1 sala(s), cozinha.",147565.38,241000.0,38.77,Venda Direta Online,,MONGAGUA,SP,Não
8555513661835,"RUA ANTONIO HUMBERTO TORTURA, N. 737, QD 11",AGENOR DE CAMPOS,"Casa, 82.25 de área total, 82.25 de área privativa, 137.50 de área do terreno.",189837.12,310037.11,38.77,Venda Direta Online,,MONGAGUA,SP,Sim
8444422617718,"AVENIDA FRANCISCO FERNANDES PIRES, N. 466, LT 08 QD 07",FLORIDA MIRIM,"Casa, 60.02 de área total, 60.02 de área privativa, 157.62 de área do terreno,  2 qto(s), a.serv, WC, 1 sala(s), cozinha.",151851.52,248000.0,38.77,Licitação Aberta,,MONGAGUA,SP,Não
1444424240141,"AVENIDA AGENOR DE CAMPOS, N. 89, LT 07 QD 01",JARDIM COLUMBIA,"Casa, 68.25 de área total, 68.25 de área privativa, 142.50 de área do terreno,  2 qto(s), WC, 1 sala(s), cozinha.",141636.09,225025.18,37.06,Licitação Aberta,,MONGAGUA,SP,Não
1444412978566,"AVENIDA GOVERNADOR MARIO COVAS JUNIOR, N. 9760, Apto 13,",PLATAFORMA,"Apartamento, 0.00 de área total, 59.52 de área privativa, 0.00 de área do terreno,  1 qto(s), WC, 1 sala(s), cozinha, Terraco, 1 vaga(s) de garagem.",120219.85,191000.0,37.06,Licitação Aberta,,MONGAGUA,SP,Não
1444401876139,"AVENIDA AGENOR DE CAMPOS, N. 255, QD 03, LT 01",AGENOR DE CAMPOS,"Casa, 222.20 de área total, 94.25 de área privativa, 285.00 de área do terreno,  2 qto(s), a.serv, WC, 1 sala(s), cozinha.",348610.92,547000.0,36.27,Venda Direta Online,,MONGAGUA,SP,Sim
1444419405677,"AVENIDA GOVERNADOR MARIO COVAS JUNIOR, N. 6080, Apto 44,",JARDIM PRAIA GRANDE,"Apartamento, 106.11 de área total, 76.70 de área privativa, 0.00 de área do terreno,  2 qto(s), a.serv, WC, 1 sala(s), cozinha, Terraco, 1 vaga(s) de garagem.",282330.23,443000.0,36.27,Licitação Aberta,,MONGAGUA,SP,Sim
8444412731836,"RUA DA PRATA, N. 468, CS 02, P-LT06 QD S",FLORIDA MIRIM,"Casa, 87.75 de área total, 87.75 de área privativa, 138.00 de área do terreno,  2 qto(s), a.serv, WC, 1 sala(s), cozinha.",217324.18,341000.0,36.27,Venda Direta Online,,MONGAGUA,SP,Sim
8555506584391,"AV MIGUEL MUNHOZ BONILHA, N. 613, PARTE LT 13, QD 14",BALN PLATAFORMA II,"Casa, 0.00 de área total, 71.68 de área privativa, 149.93 de área do terreno,  2 qto(s), a.serv, WC, 1 sala(s), cozinha, 1 vaga(s) de garagem.",182146.17,182146.17,0.0,Leilão SFI - Edital Único,,MONGAGUA,SP,Não
8444408476347,"RUA PADRE  MANOEL DA NOBREGA, N. 1240, LOTE 07 QUADRA T",JARDIM PRAIA GRANDE,"Prédio, 0.00 de área total, 77.30 de área privativa, 137.50 de área do terreno.",148508.32,78091.24,0.0,Leilão SFI - Edital Único,,MONGAGUA,SP,Não
8444434185273,"RUA YOSHIO TOKIMATSU, N. 201, LT 376 QD 13",JARDIM BELA VISTA DO MIRANTE,"Casa, 98.90 de área total, 98.90 de área privativa, 125.00 de área do terreno.",114838.57,190000.0,39.56,Venda Direta Online,,MONTE ALTO,SP,Não
8444423043057,"RUA BENEDITO TERCINI, N. 620, LT 06 LT 07 QD 13",JARDIM VERA CRUZ,"Casa, 53.48 de área total, 53.48 de área privativa, 133.50 de área do terreno,  2 qto(s), a.serv, WC, 1 sala(s), cozinha.",183000.0,183000.0,0.0,Leilão SFI - Edital Único,,MONTE ALTO,SP,Não
8787712293896,"RUA LUIZ SPURIO, N. 370,",VILA FLORA,"Casa, 42.74 de área total, 42.74 de área privativa, 160.00 de área do terreno,  2 qto(s), a.serv, WC, 1 sala(s), cozinha, 1 vaga(s) de garagem.",160000.0,160000.0,0.0,Leilão SFI - Edital Único,,MONTE APRAZIVEL,SP,Não
8787714796402,"RUA MARLENE CORDEIRO DOS SANTOS, N. 250, Apto 05, TR 3",RESIDENCIAL PARQUE DO CAFE II,"Apartamento, 129.90 de área total, 47.73 de área privativa, 0.00 de área do terreno,  2 qto(s), varanda, a.serv, WC, 1 sala(s), cozinha, 1 vaga(s) de garagem.",114838.57,190000.0,39.56,Licitação Aberta,,MONTE MOR,SP,Não
8787714970895,"RUA SETE, N. 328, Apto 504, BL 19",RESIDENCIAL PARQUE DO CAFE II,"Apartamento, 74.99 de área total, 50.99 de área privativa, 0.00 de área do terreno,  2 qto(s), a.serv, WC, 1 sala(s), cozinha, 1 vaga(s) de garagem.",230000.0,230000.0,0.0,Leilão SFI - Edital Único,,MONTE MOR,SP,Não
1787702103395,"RUA AFONSO AFERRI, N. 1401, Apto 01, TORRE 39",ROSEIRA,"Apartamento, 68.85 de área total, 55.03 de área privativa, 0.00 de área do terreno,  2 qto(s), a.serv, WC, 1 sala(s), cozinha, Terraco, 1 vaga(s) de garagem.",208390.81,199000.0,0.0,Leilão SFI - Edital Único,,MONTE MOR,SP,Não
8787718084407,"RUA LAIR FRANZONI, N. 67, 00,",RESIDENCIAL ALFREDO BENEDETTI,"Casa, 45.63 de área total, 45.63 de área privativa, 200.00 de área do terreno,  2 qto(s), a.serv, WC, 1 sala(s), cozinha.",105481.84,178000.0,40.75,Venda Direta Online,,MORRO AGUDO,SP,Não
8787718084423,"RUA DORCELINO DE FIGUEIREDO, N. 66, LT 21 QD 26",RESIDENCIAL ALFREDO BENEDETTI,"Casa, 45.63 de área total, 45.63 de área privativa, 200.00 de área do terreno,  2 qto(s), a.serv, WC, 1 sala(s), cozinha.",98963.3,167000.0,40.75,Venda Direta Online,,MORRO AGUDO,SP,Não
8787718662311,"RUA AUGUSTO CEZAR MAZZA, N. 116, LT 25 QD 27 RUA 07",RESIDENCIAL ALFREDO BENEDETTI,"Casa, 45.63 de área total, 45.63 de área privativa, 200.00 de área do terreno,  2 qto(s), a.serv, WC, 1 sala(s), cozinha, 1 vaga(s) de garagem.",99555.89,168000.0,40.75,Venda Direta Online,,MORRO AGUDO,SP,Não
8787718128005,"RUA DORCELINO DE FIGUEIREDO, N. 76,",RESIDENCIAL ALFREDO BENEDETTI,"Casa, 45.63 de área total, 45.63 de área privativa, 200.00 de área do terreno,  2 qto(s), a.serv, WC, 1 sala(s), cozinha.",111816.5,185000.0,39.56,Venda Direta Online,,MORRO AGUDO,SP,Não
8787718519780,"RUA ADEVAIR BENEDETTI, N. 69, LT 02 QD 29",RESIDENCIAL ALFREDO BENEDETTI,"Casa, 45.63 de área total, 45.63 de área privativa, 200.00 de área do terreno,  2 qto(s), varanda, a.serv, WC, 1 sala(s), cozinha.",117860.63,195000.0,39.56,Venda Direta Online,,MORRO AGUDO,SP,Não
8787718660807,"RUA ALCIDES ANTONIO, N. 180, LOTE 03 QUADRA 09",RESIDENCIAL ALFREDO BENEDETTI,"Casa, 45.63 de área total, 45.63 de área privativa, 200.00 de área do terreno,  2 qto(s), a.serv, WC, 1 sala(s), cozinha.",110705.42,183161.72,39.56,Venda Online,,MORRO AGUDO,SP,Não
8787718785898,"RUA AUGUSTO CEZAR MAZZA, N. 55, QD 28 LT 09",RESIDENCIAL ALFREDO BENEDETTI,"Casa, 45.63 de área total, 45.63 de área privativa, 200.00 de área do terreno,  2 qto(s), a.serv, WC, 1 sala(s), cozinha, 1 vaga(s) de garagem.",114838.57,190000.0,39.56,Venda Direta Online,,MORRO AGUDO,SP,Não
8787719291724,"RUA AUGUSTO CEZAR MAZZA (ANTIGA RUA SETE), N. 95,",RESIDENCIAL ALFREDO BENEDETTI,"Casa, 45.63 de área total, 45.63 de área privativa, 200.00 de área do terreno,  2 qto(s), a.serv, WC, 1 sala(s), cozinha.",114838.57,190000.0,39.56,Venda Direta Online,,MORRO AGUDO,SP,Não
8787718661137,"RUA AUGUSTO CEZAR MAZZA, N. 126, LT 26 QD 27 ANTIGA RUA 07",RESIDENCIAL ALFREDO BENEDETTI,"Casa, 45.63 de área total, 45.63 de área privativa, 200.00 de área do terreno,  2 qto(s), varanda, a.serv, WC, 1 sala(s), cozinha.",193228.91,175391.04,0.0,Leilão SFI - Edital Único,,MORRO AGUDO,SP,Não
8787719290582,"RUA AUGUSTO CEZAR MAZZA, N. 46, LT 18 QD 27 ANTIGA RUA 07",RESIDENCIAL ALFREDO BENEDETTI,"Casa, 45.63 de área total, 45.63 de área privativa, 200.00 de área do terreno,  2 qto(s), a.serv, WC, 1 sala(s), cozinha.",192958.97,160000.0,0.0,Leilão SFI - Edital Único,,MORRO AGUDO,SP,Não
8444425517609,"RUA ANANIAS MARIA DE JESUS, N. SN, QD D LT 15B",JARDIM ARRUDA,"Terreno, 62.49 de área total, 0.00 de área privativa, 125.00 de área do terreno,  2 qto(s), a.serv, WC, 1 sala(s), cozinha.",104805.29,204000.0,48.63,Venda Direta Online,,NARANDIBA,SP,Não
8444437676677,"RUA MARIA ROSA DOS S SOUZA ANTIGA 04, N. SN, QD G LT 21",RESIDENCIAL IPE,"Terreno, 0.00 de área total, 0.00 de área privativa, 250.00 de área do terreno.",197041.7,90000.0,0.0,Leilão SFI - Edital Único,,NARANDIBA,SP,Não
8444425553583,"RUA ANTONIO LAPA, N. 370, CS 25",CONJUNTO HABITACIONAL ALLIM BASSIT,"Casa, 35.72 de área total, 35.72 de área privativa, 235.22 de área do terreno,  1 qto(s).",84892.14,145000.0,41.46,Venda Direta Online,,NEVES PAULISTA,SP,Não
8444423359470,"RUA FRANCISCO VIUDES GARCIA, N. 187, LT 12 QD H",JARDIM NATHA,"Casa, 65.65 de área total, 65.65 de área privativa, 125.00 de área do terreno,  2 qto(s), a.serv, WC, 1 sala(s), cozinha, 1 vaga(s) de garagem.",180000.0,180000.0,0.0,Leilão SFI - Edital Único,,NEVES PAULISTA,SP,Não
8787703088800,"RUA ANDRE FIRMINO DO AMARAL, N. 280, QD B, LT 03",RESIDENCIAL ALTO DAS PAINEIRAS,"Casa, 50.42 de área total, 50.42 de área privativa, 180.00 de área do terreno.",80656.4,156000.0,48.3,Venda Direta Online,,NOVA INDEPENDENCIA,SP,Não
1444418696260,"RUA DOUTORA RENATA CARVALHO ARJONAS, N. SN, LT 06, QD 01",JARDIM RECANTO DAS AGUAS,"Casa, 352.49 de área total, 352.49 de área privativa, 308.00 de área do terreno,  3 qto(s), a.serv, WC, 1 sala(s), cozinha.",1028188.16,1871000.0,45.05,Venda Direta Online,,NOVA ODESSA,SP,Não
1444419132050,"RUA RIO ATIBAIA, N. 852, LT 32, QD D",CHACARAS DE RECREIO REPRESA,"Casa, 136.16 de área total, 136.16 de área privativa, 10000.00 de área do terreno,  2 qto(s), a.serv, WC, 1 sala(s), cozinha.",764777.16,1200000.0,36.27,Venda Direta Online,,NOVA ODESSA,SP,Não
8444429535423,"RUA JOAO MENDES THEOTONIO, N. SN, LT 27 QD F",JARDIM MANGALARGA,"Terreno, 56.00 de área total, 0.00 de área privativa, 250.00 de área do terreno,  2 qto(s), WC, 1 sala(s), cozinha.",82559.68,141016.05,41.46,Venda Direta Online,,NOVO HORIZONTE,SP,Não
8444404216715,"RUA JOAO SABAINI, N. 83, LT 05 QD 07",JARDIM BRASILIA,"Casa, 52.32 de área total, 52.32 de área privativa, 200.00 de área do terreno.",76464.05,132000.0,42.08,Licitação Aberta,,NUPORANGA,SP,Não
8444422019268,"RUA JOSE SANTANA, N. 1638, LT 14 QD 04",RESIDENCIAL PAZIANOTTO,"Casa, 62.13 de área total, 62.13 de área privativa, 200.00 de área do terreno.",120882.7,200000.0,39.56,Venda Direta Online,,ONDA VERDE,SP,Não
1444407222599,"RUA DEZESSEIS, N. 532-A, LT 26 A QD 7",SAO JOAQUIM DA BARRA,"Casa, 0.00 de área total, 221.30 de área privativa, 156.70 de área do terreno.",376596.07,340000.0,0.0,Leilão SFI - Edital Único,,ORLANDIA,SP,Não
8555536530834,"RUA PERNAMBUCANA, N. 350, Apto 46, TORRE 02",CARAPICUIBA,"Apartamento, 87.09 de área total, 43.94 de área privativa, 0.00 de área do terreno, 1 vaga(s) de garagem.",113025.32,187000.0,39.56,Licitação Aberta,,OSASCO,SP,Não
8787713927988,"AVENIDA SARAH VELOSO, N. 1681, Apto 709, TORRE 01",SANTO ANTONIO,"Apartamento, 55.13 de área total, 36.38 de área privativa, 0.00 de área do terreno,  2 qto(s), a.serv, WC, 1 sala(s), cozinha.",156749.95,256000.0,38.77,Licitação Aberta,,OSASCO,SP,Não
1444403603903,"ESTRADA DAS ROSAS, N. 560, Apto 33, BL 01",SANTA MARIA,"Apartamento, 76.72 de área total, 41.89 de área privativa, 0.00 de área do terreno,  2 qto(s), a.serv, WC, 1 sala(s), cozinha, 1 vaga(s) de garagem.",98199.1,159000.0,38.24,Licitação Aberta,,OSASCO,SP,Não
8787713616370,"RUA ANDRE ROVAI, N. 366, Apto 409, ALA B",BONFIM,"Apartamento, 33.16 de área total, 24.00 de área privativa, 0.00 de área do terreno,  1 qto(s), WC, 1 sala(s), cozinha.",163554.96,182000.0,10.14,Leilão SFI - Edital Único,,OSASCO,SP,Não
8555515913840,"RUA JOAO ALVES PEDROSO, N. 67, Apto 13, BL 4",CHACARAS DA FAZENDIN,"Apartamento, 84.31 de área total, 50.04 de área privativa, 0.00 de área do terreno,  2 qto(s), WC, 1 sala(s), cozinha, 1 vaga(s) de garagem.",191000.0,191000.0,0.0,Leilão SFI - Edital Único,,OSASCO,SP,Não
8787708852061,"PASSAGEM ROSANGELA DONATA DE OLIVEIRA, N. 148, Apto 144, TORRE 02",OLARIA PIRATININGA,"Apartamento, 78.82 de área total, 41.91 de área privativa, 0.00 de área do terreno,  2 qto(s), WC, 1 sala(s), cozinha, 1 vaga(s) de garagem.",247000.0,247000.0,0.0,Leilão SFI - Edital Único,,OSASCO,SP,Não
8787706700221,"RUA PATRICIO DE CAMARGO, N. 62, Apto 143, TIPO 2  14 ANDAR",HELENA MARIA,"Apartamento, 92.75 de área total, 44.73 de área privativa, 0.00 de área do terreno,  2 qto(s), a.serv, WC, 1 sala(s), cozinha, 1 vaga(s) de garagem.",385000.0,385000.0,0.0,Leilão SFI - Edital Único,,OSASCO,SP,Não
8555539447636,"RUA JOAO CARLOS MUNHOZ VAQUERO, N. 345, Apto 53, T 02",NOVO OSASCO,"Apartamento, 99.32 de área total, 46.50 de área privativa, 0.00 de área do terreno,  2 qto(s), WC, 1 sala(s), cozinha, 1 vaga(s) de garagem.",258000.0,258000.0,0.0,Leilão SFI - Edital Único,,OSASCO,SP,Não
8787705698010,"RUA JUBAIR CELESTINO, N. 195, Apto 52, TORRE 1 LOT PQ INDUSTRIAL DE OSASCO",PRESIDENTE ALTINO,"Apartamento, 66.11 de área total, 35.00 de área privativa, 0.00 de área do terreno,  2 qto(s), WC, 1 sala(s), cozinha, 1 vaga(s) de garagem.",257000.0,257000.0,0.0,Leilão SFI - Edital Único,,OSASCO,SP,Não
8555538235643,"RUA PERNAMBUCANA, N. 360, Apto 202, TORRE 02",CONCEICAO,"Apartamento, 81.69 de área total, 48.59 de área privativa, 0.00 de área do terreno,  2 qto(s), a.serv, WC, 1 sala(s), cozinha, 1 vaga(s) de garagem.",354000.0,354000.0,0.0,Leilão SFI - Edital Único,,OSASCO,SP,Não
8787702094742,"RUA OLIVIO BASILIO MARCAL, N. 490, Apto 123, PAV 12  BL 01",SAO PEDRO,"Apartamento, 96.29 de área total, 48.77 de área privativa, 0.00 de área do terreno,  2 qto(s), a.serv, WC, 1 sala(s), cozinha, 1 vaga(s) de garagem.",277000.0,277000.0,0.0,Leilão SFI - Edital Único,,OSASCO,SP,Não
8444405091878,"VIA TRANSVERSAL SUL, N. 130, Apto 42, BL F",NOVO OSASCO,"Apartamento, 52.16 de área total, 45.50 de área privativa, 0.00 de área do terreno,  2 qto(s), a.serv, WC, 1 sala(s), cozinha, 1 vaga(s) de garagem.",203159.02,200000.0,0.0,Leilão SFI - Edital Único,,OSASCO,SP,Não
8787713710334,"RUA ANDRE ROVAI, N. 366, Apto 605, 6 PAVIMENTO  ALA C  HIS",BONFIM,"Apartamento, 33.41 de área total, 24.18 de área privativa, 0.00 de área do terreno,  1 qto(s), WC, 1 sala(s), cozinha.",189687.77,185000.0,0.0,Leilão SFI - Edital Único,,OSASCO,SP,Não
1787701701604,"AVENIDA SARAH VELOSO, N. 1681, Apto 906, TR 01 9 PAV",VELOSO,"Apartamento, 67.58 de área total, 36.38 de área privativa, 0.00 de área do terreno,  2 qto(s), WC, 1 sala(s), cozinha, 1 vaga(s) de garagem.",252349.95,245000.0,0.0,Leilão SFI - Edital Único,,OSASCO,SP,Não
1444423349247,"ALAMEDA GUAPURUVU, N. 115, LT 26 QD 4",ADALGISA,"Casa, 351.86 de área total, 351.86 de área privativa, 384.00 de área do terreno,  4 qto(s), a.serv, WC, WC Emp, 3 sala(s), 1 lavabo(s), DCE, cozinha.",4218827.5,4090000.0,0.0,Leilão SFI - Edital Único,,OSASCO,SP,Não
8444416036814,"RUA JUAN VICENTE, N. 482, Apto 66, PAV 6 BL 18 ED ROUXINOL",BANDEIRAS,"Apartamento, 138.84 de área total, 54.87 de área privativa, 0.00 de área do terreno,  2 qto(s), a.serv, WC, cozinha, 1 vaga(s) de garagem.",219327.95,210000.0,0.0,Leilão SFI - Edital Único,,OSASCO,SP,Não
8555527467564,"AVENIDA JOAO PAULO II, N. 180, Apto 41, BLOCO 3",SAO PEDRO,"Apartamento, 91.22 de área total, 39.52 de área privativa, 0.00 de área do terreno,  2 qto(s), WC, 1 sala(s), cozinha, 1 vaga(s) de garagem.",215903.66,175000.0,0.0,Leilão SFI - Edital Único,,OSASCO,SP,Não
8444430996595,"RUA JOAO ROMANO, N. 115, LOTE 13, QUADRA S",CONJUNTO HABITACIONAL ALBERTO LANG,"Casa, 66.32 de área total, 66.32 de área privativa, 200.00 de área do terreno,  2 qto(s), a.serv, WC, 1 sala(s), cozinha, 2 vaga(s) de garagem.",71532.98,133500.0,46.42,Venda Online,,OSVALDO CRUZ,SP,Não
8787718022592,"RUA LUIZ TESTA, N. 156, LT 15 QD G1",OURINHOS CONSTANTE II,"Casa, 43.85 de área total, 43.85 de área privativa, 160.00 de área do terreno,  2 qto(s), varanda, a.serv, WC, 1 sala(s), cozinha, 1 vaga(s) de garagem.",106667.03,180000.0,40.75,Venda Direta Online,,OURINHOS,SP,Não
8787713148229,"RUA LOURENCO JORGE, N. 495, Apto 1042, BL 10 BOX 177",VILA SAO LUIZ,"Apartamento, 78.27 de área total, 43.97 de área privativa, 0.00 de área do terreno,  2 qto(s), WC, 1 sala(s), cozinha, 1 vaga(s) de garagem.",126926.84,210000.0,39.56,Licitação Aberta,,OURINHOS,SP,Não
8787714080423,"RUA LOURENCO JORGE, N. 495, Apto 1133, PAV 3 BL 11",VILA SAO LUIZ,"Apartamento, 90.77 de área total, 56.47 de área privativa, 0.00 de área do terreno,  2 qto(s), a.serv, WC, 1 sala(s), cozinha, 1 vaga(s) de garagem.",120882.7,200000.0,39.56,Venda Online,,OURINHOS,SP,Não
8787718773270,"RUA LUCINEIA DA SILVA ARAUJO, N. 364, LT 8 QD J1",OURINHOS CONSTANTE II,"Casa, 43.85 de área total, 43.85 de área privativa, 160.00 de área do terreno,  2 qto(s), varanda, a.serv, WC, 1 sala(s), cozinha, 1 vaga(s) de garagem.",114838.57,190000.0,39.56,Venda Direta Online,,OURINHOS,SP,Não
8444407183478,"RUA JOSE FLORENCIO, N. 143, PARTE LTS 17 18 QD 06",JARDIM JOSEFINA,"Casa, 59.74 de área total, 59.74 de área privativa, 300.00 de área do terreno,  1 qto(s), a.serv, WC, 1 sala(s), cozinha.",174000.0,174000.0,0.0,Leilão SFI - Edital Único,,OURINHOS,SP,Não
8787717423186,"RUA LUIZ TESTA, N. 286, LT 11 QD M1",OURINHOS CONSTANTE II,"Casa, 43.85 de área total, 43.85 de área privativa, 160.00 de área do terreno,  2 qto(s), a.serv, WC, 1 sala(s), cozinha, 1 vaga(s) de garagem.",185255.66,185000.0,0.0,Leilão SFI - Edital Único,,OURINHOS,SP,Não
8787713526584,"RUA LOURENCO JORGE, N. 450, Apto 533, BL 5",VILA SAO LUIZ,"Apartamento, 0.00 de área total, 43.97 de área privativa, 0.00 de área do terreno,  2 qto(s), a.serv, WC, 1 sala(s), cozinha, 1 vaga(s) de garagem.",192475.44,190000.0,0.0,Leilão SFI - Edital Único,,OURINHOS,SP,Não
8787712253363,"RUA LAURO ZIMMERMANN FILHO, N. 200, CS 01 QD 05",FAZENDA SANTA MARIA,"Casa, 44.32 de área total, 43.51 de área privativa, 137.61 de área do terreno,  2 qto(s), a.serv, WC, 1 sala(s), cozinha, 1 vaga(s) de garagem.",173340.31,170000.0,0.0,Leilão SFI - Edital Único,,OURINHOS,SP,Não
8787714711571,"RUA LAURO ZIMMERMANN FILHO, N. 200, CS 21 QD16",JARDIM ITAMARATY,"Casa, 293.12 de área total, 43.51 de área privativa, 137.90 de área do terreno,  2 qto(s), a.serv, WC, 1 sala(s), cozinha, 1 vaga(s) de garagem.",188391.59,180000.0,0.0,Leilão SFI - Edital Único,,OURINHOS,SP,Não
8787718117810,"RUA ROBERTO GANDOLPHO CONSTANTE, N. 984, LT 14 QD F1 ANTIGA RUA 04",OURINHOS CONSTANTE II,"Casa, 43.85 de área total, 43.85 de área privativa, 160.00 de área do terreno,  2 qto(s), varanda, a.serv, WC, 1 sala(s), cozinha, 1 vaga(s) de garagem.",201957.13,160000.0,0.0,Leilão SFI - Edital Único,,OURINHOS,SP,Não
8444420137310,"RUA IGUAÇU, N. 571, LT 03 QD 130",NOVA ESPERANCA,"Casa, 57.20 de área total, 57.20 de área privativa, 225.00 de área do terreno,  2 qto(s), a.serv, WC, 1 sala(s), cozinha.",80807.6,168000.0,51.91,Venda Online,,OURO VERDE,SP,Sim
8444433166860,"RUA MARANHAO, N. SN, LT 04 QD 112",INDUSTRIAL,"Terreno, 0.00 de área total, 0.00 de área privativa, 200.00 de área do terreno.",178102.63,58000.0,0.0,Leilão SFI - Edital Único,,OURO VERDE,SP,Não
8444426293496,"RUA ANTONIO CHELLA SOBRINHO, N. SN, QD 12, LT 05",JARDIM DO BOSQUE 2,"Terreno, 34.14 de área total, 0.00 de área privativa, 200.00 de área do terreno,  1 qto(s), a.serv, WC, 1 sala(s), cozinha.",97778.11,165000.0,40.75,Venda Direta Online,,PALESTINA,SP,Não
1090100000267,"RUA MANOEL ADEMAR CACAO, N. 1696,",JARDIM ALVORADA,"Casa, 125.55 de área total, 125.55 de área privativa, 402.62 de área do terreno,  3 qto(s), a.serv, WC, 1 sala(s), cozinha, 2 vaga(s) de garagem.",388000.0,388000.0,0.0,Leilão SFI - Edital Único,,PARAGUACU PAULISTA,SP,Não
8444422141390,"AVENIDA PEDRO PENARIOL, N. SN, LT 17B",CENTRO,"Terreno, 0.00 de área total, 0.00 de área privativa, 150.00 de área do terreno.",30207.35,52000.0,41.91,Licitação Aberta,,PARAISO,SP,Não
10214122,"RUA 128, N. 00, QD JK, LT 25",NINHO VERDE II,"Terreno, 0.00 de área total, 0.00 de área privativa, 420.00 de área do terreno.",90908.33,181000.0,49.78,Venda Direta Online,,PARDINHO,SP,Não
1444418436587,"RUA 162, N. SN, LT 25 QD IP",NINHO VERDE II,"Terreno, 0.00 de área total, 0.00 de área privativa, 450.00 de área do terreno.",52843.67,87500.0,39.61,Venda Direta Online,,PARDINHO,SP,Não
1444418182348,"RUA 1, N. SN, LT 19 QD AI",NINHO VERDE II,"Casa, 221.88 de área total, 221.88 de área privativa, 396.12 de área do terreno,  4 qto(s), a.serv, WC, 2 sala(s), 1 lavabo(s).",414254.3,650000.0,36.27,Licitação Aberta,,PARDINHO,SP,Sim
10221515,"RUA MONSENHOR EMILIO JOSE SALIM, N. SN, QD B  LT 27",VILA BRESSANI,"Terreno, 0.00 de área total, 0.00 de área privativa, 290.70 de área do terreno.",370000.0,370000.0,0.0,Leilão SFI - Edital Único,,PAULINIA,SP,Não
8787703697254,"RUA FRANCISCO BRAZ DO PRADO, N. 1040, Apto 33, TORRE 04",PARQUE BOM RETIRO,"Apartamento, 0.00 de área total, 49.27 de área privativa, 0.00 de área do terreno,  2 qto(s), a.serv, WC, 1 sala(s), cozinha.",195320.0,195320.0,0.0,Leilão SFI - Edital Único,,PAULINIA,SP,Não
8787706208939,"RUA FRANCISCO BRAZ DO PRADO, N. 1090, Apto 45, TORRE 02",PARQUE BOM RETIRO,"Apartamento, 0.00 de área total, 49.27 de área privativa, 0.00 de área do terreno,  2 qto(s), WC, 1 sala(s), cozinha, 1 vaga(s) de garagem.",186000.0,186000.0,0.0,Leilão SFI - Edital Único,,PAULINIA,SP,Não
1444418507506,"RUA INUIBA, N. SN, LT 39 QD 32",SAO BENTO,"Terreno, 0.00 de área total, 0.00 de área privativa, 200.00 de área do terreno.",613374.81,228317.0,0.0,Leilão SFI - Edital Único,,PAULINIA,SP,Sim
8555504947128,"RUA JOSE RUIZ CORRAL, N. S-308, QD 09 LT 01",NUCLEO HABITACIONAL ANTONIO FACIOLO,"Casa, 0.00 de área total, 40.61 de área privativa, 299.74 de área do terreno,  2 qto(s), WC, 1 sala(s), cozinha.",145284.03,145284.03,0.0,Leilão SFI - Edital Único,,PEDERNEIRAS,SP,Não
8787720136931,"RUA FARID RAZUK, N. O-443,",RESIDENCIAL BOSQUE DOS IPES,"Casa, 47.84 de área total, 47.84 de área privativa, 180.00 de área do terreno,  2 qto(s), a.serv, WC, 1 sala(s), cozinha, 1 vaga(s) de garagem.",190462.03,182558.22,0.0,Leilão SFI - Edital Único,,PEDERNEIRAS,SP,Não
10311519,"RUA GUMERCINDO FAGUNDES, N. 263, QD N, LT 5",COLINAS DE SAO PEDRO,"Casa, 0.00 de área total, 404.19 de área privativa, 671.18 de área do terreno.",2502748.7,2502748.7,0.0,Leilão SFI - Edital Único,,PEDREIRA,SP,Sim
10004144,"AVENIDA SALIN JOSE SAYEG, INÍCIO A 10,65 M DA R. AMAZONAS",PARQUE SAO LUIZ,"Terreno, 0.00 de área total, 0.00 de área privativa, 555.67 de área do terreno.",176812.49,540000.0,67.26,Venda Direta Online,,PENAPOLIS,SP,Não
8444436480680,"RUA NOVE-A, N. 340, LT 20 QD W",CONJUNTO HABITACIONAL SILVIA COVAS,"Casa, 39.81 de área total, 39.81 de área privativa, 196.80 de área do terreno,  2 qto(s), a.serv, WC, 1 sala(s), cozinha, 1 vaga(s) de garagem.",76464.05,132000.0,42.08,Licitação Aberta,,PENAPOLIS,SP,Não
8787716282376,"AVENIDA MARGINA ANTONIO GALVAO DE ARRUDA, N. 2200, CS 19 QD C",RESIDENCIAL MAIS SOLAR PENAPOLIS I,"Casa, 44.82 de área total, 44.82 de área privativa, 140.00 de área do terreno,  2 qto(s), a.serv, WC, 1 sala(s), cozinha, 1 vaga(s) de garagem.",101926.27,172000.0,40.75,Venda Direta Online,,PENAPOLIS,SP,Não
8787718200245,"AVENIDA MARGINA ANTONIO GALVAO DE ARRUDA, N. 2200, QD E CS 26",RESIDENCIAL MAIS SOLAR PENAPOLIS I,"Casa, 44.82 de área total, 44.82 de área privativa, 140.00 de área do terreno,  2 qto(s), a.serv, WC, 1 sala(s), cozinha, 1 vaga(s) de garagem.",94815.14,160000.0,40.75,Venda Direta Online,,PENAPOLIS,SP,Não
8787719625487,"AVENIDA MARGINA ANTONIO GALVAO DE ARRUDA, N. 2200, CASA 09, QD C",RESIDENCIAL MAIS SOLAR PENAPOLIS I,"Casa, 44.82 de área total, 44.82 de área privativa, 140.00 de área do terreno,  2 qto(s), a.serv, WC, 1 sala(s), cozinha.",101926.27,172000.0,40.75,Venda Direta Online,,PENAPOLIS,SP,Não
8787720868479,"AVENIDA MARGINA ANTONIO GALVAO DE ARRUDA, N. 2200, CS 27 QD F",RESIDENCIAL MAIS SOLAR PENAPOLIS I,"Casa, 49.53 de área total, 49.53 de área privativa, 140.00 de área do terreno,  2 qto(s), a.serv, WC, 1 sala(s), cozinha, 2 vaga(s) de garagem.",100741.08,170000.0,40.75,Venda Direta Online,,PENAPOLIS,SP,Não
8787719706010,"AVENIDA MARGINAL ANTONIO GALVAO DE ARRUDA, N. 2200, CASA 11, QUADRA D",RESIDENCIAL PITANGUEIRAS,"Casa, 44.82 de área total, 44.82 de área privativa, 140.00 de área do terreno,  2 qto(s), a.serv, WC, 1 sala(s), cozinha.",106667.03,180000.0,40.75,Venda Direta Online,,PENAPOLIS,SP,Não
8787716699838,"AVENIDA MARGINA ANTONIO GALVAO DE ARRUDA, N. 2200, CS 32, QD E",RESIDENCIAL MAIS SOLAR PENAPOLIS I,"Casa, 49.53 de área total, 44.82 de área privativa, 140.00 de área do terreno,  2 qto(s), a.serv, WC, 1 sala(s), cozinha.",114838.57,190000.0,39.56,Venda Direta Online,,PENAPOLIS,SP,Não
8787712226013,"AVENIDA ISAIAS DOS SANTOS MATEUS, N. 469,",RESIDENCIAL JOSE ANTONIO SACOMANI,"Casa, 43.92 de área total, 43.92 de área privativa, 250.00 de área do terreno,  2 qto(s), a.serv, WC, 1 sala(s), cozinha, 1 vaga(s) de garagem.",133353.97,130000.0,0.0,Leilão SFI - Edital Único,,PENAPOLIS,SP,Não
8444432044222,"RUA ABDIAS BATISTA DE SOUZA, N. 3951, LT 15 QD 14",CONJUNTO HABITACIONAL APOLINARIO PIRES,"Casa, 39.56 de área total, 39.56 de área privativa, 126.05 de área do terreno,  2 qto(s), a.serv, WC, 1 sala(s), cozinha.",98786.44,190000.0,48.01,Venda Direta Online,,PEREIRA BARRETO,SP,Não
8444430116889,"RUA FRANCISCO PLINIO NOVAES, N. 4032, LT 04 QD 01",TEOTONIO BRANDAO VILELA,"Casa, 40.41 de área total, 40.41 de área privativa, 200.00 de área do terreno,  2 qto(s), a.serv, WC, 1 sala(s), cozinha.",75305.5,130000.0,42.08,Licitação Aberta,,PEREIRA BARRETO,SP,Não
8444433371510,"RUA MARECHAL DEODORO, N. 546, LT 11A QD A",VILA FLORIANO,"Casa, 69.30 de área total, 69.30 de área privativa, 170.00 de área do terreno,  2 qto(s), a.serv, WC, 1 sala(s), cozinha.",106667.03,180000.0,40.75,Licitação Aberta,,PEREIRA BARRETO,SP,Não
8444432205471,"RUA CONSELHEIRO RUI BARBOSA, N. 446, QD 05 LT 19B",VILA CARVALHO,"Casa, 60.00 de área total, 60.00 de área privativa, 125.00 de área do terreno,  1 qto(s), a.serv, WC, 1 sala(s), cozinha.",94815.14,160000.0,40.75,Licitação Aberta,,PEREIRA BARRETO,SP,Não
8444437159796,"RUA ANTONIO FRANCISCO XAVIER, N. 1179,",JARDIM TOKIO I,"Casa, 69.30 de área total, 69.30 de área privativa, 125.00 de área do terreno,  2 qto(s), a.serv, WC, 1 sala(s), cozinha.",100741.08,170000.0,40.75,Venda Direta Online,,PEREIRA BARRETO,SP,Não
8059960303263,"RUA GUANABARA, N. 1962, LT 19 QD UNICA",JARDIM PROGRESSO,"Casa, 0.00 de área total, 131.45 de área privativa, 455.00 de área do terreno.",73583.88,123000.0,40.18,Venda Direta Online,,PEREIRA BARRETO,SP,Não
8444438572786,"RUA PARA, N. 606, GL B",JARDIM PLANALTO,"Casa, 69.30 de área total, 56.00 de área privativa, 150.00 de área do terreno,  2 qto(s), WC, 1 sala(s), cozinha.",111816.5,185000.0,39.56,Licitação Aberta,,PEREIRA BARRETO,SP,Não
1444405133980,"R 25, N. 13, QD 48",JARDIM SAO  LUIS,"Terreno, 0.00 de área total, 0.00 de área privativa, 360.00 de área do terreno.",71789.15,120000.0,40.18,Venda Online,,PERUIBE,SP,Não
1444405478731,"RUA GOVERNADOR MARIO COVAS JUNIOR, N. 81,  LOTES 25,26 E 27 QD 22, GLEBA 2",CID. BALN. PERUIBE,"Comercial, 0.00 de área total, 738.95 de área privativa, 1080.00 de área do terreno.",1816345.76,2850000.0,36.27,Venda Online,,PERUIBE,SP,Não
1444420766130,"RUA TUCURUVI, N. 219, LT 03 QD 61",CENTRO,"Casa, 297.70 de área total, 297.70 de área privativa, 480.00 de área do terreno, 5 vaga(s) de garagem.",1140000.0,1140000.0,0.0,Leilão SFI - Edital Único,,PERUIBE,SP,Não
1444404956940,"RUA PINHEIRO MACHADO, N. 50, CS 01, QD 59",JARDIM RIBAMAR,"Casa, 86.52 de área total, 86.52 de área privativa, 159.25 de área do terreno,  2 qto(s), a.serv, WC, 1 sala(s), cozinha.",209000.0,209000.0,0.0,Venda Direta Online,,PERUIBE,SP,Sim
8787714992880,"RUA IMPERATRIZ LEOPOLDINA, N. 129, Apto 302, BLOCO 14 VAGA 186",LOTEAMENTO JARDIM ANA MARIA,"Apartamento, 85.73 de área total, 39.30 de área privativa, 0.00 de área do terreno,  2 qto(s), WC, 1 sala(s), cozinha, 1 vaga(s) de garagem.",108487.84,205134.58,47.12,Venda Online,,PINDAMONHANGABA,SP,Não
8555537150350,"AVENIDA MONSENHOR JOAO JOSE DE AZEVEDO, N. 462, Apto 103, BLOCO 11",CRISPIM,"Apartamento, 114.92 de área total, 43.99 de área privativa, 0.00 de área do terreno,  2 qto(s), a.serv, WC, 1 sala(s), cozinha, 1 vaga(s) de garagem.",101544.37,171355.54,40.75,Licitação Aberta,,PINDAMONHANGABA,SP,Não
8787718394830,"AVENIDA JOAO FRANCISCO DA SILVA, N. 2620, Apto 18, BL D",FEITAL,"Apartamento, 88.62 de área total, 49.99 de área privativa, 0.00 de área do terreno,  2 qto(s), a.serv, WC, 1 sala(s), cozinha, 1 vaga(s) de garagem.",96000.33,162000.0,40.75,Licitação Aberta,,PINDAMONHANGABA,SP,Não
8444414322470,"RUA JORGE SALUM MIGUEL, N. 24,",CONJUNTO RESIDENCIAL ARARETAMA,"Casa, 51.94 de área total, 51.94 de área privativa, 125.00 de área do terreno,  1 qto(s).",121831.66,201570.05,39.56,Licitação Aberta,,PINDAMONHANGABA,SP,Não
8787709114412,"RUA CONEGO JOAO ANTONIO DA COSTA BUENO, N. 390, Apto 04, BL 22",SANTANA,"Apartamento, 84.15 de área total, 39.30 de área privativa, 0.00 de área do terreno,  2 qto(s), WC, 1 sala(s), cozinha, 1 vaga(s) de garagem.",130301.92,215584.07,39.56,Licitação Aberta,,PINDAMONHANGABA,SP,Não
8787714787462,"RUA IMPERATRIZ LEOPOLDINA, N. 129, Apto 201, BL 11 VAGA DE GARAGEM 175",SANTANA,"Apartamento, 85.73 de área total, 39.30 de área privativa, 0.00 de área do terreno,  2 qto(s), WC, 1 sala(s), cozinha, 1 vaga(s) de garagem.",117860.63,195000.0,39.56,Licitação Aberta,,PINDAMONHANGABA,SP,Não
8787715400502,"RUA IMPERATRIZ LEOPOLDINA, N. 129, Apto 101, BL 12 VGS 212 M25",LOTEAMENTO JARDIM ANA MARIA,"Apartamento, 87.91 de área total, 39.30 de área privativa, 0.00 de área do terreno,  2 qto(s), a.serv, WC, 1 sala(s), cozinha, Terraco, 1 vaga(s) de garagem.",119673.87,198000.0,39.56,Licitação Aberta,,PINDAMONHANGABA,SP,Não
8555540143998,"AVENIDA MONSENHOR JOAO JOSE DE AZEVEDO, N. 462, Apto 404, 3º ANDAR BL 24, VG Nº 391",CRISPIM,"Apartamento, 87.96 de área total, 44.01 de área privativa, 0.00 de área do terreno,  2 qto(s), WC, 1 sala(s), cozinha, 1 vaga(s) de garagem.",149157.38,243600.0,38.77,Venda Direta Online,,PINDAMONHANGABA,SP,Não
8555533179982,"RUA LECTICIA BONONCINI SANTOS, N. 1739, Apto 15,  BL 08",RESIDENCIAL E COMERCIAL CIDADE MORUMBI,"Apartamento, 62.52 de área total, 44.70 de área privativa, 0.00 de área do terreno,  2 qto(s), WC, 1 sala(s), cozinha, 1 vaga(s) de garagem.",168700.0,168700.0,0.0,Leilão SFI - Edital Único,,PINDAMONHANGABA,SP,Não
8787708854277,"AVENIDA JOSE MARIA GUIMARAES ALVES, N. 150, Apto AP 10, BL 15",ALTO DO CARDOSO,"Apartamento, 97.13 de área total, 45.69 de área privativa, 0.00 de área do terreno,  1 qto(s), WC, 1 sala(s), cozinha, 1 vaga(s) de garagem.",189000.0,189000.0,0.0,Leilão SFI - Edital Único,,PINDAMONHANGABA,SP,Não
8787716079163,"AVENIDA JOAO FRANCISCO DA SILVA, N. 2620, Apto 26, BL C",FEITAL,"Apartamento, 89.30 de área total, 50.43 de área privativa, 0.00 de área do terreno,  2 qto(s), varanda, a.serv, WC, 1 sala(s), cozinha, 1 vaga(s) de garagem.",188619.43,188619.43,0.0,Leilão SFI - Edital Único,,PINDAMONHANGABA,SP,Não
8787713097640,"RUA IMPERATRIZ LEOPOLDINA, N. 129, Apto 04, TERREO BL 03 VG 161 PNE",LOTEAMENTO JARDIM ANA MARIA,"Apartamento, 88.07 de área total, 39.30 de área privativa, 0.00 de área do terreno,  2 qto(s), WC, 1 sala(s), cozinha, 1 vaga(s) de garagem.",190000.0,190000.0,0.0,Leilão SFI - Edital Único,,PINDAMONHANGABA,SP,Não
10300975,"AVENIDA ANTONIO FERNANDES, N. 00, Qd A, Lt 01",RESIDENCIAL E COMERCIAL VIVER MELHOR PIN,"Gleba, 0.00 de área total, 0.00 de área privativa, 13584.00 de área do terreno.",3312000.0,3312000.0,0.0,Leilão SFI - Edital Único,,PINDAMONHANGABA,SP,Sim
8787702414097,"AVENIDA JOSE MARIA GUIMARAES ALVES, N. 150, Apto 105, TERREO BL 10 VG 375",ALTO DO CARDOSO,"Apartamento, 100.18 de área total, 47.31 de área privativa, 0.00 de área do terreno,  2 qto(s), WC, 1 sala(s), cozinha, 1 vaga(s) de garagem.",163508.44,160000.0,0.0,Leilão SFI - Edital Único,,PINDAMONHANGABA,SP,Não
8787712683414,"RUA IMPERATRIZ LEOPOLDINA, N. 129, Apto 01, BL 09",SANTANA,"Apartamento, 58.18 de área total, 39.30 de área privativa, 0.00 de área do terreno,  2 qto(s), a.serv, WC, 1 sala(s), cozinha, 1 vaga(s) de garagem.",176628.67,166000.0,0.0,Leilão SFI - Edital Único,,PINDAMONHANGABA,SP,Não
8787717636961,"RUA ADELIA F. PIRES DE OLIVEIRA ANTIGA RUA TREZE, N. 289,",FEITAL,"Casa, 43.85 de área total, 43.85 de área privativa, 175.20 de área do terreno,  2 qto(s), a.serv, WC, 1 sala(s), cozinha, 1 vaga(s) de garagem.",205723.78,192000.0,0.0,Leilão SFI - Edital Único,,PINDAMONHANGABA,SP,Não
8787716030059,"AVENIDA JOAO FRANCISCO DA SILVA, N. 2620, Apto 41, BL C",FEITAL,"Apartamento, 87.90 de área total, 49.53 de área privativa, 0.00 de área do terreno,  2 qto(s), varanda, a.serv, WC, 1 sala(s), cozinha, 1 vaga(s) de garagem.",178312.64,160000.0,0.0,Leilão SFI - Edital Único,,PINDAMONHANGABA,SP,Não
8787716896390,"RUA JOSE CRUZ DA SILVA ANTIGA RUA DOZE, N. 361, LT 22 QD D",FEITAL,"Casa, 43.85 de área total, 43.85 de área privativa, 175.20 de área do terreno,  2 qto(s), a.serv, WC, 1 sala(s), cozinha, 1 vaga(s) de garagem.",206822.38,185000.0,0.0,Leilão SFI - Edital Único,,PINDAMONHANGABA,SP,Não
1444415547884,"RUA FREI LUCIANO WAGNER, N. 237, 0, 00000",MUTIRAO I,"Casa, 243.61 de área total, 190.61 de área privativa, 948.58 de área do terreno,  3 qto(s), a.serv, WC, 1 sala(s), cozinha.",562410.75,1038200.0,45.83,Venda Direta Online,,PINHALZINHO,SP,Sim
10275854,"RUA ORLANDO MAIA DA SILVA, N. 00, LT 01",RECANTO DOS MAIAS,"Gleba, 0.00 de área total, 0.00 de área privativa, 9739.00 de área do terreno.",1039555.21,1717000.0,39.46,Venda Direta Online,,PIRACAIA,SP,Sim
8444426291310,"RUA A, N. SN, LT 26 QD B",SAO JORGE,"Terreno, 0.00 de área total, 0.00 de área privativa, 261.42 de área do terreno.",83014.53,156300.0,46.89,Venda Direta Online,,PIRACICABA,SP,Não
8787715770776,"RUA PEREIRA BARRETO, N. 200, Apto 101, 1 PAV TORRE 02",POMPEIA,"Apartamento, 95.60 de área total, 45.99 de área privativa, 0.00 de área do terreno,  2 qto(s), a.serv, WC, cozinha, 1 vaga(s) de garagem.",106346.55,195500.0,45.61,Venda Online,,PIRACICABA,SP,Sim
8444424616093,"RUA GERALDO ANTONIO BERNO, N. SN, LT 03 QD L",SANTA TEREZINHA,"Terreno, 0.00 de área total, 0.00 de área privativa, 280.00 de área do terreno.",81964.82,140000.0,41.46,Licitação Aberta,,PIRACICABA,SP,Não
8787701980005,"RUA CORCOVADO, N. 3795, Apto 03, BL 20",VILA SONIA,"Apartamento, 66.16 de área total, 47.50 de área privativa, 0.00 de área do terreno,  2 qto(s), WC, 1 sala(s), cozinha, 1 vaga(s) de garagem.",86063.06,147000.0,41.46,Venda Direta Online,,PIRACICABA,SP,Não
8787703819120,"RUA CORCOVADO, N. 3795, Apto 02, BL 13 SETOR 47 QD 49 LT 170",VILA SONIA,"Apartamento, 66.16 de área total, 47.50 de área privativa, 0.00 de área do terreno,  2 qto(s), WC, 1 sala(s), cozinha, 1 vaga(s) de garagem.",81964.82,140000.0,41.46,Licitação Aberta,,PIRACICABA,SP,Não
8787705806859,"RUA LEONILDA RODRIGUES DO AMARAL, N. 626, Apto 103, BL 01",VILA SONIA,"Apartamento, 97.17 de área total, 43.01 de área privativa, 0.00 de área do terreno,  2 qto(s), WC, 1 sala(s), cozinha, 1 vaga(s) de garagem.",81964.82,140000.0,41.46,Licitação Aberta,,PIRACICABA,SP,Não
8787709432651,"RUA PEDRO HABECHIAN, N. 20, Apto 114, TR 04",JARDIM PLANALTO,"Apartamento, 0.00 de área total, 45.99 de área privativa, 0.00 de área do terreno,  2 qto(s), a.serv, WC, 1 sala(s), cozinha, 1 vaga(s) de garagem.",90746.77,155000.0,41.46,Venda Direta Online,,PIRACICABA,SP,Não
8787715463784,"RUA DOS MANDIS, N. 1081, Apto 102, BLOCO 08",JARDIM PARQUE JUPIA,"Apartamento, 106.63 de área total, 39.30 de área privativa, 0.00 de área do terreno,  2 qto(s), WC, 1 sala(s), cozinha, 1 vaga(s) de garagem.",87819.45,150000.0,41.46,Licitação Aberta,,PIRACICABA,SP,Não
8787711204679,"RUA PRINCIPAL 1, N. 501, CS 52  VG 52",SAO JORGE,"Casa, 117.49 de área total, 45.37 de área privativa, 117.50 de área do terreno,  2 qto(s), WC, 1 sala(s), cozinha, 1 vaga(s) de garagem.",82296.83,140567.09,41.46,Licitação Aberta,,PIRACICABA,SP,Não
8787715629755,"RUA PRINCIPAL, N. 800, Apto 125,  VG125",SAO JORGE,"Apartamento, 121.59 de área total, 45.37 de área privativa, 0.00 de área do terreno,  2 qto(s), WC, 1 sala(s), cozinha, 1 vaga(s) de garagem.",90746.77,155000.0,41.46,Licitação Aberta,,PIRACICABA,SP,Não
8787718408636,"RUA PEREIRA BARRETO, N. 200, Apto 305, PAV 03, TR 02",POMPEIA,"Apartamento, 75.87 de área total, 45.99 de área privativa, 0.00 de área do terreno,  2 qto(s), WC, 1 sala(s), cozinha.",117860.63,200000.0,41.07,Venda Online,,PIRACICABA,SP,Não
8787704276210,"RUA FRANCISCO APARECIDO DE CAMPOS, N. 121, Apto 33, BL 16 VG 384 E 385",NOVO HORIZONTE,"Apartamento, 105.68 de área total, 44.72 de área privativa, 0.00 de área do terreno,  2 qto(s), a.serv, WC, 1 sala(s), cozinha, 2 vaga(s) de garagem.",98370.7,166000.0,40.75,Venda Online,,PIRACICABA,SP,Não
8555538738874,"RUA ZULMIRA FERREIRA DO VALE, N. 1222, Apto 32, 2º ANDAR, BL 07, VAGA 112",JARDIM NOVA SUICA,"Apartamento, 123.50 de área total, 44.13 de área privativa, 0.00 de área do terreno,  2 qto(s), a.serv, WC, 1 sala(s), cozinha, 1 vaga(s) de garagem.",92071.39,155369.94,40.75,Venda Direta Online,,PIRACICABA,SP,Não
8555540034773,"AVENIDA LARANJAL PAULISTA, N. 1423, Apto 403, BL 03 VG 237 E 238 SETOR 55 QD 03 LT 8",CAMPESTRE,"Apartamento, 151.04 de área total, 44.27 de área privativa, 0.00 de área do terreno,  2 qto(s), a.serv, WC, 1 sala(s), cozinha, 2 vaga(s) de garagem.",97778.11,165000.0,40.75,Licitação Aberta,,PIRACICABA,SP,Não
8787710896356,"AVENIDA LARANJAL PAULISTA, N. 1155, Apto 14, BL 04 VG 40",CAMPESTRE,"Apartamento, 117.36 de área total, 48.61 de área privativa, 0.00 de área do terreno,  2 qto(s), WC, 1 sala(s), cozinha, 1 vaga(s) de garagem.",107852.22,182000.0,40.75,Licitação Aberta,,PIRACICABA,SP,Não
8787710411000,"RUA MARIA LUIZA ALVES RIBEIRO, N. 51, Apto 121, 1 PAVIMENTO TORRE 03",AGUA BRANCA,"Apartamento, 101.20 de área total, 45.99 de área privativa, 0.00 de área do terreno,  2 qto(s), WC, 1 sala(s), cozinha, 1 vaga(s) de garagem.",101037.38,170500.0,40.75,Licitação Aberta,,PIRACICABA,SP,Não
8787716406024,"RUA PEREIRA BARRETO, N. 200, Apto 412, TORRE 1",POMPEIA,"Apartamento, 95.51 de área total, 45.90 de área privativa, 0.00 de área do terreno,  2 qto(s), WC, 1 sala(s), cozinha, 1 vaga(s) de garagem.",103693.26,174981.79,40.75,Licitação Aberta,,PIRACICABA,SP,Não
8787711188053,"RUA FRANCISCO ANTONIO DA ROCHA, N. 185, Apto 304, TORRE 12",CHACARAS AGUA BRANCA,"Apartamento, 91.27 de área total, 45.99 de área privativa, 0.00 de área do terreno,  2 qto(s), WC, 1 sala(s), cozinha, 1 vaga(s) de garagem.",106809.25,180240.0,40.75,Venda Direta Online,,PIRACICABA,SP,Não
8787715214709,"RUA FRANCISCO ANTONIO DA ROCHA, N. 185, Apto 103, TORRE 11",CHACARAS AGUA BRANCA,"Apartamento, 91.27 de área total, 45.99 de área privativa, 0.00 de área do terreno,  2 qto(s), WC, 1 sala(s), cozinha, 1 vaga(s) de garagem.",106868.51,180340.0,40.75,Venda Direta Online,,PIRACICABA,SP,Não
8787711491066,"RUA PRINCIPAL 01, N. 501, CS 99",SAO JORGE,"Casa, 0.00 de área total, 45.37 de área privativa, 117.49 de área do terreno, 1 vaga(s) de garagem.",97778.11,165000.0,40.75,Venda Direta Online,,PIRACICABA,SP,Não
8787715383870,"RUA ANDRES JOSE TUMANG, N. 800, Apto 136, CONJUNTO AH VG 136",SAO JORGE,"Apartamento, 113.12 de área total, 45.37 de área privativa, 0.00 de área do terreno,  2 qto(s), WC, 1 sala(s), cozinha, 1 vaga(s) de garagem.",97778.11,165000.0,40.75,Venda Online,,PIRACICABA,SP,Não
8787715599813,"RUA ANDRES JOSE TUMANG, N. 800, CS 60 CJ O VAGA 60",SAO JORGE,"Casa, 113.12 de área total, 45.37 de área privativa, 0.00 de área do terreno,  2 qto(s), WC, 1 sala(s), cozinha, 1 vaga(s) de garagem.",94815.14,160000.0,40.75,Licitação Aberta,,PIRACICABA,SP,Não
8555535414636,"RUA ZULMIRA FERREIRA DO VALE, N. 1222, Apto 33, 2º ANDAR BL 27, VG Nº 439",NOVO HORIZONTE,"Apartamento, 123.50 de área total, 44.13 de área privativa, 0.00 de área do terreno,  2 qto(s), a.serv, WC, 1 sala(s), cozinha, 1 vaga(s) de garagem.",122695.94,203000.0,39.56,Venda Online,,PIRACICABA,SP,Não
8787712094761,"AVENIDA LARANJAL PAULISTA, N. 1155, Apto 01, BL 06 TORRE 02",CAMPESTRE,"Apartamento, 114.48 de área total, 46.51 de área privativa, 0.00 de área do terreno,  2 qto(s), WC, 1 sala(s), cozinha, 1 vaga(s) de garagem.",120701.38,199700.0,39.56,Venda Direta Online,,PIRACICABA,SP,Não
8787705637682,"RUA LEONILDA RODRIGUES DO AMARAL, N. 626, Apto 104, BL 07",VILA SONIA,"Apartamento, 107.08 de área total, 43.01 de área privativa, 0.00 de área do terreno,  2 qto(s), WC, 1 sala(s), cozinha, 1 vaga(s) de garagem.",122998.15,203500.0,39.56,Venda Online,,PIRACICABA,SP,Não
8787707673473,"RUA LISBOA, N. 400, Apto 303,",VILA SONIA,"Apartamento, 43.01 de área total, 43.01 de área privativa, 0.00 de área do terreno,  2 qto(s), WC, 1 sala(s), cozinha, 1 vaga(s) de garagem.",113825.09,188323.21,39.56,Licitação Aberta,,PIRACICABA,SP,Não
8787716673219,"RUA FRANCISCO ANTONIO DA ROCHA, N. 185, Apto 308, TORRE 09",AGUA BRANCA,"Apartamento, 91.27 de área total, 45.99 de área privativa, 0.00 de área do terreno,  2 qto(s), WC, 1 sala(s), cozinha, 1 vaga(s) de garagem.",117860.63,195000.0,39.56,Venda Direta Online,,PIRACICABA,SP,Não
8555539484019,"AVENIDA RIO DAS PEDRAS, N. 2201, Apto 103, BL 60 VG 959",POMPEIA,"Apartamento, 159.40 de área total, 54.52 de área privativa, 0.00 de área do terreno,  2 qto(s), WC, 1 sala(s), cozinha.",119673.87,198000.0,39.56,Licitação Aberta,,PIRACICABA,SP,Não
8787716696073,"RUA PEREIRA BARRETO, N. 200, Apto 410, 4PAV T2",POMPEIA,"Apartamento, 45.99 de área total, 45.99 de área privativa, 0.00 de área do terreno,  2 qto(s), WC, 1 sala(s), cozinha.",111112.71,183835.59,39.56,Licitação Aberta,,PIRACICABA,SP,Não
8787711650415,"RUA FRANCISCO ANTONIO DA ROCHA, N. 185, Apto 202, TR 11 PAV 02",CHACARAS AGUA BRANCA,"Apartamento, 45.99 de área total, 45.99 de área privativa, 0.00 de área do terreno,  2 qto(s), WC, 1 sala(s), cozinha, 1 vaga(s) de garagem.",126218.87,208828.68,39.56,Venda Direta Online,,PIRACICABA,SP,Não
8787711973346,"RUA FRANCISCO ANTONIO DA ROCHA, N. 185, Apto 201, TR 14",CHACARAS AGUA BRANCA,"Apartamento, 0.00 de área total, 45.99 de área privativa, 0.00 de área do terreno, 1 vaga(s) de garagem.",126218.87,208828.68,39.56,Venda Direta Online,,PIRACICABA,SP,Não
8444425482058,"RUA JOSE APARECIDO MIGUEL DA SILVA, N. 88, LT 04 QD B",SANTA TEREZINHA,"Casa, 56.24 de área total, 56.24 de área privativa, 175.00 de área do terreno,  2 qto(s), a.serv, WC, 1 sala(s), cozinha, 1 vaga(s) de garagem.",151851.52,248000.0,38.77,Venda Direta Online,,PIRACICABA,SP,Não
8787715056810,"RUA ANTONIO RAMIRO ESPANHOL, N. 1068, LT 11 QD B",VALE DO SOL,"Casa, 85.61 de área total, 45.61 de área privativa, 226.41 de área do terreno,  2 qto(s), a.serv, WC, 1 sala(s), cozinha.",146953.08,240000.0,38.77,Licitação Aberta,,PIRACICABA,SP,Não
8787717120485,"RUA IDVALDO LUIZ GALANI, N. 140, CS 405 QD M",PARQUE RESIDENCIAL PIRACICABA,"Casa, 0.00 de área total, 54.42 de área privativa, 77.77 de área do terreno, 1 vaga(s) de garagem.",150014.6,245000.0,38.77,Venda Online,,PIRACICABA,SP,Não
1444420619839,"RUA ELPIDIO RUFINE, N. 24, LT 55 QD 111 ST 41 DISTRITO 01",GUAMIUM,"Casa, 0.00 de área total, 160.41 de área privativa, 179.34 de área do terreno.",254925.72,400000.0,36.27,Venda Direta Online,,PIRACICABA,SP,Sim
10289407,"TRAVESSA ROSA MANIERO, N. 55",TERRAS DO ENGENHO,"Casa, 0.00 de área total, 323.37 de área privativa, 643.00 de área do terreno.",1816345.76,2850000.0,36.27,Venda Direta Online,,PIRACICABA,SP,Sim
1787701055036,"AVENIDA CONSUELO SUNEGA GIBELLI, N. 155, CS 14 BL 07",CIDADE JUDICIARIA,"Casa, 323.42 de área total, 75.19 de área privativa, 248.23 de área do terreno,  2 qto(s), a.serv, WC, 1 sala(s), cozinha.",181634.58,285000.0,36.27,Licitação Aberta,,PIRACICABA,SP,Não
8787703095050,"AVENIDA DAS ONDAS, N. 4604, Apto 403, BLOCO 14",JARDIM SAO FRANCISCO,"Apartamento, 138.85 de área total, 44.27 de área privativa, 0.00 de área do terreno,  2 qto(s), a.serv, WC, 1 sala(s), cozinha, 1 vaga(s) de garagem.",109963.28,155000.0,29.06,Leilão SFI - Edital Único,,PIRACICABA,SP,Não
8444421473755,"RUA MOACYR MARTINS, N. 516, LT 36 QD 22",NOVO HORIZONTE,"Casa, 33.74 de área total, 33.74 de área privativa, 200.00 de área do terreno,  1 qto(s), a.serv, WC, 1 sala(s), cozinha.",165000.0,165000.0,0.0,Leilão SFI - Edital Único,,PIRACICABA,SP,Não
8787711220259,"RUA VIRGINIA PRATTA GREGOLIN, N. 50, Apto AP 11, TR A",VALE DO SOL,"Apartamento, 190.28 de área total, 56.35 de área privativa, 0.00 de área do terreno,  2 qto(s), WC, 1 sala(s), cozinha, 1 vaga(s) de garagem.",266500.0,266500.0,0.0,Leilão SFI - Edital Único,,PIRACICABA,SP,Não
8787702965921,"AVENIDA ROMA, N. 500, Apto 301, 3 PAV  BL 10  RUA 5",VILA SONIA,"Apartamento, 0.00 de área total, 48.18 de área privativa, 0.00 de área do terreno,  2 qto(s), a.serv, WC, 1 sala(s), cozinha, 1 vaga(s) de garagem.",241000.0,241000.0,0.0,Leilão SFI - Edital Único,,PIRACICABA,SP,Não
8787717734858,"AVENIDA FRANCISCO LUIZ RASERA, N. 1049, Apto 76, BL B",JARDIM CALIFORNIA,"Apartamento, 113.92 de área total, 44.63 de área privativa, 0.00 de área do terreno,  2 qto(s), WC, 1 sala(s), cozinha, 1 vaga(s) de garagem.",244990.13,234000.0,0.0,Leilão SFI - Edital Único,,PIRACICABA,SP,Não
8787707430040,"AVENIDA PEDRO HABECHIAN, N. 20, Apto 413, TORRE 02",JARDIM ITAPUA,"Apartamento, 90.43 de área total, 45.99 de área privativa, 0.00 de área do terreno,  2 qto(s), WC, 1 sala(s), cozinha, 1 vaga(s) de garagem.",197042.13,180000.0,0.0,Leilão SFI - Edital Único,,PIRACICABA,SP,Não
8787717623878,"RUA ANDRES JOSE TUMANG, N. 1001, CS 03 PAV SUP CJTO A RUA PRINC 01 VG 0",SAO JORGE,"Casa, 117.00 de área total, 45.37 de área privativa, 117.00 de área do terreno,  2 qto(s), WC, 1 sala(s), cozinha, 1 vaga(s) de garagem.",190153.1,173000.0,0.0,Leilão SFI - Edital Único,,PIRACICABA,SP,Não
8787718805295,"RUA ANDRES JOSE TUMANG, N. 1001, CS 64 VAGA 64",SAO JORGE,"Casa, 117.00 de área total, 45.37 de área privativa, 117.00 de área do terreno,  2 qto(s), a.serv, WC, 1 sala(s), cozinha, 1 vaga(s) de garagem.",209157.27,190000.0,0.0,Leilão SFI - Edital Único,,PIRACICABA,SP,Não
8787719210147,"RUA IDVALDO LUIZ GALANI, N. 140, CS 469 QD P",PARQUE RESIDENCIAL PIRACICABA,"Casa, 180.29 de área total, 54.42 de área privativa, 77.56 de área do terreno,  2 qto(s), a.serv, WC, 1 sala(s), cozinha, 1 vaga(s) de garagem.",280547.55,253174.35,0.0,Leilão SFI - Edital Único,,PIRACICABA,SP,Não
8787720996760,"RUA IDVALDO LUIZ GALANI, N. 140, CS 438 QD N",PARQUE RESIDENCIAL PIRACICABA,"Casa, 181.33 de área total, 54.42 de área privativa, 77.77 de área do terreno,  2 qto(s), a.serv, WC, 1 sala(s), cozinha, 1 vaga(s) de garagem.",281893.11,253303.8,0.0,Leilão SFI - Edital Único,,PIRACICABA,SP,Não
8787717912438,"RUA ANDRES JOSE TUMANG, N. 1001, CS 16  CJ D",SAO JORGE,"Casa, 117.00 de área total, 45.37 de área privativa, 117.00 de área do terreno,  2 qto(s), a.serv, WC, 1 sala(s), cozinha, 1 vaga(s) de garagem.",192747.94,170000.0,0.0,Leilão SFI - Edital Único,,PIRACICABA,SP,Não
8787717741935,"RUA PRINCIPAL I, N. 1001, Apto 162, CJ A0 VG 162",SAO JORGE,"Apartamento, 85.92 de área total, 45.37 de área privativa, 0.00 de área do terreno,  2 qto(s), WC, 1 sala(s), cozinha, 1 vaga(s) de garagem.",221627.33,194000.0,0.0,Leilão SFI - Edital Único,,PIRACICABA,SP,Não
8787710597227,"RUA PRINCIPAL 01, N. 501, Apto 56, CJ N VG 56",SAO JORGE,"Apartamento, 117.49 de área total, 45.37 de área privativa, 0.00 de área do terreno,  2 qto(s), WC, 1 sala(s), cozinha, 1 vaga(s) de garagem.",178478.48,150000.0,0.0,Leilão SFI - Edital Único,,PIRACICABA,SP,Não
8787717896092,"RUA ANDRES JOSE TUMANG, N. 1001, UND 111 PAV SUPERIOR CJ AB",SAO JORGE,"Casa, 45.37 de área total, 45.37 de área privativa, 45.37 de área do terreno,  2 qto(s), WC, 1 sala(s), cozinha, 1 vaga(s) de garagem.",193133.98,162000.0,0.0,Leilão SFI - Edital Único,,PIRACICABA,SP,Não
8787709215642,"RUA BELEM, N. 62, Apto 12, BL B",GLEBAS CALIFORNIA,"Apartamento, 110.03 de área total, 62.88 de área privativa, 0.00 de área do terreno,  2 qto(s), a.serv, WC, 1 sala(s), cozinha, 1 vaga(s) de garagem.",294801.61,247000.0,0.0,Leilão SFI - Edital Único,,PIRACICABA,SP,Não
8787708130287,"RUA LISBOA, N. 400, Apto AP 10, BL 15",VILA SONIA,"Apartamento, 92.10 de área total, 43.01 de área privativa, 0.00 de área do terreno,  2 qto(s), WC, 1 sala(s), cozinha, 1 vaga(s) de garagem.",187528.72,155000.0,0.0,Leilão SFI - Edital Único,,PIRACICABA,SP,Não
8787704333310,"RUA CORCOVADO, N. 3795, Apto AP 12, BL 12",VILA SONIA,"Apartamento, 66.16 de área total, 47.50 de área privativa, 0.00 de área do terreno,  2 qto(s), a.serv, WC, 1 sala(s), cozinha, 1 vaga(s) de garagem.",197808.3,161000.0,0.0,Leilão SFI - Edital Único,,PIRACICABA,SP,Não
8787718443385,"RUA PRINCIPAL I, N. 1001, Apto 90, CJ W VG 90",SAO JORGE,"Apartamento, 60.59 de área total, 45.37 de área privativa, 0.00 de área do terreno,  2 qto(s), WC, 1 sala(s), cozinha, 1 vaga(s) de garagem.",219688.26,177000.0,0.0,Leilão SFI - Edital Único,,PIRACICABA,SP,Não
8787712099038,"RUA MARIA LUIZA ALVES RIBEIRO, N. 51, Apto 406, TORRE 02",AGUA BRANCA,"Apartamento, 101.20 de área total, 45.99 de área privativa, 0.00 de área do terreno,  2 qto(s), WC, 1 sala(s), cozinha, 1 vaga(s) de garagem.",198802.7,160000.0,0.0,Leilão SFI - Edital Único,,PIRACICABA,SP,Não
8787718084121,"RUA PRINCIPAL I, N. 1001, Apto 85, CJ V VG 85",SAO JORGE,"Apartamento, 60.59 de área total, 45.37 de área privativa, 0.00 de área do terreno,  2 qto(s), WC, 1 sala(s), cozinha, 1 vaga(s) de garagem.",220372.26,177000.0,0.0,Leilão SFI - Edital Único,,PIRACICABA,SP,Não
8787717777417,"RUA ANDRES JOSE TUMANG, N. 1001, CS 161 VAGA 161",SAO JORGE,"Casa, 85.92 de área total, 85.92 de área privativa, 163.96 de área do terreno,  2 qto(s), WC, 1 sala(s), cozinha, 1 vaga(s) de garagem.",242342.24,194000.0,0.0,Leilão SFI - Edital Único,,PIRACICABA,SP,Não
1787701332447,"AVENIDA CONSUELO SUNEGA GIBELLI, N. 155, CS 06 BL 01",CIDADE JUDICIARIA,"Casa, 305.53 de área total, 60.04 de área privativa, 160.00 de área do terreno,  2 qto(s), a.serv, WC, 1 sala(s), cozinha.",293917.79,230000.0,0.0,Leilão SFI - Edital Único,,PIRACICABA,SP,Não
8787715513676,"RUA DOS MANDIS, N. 1081, Apto AP 20,",JARDIM PARQUE JUPIA,"Apartamento, 106.63 de área total, 39.30 de área privativa, 0.00 de área do terreno,  2 qto(s), WC, 1 sala(s), cozinha, 1 vaga(s) de garagem.",210180.37,163000.0,0.0,Leilão SFI - Edital Único,,PIRACICABA,SP,Não
8787717987390,"RUA ANDRES JOSE TUMANG, N. 1001, CS 15 CJ D LOT AQUARIUS RUA PRINCIPAL",SAO JORGE,"Casa, 117.01 de área total, 45.37 de área privativa, 117.00 de área do terreno,  2 qto(s), WC, 1 sala(s), cozinha, 1 vaga(s) de garagem.",210059.83,160000.0,0.0,Leilão SFI - Edital Único,,PIRACICABA,SP,Não
8787701975826,"RUA CORCOVADO ANTIGA RUA SEM DENOMINAÇÃO, N. 3795, Apto 01, BL 17",VILA SONIA,"Apartamento, 66.16 de área total, 47.50 de área privativa, 0.00 de área do terreno,  2 qto(s), WC, 1 sala(s), cozinha, 1 vaga(s) de garagem.",204303.69,155000.0,0.0,Leilão SFI - Edital Único,,PIRACICABA,SP,Não
8787707362230,"RUA LISBOA, N. 400, Apto AP 30, BL 3",VILA SONIA,"Apartamento, 92.10 de área total, 43.01 de área privativa, 0.00 de área do terreno,  2 qto(s), WC, 1 sala(s), cozinha, 1 vaga(s) de garagem.",189802.66,138000.0,0.0,Leilão SFI - Edital Único,,PIRACICABA,SP,Não
8555527308008,"AVENIDA RIO DAS PEDRAS, N. 2255, Apto 402, BL 25",POMPEIA,"Apartamento, 0.00 de área total, 45.95 de área privativa, 0.00 de área do terreno,  2 qto(s), a.serv, WC, 1 sala(s), cozinha, 1 vaga(s) de garagem.",228759.62,165000.0,0.0,Leilão SFI - Edital Único,,PIRACICABA,SP,Não
8787701729671,"RUA CORCOVADO, N. 3795, Apto 11, BL 01 1 PAV",VILA SONIA,"Apartamento, 66.16 de área total, 47.50 de área privativa, 0.00 de área do terreno,  2 qto(s), a.serv, WC, 1 sala(s), cozinha, 1 vaga(s) de garagem.",204303.69,147000.0,0.0,Leilão SFI - Edital Único,,PIRACICABA,SP,Não
8787711173986,"RUA ANTONIO DE TOLEDO, N. 165, Apto 12C, BL 3C",POMPEIA,"Apartamento, 92.59 de área total, 39.32 de área privativa, 0.00 de área do terreno,  2 qto(s), WC, 1 sala(s), cozinha.",210476.74,150000.0,0.0,Leilão SFI - Edital Único,,PIRACICABA,SP,Não
8787710982082,"RUA ANTONIO DE TOLEDO, N. 165, Apto 33A, BL 3A",POMPEIA,"Apartamento, 92.59 de área total, 39.32 de área privativa, 0.00 de área do terreno,  2 qto(s), WC, 1 sala(s), cozinha, 1 vaga(s) de garagem.",212201.73,150000.0,0.0,Leilão SFI - Edital Único,,PIRACICABA,SP,Não
8787718594189,"RUA PRINCIPAL I, N. 1001, Apto 02, CJ A VG 02",SAO JORGE,"Apartamento, 117.00 de área total, 45.37 de área privativa, 0.00 de área do terreno,  2 qto(s), a.serv, WC, 1 sala(s), cozinha, 1 vaga(s) de garagem.",241590.04,170000.0,0.0,Leilão SFI - Edital Único,,PIRACICABA,SP,Não
8555538909709,"AVENIDA LARANJAL PAULISTA, N. 3680, Apto 123, TORRE 02",CAMPESTRE,"Apartamento, 82.88 de área total, 41.44 de área privativa, 0.00 de área do terreno,  2 qto(s), WC, 1 sala(s), cozinha, 1 vaga(s) de garagem.",239268.44,164000.0,0.0,Leilão SFI - Edital Único,,PIRACICABA,SP,Não
8787708831056,"AVENIDA DAS ONDAS, N. 4604, Apto 202, BL 29 VGS 220 221",JARDIM SAO FRANCISCO,"Apartamento, 140.71 de área total, 44.27 de área privativa, 0.00 de área do terreno,  2 qto(s), a.serv, WC, 1 sala(s), cozinha, 2 vaga(s) de garagem.",261633.2,170000.0,0.0,Leilão SFI - Edital Único,,PIRACICABA,SP,Não
8555539714839,"AVENIDA RIO DAS PEDRAS, N. 2201, Apto 404, BL 72",POMPEIA,"Apartamento, 143.54 de área total, 45.95 de área privativa, 0.00 de área do terreno,  2 qto(s), WC, 1 sala(s), cozinha, 1 vaga(s) de garagem.",264653.75,163250.43,0.0,Leilão SFI - Edital Único,,PIRACICABA,SP,Não
8555534244990,"RUA NOSSA SENHORA DO CARMO, N. 505, Apto 304,",SANTA TEREZINHA,"Apartamento, 109.07 de área total, 46.59 de área privativa, 0.00 de área do terreno,  2 qto(s), WC, 1 sala(s), cozinha, 1 vaga(s) de garagem.",257563.63,155000.0,0.0,Leilão SFI - Edital Único,,PIRACICABA,SP,Não
8555539147721,"RUA ELIAS FUZARO, N. 201, Apto 01, PAV TÉRREO BL 02",JARDIM PARQUE JUPIA,"Apartamento, 130.77 de área total, 44.13 de área privativa, 0.00 de área do terreno,  2 qto(s), WC, 1 sala(s), cozinha, 1 vaga(s) de garagem.",265191.61,140000.0,0.0,Leilão SFI - Edital Único,,PIRACICABA,SP,Não
8444411557972,"RUA DOS FALCOES, N. SN, LOTE 120 QUADRA H",POMPEIA,"Casa, 36.00 de área total, 36.00 de área privativa, 150.00 de área do terreno,  1 qto(s), a.serv, 1 sala(s), cozinha.",286711.45,109864.41,0.0,Leilão SFI - Edital Único,,PIRACICABA,SP,Não
8444416377298,"RUA ANTONIO CARICOL, N. 380, CS 23 QD 07",JARDIM DAS FIGUEIRAS (TIBIRICA DO PARANA,"Casa, 49.74 de área total, 49.74 de área privativa, 200.00 de área do terreno,  1 qto(s), a.serv, WC, 1 sala(s), cozinha.",96592.92,163000.0,40.75,Licitação Aberta,,PIRAJU,SP,Não
8444437847986,"RUA LUIZ BASAGLIA, N. 119, LT 05 QD G",JARDIM CATHARINA COVIELO II,"Terreno, 0.00 de área total, 0.00 de área privativa, 200.00 de área do terreno.",34854.64,60000.0,41.91,Licitação Aberta,,PIRANGI,SP,Não
8444434635341,"RUA ORIVAL MARRAFON, N. SN, LT 08A QD26",RESIDENCIAL PADRE HILARIO PIERICK,"Terreno, 0.00 de área total, 0.00 de área privativa, 154.00 de área do terreno.",31950.08,55000.0,41.91,Licitação Aberta,,PIRAPOZINHO,SP,Não
8555511282551,"RUA NAIR DUTRA GALLI, N. 200, QD 12 LT 10",RESIDENCIAL NOVO HORIZONTE,"Casa, 34.84 de área total, 34.84 de área privativa, 220.00 de área do terreno, 1 vaga(s) de garagem.",140000.0,140000.0,0.0,Leilão SFI - Edital Único,,PIRAPOZINHO,SP,Não
1444418111599,"RUA MAURO BOIZAN, N. 264, LT 17 QD A",JARDIM DOS IPES,"Casa, 402.78 de área total, 402.78 de área privativa, 327.52 de área do terreno.",671091.95,1080000.0,37.87,Venda Direta Online,,PIRASSUNUNGA,SP,Sim
1444415933539,"RUA JOAO VIEIRA SARDINHA, N. 553, LT 03 QD 06",JARDIM SAO VALENTIM,"Casa, 0.00 de área total, 26.18 de área privativa, 140.00 de área do terreno.",264485.43,415000.0,36.27,Venda Direta Online,,PIRASSUNUNGA,SP,Sim
10280995,"RUA MANOEL LOSILA, N. 381, LT 08",AREA RURAL DE PIRATININGA,"Casa, 0.00 de área total, 485.04 de área privativa, 10231.60 de área do terreno.",891682.36,1435000.0,37.87,Venda Direta Online,,PIRATININGA,SP,Sim
10005199,"ALAMEDA DAS ORQUIDEAS, N. SN, QD Q LT 03",BAURU,"Casa, 0.00 de área total, 80.00 de área privativa, 600.00 de área do terreno.",331451.96,466000.0,28.88,Leilão SFI - Edital Único,,PIRATININGA,SP,Não
10005193,"ALAMEDA DAS ORQUIDEAS, QD Q LT 02",BAURU,"Terreno, 0.00 de área total, 0.00 de área privativa, 600.00 de área do terreno.",331451.96,342572.44,3.25,Leilão SFI - Edital Único,,PIRATININGA,SP,Sim
1444418424767,"RUA ROBERTO RODRIGUES, N. SN, LOTE 29 QD J",NOVA PITANGUEIRAS,"Casa, 0.00 de área total, 78.80 de área privativa, 160.00 de área do terreno.",105925.98,190000.0,44.25,Venda Online,,PITANGUEIRAS,SP,Não
8444425800734,"RUA PATRICIA FERREIRA, N. 546, LT 27 QD F",JARDIM SAO LOURENCO,"Casa, 62.01 de área total, 62.01 de área privativa, 200.00 de área do terreno,  2 qto(s), a.serv, WC, 1 sala(s), cozinha.",116651.81,193000.0,39.56,Licitação Aberta,,PITANGUEIRAS,SP,Não
10214191,"RUA HIDERALDO RAMIRO GUIMARÃES, N. 47, QD 06, LT 10",RESIDENCIAL SAO HEITOR,"Casa, 0.00 de área total, 116.51 de área privativa, 260.00 de área do terreno.",330000.0,330000.0,0.0,Leilão SFI - Edital Único,,PITANGUEIRAS,SP,Não
8787720475523,"RUA DOMINGOS QUEMELLO, N. 360, LT 17 QD 03",JARDIM PRIMAVERA,"Casa, 43.50 de área total, 43.50 de área privativa, 181.68 de área do terreno,  2 qto(s), a.serv, WC, 1 sala(s), cozinha.",177970.5,175000.0,0.0,Leilão SFI - Edital Único,,PITANGUEIRAS,SP,Não
8787722101795,"RUA JOAO ANANIAS DE LIMA, N. 16, LT 14 QD 06",JARDIM PRIMAVERA,"Casa, 43.50 de área total, 43.50 de área privativa, 160.00 de área do terreno,  2 qto(s), WC, 1 sala(s), cozinha.",189304.3,175000.0,0.0,Leilão SFI - Edital Único,,PITANGUEIRAS,SP,Não
8787724157160,"RUA RAMIRO ARTIOLI, N. 153, LT 05  QD 09",JARDIM PRIMAVERA,"Casa, 43.50 de área total, 43.50 de área privativa, 160.00 de área do terreno,  2 qto(s), WC, 1 sala(s), cozinha, 1 vaga(s) de garagem.",187552.81,165000.0,0.0,Leilão SFI - Edital Único,,PITANGUEIRAS,SP,Não
8787725218316,"RUA DOMINGOS QUEMELLO, N. 350, LT 16 QD 03",JARDIM PRIMAVERA,"Casa, 43.50 de área total, 43.50 de área privativa, 181.68 de área do terreno,  2 qto(s), a.serv, WC, 1 sala(s), cozinha.",204361.23,175000.0,0.0,Leilão SFI - Edital Único,,PITANGUEIRAS,SP,Não
8100400279967,"RUA PRIMEIRO-SARGENTO JOAO LEITE DE GODO, N. 277, CS 61",VILA CLETO,"Casa, 0.00 de área total, 49.61 de área privativa, 0.01 de área do terreno,  2 qto(s), a.serv, WC, 1 sala(s), cozinha, 1 vaga(s) de garagem.",130515.6,285000.0,54.21,Venda Direta Online,,POA,SP,Não
8787711485333,"RUA CLEMENTE CUNHA FERREIRA, N. 940, Apto 307, BLOCO 07",TUCUNDUVA,"Apartamento, 125.99 de área total, 43.30 de área privativa, 0.00 de área do terreno,  2 qto(s), WC, 1 sala(s), cozinha, 1 vaga(s) de garagem.",120882.7,200000.0,39.56,Licitação Aberta,,POA,SP,Não
8787713773050,"RUA MARABA, N. 179, Apto 25, 2 ANDAR",VILA MONTEIRO,"Apartamento, 89.09 de área total, 47.38 de área privativa, 0.00 de área do terreno,  2 qto(s), a.serv, WC, 1 sala(s), cozinha.",178792.91,292000.0,38.77,Licitação Aberta,,POA,SP,Não
1444405842859,"RUA GARDENIA, N. 71, LOTE 6 QUADRA G",CONJUNTO ALVORADA,"Terreno, 0.00 de área total, 0.00 de área privativa, 125.00 de área do terreno.",129031.78,205000.0,37.06,Licitação Aberta,,POA,SP,Não
1787701964966,"RUA MARABA, N. 179, Apto 111, TORRE C",ARACARE,"Apartamento, 89.09 de área total, 47.38 de área privativa, 0.00 de área do terreno,  2 qto(s), a.serv, WC, cozinha, 1 vaga(s) de garagem.",172074.86,270000.0,36.27,Licitação Aberta,,POA,SP,Não
8787705049918,"RUA JOAO PECKNY, N. 120, Apto 1105, BL UNICO",SITIO GOES,"Apartamento, 91.54 de área total, 52.50 de área privativa, 0.00 de área do terreno,  2 qto(s), a.serv, WC, 1 sala(s), cozinha, 1 vaga(s) de garagem.",280000.0,280000.0,0.0,Leilão SFI - Edital Único,,POA,SP,Não
8787717382935,"RUA UNIAO, N. 510, Apto 102, AREA 1  1 PAV  BL 21",JARDIM AMERICA,"Apartamento, 103.59 de área total, 44.28 de área privativa, 0.00 de área do terreno,  2 qto(s), WC, cozinha, 1 vaga(s) de garagem.",270000.0,270000.0,0.0,Leilão SFI - Edital Único,,POA,SP,Não
8787713293970,"RUA CLEMENTE CUNHA FERREIRA, N. 757, Apto 501, BL 07 VAGA 421",VILA TURMALINA,"Apartamento, 78.14 de área total, 44.28 de área privativa, 0.00 de área do terreno,  1 qto(s), WC, 1 sala(s), cozinha, 1 vaga(s) de garagem.",216000.0,216000.0,0.0,Leilão SFI - Edital Único,,POA,SP,Não
8787711643826,"RUA CLEMENTE CUNHA FERREIRA, N. 940, Apto 308, BL7",VILA PERRACINI,"Apartamento, 125.96 de área total, 43.29 de área privativa, 0.00 de área do terreno,  2 qto(s), a.serv, WC, 1 sala(s), cozinha, 1 vaga(s) de garagem.",242041.75,242041.75,0.0,Leilão SFI - Edital Único,,POA,SP,Não
8787714108034,"RUA CLEMENTE CUNHA FERREIRA, N. 940, Apto 104, BL 01",VILA PERRACINI,"Apartamento, 125.96 de área total, 43.29 de área privativa, 0.00 de área do terreno,  2 qto(s), WC, 1 sala(s), cozinha, 1 vaga(s) de garagem.",249485.46,249485.46,0.0,Leilão SFI - Edital Único,,POA,SP,Não
1787702314124,"RUA UNIAO, N. 510, Apto 403, BL 04 VAGA 436",JARDIM AMERICA,"Apartamento, 103.59 de área total, 44.28 de área privativa, 0.00 de área do terreno,  2 qto(s), 1 vaga(s) de garagem.",250798.27,240000.0,0.0,Leilão SFI - Edital Único,,POA,SP,Não
8444432361511,"RUA CARAMURU, N. 899,",CENTRO (CANDIA),"Casa, 70.00 de área total, 70.00 de área privativa, 195.00 de área do terreno,  2 qto(s), a.serv, WC, 1 sala(s), cozinha, 1 vaga(s) de garagem.",180318.86,180200.0,0.0,Leilão SFI - Edital Único,,PONTAL,SP,Não
8555538846367,"AVENIDA GOVERNADOR MARIO COVAS, N. 20, Apto 125, BLOCO 1",PARQUE RESIDENCIAL RAFAEL ALCALA,"Apartamento, 93.29 de área total, 51.29 de área privativa, 0.00 de área do terreno,  2 qto(s), a.serv, WC, 1 sala(s), cozinha, 1 vaga(s) de garagem.",279734.64,248000.0,0.0,Leilão SFI - Edital Único,,PORTO FELIZ,SP,Não
8444432081845,"RUA ANTONIO FAGUNDES DOS SANTOS, N. 330, Apto 36, BL C",VILA SONIA,"Apartamento, 52.12 de área total, 46.25 de área privativa, 0.00 de área do terreno,  2 qto(s), a.serv, WC, 1 sala(s), cozinha.",84000.28,162000.0,48.15,Venda Direta Online,,PRAIA GRANDE,SP,Não
8444420506340,"RUA AFONSO DESCRAGNOLLE TAUNAY, N. 1353, CS 04",ESMERALDA,"Casa, 44.18 de área total, 42.87 de área privativa, 93.46 de área do terreno,  2 qto(s), a.serv, WC, 1 sala(s), cozinha, 1 vaga(s) de garagem.",98976.81,185000.0,46.5,Venda Direta Online,,PRAIA GRANDE,SP,Não
8444434513610,"RUA CLODOARDO AMARAL, N. 1810, CS 07, 1º E 2º PAV",BALNEARIO MARACANA MIRIM,"Casa, 49.92 de área total, 47.37 de área privativa, 49.93 de área do terreno,  2 qto(s), a.serv, WC, 1 sala(s), cozinha, 1 vaga(s) de garagem.",154622.19,273000.0,43.37,Venda Online,,PRAIA GRANDE,SP,Sim
8444427182388,"AVENIDA JOSE LEANDRO DE CARVALHO, N. 2087, CS 02",VILA RIOMAR,"Casa, 0.00 de área total, 44.08 de área privativa, 51.20 de área do terreno, 1 vaga(s) de garagem.",127470.81,222000.0,42.59,Venda Direta Online,,PRAIA GRANDE,SP,Não
8444435949951,"AVENIDA DOUTOR ANTONIO SYLVIO CUNHA BUENO, N. 859, CS 04 LT 26 QD 18",MELVI,"Casa, 46.70 de área total, 40.02 de área privativa, 46.70 de área do terreno,  2 qto(s), WC, 1 sala(s), cozinha, 1 vaga(s) de garagem.",194865.9,335000.0,41.84,Venda Direta Online,,PRAIA GRANDE,SP,Sim
8444424820812,"RUA AFONSO DESCRAGNOLLE TAUNAY, N. 1685, CS 01",ESMERALDA,"Casa, 50.82 de área total, 44.14 de área privativa, 50.81 de área do terreno,  1 qto(s), WC, 1 sala(s), cozinha, 1 vaga(s) de garagem.",162872.99,280000.0,41.84,Venda Direta Online,,PRAIA GRANDE,SP,Sim
1444415213641,"RUA ALBERTO FIGUEIREDO, N. 82, Apto 71, DUPLEX",JARDIM ALOHA,"Apartamento, 0.00 de área total, 100.93 de área privativa, 0.00 de área do terreno, 1 vaga(s) de garagem.",343687.67,583000.0,41.05,Venda Online,,PRAIA GRANDE,SP,Sim
8444435189477,"AVENIDA MILENA PERUTICH, N. 466, CS 04 TÉRREO - PARTE LT 15 QD 09",MELVI,"Casa, 59.55 de área total, 51.98 de área privativa, 59.55 de área do terreno,  2 qto(s), WC, 1 sala(s), 1 lavabo(s), cozinha, 1 vaga(s) de garagem.",214321.88,359000.0,40.31,Venda Online,,PRAIA GRANDE,SP,Sim
8444429946130,"AVENIDA BRIGADEIRO EDUARDO GOMES, N. 408, CS 03",BALNEARIO ABC,"Casa, 53.16 de área total, 46.04 de área privativa, 46.04 de área do terreno,  2 qto(s), a.serv, WC, 1 sala(s), cozinha.",194023.98,325000.0,40.31,Venda Direta Online,,PRAIA GRANDE,SP,Sim
8444415581037,"RUA EDILSON DE JESUS RAMOS, N. 197, CS 03",PRINCESA,"Casa, 42.93 de área total, 42.14 de área privativa, 42.93 de área do terreno,  2 qto(s), a.serv, WC, 1 sala(s), cozinha, 1 vaga(s) de garagem.",130553.32,216000.0,39.56,Venda Direta Online,,PRAIA GRANDE,SP,Não
8444431479977,"AVENIDA DOUTOR ESMERALDO SOARES TARQUINI, N. 1491, CS 08",RIBEIROPOLIS,"Casa, 45.29 de área total, 39.39 de área privativa, 45.30 de área do terreno,  2 qto(s), a.serv, WC, 1 sala(s), cozinha.",134179.8,222000.0,39.56,Licitação Aberta,,PRAIA GRANDE,SP,Não
1444415381102,"RUA MARTINIANO JOSE DAS NEVES, N. 214, CS 1, PAV SUPERIOR",NOVA MIRIM,"Prédio, 82.92 de área total, 67.51 de área privativa, 82.92 de área do terreno,  2 qto(s), WC, 1 sala(s), cozinha, 1 vaga(s) de garagem.",231076.84,381662.2,39.46,Venda Direta Online,,PRAIA GRANDE,SP,Não
8444434548180,"AVENIDA ALMEIDA JUNIOR, N. 682, LT 15 QD 75 CS 03",PARQUE DAS AMERICAS,"Casa, 46.60 de área total, 39.84 de área privativa, 0.00 de área do terreno,  2 qto(s), a.serv, WC, 1 sala(s), cozinha, 1 vaga(s) de garagem.",167159.13,273000.0,38.77,Licitação Aberta,,PRAIA GRANDE,SP,Não
8444435717902,"AVENIDA HERMENEGILDO PEREIRA DE FRANCA, N. 549, QD 03 LT 39 CS 03",JARDIM SILMARA,"Casa, 60.37 de área total, 55.15 de área privativa, 60.38 de área do terreno,  2 qto(s), a.serv, WC, 1 sala(s), 1 lavabo(s), cozinha.",208795.83,341000.0,38.77,Licitação Aberta,,PRAIA GRANDE,SP,Não
8444436515149,"RUA JOSE CRISTOVAO BARBOSA FILHO, N. 70, CS 06",SITIO SAO SEBASTIAO,"Casa, 45.30 de área total, 39.10 de área privativa, 45.31 de área do terreno,  2 qto(s), a.serv, WC, 1 sala(s), cozinha, 1 vaga(s) de garagem.",191651.31,313000.0,38.77,Venda Online,,PRAIA GRANDE,SP,Sim
8787714498371,"RUA SERGIO GREGORIO, N. 671, Apto 17, TORRE D",CENTRO,"Apartamento, 51.47 de área total, 40.67 de área privativa, 0.00 de área do terreno,  2 qto(s), WC, 1 sala(s), cozinha, 1 vaga(s) de garagem.",167159.13,273000.0,38.77,Licitação Aberta,,PRAIA GRANDE,SP,Não
8787717122968,"RUA SERGIO GREGORIO, N. 671, Apto 15, TR E LT 07",CALIPAL,"Apartamento, 53.35 de área total, 42.27 de área privativa, 0.00 de área do terreno,  2 qto(s), WC, 1 sala(s), cozinha, 1 vaga(s) de garagem.",168996.04,276000.0,38.77,Licitação Aberta,,PRAIA GRANDE,SP,Não
8444437448879,"RUA WALDEMAR CREVATIN, N. 128, CS 23 QD 11",VILA SAO JORGE,"Casa, 56.19 de área total, 49.85 de área privativa, 56.19 de área do terreno,  2 qto(s), a.serv, WC, 1 sala(s), cozinha, 1 vaga(s) de garagem.",176956.0,289000.0,38.77,Licitação Aberta,,PRAIA GRANDE,SP,Não
8444412911524,"RUA MARIA MARTINS BAPTISTA, N. 1509, CS 01",VILA SONIA,"Casa, 60.28 de área total, 53.03 de área privativa, 60.28 de área do terreno,  2 qto(s), a.serv, WC, 1 sala(s), cozinha, 1 vaga(s) de garagem.",153688.43,251000.0,38.77,Licitação Aberta,,PRAIA GRANDE,SP,Não
8444424870488,"RUA OLGA DE ALMEIDA MACHADO, N. 172, CS 04 GLB 2",VILA SONIA,"Casa, 63.03 de área total, 55.25 de área privativa, 0.00 de área do terreno,  2 qto(s), a.serv, WC, 1 sala(s), 1 lavabo(s), cozinha, 1 vaga(s) de garagem.",189814.4,310000.0,38.77,Venda Online,,PRAIA GRANDE,SP,Sim
8787714176137,"RUA SERGIO GREGORIO, N. 671, Apto 46, TORRE A",VILA SONIA,"Apartamento, 51.47 de área total, 40.67 de área privativa, 0.00 de área do terreno, 1 vaga(s) de garagem.",153076.13,250000.0,38.77,Licitação Aberta,,PRAIA GRANDE,SP,Não
8787715710340,"RUA SERGIO GREGORIO, N. 671, Apto 16, TORRE C",VILA SONIA,"Apartamento, 51.47 de área total, 40.67 de área privativa, 0.00 de área do terreno,  2 qto(s), WC, 1 sala(s), cozinha, 1 vaga(s) de garagem.",167159.13,273000.0,38.77,Licitação Aberta,,PRAIA GRANDE,SP,Não
8787710274762,"RUA JOAO RAMALHO, N. 648, Apto 113, BLOCO A",AVIACAO,"Apartamento, 74.31 de área total, 46.86 de área privativa, 0.00 de área do terreno,  2 qto(s), a.serv, WC, 1 sala(s), cozinha, 1 vaga(s) de garagem.",226552.67,370000.0,38.77,Licitação Aberta,,PRAIA GRANDE,SP,Não
8444422671550,"AVENIDA ALMEIDA JUNIOR, N. 806, RES 03",SAMAMBAIA,"Casa, 43.13 de área total, 39.78 de área privativa, 43.13 de área do terreno,  2 qto(s), a.serv, WC, 1 sala(s), cozinha, 1 vaga(s) de garagem.",146953.08,240000.0,38.77,Venda Direta Online,,PRAIA GRANDE,SP,Não
8444434404579,"AVENIDA PEDRO AMERICO, N. 1823, CS 07",SAMAMBAIA,"Casa, 0.00 de área total, 41.49 de área privativa, 47.56 de área do terreno, 1 vaga(s) de garagem.",168383.74,275000.0,38.77,Venda Direta Online,,PRAIA GRANDE,SP,Sim
8444434454185,"AVENIDA MARIA CAVALCANTE DA SILVA, N. 1344, CASA 04",SAMAMBAIA,"Casa, 94.19 de área total, 60.50 de área privativa, 53.85 de área do terreno,  2 qto(s), WC, 1 sala(s), cozinha, 1 vaga(s) de garagem.",229472.42,374768.47,38.77,Venda Direta Online,,PRAIA GRANDE,SP,Sim
8444434514102,"AVENIDA JAIRO DE CAMARGO MARTINS, N. 1860, CS 04 LT 15 QD 96 PQ AMERICAS",SAMAMBAIA,"Casa, 47.95 de área total, 41.69 de área privativa, 0.00 de área do terreno,  2 qto(s), a.serv, WC, 1 sala(s), cozinha, 1 vaga(s) de garagem.",178975.38,292298.0,38.77,Venda Direta Online,,PRAIA GRANDE,SP,Sim
8444436994519,"RUA AFONSO DESCRAGNOLLE TAUNAY, N. 1601, CS 02",BALNEARIO JOIA,"Casa, 7.73 de área total, 45.50 de área privativa, 51.27 de área do terreno,  2 qto(s), WC, 1 sala(s), cozinha, 1 vaga(s) de garagem.",226552.67,370000.0,38.77,Licitação Aberta,,PRAIA GRANDE,SP,Não
8444437565930,"RUA NESTOR FERREIRA DA ROCHA JUNIOR, N. 468, QD 24 LT 26 CS 07",CAICARA,"Casa, 52.75 de área total, 46.37 de área privativa, 52.75 de área do terreno,  2 qto(s), WC, 1 sala(s), cozinha.",177568.31,290000.0,38.77,Licitação Aberta,,PRAIA GRANDE,SP,Não
8444426669194,"RUA  PROFESSORA HELENY ROSA, N. 1597, Apto 05,",BALNEARIO ABC,"Apartamento, 56.18 de área total, 47.34 de área privativa, 0.00 de área do terreno,  2 qto(s), WC, 1 sala(s), cozinha.",159199.17,260000.0,38.77,Licitação Aberta,,PRAIA GRANDE,SP,Não
8444433644789,"AVENIDA BRIGADEIRO EDUARDO GOMES, N. 522, CS 04",BALNEARIO ABC,"Casa, 60.26 de área total, 53.46 de área privativa, 60.25 de área do terreno,  2 qto(s), a.serv, WC, 1 sala(s), cozinha, 1 vaga(s) de garagem.",189814.4,310000.0,38.77,Venda Online,,PRAIA GRANDE,SP,Sim
8444413798748,"AVENIDA ZELIA GIGLIOLI GALVES, N. 170, CASA 07,",ESMERALDA,"Casa, 50.44 de área total, 46.28 de área privativa, 42.51 de área do terreno, 1 vaga(s) de garagem.",146953.08,240000.0,38.77,Venda Direta Online,,PRAIA GRANDE,SP,Não
8444423893522,"AVENIDA HUGO DE CARVALHO RAMOS, N. 1738, CS 03",ESMERALDA,"Casa, 59.65 de área total, 50.43 de área privativa, 52.29 de área do terreno,  2 qto(s), a.serv, WC, 1 sala(s), cozinha, 1 vaga(s) de garagem.",168383.74,275000.0,38.77,Venda Direta Online,,PRAIA GRANDE,SP,Sim
8555538347921,"RUA COMENDADOR OTTO CARLOS GOLANDA, N. 500, Apto 95, TR 01",OCIAN,"Apartamento, 70.16 de área total, 47.45 de área privativa, 0.00 de área do terreno,  2 qto(s), a.serv, WC, 1 sala(s), cozinha, Terraco.",198998.96,325000.0,38.77,Licitação Aberta,,PRAIA GRANDE,SP,Não
8444430451939,"AVENIDA ROCHA PITA, N. 392, CS 03",JARDIM ACLIMACAO,"Casa, 59.09 de área total, 58.04 de área privativa, 59.09 de área do terreno,  2 qto(s), a.serv, WC, 1 sala(s), cozinha.",205122.01,335000.0,38.77,Licitação Aberta,,PRAIA GRANDE,SP,Não
8444422847063,"RUA INGLES DE SOUZA, N. 515, CASA 02",RIBEIROPOLIS,"Casa, 51.78 de área total, 41.59 de área privativa, 43.60 de área do terreno,  2 qto(s), a.serv, WC, 1 sala(s), cozinha, 1 vaga(s) de garagem.",175425.24,286500.0,38.77,Venda Online,,PRAIA GRANDE,SP,Sim
8444430060107,"RUA FLAVIO MONTEIRO DE CASTRO, N. 976, CS 09",RIBEIROPOLIS,"Casa, 54.29 de área total, 45.83 de área privativa, 43.58 de área do terreno,  2 qto(s), WC, 1 sala(s), cozinha, 1 vaga(s) de garagem.",162260.69,265000.0,38.77,Venda Direta Online,,PRAIA GRANDE,SP,Sim
8444436190797,"RUA MANUEL ANTONIO DE ALMEIDA, N. 182, CS 08",RIBEIROPOLIS,"Casa, 65.09 de área total, 54.77 de área privativa, 61.44 de área do terreno,  2 qto(s), a.serv, WC, 1 sala(s), 1 lavabo(s), cozinha, 1 vaga(s) de garagem.",226552.67,370000.0,38.77,Venda Direta Online,,PRAIA GRANDE,SP,Sim
1444419319746,"RUA GENERAL OSORIO, N. 54, CS 12",VILA NOGUEIRA,"Casa, 134.07 de área total, 124.83 de área privativa, 134.07 de área do terreno,  3 qto(s), a.serv, WC, 1 sala(s), 1 lavabo(s), cozinha.",401508.01,630000.0,36.27,Licitação Aberta,,PRAIA GRANDE,SP,Sim
10289442,"RUA JUVENTINO JUSTO FERNANDEZ, N. 15, CASA 02",MELVI,"Casa, 0.00 de área total, 53.50 de área privativa, 51.94 de área do terreno, 1 vaga(s) de garagem.",207764.46,326000.0,36.27,Licitação Aberta,,PRAIA GRANDE,SP,Não
1444423763108,"RUA LIBERO BADARO, N. 495, CS 03",VILA ASSUNCAO,"Casa, 0.00 de área total, 50.70 de área privativa, 57.52 de área do terreno, 1 vaga(s) de garagem.",232619.72,365000.0,36.27,Licitação Aberta,,PRAIA GRANDE,SP,Não
1444420398824,"AVENIDA MILTON DE OLIVEIRA, N. 1002, Apto 01, PAV SUPERIOR",MARACANA,"Apartamento, 0.00 de área total, 53.85 de área privativa, 0.00 de área do terreno,  2 qto(s), a.serv, WC, 1 sala(s), cozinha, 1 vaga(s) de garagem.",195018.18,306000.0,36.27,Venda Direta Online,,PRAIA GRANDE,SP,Sim
1444416463153,"AVENIDA MARECHAL MAURICIO JOSE CARDOSO, N. 1007, CS 01",JARDIM SARA,"Casa, 74.40 de área total, 69.40 de área privativa, 55.66 de área do terreno,  2 qto(s), a.serv, WC, 1 sala(s), 1 lavabo(s), cozinha.",435000.0,435000.0,0.0,Leilão SFI - Edital Único,,PRAIA GRANDE,SP,Não
8444428934316,"RUA REINALDO DOS SANTOS, N. 441, Apto 05, DUPLEX",JARDIM GLORIA,"Apartamento, 62.73 de área total, 53.40 de área privativa, 0.00 de área do terreno,  2 qto(s), a.serv, WC, 1 sala(s), 1 lavabo(s), cozinha, 1 vaga(s) de garagem.",276049.02,276049.02,0.0,Leilão SFI - Edital Único,,PRAIA GRANDE,SP,Não
8787714022334,"RUA SERGIO GREGORIO, N. 671, Apto 73, TORRE D",CALIPAL,"Apartamento, 51.47 de área total, 40.67 de área privativa, 0.00 de área do terreno, 1 vaga(s) de garagem.",250000.0,250000.0,0.0,Leilão SFI - Edital Único,,PRAIA GRANDE,SP,Não
1444424549185,"RUA DUQUE DE CAXIAS, N. 912, Apto 54, PAV 6",BOQUEIRAO,"Apartamento, 81.75 de área total, 52.20 de área privativa, 0.00 de área do terreno, 1 vaga(s) de garagem.",297000.0,297000.0,0.0,Leilão SFI - Edital Único,,PRAIA GRANDE,SP,Não
1444415128873,"RUA MANOEL RODRIGUES DOS REIS, N. 255, CS 7 ASSOBRADADA",VILA SONIA,"Casa, 65.10 de área total, 57.81 de área privativa, 50.97 de área do terreno,  2 qto(s), a.serv, WC, 1 sala(s), 1 lavabo(s), cozinha, 1 vaga(s) de garagem.",305000.0,305000.0,0.0,Leilão SFI - Edital Único,,PRAIA GRANDE,SP,Não
8444410778452,"RUA MANOEL RODRIGUES DOS REIS, N. 543, CS 03",VILA SONIA,"Casa, 62.73 de área total, 54.60 de área privativa, 0.00 de área do terreno,  2 qto(s), a.serv, WC, 1 sala(s), 1 lavabo(s), cozinha, 1 vaga(s) de garagem.",290000.0,290000.0,0.0,Leilão SFI - Edital Único,,PRAIA GRANDE,SP,Não
8444433861976,"RUA JOSE DA COSTA MONTEIRO, N. 1489, Apto 4, PAV TERREO",VILA SONIA,"Apartamento, 47.14 de área total, 41.29 de área privativa, 0.00 de área do terreno,  2 qto(s), a.serv, WC, 1 sala(s), 1 vaga(s) de garagem.",333000.0,333000.0,0.0,Leilão SFI - Edital Único,,PRAIA GRANDE,SP,Não
10303902,"RUA FRANCISCO MANUEL DA SILVA, N. 75, Qd 69, lt 28(P)",SAMAMBAIA,"Casa, 0.00 de área total, 59.50 de área privativa, 0.00 de área do terreno.",367000.0,367000.0,0.0,Leilão SFI - Edital Único,,PRAIA GRANDE,SP,Sim
1444419357591,"RUA DAS CASSIAS, N. 60, QD J1",SAMAMBAIA,"Casa, 173.27 de área total, 173.27 de área privativa, 161.25 de área do terreno,  2 qto(s), a.serv, WC, 1 sala(s), cozinha.",509000.0,509000.0,0.0,Leilão SFI - Edital Único,,PRAIA GRANDE,SP,Não
8444416037675,"RUA ASTROGILDA PINHEIRO FARNEZE, N. 52, CS 05",CAICARA,"Casa, 55.03 de área total, 49.20 de área privativa, 55.03 de área do terreno,  2 qto(s), a.serv, WC, 1 sala(s), cozinha, 1 vaga(s) de garagem.",361000.0,361000.0,0.0,Leilão SFI - Edital Único,,PRAIA GRANDE,SP,Não
8444428443045,"AVENIDA BRIGADEIRO EDUARDO GOMES, N. 736, CASA 09",MELVI,"Casa, 60.33 de área total, 52.80 de área privativa, 0.00 de área do terreno,  2 qto(s), a.serv, WC, 1 sala(s), 1 lavabo(s), cozinha, 1 vaga(s) de garagem.",265000.0,265000.0,0.0,Leilão SFI - Edital Único,,PRAIA GRANDE,SP,Não
1444421489823,"RUA JOSE LINS DO REGO, N. 106, PARTE DO LT 11 QD 03",SOLEMAR,"Casa, 95.44 de área total, 95.44 de área privativa, 159.00 de área do terreno.",358971.0,358971.0,0.0,Leilão SFI - Edital Único,,PRAIA GRANDE,SP,Não
8444421769433,"RUA CLODOALDO NORBERTO BUCHETTI, N. 193, PARTE LT 12 QD 27",PRINCESA,"Casa, 73.20 de área total, 73.20 de área privativa, 125.00 de área do terreno,  2 qto(s), a.serv, WC, 1 sala(s), cozinha.",291000.0,291000.0,0.0,Leilão SFI - Edital Único,,PRAIA GRANDE,SP,Não
8444427565023,"RUA AFONSO DESCRAGNOLLE TAUNAY, N. 1755, CS 3 ASSOBRADADA BALNEARIO JÓIA",ESMERALDA,"Casa, 60.46 de área total, 51.65 de área privativa, 51.08 de área do terreno,  2 qto(s), a.serv, WC, 1 sala(s), 1 lavabo(s), cozinha, 1 vaga(s) de garagem.",240000.0,240000.0,0.0,Leilão SFI - Edital Único,,PRAIA GRANDE,SP,Não
8444412880521,"AVENIDA ROCHA POMBO, N. 114, CASA 04",JARDIM TREVO,"Casa, 42.21 de área total, 41.10 de área privativa, 102.24 de área do terreno,  2 qto(s), a.serv, WC, 1 sala(s), cozinha, 1 vaga(s) de garagem.",248000.0,248000.0,0.0,Leilão SFI - Edital Único,,PRAIA GRANDE,SP,Não
8444430701757,"RUA JOSE BENEDITO DE ALMEIDA, N. 592, Apto 04,",TUPIRY,"Apartamento, 61.56 de área total, 54.30 de área privativa, 0.00 de área do terreno,  2 qto(s), a.serv, WC, 1 sala(s), 1 lavabo(s), cozinha, 1 vaga(s) de garagem.",330000.0,330000.0,0.0,Leilão SFI - Edital Único,,PRAIA GRANDE,SP,Não
8444430502819,"RUA VINTE E TRES DE MAIO, N. 1156, CS 04 PAV SUPERIOR",MIRIM,"Casa, 58.15 de área total, 50.14 de área privativa, 0.00 de área do terreno,  2 qto(s), WC, 1 sala(s), cozinha, 1 vaga(s) de garagem.",319000.0,319000.0,0.0,Leilão SFI - Edital Único,,PRAIA GRANDE,SP,Não
8787705371054,"RUA ALFRED NIEDERBICHLER, N. 392, RESIDÊNCIA 15",ANHANGUERA,"Casa, 105.17 de área total, 55.02 de área privativa, 0.00 de área do terreno,  2 qto(s), a.serv, WC, 1 sala(s), cozinha, 1 vaga(s) de garagem.",350311.0,350311.0,0.0,Leilão SFI - Edital Único,,PRAIA GRANDE,SP,Não
8444430785900,"AVENIDA CLODOARDO AMARAL, N. 1176, CS 2",RIBEIROPOLIS,"Casa, 54.20 de área total, 46.39 de área privativa, 46.39 de área do terreno,  2 qto(s), a.serv, WC, 1 sala(s), cozinha, 1 vaga(s) de garagem.",265000.0,265000.0,0.0,Leilão SFI - Edital Único,,PRAIA GRANDE,SP,Não
8444433450216,"RUA JORGE VIEIRA COUTINHO, N. 166, CS 4 LT BALNEÁRIO MAXLAND",ANTARTICA,"Casa, 58.23 de área total, 50.40 de área privativa, 50.40 de área do terreno,  2 qto(s), a.serv, WC, 1 sala(s), cozinha, 1 vaga(s) de garagem.",365000.0,365000.0,0.0,Leilão SFI - Edital Único,,PRAIA GRANDE,SP,Não
8444435988981,"AVENIDA DR. GUILHERME P. DE CAMPOS, N. 182, CS 7",MIRIM,"Casa, 55.62 de área total, 48.78 de área privativa, 48.78 de área do terreno,  2 qto(s), WC, 1 sala(s), cozinha, 1 vaga(s) de garagem.",359487.09,350954.12,0.0,Leilão SFI - Edital Único,,PRAIA GRANDE,SP,Não
1444420707100,"RUA DOUTOR NAPOLEAO LAUREANO, N. 340, Apto 1002,",TUPI,"Apartamento, 267.61 de área total, 155.17 de área privativa, 0.00 de área do terreno,  2 qto(s), a.serv, WC, 1 sala(s), cozinha.",627038.69,610000.0,0.0,Leilão SFI - Edital Único,,PRAIA GRANDE,SP,Não
1444425427954,"AVENIDA PROFESSOR DAIJIRO MATSUDA, N. 322, CS 4 ASSOBRADADA  LT 1 E 2 QD 7",MARACANA,"Casa, 64.01 de área total, 55.91 de área privativa, 0.00 de área do terreno,  2 qto(s), a.serv, WC, 1 sala(s), 1 lavabo(s), cozinha, 1 vaga(s) de garagem.",449267.13,430000.0,0.0,Leilão SFI - Edital Único,,PRAIA GRANDE,SP,Não
1444423683805,"AVENIDA OSASCO, N. 605, Apto 35, PAV 4",TUPI,"Apartamento, 73.77 de área total, 45.07 de área privativa, 0.00 de área do terreno, 1 vaga(s) de garagem.",220721.67,210000.0,0.0,Leilão SFI - Edital Único,,PRAIA GRANDE,SP,Não
8444436067731,"AVENIDA RAUL POMPEIA, N. 414, CS 1",RIBEIROPOLIS,"Casa, 41.56 de área total, 37.80 de área privativa, 37.80 de área do terreno,  1 qto(s), a.serv, WC, 1 sala(s), cozinha, 1 vaga(s) de garagem.",278345.72,250000.0,0.0,Leilão SFI - Edital Único,,PRAIA GRANDE,SP,Não
8444439194629,"AVENIDA MILTON DE OLIVEIRA, N. 271, CS 6",MELVI,"Casa, 43.92 de área total, 38.90 de área privativa, 38.90 de área do terreno,  2 qto(s), a.serv, WC, 1 sala(s), cozinha, 1 vaga(s) de garagem.",352005.44,316000.0,0.0,Leilão SFI - Edital Único,,PRAIA GRANDE,SP,Não
8444435485483,"AVENIDA FREI VICENTE DO SALVADOR, N. 608, UNIDADE 21",RIBEIROPOLIS,"Casa, 51.81 de área total, 51.41 de área privativa, 0.00 de área do terreno,  2 qto(s), a.serv, WC, 1 sala(s), 1 lavabo(s), cozinha, 1 vaga(s) de garagem.",313670.06,278000.0,0.0,Leilão SFI - Edital Único,,PRAIA GRANDE,SP,Não
8444436486475,"AVENIDA JAIRO DE CAMARGO MARTINS, N. 1537, CS 6 LT 14 QD 89",SAMAMBAIA,"Casa, 53.32 de área total, 42.04 de área privativa, 39.60 de área do terreno,  2 qto(s), a.serv, WC, 1 sala(s), cozinha, 1 vaga(s) de garagem.",297076.34,260000.0,0.0,Leilão SFI - Edital Único,,PRAIA GRANDE,SP,Não
1444420361084,"RUA CAPITAO FRITZ ROGNER, N. 76, CASA 12",CAICARA,"Casa, 55.35 de área total, 48.89 de área privativa, 55.35 de área do terreno,  2 qto(s), WC, 1 sala(s), cozinha, 1 vaga(s) de garagem.",326227.28,277000.0,0.0,Leilão SFI - Edital Único,,PRAIA GRANDE,SP,Não
8444436317592,"AVENIDA JAIRO DE CAMARGO MARTINS, N. 1537, CASA 02  QUADRA 89 LOTE 14",SAMAMBAIA,"Casa, 57.97 de área total, 45.71 de área privativa, 0.00 de área do terreno, 2 vaga(s) de garagem.",310879.38,260000.0,0.0,Leilão SFI - Edital Único,,PRAIA GRANDE,SP,Não
8444438112769,"RUA ANTONIO MARIA, N. 20, CS 4 LT 2 QD 100",PARQUE DAS AMERICAS,"Casa, 46.66 de área total, 40.74 de área privativa, 0.00 de área do terreno,  2 qto(s), a.serv, WC, 1 sala(s), cozinha, 1 vaga(s) de garagem.",350861.22,273000.0,0.0,Leilão SFI - Edital Único,,PRAIA GRANDE,SP,Não
8444437933360,"RUA FILOMENA DINIZ FERNANDES, N. 435, CS 05 LT 26 QD 22 LOT JD REAL",PRINCESA,"Casa, 57.45 de área total, 51.22 de área privativa, 53.02 de área do terreno,  2 qto(s), a.serv, WC, 1 sala(s), cozinha, 1 vaga(s) de garagem.",377490.03,290000.0,0.0,Leilão SFI - Edital Único,,PRAIA GRANDE,SP,Não
8444424215064,"RUA JOAO BARRIOS, N. SN, LOTE 18-B, QUADRA 1",PARQUE PRIMAVERA,"Casa, 0.00 de área total, 59.29 de área privativa, 150.00 de área do terreno.",69961.74,147307.78,52.51,Venda Direta Online,,PRESIDENTE PRUDENTE,SP,Não
8444425113966,"RUA JOAO DOS SANTOS, N. 72, LT 07 QD C",RESIDENCIAL NOVO HORIZONTE,"Terreno, 0.00 de área total, 0.00 de área privativa, 160.00 de área do terreno.",42519.61,88000.0,51.69,Venda Direta Online,,PRESIDENTE PRUDENTE,SP,Não
8444426105002,"RUA FRANCISCA COLINO MATHEUS, N. 165, FA",VILA NOVA PRUDENTE,"Terreno, 51.11 de área total, 0.00 de área privativa, 140.70 de área do terreno.",84033.11,165000.0,49.08,Venda Direta Online,,PRESIDENTE PRUDENTE,SP,Não
8444429498498,"RUA FRANCISCA COLINO MATHEUS, N. SN, LT C PARTE LTS 26-27-28 QD F",VILA NOVA PRUDENTE,"Terreno, 0.00 de área total, 0.00 de área privativa, 144.17 de área do terreno.",45185.85,85000.0,46.85,Venda Direta Online,,PRESIDENTE PRUDENTE,SP,Não
8444429767685,"AVENIDA OLIVIO BRASILIANO DOS SANTOS, N. 69, LOTE A",JARDIM SANTA MARTA,"Terreno, 0.00 de área total, 0.00 de área privativa, 150.00 de área do terreno.",49208.01,91000.0,45.93,Venda Direta Online,,PRESIDENTE PRUDENTE,SP,Não
8444429133899,"RUA CARMEN SPINOSSA FORTE (ANTIGA RUA 10 TRECHO 02, N. SN, LT 22 QD P",PARQUE DOS RESEDAS,"Terreno, 0.00 de área total, 0.00 de área privativa, 183.08 de área do terreno.",49497.47,90000.0,45.01,Venda Direta Online,,PRESIDENTE PRUDENTE,SP,Não
8444432033018,"RUA FRANCISCA COLINO MATHEUS, N. SN, LT D 26, 27 E 28 QD F",VILA NOVA PRUDENTE,"Terreno, 0.00 de área total, 0.00 de área privativa, 146.45 de área do terreno.",25937.66,47000.0,44.82,Venda Direta Online,,PRESIDENTE PRUDENTE,SP,Não
8444427610304,"RUA ANTONIO RIBEIRO, N. SN, LT 02-A QD L1",PARQUE ALEXANDRINA,"Terreno, 0.00 de área total, 0.00 de área privativa, 126.00 de área do terreno.",32008.16,58000.0,44.82,Venda Direta Online,,PRESIDENTE PRUDENTE,SP,Não
8444426855702,"RUA ARQUIAS GOMES DE MIRANDA, N. SN, LT 11-A",MONTALVAO,"Terreno, 0.00 de área total, 0.00 de área privativa, 550.00 de área do terreno.",85623.96,150000.0,42.92,Venda Online,,PRESIDENTE PRUDENTE,SP,Não
8444432396820,"RUA ABILIO FERNANDES BARBURA, N. SN, LOTE 01C",PARQUE IMPERIAL,"Terreno, 0.00 de área total, 0.00 de área privativa, 225.00 de área do terreno.",59999.74,105000.0,42.86,Licitação Aberta,,PRESIDENTE PRUDENTE,SP,Não
8444437756832,"RUA 02, N. SN, LOTE 13 QUADRA H",RES ALTA VISTA I,"Terreno, 0.00 de área total, 0.00 de área privativa, 160.00 de área do terreno.",51523.68,89000.0,42.11,Venda Online,,PRESIDENTE PRUDENTE,SP,Não
8444434799930,"RUA ANTONIO PEDRO, N. SN, LT 28 QD 28",RESIDENCIAL NOVO HORIZONTE,"Terreno, 0.00 de área total, 0.00 de área privativa, 160.00 de área do terreno.",52102.6,90000.0,42.11,Venda Direta Online,,PRESIDENTE PRUDENTE,SP,Não
8444425184693,"AVENIDA PRESIDENTE JUSCELINO KUBITSCHEK, N. 15427, LT 06C",JARDIM CAMBUCI,"Terreno, 0.00 de área total, 0.00 de área privativa, 157.51 de área do terreno.",74522.75,128648.74,42.08,Venda Direta Online,,PRESIDENTE PRUDENTE,SP,Não
8444432479679,"RUA MATEUS JOSE DA SILVA, N. SN, LT 18B QD D1",PARQUE ITABURA,"Terreno, 0.00 de área total, 0.00 de área privativa, 126.00 de área do terreno.",44730.12,77000.0,41.91,Licitação Aberta,,PRESIDENTE PRUDENTE,SP,Não
8444424522005,"RUA JAIRO VILAS BOAS, N. 25, LOTE 04B  QUADRA 09",JARDIM PLANALTO,"Terreno, 0.00 de área total, 0.00 de área privativa, 125.00 de área do terreno.",42987.38,74000.0,41.91,Licitação Aberta,,PRESIDENTE PRUDENTE,SP,Não
8444429706821,"AVENIDA OLIVIO BRASILIANO DOS SANTOS, N. SN, LT B",JARDIM SANTA MARTA,"Terreno, 0.00 de área total, 0.00 de área privativa, 150.00 de área do terreno.",40140.92,69100.0,41.91,Licitação Aberta,,PRESIDENTE PRUDENTE,SP,Não
8444427659940,"RUA MOACIR MASCARENHAS DE MORAES, N. 186, LT 11A",PARQUE ALEXANDRINA,"Terreno, 0.00 de área total, 0.00 de área privativa, 126.00 de área do terreno.",35435.55,61000.0,41.91,Licitação Aberta,,PRESIDENTE PRUDENTE,SP,Não
8444427473692,"RUA ADEVAIR RIZO MAZINE, N. SN, LT 05 QD Y",RESIDENCIAL ALTA VISTA I,"Terreno, 0.00 de área total, 0.00 de área privativa, 160.00 de área do terreno.",46472.85,80000.0,41.91,Venda Direta Online,,PRESIDENTE PRUDENTE,SP,Não
8787703547813,"AVENIDA MASAHARU AKAKI, N. 869, Apto 202, BL 08 BOX 75",PARQUE WATAL ISHIBASHI,"Apartamento, 94.32 de área total, 39.30 de área privativa, 0.00 de área do terreno,  2 qto(s), a.serv, WC, 1 sala(s), cozinha, 1 vaga(s) de garagem.",86063.06,147000.0,41.46,Licitação Aberta,,PRESIDENTE PRUDENTE,SP,Não
8787709739315,"AVENIDA MASAHARU AKAKI, N. 869, Apto 301, BL14 PAV 03 VG 162",PARQUE WATAL ISHIBASHI,"Apartamento, 0.00 de área total, 39.30 de área privativa, 0.00 de área do terreno,  2 qto(s), a.serv, WC, 1 sala(s), cozinha, 1 vaga(s) de garagem.",87819.45,150000.0,41.46,Venda Direta Online,,PRESIDENTE PRUDENTE,SP,Não
8444434138330,"RUA DEGAIL PALMA DIAS, N. SN, LT 13C, QD 13",JARDIM SUMARE,"Terreno, 51.00 de área total, 0.00 de área privativa, 126.42 de área do terreno,  2 qto(s).",81964.82,140000.0,41.46,Venda Direta Online,,PRESIDENTE PRUDENTE,SP,Não
1444413550780,"R MAURO MELONI, N. S/N, LT 3-B, QD 16",PARQUE IMPERIAL,"Terreno, 0.00 de área total, 0.00 de área privativa, 180.00 de área do terreno.",79538.73,135000.0,41.09,Venda Direta Online,,PRESIDENTE PRUDENTE,SP,Não
8787702328379,"RUA ERMINIO TERIM, N. 900, Apto 204, BL  10",VILA RAMOS DE FREITAS,"Apartamento, 92.49 de área total, 39.30 de área privativa, 0.00 de área do terreno,  2 qto(s), a.serv, WC, 1 sala(s), cozinha, 1 vaga(s) de garagem.",94815.14,160000.0,40.75,Venda Direta Online,,PRESIDENTE PRUDENTE,SP,Não
8787702995634,"RUA ERMINIO TERIM, N. 900, Apto 401, BL 4",VILA RAMOS DE FREITAS,"Apartamento, 81.45 de área total, 39.30 de área privativa, 0.00 de área do terreno,  2 qto(s), a.serv, WC, 1 sala(s), cozinha, 1 vaga(s) de garagem.",94815.14,160000.0,40.75,Venda Direta Online,,PRESIDENTE PRUDENTE,SP,Não
8555533377822,"TRAVESSA SILVIA MORI, N. 46, CS 25",VILA LUSO,"Casa, 45.90 de área total, 44.46 de área privativa, 85.20 de área do terreno,  2 qto(s), varanda, a.serv, WC, 1 sala(s), cozinha, 1 vaga(s) de garagem.",106667.03,180000.0,40.75,Venda Direta Online,,PRESIDENTE PRUDENTE,SP,Não
8787701581348,"RUA ERMINIO TERIN, N. 900, Apto 401, BL 13 PAV4 VG 124",JARDIM ITATIAIA,"Apartamento, 39.30 de área total, 39.30 de área privativa, 0.00 de área do terreno,  2 qto(s), a.serv, WC, 1 sala(s), cozinha, 1 vaga(s) de garagem.",96592.92,163000.0,40.75,Licitação Aberta,,PRESIDENTE PRUDENTE,SP,Não
8555537313985,"RUA MARIA ANGELA DE OLIVEIRA ESTERQUE, N. 857, CS 30",LIMOEIRO,"Casa, 51.93 de área total, 51.76 de área privativa, 83.92 de área do terreno,  2 qto(s), a.serv, WC, 1 sala(s), cozinha, 1 vaga(s) de garagem.",122091.53,202000.0,39.56,Venda Direta Online,,PRESIDENTE PRUDENTE,SP,Não
8444426524781,"RUA JOAQUIM TOFANELLI, N. SN, LOTE 04B, QD B",JARDIM SABARA,"Terreno, 0.00 de área total, 0.00 de área privativa, 144.00 de área do terreno.",111816.5,185000.0,39.56,Venda Direta Online,,PRESIDENTE PRUDENTE,SP,Não
8787712167653,"RUA ALZIRA MARIA DOS SANTOS SILVA, N. 70, LT 06 QD 30",VIDA NOVA PRESIDENTE PRUDENTE I,"Casa, 81.47 de área total, 45.47 de área privativa, 160.00 de área do terreno,  2 qto(s), a.serv, WC, 1 sala(s), cozinha.",111816.5,185000.0,39.56,Venda Direta Online,,PRESIDENTE PRUDENTE,SP,Não
8787713486930,"RUA ARISTIDES PINTO SOARES, N. 410, Apto 201, 2° PAV TORRE 01, VG N° 19",PARQUE BANDEIRANTES,"Apartamento, 83.43 de área total, 36.29 de área privativa, 0.00 de área do terreno,  2 qto(s), a.serv, WC, 1 sala(s), cozinha, 1 vaga(s) de garagem.",153076.13,250000.0,38.77,Venda Online,,PRESIDENTE PRUDENTE,SP,Não
8555504929898,"RUA SAO JUDAS TADEU, N. 38, QD D LT 19",VILA PAULO ROBERTO,"Prédio, 0.00 de área total, 74.50 de área privativa, 205.75 de área do terreno.",168888.29,265000.0,36.27,Licitação Aberta,,PRESIDENTE PRUDENTE,SP,Não
1444421922322,"RUA MAURICIO GALVANIN, N. 159, LT 11 QD K",RESIDENCIAL GREEN VILLE,"Casa, 311.89 de área total, 311.89 de área privativa, 552.62 de área do terreno.",564023.16,885000.0,36.27,Licitação Aberta,,PRESIDENTE PRUDENTE,SP,Sim
10311532,"AVENIDA LUIS CEZARIO, N. 688, QD 07, LT 09",JARDIM COLINA,"Prédio, 0.00 de área total, 740.00 de área privativa, 1265.78 de área do terreno.",3300000.0,3300000.0,0.0,Leilão SFI - Edital Único,,PRESIDENTE PRUDENTE,SP,Sim
8787712284498,"RUA ANTONIO DEPIERI, N. 162, H08",RESIDENCIAL ALTA VISTA II,"Casa, 43.92 de área total, 43.92 de área privativa, 160.00 de área do terreno,  2 qto(s), a.serv, WC, 1 sala(s), cozinha, 1 vaga(s) de garagem.",152000.0,152000.0,0.0,Leilão SFI - Edital Único,,PRESIDENTE PRUDENTE,SP,Não
8787706499577,"RUA EMILIO ALMEIDA DA SILVA, N. 144, LT 28 QD 27",VIDA NOVA PRESIDENTE PRUDENTE II,"Casa, 45.47 de área total, 45.47 de área privativa, 214.12 de área do terreno,  2 qto(s), WC, 1 sala(s), cozinha, 1 vaga(s) de garagem.",160000.0,160000.0,0.0,Leilão SFI - Edital Único,,PRESIDENTE PRUDENTE,SP,Não
8787708994770,"RUA PATRICIA GONCALVES TOLEDO, N. 170, Apto AP 10, BL 9",CONJUNTO HABITACIONAL MARIO AMATO,"Apartamento, 92.81 de área total, 39.30 de área privativa, 0.00 de área do terreno,  2 qto(s), WC, 1 vaga(s) de garagem.",156000.0,156000.0,0.0,Leilão SFI - Edital Único,,PRESIDENTE PRUDENTE,SP,Não
10149824,"AVENIDA JOAQUIM CONSTANTINO, N. 3756",VILA FORMOSA,"Comercial, 0.00 de área total, 819.08 de área privativa, 8804.83 de área do terreno.",6500444.85,6450000.0,0.0,Leilão SFI - Edital Único,,PRESIDENTE PRUDENTE,SP,Sim
1787700990904,"RUA GEREMIA ANHASCO, N. 182, Apto 536, BL 05 MADRID 3 PAV BOX 40",CECAP,"Apartamento, 0.00 de área total, 57.66 de área privativa, 0.00 de área do terreno,  2 qto(s), varanda, a.serv, WC, 1 sala(s), 1 lavabo(s), cozinha, 1 vaga(s) de garagem.",256689.94,216000.0,0.0,Leilão SFI - Edital Único,,PRESIDENTE PRUDENTE,SP,Não
8444427221669,"RUA NATAL ULIAN, LT 11, QD C-1",JARDIM NOVO PRUDENTINO,"Terreno, 0.00 de área total, 0.00 de área privativa, 272.00 de área do terreno.",211213.1,105000.0,0.0,Leilão SFI - Edital Único,,PRESIDENTE PRUDENTE,SP,Não
8444421787199,"AVENIDA JOSE INACIO DA CUNHA, N. 255, QD B LT 05",CAINGANGS,"Casa, 53.55 de área total, 53.55 de área privativa, 280.00 de área do terreno,  2 qto(s), WC, 1 sala(s), cozinha.",84892.14,145000.0,41.46,Venda Direta Online,,QUEIROZ,SP,Não
8444411673565,"RUA ACACIAS, N. 41, LT 15 QD E",JARDIM DAS PALMEIRAS,"Casa, 45.00 de área total, 45.00 de área privativa, 160.00 de área do terreno,  1 qto(s), a.serv, WC, 1 sala(s), cozinha.",157000.0,157000.0,0.0,Leilão SFI - Edital Único,,QUINTANA,SP,Não
1444419496176,"RUA TEOFILO OTONI, N. 223,",CENTRO,"Casa, 209.85 de área total, 209.85 de área privativa, 291.60 de área do terreno,  3 qto(s), a.serv, WC, 2 sala(s), cozinha, 1 vaga(s) de garagem.",254925.72,400000.0,36.27,Venda Direta Online,,REGENTE FEIJO,SP,Sim
8444417077522,"RUA ANTONIO NORONHA RIBEIRO, N. 110, LT 01, QD 12",JARDIM MARIA LUIZA I,"Casa, 0.00 de área total, 43.98 de área privativa, 156.61 de área do terreno,  2 qto(s), WC, 1 sala(s), cozinha, 1 vaga(s) de garagem.",115706.54,210000.0,44.91,Venda Direta Online,,REGINOPOLIS,SP,Não
8444434533034,"RUA JOSE MAFFEI, N. 82,",JARDIM MARIA LUIZA II,"Casa, 41.10 de área total, 41.10 de área privativa, 179.79 de área do terreno,  1 qto(s), a.serv, WC, 1 sala(s), cozinha.",105481.84,178000.0,40.75,Venda Online,,REGINOPOLIS,SP,Não
8444437996906,"RUA APARECIDA VERISSIMO MENDONCA, N. SN,  LT 0189  ANTIGO 21  QD 0154  ANTIGO 0",JARDIM MARIA LUIZA I,"Terreno, 0.00 de área total, 0.00 de área privativa, 182.00 de área do terreno.",183305.3,71000.0,0.0,Leilão SFI - Edital Único,,REGINOPOLIS,SP,Não
1444415683311,"RUA TREZE, N. 45, V37A",JARDIM PAULISTANO,"Casa, 80.08 de área total, 80.08 de área privativa, 150.00 de área do terreno,  2 qto(s), a.serv, WC, WC Emp, 1 sala(s), cozinha, 1 vaga(s) de garagem.",242399.67,230000.0,0.0,Leilão SFI - Edital Único,,REGISTRO,SP,Não
1444419378092,"RUA EDUARDO VALERIANO NARDELLI, N. 2000,",OURO FINO PAULISTA,"Casa, 500.00 de área total, 500.00 de área privativa, 4000.00 de área do terreno,  5 qto(s), a.serv, WC, 3 sala(s), cozinha, Terraco, 8 vaga(s) de garagem.",1784480.04,2800000.0,36.27,Venda Online,,RIBEIRAO PIRES,SP,Sim
10007318,"EST DE SAPOPEMBA, N. 7123, ENTRADA PELA R SUENARI KAJIYA, 549",SANTA LUZIA,"Terreno, 0.00 de área total, 0.00 de área privativa, 508200.00 de área do terreno.",4768700.0,4768700.0,0.0,Leilão SFI - Edital Único,,RIBEIRAO PIRES,SP,Sim
8444430263636,"RUA JOSE DE ALCANTARA, N. 1075, Apto 02, BL B TORRE 1",VITTA HEITOR RIGON,"Apartamento, 102.67 de área total, 41.19 de área privativa, 0.00 de área do terreno,  2 qto(s), WC, 1 sala(s), cozinha, 1 vaga(s) de garagem.",71660.67,153000.0,53.17,Venda Direta Online,,RIBEIRAO PRETO,SP,Não
8787702989626,"RUA JOSE DE ALCANTARA, N. 765, Apto 22, BLB, TR 3",JARDIM HEITOR RIGON,"Apartamento, 89.45 de área total, 43.06 de área privativa, 0.00 de área do terreno,  2 qto(s), 1 sala(s), cozinha.",66508.6,142000.0,53.17,Venda Online,,RIBEIRAO PRETO,SP,Não
8444429179104,"RUA ITAJUBA, N. 1161, Apto 02, BL A TORRE 2",JARDIM JAVARI,"Apartamento, 89.41 de área total, 42.96 de área privativa, 0.00 de área do terreno,  2 qto(s), a.serv, WC, 1 sala(s), cozinha, 1 vaga(s) de garagem.",82489.16,174000.0,52.6,Venda Direta Online,,RIBEIRAO PRETO,SP,Não
8555538503613,"ESTRADA MUNICIPAL - RPR 432, N. 100, Apto 24, 2 PAV TORRE 6 VERONA",RECANTO DAS PALMEIRAS,"Apartamento, 0.00 de área total, 42.35 de área privativa, 0.00 de área do terreno,  2 qto(s), WC, 1 sala(s), cozinha, 1 vaga(s) de garagem.",79223.14,160000.0,50.49,Venda Direta Online,,RIBEIRAO PRETO,SP,Não
8787710094110,"RUA ADEMIR SPAGNOL MILUZZI, N. 700, Apto 24, BLOCO E, TORRE 3",JARDIM DIVA TARLA DE CARVALHO,"Apartamento, 85.47 de área total, 39.21 de área privativa, 0.00 de área do terreno,  2 qto(s), WC, 1 sala(s), cozinha, 1 vaga(s) de garagem.",75641.82,152000.0,50.24,Venda Online,,RIBEIRAO PRETO,SP,Não
8444432715925,"RUA ITAJUBA, N. 1161, Apto 11, TORRE 02, BLOCO B",JARDIM JAVARI,"Apartamento, 89.41 de área total, 42.96 de área privativa, 0.00 de área do terreno,  2 qto(s), WC, 1 sala(s), cozinha, 1 vaga(s) de garagem.",76637.1,154000.0,50.24,Venda Online,,RIBEIRAO PRETO,SP,Não
8444402740670,"RUA MATO GROSSO, N. 2134, QD 17 LT 01 E 02",VILA RECREIO,"Casa, 0.00 de área total, 89.51 de área privativa, 120.00 de área do terreno,  2 qto(s), a.serv, 1 vaga(s) de garagem.",82872.23,165000.0,49.78,Venda Direta Online,,RIBEIRAO PRETO,SP,Não
8787704372103,"RUA TITO BONAGAMBA, N. 350, Apto 01, TORRE 3 - BL C",VALENTINA FIGUEIREDO,"Apartamento, 89.34 de área total, 43.06 de área privativa, 0.00 de área do terreno,  2 qto(s), a.serv, WC, 1 sala(s), cozinha, 1 vaga(s) de garagem.",88148.45,175000.0,49.63,Venda Online,,RIBEIRAO PRETO,SP,Sim
8555540138544,"AVENIDA DOUTOR FERNANDO MENDES GARCIA, N. 2720, Apto 12, BL E, TORRE 05",JARDIM DIVA TARLA DE CARVALHO,"Apartamento, 101.48 de área total, 43.06 de área privativa, 0.00 de área do terreno,  2 qto(s), a.serv, WC, 1 sala(s), cozinha, 1 vaga(s) de garagem.",84118.8,167000.0,49.63,Venda Online,,RIBEIRAO PRETO,SP,Sim
8555526142262,"RUA ITAJUBA, N. 1161, Apto 21, BL C",JARDIM JAVARI,"Apartamento, 89.41 de área total, 42.96 de área privativa, 0.00 de área do terreno,  2 qto(s), a.serv, WC, 1 sala(s), cozinha, 1 vaga(s) de garagem.",79585.45,158000.0,49.63,Venda Online,,RIBEIRAO PRETO,SP,Sim
8787707874720,"RUA JOAO E GUIOMAR SOEIRA, N. 155, Apto 401, BL 30",RESERVA REAL,"Apartamento, 80.32 de área total, 41.85 de área privativa, 0.00 de área do terreno,  2 qto(s), a.serv, WC, 1 sala(s), cozinha, 1 vaga(s) de garagem.",86133.62,171000.0,49.63,Venda Direta Online,,RIBEIRAO PRETO,SP,Não
8787714420380,"AVENIDA GOVERNADOR MARIO COVAS, N. 7555, Apto 01, TR 5 BL C",VALENTINA FIGUEIREDO,"Apartamento, 0.00 de área total, 43.06 de área privativa, 0.00 de área do terreno, 1 vaga(s) de garagem.",78378.86,153000.0,48.78,Venda Direta Online,,RIBEIRAO PRETO,SP,Não
8787710657009,"RUA ADEMIR SPAGNOL MILUZZI, N. 700, Apto 31, BL E TR 03",JARDIM DIVA TARLA DE CARVALHO,"Apartamento, 85.48 de área total, 39.21 de área privativa, 0.00 de área do terreno,  2 qto(s), WC, 1 sala(s), cozinha, 1 vaga(s) de garagem.",74792.9,146000.0,48.78,Venda Direta Online,,RIBEIRAO PRETO,SP,Não
8555533983404,"RUA PALMIRO BIM, N. 597, Apto 12, BL C TORRE 04",PARQUE DOS PINUS,"Apartamento, 88.42 de área total, 40.71 de área privativa, 0.00 de área do terreno,  2 qto(s), a.serv, WC, 1 sala(s), cozinha, 1 vaga(s) de garagem.",73256.05,143000.0,48.78,Venda Online,,RIBEIRAO PRETO,SP,Não
8555538415080,"RUA JOSE DE ALCANTARA, N. 1075, Apto 3, TORRE 2 BLOCO D",JARDIM HEITOR RIGON,"Apartamento, 112.23 de área total, 46.36 de área privativa, 0.00 de área do terreno,  2 qto(s), WC, 1 sala(s), cozinha, 1 vaga(s) de garagem.",79403.42,155000.0,48.78,Venda Direta Online,,RIBEIRAO PRETO,SP,Não
8787705770811,"RUA JOSE DE ALCANTARA, N. 765, Apto 01, BL E TORRE 1",JARDIM HEITOR RIGON,"Apartamento, 89.45 de área total, 43.06 de área privativa, 0.00 de área do terreno,  2 qto(s), a.serv, WC, 1 sala(s), 1 vaga(s) de garagem.",79403.42,155000.0,48.78,Venda Direta Online,,RIBEIRAO PRETO,SP,Não
8787708806876,"RUA MARIA AUXILIA ABRANCHES FARIA, N. 565, Apto 24, BL B TORRE 1",VILA ABRANCHES,"Apartamento, 94.24 de área total, 42.14 de área privativa, 0.00 de área do terreno,  2 qto(s), WC, 1 sala(s), cozinha, 1 vaga(s) de garagem.",100181.53,195000.0,48.63,Venda Direta Online,,RIBEIRAO PRETO,SP,Sim
8787703125412,"RUA TITO BONAGAMBA, N. 350, Apto 04, TORRE 1 - BL E",VALENTINA FIGUEIREDO,"Apartamento, 89.34 de área total, 43.06 de área privativa, 0.00 de área do terreno,  2 qto(s), WC, 1 sala(s), cozinha, 1 vaga(s) de garagem.",94530.26,184000.0,48.63,Venda Online,,RIBEIRAO PRETO,SP,Sim
8555520623447,"RUA PADRE BENTO DIAS PACHECO, N. 380, Apto 14, BL H",GERALDO CORREIA DE CARVALHO,"Apartamento, 120.00 de área total, 48.79 de área privativa, 0.00 de área do terreno,  2 qto(s), WC, 1 sala(s), cozinha, 1 vaga(s) de garagem.",72357.86,140000.0,48.32,Venda Direta Online,,RIBEIRAO PRETO,SP,Não
8555533516407,"AV ALFREDO RAVANELI, N. 3409, Apto 305, BL 4",CONJUNTO HABITACIONAL JARDIM DAS PALMEIR,"Apartamento, 105.46 de área total, 47.45 de área privativa, 0.00 de área do terreno,  2 qto(s), WC, 1 sala(s), cozinha, 1 vaga(s) de garagem.",109185.02,210000.0,48.01,Venda Direta Online,,RIBEIRAO PRETO,SP,Sim
8787716759997,"RUA PROFESSOR AYLTON RICOY DE OLIVEIRA, N. 925, Apto 403, BL 31 VAGA 222",JARDIM OURO BRANCO,"Apartamento, 68.52 de área total, 43.54 de área privativa, 0.00 de área do terreno,  2 qto(s), WC, 1 sala(s), cozinha, 1 vaga(s) de garagem.",105545.52,203000.0,48.01,Venda Direta Online,,RIBEIRAO PRETO,SP,Sim
8444430787864,"AV ALFREDO RAVANELI, N. 3409, Apto 206, BL 5",PQ ROMANCE,"Apartamento, 0.00 de área total, 46.95 de área privativa, 0.00 de área do terreno.",83750.18,160000.0,47.66,Venda Direta Online,,RIBEIRAO PRETO,SP,Não
8787703809389,"RUA TITO BONAGAMBA, N. 350, Apto 21, TR 05 BL B",VALENTINA FIGUEIREDO,"Apartamento, 89.34 de área total, 43.06 de área privativa, 0.00 de área do terreno,  2 qto(s), WC, 1 sala(s), cozinha, 1 vaga(s) de garagem.",73768.33,140000.0,47.31,Venda Direta Online,,RIBEIRAO PRETO,SP,Não
8787704091490,"RUA TITO BONAGAMBA, N. 350, Apto 01, TORRE 05, BL F, TERREO",VALENTINA FIGUEIREDO,"Apartamento, 89.34 de área total, 43.06 de área privativa, 0.00 de área do terreno,  2 qto(s), WC, 1 sala(s), 1 vaga(s) de garagem.",73768.33,140000.0,47.31,Venda Online,,RIBEIRAO PRETO,SP,Não
8555538387630,"RUA JOSE DE ALCANTARA, N. 1115, Apto 24, TORRE 01 BL B",JARDIM HEITOR RIGON,"Apartamento, 0.00 de área total, 46.36 de área privativa, 0.00 de área do terreno, 1 vaga(s) de garagem.",76402.92,145000.0,47.31,Venda Online,,RIBEIRAO PRETO,SP,Não
8787713795410,"AVENIDA GOVERNADOR MARIO COVAS, N. 7555, Apto 04, TORRE 04 BL A",VALENTINA FIGUEIREDO,"Apartamento, 89.20 de área total, 43.06 de área privativa, 0.00 de área do terreno,  2 qto(s), a.serv, WC, 1 sala(s), cozinha, 1 vaga(s) de garagem.",94933.65,178000.0,46.67,Venda Online,,RIBEIRAO PRETO,SP,Sim
8444434869539,"RUA FELICIANO ALVES FARIA, N. 311, Apto 104, BL 01 TÉRREO VG 04",VILA ABRANCHES,"Apartamento, 107.99 de área total, 38.84 de área privativa, 0.00 de área do terreno,  1 qto(s), WC, cozinha, 1 vaga(s) de garagem.",78525.22,145000.0,45.85,Venda Online,,RIBEIRAO PRETO,SP,Não
8787703612615,"RUA TITO BONAGAMBA, N. 350, Apto 03, BL A TORRE 1",VALENTINA FIGUEIREDO,"Apartamento, 89.34 de área total, 43.06 de área privativa, 0.00 de área do terreno,  2 qto(s), WC, 1 sala(s), cozinha, 1 vaga(s) de garagem.",76359.0,141000.0,45.85,Venda Direta Online,,RIBEIRAO PRETO,SP,Não
8787705169824,"RUA JOSE DE ALCANTARA, N. 765, Apto 02, TR 04 BL C",JARDIM HEITOR RIGON,"Apartamento, 89.45 de área total, 43.06 de área privativa, 0.00 de área do terreno,  2 qto(s), WC, 1 sala(s), cozinha, 1 vaga(s) de garagem.",77442.11,143000.0,45.85,Venda Direta Online,,RIBEIRAO PRETO,SP,Não
8787703705435,"AVENIDA DOS ANDRADAS, N. 550, Apto 33, BLOCO 06",JARDIM MARCHESI,"Apartamento, 64.39 de área total, 46.80 de área privativa, 0.00 de área do terreno,  2 qto(s), WC, 1 sala(s), cozinha, 1 vaga(s) de garagem.",75817.45,140000.0,45.85,Venda Online,,RIBEIRAO PRETO,SP,Não
8787703714558,"RUA OVIDIO COLUS, N. 80, Apto 02, BL A TORRE 01",JARDIM JOSE SAMPAIO JUNIOR,"Apartamento, 0.00 de área total, 42.50 de área privativa, 0.00 de área do terreno,  2 qto(s), WC, 1 sala(s), cozinha, 1 vaga(s) de garagem.",78525.22,145000.0,45.85,Venda Direta Online,,RIBEIRAO PRETO,SP,Não
8787712592214,"RUA PROFESSOR AYLTON RICOY DE OLIVEIRA, N. 925, Apto 401, BL 5",JARDIM OURO BRANCO,"Apartamento, 64.24 de área total, 40.82 de área privativa, 0.00 de área do terreno,  2 qto(s), WC, 1 sala(s), cozinha.",75817.45,140000.0,45.85,Venda Direta Online,,RIBEIRAO PRETO,SP,Não
8787716437655,"RUA GERALDO RINHEL SOBRINHO, N. 400, Apto 405, BL 09 PAV 03",RESERVA MACAUBA,"Apartamento, 91.43 de área total, 43.30 de área privativa, 0.00 de área do terreno,  2 qto(s), WC, 1 sala(s), cozinha, 1 vaga(s) de garagem.",83940.76,155000.0,45.85,Venda Direta Online,,RIBEIRAO PRETO,SP,Não
8787715015676,"RUA TABATINGA, N. 1685, Apto 18, PAV 1",IPIRANGA,"Apartamento, 95.53 de área total, 49.60 de área privativa, 0.00 de área do terreno,  2 qto(s), a.serv, WC, 1 sala(s), cozinha, 1 vaga(s) de garagem.",108794.43,200000.0,45.61,Venda Online,,RIBEIRAO PRETO,SP,Sim
8787715560194,"AVENIDA GENERAL EUCLYDES DE FIGUEIREDO, N. 1655, Apto 21, TORRE 8 BL B",QUINTINO FACCI II,"Apartamento, 104.17 de área total, 42.81 de área privativa, 0.00 de área do terreno,  2 qto(s), WC, 1 sala(s), cozinha, 1 vaga(s) de garagem.",105530.59,194000.0,45.61,Venda Online,,RIBEIRAO PRETO,SP,Sim
8787708475080,"RUA JOAO E GUIOMAR SOEIRA, N. 155, Apto 103, BL 2 VG 19",RESERVA REAL,"Apartamento, 106.83 de área total, 48.50 de área privativa, 0.00 de área do terreno,  2 qto(s), WC, 1 sala(s), cozinha, 1 vaga(s) de garagem.",101178.81,186000.0,45.61,Venda Online,,RIBEIRAO PRETO,SP,Sim
8787710463913,"AVENIDA GOVERNADOR MARIO COVAS, N. 7555, Apto 14, T1 BL B PAV 1",VALENTINA FIGUEIREDO,"Apartamento, 89.20 de área total, 43.06 de área privativa, 0.00 de área do terreno,  2 qto(s), a.serv, WC, 1 sala(s), cozinha, 1 vaga(s) de garagem.",93733.65,171000.0,45.19,Venda Direta Online,,RIBEIRAO PRETO,SP,Não
8555539851895,"AVENIDA DOUTOR FERNANDO MENDES GARCIA, N. 2720, Apto 21, BL D TORRE 01 PAV 02",JARDIM DIVA TARLA DE CARVALHO,"Apartamento, 101.48 de área total, 43.06 de área privativa, 0.00 de área do terreno,  2 qto(s), a.serv, WC, 1 sala(s), cozinha, 1 vaga(s) de garagem.",91541.05,167000.0,45.19,Venda Direta Online,,RIBEIRAO PRETO,SP,Não
8787705162250,"RUA JOSE DE ALCANTARA, N. 765, Apto 24, TORRE 04 BL C",JARDIM HEITOR RIGON,"Apartamento, 89.45 de área total, 43.06 de área privativa, 0.00 de área do terreno,  2 qto(s), WC, 1 sala(s), cozinha, 1 vaga(s) de garagem.",96474.4,176000.0,45.19,Venda Direta Online,,RIBEIRAO PRETO,SP,Não
8787708436440,"RUA JERÔNIMO ALFREDO AMOR SPIN, N. 400, Apto 04, BL E TORRE 02 TÉRREO",JARDIM FLORESTAN FERNANDES,"Apartamento, 108.39 de área total, 43.06 de área privativa, 0.00 de área do terreno,  2 qto(s), 1 sala(s), cozinha, 1 vaga(s) de garagem.",94007.72,171500.0,45.19,Venda Online,,RIBEIRAO PRETO,SP,Não
8787706922623,"RUA PROFESSOR AYLTON RICOY DE OLIVEIRA, N. 585, Apto 404, 4º PAVIMENTO BL 05 VG 43",JARDIM OURO BRANCO,"Apartamento, 80.91 de área total, 40.82 de área privativa, 0.00 de área do terreno,  2 qto(s), a.serv, WC, 1 sala(s), cozinha, 1 vaga(s) de garagem.",90992.89,166000.0,45.19,Venda Direta Online,,RIBEIRAO PRETO,SP,Não
8787709731128,"RUA PROFESSOR AYLTON RICOY DE OLIVEIRA, N. 605, Apto 204, 2 PAVIMENTO BL 20 VG 17",JARDIM OURO BRANCO,"Apartamento, 79.93 de área total, 40.82 de área privativa, 0.00 de área do terreno,  2 qto(s), 1 vaga(s) de garagem.",100311.44,183000.0,45.19,Venda Direta Online,,RIBEIRAO PRETO,SP,Não
8787709915849,"RUA PROFESSOR AYLTON RICOY DE OLIVEIRA, N. 605, Apto 104, BL 18",JARDIM OURO BRANCO,"Apartamento, 93.64 de área total, 40.83 de área privativa, 0.00 de área do terreno,  2 qto(s), a.serv, WC, 1 sala(s), cozinha, 1 vaga(s) de garagem.",98667.0,180000.0,45.19,Venda Direta Online,,RIBEIRAO PRETO,SP,Não
8787710443815,"RUA PROFESSOR AYLTON RICOY DE OLIVEIRA, N. 605, Apto 104, PAV 1 BL 12 LT 1 QD 1VG 201",JARDIM OURO BRANCO,"Apartamento, 91.68 de área total, 40.82 de área privativa, 0.00 de área do terreno,  2 qto(s), a.serv, WC, 1 sala(s), cozinha, 1 vaga(s) de garagem.",90444.75,165000.0,45.19,Venda Direta Online,,RIBEIRAO PRETO,SP,Não
8787720785026,"RUA PROFESSOR AYLTON RICOY DE OLIVEIRA, N. 925, Apto 402, 4ª PAV BL 05 VG MOTO 27",JARDIM OURO BRANCO,"Apartamento, 70.14 de área total, 44.57 de área privativa, 0.00 de área do terreno,  2 qto(s), a.serv, WC, 1 sala(s), cozinha, 1 vaga(s) de garagem.",97570.7,178000.0,45.19,Venda Direta Online,,RIBEIRAO PRETO,SP,Não
8787702210580,"RUA JOÃO E GUIOMAR SOEIRA, N. 155, Apto 301, BL 25",RESERVA IMPERIAL,"Apartamento, 0.00 de área total, 38.47 de área privativa, 0.00 de área do terreno.",90444.75,165000.0,45.19,Venda Direta Online,,RIBEIRAO PRETO,SP,Não
8787714688090,"RUA GERALDO RINHEL SOBRINHO, N. 250, Apto 305, BL 10",RESERVA MACAUBA,"Apartamento, 93.82 de área total, 43.27 de área privativa, 0.00 de área do terreno,  2 qto(s), WC, 1 sala(s), cozinha, 1 vaga(s) de garagem.",90444.75,165000.0,45.19,Venda Online,,RIBEIRAO PRETO,SP,Não
8787702995596,"RUA TITO BONAGAMBA, N. 350, Apto 33, BL D TORRE 02",VALENTINA FIGUEIREDO,"Apartamento, 89.35 de área total, 43.06 de área privativa, 0.00 de área do terreno,  2 qto(s), WC, 1 sala(s), cozinha, 1 vaga(s) de garagem.",74291.77,135000.0,44.97,Venda Direta Online,,RIBEIRAO PRETO,SP,Não
8555539052305,"ESTRADA MUNICIPAL RPR 432, N. 100, Apto 33, BL D TORRE 03 PAV 03",RECANTO DAS PALMEIRAS,"Apartamento, 88.89 de área total, 42.35 de área privativa, 0.00 de área do terreno,  2 qto(s), WC, 1 sala(s), cozinha, 1 vaga(s) de garagem.",74291.77,135000.0,44.97,Venda Online,,RIBEIRAO PRETO,SP,Não
8555538580480,"AVENIDA EDUARDO ANDREA MATARAZZO, N. 4875, Apto 02, BL B TORRE 02",VALENTINA FIGUEIREDO,"Apartamento, 88.21 de área total, 42.80 de área privativa, 0.00 de área do terreno,  2 qto(s), a.serv, WC, 1 sala(s), cozinha, 1 vaga(s) de garagem.",77866.57,140000.0,44.39,Venda Direta Online,,RIBEIRAO PRETO,SP,Não
8555535042356,"RUA JOSE DE ALCANTARA, N. 1115, Apto 23, TR 3 BL A PAV 2",JARDIM HEITOR RIGON,"Apartamento, 89.46 de área total, 42.82 de área privativa, 0.00 de área do terreno,  2 qto(s), WC, 1 sala(s), cozinha, 1 vaga(s) de garagem.",77866.57,140000.0,44.39,Venda Direta Online,,RIBEIRAO PRETO,SP,Não
8444435128605,"RUA ITAJUBA, N. 1865, Apto 32, TORRE 03",JARDIM JAVARI,"Apartamento, 49.15 de área total, 42.96 de área privativa, 0.00 de área do terreno,  2 qto(s), WC, 1 sala(s), cozinha, 1 vaga(s) de garagem.",61285.44,110000.0,44.29,Venda Direta Online,,RIBEIRAO PRETO,SP,Não
8787715310961,"RUA GERALDO RINHEL SOBRINHO, N. 250, Apto 208, BL 10",RESERVA MACAUBA,"Apartamento, 93.82 de área total, 43.27 de área privativa, 0.00 de área do terreno,  2 qto(s), WC, 1 sala(s), cozinha, 1 vaga(s) de garagem.",105666.58,189000.0,44.1,Venda Direta Online,,RIBEIRAO PRETO,SP,Não
8787709073040,"VIA JERÔNIMO ALFREDO AMOR ESPIN, N. 400, Apto 03, BL D TR 1",JARDIM AEROPORTO,"Apartamento, 108.39 de área total, 43.06 de área privativa, 0.00 de área do terreno, 1 vaga(s) de garagem.",96548.47,171500.0,43.71,Venda Direta Online,,RIBEIRAO PRETO,SP,Sim
8787713758655,"AVENIDA GOVERNADOR MARIO COVAS, N. 7555, Apto 04, TR 3 BL B",VALENTINA FIGUEIREDO,"Apartamento, 0.00 de área total, 43.06 de área privativa, 0.00 de área do terreno, 1 vaga(s) de garagem.",90074.38,160000.0,43.71,Venda Direta Online,,RIBEIRAO PRETO,SP,Não
8787716632105,"AVENIDA GOVERNADOR MARIO COVAS, N. 7555, Apto 22, TR 5 BL B",VALENTINA FIGUEIREDO,"Apartamento, 89.20 de área total, 43.06 de área privativa, 0.00 de área do terreno.",99259.47,176315.58,43.71,Venda Direta Online,,RIBEIRAO PRETO,SP,Sim
8787717185633,"AVENIDA GOVERNADOR MARIO COVAS, N. 7555, Apto 32, TORRE 04 BL B",VALENTINA FIGUEIREDO,"Apartamento, 0.00 de área total, 43.06 de área privativa, 0.00 de área do terreno,  2 qto(s), WC, 1 sala(s), cozinha, 1 vaga(s) de garagem.",90074.38,160000.0,43.71,Venda Direta Online,,RIBEIRAO PRETO,SP,Não
8555523741661,"AVENIDA DOS ANDRADAS, N. 700, Apto 24, BL 11",JARDIM MARCHESI,"Apartamento, 102.56 de área total, 43.75 de área privativa, 0.00 de área do terreno, 1 vaga(s) de garagem.",101333.67,180000.0,43.71,Venda Direta Online,,RIBEIRAO PRETO,SP,Sim
8787705446178,"RUA JOAO E GUIOMAR SOEIRA, N. 155, Apto 403, BL 65 VG 1180 LT 1 QD 4",RESERVA REAL,"Apartamento, 93.96 de área total, 41.85 de área privativa, 0.00 de área do terreno, 1 vaga(s) de garagem.",95704.02,170000.0,43.71,Venda Direta Online,,RIBEIRAO PRETO,SP,Sim
8444429816562,"RUA FELICIANO ALVES FARIA, N. 311, Apto 403, BL 1 VG 51",VILA ABRANCHES,"Apartamento, 127.55 de área total, 46.52 de área privativa, 0.00 de área do terreno, 1 vaga(s) de garagem.",77376.39,137000.0,43.53,Venda Direta Online,,RIBEIRAO PRETO,SP,Não
1444416333470,"RUA CERQUEIRA CESAR, N. 1070, Apto 12,",CENTRO,"Apartamento, 580.21 de área total, 486.90 de área privativa, 0.00 de área do terreno,  4 qto(s), a.serv, WC, WC Emp, 2 sala(s), DCE, cozinha, 3 vaga(s) de garagem.",762485.88,1350000.0,43.52,Venda Online,,RIBEIRAO PRETO,SP,Sim
8444406041904,"RUA PAULO DE FRONTIM, N. 2005, Apto 12, BL C TR 5 PAV 2",VILA VIRGINIA,"Apartamento, 49.42 de área total, 42.96 de área privativa, 0.00 de área do terreno,  2 qto(s), a.serv, WC, 1 sala(s), cozinha, 1 vaga(s) de garagem.",106498.42,188000.0,43.36,Venda Online,,RIBEIRAO PRETO,SP,Não
8787700636076,"AVENIDA DOS ANDRADAS, N. 550, Apto 44, BL 14",PARQUE RIBEIRAO PRETO,"Apartamento, 65.27 de área total, 47.64 de área privativa, 0.00 de área do terreno,  2 qto(s), 1 sala(s), cozinha, 1 vaga(s) de garagem.",83911.48,147000.0,42.92,Venda Online,,RIBEIRAO PRETO,SP,Não
8787717037847,"AVENIDA GOVERNADOR MARIO COVAS, N. 7555, Apto 13, BL B, TR 02, PAV 01",VALENTINA FIGUEIREDO,"Apartamento, 89.20 de área total, 43.06 de área privativa, 0.00 de área do terreno,  2 qto(s), a.serv, WC, 1 sala(s), cozinha.",85623.96,150000.0,42.92,Venda Online,,RIBEIRAO PRETO,SP,Não
8555539708421,"AVENIDA DOUTOR FERNANDO MENDES GARCIA, N. 2720, Apto 33, BL D TORRE 1",JARDIM DIVA TARLA DE CARVALHO,"Apartamento, 101.48 de área total, 43.06 de área privativa, 0.00 de área do terreno,  2 qto(s), WC, 1 sala(s), cozinha.",85623.96,150000.0,42.92,Venda Online,,RIBEIRAO PRETO,SP,Não
8555539763767,"AVENIDA DOUTOR FERNANDO MENDES GARCIA, N. 2720, Apto 32, BL D TORRE 05",JARDIM DIVA TARLA DE CARVALHO,"Apartamento, 0.00 de área total, 43.06 de área privativa, 0.00 de área do terreno, 1 vaga(s) de garagem.",88478.1,155000.0,42.92,Venda Online,,RIBEIRAO PRETO,SP,Não
8787710512019,"RUA ADEMIR SPAGNOL MILUZZI, N. 700, Apto 31, BL H TORRE 4",JARDIM DIVA TARLA DE CARVALHO,"Apartamento, 85.47 de área total, 39.21 de área privativa, 0.00 de área do terreno,  2 qto(s), a.serv, WC, 1 sala(s), cozinha, 1 vaga(s) de garagem.",85623.96,150000.0,42.92,Venda Online,,RIBEIRAO PRETO,SP,Não
8444410998487,"RUA FELICIANO ALVES FARIA, N. 311, Apto 202, BL 3 VG 87",VILA ABRANCHES,"Apartamento, 127.91 de área total, 46.67 de área privativa, 0.00 de área do terreno, 1 vaga(s) de garagem.",101117.28,177000.0,42.88,Venda Direta Online,,RIBEIRAO PRETO,SP,Não
8555532397005,"RUA PALMIRO BIM, N. 597, Apto 21, BL D TORRE 01",PARQUE DOS PINUS,"Apartamento, 88.42 de área total, 40.71 de área privativa, 0.00 de área do terreno,  2 qto(s), WC, 1 sala(s), cozinha, 1 vaga(s) de garagem.",70507.67,123000.0,42.68,Licitação Aberta,,RIBEIRAO PRETO,SP,Não
8444432586998,"RUA PALMIRO BIM, N. 597, Apto 22, TR 05 BL F",PARQUE DOS PINUS,"Apartamento, 88.42 de área total, 40.71 de área privativa, 0.00 de área do terreno,  2 qto(s), WC, 1 sala(s), cozinha.",123451.45,215000.0,42.59,Venda Direta Online,,RIBEIRAO PRETO,SP,Sim
8787713873896,"RUA PROFESSOR AYLTON RICOY DE OLIVEIRA, N. 605, Apto 301, BL 01 VG 142",JARDIM OURO BRANCO,"Apartamento, 79.93 de área total, 40.82 de área privativa, 0.00 de área do terreno,  2 qto(s), WC, 1 sala(s), cozinha, 1 vaga(s) de garagem.",118342.46,206102.31,42.59,Venda Direta Online,,RIBEIRAO PRETO,SP,Sim
8787714793322,"RUA PROFESSOR AYLTON RICOY DE OLIVEIRA, N. 605, Apto 203, BL 09 VG 75",JARDIM OURO BRANCO,"Apartamento, 79.93 de área total, 40.82 de área privativa, 0.00 de área do terreno,  2 qto(s), WC, 1 sala(s), cozinha, 1 vaga(s) de garagem.",118342.46,206102.31,42.59,Venda Direta Online,,RIBEIRAO PRETO,SP,Sim
8444435028635,"AVENIDA PROFESSORA EDUL RANGEL RABELLO, N. 1300, Apto 406, BL 5",RESIDENCIAL JEQUITIBA,"Apartamento, 120.12 de área total, 48.69 de área privativa, 0.00 de área do terreno.",111967.59,195000.0,42.59,Venda Direta Online,,RIBEIRAO PRETO,SP,Sim
8787702993895,"RUA JOAO E GUIOMAR SOEIRA, N. 155, Apto 402, BL 37 VG 389",RESERVA REAL,"Apartamento, 80.32 de área total, 41.85 de área privativa, 0.00 de área do terreno,  2 qto(s), WC, 1 sala(s), cozinha, 1 vaga(s) de garagem.",116215.37,202397.81,42.59,Venda Direta Online,,RIBEIRAO PRETO,SP,Sim
8787710778710,"AVENIDA GOVERNADOR MARIO COVAS, N. 7555, Apto 31, PAV 03, TR 01, BL E,",VALENTINA FIGUEIREDO,"Apartamento, 65.62 de área total, 43.06 de área privativa, 0.00 de área do terreno,  2 qto(s), a.serv, WC, 1 sala(s), cozinha.",100533.67,174000.0,42.23,Venda Online,,RIBEIRAO PRETO,SP,Não
8787710978921,"AVENIDA GOVERNADOR MARIO COVAS, N. 7555, Apto 22, BL B TORRE 1",VALENTINA FIGUEIREDO,"Apartamento, 89.20 de área total, 43.06 de área privativa, 0.00 de área do terreno,  2 qto(s), WC, 1 sala(s), cozinha, 1 vaga(s) de garagem.",92566.63,160210.95,42.23,Venda Online,,RIBEIRAO PRETO,SP,Não
8787711365303,"AVENIDA GOVERNADOR MARIO COVAS, N. 7555, Apto 01, BL A TORRE 03",VALENTINA FIGUEIREDO,"Apartamento, 89.20 de área total, 43.06 de área privativa, 0.00 de área do terreno,  2 qto(s), WC, 1 sala(s), cozinha, 1 vaga(s) de garagem.",94178.09,163000.0,42.23,Venda Online,,RIBEIRAO PRETO,SP,Não
8787716952630,"RUA PROFESSOR AYLTON RICOY DE OLIVEIRA, N. 925, Apto 404, BL 23",JARDIM OURO BRANCO,"Apartamento, 70.15 de área total, 44.57 de área privativa, 0.00 de área do terreno,  2 qto(s), WC, 1 sala(s), cozinha, 1 vaga(s) de garagem.",92444.76,160000.0,42.23,Venda Online,,RIBEIRAO PRETO,SP,Não
8787720894305,"RUA PROFESSOR AYLTON RICOY DE OLIVEIRA, N. 925, Apto 303, PAV 03, BL 25",JARDIM OURO BRANCO,"Apartamento, 64.24 de área total, 40.82 de área privativa, 0.00 de área do terreno,  2 qto(s), a.serv, WC, 1 sala(s), cozinha.",91289.2,158000.0,42.23,Venda Online,,RIBEIRAO PRETO,SP,Não
8555538452245,"AVENIDA DOUTOR FERNANDO MENDES GARCIA, N. 2720, Apto 43, BL A TR 07",RIBEIRAO VERDE,"Apartamento, 101.48 de área total, 43.06 de área privativa, 0.00 de área do terreno,  2 qto(s), a.serv, WC, 1 sala(s), cozinha, 1 vaga(s) de garagem.",80354.56,138716.19,42.08,Venda Direta Online,,RIBEIRAO PRETO,SP,Não
8555538312362,"AVENIDA EDUARDO ANDREA MATARAZZO, N. 4875, Apto 14, TORRE 2 - BLOCO F",IPIRANGA,"Apartamento, 88.21 de área total, 42.80 de área privativa, 0.00 de área do terreno,  2 qto(s), WC, 1 sala(s), cozinha, 1 vaga(s) de garagem.",75305.5,130000.0,42.08,Venda Direta Online,,RIBEIRAO PRETO,SP,Não
8444415736081,"RUA FELICIANO ALVES FARIA, N. 311, Apto 102, BL 02, 1° PAVIMENTO",VILA ABRANCHES,"Apartamento, 104.99 de área total, 37.61 de área privativa, 0.00 de área do terreno,  1 qto(s), WC, 1 sala(s), cozinha, 1 vaga(s) de garagem.",78201.87,135000.0,42.08,Venda Direta Online,,RIBEIRAO PRETO,SP,Não
8787715682060,"RUA ADEMIR SPAGNOL MILUZZI, N. 700, Apto 12, BL F TORRE 03",JARDIM DIVA TARLA DE CARVALHO,"Apartamento, 85.47 de área total, 39.21 de área privativa, 0.00 de área do terreno,  2 qto(s), WC, 1 sala(s), cozinha, 1 vaga(s) de garagem.",76891.78,132738.39,42.08,Venda Direta Online,,RIBEIRAO PRETO,SP,Não
8787707920950,"AVENIDA ERNESTO GUEVARA LA SERNA, N. 1150, Apto 11, TR 01 BL A",PARQUE DOS PINUS,"Apartamento, 91.40 de área total, 43.06 de área privativa, 0.00 de área do terreno,  2 qto(s), WC, 1 sala(s), cozinha.",79650.05,137500.0,42.08,Licitação Aberta,,RIBEIRAO PRETO,SP,Não
8787711446575,"AV ERNESTO GUEVARA LA SERNA, N. 1150, Apto 02, TORRE 01 - BL D",PARQUE DOS PINUS,"Apartamento, 91.40 de área total, 43.06 de área privativa, 0.00 de área do terreno,  2 qto(s), WC, 1 sala(s), cozinha.",79650.05,137500.0,42.08,Venda Direta Online,,RIBEIRAO PRETO,SP,Não
8444434749720,"RUA CARLOS CESAR TONELO, N. 250, Apto 31, BL 10",JARDIM HEITOR RIGON,"Apartamento, 0.00 de área total, 48.73 de área privativa, 0.00 de área do terreno, 1 vaga(s) de garagem.",75305.5,130000.0,42.08,Licitação Aberta,,RIBEIRAO PRETO,SP,Não
8444437322344,"RUA JOSE DE ALCANTARA, N. 565, Apto 11, BLOCO  24",JARDIM HEITOR RIGON,"Apartamento, 886.41 de área total, 50.42 de área privativa, 0.00 de área do terreno,  2 qto(s), a.serv, WC, 1 sala(s), cozinha, 1 vaga(s) de garagem.",75305.5,130000.0,42.08,Venda Online,,RIBEIRAO PRETO,SP,Não
8555534940040,"RUA JOSE DE ALCANTARA, N. 1115, Apto 31, BL D TR 06",JARDIM HEITOR RIGON,"Apartamento, 89.46 de área total, 42.82 de área privativa, 0.00 de área do terreno,  2 qto(s), a.serv, WC, 1 sala(s), cozinha, 1 vaga(s) de garagem.",75305.5,130000.0,42.08,Venda Direta Online,,RIBEIRAO PRETO,SP,Não
8444430074779,"RUA OVIDIO COLUS, N. 51, Apto 302, BL 03 BOX 82",JARDIM JOSE SAMPAIO JUNIOR,"Apartamento, 103.81 de área total, 41.85 de área privativa, 0.00 de área do terreno,  2 qto(s), a.serv, WC, 1 sala(s), cozinha, 1 vaga(s) de garagem.",75305.5,130000.0,42.08,Licitação Aberta,,RIBEIRAO PRETO,SP,Não
8787713839337,"RUA PROFESSOR AYLTON RICOY DE OLIVEIRA, N. 605, Apto 404, BL 17",JARDIM OURO BRANCO,"Apartamento, 93.63 de área total, 40.82 de área privativa, 0.00 de área do terreno,  2 qto(s), WC, 1 sala(s), cozinha, 1 vaga(s) de garagem.",79939.69,138000.0,42.08,Venda Direta Online,,RIBEIRAO PRETO,SP,Não
8787718155550,"RUA PROFESSOR AYLTON RICOY DE OLIVEIRA, N. 925, Apto 303, BL 04 VG 19 MOTO",JARDIM OURO BRANCO,"Apartamento, 64.24 de área total, 40.82 de área privativa, 0.00 de área do terreno,  2 qto(s), WC, 1 sala(s), cozinha, 1 vaga(s) de garagem.",78201.87,135000.0,42.08,Venda Direta Online,,RIBEIRAO PRETO,SP,Não
8555537372892,"ESTRADA MUNICIPAL - RPR432, N. 100, Apto 23, TORRE 06 BL A",RECANTO DAS PALMEIRAS,"Apartamento, 88.89 de área total, 42.35 de área privativa, 0.00 de área do terreno,  2 qto(s), WC, 1 sala(s), cozinha, 1 vaga(s) de garagem.",75305.5,130000.0,42.08,Venda Direta Online,,RIBEIRAO PRETO,SP,Não
8444438295006,"RUA ITAJUBA, N. 1865, Apto 32,  TORRE 5 BL A PV 04",JARDIM JAVARI,"Apartamento, 0.00 de área total, 49.15 de área privativa, 0.00 de área do terreno.",74146.96,128000.0,42.08,Venda Direta Online,,RIBEIRAO PRETO,SP,Não
8787706680182,"RUA JOAO E GUIOMAR SOEIRA, N. 155, Apto 4003, BL 32",RESERVA REAL,"Apartamento, 41.85 de área total, 41.85 de área privativa, 0.00 de área do terreno,  2 qto(s), WC, 1 sala(s), cozinha, 1 vaga(s) de garagem.",78201.87,135000.0,42.08,Licitação Aberta,,RIBEIRAO PRETO,SP,Não
8555524155022,"AVENIDA DOS ANDRADAS, N. 700, Apto 22, BL 01 2 PAV",CONDOMINIO UIRAPURU,"Apartamento, 102.56 de área total, 43.75 de área privativa, 0.00 de área do terreno,  2 qto(s), WC, 1 sala(s), cozinha.",79939.69,138000.0,42.08,Licitação Aberta,,RIBEIRAO PRETO,SP,Não
8555539777148,"AVENIDA DOUTOR FERNANDO MENDES GARCIA, N. 2720, Apto 22, BL B TORRE 7",RECANTO DAS PALMEIRA,"Apartamento, 101.48 de área total, 43.06 de área privativa, 0.00 de área do terreno,  2 qto(s), a.serv, WC, 1 sala(s), cozinha.",81964.82,140000.0,41.46,Licitação Aberta,,RIBEIRAO PRETO,SP,Não
8555540138269,"AVENIDA DOUTOR FERNANDO MENDES GARCIA, N. 2720, Apto 1, TORRE 3 BL E",VITTA RECANTO DAS PA,"Apartamento, 101.48 de área total, 43.06 de área privativa, 0.00 de área do terreno,  2 qto(s), WC, 1 sala(s), cozinha, 1 vaga(s) de garagem.",90746.77,155000.0,41.46,Venda Direta Online,,RIBEIRAO PRETO,SP,Não
8787714211331,"ESTRADA VICENTE CANUTO, N. 280, Apto 01, T 5 BL B",VITTA PARQ MANACAS,"Apartamento, 88.44 de área total, 43.06 de área privativa, 0.00 de área do terreno,  2 qto(s), a.serv, WC, 1 sala(s), cozinha.",83135.75,142000.0,41.46,Licitação Aberta,,RIBEIRAO PRETO,SP,Não
8787714490460,"RUA PROFESSOR AYLTON RICOY DE OLIVEIRA, N. 605, Apto 201, 2 PAV BL 02",RESIDENCIAL PALADIO,"Apartamento, 79.93 de área total, 40.82 de área privativa, 0.00 de área do terreno,  2 qto(s).",88642.76,151406.25,41.46,Licitação Aberta,,RIBEIRAO PRETO,SP,Não
8787714872931,"RUA PROFESSOR AYLTON RICOY DE OLIVEIRA, N. 925, Apto 302, 3 PAV BL 24",RESERVA OURO BRANCO,"Apartamento, 103.59 de área total, 44.57 de área privativa, 0.00 de área do terreno,  2 qto(s), a.serv, WC, 1 sala(s), cozinha.",90161.3,154000.0,41.46,Licitação Aberta,,RIBEIRAO PRETO,SP,Não
8787716761320,"RUA PROFESSOR AYLTON RICOY DE OLIVEIRA, N. 925, Apto 401, 4 PAV BL 16",RESIDENCIAL CROMO,"Apartamento, 64.24 de área total, 40.82 de área privativa, 0.00 de área do terreno,  2 qto(s).",84892.14,145000.0,41.46,Licitação Aberta,,RIBEIRAO PRETO,SP,Não
8787710471673,"RUA JERONIMO ALFREDO AMOR ESPIN, N. 400, Apto 11, BL A TORRE 03",CENTRO,"Apartamento, 108.39 de área total, 43.06 de área privativa, 0.00 de área do terreno,  2 qto(s), WC, 1 sala(s), cozinha, 1 vaga(s) de garagem.",88404.91,151000.0,41.46,Venda Direta Online,,RIBEIRAO PRETO,SP,Não
8787710671621,"VIA JERONIMO ALFREDO AMOR ESPIN, N. 400, Apto 11, BL E TORRE 02",JARDIM AEROPORTO,"Apartamento, 108.39 de área total, 43.06 de área privativa, 0.00 de área do terreno,  2 qto(s), WC, 1 sala(s), cozinha, 1 vaga(s) de garagem.",89283.11,152500.0,41.46,Venda Direta Online,,RIBEIRAO PRETO,SP,Não
8787710825033,"RUA JERÔNIMO ALFREDO AMOR ESPIN, N. 400, Apto 22, 2º PAV, BL C, TORRE 1",JARDIM AEROPORTO,"Apartamento, 43.06 de área total, 43.06 de área privativa, 0.00 de área do terreno,  2 qto(s), a.serv, WC, 1 sala(s), cozinha, 1 vaga(s) de garagem.",81393.43,139024.03,41.46,Venda Direta Online,,RIBEIRAO PRETO,SP,Não
8555536971431,"RUA RIO PARAGUACU, N. 1011, Apto 302, 3º PAV, BL 4, VG Nº 74 P",IPIRANGA,"Apartamento, 92.39 de área total, 41.85 de área privativa, 0.00 de área do terreno,  2 qto(s), WC, 1 sala(s), cozinha, 1 vaga(s) de garagem.",81567.29,139321.0,41.46,Venda Direta Online,,RIBEIRAO PRETO,SP,Não
8555537511507,"RUA RIO PARAGUACU, N. 1011, Apto 101, BL 05 BOX 63",IPIRANGA,"Apartamento, 41.85 de área total, 41.85 de área privativa, 0.00 de área do terreno,  2 qto(s), a.serv, WC, 1 sala(s), cozinha, 1 vaga(s) de garagem.",84892.14,145000.0,41.46,Licitação Aberta,,RIBEIRAO PRETO,SP,Não
8555537596839,"RUA RIO PARAGUACU, N. 1011, Apto 102, BL 17 PV 01 VG 255",IPIRANGA,"Apartamento, 110.65 de área total, 41.85 de área privativa, 0.00 de área do terreno,  2 qto(s), WC, 1 sala(s), cozinha, 1 vaga(s) de garagem.",89575.84,153000.0,41.46,Venda Direta Online,,RIBEIRAO PRETO,SP,Não
8555538878250,"AVENIDA EDUARDO ANDREA MATARAZZO, N. 4635, Apto 03, TORRE 3 BLOCO C",IPIRANGA,"Apartamento, 86.88 de área total, 42.80 de área privativa, 0.00 de área do terreno,  2 qto(s), WC, 1 sala(s), cozinha, 1 vaga(s) de garagem.",89319.12,152561.51,41.46,Venda Direta Online,,RIBEIRAO PRETO,SP,Não
8787708586370,"RUA MARIA AUXILIADORA ABRANCHES FARIA, N. 565, Apto 34, BL A T1",VILA ABRANCHES,"Apartamento, 0.00 de área total, 42.14 de área privativa, 0.00 de área do terreno.",88990.38,152000.0,41.46,Licitação Aberta,,RIBEIRAO PRETO,SP,Não
8787707920535,"RUA TITO BONAGAMBA, N. 350, Apto 11, TORRE 01 BL B",VALENTINA FIGUEIREDO,"Apartamento, 89.34 de área total, 43.06 de área privativa, 0.00 de área do terreno,  2 qto(s), WC, 1 sala(s), cozinha, 1 vaga(s) de garagem.",84892.14,145000.0,41.46,Venda Direta Online,,RIBEIRAO PRETO,SP,Não
8787707956084,"RUA TITO BONAGAMBA, N. 350, Apto 03, TORRE 05 BL F",VALENTINA FIGUEIREDO,"Apartamento, 89.34 de área total, 43.06 de área privativa, 0.00 de área do terreno,  2 qto(s), WC, 1 sala(s), cozinha, 1 vaga(s) de garagem.",81964.82,140000.0,41.46,Venda Direta Online,,RIBEIRAO PRETO,SP,Não
8787710604401,"AVENIDA GOVERNADOR MARIO COVAS, N. 7555, Apto 33, TORRE 05 BL A",VALENTINA FIGUEIREDO,"Apartamento, 89.20 de área total, 43.06 de área privativa, 0.00 de área do terreno,  2 qto(s), WC, 1 sala(s), cozinha, 1 vaga(s) de garagem.",84892.14,145000.0,41.46,Venda Direta Online,,RIBEIRAO PRETO,SP,Não
8787711216219,"AVENIDA GOVERNADOR MARIO COVAS, N. 7555, Apto 23, TORRE 01 BL D",VALENTINA FIGUEIREDO,"Apartamento, 89.20 de área total, 43.06 de área privativa, 0.00 de área do terreno,  2 qto(s), WC, 1 sala(s), cozinha, 1 vaga(s) de garagem.",89575.84,153000.0,41.46,Venda Direta Online,,RIBEIRAO PRETO,SP,Não
8787711266658,"AVENIDA GOVERNADOR MARIO COVAS, N. 7555, Apto 24, BLOCO  A TORRE 05",VALENTINA FIGUEIREDO,"Apartamento, 89.20 de área total, 43.06 de área privativa, 0.00 de área do terreno,  2 qto(s), WC, 1 sala(s), cozinha, 1 vaga(s) de garagem.",85354.63,145789.96,41.46,Venda Online,,RIBEIRAO PRETO,SP,Não
8787711811770,"AVENIDA GOVERNADOR MARIO COVAS, N. 7555, Apto 03, TORRE 04 ,BL A",VALENTINA FIGUEIREDO,"Apartamento, 89.20 de área total, 43.06 de área privativa, 0.00 de área do terreno,  2 qto(s), WC, 1 sala(s), cozinha, 1 vaga(s) de garagem.",87819.45,150000.0,41.46,Venda Direta Online,,RIBEIRAO PRETO,SP,Não
8787711973249,"AVENIDA GOVERNADOR MARIO COVAS, N. 7555, Apto 01, TORRE 03 BL B",VALENTINA FIGUEIREDO,"Apartamento, 89.20 de área total, 43.06 de área privativa, 0.00 de área do terreno,  2 qto(s), a.serv, WC, 1 sala(s), cozinha, 1 vaga(s) de garagem.",85477.6,146000.0,41.46,Licitação Aberta,,RIBEIRAO PRETO,SP,Não
8787712024810,"AVENIDA GOVERNADOR MARIO COVAS, N. 7555, Apto 03, BL D TORRE 3",VALENTINA FIGUEIREDO,"Apartamento, 89.20 de área total, 43.06 de área privativa, 0.00 de área do terreno,  2 qto(s), WC, 1 sala(s), cozinha, 1 vaga(s) de garagem.",87819.45,150000.0,41.46,Venda Direta Online,,RIBEIRAO PRETO,SP,Não
8787712188855,"AVENIDA GOVERNADOR MARIO COVAS, N. 7555, Apto 13, BL F, TORRE 01",VALENTINA FIGUEIREDO,"Apartamento, 89.20 de área total, 43.06 de área privativa, 0.00 de área do terreno,  2 qto(s), a.serv, WC, 1 sala(s), cozinha, 1 vaga(s) de garagem.",88990.38,152000.0,41.46,Licitação Aberta,,RIBEIRAO PRETO,SP,Não
8787712257555,"AVENIDA GOVERNADOR MARIO COVAS, N. 7555, Apto 33, TORRE 5, BL B,",VALENTINA FIGUEIREDO,"Apartamento, 89.20 de área total, 43.06 de área privativa, 0.00 de área do terreno,  2 qto(s), WC, 1 sala(s), cozinha, 1 vaga(s) de garagem.",90161.3,154000.0,41.46,Venda Direta Online,,RIBEIRAO PRETO,SP,Não
8787713092592,"AVENIDA GOVERNADOR MARIO COVAS, N. 7555, Apto 11, BL E TORRE 5",VALENTINA FIGUEIREDO,"Apartamento, 89.20 de área total, 43.06 de área privativa, 0.00 de área do terreno,  2 qto(s), WC, 1 sala(s), cozinha, 1 vaga(s) de garagem.",87819.45,150000.0,41.46,Venda Direta Online,,RIBEIRAO PRETO,SP,Não
8787714027727,"AVENIDA GOVERNADOR MARIO COVAS, N. 7555, Apto 04, TORRE 3 BL D",VALENTINA FIGUEIREDO,"Apartamento, 89.20 de área total, 43.06 de área privativa, 0.00 de área do terreno,  2 qto(s), WC, 1 sala(s), cozinha, 1 vaga(s) de garagem.",90746.77,155000.0,41.46,Venda Direta Online,,RIBEIRAO PRETO,SP,Não
8787714398024,"AVENIDA GOVERNADOR MARIO COVAS, N. 7555, Apto 04, TORRE 05 BL C",VALENTINA FIGUEIREDO,"Apartamento, 89.20 de área total, 43.06 de área privativa, 0.00 de área do terreno,  2 qto(s), a.serv, WC, 1 sala(s), cozinha, 1 vaga(s) de garagem.",90184.73,154040.02,41.46,Venda Direta Online,,RIBEIRAO PRETO,SP,Não
8787715535734,"AVENIDA GOVERNADOR MARIO COVAS, N. 7555, Apto 04, BL B TORRE 2",VALENTINA FIGUEIREDO,"Apartamento, 89.20 de área total, 43.06 de área privativa, 0.00 de área do terreno,  2 qto(s), WC, 1 sala(s), cozinha, 1 vaga(s) de garagem.",88697.64,151500.0,41.46,Venda Direta Online,,RIBEIRAO PRETO,SP,Não
8787718690978,"AVENIDA GOVERNADOR MARIO COVAS, N. 7555, Apto 14, BL B TRR 2",VALENTINA FIGUEIREDO,"Apartamento, 89.20 de área total, 43.06 de área privativa, 0.00 de área do terreno,  2 qto(s), WC, 1 sala(s), cozinha, 1 vaga(s) de garagem.",90746.77,155000.0,41.46,Venda Direta Online,,RIBEIRAO PRETO,SP,Não
8555540245723,"AVENIDA DOUTOR FERNANDO MENDES GARCIA, N. 2720, Apto 21, BL B",JARDIM DIVA TARLA DE CARVALHO,"Apartamento, 101.48 de área total, 43.06 de área privativa, 0.00 de área do terreno,  2 qto(s), a.serv, WC, 1 sala(s), cozinha, 1 vaga(s) de garagem.",81964.82,140000.0,41.46,Venda Direta Online,,RIBEIRAO PRETO,SP,Não
8555540255150,"AVENIDA DOUTOR FERNANDO MENDES GARCIA, N. 2720, Apto 11, BL F TORRE 03",JARDIM DIVA TARLA DE CARVALHO,"Apartamento, 101.48 de área total, 43.06 de área privativa, 0.00 de área do terreno,  2 qto(s), a.serv, WC, 1 sala(s), cozinha, 1 vaga(s) de garagem.",90746.77,155000.0,41.46,Licitação Aberta,,RIBEIRAO PRETO,SP,Não
8787711625682,"RUA ADEMIR SPAGNOL MILUZZI, N. 700, Apto 32, PV 04 TORRE 3 BL E",JARDIM DIVA TARLA DE CARVALHO,"Apartamento, 85.47 de área total, 39.21 de área privativa, 0.00 de área do terreno,  2 qto(s), WC, 1 sala(s), cozinha, 1 vaga(s) de garagem.",81379.36,139000.0,41.46,Venda Direta Online,,RIBEIRAO PRETO,SP,Não
8555538943656,"AVENIDA DR MARCOS ANTONIO MACARIO DOS SANTOS, N. 780, Apto 21, BL E TORRE 1",RESIDENCIAL PARQUE DOS SERVIDORES,"Apartamento, 93.55 de área total, 42.58 de área privativa, 0.00 de área do terreno,  2 qto(s), WC, 1 sala(s), cozinha, 1 vaga(s) de garagem.",90161.3,154000.0,41.46,Licitação Aberta,,RIBEIRAO PRETO,SP,Não
8555538414920,"RUA JOSE DE ALCANTARA, N. 1115, Apto 14, BL A TORRE 1",JARDIM HEITOR RIGON,"Apartamento, 94.96 de área total, 46.36 de área privativa, 0.00 de área do terreno,  2 qto(s), WC, 1 sala(s), cozinha, 1 vaga(s) de garagem.",88101.85,150482.35,41.46,Venda Direta Online,,RIBEIRAO PRETO,SP,Não
8787701605433,"RUA JOSE DE ALCANTARA, N. 765, Apto 02, BL E TORRE 3",JARDIM HEITOR RIGON,"Apartamento, 0.00 de área total, 43.06 de área privativa, 0.00 de área do terreno, 1 sala(s), cozinha, 1 vaga(s) de garagem.",84892.14,145000.0,41.46,Venda Direta Online,,RIBEIRAO PRETO,SP,Não
8787704060225,"RUA JOSE DE ALCANTARA, N. 765, Apto 14, T 3 BL A",JARDIM HEITOR RIGON,"Apartamento, 89.45 de área total, 43.06 de área privativa, 0.00 de área do terreno,  2 qto(s), a.serv, WC, 1 sala(s), cozinha, 1 vaga(s) de garagem.",88404.91,151000.0,41.46,Venda Direta Online,,RIBEIRAO PRETO,SP,Não
8787704967026,"RUA JOSE DE ALCANTARA, N. 765, Apto 03, T 04 BL D",JARDIM HEITOR RIGON,"Apartamento, 89.45 de área total, 43.06 de área privativa, 0.00 de área do terreno,  2 qto(s), WC, 1 sala(s), cozinha.",90161.3,154000.0,41.46,Licitação Aberta,,RIBEIRAO PRETO,SP,Não
8787706787092,"RUA JOSE DE ALCANTARA, N. 765, Apto 34, BL B TR 2",JARDIM HEITOR RIGON,"Apartamento, 89.45 de área total, 43.06 de área privativa, 0.00 de área do terreno,  2 qto(s), WC, 1 sala(s), cozinha, 1 vaga(s) de garagem.",84892.14,145000.0,41.46,Venda Direta Online,,RIBEIRAO PRETO,SP,Não
8555527735348,"ESTRADA ANTONIA MUGNATO MARINCEK, N. 2255, Apto 4, BL 3, TORRE 03",JARDIM FLORESTAN FERNANDES,"Apartamento, 102.91 de área total, 42.82 de área privativa, 0.00 de área do terreno,  2 qto(s), WC, 1 sala(s), cozinha, 1 vaga(s) de garagem.",88990.38,152000.0,41.46,Venda Direta Online,,RIBEIRAO PRETO,SP,Não
8555527882430,"RUA ANTONIA MUGNATO MARINCEK, N. 2255, Apto 14, BL A TORRE 2 1° ANDAR",JARDIM FLORESTAN FERNANDES,"Apartamento, 102.92 de área total, 42.82 de área privativa, 0.00 de área do terreno,  2 qto(s), WC, 1 sala(s), cozinha, 1 vaga(s) de garagem.",90746.77,155000.0,41.46,Licitação Aberta,,RIBEIRAO PRETO,SP,Não
8787712717106,"VIA JERONIMO ALFREDO AMOR ESPIN, N. 400, Apto 24, BL F TORRE 03",JARDIM FLORESTAN FERNANDES,"Apartamento, 108.39 de área total, 43.06 de área privativa, 0.00 de área do terreno,  2 qto(s), a.serv, WC, 1 sala(s), cozinha, 1 vaga(s) de garagem.",86063.06,147000.0,41.46,Venda Direta Online,,RIBEIRAO PRETO,SP,Não
8787712733861,"VIA JERONIMO ALFREDO AMOR ESPIN, N. 400, Apto 04, BL A TR 03",JARDIM FLORESTAN FERNANDES,"Apartamento, 108.39 de área total, 43.06 de área privativa, 0.00 de área do terreno,  2 qto(s), a.serv, WC, 1 sala(s), cozinha.",85477.6,146000.0,41.46,Licitação Aberta,,RIBEIRAO PRETO,SP,Não
8555509894740,"AVENIDA CASPER LIBERO, N. 235, Apto 101, BL 06 TÉRREO",JARDIM MARCHESI,"Apartamento, 0.00 de área total, 37.61 de área privativa, 0.00 de área do terreno, 1 vaga(s) de garagem.",84892.14,145000.0,41.46,Venda Online,,RIBEIRAO PRETO,SP,Não
8555523608201,"AVENIDA DOS ANDRADAS, N. 700, Apto 32, BL 12",JARDIM MARCHESI,"Apartamento, 102.56 de área total, 43.75 de área privativa, 0.00 de área do terreno,  2 qto(s), WC, 1 sala(s), cozinha, 1 vaga(s) de garagem.",89839.73,153450.74,41.46,Licitação Aberta,,RIBEIRAO PRETO,SP,Não
8787712475218,"VIA JERONIMO ALFREDO AMOR ESPIN, N. 400, Apto 4, BL D TORRE 01",JARDIM DAS PALMEIRAS,"Apartamento, 108.39 de área total, 43.06 de área privativa, 0.00 de área do terreno,  2 qto(s), a.serv, WC, 1 sala(s), cozinha, 1 vaga(s) de garagem.",85477.6,146000.0,41.46,Venda Direta Online,,RIBEIRAO PRETO,SP,Não
8444435870107,"RUA CARDEAL LEME, N. 315, Apto 33, BL 5-C PAV 03",VILA VIRGINIA,"Apartamento, 0.00 de área total, 55.08 de área privativa, 0.00 de área do terreno.",84892.14,145000.0,41.46,Venda Direta Online,,RIBEIRAO PRETO,SP,Não
8787704268543,"RUA OVIDIO COLUS, N. 80, Apto 23, BL B TORRE 1",JARDIM JOSE SAMPAIO JUNIOR,"Apartamento, 84.36 de área total, 42.50 de área privativa, 0.00 de área do terreno,  2 qto(s), WC, 1 sala(s), cozinha, 1 vaga(s) de garagem.",81964.82,140000.0,41.46,Venda Direta Online,,RIBEIRAO PRETO,SP,Não
8787714689207,"RUA PROFESSOR AYLTON RICOY DE OLIVEIRA, N. 925, Apto 203, BL 29",JARDIM OURO BRANCO,"Apartamento, 76.92 de área total, 40.82 de área privativa, 0.00 de área do terreno,  1 qto(s), a.serv, WC, 1 sala(s), cozinha, 1 vaga(s) de garagem.",89421.86,152737.0,41.46,Venda Direta Online,,RIBEIRAO PRETO,SP,Não
8787714696564,"RUA PROFESSOR AYLTON RICOY DE OLIVEIRA, N. 605, Apto 401, BL 05 BOX 105",JARDIM OURO BRANCO,"Apartamento, 79.93 de área total, 40.82 de área privativa, 0.00 de área do terreno,  2 qto(s), WC, 1 sala(s), cozinha, 1 vaga(s) de garagem.",87819.45,150000.0,41.46,Licitação Aberta,,RIBEIRAO PRETO,SP,Não
8787715792079,"RUA PROFESSOR AYLTON RICOY DE OLIVEIRA, N. 925, Apto 102, BL 21",JARDIM OURO BRANCO,"Apartamento, 64.24 de área total, 40.82 de área privativa, 0.00 de área do terreno,  2 qto(s), WC, 1 sala(s), cozinha.",84892.14,145000.0,41.46,Licitação Aberta,,RIBEIRAO PRETO,SP,Não
8787720157939,"RUA PROFESSOR AYLTON RICOY DE OLIVEIRA, N. 925, Apto 301, BL. 1",JARDIM OURO BRANCO,"Apartamento, 64.24 de área total, 40.82 de área privativa, 0.00 de área do terreno,  2 qto(s), WC, 1 sala(s), cozinha, 1 vaga(s) de garagem.",82550.28,141000.0,41.46,Venda Online,,RIBEIRAO PRETO,SP,Não
8787720201962,"RUA PROFESSOR AYLTON RICOY DE OLIVEIRA, N. 925, Apto 104, BL 08",JARDIM OURO BRANCO,"Apartamento, 64.24 de área total, 40.82 de área privativa, 0.00 de área do terreno,  2 qto(s), a.serv, WC, 1 sala(s), cozinha.",87819.45,150000.0,41.46,Venda Online,,RIBEIRAO PRETO,SP,Não
8787721047851,"RUA PROFESSOR AYLTON RICOY DE OLIVEIRA, N. 925, Apto 102,  PV 01 BL 13 FPHIS",JARDIM OURO BRANCO,"Apartamento, 64.25 de área total, 40.82 de área privativa, 0.00 de área do terreno,  2 qto(s), WC, 1 sala(s), cozinha.",88404.91,151000.0,41.46,Venda Direta Online,,RIBEIRAO PRETO,SP,Não
8787721313020,"RUA PROFESSOR AYLTON RICOY DE OLIVEIRA, N. 925, Apto 104, BL. 14",JARDIM OURO BRANCO,"Apartamento, 64.24 de área total, 40.82 de área privativa, 0.00 de área do terreno,  2 qto(s), a.serv, WC, 1 sala(s), cozinha.",87819.45,150000.0,41.46,Venda Direta Online,,RIBEIRAO PRETO,SP,Não
8555537824971,"ESTRADA MUNICIAPL RPR 432, N. 100, Apto 24, TR 3 BL B",RECANTO DAS PALMEIRAS,"Apartamento, 88.89 de área total, 42.35 de área privativa, 0.00 de área do terreno,  2 qto(s), WC, 1 sala(s), cozinha, 1 vaga(s) de garagem.",84892.14,145000.0,41.46,Venda Direta Online,,RIBEIRAO PRETO,SP,Não
8555538378738,"RUA CIRCULAR, N. 100, Apto 13, BL B, TORRE 2",RECANTO DAS PALMEIRAS,"Apartamento, 88.89 de área total, 42.35 de área privativa, 0.00 de área do terreno,  2 qto(s), WC, 1 sala(s), cozinha, 1 vaga(s) de garagem.",83135.75,142000.0,41.46,Venda Direta Online,,RIBEIRAO PRETO,SP,Não
8555538811865,"RUA CIRCULAR, N. 100, Apto 13, 1º PAV, TORRE 1 FLORENCA, BL B",RECANTO DAS PALMEIRAS,"Apartamento, 66.89 de área total, 42.35 de área privativa, 0.00 de área do terreno,  2 qto(s), WC, 1 sala(s), cozinha.",87819.45,150000.0,41.46,Venda Online,,RIBEIRAO PRETO,SP,Não
8787706848695,"RUA DOUTOR GALDOS ANGULO, N. 600, Apto 11, BL A TORRE 04",JARDIM JOSE WILSON TONI,"Apartamento, 82.58 de área total, 42.50 de área privativa, 0.00 de área do terreno,  2 qto(s), WC, 1 sala(s), cozinha, 1 vaga(s) de garagem.",90161.3,154000.0,41.46,Licitação Aberta,,RIBEIRAO PRETO,SP,Não
8555525484224,"RUA ITAJUBA, N. 1161, Apto 21, TORRE 5 BL D",JARDIM JAVARI,"Apartamento, 89.41 de área total, 42.96 de área privativa, 0.00 de área do terreno, 1 vaga(s) de garagem.",84306.67,144000.0,41.46,Venda Direta Online,,RIBEIRAO PRETO,SP,Não
8787701961744,"RUA JOAO E GUIOMAR SOEIRA, N. 155, Apto 101, BL 30",RESERVA IMPERIAL,"Apartamento, 0.00 de área total, 41.85 de área privativa, 0.00 de área do terreno, 1 vaga(s) de garagem.",90746.77,155000.0,41.46,Venda Direta Online,,RIBEIRAO PRETO,SP,Não
8787713444340,"RUA GERALDO RINHEL SOBRINHO, N. 250, Apto 208, BL 09 PV 02",RESERVA MACAUBA,"Apartamento, 50.83 de área total, 43.27 de área privativa, 0.00 de área do terreno,  2 qto(s), WC, 1 sala(s), cozinha, 1 vaga(s) de garagem.",87819.45,150000.0,41.46,Venda Direta Online,,RIBEIRAO PRETO,SP,Não
8787714277740,"RUA GERALDO RINHEL SOBRINHO, N. 250, Apto 10, BL 07 TERREO",RESERVA MACAUBA,"Apartamento, 93.63 de área total, 43.16 de área privativa, 0.00 de área do terreno,  1 qto(s), 1 vaga(s) de garagem.",89783.05,153353.92,41.46,Venda Direta Online,,RIBEIRAO PRETO,SP,Não
8787714484664,"RUA GERALDO RINHEL SOBRINHO, N. 250, Apto 02, BL 10 TERREO",RESERVA MACAUBA,"Apartamento, 93.82 de área total, 43.27 de área privativa, 0.00 de área do terreno,  2 qto(s), WC, 1 sala(s), cozinha, 1 vaga(s) de garagem.",84027.73,143523.56,41.46,Venda Direta Online,,RIBEIRAO PRETO,SP,Não
8787715580721,"RUA GERALDO RINHEL SOBRINHO, N. 250, Apto 107, BL 04",RESERVA MACAUBA,"Apartamento, 93.82 de área total, 43.27 de área privativa, 0.00 de área do terreno,  2 qto(s), WC, 1 sala(s), cozinha, 1 vaga(s) de garagem.",87819.45,150000.0,41.46,Licitação Aberta,,RIBEIRAO PRETO,SP,Não
8787716442594,"RUA GERALDO RINHEL SOBRINHO, N. 400, Apto 202, PV 01 BL 09",RESERVA MACAUBA,"Apartamento, 91.43 de área total, 43.30 de área privativa, 0.00 de área do terreno,  2 qto(s), WC, 1 sala(s), cozinha, 1 vaga(s) de garagem.",81964.82,140000.0,41.46,Venda Direta Online,,RIBEIRAO PRETO,SP,Não
8787717136659,"RUA GERALDO RINHEL SOBRINHO, N. 400, Apto 303, BLOCO 07",RESERVA MACAUBA,"Apartamento, 91.21 de área total, 43.16 de área privativa, 0.00 de área do terreno,  2 qto(s), a.serv, WC, 1 sala(s), cozinha, 1 vaga(s) de garagem.",83721.21,143000.0,41.46,Licitação Aberta,,RIBEIRAO PRETO,SP,Não
8787719622151,"RUA GERALDO RINHEL SOBRINHO, N. 400, Apto 312, BL 6",RESERVA MACAUBA,"Apartamento, 91.43 de área total, 43.30 de área privativa, 0.00 de área do terreno,  2 qto(s), WC, 1 sala(s), cozinha, 1 vaga(s) de garagem.",87819.45,150000.0,41.46,Licitação Aberta,,RIBEIRAO PRETO,SP,Não
8787701951757,"RUA JOAO E GUIOMAR SOEIRA, N. 155, Apto 402, 4 PAVIMENTO BL 28",RESERVA REAL,"Apartamento, 82.99 de área total, 41.85 de área privativa, 0.00 de área do terreno,  2 qto(s), WC, 1 sala(s), cozinha, 1 vaga(s) de garagem.",90746.77,155000.0,41.46,Venda Direta Online,,RIBEIRAO PRETO,SP,Não
8787702999320,"RUA JOAO E GUIOMAR SOEIRA, N. 155, Apto 204, BL 60 BOX 1001",RESERVA REAL,"Apartamento, 80.32 de área total, 41.85 de área privativa, 0.00 de área do terreno,  2 qto(s), WC, 1 sala(s), cozinha, 1 vaga(s) de garagem.",90746.77,155000.0,41.46,Licitação Aberta,,RIBEIRAO PRETO,SP,Não
8787703044773,"RUA JOAO E GUIOMAR SOEIRA, N. 155, Apto 401, BL 50",RESERVA REAL,"Apartamento, 80.32 de área total, 41.85 de área privativa, 0.00 de área do terreno,  2 qto(s), WC, 1 sala(s), cozinha, 1 vaga(s) de garagem.",81964.82,140000.0,41.46,Venda Direta Online,,RIBEIRAO PRETO,SP,Não
8787708054602,"RUA JOAO E GUIOMAR SOEIRA, N. 155, Apto 301, 3 PAV BL 27",RESERVA REAL,"Apartamento, 0.00 de área total, 41.85 de área privativa, 0.00 de área do terreno,  2 qto(s), a.serv, WC, 1 sala(s), cozinha.",90746.77,155000.0,41.46,Licitação Aberta,,RIBEIRAO PRETO,SP,Não
8787708725426,"RUA JOAO E GUIOMAR SOEIRA, N. 155, Apto 401, BL 61 VG 980",RESERVA REAL,"Apartamento, 80.32 de área total, 41.85 de área privativa, 0.00 de área do terreno,  2 qto(s), a.serv, WC, 1 sala(s), cozinha, 1 vaga(s) de garagem.",87233.99,149000.0,41.46,Venda Direta Online,,RIBEIRAO PRETO,SP,Não
8787710802793,"RUA ANTENOR DE SOUZA, N. 605, Apto 102, BL 05",RESERVA REAL,"Apartamento, 81.63 de área total, 40.82 de área privativa, 0.00 de área do terreno,  2 qto(s), a.serv, WC, 1 sala(s), cozinha, 1 vaga(s) de garagem.",84892.14,145000.0,41.46,Licitação Aberta,,RIBEIRAO PRETO,SP,Não
8787713347850,"RUA ANTENOR DE SOUZA, N. 605, Apto 101, QD 03 BL 18 LT 01",RESERVA REAL,"Apartamento, 0.00 de área total, 40.82 de área privativa, 0.00 de área do terreno.",81964.82,140000.0,41.46,Venda Direta Online,,RIBEIRAO PRETO,SP,Não
8787711452990,"AVENIDA EDUARDO ANDREA MATARAZZO, N. 6130, Apto 502, TORRE 11",CHACARAS PEDRO CORREA DE CARVALHO,"Apartamento, 117.57 de área total, 47.85 de área privativa, 0.00 de área do terreno,  2 qto(s), a.serv, WC, 1 sala(s), cozinha.",126700.17,215000.0,41.07,Venda Online,,RIBEIRAO PRETO,SP,Não
8444432925580,"RUA RIO PARAGUACU, N. 1151, Apto 144, BL 01",IPIRANGA,"Apartamento, 102.92 de área total, 46.89 de área privativa, 0.00 de área do terreno,  2 qto(s), a.serv, WC, 1 sala(s), cozinha, 1 vaga(s) de garagem.",94815.14,160000.0,40.75,Licitação Aberta,,RIBEIRAO PRETO,SP,Não
8444435259416,"RUA JORDAO FAVERO, N. 420, Apto 203,  PAV 3  2ANDAR",ED RES LAGOINHA,"Apartamento, 68.20 de área total, 37.25 de área privativa, 0.00 de área do terreno,  1 qto(s), a.serv, WC, 1 sala(s), cozinha.",98107.16,165555.28,40.75,Licitação Aberta,,RIBEIRAO PRETO,SP,Não
8555536317464,"RUA RAPHAEL FRANCISCO LIPPI, N. 421, Apto 45, 4 ANDAR PAV5",PRACAS DO IPIRANGA,"Apartamento, 91.37 de área total, 46.62 de área privativa, 0.00 de área do terreno,  2 qto(s), WC, 1 sala(s), cozinha, 1 vaga(s) de garagem.",102933.68,173700.0,40.75,Licitação Aberta,,RIBEIRAO PRETO,SP,Não
8787704511472,"RUA OVIDIO COLUS, N. 51, Apto 404, BL 02  3 ANDAR VG 128 TIPO P",PARQ ROMENIA,"Apartamento, 117.25 de área total, 48.50 de área privativa, 0.00 de área do terreno,  2 qto(s), a.serv, WC, 1 sala(s), cozinha, 1 vaga(s) de garagem.",97778.11,165000.0,40.75,Licitação Aberta,,RIBEIRAO PRETO,SP,Não
8787708365195,"VIA JERONIMO ALFREDO AMOR ESPIN, N. 400, Apto 13, BL B TORRE 01",VITTA RECANTA DA MAT,"Apartamento, 108.39 de área total, 43.06 de área privativa, 0.00 de área do terreno,  2 qto(s), a.serv, WC, 1 sala(s), cozinha, 1 vaga(s) de garagem.",99555.89,168000.0,40.75,Venda Direta Online,,RIBEIRAO PRETO,SP,Não
8787710605670,"VIA JERONIMO ALFREDO AMOR ESPIN, N. 400, Apto 34, BL 03 TORRE 03",Centro,"Apartamento, 108.39 de área total, 43.06 de área privativa, 0.00 de área do terreno,  2 qto(s), WC, 1 sala(s), cozinha, 1 vaga(s) de garagem.",97185.51,164000.0,40.75,Licitação Aberta,,RIBEIRAO PRETO,SP,Não
8787711646507,"RUA GERALDO RINHEL SOBRINHO, N. 250, Apto 312, BL 05",RIBEIRAO PRETO,"Apartamento, 93.82 de área total, 43.27 de área privativa, 0.00 de área do terreno,  2 qto(s), a.serv, WC, 1 sala(s), cozinha, 1 vaga(s) de garagem.",94815.14,160000.0,40.75,Venda Online,,RIBEIRAO PRETO,SP,Não
8787714877224,"RUA GERALDO RINHEL SOBRINHO, N. 400, Apto 207, BL 10",CONQUISTA HORIZONTE,"Apartamento, 91.43 de área total, 43.30 de área privativa, 0.00 de área do terreno,  2 qto(s), a.serv, WC, 1 sala(s), cozinha, 1 vaga(s) de garagem.",103704.06,175000.0,40.75,Venda Direta Online,,RIBEIRAO PRETO,SP,Não
8787715911124,"AVENIDA GENERAL EUCLYDES DE FIGUEIREDO, N. 1655, Apto 23, TORRE 06 BL B",RES LAR FLORENÇA,"Apartamento, 104.17 de área total, 42.81 de área privativa, 0.00 de área do terreno, 1 vaga(s) de garagem.",105778.14,178500.0,40.75,Venda Direta Online,,RIBEIRAO PRETO,SP,Não
8787716865886,"AVENIDA GENERAL EUCLYDES DE FIGUEIREDO, N. 1655, Apto 32, BL B TORRE 08",COND LAR FLORENCA,"Apartamento, 104.17 de área total, 42.81 de área privativa, 0.00 de área do terreno,  2 qto(s), WC, 1 sala(s), cozinha, 1 vaga(s) de garagem.",101867.01,171900.0,40.75,Venda Direta Online,,RIBEIRAO PRETO,SP,Não
8787716945561,"AVENIDA GENERAL EUCLYDES DE FIGUEIREDO, N. 1655, Apto 24, TR 8 BL B",LAR FLORENÇA,"Apartamento, 104.17 de área total, 42.81 de área privativa, 0.00 de área do terreno,  2 qto(s), a.serv, WC, 1 sala(s), cozinha.",101926.27,172000.0,40.75,Licitação Aberta,,RIBEIRAO PRETO,SP,Não
8787716966879,"RUA PROFESSOR AYLTON RICOY DE OLIVEIRA, N. 925, Apto 302, BL 30",RESERVA OURO BRANCO,"Apartamento, 70.15 de área total, 44.57 de área privativa, 0.00 de área do terreno,  2 qto(s), WC, 1 sala(s), cozinha, 1 vaga(s) de garagem.",103704.06,175000.0,40.75,Venda Direta Online,,RIBEIRAO PRETO,SP,Não
8787721163797,"RUA PROFESSOR AYLTON RICOY DE OLIVEIRA, N. 925, Apto 301, BL 02",RESERVA OURO BRANCO,"Apartamento, 64.24 de área total, 40.82 de área privativa, 0.00 de área do terreno,  2 qto(s), WC, 1 sala(s), cozinha, 1 vaga(s) de garagem.",100741.08,170000.0,40.75,Venda Direta Online,,RIBEIRAO PRETO,SP,Não
8787702927914,"RUA ANTONIO ZANELATO, N. 193, Apto 21, BL B",JARDIM ZARA,"Apartamento, 78.11 de área total, 40.31 de área privativa, 0.00 de área do terreno,  2 qto(s), WC, 1 sala(s), cozinha, 1 vaga(s) de garagem.",106667.03,180000.0,40.75,Venda Direta Online,,RIBEIRAO PRETO,SP,Não
8444428398562,"RUA PAULO DE FRONTIM, N. 2005, Apto 12, TORRE 02 BL D",JARDIM MARIA GORETTI,"Apartamento, 49.42 de área total, 42.96 de área privativa, 0.00 de área do terreno,  2 qto(s), WC, 1 sala(s), cozinha, 1 vaga(s) de garagem.",94815.14,160000.0,40.75,Venda Direta Online,,RIBEIRAO PRETO,SP,Não
8555539888012,"AVENIDA DOUTOR FERNANDO MENDES GARCIA, N. 2720, Apto 4, BL D TR 03 TERREO",ADELINO SIMIONI,"Apartamento, 101.48 de área total, 43.06 de área privativa, 0.00 de área do terreno,  2 qto(s), a.serv, WC, 1 sala(s), cozinha, 1 vaga(s) de garagem.",103407.76,174500.0,40.75,Venda Direta Online,,RIBEIRAO PRETO,SP,Não
8787710471479,"RUA JAPURA, N. 3055, Apto 33, BL C TORRE 01",JARDIM JANDAIA,"Apartamento, 64.67 de área total, 42.50 de área privativa, 0.00 de área do terreno,  2 qto(s), WC, 1 sala(s), cozinha, 1 vaga(s) de garagem.",95407.73,161000.0,40.75,Venda Online,,RIBEIRAO PRETO,SP,Não
8444437285538,"RUA ALVARO DE LACERDA CHAVES, N. 1191, Apto 14, BL 04",IPIRANGA,"Apartamento, 0.00 de área total, 48.66 de área privativa, 0.00 de área do terreno.",96000.33,162000.0,40.75,Venda Direta Online,,RIBEIRAO PRETO,SP,Não
8555525636598,"RUA ITAJUBA, N. 1161, Apto 11, T 2 BL C",IPIRANGA,"Apartamento, 89.41 de área total, 42.96 de área privativa, 0.00 de área do terreno,  2 qto(s), a.serv, WC, 1 sala(s), cozinha, 1 vaga(s) de garagem.",92444.76,156000.0,40.75,Licitação Aberta,,RIBEIRAO PRETO,SP,Não
8555526282170,"RUA ITAJUBA, N. 1161, Apto 11, TORRE 05, BL D",IPIRANGA,"Apartamento, 89.41 de área total, 42.96 de área privativa, 0.00 de área do terreno,  2 qto(s), WC, 1 sala(s), cozinha, 1 vaga(s) de garagem.",93629.95,158000.0,40.75,Venda Direta Online,,RIBEIRAO PRETO,SP,Não
8555527961437,"RUA ITAJUBA, N. 1161, Apto 24, BL B TORRE 02",IPIRANGA,"Apartamento, 0.00 de área total, 42.90 de área privativa, 0.00 de área do terreno, 1 vaga(s) de garagem.",94815.14,160000.0,40.75,Licitação Aberta,,RIBEIRAO PRETO,SP,Não
8555534601092,"RUA ITAPICURUS, N. 1735, Apto 01, TORRE 3 - QUEBEC",IPIRANGA,"Apartamento, 85.88 de área total, 40.71 de área privativa, 0.00 de área do terreno,  2 qto(s), WC, 1 sala(s), cozinha, 1 vaga(s) de garagem.",100741.08,170000.0,40.75,Venda Direta Online,,RIBEIRAO PRETO,SP,Não
8555537240422,"AV EDUARDO ANDREA MATARAZZO, N. 4875, Apto 14, BL D, TORRE 01",IPIRANGA,"Apartamento, 88.22 de área total, 42.80 de área privativa, 0.00 de área do terreno,  2 qto(s), a.serv, WC, 1 sala(s), cozinha, 1 vaga(s) de garagem.",106667.03,180000.0,40.75,Venda Direta Online,,RIBEIRAO PRETO,SP,Não
8555538878552,"AVENIDA EDUARDO ANDREA MATARAZZO, N. 4635, Apto 03, TORRE 5 BL E",IPIRANGA,"Apartamento, 86.88 de área total, 42.80 de área privativa, 0.00 de área do terreno,  2 qto(s), WC, 1 sala(s), cozinha, 1 vaga(s) de garagem.",104889.24,177000.0,40.75,Licitação Aberta,,RIBEIRAO PRETO,SP,Não
8787710486506,"RUA JAPURA, N. 3055, Apto 14, T 3 BL C",IPIRANGA,"Apartamento, 85.34 de área total, 42.50 de área privativa, 0.00 de área do terreno,  2 qto(s), WC, 1 sala(s), cozinha, 1 vaga(s) de garagem.",91893.77,155070.21,40.75,Licitação Aberta,,RIBEIRAO PRETO,SP,Não
8787714714996,"RUA TABATINGA, N. 1685, Apto 57,",IPIRANGA,"Apartamento, 93.61 de área total, 48.60 de área privativa, 0.00 de área do terreno,  2 qto(s), WC, 1 sala(s), cozinha, 1 vaga(s) de garagem.",104683.0,176651.97,40.75,Licitação Aberta,,RIBEIRAO PRETO,SP,Não
8555532947277,"AVENIDA DOUTOR WALTER BELIAN, N. 1265, Apto 303, BL 07",PARQUE SAO SEBASTIAO,"Apartamento, 112.28 de área total, 47.72 de área privativa, 0.00 de área do terreno,  2 qto(s), a.serv, WC, 1 sala(s), cozinha, 1 vaga(s) de garagem.",94222.54,159000.0,40.75,Venda Direta Online,,RIBEIRAO PRETO,SP,Não
8787709403902,"RUA CONSELHEIRO FERREIRA VIANNA, N. 85, Apto 302, BL 5",PARQUE SAO SEBASTIAO,"Apartamento, 89.39 de área total, 47.36 de área privativa, 0.00 de área do terreno,  2 qto(s), a.serv, WC, 1 sala(s), cozinha, 1 vaga(s) de garagem.",96592.92,163000.0,40.75,Venda Direta Online,,RIBEIRAO PRETO,SP,Não
8787715615193,"AVENIDA DOUTOR WALTER BELIAN, N. 1607, Apto 33, BL. E TORRE 3",PARQUE SAO SEBASTIAO,"Apartamento, 92.70 de área total, 44.00 de área privativa, 0.00 de área do terreno,  2 qto(s), WC, 1 sala(s), cozinha, 1 vaga(s) de garagem.",106667.03,180000.0,40.75,Venda Online,,RIBEIRAO PRETO,SP,Não
8787704123260,"AVENIDA VIRGILIO SOEIRA, N. 500, Apto 22, BL D 2 PAV",PLANALTO VERDE,"Apartamento, 84.79 de área total, 42.50 de área privativa, 0.00 de área do terreno,  2 qto(s), a.serv, WC, 1 sala(s), cozinha.",94815.14,160000.0,40.75,Licitação Aberta,,RIBEIRAO PRETO,SP,Não
8555537907699,"AVENIDA EDUARDO ANDREA MATARAZZO, N. SN, Apto 34, TORRE 05 BL E",VALENTINA FIGUEIREDO,"Apartamento, 0.00 de área total, 42.80 de área privativa, 0.00 de área do terreno, 1 vaga(s) de garagem.",93392.91,157600.0,40.75,Licitação Aberta,,RIBEIRAO PRETO,SP,Não
8555538495840,"AVENIDA EDUARDO ANDREA MATARAZZO, N. 4875, Apto 23, TORRE 3 BL E",VALENTINA FIGUEIREDO,"Apartamento, 88.21 de área total, 42.80 de área privativa, 0.00 de área do terreno,  2 qto(s), a.serv, WC, 1 sala(s), cozinha, 1 vaga(s) de garagem.",104296.65,176000.0,40.75,Venda Direta Online,,RIBEIRAO PRETO,SP,Não
8787703772469,"RUA TITO BONAGAMBA, N. 350, Apto 31, TORRE 04 BL E",VALENTINA FIGUEIREDO,"Apartamento, 89.34 de área total, 43.06 de área privativa, 0.00 de área do terreno,  2 qto(s), WC, 1 sala(s), cozinha, 1 vaga(s) de garagem.",100741.08,170000.0,40.75,Venda Online,,RIBEIRAO PRETO,SP,Não
8787707605583,"RUA TITO BONAGAMBA, N. 350, Apto 12, BL D TORRE 02",VALENTINA FIGUEIREDO,"Apartamento, 0.00 de área total, 43.06 de área privativa, 0.00 de área do terreno,  2 qto(s), a.serv, WC, 1 sala(s), cozinha, 1 vaga(s) de garagem.",101333.68,171000.0,40.75,Venda Direta Online,,RIBEIRAO PRETO,SP,Não
8787709889520,"RUA TITO BONAGAMBA, N. 350, Apto 02, BL B TORRE 05",VALENTINA FIGUEIREDO,"Apartamento, 89.34 de área total, 43.06 de área privativa, 0.00 de área do terreno,  2 qto(s), WC, 1 sala(s), cozinha, 1 vaga(s) de garagem.",94815.14,160000.0,40.75,Venda Direta Online,,RIBEIRAO PRETO,SP,Não
8787710338680,"AVENIDA GOVERNADOR MARIO COVAS, N. 7555, Apto 13, BL A TR 01 PAV 01",VALENTINA FIGUEIREDO,"Apartamento, 89.20 de área total, 43.06 de área privativa, 0.00 de área do terreno,  2 qto(s), a.serv, WC, 1 sala(s), cozinha, 1 vaga(s) de garagem.",99555.89,168000.0,40.75,Venda Direta Online,,RIBEIRAO PRETO,SP,Não
8787710691673,"AVENIDA GOVERNADOR MARIO COVAS, N. 7555, Apto 21, TORRE 1 - BLOCO E",VALENTINA FIGUEIREDO,"Apartamento, 89.20 de área total, 43.06 de área privativa, 0.00 de área do terreno,  2 qto(s), a.serv, WC, 1 sala(s), cozinha, 1 vaga(s) de garagem.",93629.95,158000.0,40.75,Venda Direta Online,,RIBEIRAO PRETO,SP,Não
8787710824720,"AVENIDA GOVERNADOR MARIO COVAS, N. 7555, Apto 24, TORRE 1 BL A",VALENTINA FIGUEIREDO,"Apartamento, 89.20 de área total, 43.06 de área privativa, 0.00 de área do terreno,  2 qto(s), WC, 1 sala(s), cozinha, 1 vaga(s) de garagem.",99555.89,168000.0,40.75,Venda Direta Online,,RIBEIRAO PRETO,SP,Não
8787711003339,"AVENIDA GOVERNADOR MARIO COVAS, N. 7555, Apto 33, TORRE 01 BL A",VALENTINA FIGUEIREDO,"Apartamento, 89.20 de área total, 43.06 de área privativa, 0.00 de área do terreno,  2 qto(s), a.serv, WC, 1 sala(s), cozinha, 1 vaga(s) de garagem.",96592.92,163000.0,40.75,Licitação Aberta,,RIBEIRAO PRETO,SP,Não
8787714350463,"AVENIDA GOVERNADOR MARIO COVAS, N. 7555, Apto 04, TORRE 5 BL D",VALENTINA FIGUEIREDO,"Apartamento, 89.20 de área total, 43.06 de área privativa, 0.00 de área do terreno,  2 qto(s), WC, 1 sala(s), cozinha, 1 vaga(s) de garagem.",94815.14,160000.0,40.75,Venda Direta Online,,RIBEIRAO PRETO,SP,Não
8787715594943,"AVENIDA GOVERNADOR MARIO COVAS, N. 7555, Apto 03, BL 03 TORRE 4",VALENTINA FIGUEIREDO,"Apartamento, 89.20 de área total, 43.06 de área privativa, 0.00 de área do terreno,  2 qto(s), WC, 1 sala(s), cozinha, 1 vaga(s) de garagem.",94815.14,160000.0,40.75,Venda Direta Online,,RIBEIRAO PRETO,SP,Não
8787719429009,"AVENIDA GOVERNADOR MARIO COVAS, N. 7555, Apto 23, TORRE 03 BL B",VALENTINA FIGUEIREDO,"Apartamento, 89.20 de área total, 43.06 de área privativa, 0.00 de área do terreno,  2 qto(s), WC, 1 sala(s), cozinha, 1 vaga(s) de garagem.",105481.84,178000.0,40.75,Venda Direta Online,,RIBEIRAO PRETO,SP,Não
8787715746360,"AVENIDA GENERAL EUCLYDES DE FIGUEIREDO, N. 1655, Apto 22, TR 08 BL B",QUINTINO FACCI II,"Apartamento, 104.17 de área total, 42.81 de área privativa, 0.00 de área do terreno, 1 vaga(s) de garagem.",94044.76,158700.0,40.75,Licitação Aberta,,RIBEIRAO PRETO,SP,Não
8787716579689,"AVENIDA GENERAL EUCLYDES DE FIGUEIREDO, N. 1655, Apto 13, TORRE 13 BLOCO A",QUINTINO FACCI II,"Apartamento, 104.17 de área total, 42.81 de área privativa, 0.00 de área do terreno,  2 qto(s), a.serv, WC, 1 sala(s), cozinha, 1 vaga(s) de garagem.",106667.03,180000.0,40.75,Venda Online,,RIBEIRAO PRETO,SP,Não
8555538413568,"AVENIDA DOUTOR FERNANDO MENDES GARCIA, N. 2720, Apto 13, BL B, TORRE 7",JARDIM DIVA TARLA DE CARVALHO,"Apartamento, 101.48 de área total, 43.06 de área privativa, 0.00 de área do terreno,  2 qto(s), WC, 1 sala(s), cozinha, 1 vaga(s) de garagem.",92148.46,155500.0,40.75,Venda Direta Online,,RIBEIRAO PRETO,SP,Não
8555539648828,"AVENIDA DOUTOR FERNANDO MENDES GARCIA, N. 2720, Apto 14, BL C TORRE 04",JARDIM DIVA TARLA DE CARVALHO,"Apartamento, 101.48 de área total, 43.06 de área privativa, 0.00 de área do terreno,  2 qto(s), a.serv, WC, 1 sala(s), cozinha, 1 vaga(s) de garagem.",96000.33,162000.0,40.75,Licitação Aberta,,RIBEIRAO PRETO,SP,Não
8555540146350,"AVENIDA DOUTOR FERNANDO MENDES GARCIA, N. 2720, Apto 22, BL C, TORRE 4",JARDIM DIVA TARLA DE CARVALHO,"Apartamento, 101.48 de área total, 43.06 de área privativa, 0.00 de área do terreno,  2 qto(s), a.serv, WC, 1 sala(s), cozinha, 1 vaga(s) de garagem.",93629.95,158000.0,40.75,Venda Direta Online,,RIBEIRAO PRETO,SP,Não
8444422498280,"RUA  ALFREDO SCAFF, N. 370, Apto 02, 2° PAVIMENTO",RESIDENCIAL PARQUE DOS SERVIDORES,"Apartamento, 73.45 de área total, 51.92 de área privativa, 0.00 de área do terreno,  2 qto(s), a.serv, WC, 1 sala(s), cozinha, 1 vaga(s) de garagem.",98133.67,165600.0,40.75,Licitação Aberta,,RIBEIRAO PRETO,SP,Não
8787704867072,"RUA JOAO GUIMARAES ROSA, N. 65, Apto 22, BL F TORRE 01",RESIDENCIAL PARQUE DOS SERVIDORES,"Apartamento, 43.06 de área total, 43.06 de área privativa, 0.00 de área do terreno,  2 qto(s), WC, 1 sala(s), cozinha, 1 vaga(s) de garagem.",97778.11,165000.0,40.75,Venda Direta Online,,RIBEIRAO PRETO,SP,Não
8787705333403,"RUA JOAO GUIMARAES ROSA, N. 65, Apto 03, TERREO TORRE 2 BL D",RESIDENCIAL PARQUE DOS SERVIDORES,"Apartamento, 112.11 de área total, 43.06 de área privativa, 0.00 de área do terreno,  2 qto(s), WC, 1 sala(s), cozinha, 1 vaga(s) de garagem.",92444.76,156000.0,40.75,Venda Direta Online,,RIBEIRAO PRETO,SP,Não
8787709211779,"RUA JOAO GUIMARAES ROSA, N. 65, Apto 33, BL D TORRE 02",RESIDENCIAL PARQUE DOS SERVIDORES,"Apartamento, 97.18 de área total, 43.06 de área privativa, 0.00 de área do terreno,  2 qto(s), WC, 1 sala(s), cozinha, 1 vaga(s) de garagem.",96000.33,162000.0,40.75,Venda Direta Online,,RIBEIRAO PRETO,SP,Não
8787709705380,"RUA JOAO GUIMARAES ROSA, N. 65, Apto 21, BL C TORRE 01",RESIDENCIAL PARQUE DOS SERVIDORES,"Apartamento, 97.18 de área total, 43.06 de área privativa, 0.00 de área do terreno,  2 qto(s), WC, 1 sala(s), cozinha, 1 vaga(s) de garagem.",96000.33,162000.0,40.75,Venda Direta Online,,RIBEIRAO PRETO,SP,Não
8444433873362,"RUA CARLOS CESAR TONELO, N. 250, Apto 34, BL 06",JARDIM HEITOR RIGON,"Apartamento, 106.38 de área total, 48.73 de área privativa, 0.00 de área do terreno,  2 qto(s), WC, 1 sala(s), cozinha, 1 vaga(s) de garagem.",100741.08,170000.0,40.75,Venda Direta Online,,RIBEIRAO PRETO,SP,Não
8787707909221,"RUA JOSE DE ALCANTARA, N. 765, Apto 31, BL D TORRE 01",JARDIM HEITOR RIGON,"Apartamento, 89.45 de área total, 43.06 de área privativa, 0.00 de área do terreno,  2 qto(s), WC, 1 sala(s), cozinha, 1 vaga(s) de garagem.",94815.14,160000.0,40.75,Venda Direta Online,,RIBEIRAO PRETO,SP,Não
8555531921045,"RUA ANTONIA MUGNATO MARINCEK, N. 2255, Apto 32, BL. B - TORRE 2",JARDIM FLORESTAN FERNANDES,"Apartamento, 102.91 de área total, 42.82 de área privativa, 0.00 de área do terreno,  2 qto(s), WC, 1 sala(s), cozinha, 1 vaga(s) de garagem.",94815.14,160000.0,40.75,Venda Online,,RIBEIRAO PRETO,SP,Não
8555535994128,"RUA RAPHAEL FRANCISCO LIPPI, N. 421, Apto 73, TORRE 2",RESIDENCIAL DAS AMERICAS,"Apartamento, 91.37 de área total, 46.62 de área privativa, 0.00 de área do terreno, 1 vaga(s) de garagem.",94815.14,160000.0,40.75,Licitação Aberta,,RIBEIRAO PRETO,SP,Não
8555539780432,"RUA RAPHAEL FRANCISCO LIPPI, N. 421, Apto 57, TORRE 05",RESIDENCIAL DAS AMERICAS,"Apartamento, 95.55 de área total, 49.46 de área privativa, 0.00 de área do terreno,  2 qto(s), a.serv, WC, 1 sala(s), cozinha, 1 vaga(s) de garagem.",103704.06,175000.0,40.75,Venda Direta Online,,RIBEIRAO PRETO,SP,Não
8787710198586,"VIA JERONIMO ALFREDO AMOR ESPIN, N. 400, Apto 33, TORRE 03",JARDIM DAS PALMEIRAS,"Apartamento, 86.71 de área total, 43.06 de área privativa, 0.00 de área do terreno,  2 qto(s), WC, 1 sala(s), cozinha, 1 vaga(s) de garagem.",100741.08,170000.0,40.75,Venda Direta Online,,RIBEIRAO PRETO,SP,Não
8444432922343,"ESTRADA VICENTE CANUTO, N. 280, Apto 03, TORRE 1, BL D",CHACARAS PEDRO CORREA DE CARVALHO,"Apartamento, 88.44 de área total, 43.06 de área privativa, 0.00 de área do terreno,  2 qto(s), a.serv, WC, 1 sala(s), cozinha, 1 vaga(s) de garagem.",99555.89,168000.0,40.75,Venda Direta Online,,RIBEIRAO PRETO,SP,Não
8444436160960,"ESTRADA VICENTE CANUTO, N. 280, Apto 01, TORRE 02 BL D",CHACARAS PEDRO CORREA DE CARVALHO,"Apartamento, 88.44 de área total, 43.06 de área privativa, 0.00 de área do terreno,  2 qto(s), a.serv, WC, 1 sala(s), cozinha, 1 vaga(s) de garagem.",99555.89,168000.0,40.75,Licitação Aberta,,RIBEIRAO PRETO,SP,Não
8787710796823,"AVENIDA EDUARDO ANDREA MATARAZZO, N. 6050, Apto 204, TORRE 04",CHACARAS PEDRO CORREA DE CARVALHO,"Apartamento, 122.50 de área total, 56.33 de área privativa, 0.00 de área do terreno,  2 qto(s), a.serv, WC, 1 sala(s), cozinha, 1 vaga(s) de garagem.",103704.06,175000.0,40.75,Licitação Aberta,,RIBEIRAO PRETO,SP,Não
8787714549871,"AVENIDA EDUARDO ANDREA MATARAZZO, N. 6130, Apto 604, TR 04",CHACARAS PEDRO CORREA DE CARVALHO,"Apartamento, 117.57 de área total, 47.85 de área privativa, 0.00 de área do terreno,  2 qto(s), WC, 1 sala(s), cozinha, 1 vaga(s) de garagem.",106667.03,180000.0,40.75,Venda Online,,RIBEIRAO PRETO,SP,Não
8787715017830,"AVENIDA EDUARDO ANDREA MATARAZZO, N. 6130, Apto 801, TORRE 03",CHACARAS PEDRO CORREA DE CARVALHO,"Apartamento, 117.57 de área total, 47.85 de área privativa, 0.00 de área do terreno,  2 qto(s), 1 vaga(s) de garagem.",100741.08,170000.0,40.75,Licitação Aberta,,RIBEIRAO PRETO,SP,Não
8787715845407,"ESTRADA VICENTE CANUTO, N. 280, Apto 02, BL A TORRE 01",CHACARAS PEDRO CORREA DE CARVALHO,"Apartamento, 64.72 de área total, 43.06 de área privativa, 0.00 de área do terreno,  2 qto(s), WC, 1 sala(s), cozinha, 1 vaga(s) de garagem.",97778.11,165000.0,40.75,Venda Direta Online,,RIBEIRAO PRETO,SP,Não
8787703386607,"RUA OVIDIO COLUS, N. 80, Apto 14, 01 PV BL C TORRE 2",JARDIM JOSE SAMPAIO JUNIOR,"Apartamento, 84.36 de área total, 42.50 de área privativa, 0.00 de área do terreno,  2 qto(s), a.serv, WC, 1 sala(s), cozinha, 1 vaga(s) de garagem.",97778.11,165000.0,40.75,Venda Direta Online,,RIBEIRAO PRETO,SP,Não
8787710258562,"RUA PROFESSOR AYLTON RICOY DE OLIVEIRA, N. 605, Apto 402, BL. 02",JARDIM OURO BRANCO,"Apartamento, 79.93 de área total, 40.82 de área privativa, 0.00 de área do terreno,  2 qto(s), a.serv, WC, 1 sala(s), cozinha, 1 vaga(s) de garagem.",94815.14,160000.0,40.75,Venda Online,,RIBEIRAO PRETO,SP,Não
8787714669478,"RUA PROFESSOR AYLTON RICOY DE OLIVEIRA, N. 925, Apto 202, BL 17",JARDIM OURO BRANCO,"Apartamento, 70.82 de área total, 44.57 de área privativa, 0.00 de área do terreno,  2 qto(s), a.serv, WC, 1 sala(s), cozinha, 1 vaga(s) de garagem.",103704.06,175000.0,40.75,Licitação Aberta,,RIBEIRAO PRETO,SP,Não
8787714698095,"RUA PROFESSOR AYLTON RICOY DE OLIVEIRA, N. 925, Apto 201, BL 18 2° PAVIMENTO",JARDIM OURO BRANCO,"Apartamento, 64.25 de área total, 40.82 de área privativa, 0.00 de área do terreno,  2 qto(s), a.serv, WC, 1 sala(s), cozinha, 1 vaga(s) de garagem.",96592.92,163000.0,40.75,Licitação Aberta,,RIBEIRAO PRETO,SP,Não
8787714770438,"RUA PROFESSOR AYLTON RICOY DE OLIVEIRA, N. 605, Apto 401, BL 06",JARDIM OURO BRANCO,"Apartamento, 79.93 de área total, 40.82 de área privativa, 0.00 de área do terreno,  2 qto(s), WC, 1 sala(s), cozinha, 1 vaga(s) de garagem.",94815.14,160000.0,40.75,Venda Direta Online,,RIBEIRAO PRETO,SP,Não
8787715564190,"RUA PROFESSOR AYLTON RICOY DE OLIVEIRA, N. 605, Apto 402, 4 PAV BL 21",JARDIM OURO BRANCO,"Apartamento, 88.70 de área total, 45.30 de área privativa, 0.00 de área do terreno,  2 qto(s), a.serv, WC, 1 sala(s), cozinha.",94567.34,159581.84,40.75,Licitação Aberta,,RIBEIRAO PRETO,SP,Não
8787715789167,"RUA PROFESSOR AYLTON RICOY DE OLIVEIRA, N. 925, Apto 403, BL 09",JARDIM OURO BRANCO,"Apartamento, 64.24 de área total, 40.82 de área privativa, 0.00 de área do terreno,  2 qto(s), WC, 1 sala(s), cozinha.",97778.11,165000.0,40.75,Venda Direta Online,,RIBEIRAO PRETO,SP,Não
8787715919281,"RUA PROFESSOR AYLTON RICOY DE OLIVEIRA, N. 925, Apto 403, QD 01 BL 21 LT 09",JARDIM OURO BRANCO,"Apartamento, 64.24 de área total, 40.82 de área privativa, 0.00 de área do terreno,  2 qto(s), a.serv, WC, 1 sala(s), cozinha.",94815.14,160000.0,40.75,Licitação Aberta,,RIBEIRAO PRETO,SP,Não
8787716067904,"RUA PROFESSOR AYLTON RICOY DE OLIVEIRA, N. 925, Apto 402, BL 28",JARDIM OURO BRANCO,"Apartamento, 82.82 de área total, 44.57 de área privativa, 0.00 de área do terreno,  2 qto(s), a.serv, WC, 1 sala(s), cozinha, 1 vaga(s) de garagem.",104296.65,176000.0,40.75,Venda Direta Online,,RIBEIRAO PRETO,SP,Não
8787716617238,"RUA PROFESSOR AYLTON RICOY DE OLIVEIRA, N. 925, Apto 104, 1º PAV, BL 22, LT 09, QD 1",JARDIM OURO BRANCO,"Apartamento, 64.24 de área total, 40.82 de área privativa, 0.00 de área do terreno,  2 qto(s), a.serv, WC, 1 sala(s), cozinha.",100741.08,170000.0,40.75,Venda Direta Online,,RIBEIRAO PRETO,SP,Não
8787716969738,"RUA PROFESSOR AYLTON RICOY DE OLIVEIRA, N. 925, Apto 404, BL 30",JARDIM OURO BRANCO,"Apartamento, 72.25 de área total, 44.57 de área privativa, 0.00 de área do terreno,  2 qto(s), a.serv, WC, 1 sala(s), cozinha, 1 vaga(s) de garagem.",94815.14,160000.0,40.75,Venda Direta Online,,RIBEIRAO PRETO,SP,Não
8787717429346,"RUA PROFESSOR AYLTON RICOY DE OLIVEIRA, N. 925, Apto 101, BL 9 VAGA DE MOTO 42",JARDIM OURO BRANCO,"Apartamento, 0.00 de área total, 40.82 de área privativa, 0.00 de área do terreno, 1 vaga(s) de garagem.",96000.33,162000.0,40.75,Venda Direta Online,,RIBEIRAO PRETO,SP,Não
8787718344050,"RUA PROFESSOR AYLTON RICOY DE OLIVEIRA, N. 925, Apto 304, BL 15",JARDIM OURO BRANCO,"Apartamento, 72.25 de área total, 44.57 de área privativa, 0.00 de área do terreno,  2 qto(s), a.serv, WC, 1 sala(s), cozinha, 1 vaga(s) de garagem.",95407.73,161000.0,40.75,Venda Direta Online,,RIBEIRAO PRETO,SP,Não
8787719090389,"RUA PROFESSOR AYLTON RICOY DE OLIVEIRA, N. 925, Apto 201, BL 13",JARDIM OURO BRANCO,"Apartamento, 75.05 de área total, 40.82 de área privativa, 0.00 de área do terreno,  2 qto(s), WC, 1 sala(s), cozinha, 1 vaga(s) de garagem.",97778.11,165000.0,40.75,Venda Direta Online,,RIBEIRAO PRETO,SP,Não
8787719139736,"RUA PROFESSOR AYLTON RICOY DE OLIVEIRA, N. 925, Apto 401, BLOCO 1",JARDIM OURO BRANCO,"Apartamento, 64.24 de área total, 40.82 de área privativa, 0.00 de área do terreno,  2 qto(s), WC, 1 sala(s), cozinha, 1 vaga(s) de garagem.",100741.08,170000.0,40.75,Venda Direta Online,,RIBEIRAO PRETO,SP,Não
8787720479979,"RUA PROFESSOR AYLTON RICOY DE OLIVEIRA, N. 925, Apto 403, BL 07",JARDIM OURO BRANCO,"Apartamento, 64.25 de área total, 40.82 de área privativa, 0.00 de área do terreno,  2 qto(s), WC, 1 sala(s), cozinha, 1 vaga(s) de garagem.",103704.06,175000.0,40.75,Venda Direta Online,,RIBEIRAO PRETO,SP,Não
8787720558968,"RUA PROFESSOR AYLTON RICOY DE OLIVEIRA, N. 925, Apto 404, BLOCO 20",JARDIM OURO BRANCO,"Apartamento, 70.15 de área total, 44.57 de área privativa, 0.00 de área do terreno,  2 qto(s), WC, 1 sala(s), cozinha, 1 vaga(s) de garagem.",106667.03,180000.0,40.75,Venda Direta Online,,RIBEIRAO PRETO,SP,Não
8787720565557,"RUA PROFESSOR AYLTON RICOY DE OLIVEIRA, N. 925, Apto 302, BL 08 3º PAV",JARDIM OURO BRANCO,"Apartamento, 70.14 de área total, 44.57 de área privativa, 0.00 de área do terreno,  2 qto(s), a.serv, WC, 1 sala(s), cozinha, 1 vaga(s) de garagem.",94222.54,159000.0,40.75,Licitação Aberta,,RIBEIRAO PRETO,SP,Não
8787720689310,"RUA PROFESSOR AYLTON RICOY DE OLIVEIRA, N. 925, Apto 402, BL 20",JARDIM OURO BRANCO,"Apartamento, 70.14 de área total, 44.57 de área privativa, 0.00 de área do terreno,  2 qto(s), WC, 1 sala(s), cozinha, 1 vaga(s) de garagem.",100741.08,170000.0,40.75,Venda Direta Online,,RIBEIRAO PRETO,SP,Não
8787720719520,"RUA PROFESSOR AYLTON RICOY DE OLIVEIRA, N. 925, Apto 302, BL 20",JARDIM OURO BRANCO,"Apartamento, 70.15 de área total, 44.57 de área privativa, 0.00 de área do terreno,  2 qto(s), a.serv, WC, 1 sala(s), cozinha, 1 vaga(s) de garagem.",93629.95,158000.0,40.75,Venda Direta Online,,RIBEIRAO PRETO,SP,Não
8787720859887,"RUA UM, N. 925, Apto 401, BL 08",JARDIM OURO BRANCO,"Apartamento, 64.24 de área total, 40.82 de área privativa, 0.00 de área do terreno,  2 qto(s), WC, 1 sala(s), cozinha.",94815.14,160000.0,40.75,Venda Direta Online,,RIBEIRAO PRETO,SP,Não
8787721158394,"RUA PROFESSOR AYLTON RICOY DE OLIVEIRA, N. 925, Apto 402, BL 25 PAV 04 LT 09 QD 01 VG 180",JARDIM OURO BRANCO,"Apartamento, 44.57 de área total, 44.57 de área privativa, 0.00 de área do terreno,  2 qto(s), a.serv, WC, 1 sala(s), cozinha, 1 vaga(s) de garagem.",100741.08,170000.0,40.75,Venda Direta Online,,RIBEIRAO PRETO,SP,Não
8787721380518,"RUA PROFESSOR AYLTON RICOY DE OLIVEIRA, N. 925, Apto 404, BL. 26",JARDIM OURO BRANCO,"Apartamento, 70.14 de área total, 44.57 de área privativa, 0.00 de área do terreno,  2 qto(s), a.serv, WC, 1 sala(s), cozinha, 1 vaga(s) de garagem.",94815.14,160000.0,40.75,Venda Online,,RIBEIRAO PRETO,SP,Não
8787700505117,"RUA JOSE BARENSE, N. 1155, Apto 301, BL 34",RESIDENCIAL GREENVILLE,"Apartamento, 95.07 de área total, 44.25 de área privativa, 0.00 de área do terreno,  2 qto(s), WC, 1 sala(s), cozinha, 1 vaga(s) de garagem.",101926.27,172000.0,40.75,Licitação Aberta,,RIBEIRAO PRETO,SP,Não
8787707746276,"RUA DOUTOR GALDOS ANGULO, N. 600, Apto 13, BL B TORRE 01",JARDIM JOSE WILSON TONI,"Apartamento, 82.58 de área total, 42.50 de área privativa, 0.00 de área do terreno,  2 qto(s), WC, 1 sala(s), cozinha, 1 vaga(s) de garagem.",101926.27,172000.0,40.75,Venda Direta Online,,RIBEIRAO PRETO,SP,Não
8787715505002,"RUA ANTONIO ROSSANESE, N. 220, Apto 101, BL 06 PAVIMENTO 1 GARAGEM 112 PNE",CHACARAS BONACORSI,"Apartamento, 91.29 de área total, 45.62 de área privativa, 0.00 de área do terreno,  2 qto(s), WC, 1 sala(s), cozinha, 1 vaga(s) de garagem.",100741.08,170000.0,40.75,Venda Direta Online,,RIBEIRAO PRETO,SP,Não
8787716509672,"RUA ANTONIO ROSSANESE, N. 220, Apto 201, BL 08",CHACARAS BONACORSI,"Apartamento, 91.97 de área total, 41.79 de área privativa, 0.00 de área do terreno,  2 qto(s), WC, 1 sala(s), cozinha, 1 vaga(s) de garagem.",107200.36,180900.0,40.75,Licitação Aberta,,RIBEIRAO PRETO,SP,Não
8787719964958,"RUA ANTONIO ROSSANESE, N. 220, Apto 404, BL 07",CHACARAS BONACORSI,"Apartamento, 91.97 de área total, 41.79 de área privativa, 0.00 de área do terreno,  2 qto(s), a.serv, WC, 1 sala(s), cozinha, 1 vaga(s) de garagem.",106667.03,180000.0,40.75,Venda Direta Online,,RIBEIRAO PRETO,SP,Não
8787722608610,"RUA ANTONIO ROSSANESE, N. 220, Apto 404, BL 02  VG 29",CHACARAS BONACORSI,"Apartamento, 90.13 de área total, 41.79 de área privativa, 0.00 de área do terreno,  2 qto(s), a.serv, WC, 1 sala(s), cozinha, 1 vaga(s) de garagem.",96000.33,162000.0,40.75,Venda Direta Online,,RIBEIRAO PRETO,SP,Não
8787710834911,"RUA GERALDO RINHEL SOBRINHO, N. 250, Apto 05, BL 02",RESERVA MACAUBA,"Apartamento, 93.82 de área total, 43.27 de área privativa, 0.00 de área do terreno,  2 qto(s), a.serv, WC, 1 sala(s), cozinha, 1 vaga(s) de garagem.",98370.7,166000.0,40.75,Venda Direta Online,,RIBEIRAO PRETO,SP,Não
8787712268387,"RUA GERALDO RINHEL SOBRINHO, N. 250, Apto 207, BL 03",RESERVA MACAUBA,"Apartamento, 93.82 de área total, 43.27 de área privativa, 0.00 de área do terreno,  2 qto(s), a.serv, WC, 1 sala(s), cozinha, 1 vaga(s) de garagem.",97185.51,164000.0,40.75,Venda Direta Online,,RIBEIRAO PRETO,SP,Não
8787712709472,"RUA GERALDO RINHEL SOBRINHO, N. 250, Apto 209, BL 06 PAV 02",RESERVA MACAUBA,"Apartamento, 50.70 de área total, 43.16 de área privativa, 0.00 de área do terreno,  2 qto(s), WC, 1 sala(s), cozinha, 1 vaga(s) de garagem.",104296.65,176000.0,40.75,Venda Direta Online,,RIBEIRAO PRETO,SP,Não
8787714431293,"RUA GERALDO RINHEL SOBRINHO, N. 250, Apto 109, BL 09",RESERVA MACAUBA,"Apartamento, 93.63 de área total, 43.16 de área privativa, 0.00 de área do terreno,  2 qto(s), a.serv, WC, 1 sala(s), cozinha, 1 vaga(s) de garagem.",97778.11,165000.0,40.75,Licitação Aberta,,RIBEIRAO PRETO,SP,Não
8787714787110,"RUA GERALDO RINHEL SOBRINHO, N. 400, Apto 102, BL 09",RESERVA MACAUBA,"Apartamento, 105.49 de área total, 56.56 de área privativa, 0.00 de área do terreno,  2 qto(s), WC, 1 sala(s), cozinha, 1 vaga(s) de garagem.",105481.84,178000.0,40.75,Licitação Aberta,,RIBEIRAO PRETO,SP,Não
8787714926454,"RUA GERALDO RINHEL SOBRINHO, N. 400, Apto 110, BL 08",RESERVA MACAUBA,"Apartamento, 102.91 de área total, 48.71 de área privativa, 0.00 de área do terreno,  2 qto(s), WC, 1 sala(s), cozinha, 1 vaga(s) de garagem.",99555.89,168000.0,40.75,Licitação Aberta,,RIBEIRAO PRETO,SP,Não
8787715394090,"RUA GERALDO RINHEL SOBRINHO, N. 400, Apto 404, BL 08",RESERVA MACAUBA,"Apartamento, 91.21 de área total, 43.16 de área privativa, 0.00 de área do terreno,  2 qto(s), a.serv, WC, 1 sala(s), cozinha, 1 vaga(s) de garagem.",94815.14,160000.0,40.75,Venda Direta Online,,RIBEIRAO PRETO,SP,Não
8787715747898,"RUA GERALDO RINHEL SOBRINHO, N. 250, Apto 306, BL 07",RESERVA MACAUBA,"Apartamento, 93.82 de área total, 43.27 de área privativa, 0.00 de área do terreno,  2 qto(s), a.serv, WC, 1 sala(s), cozinha, 1 vaga(s) de garagem.",103704.06,175000.0,40.75,Venda Direta Online,,RIBEIRAO PRETO,SP,Não
8787716019780,"RUA GERALDO RINHEL SOBRINHO, N. 250, Apto 208, BL 7, 2º PAV",RESERVA MACAUBA,"Apartamento, 93.82 de área total, 43.27 de área privativa, 0.00 de área do terreno,  2 qto(s), a.serv, WC, 1 sala(s), cozinha, 1 vaga(s) de garagem.",94815.14,160000.0,40.75,Venda Direta Online,,RIBEIRAO PRETO,SP,Não
8787701958590,"RUA JOAO E GUIOMAR SOEIRA, N. 155, Apto 101, BL 08",RESERVA REAL,"Apartamento, 87.59 de área total, 41.85 de área privativa, 0.00 de área do terreno,  2 qto(s), WC, 1 sala(s), cozinha, 1 vaga(s) de garagem.",97185.51,164000.0,40.75,Venda Direta Online,,RIBEIRAO PRETO,SP,Não
8787703678497,"RUA BENEDITO FRANCISCO, N. 655, Apto 404, BL 09",RESERVA REAL,"Apartamento, 101.79 de área total, 40.82 de área privativa, 0.00 de área do terreno,  2 qto(s), a.serv, WC, 1 sala(s), cozinha, 1 vaga(s) de garagem.",106667.03,180000.0,40.75,Venda Direta Online,,RIBEIRAO PRETO,SP,Não
8787704000583,"RUA JOAO E GUIOMAR SOEIRA, N. 155, Apto 303, BL 64 VG 1160",RESERVA REAL,"Apartamento, 80.32 de área total, 41.85 de área privativa, 0.00 de área do terreno,  2 qto(s), WC, 1 sala(s), cozinha, 1 vaga(s) de garagem.",92444.76,156000.0,40.75,Venda Direta Online,,RIBEIRAO PRETO,SP,Não
8787705587871,"RUA JOAO E GUIOMAR SOEIRA, N. 155, Apto 201, BL 09",RESERVA REAL,"Apartamento, 80.32 de área total, 41.85 de área privativa, 0.00 de área do terreno,  2 qto(s), WC, 1 sala(s), cozinha, 1 vaga(s) de garagem.",97185.51,164000.0,40.75,Venda Direta Online,,RIBEIRAO PRETO,SP,Não
8787706335442,"RUA JOAO E GUIOMAR SOEIRA, N. 155, Apto 104, BL 42 LT 01 QD 04 VG 666",RESERVA REAL,"Apartamento, 80.32 de área total, 41.85 de área privativa, 0.00 de área do terreno,  2 qto(s), WC, 1 sala(s), cozinha, 1 vaga(s) de garagem.",102518.87,173000.0,40.75,Licitação Aberta,,RIBEIRAO PRETO,SP,Não
8787706666490,"RUA JOAO E GUIOMAR SOEIRA, N. 155, Apto 202, 2 PAV BL 19",RESERVA REAL,"Apartamento, 80.32 de área total, 41.85 de área privativa, 0.00 de área do terreno,  2 qto(s), a.serv, WC, 1 sala(s), cozinha.",97778.11,165000.0,40.75,Licitação Aberta,,RIBEIRAO PRETO,SP,Não
8787709002410,"RUA ANTENOR DE SOUZA, N. 605, Apto 402, BL 02",RESERVA REAL,"Apartamento, 81.63 de área total, 40.82 de área privativa, 0.00 de área do terreno,  2 qto(s), a.serv, WC, 1 sala(s), cozinha, 1 vaga(s) de garagem.",97778.11,165000.0,40.75,Venda Direta Online,,RIBEIRAO PRETO,SP,Não
8787713106763,"RUA ANTENOR DE SOUZA, N. 605, Apto 404, BL 16",RESERVA REAL,"Apartamento, 81.63 de área total, 40.82 de área privativa, 0.00 de área do terreno,  2 qto(s), a.serv, WC, 1 sala(s), cozinha, 1 vaga(s) de garagem.",96000.33,162000.0,40.75,Venda Direta Online,,RIBEIRAO PRETO,SP,Não
8787709423881,"AVENIDA MIGUEL PADULLA, N. 250, Apto J6, TORRE J",BONFIM PAULISTA,"Apartamento, 120.08 de área total, 48.07 de área privativa, 0.00 de área do terreno,  2 qto(s), WC, 1 sala(s), cozinha, 1 vaga(s) de garagem.",106667.03,180000.0,40.75,Licitação Aberta,,RIBEIRAO PRETO,SP,Não
8787710149216,"RUA JOAO CARVALHO RUFINO, N. 1400, Apto 22, BL A TR 05 2 PAVIMENTO",BONFIM PAULISTA,"Apartamento, 94.93 de área total, 43.06 de área privativa, 0.00 de área do terreno,  2 qto(s), a.serv, WC, 1 sala(s), cozinha, 1 vaga(s) de garagem.",103111.46,174000.0,40.75,Licitação Aberta,,RIBEIRAO PRETO,SP,Não
8555527674268,"RUA DOUTOR WALTER BELIAN, N. 1265, Apto 404, BL 01",PARQUE SAO SEBASTIAO,"Apartamento, 97.73 de área total, 47.37 de área privativa, 0.00 de área do terreno,  2 qto(s), a.serv, WC, 1 sala(s), cozinha, 1 vaga(s) de garagem.",95407.73,159500.0,40.19,Venda Direta Online,,RIBEIRAO PRETO,SP,Não
8444420208993,"R DA CRECHE, N. 270, Apto 32A, BL F",JARDIM JOAO ROSSI,"Apartamento, 48.01 de área total, 41.76 de área privativa, 0.00 de área do terreno,  2 qto(s), WC, 1 sala(s), cozinha.",69994.42,117000.0,40.18,Venda Direta Online,,RIBEIRAO PRETO,SP,Não
8444414134584,"RUA NITEROI, N. 705, Nº 02, TIPO A.48 BLOCO 12 LOTE 2 1ª ET",PARQUE INDUSTRIAL LAGOINHA,"Casa, 287.86 de área total, 105.04 de área privativa, 114.00 de área do terreno,  3 qto(s), a.serv, WC, 1 sala(s), cozinha.",341542.81,569238.02,40.01,Leilão SFI - Edital Único,,RIBEIRAO PRETO,SP,Não
8787717758749,"RUA ORLANDO COLLUCCI, N. 160, Apto 204, 2º PAVIMENTO TORRE 3",PARQUE DAS OLIVEIRAS II,"Apartamento, 103.02 de área total, 48.42 de área privativa, 0.00 de área do terreno,  2 qto(s), a.serv, WC, 1 sala(s), cozinha, 1 vaga(s) de garagem.",177000.0,295000.0,40.0,Leilão SFI - Edital Único,,RIBEIRAO PRETO,SP,Não
8444408789264,"RUA JAVARI, N. 3600, Apto 22, BL 01",IPIRANGA,"Apartamento, 52.72 de área total, 48.66 de área privativa, 0.00 de área do terreno,  2 qto(s), a.serv, WC, 1 sala(s), cozinha.",82182.47,136000.0,39.58,Licitação Aberta,,RIBEIRAO PRETO,SP,Não
8294900012255,"RUA AMADEU GIACHETTO, N. 665, Apto 07, PAV TERRREO",RESIDENCIAL DAS AMERICAS,"Apartamento, 97.99 de área total, 43.56 de área privativa, 0.00 de área do terreno,  2 qto(s), a.serv, 1 sala(s), cozinha.",79765.34,132000.0,39.58,Licitação Aberta,,RIBEIRAO PRETO,SP,Não
8787707566456,"RUA PROFESSOR AYLTON RICOY DE OLIVEIRA, N. 585, Apto 303, PAV03 BL 19 VG 233",RESERVA OURO BRANCO,"Apartamento, 40.82 de área total, 40.82 de área privativa, 0.00 de área do terreno,  2 qto(s), WC, 1 sala(s), cozinha, 1 vaga(s) de garagem.",114838.57,190000.0,39.56,Licitação Aberta,,RIBEIRAO PRETO,SP,Não
8787708064020,"RUA DANIEL FERRANTI, N. 455, Apto 104, 1 PAV BL 07 VG 70",REMANSO DO LAGO,"Apartamento, 82.46 de área total, 40.82 de área privativa, 0.00 de área do terreno,  2 qto(s), WC, 1 sala(s), cozinha, 1 vaga(s) de garagem.",120580.49,199500.0,39.56,Licitação Aberta,,RIBEIRAO PRETO,SP,Não
8787708492774,"RUA DANIEL FERRANTI, N. 455, Apto 301, PAV 3 BL 3  VG 33",REMANSO DO LAGO,"Apartamento, 82.46 de área total, 40.82 de área privativa, 0.00 de área do terreno,  2 qto(s), WC, 1 sala(s), cozinha, 1 vaga(s) de garagem.",136295.24,225500.0,39.56,Licitação Aberta,,RIBEIRAO PRETO,SP,Não
8787710931445,"AVENIDA EDUARDO ANDREA MATARAZZO, N. 6050, Apto 102, T 2 PAV01",MIRANTE DA COLINA,"Apartamento, 122.50 de área total, 56.33 de área privativa, 0.00 de área do terreno,  2 qto(s), a.serv, WC, 1 sala(s), cozinha.",132970.97,220000.0,39.56,Licitação Aberta,,RIBEIRAO PRETO,SP,Não
8787716423786,"RUA JOSE ROBERTO RODRIGUES, N. 351, Apto 103, TORRE 2",DOM BERNARDO JOSE MIELLE,"Apartamento, 99.27 de área total, 55.52 de área privativa, 0.00 de área do terreno,  2 qto(s), a.serv, WC, 1 sala(s), cozinha, 1 vaga(s) de garagem.",129948.9,215000.0,39.56,Licitação Aberta,,RIBEIRAO PRETO,SP,Não
8555539905430,"AV EDUARDO ANDREA MATARAZZO, N. 4875, Apto 04, BL B, TORRE 5",IPIRANGA,"Apartamento, 88.21 de área total, 42.80 de área privativa, 0.00 de área do terreno,  2 qto(s), a.serv, WC, 1 sala(s), cozinha, 1 vaga(s) de garagem.",111212.08,184000.0,39.56,Venda Direta Online,,RIBEIRAO PRETO,SP,Não
8787712853883,"AVENIDA DOUTOR WALTER BELIAN, N. 1607, Apto 01, BL D TORRE 02",PARQUE SAO SEBASTIAO,"Apartamento, 65.21 de área total, 39.21 de área privativa, 0.00 de área do terreno,  2 qto(s), WC, 1 sala(s), cozinha, 1 vaga(s) de garagem.",111212.08,184000.0,39.56,Venda Direta Online,,RIBEIRAO PRETO,SP,Não
8787716393992,"AVENIDA DOUTOR WALTER BELIAN, N. 1607, Apto 22, BL G TORRE 04",PARQUE SAO SEBASTIAO,"Apartamento, 53.21 de área total, 39.21 de área privativa, 0.00 de área do terreno,  2 qto(s), WC, 1 sala(s), cozinha, 1 vaga(s) de garagem.",111212.08,184000.0,39.56,Venda Direta Online,,RIBEIRAO PRETO,SP,Não
8787702918389,"RUA TITO BONAGAMBA, N. 350, Apto 02, TORRE 02 BL C",VALENTINA FIGUEIREDO,"Apartamento, 89.34 de área total, 43.06 de área privativa, 0.00 de área do terreno,  2 qto(s), a.serv, WC, 1 sala(s), cozinha, 1 vaga(s) de garagem.",111212.08,184000.0,39.56,Venda Direta Online,,RIBEIRAO PRETO,SP,Não
8787716681211,"AVENIDA GENERAL EUCLYDES DE FIGUEIREDO, N. 1655, Apto 34, BL B TR 06",QUINTINO FACCI II,"Apartamento, 104.17 de área total, 42.81 de área privativa, 0.00 de área do terreno,  2 qto(s), a.serv, WC, 1 sala(s), cozinha, 1 vaga(s) de garagem.",111816.5,185000.0,39.56,Venda Direta Online,,RIBEIRAO PRETO,SP,Não
8787716941868,"AVENIDA GENERAL EUCLYDES DE FIGUEIREDO, N. 1655, Apto 01, TR 01 BL A",QUINTINO FACCI II,"Apartamento, 110.48 de área total, 42.81 de área privativa, 0.00 de área do terreno,  2 qto(s), a.serv, WC, 1 sala(s), cozinha, 1 vaga(s) de garagem.",126926.84,210000.0,39.56,Venda Direta Online,,RIBEIRAO PRETO,SP,Não
8787717321049,"AVENIDA GENERAL EUCLYDES DE FIGUEIREDO, N. 1655, Apto 14, BL A TR 10",QUINTINO FACCI II,"Apartamento, 104.17 de área total, 42.81 de área privativa, 0.00 de área do terreno,  2 qto(s), a.serv, WC, 1 sala(s), cozinha, 1 vaga(s) de garagem.",111816.5,185000.0,39.56,Venda Direta Online,,RIBEIRAO PRETO,SP,Não
8787706607507,"AVENIDA ERNESTO GUEVARA LA SERNA, N. 1150, Apto 03, BL B, T 02",PARQUE DOS PINUS,"Apartamento, 91.40 de área total, 43.06 de área privativa, 0.00 de área do terreno,  2 qto(s), a.serv, WC, 1 sala(s), cozinha, 1 vaga(s) de garagem.",114838.57,190000.0,39.56,Venda Direta Online,,RIBEIRAO PRETO,SP,Não
8787704840689,"RUA JOAO GUIMARAES ROSA, N. 65, Apto 12, BL B TORRE 1",RESIDENCIAL PARQUE DOS SERVIDORES,"Apartamento, 97.18 de área total, 43.06 de área privativa, 0.00 de área do terreno,  2 qto(s), WC, 1 sala(s), cozinha, 1 vaga(s) de garagem.",119069.46,197000.0,39.56,Venda Direta Online,,RIBEIRAO PRETO,SP,Não
8787707311792,"RUA JOAO GUIMARAES ROSA, N. 65, Apto 31, BL D PAV 3 TORRE 2",RESIDENCIAL PARQUE DOS SERVIDORES,"Apartamento, 75.88 de área total, 43.06 de área privativa, 0.00 de área do terreno,  2 qto(s), WC, 1 sala(s), cozinha, 1 vaga(s) de garagem.",126926.84,210000.0,39.56,Venda Direta Online,,RIBEIRAO PRETO,SP,Não
8787705488016,"RUA JORNALISTA CANDIDO MOTTA FILHO, N. 400, Apto 35,",RESIDENCIAL DAS AMERICAS,"Apartamento, 92.94 de área total, 51.84 de área privativa, 0.00 de área do terreno,  2 qto(s), WC, 1 sala(s), cozinha, 1 vaga(s) de garagem.",111816.5,185000.0,39.56,Licitação Aberta,,RIBEIRAO PRETO,SP,Não
8787711493867,"RUA JORNALISTA CANDIDO MOTTA FILHO, N. 400, Apto 25, PAV 02",RESIDENCIAL DAS AMERICAS,"Apartamento, 0.00 de área total, 51.84 de área privativa, 0.00 de área do terreno, 1 vaga(s) de garagem.",132970.97,220000.0,39.56,Venda Direta Online,,RIBEIRAO PRETO,SP,Não
8787708638884,"AVENIDA AFONCO VALERA, N. 1545, Apto 403, BL 01 PAV 04  VG 418 VG MOTO 415",RECREIO DAS ACACIAS,"Apartamento, 0.00 de área total, 40.82 de área privativa, 0.00 de área do terreno, 1 vaga(s) de garagem.",114838.57,190000.0,39.56,Venda Direta Online,,RIBEIRAO PRETO,SP,Não
8787709398259,"AVENIDA AFONCO VALERA, N. 1545, Apto 404, BL 08",RECREIO DAS ACACIAS,"Apartamento, 83.47 de área total, 40.82 de área privativa, 0.00 de área do terreno,  2 qto(s), a.serv, WC, 1 sala(s), cozinha, 1 vaga(s) de garagem.",120278.29,199000.0,39.56,Venda Online,,RIBEIRAO PRETO,SP,Não
8787713072079,"AVENIDA AFONCO VALERA, N. 1545, Apto 304, 3 PAVIEMNTO BL 17",RECREIO DAS ACACIAS,"Apartamento, 83.47 de área total, 40.82 de área privativa, 0.00 de área do terreno,  2 qto(s), WC, 1 sala(s), cozinha, 1 vaga(s) de garagem.",132970.97,220000.0,39.56,Venda Direta Online,,RIBEIRAO PRETO,SP,Não
8787716013227,"RUA CLEUSA APARECIDA DA CUNHA JANUARIO, N. 180, Apto 401, BL 19 PAV 04 VG 113 ANTIGA RUA 05",RECREIO DAS ACACIAS,"Apartamento, 0.00 de área total, 40.82 de área privativa, 0.00 de área do terreno, 1 vaga(s) de garagem.",125718.01,208000.0,39.56,Venda Direta Online,,RIBEIRAO PRETO,SP,Não
8787714963171,"RUA EUCLIDES DA CUNHA, N. 73, Apto 801,",VILA VIRGINIA,"Apartamento, 84.62 de área total, 47.86 de área privativa, 0.00 de área do terreno,  2 qto(s), WC, 1 sala(s), cozinha, 1 vaga(s) de garagem.",130553.32,216000.0,39.56,Licitação Aberta,,RIBEIRAO PRETO,SP,Não
8787716993752,"RUA EUCLIDES DA CUNHA, N. 73, Apto 406,",VILA VIRGINIA,"Apartamento, 84.62 de área total, 47.86 de área privativa, 0.00 de área do terreno,  2 qto(s), WC, 1 sala(s), cozinha, 1 vaga(s) de garagem.",128740.08,213000.0,39.56,Licitação Aberta,,RIBEIRAO PRETO,SP,Não
8787711687432,"AVENIDA EDUARDO ANDREA MATARAZZO, N. 6130, Apto 601, TR 06",CHACARAS PEDRO CORREA DE CARVALHO,"Apartamento, 117.57 de área total, 47.85 de área privativa, 0.00 de área do terreno,  2 qto(s), a.serv, WC, 1 sala(s), cozinha, 1 vaga(s) de garagem.",126926.84,210000.0,39.56,Licitação Aberta,,RIBEIRAO PRETO,SP,Não
8787712618990,"AVENIDA EDUARDO ANDREA MATARAZZO, N. 6130, Apto 301, TORRE 04",CHACARAS PEDRO CORREA DE CARVALHO,"Apartamento, 110.57 de área total, 47.85 de área privativa, 0.00 de área do terreno,  2 qto(s), a.serv, WC, 1 sala(s), cozinha, 1 vaga(s) de garagem.",119673.87,198000.0,39.56,Venda Direta Online,,RIBEIRAO PRETO,SP,Não
8787712756802,"AVENIDA EDUARDO ANDREA MATARAZZO, N. 6130, Apto 202, TORRE 3",CHACARAS PEDRO CORREA DE CARVALHO,"Apartamento, 117.57 de área total, 47.85 de área privativa, 0.00 de área do terreno,  2 qto(s), WC, 1 sala(s), cozinha, 1 vaga(s) de garagem.",129948.9,215000.0,39.56,Venda Direta Online,,RIBEIRAO PRETO,SP,Não
8787713961523,"AVENIDA EDUARDO ANDREA MATARAZZO, N. 6130, Apto 502, TORRE 05",CHACARAS PEDRO CORREA DE CARVALHO,"Apartamento, 117.57 de área total, 47.85 de área privativa, 0.00 de área do terreno,  2 qto(s), a.serv, WC, 1 sala(s), cozinha, 1 vaga(s) de garagem.",135875.08,224804.84,39.56,Venda Direta Online,,RIBEIRAO PRETO,SP,Não
8787715065657,"AVENIDA EDUARDO ANDREA MATARAZZO, N. 6130, Apto 801, TORRE 12",CHACARAS PEDRO CORREA DE CARVALHO,"Apartamento, 117.57 de área total, 47.85 de área privativa, 0.00 de área do terreno,  2 qto(s), WC, 1 sala(s), cozinha, 1 vaga(s) de garagem.",122695.94,203000.0,39.56,Venda Direta Online,,RIBEIRAO PRETO,SP,Não
8787715708604,"AVENIDA EDUARDO ANDREA MATARAZZO, N. 6050, Apto 101, TORRE 1",CHACARAS PEDRO CORREA DE CARVALHO,"Apartamento, 122.50 de área total, 56.33 de área privativa, 0.00 de área do terreno,  2 qto(s), WC, 1 sala(s), cozinha, 1 vaga(s) de garagem.",139015.11,230000.0,39.56,Licitação Aberta,,RIBEIRAO PRETO,SP,Não
8787716716830,"RUA JOSE ROBERTO RODRIGUES, N. 351, Apto 205, TORRE 03",JARDIM JOVINO CAMPOS,"Apartamento, 99.27 de área total, 55.52 de área privativa, 0.00 de área do terreno, 1 vaga(s) de garagem.",131762.14,218000.0,39.56,Licitação Aberta,,RIBEIRAO PRETO,SP,Não
8787713684805,"RUA PROFESSOR AYLTON RICOY DE OLIVEIRA, N. 605, Apto 302, BL 14",JARDIM OURO BRANCO,"Apartamento, 79.93 de área total, 40.82 de área privativa, 0.00 de área do terreno,  2 qto(s), a.serv, WC, 1 sala(s), cozinha, 1 vaga(s) de garagem.",111816.5,185000.0,39.56,Venda Online,,RIBEIRAO PRETO,SP,Não
8787714065530,"R PROFESSOR AYLTON RICOY DE OLIVEIRA, N. 605, Apto 303, BL17",JARDIM OURO BRANCO,"Apartamento, 93.64 de área total, 40.83 de área privativa, 0.00 de área do terreno,  2 qto(s), WC, 1 sala(s), cozinha, 1 vaga(s) de garagem.",114838.57,190000.0,39.56,Venda Direta Online,,RIBEIRAO PRETO,SP,Não
8787716367738,"RUA PROFESSOR AYLTON RICOY DE OLIVEIRA, N. 605, Apto 303, PAV 3 BL 20",JARDIM OURO BRANCO,"Apartamento, 92.81 de área total, 40.82 de área privativa, 0.00 de área do terreno,  2 qto(s), WC, 1 sala(s), cozinha, 1 vaga(s) de garagem.",111599.08,184640.29,39.56,Venda Direta Online,,RIBEIRAO PRETO,SP,Não
8787716499472,"RUA PROFESSOR AYLTON RICOY DE OLIVEIRA, N. 925, Apto 303, 3º PAV, BL 10, VAGA DE MOTO 52",JARDIM OURO BRANCO,"Apartamento, 64.24 de área total, 40.82 de área privativa, 0.00 de área do terreno,  2 qto(s), a.serv, WC, 1 sala(s), cozinha, 1 vaga(s) de garagem.",111816.5,185000.0,39.56,Venda Direta Online,,RIBEIRAO PRETO,SP,Não
8787717972597,"RUA PROFESSOR AYLTON RICOY DE OLIVEIRA, N. 925, Apto 303, 3 PAVIMENTO BL 03",JARDIM OURO BRANCO,"Apartamento, 64.24 de área total, 40.82 de área privativa, 0.00 de área do terreno,  2 qto(s), a.serv, WC, 1 sala(s), cozinha, 1 vaga(s) de garagem.",124571.02,206102.31,39.56,Venda Direta Online,,RIBEIRAO PRETO,SP,Não
8787718063531,"RUA PROFESSOR AYLTON RICOY DE OLIVEIRA, N. 925, Apto 103, 1 PAVIMENTO BL 9",JARDIM OURO BRANCO,"Apartamento, 104.89 de área total, 40.82 de área privativa, 0.00 de área do terreno,  2 qto(s), a.serv, WC, 1 sala(s), cozinha, 1 vaga(s) de garagem.",117860.63,195000.0,39.56,Venda Direta Online,,RIBEIRAO PRETO,SP,Não
8787718945666,"RUA PROFESSOR AYLTON RICOY DE OLIVEIRA, N. 925, Apto 304, BL 01 VG 60",JARDIM OURO BRANCO,"Apartamento, 70.14 de área total, 44.57 de área privativa, 0.00 de área do terreno,  2 qto(s), a.serv, WC, 1 sala(s), cozinha, 1 vaga(s) de garagem.",111816.5,185000.0,39.56,Venda Direta Online,,RIBEIRAO PRETO,SP,Não
8787720465455,"RUA PROFESSOR AYLTON RICOY DE OLIVEIRA, N. 925, Apto 403, 4 PAV BL 25",JARDIM OURO BRANCO,"Apartamento, 64.24 de área total, 40.82 de área privativa, 0.00 de área do terreno,  2 qto(s), a.serv, WC, 1 sala(s), cozinha.",124571.02,206102.31,39.56,Licitação Aberta,,RIBEIRAO PRETO,SP,Não
8787721806612,"RUA PROFESSOR AYLTON RICOY DE OLIVEIRA, N. 925, Apto 404, BL 19",JARDIM OURO BRANCO,"Apartamento, 70.14 de área total, 44.57 de área privativa, 0.00 de área do terreno,  2 qto(s), WC, 1 sala(s), cozinha, 1 vaga(s) de garagem.",117860.63,195000.0,39.56,Venda Direta Online,,RIBEIRAO PRETO,SP,Não
8444421572095,"RUA NILZA DE OLIVEIRA STRAMBI, N. 1740, LT39  QD13",JARDIM PEDRA BRANCA,"Casa, 59.43 de área total, 59.43 de área privativa, 160.00 de área do terreno,  2 qto(s), a.serv, WC, 1 sala(s), cozinha.",142037.17,235000.0,39.56,Licitação Aberta,,RIBEIRAO PRETO,SP,Não
8444430319887,"RUA ALVARO BOSCHIN, N. 655, QD 54 LT 07",JARDIM DOUTOR PAULO GOMES ROMEO,"Casa, 46.96 de área total, 46.96 de área privativa, 200.00 de área do terreno,  2 qto(s), a.serv, WC, 1 sala(s), cozinha.",126926.84,210000.0,39.56,Licitação Aberta,,RIBEIRAO PRETO,SP,Não
8555525536933,"RUA ITAJUBA, N. 1161, Apto 21, BL B TORRE 03",JARDIM JAVARI,"Apartamento, 89.41 de área total, 42.96 de área privativa, 0.00 de área do terreno, 1 vaga(s) de garagem.",125969.55,208416.18,39.56,Venda Direta Online,,RIBEIRAO PRETO,SP,Não
8787713842168,"RUA PROFESSOR OSCAR AUGUSTO GUELLI, N. 150, Apto 33, TR 03 PAV 03 LT 25 QD 08",JARDIM CYBELLI,"Apartamento, 90.48 de área total, 42.99 de área privativa, 0.00 de área do terreno,  2 qto(s), a.serv, WC, 1 sala(s), cozinha, 1 vaga(s) de garagem.",120882.7,200000.0,39.56,Venda Direta Online,,RIBEIRAO PRETO,SP,Não
8787720102204,"RUA ANTONIO ROSSANESE, N. 220, Apto 103, BL 8",CHACARAS BONACORSI,"Apartamento, 100.94 de área total, 50.04 de área privativa, 0.00 de área do terreno,  2 qto(s), WC, 1 sala(s), cozinha, 1 vaga(s) de garagem.",135993.04,225000.0,39.56,Venda Direta Online,,RIBEIRAO PRETO,SP,Não
8787710878129,"AREA RURAL, N. 400, Apto 22, 2º PAV, BL D, TORRE 1",AREA RURAL DE RIBEIRAO PRETO,"Apartamento, 108.39 de área total, 43.06 de área privativa, 0.00 de área do terreno,  2 qto(s), WC, 1 sala(s), cozinha, 1 vaga(s) de garagem.",118465.05,196000.0,39.56,Venda Direta Online,,RIBEIRAO PRETO,SP,Não
8787702037510,"RUA JOAO E GUIOMAR SOEIRA, N. 155, Apto 302, BL 36 BOX 608 LT 01 QD 04",RESERVA IMPERIAL,"Apartamento, 80.32 de área total, 41.85 de área privativa, 0.00 de área do terreno,  2 qto(s), a.serv, WC, 1 sala(s), cozinha, 1 vaga(s) de garagem.",120882.7,200000.0,39.56,Licitação Aberta,,RIBEIRAO PRETO,SP,Não
8787719353290,"RUA ELYSALDO GOES, N. 105, Apto 904, TR 02",PARQUE DAS OLIVEIRAS II,"Apartamento, 103.45 de área total, 48.42 de área privativa, 0.00 de área do terreno,  2 qto(s), WC, 1 sala(s), cozinha, 1 vaga(s) de garagem.",137806.28,228000.0,39.56,Licitação Aberta,,RIBEIRAO PRETO,SP,Não
8787714292595,"RUA GERALDO RINHEL SOBRINHO, N. 400, Apto 409, BL 08",RESERVA MACAUBA,"Apartamento, 91.21 de área total, 43.16 de área privativa, 0.00 de área do terreno,  2 qto(s), WC, 1 sala(s), cozinha, 1 vaga(s) de garagem.",114838.57,190000.0,39.56,Venda Direta Online,,RIBEIRAO PRETO,SP,Não
8787714703560,"RUA GERALDO RINHEL SOBRINHO, N. 400, Apto 310, BL 10",RESERVA MACAUBA,"Apartamento, 91.21 de área total, 43.16 de área privativa, 0.00 de área do terreno,  2 qto(s), WC, 1 sala(s), cozinha, 1 vaga(s) de garagem.",114838.57,190000.0,39.56,Venda Direta Online,,RIBEIRAO PRETO,SP,Não
8787716260070,"RUA GERALDO RINHEL SOBRINHO, N. 400, Apto 105, BL 02",RESERVA MACAUBA,"Apartamento, 110.07 de área total, 60.88 de área privativa, 0.00 de área do terreno,  2 qto(s), a.serv, WC, 1 sala(s), cozinha, 1 vaga(s) de garagem.",135993.04,225000.0,39.56,Venda Direta Online,,RIBEIRAO PRETO,SP,Não
8787716713954,"RUA GERALDO RINHEL SOBRINHO, N. 250, Apto 104, BL 04",RESERVA MACAUBA,"Apartamento, 93.63 de área total, 43.16 de área privativa, 0.00 de área do terreno,  2 qto(s), a.serv, WC, 1 sala(s), cozinha, 1 vaga(s) de garagem.",110909.88,183500.0,39.56,Licitação Aberta,,RIBEIRAO PRETO,SP,Não
8787716771377,"RUA GERALDO RINHEL SOBRINHO, N. 400, Apto 401, BL 05",RESERVA MACAUBA,"Apartamento, 91.43 de área total, 43.30 de área privativa, 0.00 de área do terreno,  2 qto(s), WC, 1 sala(s), cozinha, 1 vaga(s) de garagem.",123904.77,205000.0,39.56,Venda Direta Online,,RIBEIRAO PRETO,SP,Não
8787718059291,"RUA GERALDO RINHEL SOBRINHO, N. 400, Apto 101, BL 03",RESERVA MACAUBA,"Apartamento, 106.28 de área total, 57.30 de área privativa, 0.00 de área do terreno,  2 qto(s), a.serv, WC, 1 sala(s), cozinha, 1 vaga(s) de garagem.",129948.9,215000.0,39.56,Venda Direta Online,,RIBEIRAO PRETO,SP,Não
8787708116799,"RUA JOAO E GUIOMAR SOEIRA, N. 155, Apto 302, BL 29 BOX 438",RESERVA REAL,"Apartamento, 80.32 de área total, 41.85 de área privativa, 0.00 de área do terreno,  2 qto(s), WC, 1 sala(s), cozinha, 1 vaga(s) de garagem.",123904.77,205000.0,39.56,Licitação Aberta,,RIBEIRAO PRETO,SP,Não
8787710182973,"RUA ANTENOR DE SOUZA, N. 605, Apto 303, BL 08, VG 43",RESERVA REAL,"Apartamento, 94.54 de área total, 40.82 de área privativa, 0.00 de área do terreno,  2 qto(s), WC, 1 sala(s), cozinha, 1 vaga(s) de garagem.",126926.84,210000.0,39.56,Venda Direta Online,,RIBEIRAO PRETO,SP,Não
8787719583512,"RUA FATIMA APARECIDA SILVA DO NASCIMENTO, N. 240, LT 22 QD 15",PARQUE DAS GAIVOTAS,"Casa, 48.13 de área total, 48.13 de área privativa, 150.00 de área do terreno,  2 qto(s), WC.",139015.11,230000.0,39.56,Licitação Aberta,,RIBEIRAO PRETO,SP,Não
8787713963062,"RUA MARIA HELENA RICCI CAMPERONI, N. 235,",JARDIM REGATAS,"Casa, 44.16 de área total, 44.16 de área privativa, 168.00 de área do terreno,  2 qto(s), a.serv, WC, 1 sala(s), cozinha.",126926.84,210000.0,39.56,Licitação Aberta,,RIBEIRAO PRETO,SP,Não
8787714407287,"RUA MARIA HELENA RICCI CAMPERONI, N. 255,",JARDIM REGATAS,"Casa, 44.16 de área total, 44.16 de área privativa, 168.00 de área do terreno,  2 qto(s), a.serv, WC, 1 sala(s), cozinha.",117860.63,195000.0,39.56,Licitação Aberta,,RIBEIRAO PRETO,SP,Não
8787714061097,"RUA TERUO SUZUKI, N. 1265, LT 61 QD 14",SANTA IRIA,"Casa, 44.16 de área total, 44.16 de área privativa, 160.00 de área do terreno,  2 qto(s), a.serv, WC, 1 sala(s), cozinha.",132970.97,220000.0,39.56,Licitação Aberta,,RIBEIRAO PRETO,SP,Não
8787714122428,"RUA TERUO SUZUKI, N. 1005, LT 54 QD 12",SANTA IRIA,"Casa, 44.16 de área total, 44.16 de área privativa, 160.00 de área do terreno,  2 qto(s), a.serv, WC, 1 sala(s), cozinha.",121527.34,201066.55,39.56,Licitação Aberta,,RIBEIRAO PRETO,SP,Não
8787713612812,"RUA CLEUSA APARECIDA DA CUNHA JANUARIO, N. 180, Apto 101, BL 14 LT 09 QD 08 VAGA 69",RESERVA SAO JOSE,"Apartamento, 85.60 de área total, 40.82 de área privativa, 0.00 de área do terreno,  2 qto(s), WC, 1 sala(s), cozinha, 1 vaga(s) de garagem.",120882.7,200000.0,39.56,Licitação Aberta,,RIBEIRAO PRETO,SP,Não
8787716772683,"RUA CLEUSA APARECIDA DA CUNHA JANUARIO (RUA 5), N. 180, Apto 404, PAV 4 BL 16",RESERVA SAO JOSE,"Apartamento, 93.47 de área total, 44.57 de área privativa, 0.00 de área do terreno,  2 qto(s), a.serv, WC, 1 sala(s), cozinha, 1 vaga(s) de garagem.",126926.84,210000.0,39.56,Venda Direta Online,,RIBEIRAO PRETO,SP,Não
1444420855869,"AVENIDA ALFREDO RAVANELI, N. 3409, Apto 407, BL 05",PARQUE ROMANCE,"Apartamento, 103.07 de área total, 46.02 de área privativa, 0.00 de área do terreno,  2 qto(s), a.serv, WC, 1 sala(s), cozinha, 1 vaga(s) de garagem.",94623.28,155000.0,38.96,Venda Direta Online,,RIBEIRAO PRETO,SP,Não
8444421021749,"AVENIDA DOS ANDRADAS, N. 700, Apto 23, BL 11 PAV 02",PARQUE RIBEIRAO PRETO,"Apartamento, 102.56 de área total, 43.75 de área privativa, 0.00 de área do terreno,  2 qto(s), WC, 1 sala(s), cozinha, 1 vaga(s) de garagem.",92791.87,152000.0,38.96,Venda Direta Online,,RIBEIRAO PRETO,SP,Não
8555539941576,"AVENIDA DOUTOR FERNANDO MENDES GARCIA, N. 2720, Apto 04, BL A T 05",JARDIM DIVA TARLA DE CARVALHO,"Apartamento, 43.06 de área total, 43.06 de área privativa, 0.00 de área do terreno,  2 qto(s), a.serv, WC, 1 sala(s), cozinha, 1 vaga(s) de garagem.",91570.92,150000.0,38.96,Venda Direta Online,,RIBEIRAO PRETO,SP,Não
8555538677379,"RUA LUIZ CROPANESE SPADARO JUNIOR, N. 100, Apto 201, BL 05",CONJUNTO HABITACIONAL SILVIO PASSALACQUA,"Apartamento, 100.18 de área total, 41.85 de área privativa, 0.00 de área do terreno,  2 qto(s), WC, 1 sala(s), cozinha.",90660.17,148508.13,38.96,Licitação Aberta,,RIBEIRAO PRETO,SP,Não
8444416634940,"AVENIDA DOS ANDRADAS, N. 700, Apto 04, BL 09 TERREO",CONDOMINIO UIRAPURU,"Apartamento, 0.00 de área total, 43.75 de área privativa, 0.00 de área do terreno, 1 vaga(s) de garagem.",93402.34,153000.0,38.96,Venda Direta Online,,RIBEIRAO PRETO,SP,Não
8787716833607,"RUA OLIVIA MARIA DE JESUS, N. 1900, Apto 606, PAV 6 TR 6",COND GRAND TROPICAL,"Apartamento, 110.87 de área total, 58.12 de área privativa, 0.00 de área do terreno,  2 qto(s), WC, 1 sala(s), cozinha.",172669.87,282000.0,38.77,Licitação Aberta,,RIBEIRAO PRETO,SP,Não
8787718188180,"RUA DOMINGOS PADOVAN, N. 1310, Apto 91, 9° PAVIMENTO",JARDIM ANHANGUERA,"Apartamento, 87.48 de área total, 54.97 de área privativa, 0.00 de área do terreno,  2 qto(s), a.serv, WC, 1 sala(s), cozinha, 1 vaga(s) de garagem.",171445.26,280000.0,38.77,Licitação Aberta,,RIBEIRAO PRETO,SP,Não
8787716821420,"RUA OLIVIA MARIA DE JESUS, N. 1900, Apto 707, TORRE 6",RESIDENCIAL PARQUE DOS SERVIDORES,"Apartamento, 111.55 de área total, 58.57 de área privativa, 0.00 de área do terreno,  2 qto(s), a.serv, WC, 1 sala(s), cozinha, 1 vaga(s) de garagem.",165322.22,270000.0,38.77,Licitação Aberta,,RIBEIRAO PRETO,SP,Não
8787716979482,"RUA OLIVIA MARIA DE JESUS, N. 1900, Apto 102, PAV 1 TR 7",RESIDENCIAL PARQUE DOS SERVIDORES,"Apartamento, 110.87 de área total, 58.12 de área privativa, 0.00 de área do terreno.",171445.26,280000.0,38.77,Licitação Aberta,,RIBEIRAO PRETO,SP,Não
8787716981584,"RUA OLIVIA MARIA DE JESUS, N. 1900, Apto 807, 8 PAV T 7",RESIDENCIAL PARQUE DOS SERVIDORES,"Apartamento, 111.55 de área total, 58.57 de área privativa, 0.00 de área do terreno,  2 qto(s), a.serv, WC, 1 sala(s), cozinha.",168383.74,275000.0,38.77,Licitação Aberta,,RIBEIRAO PRETO,SP,Não
8787717210913,"RUA OLIVIA MARIA DE JESUS, N. 1900, Apto 704, TORRE 07",RESIDENCIAL PARQUE DOS SERVIDORES,"Apartamento, 111.55 de área total, 58.57 de área privativa, 0.00 de área do terreno,  2 qto(s), a.serv, WC, 1 sala(s), cozinha, 1 vaga(s) de garagem.",171445.26,280000.0,38.77,Licitação Aberta,,RIBEIRAO PRETO,SP,Não
8787721613318,"RUA EUCLIDES DA CUNHA, N. 73, Apto 708,",VILA VIRGINIA,"Apartamento, 82.82 de área total, 46.50 de área privativa, 0.00 de área do terreno,  2 qto(s), a.serv, WC, 1 sala(s), cozinha, 1 vaga(s) de garagem.",159199.17,260000.0,38.77,Licitação Aberta,,RIBEIRAO PRETO,SP,Não
8787722957843,"RUA EUCLIDES DA CUNHA, N. 73, Apto 1701,",VILA VIRGINIA,"Apartamento, 84.63 de área total, 47.86 de área privativa, 0.00 de área do terreno,  2 qto(s), WC, 1 sala(s), cozinha, 1 vaga(s) de garagem.",153076.13,250000.0,38.77,Licitação Aberta,,RIBEIRAO PRETO,SP,Não
8787713819018,"AVENIDA EDUARDO ANDREA MATARAZZO, N. 6130, Apto 102, TORRE 05",CHACARAS PEDRO CORREA DE CARVALHO,"Apartamento, 117.57 de área total, 47.85 de área privativa, 0.00 de área do terreno,  2 qto(s), a.serv, WC, 1 sala(s), cozinha, 1 vaga(s) de garagem.",151644.13,247661.3,38.77,Licitação Aberta,,RIBEIRAO PRETO,SP,Não
8787717768639,"RUA ORLANDO COLLUCCI, N. 160, Apto 602, T 3 PAV 6",PARQUE DAS OLIVEIRAS II,"Apartamento, 103.03 de área total, 48.42 de área privativa, 0.00 de área do terreno,  2 qto(s), WC, 1 sala(s), cozinha.",168383.74,275000.0,38.77,Licitação Aberta,,RIBEIRAO PRETO,SP,Não
8787718572193,"RUA ORLANDO COLLUCCI, N. 160, Apto 704, T 3 PAV 7",PARQUE DAS OLIVEIRAS II,"Apartamento, 103.02 de área total, 48.42 de área privativa, 0.00 de área do terreno,  2 qto(s), WC, 1 sala(s), cozinha.",173282.17,283000.0,38.77,Licitação Aberta,,RIBEIRAO PRETO,SP,Não
8787718573661,"RUA ORLANDO COLLUCCI, N. 160, Apto 902, TORRE 02",PARQUE DAS OLIVEIRAS II,"Apartamento, 103.02 de área total, 48.42 de área privativa, 0.00 de área do terreno, 1 vaga(s) de garagem.",163485.3,267000.0,38.77,Licitação Aberta,,RIBEIRAO PRETO,SP,Não
8787718984327,"RUA ORLANDO COLLUCCI, N. 160, Apto 402, TORRE 02",PARQUE DAS OLIVEIRAS II,"Apartamento, 103.02 de área total, 48.42 de área privativa, 0.00 de área do terreno,  2 qto(s), WC, 1 sala(s), cozinha, 1 vaga(s) de garagem.",173282.17,283000.0,38.77,Licitação Aberta,,RIBEIRAO PRETO,SP,Não
8787719566960,"RUA FATIMA APARECIDA SILVA DO NASCIMENTO, N. 400,",PARQUE DAS GAIVOTAS,"Casa, 48.13 de área total, 48.13 de área privativa, 150.00 de área do terreno,  2 qto(s), a.serv, WC, 1 sala(s), cozinha, 1 vaga(s) de garagem.",159199.17,260000.0,38.77,Licitação Aberta,,RIBEIRAO PRETO,SP,Não
8787701626686,"RUA ZILDA DE SOUZA RIZZI, N. 751, Apto 33, BL 04 TR A",JARDIM INTERLAGOS,"Apartamento, 98.67 de área total, 43.06 de área privativa, 0.00 de área do terreno,  2 qto(s), a.serv, WC, 1 sala(s), cozinha, 1 vaga(s) de garagem.",98816.7,160000.0,38.24,Venda Online,,RIBEIRAO PRETO,SP,Não
1787701790747,"RUA TABATINGA, N. 1685, Apto 27,",IPIRANGA,"Apartamento, 93.61 de área total, 48.60 de área privativa, 0.00 de área do terreno,  2 qto(s), WC, 1 sala(s), cozinha, 1 vaga(s) de garagem.",111168.79,180000.0,38.24,Licitação Aberta,,RIBEIRAO PRETO,SP,Não
1444413315668,"ALAMEDA JANAINA VALENTIM JOSE, N. 445, Apto 24, TR 03 LT 02 E 03 QD 26",PARQUE DOS LAGOS,"Apartamento, 87.05 de área total, 42.96 de área privativa, 0.00 de área do terreno,  2 qto(s), WC, 1 sala(s), cozinha, 1 vaga(s) de garagem.",98816.7,160000.0,38.24,Licitação Aberta,,RIBEIRAO PRETO,SP,Não
8444416296905,"AVENIDA ALFREDO RAVANELI, N. 3409, Apto 305, BL 03 PAV 03",CONJUNTO HABITACIONAL JARDIM DAS PALMEIR,"Apartamento, 105.46 de área total, 47.45 de área privativa, 0.00 de área do terreno,  2 qto(s), a.serv, WC, 1 sala(s), cozinha, 1 vaga(s) de garagem.",97581.5,158000.0,38.24,Venda Direta Online,,RIBEIRAO PRETO,SP,Não
8555536088481,"RUA DOUTOR GALDOS ANGULO, N. 880, Apto 04, BL D TR 04 ZURIQUE",JARDIM JOSE WILSON TONI,"Apartamento, 84.30 de área total, 42.35 de área privativa, 0.00 de área do terreno,  2 qto(s), WC, 1 sala(s), cozinha, 1 vaga(s) de garagem.",102534.75,166020.11,38.24,Venda Direta Online,,RIBEIRAO PRETO,SP,Não
1787701430155,"AVENIDA EDUARDO ANDREA MATARAZZO, N. 6130, Apto 401, TR 04",JARDIM HEITOR RIGON,"Apartamento, 117.57 de área total, 47.85 de área privativa, 0.00 de área do terreno,  2 qto(s), a.serv, WC, 1 sala(s), cozinha, 1 vaga(s) de garagem.",132178.89,210000.0,37.06,Venda Direta Online,,RIBEIRAO PRETO,SP,Não
8444422161544,"RUA CAROLINA TIEZI STRAMBI, N. 106,",ADELINO SIMIONI,"Casa, 174.97 de área total, 174.97 de área privativa, 200.00 de área do terreno,  3 qto(s), a.serv, WC, 1 sala(s), cozinha.",147914.48,235000.0,37.06,Licitação Aberta,,RIBEIRAO PRETO,SP,Não
1555537354403,"AVENIDA PROFESSORA EDUL RANGEL RABELLO, N. 405, Apto 403, BL 28",RESIDENCIAL JEQUITIBA,"Apartamento, 103.82 de área total, 41.85 de área privativa, 0.00 de área do terreno,  2 qto(s), a.serv, WC, 1 sala(s), cozinha, 1 vaga(s) de garagem.",142879.09,227000.0,37.06,Venda Direta Online,,RIBEIRAO PRETO,SP,Não
1444420367503,"AVENIDA CARAMURU, N. 1101, Apto 34,",JARDIM SUMARE,"Apartamento, 114.38 de área total, 88.98 de área privativa, 0.00 de área do terreno,  2 qto(s), a.serv, WC, 1 sala(s), 1 lavabo(s), cozinha, 2 vaga(s) de garagem.",181634.58,285000.0,36.27,Licitação Aberta,,RIBEIRAO PRETO,SP,Não
1444413390481,"RUA GARIBALDI, N. 3009,",ALTO DA BOA VISTA,"Casa, 651.21 de área total, 651.21 de área privativa, 690.00 de área do terreno,  4 qto(s), a.serv, WC, 1 sala(s), 1 lavabo(s), cozinha, Terraco, 3 vaga(s) de garagem.",758404.02,1190000.0,36.27,Venda Direta Online,,RIBEIRAO PRETO,SP,Sim
1444406277730,"RUA JOSE BENEDITO CEZAR, N. 75, Apto 04,",RESIDENCIAL FLORIDA,"Apartamento, 98.65 de área total, 68.97 de área privativa, 0.00 de área do terreno,  2 qto(s), a.serv, WC, 1 sala(s), cozinha, 1 vaga(s) de garagem.",207127.15,325000.0,36.27,Licitação Aberta,,RIBEIRAO PRETO,SP,Não
1444419584261,"RUA MOISES BORGES, N. 160, N 07 QD 4",VILLAS MABEL,"Terreno, 102.90 de área total, 0.00 de área privativa, 220.00 de área do terreno,  3 qto(s), a.serv, WC, 1 sala(s), cozinha.",350522.87,550000.0,36.27,Licitação Aberta,,RIBEIRAO PRETO,SP,Sim
1444420391536,"RUA LUIZ CARLOS BIANCHI, N. 125, LT 14 QD 43",LOTEAMENTO TERRAS DE FLORENCA,"Casa, 173.05 de área total, 173.05 de área privativa, 336.00 de área do terreno,  3 qto(s).",742471.16,1165000.0,36.27,Licitação Aberta,,RIBEIRAO PRETO,SP,Sim
1444420089465,"RUA GIL VICENTE DA SILVA PARISI, N. 130, QD 05 LT 24",JARDIM VALENCIA,"Casa, 147.29 de área total, 147.29 de área privativa, 250.00 de área do terreno,  3 qto(s), a.serv, WC, 1 sala(s), 1 lavabo(s), cozinha.",602262.01,945000.0,36.27,Licitação Aberta,,RIBEIRAO PRETO,SP,Sim
8787712102578,"RUA TABATINGA, N. 1685, Apto 113, PAVIMENTO 11",IPIRANGA,"Apartamento, 93.61 de área total, 48.60 de área privativa, 0.00 de área do terreno,  2 qto(s), a.serv, WC, 1 sala(s), cozinha, 1 vaga(s) de garagem.",149541.53,200000.0,25.23,Leilão SFI - Edital Único,,RIBEIRAO PRETO,SP,Não
8444415323500,"AVENIDA DOUTOR FRANCISCO JUNQUEIRA, N. 2450, Apto 306, 04 PAVIMENTO",VILA SEIXAS,"Apartamento, 0.00 de área total, 54.76 de área privativa, 0.00 de área do terreno, 1 vaga(s) de garagem.",161300.0,161300.0,0.0,Leilão SFI - Edital Único,,RIBEIRAO PRETO,SP,Não
8555525545037,"RUA JOAO BATISTA SANTANA, N. 215, Apto 305, BL 02",BONFIM PAULISTA,"Apartamento, 132.60 de área total, 48.24 de área privativa, 0.00 de área do terreno,  2 qto(s), WC, 1 sala(s), cozinha, 1 vaga(s) de garagem.",190000.0,190000.0,0.0,Leilão SFI - Edital Único,,RIBEIRAO PRETO,SP,Não
8787716555194,"RUA GERALDO RINHEL SOBRINHO, N. 400, Apto 303, BL 09",COMQUISTA HORIZONTE,"Apartamento, 91.21 de área total, 43.16 de área privativa, 0.00 de área do terreno,  2 qto(s), WC, 1 sala(s), cozinha, 1 vaga(s) de garagem.",200000.0,200000.0,0.0,Leilão SFI - Edital Único,,RIBEIRAO PRETO,SP,Não
8787709125880,"RUA DOUTOR ANTONIO CARLOS MARCAL, N. 55, Apto 1106, TORRE B",JARDIM PAULISTANO,"Apartamento, 90.62 de área total, 46.55 de área privativa, 0.00 de área do terreno,  2 qto(s), WC, 1 sala(s), cozinha, 1 vaga(s) de garagem.",240000.0,240000.0,0.0,Leilão SFI - Edital Único,,RIBEIRAO PRETO,SP,Não
10145275,"AVENIDA NOVE DE JULHO, N. 113, LJ 5",CENTRO,"Loja, 0.00 de área total, 172.64 de área privativa, 0.00 de área do terreno, a.serv, WC, 2 sala(s).",635000.0,635000.0,0.0,Leilão SFI - Edital Único,,RIBEIRAO PRETO,SP,Não
8555537072341,"AVENIDA GUILHERMINA CUNHA COELHO, N. 160, Apto 105, TERREO TORRE 2 VG 280",CITY RIBEIRAO,"Apartamento, 98.34 de área total, 52.90 de área privativa, 0.00 de área do terreno,  2 qto(s), a.serv, WC, 1 sala(s), cozinha, 1 vaga(s) de garagem.",218000.0,218000.0,0.0,Leilão SFI - Edital Único,,RIBEIRAO PRETO,SP,Não
8555536214789,"RUA MARTINS PENA, N. 145, Apto 33,  BLOCO B TORRE 01",CAMPOS ELISEOS,"Apartamento, 88.11 de área total, 42.80 de área privativa, 0.00 de área do terreno,  2 qto(s), WC, 1 sala(s), cozinha, 1 vaga(s) de garagem.",150000.0,150000.0,0.0,Leilão SFI - Edital Único,,RIBEIRAO PRETO,SP,Não
8444431708011,"RUA PAULO MARZOLA, N. 845,",JARDIM JANDAIA,"Casa, 178.51 de área total, 129.90 de área privativa, 125.00 de área do terreno,  3 qto(s), a.serv, WC, 1 sala(s), cozinha, 2 vaga(s) de garagem.",325000.0,325000.0,0.0,Leilão SFI - Edital Único,,RIBEIRAO PRETO,SP,Não
8555538537631,"AVENIDA EDUARDO ANDREA MATARAZZO, N. 4875, Apto 1, TORRE 2 BL F",IPIRANGA,"Apartamento, 88.21 de área total, 42.80 de área privativa, 0.00 de área do terreno,  2 qto(s), a.serv, WC, 1 sala(s), cozinha, 1 vaga(s) de garagem.",145000.0,145000.0,0.0,Leilão SFI - Edital Único,,RIBEIRAO PRETO,SP,Não
8555538657068,"AVENIDA EDUARDO ANDREA MATARAZZO, N. 4875, Apto 22, TORRE 2 BL E",IPIRANGA,"Apartamento, 88.21 de área total, 42.80 de área privativa, 0.00 de área do terreno,  2 qto(s), WC, 1 sala(s), cozinha, 1 vaga(s) de garagem.",150000.0,150000.0,0.0,Leilão SFI - Edital Único,,RIBEIRAO PRETO,SP,Não
8787711170774,"RUA JAPURA, N. 3055, Apto 34, BL C TORRE 02",IPIRANGA,"Apartamento, 85.34 de área total, 42.50 de área privativa, 0.00 de área do terreno,  2 qto(s), a.serv, WC, 1 sala(s), cozinha, 1 vaga(s) de garagem.",160000.0,160000.0,0.0,Leilão SFI - Edital Único,,RIBEIRAO PRETO,SP,Não
8444435521676,"RUA FRANCISCO DE ALMEIDA, N. 1100, Apto AP 40, BL 19",PARQUE SAO SEBASTIAO,"Apartamento, 112.45 de área total, 48.70 de área privativa, 0.00 de área do terreno,  2 qto(s), WC, 1 sala(s), cozinha, 1 vaga(s) de garagem.",190000.0,190000.0,0.0,Leilão SFI - Edital Único,,RIBEIRAO PRETO,SP,Não
8444439081492,"RUA GABRIEL GOMES NABO, N. 145, CJ HAB NOVO IPIRANGA I",PRESIDENTE DUTRA,"Casa, 149.32 de área total, 149.32 de área privativa, 200.00 de área do terreno,  2 qto(s), 1 vaga(s) de garagem.",325723.77,325723.77,0.0,Leilão SFI - Edital Único,,RIBEIRAO PRETO,SP,Não
8444413138004,"RUA EDWIRGES DE CARVALHO CHAIM, N. 55, Apto 32,",PLANALTO VERDE,"Apartamento, 90.63 de área total, 70.76 de área privativa, 0.00 de área do terreno,  2 qto(s), a.serv, WC, 1 sala(s), cozinha, 1 vaga(s) de garagem.",209000.0,209000.0,0.0,Leilão SFI - Edital Único,,RIBEIRAO PRETO,SP,Não
8787708501005,"RUA DOUTOR GALDOS ANGULO, N. 600, Apto AP21, BL A  TR 7",PLANALTO VERDE,"Apartamento, 82.58 de área total, 42.50 de área privativa, 0.00 de área do terreno,  2 qto(s), a.serv, WC, 1 sala(s), cozinha, 1 vaga(s) de garagem.",152054.13,152054.13,0.0,Leilão SFI - Edital Único,,RIBEIRAO PRETO,SP,Não
8787702919199,"RUA TITO BONAGAMBA, N. 350, Apto 01, BLOCO A TORRE 1",VALENTINA FIGUEIREDO,"Apartamento, 89.34 de área total, 43.06 de área privativa, 0.00 de área do terreno,  2 qto(s), WC, 1 sala(s), cozinha, 1 vaga(s) de garagem.",154800.0,154800.0,0.0,Leilão SFI - Edital Único,,RIBEIRAO PRETO,SP,Não
8787710825742,"AVENIDA GOVERNADOR MARIO COVAS, N. 7555, Apto 14, TORRE 5 BL F",VALENTINA FIGUEIREDO,"Apartamento, 43.06 de área total, 43.06 de área privativa, 0.00 de área do terreno,  2 qto(s), WC, 1 sala(s), cozinha, 1 vaga(s) de garagem.",162500.0,162500.0,0.0,Leilão SFI - Edital Único,,RIBEIRAO PRETO,SP,Não
8787713300888,"AVENIDA GOVERNADOR MARIO COVAS, N. 7555, Apto 04,  BLOCO C TORRE 1",VALENTINA FIGUEIREDO,"Apartamento, 89.20 de área total, 43.06 de área privativa, 0.00 de área do terreno,  2 qto(s), WC, 1 sala(s), cozinha, 1 vaga(s) de garagem.",158000.0,158000.0,0.0,Leilão SFI - Edital Único,,RIBEIRAO PRETO,SP,Não
8787714146580,"AVENIDA GOVERNADOR MARIO COVAS, N. 7555, Apto 02, TORRE 3  BL B",VALENTINA FIGUEIREDO,"Apartamento, 89.20 de área total, 43.06 de área privativa, 0.00 de área do terreno,  2 qto(s), WC, 1 sala(s), cozinha, 1 vaga(s) de garagem.",164600.0,164600.0,0.0,Leilão SFI - Edital Único,,RIBEIRAO PRETO,SP,Não
1444419058403,"RUA DOUTOR LUCIANO TASSO, N. 441,",QUINTINO FACCI II,"Casa, 137.53 de área total, 137.53 de área privativa, 200.00 de área do terreno, a.serv.",239038.68,239038.68,0.0,Leilão SFI - Edital Único,,RIBEIRAO PRETO,SP,Não
8555538493510,"AVENIDA DOUTOR FERNANDO MENDES GARCIA, N. 2720, Apto 34, 3 PAV  BL E  TORRE 4",JARDIM DIVA TARLA DE CARVALHO,"Apartamento, 101.48 de área total, 43.06 de área privativa, 0.00 de área do terreno,  2 qto(s), WC, 1 sala(s), cozinha, 1 vaga(s) de garagem.",150000.0,150000.0,0.0,Leilão SFI - Edital Único,,RIBEIRAO PRETO,SP,Não
8555540166661,"AVENIDA DOUTOR FERNANDO MENDES GARCIA, N. 2720, Apto 34, 3 PAV  BL B  TORRE 7",JARDIM DIVA TARLA DE CARVALHO,"Apartamento, 101.48 de área total, 43.06 de área privativa, 0.00 de área do terreno,  2 qto(s), a.serv, WC, 1 sala(s), cozinha, 1 vaga(s) de garagem.",155000.0,155000.0,0.0,Leilão SFI - Edital Único,,RIBEIRAO PRETO,SP,Não
8555532686678,"RUA PALMIRO BIM, N. 597, Apto 32, BL B TORRE 04",PARQUE DOS PINUS,"Apartamento, 88.42 de área total, 40.71 de área privativa, 0.00 de área do terreno,  2 qto(s), WC, 1 sala(s), cozinha, 1 vaga(s) de garagem.",152500.0,152500.0,0.0,Leilão SFI - Edital Único,,RIBEIRAO PRETO,SP,Não
8555538943818,"AV DOUTOR MARCOS ANTONIO MACARIO DO SANTOS, N. 780, Apto 33, BL E TORRE 01",RESIDENCIAL PARQUE DOS SERVIDORES,"Apartamento, 93.55 de área total, 42.58 de área privativa, 0.00 de área do terreno,  2 qto(s), WC, 1 sala(s), cozinha, 1 vaga(s) de garagem.",200000.0,200000.0,0.0,Leilão SFI - Edital Único,,RIBEIRAO PRETO,SP,Não
1444400936235,"ALAMEDA FRANCISCO CRISTOFANI, N. 190, Apto 22, PAV 2 ED GUATEMALA",PARQUE DOS LAGOS,"Apartamento, 0.00 de área total, 78.49 de área privativa, 0.00 de área do terreno, 1 vaga(s) de garagem.",295000.0,295000.0,0.0,Leilão SFI - Edital Único,,RIBEIRAO PRETO,SP,Não
8555526100470,"ALAMEDA FRANCISCO CRISTOFANI, N. 795, Apto 307, BL 08",PARQUE DOS LAGOS,"Apartamento, 0.00 de área total, 45.80 de área privativa, 0.00 de área do terreno, 1 vaga(s) de garagem.",145000.0,145000.0,0.0,Leilão SFI - Edital Único,,RIBEIRAO PRETO,SP,Não
8444437112943,"RUA JOSE DE ALCANTARA, N. 565, Apto 01, BL 15",JARDIM HEITOR RIGON,"Apartamento, 0.00 de área total, 50.42 de área privativa, 0.00 de área do terreno,  2 qto(s), WC, 1 sala(s), cozinha, 1 vaga(s) de garagem.",163000.0,163000.0,0.0,Leilão SFI - Edital Único,,RIBEIRAO PRETO,SP,Não
8787710610533,"VIA JERONIMO ALFREDO AMOR ESPIN ANT. AV. A, N. 400, Apto 14,  BLOCO B",JARDIM FLORESTAN FERNANDES,"Apartamento, 108.39 de área total, 43.06 de área privativa, 0.00 de área do terreno,  2 qto(s), 1 vaga(s) de garagem.",166000.0,166000.0,0.0,Leilão SFI - Edital Único,,RIBEIRAO PRETO,SP,Não
8555536341462,"RUA RAPHAEL FRANCISCO LIPPI, N. 421, Apto 88, TORRE 1",RESIDENCIAL DAS AMERICAS,"Apartamento, 95.55 de área total, 49.46 de área privativa, 0.00 de área do terreno,  2 qto(s), WC, 1 sala(s), cozinha, 1 vaga(s) de garagem.",166000.0,166000.0,0.0,Leilão SFI - Edital Único,,RIBEIRAO PRETO,SP,Não
8787708556764,"RUA JORNALISTA CANDIDO MOTTA FILHO, N. 400, Apto 92,",RESIDENCIAL DAS AMERICAS,"Apartamento, 91.64 de área total, 51.53 de área privativa, 0.00 de área do terreno,  2 qto(s), WC, 1 sala(s), cozinha, 1 vaga(s) de garagem.",220000.0,220000.0,0.0,Leilão SFI - Edital Único,,RIBEIRAO PRETO,SP,Não
8787712122820,"AVENIDA EDUARDO ANDREA MATARAZZO, N. 6130, Apto 203,  TORRE 8",CHACARAS PEDRO CORREA DE CARVALHO,"Apartamento, 117.57 de área total, 47.85 de área privativa, 0.00 de área do terreno,  2 qto(s), a.serv, WC, 1 sala(s), cozinha, 1 vaga(s) de garagem.",215000.0,215000.0,0.0,Leilão SFI - Edital Único,,RIBEIRAO PRETO,SP,Não
8787712202920,"AVENIDA EDUARDO ANDREA MATARAZZO, N. 6130, Apto AP 30, TR 6",CHACARAS PEDRO CORREA DE CARVALHO,"Apartamento, 117.57 de área total, 47.85 de área privativa, 0.00 de área do terreno,  2 qto(s), a.serv, 1 sala(s), cozinha, 1 vaga(s) de garagem.",210000.0,210000.0,0.0,Leilão SFI - Edital Único,,RIBEIRAO PRETO,SP,Não
8787713227986,"AVENIDA EDUARDO ANDREA MATARAZZO, N. 6130, Apto 301, TORRE 11",CHACARAS PEDRO CORREA DE CARVALHO,"Apartamento, 117.57 de área total, 47.85 de área privativa, 0.00 de área do terreno,  2 qto(s), a.serv, WC, 1 sala(s), cozinha, 1 vaga(s) de garagem.",230000.0,230000.0,0.0,Leilão SFI - Edital Único,,RIBEIRAO PRETO,SP,Não
8787716347257,"RUA JOSE ROBERTO RODRIGUES, N. 351, Apto 104, TORRE 04",JARDIM JOVINO CAMPOS,"Apartamento, 99.27 de área total, 55.52 de área privativa, 0.00 de área do terreno,  2 qto(s), WC, 1 sala(s), cozinha, 1 vaga(s) de garagem.",210000.0,210000.0,0.0,Leilão SFI - Edital Único,,RIBEIRAO PRETO,SP,Não
8444420048147,"RUA TRES, N. 100, Apto 304, BL 01 VAGA 04",CONJUNTO HABITACIONAL SILVIO PASSALACQUA,"Apartamento, 99.35 de área total, 41.85 de área privativa, 0.00 de área do terreno,  2 qto(s), a.serv, WC, 1 sala(s), cozinha, 1 vaga(s) de garagem.",180000.0,180000.0,0.0,Leilão SFI - Edital Único,,RIBEIRAO PRETO,SP,Não
8787708082703,"RUA PROFESSOR AYLTON RICOY DE OLIVEIRA, N. 585, Apto 202, BL 7 VG 54",JARDIM OURO BRANCO,"Apartamento, 40.82 de área total, 40.82 de área privativa, 0.00 de área do terreno,  2 qto(s), WC, 1 sala(s), cozinha, 1 vaga(s) de garagem.",195000.0,195000.0,0.0,Leilão SFI - Edital Único,,RIBEIRAO PRETO,SP,Não
8444408845911,"RUA JOAO COLOMBARI, N. 219, LT 8 QD 7",JARDIM PEDRA BRANCA,"Casa, 102.79 de área total, 102.79 de área privativa, 160.00 de área do terreno,  2 qto(s), a.serv, WC, 2 sala(s), cozinha, 2 vaga(s) de garagem.",280000.0,280000.0,0.0,Leilão SFI - Edital Único,,RIBEIRAO PRETO,SP,Não
1555530809910,"AVENIDA LUIZ EDUARDO TOLEDO PRADO, N. 3805, CS 62",VILA DO GOLFE,"Casa, 0.00 de área total, 99.57 de área privativa, 142.56 de área do terreno.",542500.0,542500.0,0.0,Leilão SFI - Edital Único,,RIBEIRAO PRETO,SP,Não
8555538503850,"ESTRADA RECANTO DAS PALMEIRAS, N. 100, Apto 32, TORRE 02 APTO 32",RECANTO DAS PALMEIRAS,"Apartamento, 64.35 de área total, 42.35 de área privativa, 0.00 de área do terreno,  2 qto(s), WC, 1 sala(s), cozinha, 1 vaga(s) de garagem.",175000.0,175000.0,0.0,Leilão SFI - Edital Único,,RIBEIRAO PRETO,SP,Não
8555536001262,"AVENIDA PROFESSORA EDUL RANGEL RABELLO, N. 405, Apto 103, BL 26 VG 382",RESIDENCIAL JEQUITIBA,"Apartamento, 88.54 de área total, 41.85 de área privativa, 0.00 de área do terreno,  2 qto(s), a.serv, WC, 1 sala(s), cozinha, 1 vaga(s) de garagem.",156000.0,156000.0,0.0,Leilão SFI - Edital Único,,RIBEIRAO PRETO,SP,Não
8787715656299,"RUA ANTONIO ROSSANESE, N. 220, Apto 402, BL 1 PAV 4",CHACARAS BONACORSI,"Apartamento, 91.97 de área total, 41.79 de área privativa, 0.00 de área do terreno,  2 qto(s), a.serv, WC, 1 sala(s), cozinha, 1 vaga(s) de garagem.",185000.0,185000.0,0.0,Leilão SFI - Edital Único,,RIBEIRAO PRETO,SP,Não
8787701582115,"RUA DOUTOR JORGE BIN, N. 165,",JARDIM CRISTO REDENTOR,"Casa, 46.70 de área total, 46.70 de área privativa, 160.00 de área do terreno,  2 qto(s), a.serv, WC, 1 sala(s), cozinha, 1 vaga(s) de garagem.",175000.0,175000.0,0.0,Leilão SFI - Edital Único,,RIBEIRAO PRETO,SP,Não
8787703528703,"RUA ANTONIO CARLOS VENTURA ARAUJO ANTIGA RUA110, N. 230, QD 131 LT 37",JARDIM CRISTO REDENTOR,"Casa, 46.70 de área total, 46.70 de área privativa, 160.00 de área do terreno,  2 qto(s), a.serv, WC, 1 sala(s), cozinha.",239322.56,239322.56,0.0,Leilão SFI - Edital Único,,RIBEIRAO PRETO,SP,Não
8787703870797,"RUA PAULO ROBERTO CAMPOS, N. 555, QUADRA 138 LT 39",JARDIM CRISTO REDENTOR,"Casa, 46.70 de área total, 46.70 de área privativa, 160.00 de área do terreno,  2 qto(s), a.serv, WC, 1 sala(s), cozinha, 1 vaga(s) de garagem.",226000.0,226000.0,0.0,Leilão SFI - Edital Único,,RIBEIRAO PRETO,SP,Não
8787714306391,"RUA GERALDO RINHEL SOBRINHO, N. 250, Apto 301, BL 09",RESERVA MACAUBA,"Apartamento, 50.83 de área total, 43.27 de área privativa, 0.00 de área do terreno,  2 qto(s), a.serv, WC, 1 sala(s), cozinha, 1 vaga(s) de garagem.",175000.0,175000.0,0.0,Leilão SFI - Edital Único,,RIBEIRAO PRETO,SP,Não
8787703000369,"RUA JOAO E GUIOMAR SOEIRA, N. 155, Apto 404, BL 51 VG 848",RESERVA REAL,"Apartamento, 80.32 de área total, 41.85 de área privativa, 0.00 de área do terreno,  2 qto(s), a.serv, WC, 1 sala(s), cozinha, 1 vaga(s) de garagem.",167000.0,167000.0,0.0,Leilão SFI - Edital Único,,RIBEIRAO PRETO,SP,Não
8787709839913,"RUA ANTENOR DE SOUZA, N. 605, Apto 301, BL 6 VAGA 325",RESERVA REAL,"Apartamento, 81.64 de área total, 40.82 de área privativa, 0.00 de área do terreno,  2 qto(s), WC, 1 sala(s), cozinha, 1 vaga(s) de garagem.",215000.0,215000.0,0.0,Leilão SFI - Edital Único,,RIBEIRAO PRETO,SP,Não
8787712697059,"RUA ANTENOR DE SOUZA, N. 605, Apto 302, QD 3 LT 1 BL 13 VG 90",RESERVA REAL,"Apartamento, 95.38 de área total, 40.82 de área privativa, 0.00 de área do terreno,  2 qto(s), WC, 1 sala(s), cozinha, 1 vaga(s) de garagem.",175000.0,175000.0,0.0,Leilão SFI - Edital Único,,RIBEIRAO PRETO,SP,Não
8787719348335,"RUA JOAO E GUIOMAR SOEIRA, N. 405, CS 42",RESERVA REAL,"Casa, 48.33 de área total, 46.58 de área privativa, 124.49 de área do terreno,  2 qto(s), a.serv, WC, 1 sala(s), cozinha, Terraco, 1 vaga(s) de garagem.",300000.0,300000.0,0.0,Leilão SFI - Edital Único,,RIBEIRAO PRETO,SP,Não
8787711662073,"RUA JOAO SHIGUEO TANAKA, N. 70, LT 5 QD 13",JARDIM REGATAS,"Casa, 44.16 de área total, 44.16 de área privativa, 160.00 de área do terreno,  2 qto(s), a.serv, WC, 1 sala(s), cozinha, 1 vaga(s) de garagem.",192000.0,192000.0,0.0,Leilão SFI - Edital Único,,RIBEIRAO PRETO,SP,Não
8787714482424,"RUA NILTON MEIRELLES PALMA DA FONSECA, N. 65, LT 49 QD 17",JARDIM REGATAS,"Casa, 44.16 de área total, 44.16 de área privativa, 164.19 de área do terreno,  2 qto(s), a.serv, 1 sala(s), cozinha, 1 vaga(s) de garagem.",232500.0,232500.0,0.0,Leilão SFI - Edital Único,,RIBEIRAO PRETO,SP,Não
8787702214683,"RODOVIA JOSÉ FREGONEZI  SP 328, N. 985, Apto 4, BL D TORRE 1 LION",BONFIM PAULISTA,"Apartamento, 93.19 de área total, 42.50 de área privativa, 0.00 de área do terreno,  2 qto(s), a.serv, WC, 1 sala(s), cozinha, 1 vaga(s) de garagem.",165000.0,165000.0,0.0,Leilão SFI - Edital Único,,RIBEIRAO PRETO,SP,Não
8787704707407,"AVENIDA MIGUEL PADULLA, N. 250, Apto A28, PAV 2 TORRE A",BONFIM PAULISTA,"Apartamento, 0.00 de área total, 48.07 de área privativa, 0.00 de área do terreno, 1 vaga(s) de garagem.",190000.0,190000.0,0.0,Leilão SFI - Edital Único,,RIBEIRAO PRETO,SP,Não
8444420861158,"RUA SUDARIO MANOEL DE SOUZA, N. 90, QUADRA 13 LOTE 26",JARDIM SANTA CECILIA,"Casa, 56.40 de área total, 56.40 de área privativa, 200.00 de área do terreno,  2 qto(s), a.serv, WC, 1 sala(s), cozinha, 2 vaga(s) de garagem.",300000.0,300000.0,0.0,Leilão SFI - Edital Único,,RIBEIRAO PRETO,SP,Não
8787715233410,"RUA PROFESSOR AYLTON RICOY DE OLIVEIRA, N. 605, Apto 201, BL 21 VG 05 VEÍCULO E VG 05 MOTO",JARDIM OURO BRANCO,"Apartamento, 88.70 de área total, 45.30 de área privativa, 0.00 de área do terreno,  2 qto(s), WC, 1 sala(s), cozinha, 2 vaga(s) de garagem.",175165.56,175000.0,0.0,Leilão SFI - Edital Único,,RIBEIRAO PRETO,SP,Não
8555527852700,"ALAMEDA FRANCISCO CRISTOFANI, N. 795, Apto 307, BLOCO 06",PARQUE DOS LAGOS,"Apartamento, 105.97 de área total, 45.88 de área privativa, 0.00 de área do terreno,  2 qto(s), a.serv, WC, 1 sala(s), cozinha, 1 vaga(s) de garagem.",145442.3,145000.0,0.0,Leilão SFI - Edital Único,,RIBEIRAO PRETO,SP,Não
8787702854143,"RUA OVIDIO COLUS, N. 51, Apto 403, BL 4 4 PAV VG 121",JARDIM JOSE SAMPAIO JUNIOR,"Apartamento, 102.97 de área total, 41.85 de área privativa, 0.00 de área do terreno,  2 qto(s), a.serv, WC, 1 sala(s), cozinha, 1 vaga(s) de garagem.",156083.7,155000.0,0.0,Leilão SFI - Edital Único,,RIBEIRAO PRETO,SP,Não
8787714435604,"RUA GERALDO RINHEL SOBRINHO, N. 250, Apto 107, BL 09",RESERVA MACAUBA,"Apartamento, 93.82 de área total, 43.27 de área privativa, 0.00 de área do terreno,  2 qto(s), a.serv, WC, 1 sala(s), cozinha, 1 vaga(s) de garagem.",172381.98,171000.0,0.0,Leilão SFI - Edital Único,,RIBEIRAO PRETO,SP,Não
8787715560771,"RUA CLEUSA APARECIDA DA CUNHA JANUARIO, N. 180, Apto 202, BL11",RESERVA SAO JOSE,"Apartamento, 81.75 de área total, 44.57 de área privativa, 0.00 de área do terreno,  2 qto(s), WC, 1 sala(s), cozinha, 1 vaga(s) de garagem.",202875.72,200000.0,0.0,Leilão SFI - Edital Único,,RIBEIRAO PRETO,SP,Não
8787712504510,"RUA PROFESSOR AYLTON RICOY DE OLIVEIRA, N. 605, Apto 301, BL 12",JARDIM OURO BRANCO,"Apartamento, 79.93 de área total, 40.82 de área privativa, 0.00 de área do terreno,  2 qto(s), WC, 1 sala(s), cozinha, 1 vaga(s) de garagem.",160571.52,158000.0,0.0,Leilão SFI - Edital Único,,RIBEIRAO PRETO,SP,Não
8787704498425,"RUA TITO BONAGAMBA, N. 350, Apto 2, TORRE 3 BL D",VALENTINA FIGUEIREDO,"Apartamento, 67.12 de área total, 43.06 de área privativa, 0.00 de área do terreno,  2 qto(s), WC, 1 sala(s), cozinha, 1 vaga(s) de garagem.",140750.7,138000.0,0.0,Leilão SFI - Edital Único,,RIBEIRAO PRETO,SP,Não
8555535622786,"AVENIDA PROFESSORA EDUL RANGEL RABELLO, N. 405, Apto 202, BL 22 VG 411",RESIDENCIAL JEQUITIBA,"Apartamento, 88.55 de área total, 41.85 de área privativa, 0.00 de área do terreno,  2 qto(s), a.serv, WC, 1 sala(s), cozinha, 1 vaga(s) de garagem.",156343.3,153000.0,0.0,Leilão SFI - Edital Único,,RIBEIRAO PRETO,SP,Não
8555539811796,"RUA RAPHAEL FRANCISCO LIPPI, N. 421, Apto 17, TORRE 5",RESIDENCIAL DAS AMERICAS,"Apartamento, 95.55 de área total, 49.46 de área privativa, 0.00 de área do terreno,  2 qto(s), WC, 1 sala(s), cozinha, 1 vaga(s) de garagem.",179840.09,175000.0,0.0,Leilão SFI - Edital Único,,RIBEIRAO PRETO,SP,Não
8787711879862,"RUA DEPUTADO ANTONIO CALIXTO, N. 620,",SANTA IRIA,"Casa, 44.16 de área total, 44.16 de área privativa, 202.26 de área do terreno,  2 qto(s), a.serv, WC, 1 sala(s), cozinha, 1 vaga(s) de garagem.",221588.7,215000.0,0.0,Leilão SFI - Edital Único,,RIBEIRAO PRETO,SP,Não
8555538459185,"RUA LUIZ CROPANESE SPADARO JUNIOR, N. 100, Apto 303, BL 9 3 PAV VG 54P",CONJUNTO HABITACIONAL SILVIO PASSALACQUA,"Apartamento, 87.60 de área total, 41.85 de área privativa, 0.00 de área do terreno,  2 qto(s), WC, 1 sala(s), cozinha, 1 vaga(s) de garagem.",143536.03,139000.0,0.0,Leilão SFI - Edital Único,,RIBEIRAO PRETO,SP,Não
8787706322219,"RUA JOAO E GUIOMAR SOEIRA, N. 155, Apto 103,  BLOCO 78",RESERVA REAL,"Apartamento, 96.16 de área total, 41.85 de área privativa, 0.00 de área do terreno,  2 qto(s), WC, 1 sala(s), cozinha, 1 vaga(s) de garagem.",176332.63,170000.0,0.0,Leilão SFI - Edital Único,,RIBEIRAO PRETO,SP,Não
8787714451065,"RUA GERALDO RINHEL SOBRINHO, N. 250, Apto 112, BL 10",RESERVA MACAUBA,"Apartamento, 93.82 de área total, 43.27 de área privativa, 0.00 de área do terreno,  2 qto(s), a.serv, WC, 1 sala(s), cozinha, 1 vaga(s) de garagem.",175812.3,168555.12,0.0,Leilão SFI - Edital Único,,RIBEIRAO PRETO,SP,Não
1787702353367,"RUA OLIVIA MARIA DE JESUS, N. 1900, Apto 307, TORRE 7",COND GRAN TROPICAL,"Apartamento, 111.55 de área total, 58.57 de área privativa, 0.00 de área do terreno,  2 qto(s), WC, 1 sala(s), cozinha, 1 vaga(s) de garagem.",272517.9,260000.0,0.0,Leilão SFI - Edital Único,,RIBEIRAO PRETO,SP,Não
8787710386560,"AVENIDA GOVERNADOR MARIO COVAS, N. 7555, Apto 11, TORRE 1 BL A",VALENTINA FIGUEIREDO,"Apartamento, 89.20 de área total, 43.06 de área privativa, 0.00 de área do terreno,  2 qto(s), WC, 1 sala(s), cozinha, 1 vaga(s) de garagem.",157674.17,150000.0,0.0,Leilão SFI - Edital Único,,RIBEIRAO PRETO,SP,Não
8787703721546,"RUA JOAO E GUIOMAR SOEIRA, N. 155, Apto 202, BL 65 VG 1171",RESERVA REAL,"Apartamento, 80.32 de área total, 41.85 de área privativa, 0.00 de área do terreno,  2 qto(s), WC, 1 sala(s), cozinha, 1 vaga(s) de garagem.",153719.8,145000.0,0.0,Leilão SFI - Edital Único,,RIBEIRAO PRETO,SP,Não
8444431186503,"RUA SILVEIRA MARTINS, N. 1991,",CAMPOS ELISEOS,"Casa, 103.58 de área total, 103.58 de área privativa, 120.75 de área do terreno,  2 qto(s).",222645.55,210000.0,0.0,Leilão SFI - Edital Único,,RIBEIRAO PRETO,SP,Não
8787718465478,"RUA EUCLIDES DA CUNHA, N. 73, Apto 506,",VILA VIRGINIA,"Apartamento, 84.62 de área total, 47.86 de área privativa, 0.00 de área do terreno,  2 qto(s), WC, 1 sala(s), cozinha, 1 vaga(s) de garagem.",279625.38,263700.0,0.0,Leilão SFI - Edital Único,,RIBEIRAO PRETO,SP,Não
8787717118065,"RUA JOAO E GUIOMAR SOEIRA, N. 405, CS 22",RESERVA REAL,"Casa, 46.58 de área total, 46.58 de área privativa, 124.49 de área do terreno,  2 qto(s), a.serv, WC, 1 sala(s), cozinha.",276798.88,260000.0,0.0,Leilão SFI - Edital Único,,RIBEIRAO PRETO,SP,Não
8787714348329,"AVENIDA GOVERNADOR MARIO COVAS, N. 7555, Apto 21, TORRE 02 BL A",VALENTINA FIGUEIREDO,"Apartamento, 89.20 de área total, 43.06 de área privativa, 0.00 de área do terreno,  2 qto(s), a.serv, WC, 1 sala(s), cozinha, 1 vaga(s) de garagem.",156763.8,147000.0,0.0,Leilão SFI - Edital Único,,RIBEIRAO PRETO,SP,Não
8787709117772,"RUA PROFESSOR AYLTON RICOY DE OLIVEIRA, N. 585, Apto 204, BLOCO 10",JARDIM OURO BRANCO,"Apartamento, 80.90 de área total, 40.82 de área privativa, 0.00 de área do terreno,  2 qto(s), WC, 1 sala(s), cozinha, 1 vaga(s) de garagem.",166813.59,156070.28,0.0,Leilão SFI - Edital Único,,RIBEIRAO PRETO,SP,Não
8787716560961,"AVENIDA GENERAL EUCLYDES DE FIGUEIREDO, N. 1655, Apto 14, BL A TORRE 09",QUINTINO FACCI II,"Apartamento, 65.70 de área total, 42.81 de área privativa, 0.00 de área do terreno,  2 qto(s), WC, 1 sala(s), cozinha, 1 vaga(s) de garagem.",193775.5,181000.0,0.0,Leilão SFI - Edital Único,,RIBEIRAO PRETO,SP,Não
8787713156817,"AVENIDA GOVERNADOR MARIO COVAS, N. 7555, Apto 34, T 05 BL D",VALENTINA FIGUEIREDO,"Apartamento, 89.19 de área total, 43.06 de área privativa, 0.00 de área do terreno,  2 qto(s), WC, 1 sala(s), cozinha, 1 vaga(s) de garagem.",157347.92,145789.96,0.0,Leilão SFI - Edital Único,,RIBEIRAO PRETO,SP,Não
8787713055590,"RUA PROFFESSOR AYLTON RICOY DE OLIVEIRA, N. 925, Apto 303, BL 6",RESERVA OURO BRANCO,"Apartamento, 66.25 de área total, 40.82 de área privativa, 0.00 de área do terreno,  2 qto(s), WC, 1 sala(s), cozinha, 1 vaga(s) de garagem.",157127.93,145000.0,0.0,Leilão SFI - Edital Único,,RIBEIRAO PRETO,SP,Não
8787702276077,"RUA ZILDA DE SOUZA RIZZI, N. 751, Apto AP 31, BL D  TR 3",JARDIM INTERLAGOS,"Apartamento, 98.67 de área total, 43.06 de área privativa, 0.00 de área do terreno,  2 qto(s), WC, 1 sala(s), cozinha, 1 vaga(s) de garagem.",155219.14,143131.09,0.0,Leilão SFI - Edital Único,,RIBEIRAO PRETO,SP,Não
8787705946170,"RUA BENEDITO FRANCISCO, N. 655, Apto AP 10, BL 8",RESERVA REAL,"Apartamento, 98.87 de área total, 40.82 de área privativa, 0.00 de área do terreno,  2 qto(s), WC, 1 sala(s), cozinha, 1 vaga(s) de garagem.",162712.47,150000.0,0.0,Leilão SFI - Edital Único,,RIBEIRAO PRETO,SP,Não
8787714245066,"RUA ANTENOR DE SOUZA, N. 605, Apto 203, BL 03",RESERVA REAL,"Apartamento, 90.58 de área total, 45.30 de área privativa, 0.00 de área do terreno,  2 qto(s), WC, 1 sala(s), cozinha, 1 vaga(s) de garagem.",190470.02,175000.0,0.0,Leilão SFI - Edital Único,,RIBEIRAO PRETO,SP,Não
8444431781860,"RUA VICTOR PINTO PINHEIRO  ANTIGA RUA 36, N. 480, HIS",JARDIM CRISTO REDENTOR,"Casa, 46.70 de área total, 46.70 de área privativa, 160.00 de área do terreno,  2 qto(s), WC, 1 sala(s), cozinha, 1 vaga(s) de garagem.",231524.27,211786.37,0.0,Leilão SFI - Edital Único,,RIBEIRAO PRETO,SP,Não
8555531118919,"RUA ITAJUBA, N. 1161, Apto 03, TERREO TR 5 BL C",IPIRANGA,"Apartamento, 89.41 de área total, 42.96 de área privativa, 0.00 de área do terreno,  2 qto(s), WC, 1 sala(s), cozinha, 1 vaga(s) de garagem.",140838.28,127000.0,0.0,Leilão SFI - Edital Único,,RIBEIRAO PRETO,SP,Não
8555538799318,"RUA RAPHAEL FRANCISCO LIPPI, N. 421, Apto 74, 8 PAVIMENTO  TORRE 02",RESIDENCIAL DAS AMERICAS,"Apartamento, 91.07 de área total, 46.42 de área privativa, 0.00 de área do terreno,  2 qto(s), WC, 1 sala(s), cozinha, 1 vaga(s) de garagem.",173322.58,155892.29,0.0,Leilão SFI - Edital Único,,RIBEIRAO PRETO,SP,Não
8787713104507,"AVENIDA TEREZA PALMEIRA GALLON, N. 611, Apto 04, BL E TORRE 1",JARDIM ITAU,"Apartamento, 76.70 de área total, 40.06 de área privativa, 0.00 de área do terreno,  2 qto(s), WC, 1 sala(s), cozinha, 1 vaga(s) de garagem.",173439.66,154000.0,0.0,Leilão SFI - Edital Único,,RIBEIRAO PRETO,SP,Não
8787717589882,"RUA PROFESSOR AYLTON RICOY DE OLIVEIRA, N. 925, Apto 103, BL 09 VG 30",JARDIM OURO BRANCO,"Apartamento, 106.14 de área total, 40.82 de área privativa, 0.00 de área do terreno,  2 qto(s), WC, 1 sala(s), cozinha, 1 vaga(s) de garagem.",225826.52,198000.0,0.0,Leilão SFI - Edital Único,,RIBEIRAO PRETO,SP,Não
8787712225874,"AVENIDA EDUARDO ANDREA MATARAZZO, N. 6130, Apto 104, TERREO TR 7",CHACARAS PEDRO CORREA DE CARVALHO,"Apartamento, 117.57 de área total, 47.85 de área privativa, 0.00 de área do terreno,  2 qto(s), WC, 1 sala(s), cozinha, 1 vaga(s) de garagem.",217087.91,190000.0,0.0,Leilão SFI - Edital Único,,RIBEIRAO PRETO,SP,Não
8787713585840,"AVENIDA EDUARDO ANDREA MATARAZZO, N. 6050, Apto 304, 3 PAV  TORRE 7",CHACARAS PEDRO CORREA DE CARVALHO,"Apartamento, 122.50 de área total, 56.33 de área privativa, 0.00 de área do terreno,  2 qto(s), WC, 1 sala(s), cozinha, 1 vaga(s) de garagem.",276847.97,240000.0,0.0,Leilão SFI - Edital Único,,RIBEIRAO PRETO,SP,Não
8555533989704,"RUA JOSE DE ALCANTARA, N. 1075, Apto 34, BLOCO B TORRE 2",JARDIM HEITOR RIGON,"Apartamento, 105.68 de área total, 42.82 de área privativa, 0.00 de área do terreno, 1 vaga(s) de garagem.",141135.17,120000.0,0.0,Leilão SFI - Edital Único,,RIBEIRAO PRETO,SP,Não
8787721351194,"VIA MARGINAL DA RODOVIA ABRAÃO ASSED, N. 2205, Apto 12, BL B T 7",RESIDENCIAL PARQUE DOS SERVIDORES,"Apartamento, 115.55 de área total, 41.48 de área privativa, 0.00 de área do terreno,  2 qto(s), a.serv, WC Emp, 1 sala(s), cozinha, 1 vaga(s) de garagem.",219933.61,186259.81,0.0,Leilão SFI - Edital Único,,RIBEIRAO PRETO,SP,Não
8787714690183,"RUA GERALDO RINHEL SOBRINHO, N. 400, Apto 204, BL 10",RESERVA MACAUBA,"Apartamento, 91.21 de área total, 43.16 de área privativa, 0.00 de área do terreno,  2 qto(s), WC, 1 sala(s), cozinha.",175034.02,147000.0,0.0,Leilão SFI - Edital Único,,RIBEIRAO PRETO,SP,Não
8787717834402,"RUA GERALDO RINHEL SOBRINHO, N. 400, Apto 205, BL 08",RESERVA MACAUBA,"Apartamento, 91.43 de área total, 43.30 de área privativa, 0.00 de área do terreno,  2 qto(s), a.serv, WC, 1 sala(s), cozinha, 1 vaga(s) de garagem.",201601.28,168622.7,0.0,Leilão SFI - Edital Único,,RIBEIRAO PRETO,SP,Não
8787715494418,"RUA SAO FRANCISCO, N. 1343, Apto 17,",IPIRANGA,"Apartamento, 86.74 de área total, 47.50 de área privativa, 0.00 de área do terreno,  2 qto(s), a.serv, 1 sala(s), 1 vaga(s) de garagem.",227175.45,190000.0,0.0,Leilão SFI - Edital Único,,RIBEIRAO PRETO,SP,Não
8787721630948,"MARGINAL DA RODOVIA ABRAO ASSED, N. 2205, Apto 13, BL C TORRE 05",CONDOMINIO LAR EGITO,"Apartamento, 115.55 de área total, 41.48 de área privativa, 0.00 de área do terreno,  2 qto(s), a.serv, WC, 1 sala(s), cozinha, 1 vaga(s) de garagem.",219564.95,183000.0,0.0,Leilão SFI - Edital Único,,RIBEIRAO PRETO,SP,Não
8444438725108,"RUA ITAJUBA, N. 1865, Apto 31, T 02 BL D",JARDIM JAVARI,"Apartamento, 49.15 de área total, 42.96 de área privativa, 0.00 de área do terreno,  2 qto(s), WC, 1 sala(s), cozinha, 1 vaga(s) de garagem.",132209.09,110000.0,0.0,Leilão SFI - Edital Único,,RIBEIRAO PRETO,SP,Não
8787717378539,"RUA PROFESSOR AYLTON RICOY DE OLIVEIRA, N. 925, Apto 203, 2º PAVIMENTO  BLOCO 02",JARDIM OURO BRANCO,"Apartamento, 64.24 de área total, 40.82 de área privativa, 0.00 de área do terreno, a.serv, 1 vaga(s) de garagem.",216357.81,178000.0,0.0,Leilão SFI - Edital Único,,RIBEIRAO PRETO,SP,Não
8787717171705,"RUA OLIVIA MARIA DE JESUS, N. 1900, Apto 208, TORRE 07",RESIDENCIAL PARQUE DOS SERVIDORES,"Apartamento, 111.55 de área total, 58.57 de área privativa, 0.00 de área do terreno,  2 qto(s), a.serv, WC, 1 sala(s), cozinha, 1 vaga(s) de garagem.",272411.8,224000.0,0.0,Leilão SFI - Edital Único,,RIBEIRAO PRETO,SP,Não
8444434721116,"ESTRADA VICENTE CANUTO, N. 280, Apto 13, TORRE 4 BLOCO D",CHACARAS PEDRO CORREA DE CARVALHO,"Apartamento, 88.44 de área total, 43.06 de área privativa, 0.00 de área do terreno,  2 qto(s), a.serv, WC, 1 sala(s), cozinha, 1 vaga(s) de garagem.",188752.13,155000.0,0.0,Leilão SFI - Edital Único,,RIBEIRAO PRETO,SP,Não
8787715443570,"RUA GERALDO RINHEL SOBRINHO, N. 400, Apto 409, 3 PAV  BL 2",RESERVA MACAUBA,"Apartamento, 91.21 de área total, 43.16 de área privativa, 0.00 de área do terreno,  2 qto(s), WC, 1 sala(s), cozinha, 1 vaga(s) de garagem.",173776.88,140000.0,0.0,Leilão SFI - Edital Único,,RIBEIRAO PRETO,SP,Não
8787716073335,"RUA GERALDO RINHEL SOBRINHO, N. 400, Apto 304, BL 02",COMQUISTA HORIZONTE,"Apartamento, 91.21 de área total, 43.16 de área privativa, 0.00 de área do terreno,  2 qto(s), 1 vaga(s) de garagem.",190597.13,150000.0,0.0,Leilão SFI - Edital Único,,RIBEIRAO PRETO,SP,Não
8787721552955,"RODOVIA ABRAO ASSED, N. 2205, Apto AP 22, BL A  TR 09",RECREIO ANHANGUERA,"Apartamento, 115.55 de área total, 41.48 de área privativa, 0.00 de área do terreno,  2 qto(s), a.serv, WC, 1 sala(s), cozinha, 1 vaga(s) de garagem.",219564.95,170000.0,0.0,Leilão SFI - Edital Único,,RIBEIRAO PRETO,SP,Não
8787720786910,"RUA EUCLIDES DA CUNHA, N. 73, Apto 1803,",VILA VIRGINIA,"Apartamento, 84.73 de área total, 47.94 de área privativa, 0.00 de área do terreno,  2 qto(s), WC, 1 sala(s), cozinha, 1 vaga(s) de garagem.",277921.6,215000.0,0.0,Leilão SFI - Edital Único,,RIBEIRAO PRETO,SP,Não
8787722560765,"RUA ANTONIO ROSSANESE, N. 220, Apto 403, BL 01 4 PAV VG 03",CHACARAS BONACORSI,"Apartamento, 93.33 de área total, 41.79 de área privativa, 0.00 de área do terreno,  2 qto(s), a.serv, WC, 1 sala(s), cozinha, 1 vaga(s) de garagem.",230158.25,175000.0,0.0,Leilão SFI - Edital Único,,RIBEIRAO PRETO,SP,Não
8787717070569,"RUA ADEMIR SPAGNOL MILUZZI, N. 700, Apto 13, PAV 2 BL B TORRE 1",JARDIM DIVA TARLA DE CARVALHO,"Apartamento, 71.97 de área total, 44.00 de área privativa, 0.00 de área do terreno,  2 qto(s), a.serv, WC, 1 sala(s), cozinha, 1 vaga(s) de garagem.",195960.64,148000.0,0.0,Leilão SFI - Edital Único,,RIBEIRAO PRETO,SP,Não
8444437218180,"RUA LUCIMEIA GARCIA PELEGRINA, N. SN, LT 31 QD 27",RESERVA MACAUBA,"Casa, 50.19 de área total, 50.19 de área privativa, 158.04 de área do terreno,  2 qto(s), a.serv, WC, 1 sala(s), cozinha, 2 vaga(s) de garagem.",268988.13,200000.0,0.0,Leilão SFI - Edital Único,,RIBEIRAO PRETO,SP,Não
8787717893581,"RUA GERALDO RINHEL SOBRINHO, N. 400, Apto 308, BL 03  PAVIMENTO 02",CONQUISTA HORIZONTE,"Apartamento, 91.43 de área total, 43.30 de área privativa, 0.00 de área do terreno,  2 qto(s), WC, 1 sala(s), cozinha, 1 vaga(s) de garagem.",198599.0,145000.0,0.0,Leilão SFI - Edital Único,,RIBEIRAO PRETO,SP,Não
1444417286000,"RUA ARMANDO COLTRO, N. SN, QD 9 LT 3 ANTIGA RUA 5",LOTEAMENTO SANTA MARTA,"Casa, 72.95 de área total, 72.95 de área privativa, 256.50 de área do terreno,  2 qto(s), WC, 1 sala(s), cozinha, 1 vaga(s) de garagem.",344206.08,250000.0,0.0,Leilão SFI - Edital Único,,RIBEIRAO PRETO,SP,Não
8787713775827,"RUA PROFESSOR AYLTON RICOY DE OLIVEIRA, N. 925, Apto 404, BL11 ANTIGA RUA UM",RESERVA OURO BRANCO,"Apartamento, 70.14 de área total, 44.57 de área privativa, 0.00 de área do terreno,  2 qto(s), WC, 1 sala(s), cozinha, 1 vaga(s) de garagem.",172429.69,110394.54,0.0,Leilão SFI - Edital Único,,RIBEIRAO PRETO,SP,Não
8555523884888,"RUA DOUTOR FRANCISCO JOSE FELICIANO CAMARGO, N. 208, Apto 102, BL 10 BOX 163",JARDIM PAULISTA,"Apartamento, 78.44 de área total, 46.59 de área privativa, 0.00 de área do terreno,  2 qto(s), WC, 1 sala(s), cozinha, 1 vaga(s) de garagem.",117653.27,194656.92,39.56,Licitação Aberta,,RIO CLARO,SP,Não
8555528328070,"RUA DOUTOR FRANCISCO JOSE FELICIANO DE C, N. 274, Apto 302, 2° ANDAR OU 3° PAV",JARDIM PAULISTA,"Apartamento, 78.26 de área total, 46.59 de área privativa, 0.00 de área do terreno,  2 qto(s), WC, 1 sala(s), cozinha, 1 vaga(s) de garagem.",123904.77,205000.0,39.56,Venda Direta Online,,RIO CLARO,SP,Não
1444417326621,"AVENIDA 25, N. 938,",SAUDE,"Casa, 117.00 de área total, 117.00 de área privativa, 169.00 de área do terreno,  2 qto(s), a.serv, WC, 1 sala(s), cozinha, 1 vaga(s) de garagem.",191194.29,300000.0,36.27,Licitação Aberta,,RIO CLARO,SP,Não
8444425992226,"AVENIDA 1 NR, N. 829,  PARTE DO LOTE 06 QUADRA 07",JARDIM NOVA RIO CLARO,"Casa, 27.00 de área total, 27.00 de área privativa, 154.45 de área do terreno,  1 qto(s), WC, cozinha.",110078.93,167000.0,34.09,Leilão SFI - Edital Único,,RIO CLARO,SP,Não
1444414350513,"RUA 6, N. 1758,",ZONA CENTRAL,"Casa, 91.00 de área total, 91.00 de área privativa, 200.00 de área do terreno,  2 qto(s), a.serv, WC, 1 sala(s), 1 lavabo(s), cozinha, 1 vaga(s) de garagem.",275000.0,275000.0,0.0,Leilão SFI - Edital Único,,RIO CLARO,SP,Não
8787718948410,"AVENIDA M 31, N. 1881, Apto AP 10, BL B",JARDIM CHERVESON,"Apartamento, 99.54 de área total, 49.52 de área privativa, 0.00 de área do terreno,  2 qto(s), WC, 1 sala(s), 1 vaga(s) de garagem.",271625.53,250000.0,0.0,Leilão SFI - Edital Único,,RIO CLARO,SP,Não
1444417029740,"RUA 6, N. 1713,",ZONA CENTRAL,"Casa, 180.31 de área total, 180.31 de área privativa, 115.00 de área do terreno,  2 qto(s), a.serv, WC, 1 sala(s), cozinha, 1 vaga(s) de garagem.",344942.81,305000.0,0.0,Leilão SFI - Edital Único,,RIO CLARO,SP,Não
1444425267434,"RUA 1 CJ, N. 685, LT 6 QD 16",CIDADE JARDIM,"Casa, 253.01 de área total, 253.01 de área privativa, 319.00 de área do terreno,  4 qto(s), a.serv, WC, 1 sala(s), 2 vaga(s) de garagem.",914118.04,300000.0,0.0,Leilão SFI - Edital Único,,RIO CLARO,SP,Não
8787704516890,"RUA JAPAO, N. 5, Apto 404, BL 22",JARDIM DAS NACOES,"Apartamento, 114.53 de área total, 41.85 de área privativa, 0.00 de área do terreno,  2 qto(s), WC, 1 sala(s), cozinha, 2 vaga(s) de garagem.",115442.98,191000.0,39.56,Licitação Aberta,,SALTO,SP,Não
8787701611360,"RUA JOVINIANO DE SOUZA FREIRE, N. 211, Apto 24, BL 08 2º ANDAR",JARDIM SANTA LUCIA,"Apartamento, 113.26 de área total, 44.20 de área privativa, 0.00 de área do terreno,  2 qto(s), a.serv, WC, 1 sala(s), cozinha, 2 vaga(s) de garagem.",114838.57,190000.0,39.56,Licitação Aberta,,SALTO,SP,Não
8555536303285,"RUA DAS NACOES UNIDAS, N. 600, Apto 202, BL 42 VAGA 736",OLARIA,"Apartamento, 117.23 de área total, 41.47 de área privativa, 0.00 de área do terreno,  2 qto(s), WC, 1 sala(s), cozinha, 1 vaga(s) de garagem.",127734.98,211337.07,39.56,Licitação Aberta,,SALTO,SP,Não
8787715500019,"RUA CARLOS DE MORAES ANDRADE JURISTA, N. 108, Apto 301, BL 11  VAGA 85",RESIDENCIAL PARQUE LAGUNA,"Apartamento, 53.98 de área total, 41.98 de área privativa, 0.00 de área do terreno,  2 qto(s), WC, 1 sala(s), cozinha, 1 vaga(s) de garagem.",115442.98,191000.0,39.56,Licitação Aberta,,SALTO,SP,Não
8555538829888,"RUA JOVINIANO DE SOUZA FREIRE, N. 211, Apto 13, BL 04 1ANDAR",JARDIM SANTA LUCIA,"Apartamento, 113.26 de área total, 44.20 de área privativa, 0.00 de área do terreno,  2 qto(s), WC, 1 sala(s), cozinha.",139121.43,221030.0,37.06,Licitação Aberta,,SALTO,SP,Não
1444410631968,"RUA PRESIDENTE JOAO CAFE FILHO, N. 100, Apto 135, TORRE 04  13 ANDAR VG437",BELA VISTA,"Apartamento, 0.00 de área total, 62.80 de área privativa, 0.00 de área do terreno,  2 qto(s), a.serv, WC, 1 sala(s), cozinha, 1 vaga(s) de garagem.",395000.0,395000.0,0.0,Leilão SFI - Edital Único,,SALTO,SP,Não
8787708382294,"RUA JURISTA CARLOS DE MORAES ANDRADE, N. 108, Apto 202, BL 01 VG 416",RESIDENCIAL PARQUE LAGUNA,"Apartamento, 92.42 de área total, 41.98 de área privativa, 0.00 de área do terreno,  2 qto(s), WC, 1 sala(s), cozinha, 1 vaga(s) de garagem.",205000.0,205000.0,0.0,Leilão SFI - Edital Único,,SALTO,SP,Não
8787714076540,"RUA JURISTA CARLOS DE MORAES ANDRADE, N. 108, Apto 304, BLOCO 10",RESIDENCIAL PARQUE LAGUNA,"Apartamento, 92.42 de área total, 41.98 de área privativa, 0.00 de área do terreno,  2 qto(s), a.serv, WC, 1 sala(s), cozinha, 1 vaga(s) de garagem.",216199.0,205000.0,0.0,Leilão SFI - Edital Único,,SALTO,SP,Não
8555538696950,"RUA JOVINIANO DE SOUZA FREIRE, N. 211, Apto 14, BL 02",JARDIM SANTA LUCIA,"Apartamento, 113.26 de área total, 44.20 de área privativa, 0.00 de área do terreno,  2 qto(s), a.serv, WC, 1 sala(s), cozinha, 2 vaga(s) de garagem.",235828.42,215000.0,0.0,Leilão SFI - Edital Único,,SALTO,SP,Não
8787713717096,"RUA JURISTA CARLOS DE MORAES ANDRADE, N. 108, Apto 101, BL 23 PAV 1 VG 344",RESIDENCIAL PARQUE LAGUNA,"Apartamento, 92.42 de área total, 41.98 de área privativa, 0.00 de área do terreno,  2 qto(s), WC, 1 sala(s), cozinha, 1 vaga(s) de garagem.",216199.01,180000.0,0.0,Leilão SFI - Edital Único,,SALTO,SP,Não
8444401729207,"RUA JOSE RODRIGUES FERNANDES, N. 163, SN, LT 38 QD G",JARDIM CACHOEIRA,"Casa, 50.00 de área total, 50.00 de área privativa, 137.50 de área do terreno,  2 qto(s), a.serv, WC, 1 sala(s), cozinha, 1 vaga(s) de garagem.",132970.97,220000.0,39.56,Venda Online,,SALTO DE PIRAPORA,SP,Não
8444402279469,"RUA DOIS N 1651 QDE PT LT10, N. 1651, QDE PT LT10",BAIRRO JARDIM APRAZI,"Casa, 0.00 de área total, 69.68 de área privativa, 210.00 de área do terreno,  2 qto(s), WC, 1 sala(s), cozinha.",86648.94,125000.0,30.69,Leilão SFI - Edital Único,,SANTA ALBERTINA,SP,Não
8444431067520,"RUA REVERENDO JOAO FELICIANO PIRES, N. 260, Apto 14, BL 260-A",CONJUNTO HABITACIONAL ROBERTO ROMANO,"Apartamento, 48.48 de área total, 42.23 de área privativa, 0.00 de área do terreno,  2 qto(s), WC, 1 sala(s), cozinha.",46021.95,90100.0,48.93,Venda Online,,SANTA BARBARA D'OESTE,SP,Não
8787704082300,"RUA SOLDADO JUVENAL ALVES CORREIA, N. 263, Apto 303, BLOCO O",JARDIM ROSEMARY,"Apartamento, 63.50 de área total, 43.33 de área privativa, 0.00 de área do terreno.",106667.03,180000.0,40.75,Licitação Aberta,,SANTA BARBARA D'OESTE,SP,Não
8555539865616,"RUA GERALDO PEREIRA DE BRITO, N. 454, Apto 22, BL 04",JOIAS DE SANTA BARBARA,"Apartamento, 55.18 de área total, 48.79 de área privativa, 0.00 de área do terreno, 1 vaga(s) de garagem.",100741.08,170000.0,40.75,Licitação Aberta,,SANTA BARBARA D'OESTE,SP,Não
8787714744755,"RUA ALECIO BIONDI, N. 345, Apto 308, BL 06 LT 01A QD F",RECREIO ALVORADA,"Apartamento, 114.88 de área total, 42.23 de área privativa, 0.00 de área do terreno,  2 qto(s), WC, 1 sala(s), cozinha.",111816.5,185000.0,39.56,Venda Direta Online,,SANTA BARBARA D'OESTE,SP,Não
8787716978940,"RUA ALECIO BIONDI, N. 345, Apto 207, BL 08",RECREIO ALVORADA,"Apartamento, 114.83 de área total, 42.21 de área privativa, 0.00 de área do terreno,  2 qto(s), a.serv, WC, 1 sala(s), cozinha, 1 vaga(s) de garagem.",123300.35,204000.0,39.56,Licitação Aberta,,SANTA BARBARA D'OESTE,SP,Não
8787702911821,"AVENIDA MOGI GUACU, N. 1051, Apto 101, BL 02",JARDIM DAS LARANJEIRAS,"Apartamento, 39.30 de área total, 39.30 de área privativa, 0.00 de área do terreno,  2 qto(s), WC, 1 sala(s), 1 vaga(s) de garagem.",126926.84,210000.0,39.56,Venda Direta Online,,SANTA BARBARA D'OESTE,SP,Não
8555538537097,"RUA ARGEU EGYDIO DOS SANTOS, N. 337, Apto 32, BL 07",PLANALTO DO SOL II,"Apartamento, 55.41 de área total, 48.79 de área privativa, 0.00 de área do terreno,  2 qto(s), WC, 1 sala(s), cozinha, 1 vaga(s) de garagem.",117256.22,194000.0,39.56,Licitação Aberta,,SANTA BARBARA D'OESTE,SP,Não
8787713431613,"RUA REINALDO SACHETTO, N. 79, Apto 1205, TORRE 02",JARDIM ALPHACENTER,"Apartamento, 102.30 de área total, 48.36 de área privativa, 0.00 de área do terreno, 1 vaga(s) de garagem.",131157.73,217000.0,39.56,Licitação Aberta,,SANTA BARBARA D'OESTE,SP,Não
8555539758887,"RUA GERALDO PEREIRA DE BRITO, N. 200, Apto 42, BL 2",JOIAS DE SANTA BARBARA,"Apartamento, 55.45 de área total, 48.79 de área privativa, 0.00 de área do terreno,  2 qto(s), WC, 1 sala(s), cozinha, 1 vaga(s) de garagem.",131157.73,217000.0,39.56,Venda Direta Online,,SANTA BARBARA D'OESTE,SP,Não
8555539853545,"RUA GERALDO PEREIRA DE BRITO, N. 454, Apto 21, BL 11",JOIAS DE SANTA BARBARA,"Apartamento, 55.18 de área total, 48.79 de área privativa, 0.00 de área do terreno,  2 qto(s), WC, 1 sala(s), cozinha, 1 vaga(s) de garagem.",119915.64,198400.0,39.56,Venda Direta Online,,SANTA BARBARA D'OESTE,SP,Não
8555539940472,"RUA ARGEU EGYDIO DOS SANTOS, N. 337, Apto 14, BL 03",JOIAS DE SANTA BARBARA,"Apartamento, 55.41 de área total, 48.79 de área privativa, 0.00 de área do terreno,  2 qto(s), WC, 1 sala(s), cozinha, 1 vaga(s) de garagem.",117860.63,195000.0,39.56,Venda Direta Online,,SANTA BARBARA D'OESTE,SP,Não
8555540062440,"AVENIDA VER MARIA JOSE CAVEDAL DOS SANTOS MANO, N. 300, Apto 114, BL A",JARDIM FIRENZE,"Apartamento, 73.18 de área total, 59.60 de área privativa, 0.00 de área do terreno,  2 qto(s), a.serv, WC, 1 sala(s), 1 lavabo(s), cozinha.",153076.13,250000.0,38.77,Licitação Aberta,,SANTA BARBARA D'OESTE,SP,Não
8787715938146,"RUA VICENTE PASCHOAL, N. 310, Apto 401, TORRE 03",JARDIM DOS MANACAS,"Apartamento, 105.34 de área total, 52.70 de área privativa, 0.00 de área do terreno,  2 qto(s), WC, 1 sala(s), cozinha, 1 vaga(s) de garagem.",162890.88,254000.0,35.87,Leilão SFI - Edital Único,,SANTA BARBARA D'OESTE,SP,Não
8787717343573,"RUA VICENTE PASCHOAL, N. 310, Apto 102, TORRE 05",JARDIM DOS MANACAS,"Apartamento, 0.00 de área total, 52.70 de área privativa, 0.00 de área do terreno.",180861.71,256000.0,29.36,Leilão SFI - Edital Único,,SANTA BARBARA D'OESTE,SP,Não
8787711642323,"ESTRADA DO BARREIRINHO, N. 1331, Apto 303, 2º ANDAR BLOCO 08 GLEBA B",CHACARA TAVER,"Apartamento, 109.32 de área total, 39.30 de área privativa, 0.00 de área do terreno,  2 qto(s), WC, 1 sala(s), cozinha, 1 vaga(s) de garagem.",124767.04,170000.0,26.61,Leilão SFI - Edital Único,,SANTA BARBARA D'OESTE,SP,Não
8787711875409,"ESTRADA DO BARREIRINHO, N. 1331, Apto 204, 1º ANDAR BLOCO 07 GLEBA B",CHACARA TAVER,"Apartamento, 109.33 de área total, 39.30 de área privativa, 0.00 de área do terreno,  2 qto(s), WC, 1 sala(s), cozinha, 1 vaga(s) de garagem.",124767.49,170000.0,26.61,Leilão SFI - Edital Único,,SANTA BARBARA D'OESTE,SP,Não
8787719475507,"RUA VICENTE PASCHOAL, N. 310, Apto 1103, TORRE 08",JARDIM DOS MANACAS,"Apartamento, 105.34 de área total, 52.70 de área privativa, 0.00 de área do terreno,  2 qto(s), WC, 1 sala(s), 1 vaga(s) de garagem.",219529.04,270000.0,18.7,Leilão SFI - Edital Único,,SANTA BARBARA D'OESTE,SP,Não
8787712474718,"ESTRADA DO BARREIRINHO, N. 1291, Apto 504, BLOCO 09 4º ANDAR",CHACARA TAVER,"Apartamento, 45.35 de área total, 39.30 de área privativa, 0.00 de área do terreno,  2 qto(s), WC, 1 sala(s), cozinha, 1 vaga(s) de garagem.",160156.25,177000.0,9.52,Leilão SFI - Edital Único,,SANTA BARBARA D'OESTE,SP,Não
8555537434006,"RUA 01, N. 195, Apto 43,  BL10",JOIAS DE SANTA BARBA,"Apartamento, 0.00 de área total, 49.00 de área privativa, 0.00 de área do terreno, 1 vaga(s) de garagem.",208000.0,208000.0,0.0,Leilão SFI - Edital Único,,SANTA BARBARA D'OESTE,SP,Não
8787702672967,"RUA SOLDADO JUVENAL ALVES CORREIA, N. 263, Apto 101, BL L",CHACARA TAVER,"Apartamento, 63.50 de área total, 43.33 de área privativa, 0.00 de área do terreno.",173000.0,173000.0,0.0,Leilão SFI - Edital Único,,SANTA BARBARA D'OESTE,SP,Não
8787712691654,"ESTRADA DO BARREIRINHO, N. 1391, Apto 403, BL 02",CHACARA TAVER,"Apartamento, 96.10 de área total, 39.30 de área privativa, 0.00 de área do terreno,  2 qto(s), WC, 1 sala(s), cozinha, 1 vaga(s) de garagem.",215000.0,215000.0,0.0,Leilão SFI - Edital Único,,SANTA BARBARA D'OESTE,SP,Não
8787713071803,"RUA ALECIO BIONDI, N. 345, Apto 303, BL 02",RECREIO ALVORADA,"Apartamento, 114.83 de área total, 42.21 de área privativa, 0.00 de área do terreno,  2 qto(s), a.serv, WC, 1 sala(s), cozinha, 1 vaga(s) de garagem.",198000.0,198000.0,0.0,Leilão SFI - Edital Único,,SANTA BARBARA D'OESTE,SP,Não
8555538584664,"RUA ARGEU EGYDIO DOS SANTOS, N. 332, Apto 03, PV TERREO  BL 2",JOIAS DE SANTA BARBARA,"Apartamento, 55.39 de área total, 48.79 de área privativa, 0.00 de área do terreno,  1 qto(s), WC, 1 sala(s), cozinha, 1 vaga(s) de garagem.",170000.0,170000.0,0.0,Leilão SFI - Edital Único,,SANTA BARBARA D'OESTE,SP,Não
8555539962980,"RUA GERALDO PEREIRA DE BRITO, N. 454, Apto 12, BL 12",JOIAS DE SANTA BARBARA,"Apartamento, 55.18 de área total, 48.79 de área privativa, 0.00 de área do terreno,  2 qto(s), WC, 1 sala(s), cozinha, 1 vaga(s) de garagem.",193500.0,193500.0,0.0,Leilão SFI - Edital Único,,SANTA BARBARA D'OESTE,SP,Não
8787718696836,"RUA ALECIO BIONDI, N. 411, Apto 37, PAV 3. TR 01.",RECREIO ALVORADA,"Apartamento, 46.97 de área total, 41.46 de área privativa, 0.00 de área do terreno,  2 qto(s), WC, 1 sala(s), cozinha, 1 vaga(s) de garagem.",220530.52,220000.0,0.0,Leilão SFI - Edital Único,,SANTA BARBARA D'OESTE,SP,Não
8787715660644,"RUA VICENTE PASCHOAL, N. 310, Apto 203, TORRE 03 LT JD DOS MANACAS",JARDIM DOS MANACAS,"Apartamento, 105.34 de área total, 52.70 de área privativa, 0.00 de área do terreno,  2 qto(s), a.serv, WC, 1 sala(s), cozinha.",272080.78,270000.0,0.0,Leilão SFI - Edital Único,,SANTA BARBARA D'OESTE,SP,Não
8787716709884,"RUA ALECIO BIONDI, N. 345, Apto 208, BLOCO 9",RECREIO ALVORADA,"Apartamento, 114.88 de área total, 42.23 de área privativa, 0.00 de área do terreno, a.serv, 1 vaga(s) de garagem.",203248.23,186919.98,0.0,Leilão SFI - Edital Único,,SANTA BARBARA D'OESTE,SP,Não
1444423554193,"RUA GERALDO PEREIRA DE BRITO, N. 195, Apto 41, BLOCO 09",JOIAS DE SANTA BARBARA,"Apartamento, 55.01 de área total, 48.79 de área privativa, 0.00 de área do terreno,  2 qto(s), WC, 1 sala(s), cozinha, 1 vaga(s) de garagem.",216932.72,184000.0,0.0,Leilão SFI - Edital Único,,SANTA BARBARA D'OESTE,SP,Não
8787719945333,"RUA VICENTE PASCHOAL, N. 310, Apto 804, TORRE 01",JARDIM DOS MANACAS,"Apartamento, 105.34 de área total, 52.71 de área privativa, 0.00 de área do terreno,  2 qto(s), WC, 1 sala(s), 1 vaga(s) de garagem.",333315.47,270000.0,0.0,Leilão SFI - Edital Único,,SANTA BARBARA D'OESTE,SP,Não
8787717410939,"RUA VICENTE PASCHOAL, N. 310, Apto 202, TORRE 4",JARDIM DOS MANACAS,"Apartamento, 0.00 de área total, 52.70 de área privativa, 0.00 de área do terreno.",318854.75,256000.0,0.0,Leilão SFI - Edital Único,,SANTA BARBARA D'OESTE,SP,Não
8787715054310,"RUA ALECIO BIONDI, N. 411, Apto 14, T 05",RECREIO ALVORADA,"Apartamento, 49.33 de área total, 43.55 de área privativa, 0.00 de área do terreno,  2 qto(s), WC, 1 sala(s), cozinha, 1 vaga(s) de garagem.",195285.59,151100.0,0.0,Leilão SFI - Edital Único,,SANTA BARBARA D'OESTE,SP,Não
8787718585767,"RUA VICENTE PASCHOAL, N. 310, Apto 904, TR 04",JARDIM DOS MANACAS,"Apartamento, 105.34 de área total, 52.70 de área privativa, 0.00 de área do terreno,  2 qto(s), a.serv, WC, 1 sala(s), cozinha, 1 vaga(s) de garagem.",335374.06,249000.0,0.0,Leilão SFI - Edital Único,,SANTA BARBARA D'OESTE,SP,Não
8787717210735,"RUA ALECIO BIONDI, N. 411, Apto 12, T 01",RECREIO ALVORADA,"Apartamento, 46.97 de área total, 41.46 de área privativa, 0.00 de área do terreno,  2 qto(s), WC, 1 sala(s), cozinha, 1 vaga(s) de garagem.",222373.69,145700.0,0.0,Leilão SFI - Edital Único,,SANTA BARBARA D'OESTE,SP,Não
8787721382731,"RUA SERGIO PERIN, N. 372, LT 18 QD 15",JARDIM MARIA LUIZA,"Casa, 45.62 de área total, 45.63 de área privativa, 174.57 de área do terreno,  2 qto(s), a.serv, 1 sala(s), cozinha.",190000.0,190000.0,0.0,Leilão SFI - Edital Único,,SANTA CRUZ DO RIO PARDO,SP,Não
8444425226396,"RUA ANESIO DIAS DA CONCEICAO, N. 26, QD N LT 4",JARDIM SANT'ANNA III,"Casa, 32.24 de área total, 32.24 de área privativa, 125.00 de área do terreno,  1 qto(s), a.serv, WC, 1 sala(s), cozinha, 1 vaga(s) de garagem.",121472.18,120000.0,0.0,Leilão SFI - Edital Único,,SANTA CRUZ DO RIO PARDO,SP,Não
8787720728090,"RUA CARLOS MONTANHOLI, N. 76,",JARDIM MARIA LUIZA,"Casa, 45.63 de área total, 45.63 de área privativa, 198.70 de área do terreno,  2 qto(s), a.serv, WC, 1 sala(s), cozinha, 1 vaga(s) de garagem.",202809.95,196000.0,0.0,Leilão SFI - Edital Único,,SANTA CRUZ DO RIO PARDO,SP,Não
8787718689066,"RUA JOSE GOMES FERRAZ, N. 163, LT 35 QD 06",JARDIM MARIA LUIZA,"Casa, 45.63 de área total, 45.63 de área privativa, 193.78 de área do terreno,  2 qto(s), varanda, a.serv, WC, 1 sala(s), cozinha, 2 vaga(s) de garagem.",208595.67,182000.0,0.0,Leilão SFI - Edital Único,,SANTA CRUZ DO RIO PARDO,SP,Não
1444423540796,"RUA ALZIRA APARECIDA RAVAZZI ZOCARATTO, N. SN, LT 14 QD A",RESIDENCIAL VILA IMPERIAL,"Terreno, 0.00 de área total, 0.00 de área privativa, 421.50 de área do terreno.",1407491.25,240000.0,0.0,Leilão SFI - Edital Único,,SANTA FE DO SUL,SP,Não
8555503134352,"RUA JOAO BATISTA GRAVENA, N. 1413,",JARDIM BOM JESUS,"Casa, 57.42 de área total, 57.42 de área privativa, 250.00 de área do terreno,  1 qto(s), a.serv, WC, 1 sala(s), cozinha, 1 vaga(s) de garagem.",88800.0,148000.0,40.0,Leilão SFI - Edital Único,,SANTA MARIA DA SERRA,SP,Não
8787720597513,"RUA MARCIO BRASILEIRO NATO, N. 353, LOTE 5 QUADRA F",JARDIM RECANTO DOS PASSAROS,"Casa, 46.70 de área total, 46.70 de área privativa, 200.00 de área do terreno,  2 qto(s), WC, 1 sala(s), cozinha.",153366.35,180000.0,14.8,Leilão SFI - Edital Único,,SANTA RITA DO PASSA QUATRO,SP,Não
8787717762355,"RUA NATAL MISKULIN, N. 84, LOTE 31 QUADRA J",JARDIM RECANTO DOS PASSAROS,"Casa, 46.70 de área total, 46.70 de área privativa, 20.00 de área do terreno,  2 qto(s), a.serv, WC, 1 sala(s), cozinha.",152768.14,178426.8,14.39,Leilão SFI - Edital Único,,SANTA RITA DO PASSA QUATRO,SP,Não
8787719307132,"RUA ANTONIO CANALI, N. 75, LT 04 QD B",JARDIM RECANTO DOS PASSAROS,"Casa, 46.35 de área total, 46.35 de área privativa, 200.00 de área do terreno,  2 qto(s), a.serv, WC, 1 sala(s), cozinha.",177434.77,160000.0,0.0,Leilão SFI - Edital Único,,SANTA RITA DO PASSA QUATRO,SP,Não
8555539087443,"AVENIDA BULGARIA, N. 519, Apto 24, BL A EDF RUBI",CHACARAS SAO LUIS,"Apartamento, 83.95 de área total, 54.35 de área privativa, 0.00 de área do terreno, 2 vaga(s) de garagem.",126926.84,210000.0,39.56,Licitação Aberta,,SANTANA DE PARNAIBA,SP,Não
8787709785759,"RUA VEREDA TROPICAL, N. 454, Apto 201, BL 02",CHACARA DAS MOCAS OU,"Apartamento, 76.21 de área total, 39.30 de área privativa, 0.00 de área do terreno,  2 qto(s), WC, 1 sala(s), cozinha, 1 vaga(s) de garagem.",295000.0,295000.0,0.0,Leilão SFI - Edital Único,,SANTANA DE PARNAIBA,SP,Não
8787709809887,"RUA VEREDA TROPICAL, N. 454, Apto 201, BL 04 VG 134",CHACARA DAS MOCAS OU,"Apartamento, 76.21 de área total, 39.30 de área privativa, 0.00 de área do terreno, 1 vaga(s) de garagem.",300000.0,300000.0,0.0,Leilão SFI - Edital Único,,SANTANA DE PARNAIBA,SP,Não
8787708180497,"RUA VEREDA TROPICAL, N. 454, Apto 301, PAV 3. BL 04. VAGA 130",CHACARA ESTELA,"Apartamento, 0.00 de área total, 39.30 de área privativa, 0.00 de área do terreno,  2 qto(s), WC, 1 sala(s), 1 vaga(s) de garagem.",295000.0,295000.0,0.0,Leilão SFI - Edital Único,,SANTANA DE PARNAIBA,SP,Não
8444400344301,"RUA ELIAS MORENO, N. 445, LT 10",VILA MORENO,"Casa, 59.80 de área total, 59.80 de área privativa, 300.00 de área do terreno.",84892.14,145000.0,41.46,Venda Direta Online,,SANTO ANASTACIO,SP,Não
8290000005152,"RUA GUARUJA, N. 176, CS 01",VILA LUCINDA,"Casa, 0.00 de área total, 121.80 de área privativa, 0.00 de área do terreno, 1 vaga(s) de garagem.",631148.24,1100361.05,42.65,Venda Online,,SANTO ANDRE,SP,Não
8787708049340,"ESTRADA JOAO DUCIN, N. 425, Apto 103, TORRE 01",JARDIM JAMAICA,"Apartamento, 90.12 de área total, 43.41 de área privativa, 0.00 de área do terreno,  2 qto(s), a.serv, WC, 1 sala(s), cozinha, 1 vaga(s) de garagem.",128135.66,212000.0,39.56,Licitação Aberta,,SANTO ANDRE,SP,Não
1444402693364,"RUA ARIRANHA, N. 144, QD 05, LT 07, RES 03",VILA HELENA,"Sobrado, 0.00 de área total, 33.76 de área privativa, 74.06 de área do terreno.",347709.12,574300.0,39.46,Venda Direta Online,,SANTO ANDRE,SP,Sim
8787715148560,"AVENIDA GAGO COUTINHO, N. 200, Apto 106, TORRE 01",VILA SACADURA CABRAL,"Apartamento, 52.01 de área total, 34.45 de área privativa, 0.00 de área do terreno,  2 qto(s).",160362.55,261900.0,38.77,Licitação Aberta,,SANTO ANDRE,SP,Não
8787714990209,"RUA MENDES LEAL, N. 02, Apto 204, TR 02 LT 11A19 QD 01",VILA PALMARES,"Apartamento, 59.85 de área total, 34.74 de área privativa, 0.00 de área do terreno,  2 qto(s), WC, 1 sala(s), cozinha.",192263.61,314000.0,38.77,Licitação Aberta,,SANTO ANDRE,SP,Não
8787717244702,"RUA MENDES LEAL, N. 02, Apto 603, TORRE 02",VILA PALMARES,"Apartamento, 59.85 de área total, 34.74 de área privativa, 0.00 de área do terreno,  2 qto(s), WC, 1 sala(s), cozinha.",197162.05,322000.0,38.77,Licitação Aberta,,SANTO ANDRE,SP,Não
1444417692725,"RUA PAULO EMILIO SALLES GOMES, N. 215, GLB 12",SITIO DOS VIANAS,"Casa, 165.00 de área total, 165.00 de área privativa, 125.00 de área do terreno,  3 qto(s), a.serv, WC, 1 sala(s), cozinha.",232619.72,365000.0,36.27,Licitação Aberta,,SANTO ANDRE,SP,Não
8787713368687,"RUA COPAS, N. 200, Apto 407, PAV 4. TR. A",JARDIM,"Apartamento, 75.92 de área total, 41.69 de área privativa, 0.00 de área do terreno,  2 qto(s), WC, 1 sala(s), cozinha, 1 vaga(s) de garagem.",303000.0,303000.0,0.0,Leilão SFI - Edital Único,,SANTO ANDRE,SP,Não
1444403037517,"RUA VINTE E QUATRO DE FEVEREIRO, N. 488, Apto 192, BL 03",CASA BRANCA,"Apartamento, 203.69 de área total, 118.28 de área privativa, 0.00 de área do terreno,  3 qto(s), a.serv, WC, 1 sala(s), cozinha, Terraco, 3 vaga(s) de garagem.",721924.35,721924.35,0.0,Leilão SFI - Edital Único,,SANTO ANDRE,SP,Sim
1787702280726,"RUA MENDES LEAL, N. 02, Apto 108, PAV. 01. TR 02.",VILA PALMARES,"Apartamento, 99.27 de área total, 56.88 de área privativa, 0.00 de área do terreno,  2 qto(s), a.serv, WC, 1 sala(s), cozinha, 1 vaga(s) de garagem.",490000.0,490000.0,0.0,Leilão SFI - Edital Único,,SANTO ANDRE,SP,Não
8787716845338,"RUA MENDES LEAL, N. 02, Apto 707, PAV 7. TR 2.",VILA PALMARES,"Apartamento, 59.21 de área total, 34.37 de área privativa, 0.00 de área do terreno,  2 qto(s), a.serv, WC, 1 sala(s), cozinha.",317000.0,317000.0,0.0,Leilão SFI - Edital Único,,SANTO ANDRE,SP,Não
8787713324132,"RUA COPAS, N. 200, Apto 910, PAV 9 TORRE A",JARDIM,"Apartamento, 56.56 de área total, 37.01 de área privativa, 0.00 de área do terreno,  2 qto(s), a.serv, WC, 1 sala(s), cozinha.",270081.44,270000.0,0.0,Leilão SFI - Edital Único,,SANTO ANDRE,SP,Não
8787722930031,"RUA GASPAR DE LEMOS, N. 345, Apto AP 31, TR 3",JARDIM VILA RICA,"Apartamento, 91.24 de área total, 41.15 de área privativa, 0.00 de área do terreno,  2 qto(s), a.serv, WC, 1 sala(s), cozinha, 1 vaga(s) de garagem.",316311.78,299500.0,0.0,Leilão SFI - Edital Único,,SANTO ANDRE,SP,Não
8787724749318,"RUA GASPAR DE LEMOS, N. 345, Apto 444, TORRE 04",JARDIM VILA RICA,"Apartamento, 88.87 de área total, 39.88 de área privativa, 0.00 de área do terreno,  2 qto(s), a.serv, WC, 1 sala(s), cozinha, 1 vaga(s) de garagem.",298920.91,267000.0,0.0,Leilão SFI - Edital Único,,SANTO ANDRE,SP,Não
8444430681640,"AVENIDA LORETO, N. 321, Apto 34,  BLOCO 64",JARDIM SANTO ANDRE CDHU,"Apartamento, 61.26 de área total, 53.15 de área privativa, 0.00 de área do terreno,  2 qto(s), a.serv, WC, 1 sala(s), cozinha, 1 vaga(s) de garagem.",288878.86,230000.0,0.0,Leilão SFI - Edital Único,,SANTO ANDRE,SP,Não
8555509371879,"AVENIDA AFONSO SCHMIDT, N. 1143, Apto 23, 2º PAVIMENTO BLOCO 17 QUADRA D",CASTELO,"Apartamento, 47.94 de área total, 43.22 de área privativa, 0.00 de área do terreno.",80400.0,134000.0,40.0,Leilão SFI - Edital Único,,SANTOS,SP,Não
8787711470239,"AVENIDA JORNALISTA PAULO MATOS, N. 329, Apto 84, BL 01",AREIA BRANCA,"Apartamento, 56.12 de área total, 39.91 de área privativa, 0.00 de área do terreno,  2 qto(s), a.serv, WC, 1 sala(s), 1 vaga(s) de garagem.",255000.0,255000.0,0.0,Leilão SFI - Edital Único,,SANTOS,SP,Não
8555539171096,"AVENIDA DOUTOR HAROLDO DE CAMARGO, N. 60, Apto 178, PAV 18 TORRE B TORRE PENÍNSULA",CASTELO,"Apartamento, 86.94 de área total, 48.83 de área privativa, 0.00 de área do terreno,  2 qto(s), a.serv, WC, 1 sala(s), cozinha, 1 vaga(s) de garagem.",261028.58,261028.58,0.0,Leilão SFI - Edital Único,,SANTOS,SP,Não
3341,"RUA CIPRIANO BARATA - TRAVESSA A, N. S/N, PRACA CONS SINIMBU ST 79 QD 31 LT 38",EMBARE,"Terreno, 0.00 de área total, 0.00 de área privativa, 95.20 de área do terreno.",211570.51,211000.0,0.0,Venda Online,,SANTOS,SP,Não
8444407023047,"RUA TIETE, N. 1429, LOTE 4 QUADRA 13-R",RUDGE RAMOS,"Casa, 62.95 de área total, 62.95 de área privativa, 126.50 de área do terreno,  1 qto(s), a.serv, WC, 1 sala(s), cozinha.",178480.71,297467.85,40.0,Leilão SFI - Edital Único,,SAO BERNARDO DO CAMPO,SP,Não
8787714094092,"ESTRADA PARTICU EIJI KIKUTI, N. 1445, Apto 02, BL B",COOPERATIVA,"Apartamento, 81.34 de área total, 48.50 de área privativa, 0.00 de área do terreno,  2 qto(s), a.serv, WC, 1 sala(s), cozinha, 1 vaga(s) de garagem.",142375.68,235560.06,39.56,Licitação Aberta,,SAO BERNARDO DO CAMPO,SP,Não
1444419356501,"AVENIDA ALVARO GUIMARAES, N. 588, Apto 37,",PLANALTO,"Apartamento, 0.00 de área total, 48.70 de área privativa, 0.00 de área do terreno, 1 vaga(s) de garagem.",111168.79,180000.0,38.24,Licitação Aberta,,SAO BERNARDO DO CAMPO,SP,Não
1444418883494,"RUA DO CRUZEIRO, N. 581, Apto 71, 7º ANDAR  EDIFICIO CHATÔ",CENTRO,"Apartamento, 84.62 de área total, 71.68 de área privativa, 0.00 de área do terreno,  2 qto(s), WC, WC Emp, 1 sala(s), cozinha.",189699.87,299000.0,36.56,Leilão SFI - Edital Único,,SAO BERNARDO DO CAMPO,SP,Não
10282053,"RUA ITAPIRA, N. 158, ANTIGO 249, QD 82, LT 16",BAETA NEVES,"Casa, 0.00 de área total, 353.81 de área privativa, 250.00 de área do terreno.",553188.81,868000.0,36.27,Venda Direta Online,,SAO BERNARDO DO CAMPO,SP,Sim
1444401473425,"RUA ANDRE COPPINI, N. 199, CS 199",SANTA TEREZINHA,"Casa, 0.00 de área total, 185.60 de área privativa, 185.60 de área do terreno.",500000.0,500000.0,0.0,Leilão SFI - Edital Único,,SAO BERNARDO DO CAMPO,SP,Não
1555515347137,"AVENIDA OLINTO DEMARCHI, N. 40, Apto 143, BL 03 ED PAINEIRAS",TABOAO,"Apartamento, 111.96 de área total, 70.00 de área privativa, 0.00 de área do terreno,  3 qto(s), a.serv, WC, 1 sala(s), cozinha, 2 vaga(s) de garagem.",500000.0,500000.0,0.0,Leilão SFI - Edital Único,,SAO BERNARDO DO CAMPO,SP,Não
1444424990922,"RUA ERNESTO AUGUSTO CLETO, N. 349, LT 240 QD K",RUDGE RAMOS,"Casa, 197.50 de área total, 208.63 de área privativa, 265.20 de área do terreno,  3 qto(s), a.serv, WC, WC Emp, 1 sala(s), cozinha.",1390000.0,1190067.3,0.0,Leilão SFI - Edital Único,,SAO BERNARDO DO CAMPO,SP,Não
1555511483931,"RUA ALEGRE, N. 156, Apto 171, PAV 17 BL 1 ED GAUDERE",SANTA PAULA,"Apartamento, 220.19 de área total, 145.37 de área privativa, 0.00 de área do terreno,  4 qto(s), a.serv, WC, WC Emp, 1 sala(s), 1 lavabo(s), cozinha, Terraco.",1500000.0,1500000.0,0.0,Leilão SFI - Edital Único,,SAO CAETANO DO SUL,SP,Não
8444435153464,"RUA ISAK FALGEN, N. SN, LT 1526 QD 20",LOTEAMENTO SOCIAL ANTENOR GARCIA,"Terreno, 0.00 de área total, 0.00 de área privativa, 230.76 de área do terreno.",49497.47,90000.0,45.01,Venda Direta Online,,SAO CARLOS,SP,Não
8444415901996,"RUA OCTAVIO DA SILVA, N. 193, LT 949 QD 23",CIDADE ARACY,"Casa, 50.32 de área total, 50.32 de área privativa, 150.00 de área do terreno,  2 qto(s), WC, 1 sala(s), cozinha.",78781.14,136000.0,42.08,Licitação Aberta,,SAO CARLOS,SP,Não
8444424563933,"AVENIDA DONATO PEDRINO, N. SN, LT 904, QD 10,",LOTEAMENTO SOCIAL ANTENOR GARCIA,"Terreno, 0.00 de área total, 0.00 de área privativa, 150.00 de área do terreno.",46472.85,80000.0,41.91,Licitação Aberta,,SAO CARLOS,SP,Não
8555537624832,"RUA JOAO DERIGGI, N. 181, Apto 403, 4 PAV  3 ANDAR BL 19",PARQUE FEHR,"Apartamento, 88.01 de área total, 41.85 de área privativa, 0.00 de área do terreno,  2 qto(s), WC, 1 sala(s), cozinha.",88990.38,152000.0,41.46,Licitação Aberta,,SAO CARLOS,SP,Não
8444425715079,"RUA MARISTELA TAGLIATELLA CUSTODIO, N. 268, LT 133 QD 03",CIDADE ARACY,"Casa, 48.36 de área total, 48.36 de área privativa, 150.00 de área do terreno,  2 qto(s), a.serv, WC, 1 sala(s), cozinha.",94222.54,159000.0,40.75,Venda Direta Online,,SAO CARLOS,SP,Não
8444430111569,"RUA CENTO E TRINTA E CINCO, N. SN, L 4957B  QD 136",CIDADE ARACY,"Casa, 51.40 de área total, 51.40 de área privativa, 125.00 de área do terreno,  2 qto(s), a.serv, WC, 1 sala(s), cozinha.",106667.03,180000.0,40.75,Licitação Aberta,,SAO CARLOS,SP,Não
8555531704850,"AVENIDA DOUTOR HEITOR JOSE REALI, N. 1031, Apto 504,  BL 10 VG 120",DISTRITO INDUSTRIAL MIGUEL ABDELNUR,"Apartamento, 74.27 de área total, 42.69 de área privativa, 0.00 de área do terreno,  2 qto(s), WC, 1 sala(s), cozinha, 1 vaga(s) de garagem.",94815.14,160000.0,40.75,Venda Direta Online,,SAO CARLOS,SP,Não
8555538316570,"SERVIDAO DE PAS JOAO DERIGGI, N. 0, Apto 201, BL 28",PARQUE FEHR,"Apartamento, 0.00 de área total, 41.85 de área privativa, 0.00 de área do terreno.",103704.06,175000.0,40.75,Licitação Aberta,,SAO CARLOS,SP,Não
8444408657767,"RUA WALTER CARMELO, N. 95, QD 02 LT 16-A",JARDIM MARTINELLI,"Casa, 78.74 de área total, 78.74 de área privativa, 126.00 de área do terreno,  2 qto(s), a.serv, WC, 1 sala(s), cozinha.",136597.45,226000.0,39.56,Licitação Aberta,,SAO CARLOS,SP,Não
8787715086204,"RUA DEZ, N. 226, QD R LT 22 HIS",RESIDENCIAL SANTO ANTONIO,"Casa, 46.05 de área total, 46.05 de área privativa, 160.00 de área do terreno,  2 qto(s), a.serv, WC, 1 sala(s), cozinha.",150014.6,245000.0,38.77,Licitação Aberta,,SAO CARLOS,SP,Não
1444424267155,"RUA ANTONIO ROSSETE, N. 190, LT 16, QD 05,",JARDIM NOVA SAO CARLOS,"Terreno, 0.00 de área total, 0.00 de área privativa, 300.00 de área do terreno.",455679.72,715000.0,36.27,Licitação Aberta,,SAO CARLOS,SP,Não
8555539143351,"RUA JOAO DERIGGI, N. 181, Apto 303, BL 04",COND PARQUE MONTE EV,"Apartamento, 41.85 de área total, 41.85 de área privativa, 0.00 de área do terreno,  2 qto(s), WC, 1 sala(s), cozinha, 1 vaga(s) de garagem.",178471.36,178471.36,0.0,Leilão SFI - Edital Único,,SAO CARLOS,SP,Não
8444404489380,"RUA FRANCISCO EMMANUEL DE PAULA, N. 160,",CIDADE ARACY,"Casa, 44.23 de área total, 44.23 de área privativa, 125.00 de área do terreno, 2 vaga(s) de garagem.",125000.0,125000.0,0.0,Leilão SFI - Edital Único,,SAO CARLOS,SP,Não
8444413389937,"RUA PROFESSORA JANETE MARIA MARTINELLI LIA, N. 126, LOTE 4555A QUADRA 126",CIDADE ARACY,"Casa, 94.90 de área total, 58.97 de área privativa, 125.00 de área do terreno,  1 qto(s), a.serv, WC, 1 sala(s), cozinha.",175000.0,175000.0,0.0,Leilão SFI - Edital Único,,SAO CARLOS,SP,Não
1555519856869,"AVENIDA OTTO WERNER ROSEL, N. 777, CS 067 MODELO D",JARDIM IPANEMA,"Casa, 79.18 de área total, 77.30 de área privativa, 158.40 de área do terreno,  3 qto(s), a.serv, WC, 1 sala(s), cozinha, 2 vaga(s) de garagem.",337000.0,337000.0,0.0,Leilão SFI - Edital Único,,SAO CARLOS,SP,Não
8444414769946,"RUA HERBERT DE SOUZA, N. 300, Apto 24, BL 28",ROMEU SANTINI,"Apartamento, 98.56 de área total, 47.15 de área privativa, 0.00 de área do terreno,  2 qto(s), a.serv, WC, 1 sala(s), cozinha.",134000.0,134000.0,0.0,Leilão SFI - Edital Único,,SAO CARLOS,SP,Não
8555537248423,"RUA JOAO DERIGGI, N. 181, Apto 302, BL 22",PARQUE FEHR,"Apartamento, 75.51 de área total, 41.85 de área privativa, 0.00 de área do terreno,  2 qto(s), WC, 1 sala(s), cozinha, 1 vaga(s) de garagem.",180000.0,180000.0,0.0,Leilão SFI - Edital Único,,SAO CARLOS,SP,Não
8555537594011,"RUA JOAO DERIGGI, N. 181, Apto 104, 1 PAV  TERREO   BL 03",PARQUE FEHR,"Apartamento, 88.01 de área total, 41.85 de área privativa, 0.00 de área do terreno,  2 qto(s), WC, 1 sala(s), cozinha, 1 vaga(s) de garagem.",160000.0,160000.0,0.0,Leilão SFI - Edital Único,,SAO CARLOS,SP,Não
8555538199728,"RUA JOAO DERIGGI, N. 181, Apto 103, BLOCO 12",PARQUE FEHR,"Apartamento, 88.01 de área total, 41.85 de área privativa, 0.00 de área do terreno,  2 qto(s), WC, 1 sala(s), cozinha, 1 vaga(s) de garagem.",160000.0,160000.0,0.0,Leilão SFI - Edital Único,,SAO CARLOS,SP,Não
8787712352957,"RUA ROSALVO TIAGO RUFFINO, N. 211, LT 05 QD H ANTIGA RUA 02",RESIDENCIAL SANTO ANTONIO,"Casa, 46.05 de área total, 46.05 de área privativa, 160.00 de área do terreno,  2 qto(s), a.serv, WC, 1 sala(s), cozinha.",200000.0,200000.0,0.0,Leilão SFI - Edital Único,,SAO CARLOS,SP,Não
8787713187852,"AVENIDA GREGORIO AVERSA, N. 927, Apto 148, 4 ANDAR OU 5 PAV  BL 01 VG 23",RECREIO SAO JUDAS TADEU,"Apartamento, 106.71 de área total, 47.76 de área privativa, 0.00 de área do terreno,  2 qto(s), varanda, a.serv, WC, 1 sala(s), cozinha, 1 vaga(s) de garagem.",212141.7,205000.0,0.0,Leilão SFI - Edital Único,,SAO CARLOS,SP,Não
8787703879395,"RUA JOSIMARA PESSOA DE LIMA MACIEL, N. 164, LT 39 QD 04",CONJUNTO HABITACIONAL RESIDENCIAL ITATIA,"Casa, 43.01 de área total, 43.01 de área privativa, 150.03 de área do terreno,  2 qto(s), a.serv, WC, 1 sala(s), cozinha.",129996.54,122000.0,0.0,Leilão SFI - Edital Único,,SAO CARLOS,SP,Não
8444432495810,"RUA BYRON ORTIZ DE ARAUJO, N. 211, Apto 23, 2º ANDAR BLOCO C",VILA JACOBUCCI,"Apartamento, 66.00 de área total, 60.00 de área privativa, 0.00 de área do terreno,  2 qto(s), a.serv, 1 sala(s), cozinha, 1 vaga(s) de garagem.",154160.14,130000.0,0.0,Leilão SFI - Edital Único,,SAO CARLOS,SP,Não
1444416713028,"AVENIDA PEDRO MUSZKAT, N. 911, LT180 QD D",RESIDENCIAL SAMAMBAIA,"Terreno, 0.00 de área total, 0.00 de área privativa, 250.00 de área do terreno.",836430.91,256000.0,0.0,Leilão SFI - Edital Único,,SAO CARLOS,SP,Não
1444417078563,"RUA ARMANDO GERALDO MASSARO, N. 464, LOTE 06 QUADRA E",JARDIM LUCAS TEIXEIRA,"Casa, 105.79 de área total, 105.79 de área privativa, 160.00 de área do terreno,  2 qto(s), a.serv, WC, 1 sala(s), cozinha.",335536.52,300000.0,0.0,Leilão SFI - Edital Único,,SAO JOAO DA BOA VISTA,SP,Não
8787701362042,"RUA WALTER POSSOS, N. 2240, LT 21 QD C",RESIDENCIAL MARIA DO CARMO,"Casa, 52.80 de área total, 52.80 de área privativa, 150.00 de área do terreno,  2 qto(s), a.serv, WC, 1 sala(s), cozinha.",94815.14,160000.0,40.75,Licitação Aberta,,SAO JOAQUIM DA BARRA,SP,Não
10309325,"RUA SÃO VICENTE DE PAULA, N. 976, QD 03, LT B",RESIDENCIAL LAERCIO DEIENNO,"Galpão, 0.00 de área total, 399.82 de área privativa, 425.85 de área do terreno.",530529.15,530529.15,0.0,Leilão SFI - Edital Único,,SAO JOAQUIM DA BARRA,SP,Sim
8444431968579,"RUA DURVAL BARBOSA, N. 22, TERRENO 02 LT 07 E 08",DESMEMBRAMENTO CECILIO DIPE,"Casa, 49.69 de área total, 49.69 de área privativa, 162.64 de área do terreno,  2 qto(s), a.serv, WC, 1 sala(s), cozinha.",215785.78,215785.78,0.0,Leilão SFI - Edital Único,,SAO JOAQUIM DA BARRA,SP,Não
1444417987180,"RUA MINAS GERAIS, N. 69, Apto 121, 12 e 13 ANDAR",VILA BOM JESUS,"Apartamento, 0.00 de área total, 506.53 de área privativa, 0.00 de área do terreno,  4 qto(s), WC, WC Emp, 2 sala(s), 2 lavabo(s), cozinha, 3 vaga(s) de garagem.",1094783.06,2500000.0,56.21,Venda Direta Online,,SAO JOSE DO RIO PRETO,SP,Sim
8787706213100,"RUA ALFREDO RICARDO DA COSTA, N. 2195, Apto 203, BL 19 VAGA 134",JARDIM NUNES,"Apartamento, 90.91 de área total, 39.30 de área privativa, 0.00 de área do terreno,  2 qto(s), a.serv, WC, 1 sala(s), cozinha, 1 vaga(s) de garagem.",86592.88,167000.0,48.15,Venda Online,,SAO JOSE DO RIO PRETO,SP,Sim
1444408335109,"RUA MIGUEL BUCHIDID, N. 141, QD10 LT11",PARQUE RESIDENCIAL COMENDADOR MANCOR DAU,"Prédio, 328.89 de área total, 328.89 de área privativa, 552.00 de área do terreno,  4 qto(s), a.serv, WC, WC Emp, 2 sala(s), 1 lavabo(s), DCE, cozinha, 1 vaga(s) de garagem.",704232.3,1300000.0,45.83,Venda Direta Online,,SAO JOSE DO RIO PRETO,SP,Não
8787713869872,"RUA FABIOLA MONTEZANI, N. 847, LT 04 QD 07",RESIDENCIAL MARIA CLARA 2,"Casa, 44.82 de área total, 44.82 de área privativa, 200.00 de área do terreno,  2 qto(s), a.serv, WC, 1 sala(s), cozinha, 1 vaga(s) de garagem.",103354.71,190000.0,45.61,Venda Online,,SAO JOSE DO RIO PRETO,SP,Sim
8787713727075,"RUA GERALDO FERNANDES, N. 651, Apto 301, BL 16 PAV 02",BOA VISTA,"Apartamento, 39.30 de área total, 39.30 de área privativa, 0.00 de área do terreno,  2 qto(s), a.serv, WC, 1 sala(s), cozinha, 1 vaga(s) de garagem.",93185.49,170000.0,45.19,Venda Direta Online,,SAO JOSE DO RIO PRETO,SP,Não
8787708840012,"RUA ANTONIO LOPES DOS SANTOS, N. 800, Apto 203, BL 08 VG 47",VILA TONINHO,"Apartamento, 89.13 de área total, 39.30 de área privativa, 0.00 de área do terreno,  2 qto(s), WC, 1 sala(s), cozinha, 1 vaga(s) de garagem.",87704.0,160000.0,45.19,Venda Direta Online,,SAO JOSE DO RIO PRETO,SP,Não
8787716428133,"RUA GERALDO FERNANDES, N. 651, Apto 402, BL 16 VG 325",BOA VISTA,"Apartamento, 97.71 de área total, 43.38 de área privativa, 0.00 de área do terreno,  2 qto(s), a.serv, WC, 1 sala(s), cozinha, 1 vaga(s) de garagem.",125793.56,225000.0,44.1,Venda Direta Online,,SAO JOSE DO RIO PRETO,SP,Sim
8787704419215,"RUA ALFREDO RICARDO DA COSTA, N. 2195, Apto 401, BL 11 VG 121",JARDIM NUNES,"Apartamento, 90.92 de área total, 39.30 de área privativa, 0.00 de área do terreno, 1 vaga(s) de garagem.",98237.37,174500.0,43.71,Venda Direta Online,,SAO JOSE DO RIO PRETO,SP,Sim
1444420886845,"RUA DECIO MARRA, N. SN, QD 06 LT 04 RUA PROJETADA 2",JARDIM PARAISO,"Terreno, 0.00 de área total, 0.00 de área privativa, 360.00 de área do terreno.",94261.87,165000.0,42.88,Venda Direta Online,,SAO JOSE DO RIO PRETO,SP,Não
8444434453081,"RUA FRANCISCO FERNANDES, N. 0, LT 13 QD 05",RESIDENCIAL CIDADE ALTA,"Terreno, 0.00 de área total, 0.00 de área privativa, 200.00 de área do terreno.",66495.04,116000.0,42.68,Licitação Aberta,,SAO JOSE DO RIO PRETO,SP,Não
8444408480964,"AVENIDA CATARINA MARCOLIN ADOLFO, N. 500, Apto 403, PAV 03, BL 02, VG 59",JARDIM MANOEL DEL ARCO,"Apartamento, 47.25 de área total, 47.25 de área privativa, 0.00 de área do terreno,  2 qto(s), a.serv, WC, 1 sala(s), cozinha, 1 vaga(s) de garagem.",101111.45,175000.0,42.23,Venda Online,,SAO JOSE DO RIO PRETO,SP,Não
8787702362518,"RUA ALFREDO RICARDO DA COSTA, N. 2195, Apto 304, BL 06",RIOS DO SUL,"Apartamento, 90.91 de área total, 39.30 de área privativa, 0.00 de área do terreno,  2 qto(s), 1 sala(s), cozinha, 1 vaga(s) de garagem.",84306.67,144000.0,41.46,Venda Online,,SAO JOSE DO RIO PRETO,SP,Não
8444420174754,"ESTRADA MUNICIP CATARINA MARCOLIN ADOLFO, N. 500, Apto 102, BL 03 TERREO VG 66",JARDIM MANOEL DEL ARCO,"Apartamento, 97.59 de área total, 45.55 de área privativa, 0.00 de área do terreno,  2 qto(s), WC, 1 sala(s), cozinha, 1 vaga(s) de garagem.",90746.77,155000.0,41.46,Venda Direta Online,,SAO JOSE DO RIO PRETO,SP,Não
8787701376639,"AVENIDA  MANOEL DE FREITAS ASSUNCAO, N. 300, Apto 402, BL 14 VG 177 PAV3",RIOS DE SPAGNA,"Apartamento, 89.98 de área total, 39.30 de área privativa, 0.00 de área do terreno,  2 qto(s), WC, 1 sala(s), cozinha, 1 vaga(s) de garagem.",90746.77,155000.0,41.46,Licitação Aberta,,SAO JOSE DO RIO PRETO,SP,Não
8787717359160,"AVENIDA PAULO MARCOS VIEIRA, N. 3860, Apto 33 C, BL C",PARQUE RESIDENCIAL DA FRATERNIDADE 2,"Apartamento, 85.81 de área total, 44.77 de área privativa, 0.00 de área do terreno,  2 qto(s), a.serv, WC, 1 sala(s), cozinha, 1 vaga(s) de garagem.",114914.11,195000.0,41.07,Venda Online,,SAO JOSE DO RIO PRETO,SP,Não
8787716632431,"AVENIDA FELICIANO SALLES CUNHA, N. 1675, Apto 102, BL 09, VAGA N 78",DIST IND WALDEMAR,"Apartamento, 85.79 de área total, 39.30 de área privativa, 0.00 de área do terreno,  2 qto(s), WC, 1 sala(s), cozinha, 1 vaga(s) de garagem.",106667.03,180000.0,40.75,Licitação Aberta,,SAO JOSE DO RIO PRETO,SP,Não
8787710764662,"RUA GERALDO FERNANDES, N. 651, Apto 303, BL 11",BOA VISTA,"Apartamento, 90.28 de área total, 39.30 de área privativa, 0.00 de área do terreno,  2 qto(s), WC, 1 sala(s), cozinha, 1 vaga(s) de garagem.",95407.73,161000.0,40.75,Venda Direta Online,,SAO JOSE DO RIO PRETO,SP,Não
8787716598543,"AVENIDA FELICIANO SALLES CUNHA, N. 1675, Apto 204, PV 01 BL 05 VG 204",DISTRITO INDUSTRIAL WALDEMAR DE OLIVEIRA,"Apartamento, 39.30 de área total, 39.30 de área privativa, 0.00 de área do terreno, 1 vaga(s) de garagem.",104296.65,176000.0,40.75,Venda Direta Online,,SAO JOSE DO RIO PRETO,SP,Não
8787716635511,"AVENIDA FELICIANO SALLES CUNHA, N. 1675, Apto 301, BL 07 BOX 189",DISTRITO INDUSTRIAL WALDEMAR DE OLIVEIRA,"Apartamento, 85.79 de área total, 39.30 de área privativa, 0.00 de área do terreno, 1 vaga(s) de garagem.",97778.11,165000.0,40.75,Venda Direta Online,,SAO JOSE DO RIO PRETO,SP,Não
8787717607139,"AVENIDA FELICIANO SALES CUNHA, N. 1675, Apto 404, BL 07",DISTRITO INDUSTRIAL WALDEMAR DE OLIVEIRA,"Apartamento, 85.79 de área total, 39.30 de área privativa, 0.00 de área do terreno,  2 qto(s), a.serv, WC, 1 sala(s), cozinha, 1 vaga(s) de garagem.",106667.03,180000.0,40.75,Venda Direta Online,,SAO JOSE DO RIO PRETO,SP,Não
8787718635420,"AVENIDA CORONEL FELICIANO SALES CUNHA, N. 1675, Apto 104, BL 11",DISTRITO INDUSTRIAL WALDEMAR DE OLIVEIRA,"Apartamento, 85.79 de área total, 39.30 de área privativa, 0.00 de área do terreno,  2 qto(s), WC, 1 sala(s), cozinha, 1 vaga(s) de garagem.",106667.03,180000.0,40.75,Licitação Aberta,,SAO JOSE DO RIO PRETO,SP,Não
8787719902472,"AVENIDA CORONEL FELICIANO SALES CUNHA, N. 1675, Apto 102, BL 01",DISTRITO INDUSTRIAL WALDEMAR DE OLIVEIRA,"Apartamento, 87.12 de área total, 39.30 de área privativa, 0.00 de área do terreno,  2 qto(s), a.serv, WC, 1 sala(s), cozinha.",104889.24,177000.0,40.75,Venda Direta Online,,SAO JOSE DO RIO PRETO,SP,Não
8787711574573,"RUA GERALDO FERNANDES, N. 651, Apto 401, BL 15 VG 335",JARDIM ITAPEMA,"Apartamento, 90.28 de área total, 39.30 de área privativa, 0.00 de área do terreno,  2 qto(s), a.serv, WC, 1 sala(s), cozinha, 1 vaga(s) de garagem.",98963.3,167000.0,40.75,Venda Direta Online,,SAO JOSE DO RIO PRETO,SP,Não
8787716165922,"RUA GERALDO FERNANDES, N. 651, Apto 302, BL 14 VG 345",JARDIM ITAPEMA,"Apartamento, 99.61 de área total, 39.30 de área privativa, 0.00 de área do terreno,  2 qto(s), WC, 1 sala(s), cozinha, 1 vaga(s) de garagem.",94815.14,160000.0,40.75,Venda Direta Online,,SAO JOSE DO RIO PRETO,SP,Não
8787705666887,"RUA MARIA CERON VOLPE, N. 1070, Apto 102, PV TERREO BL 8",VILA TONINHO,"Apartamento, 95.81 de área total, 44.01 de área privativa, 0.00 de área do terreno,  2 qto(s), a.serv, WC, 1 sala(s), cozinha, 1 vaga(s) de garagem.",96592.92,163000.0,40.75,Venda Direta Online,,SAO JOSE DO RIO PRETO,SP,Não
8444424075084,"AVENIDA ANSELMO LISO, N. 1771, Apto 104, BL 08 TERREO",JARDIM NUNES,"Apartamento, 90.30 de área total, 44.01 de área privativa, 0.00 de área do terreno,  2 qto(s), WC, 1 sala(s), cozinha.",99555.89,168000.0,40.75,Venda Direta Online,,SAO JOSE DO RIO PRETO,SP,Não
8787717541200,"RUA MARIA HELENA POLLO RODRIGUES, N. 164, LT 09, QD 05,",FAZENDA VISTA ALEGRE (ZONA RURAL),"Casa, 43.85 de área total, 43.85 de área privativa, 200.00 de área do terreno,  2 qto(s), a.serv, WC, 1 sala(s), cozinha, 1 vaga(s) de garagem.",103775.24,175120.12,40.75,Venda Direta Online,,SAO JOSE DO RIO PRETO,SP,Não
8555539683267,"RUA IRMA HELOISA HELENA DE CAMPOS MELO, N. 404, Apto 103, BL 03, TERREO",RESIDENCIAL SANTA FILOMENA,"Apartamento, 39.30 de área total, 39.30 de área privativa, 0.00 de área do terreno, 1 vaga(s) de garagem.",103704.06,175000.0,40.75,Venda Direta Online,,SAO JOSE DO RIO PRETO,SP,Não
8555539802819,"RUA IRMA HELOISA HELENA DE CAMPOS MELO, N. 404, Apto 403, BL 06",RESIDENCIAL SANTA FILOMENA,"Apartamento, 39.30 de área total, 39.30 de área privativa, 0.00 de área do terreno, 1 vaga(s) de garagem.",105481.84,178000.0,40.75,Venda Direta Online,,SAO JOSE DO RIO PRETO,SP,Não
8787709809720,"RUA LUZIA MINELLI CAPELLO, N. 550, Apto 403, BL 09 BOX 48",LOTEAMENTO CLUBE V,"Apartamento, 39.30 de área total, 39.30 de área privativa, 0.00 de área do terreno,  2 qto(s), a.serv, WC, 1 sala(s), cozinha, 1 vaga(s) de garagem.",108207.77,182600.0,40.75,Licitação Aberta,,SAO JOSE DO RIO PRETO,SP,Não
8787708223595,"AVENIDA MANOEL DE FREITAS ASSUNCAO, N. 400, Apto 101, BL 19",RIOS DE SPAGNA,"Apartamento, 94.27 de área total, 39.30 de área privativa, 0.00 de área do terreno, 1 vaga(s) de garagem.",100741.08,170000.0,40.75,Venda Direta Online,,SAO JOSE DO RIO PRETO,SP,Não
8787714782789,"AVENIDA PROJETADA 4, N. 201, Apto 44D, BL D ANTIGA AVENIDA PROJETADA 4",RESIDENCIAL SAO THOMAZ,"Apartamento, 87.05 de área total, 44.77 de área privativa, 0.00 de área do terreno,  2 qto(s), a.serv, WC, 1 sala(s), cozinha, 1 vaga(s) de garagem.",102222.57,172500.0,40.75,Venda Direta Online,,SAO JOSE DO RIO PRETO,SP,Não
8787715047446,"AVENIDA PROJETADA 4, N. 33, Apto 201, BL C,",RESIDENCIAL SAO THOMAZ,"Apartamento, 87.05 de área total, 44.77 de área privativa, 0.00 de área do terreno,  2 qto(s), WC, 1 sala(s), cozinha, 1 vaga(s) de garagem.",104296.65,176000.0,40.75,Venda Direta Online,,SAO JOSE DO RIO PRETO,SP,Não
8555536997198,"RUA WANDERLEY LIBERIO TELLES, N. 915, CS 304 2 PAVA BL 21",JARDINS RIO PRETO,"Casa, 41.85 de área total, 41.85 de área privativa, 0.00 de área do terreno,  2 qto(s), WC, 1 sala(s), cozinha.",94815.14,160000.0,40.75,Licitação Aberta,,SAO JOSE DO RIO PRETO,SP,Não
8555537866135,"RUA WANDERLEY LIBERIO TELLES, N. 915, Apto 102, BL 27",JARDINS RIO PRETO,"Apartamento, 95.82 de área total, 41.85 de área privativa, 0.00 de área do terreno,  2 qto(s), WC, 1 sala(s), cozinha, 1 vaga(s) de garagem.",97778.11,165000.0,40.75,Licitação Aberta,,SAO JOSE DO RIO PRETO,SP,Não
8555538897727,"RUA WANDERLEY LIBERIO TELLES, N. 915, Apto 403, BL 22 VG 243",JARDINS RIO PRETO,"Apartamento, 95.82 de área total, 41.85 de área privativa, 0.00 de área do terreno,  2 qto(s), WC, 1 sala(s), cozinha, 1 vaga(s) de garagem.",94815.14,160000.0,40.75,Venda Direta Online,,SAO JOSE DO RIO PRETO,SP,Não
8787714750976,"RUA SANTINA FERREIRA CRUZ, N. 302, Apto 31, TORRE 03 BL A",LOTEAMENTO RESIDENCIAL MARIA ADELIA,"Apartamento, 91.05 de área total, 43.06 de área privativa, 0.00 de área do terreno,  2 qto(s), WC, 1 sala(s), cozinha.",100741.08,170000.0,40.75,Licitação Aberta,,SAO JOSE DO RIO PRETO,SP,Não
8787704807894,"RUA DIRCEU CARVALHO, N. 979, LT 01, QD 44,",PARQUE RESIDENCIAL DA FRATERNIDADE 2,"Casa, 45.47 de área total, 45.47 de área privativa, 203.41 de área do terreno,  2 qto(s), a.serv, WC, 1 sala(s), cozinha.",100741.08,170000.0,40.75,Licitação Aberta,,SAO JOSE DO RIO PRETO,SP,Não
8787718550548,"RUA VERGINIA CLAUDINA DA SILVA LOPES, N. 71, LT 4 QD 2 HIS",RESIDENCIAL JOSE BERNARDES COELHO,"Casa, 43.85 de área total, 43.85 de área privativa, 200.00 de área do terreno,  2 qto(s), a.serv, WC, 1 sala(s), cozinha.",106667.03,180000.0,40.75,Venda Direta Online,,SAO JOSE DO RIO PRETO,SP,Não
8787715386500,"AVENIDA CORONEL FELICIANO SALES CUNHA, N. 1675, Apto 404, BL 1, 3° PAVIMENTO, VAGA 224",FAZENDA FELICIDADE,"Apartamento, 85.79 de área total, 39.30 de área privativa, 0.00 de área do terreno,  2 qto(s), a.serv, WC, 1 sala(s), cozinha, 1 vaga(s) de garagem.",102518.87,173000.0,40.75,Venda Direta Online,,SAO JOSE DO RIO PRETO,SP,Não
8787715389525,"AVENIDA CORONEL FELICIANO SALES CUNHA, N. 1675, Apto 302, PV 02 BL 02 VG 14",FAZENDA FELICIDADE,"Apartamento, 85.79 de área total, 39.30 de área privativa, 0.00 de área do terreno,  2 qto(s), a.serv, WC, 1 sala(s), cozinha, 1 vaga(s) de garagem.",106667.03,180000.0,40.75,Venda Direta Online,,SAO JOSE DO RIO PRETO,SP,Não
8787716065030,"AVENIDA CORONEL FELICIANO SALES CUNHA, N. 1675, Apto 403, BL 02, VAGA N 19",FAZENDA FELICIDADE,"Apartamento, 85.79 de área total, 39.30 de área privativa, 0.00 de área do terreno,  2 qto(s), WC, 1 sala(s), cozinha, 1 vaga(s) de garagem.",104296.65,176000.0,40.75,Licitação Aberta,,SAO JOSE DO RIO PRETO,SP,Não
8787716130479,"AVENIDA CORONEL FELICIANO SALES CUNHA, N. 1675, Apto 302, BL 01",FAZENDA FELICIDADE,"Apartamento, 85.79 de área total, 39.30 de área privativa, 0.00 de área do terreno,  2 qto(s), WC, 1 sala(s), cozinha, 1 vaga(s) de garagem.",101926.27,172000.0,40.75,Venda Direta Online,,SAO JOSE DO RIO PRETO,SP,Não
8787716327140,"AVENIDA CORONEL FELICIANO SALES CUNHA, N. 1675, Apto 402, BL 03 PAV 03 VG 50",FAZENDA FELICIDADE,"Apartamento, 85.79 de área total, 39.30 de área privativa, 0.00 de área do terreno,  2 qto(s), WC, 1 sala(s), cozinha, 1 vaga(s) de garagem.",103111.46,174000.0,40.75,Venda Direta Online,,SAO JOSE DO RIO PRETO,SP,Não
8787718075513,"AVENIDA CORONEL FELICIANO SALES CUNHA, N. 1675, Apto 402, PV 03 BL 12 VG 111",FAZENDA FELICIDADE,"Apartamento, 85.79 de área total, 39.30 de área privativa, 0.00 de área do terreno,  2 qto(s), a.serv, WC, 1 sala(s), cozinha, 1 vaga(s) de garagem.",106667.03,180000.0,40.75,Venda Direta Online,,SAO JOSE DO RIO PRETO,SP,Não
8787718264901,"AVENIDA CORONEL FELICIANO SALES CUNHA, N. 1675, Apto 102, BL 10 BOX 154",FAZENDA FELICIDADE,"Apartamento, 87.12 de área total, 39.30 de área privativa, 0.00 de área do terreno,  2 qto(s), a.serv, WC, 1 sala(s), cozinha, 1 vaga(s) de garagem.",106667.03,180000.0,40.75,Venda Direta Online,,SAO JOSE DO RIO PRETO,SP,Não
8787719071619,"AVENIDA CORONEL FELICIANO SALES CUNHA, N. 1675, Apto 301, PV 02 BL 13 VG 138",FAZENDA FELICIDADE,"Apartamento, 85.79 de área total, 39.30 de área privativa, 0.00 de área do terreno,  2 qto(s), a.serv, WC, 1 sala(s), cozinha, 1 vaga(s) de garagem.",106667.03,180000.0,40.75,Venda Direta Online,,SAO JOSE DO RIO PRETO,SP,Não
8787721377290,"RUA JOAO ALVES CARDOSO, N. 595, LT 02 QD 05",RESIDENCIAL TABARANA,"Casa, 43.99 de área total, 43.99 de área privativa, 212.35 de área do terreno,  2 qto(s), varanda, a.serv, WC, 1 sala(s), cozinha.",94815.14,160000.0,40.75,Licitação Aberta,,SAO JOSE DO RIO PRETO,SP,Não
8555526241627,"AVENIDA ANTONIO ANTUNES JUNIOR, N. 4177, Apto 405, BL 05",PARQUE RESIDENCIAL DOM LAFAYETE LIBANIO,"Apartamento, 104.69 de área total, 47.76 de área privativa, 0.00 de área do terreno,  2 qto(s), a.serv, WC, 1 sala(s), cozinha, 1 vaga(s) de garagem.",111816.5,185000.0,39.56,Venda Direta Online,,SAO JOSE DO RIO PRETO,SP,Não
8787709526699,"RUA GERALDO FERNANDES, N. 651, Apto 104, BLOCO 03",JARDIM ITAPEMA,"Apartamento, 90.28 de área total, 39.30 de área privativa, 0.00 de área do terreno,  2 qto(s), WC, 1 sala(s), cozinha, 1 vaga(s) de garagem.",115442.98,191000.0,39.56,Licitação Aberta,,SAO JOSE DO RIO PRETO,SP,Não
8787710049068,"RUA GERALDO FERNANDES, N. 651, Apto 201, PV 01 BL 06 VG 147",JARDIM ITAPEMA,"Apartamento, 90.28 de área total, 39.30 de área privativa, 0.00 de área do terreno,  2 qto(s), a.serv, WC, 1 sala(s), cozinha, 1 vaga(s) de garagem.",111816.5,185000.0,39.56,Venda Direta Online,,SAO JOSE DO RIO PRETO,SP,Não
8787717285700,"ESTRADA MUNICIPAL ALOYSIO NUNES FERREIRA, N. 220, LT 13 QD 06",FAZENDA VISTA ALEGRE (ZONA RURAL),"Casa, 43.85 de área total, 43.85 de área privativa, 210.80 de área do terreno,  2 qto(s), a.serv, WC, 1 sala(s), cozinha.",126926.84,210000.0,39.56,Venda Direta Online,,SAO JOSE DO RIO PRETO,SP,Não
8787719697151,"ESTRADA MUNICIP ALOYSIO NUNES FERREIRA, N. 620, LT 27 QD 17",FAZENDA VISTA ALEGRE (ZONA RURAL),"Casa, 43.85 de área total, 43.85 de área privativa, 200.00 de área do terreno,  2 qto(s), a.serv, WC, 1 sala(s), cozinha.",118782.45,196525.15,39.56,Venda Direta Online,,SAO JOSE DO RIO PRETO,SP,Não
8555532660768,"RUA IRMA HELOISA HELENA DE CAMPOS MELO, N. 505, Apto 22, TORRE 05, 2º PAVIMENTO",RESIDENCIAL SANTA FILOMENA,"Apartamento, 48.94 de área total, 48.94 de área privativa, 0.00 de área do terreno,  2 qto(s), a.serv, WC, 1 sala(s), cozinha, 1 vaga(s) de garagem.",132970.97,220000.0,39.56,Venda Online,,SAO JOSE DO RIO PRETO,SP,Sim
8787708717725,"RUA LUZIA MINELLI CAPELLO, N. 550, Apto 201, BL 21, VAGA 142",LOTEAMENTO CLUBE V,"Apartamento, 39.30 de área total, 39.30 de área privativa, 0.00 de área do terreno,  2 qto(s), a.serv, WC, 1 sala(s), cozinha, 1 vaga(s) de garagem.",115442.98,191000.0,39.56,Licitação Aberta,,SAO JOSE DO RIO PRETO,SP,Não
8787706622840,"RUA PATRICIA RODRIGUES FONTES, N. 805, Apto 103, BL 35 TERREO VG 379",RIOS DI ITALIA,"Apartamento, 41.85 de área total, 41.85 de área privativa, 0.00 de área do terreno,  2 qto(s), WC, 1 sala(s), cozinha, 1 vaga(s) de garagem.",113025.32,187000.0,39.56,Venda Direta Online,,SAO JOSE DO RIO PRETO,SP,Não
8787714793578,"AVENIDA PROJETADA 4, N. 201, Apto 41-C, BL C PAV 03 VG 62",RESIDENCIAL SAO THOMAZ,"Apartamento, 87.05 de área total, 44.77 de área privativa, 0.00 de área do terreno,  2 qto(s), a.serv, WC, 1 sala(s), cozinha, 1 vaga(s) de garagem.",114838.57,190000.0,39.56,Venda Direta Online,,SAO JOSE DO RIO PRETO,SP,Não
8787714972723,"AVENIDA PROJETADA 4, N. 201, Apto 33C, BL C",RESIDENCIAL SAO THOMAZ,"Apartamento, 87.05 de área total, 44.77 de área privativa, 0.00 de área do terreno, 1 vaga(s) de garagem.",114838.57,190000.0,39.56,Venda Direta Online,,SAO JOSE DO RIO PRETO,SP,Não
8787706756847,"RUA ANDRE LUIS RODRIGUES DA SILVA, N. 409, LT 17, QD P",JARDIM DOS BURITIS,"Casa, 54.73 de área total, 54.73 de área privativa, 200.00 de área do terreno,  2 qto(s), a.serv, WC Emp, 1 sala(s), cozinha.",129948.9,215000.0,39.56,Venda Direta Online,,SAO JOSE DO RIO PRETO,SP,Não
8787710874760,"RUA SANTINA FERREIRA CRUZ, N. 302, Apto 33, BL C TORRE 11",LOTEAMENTO RESIDENCIAL MARIA ADELIA,"Apartamento, 91.06 de área total, 43.06 de área privativa, 0.00 de área do terreno,  2 qto(s), WC, 1 sala(s), cozinha.",114838.57,190000.0,39.56,Venda Direta Online,,SAO JOSE DO RIO PRETO,SP,Não
8787715447975,"RUA SANTINA FERREIRA CRUZ, N. 302, Apto 33, TORRE 02 BL B",LOTEAMENTO RESIDENCIAL MARIA ADELIA,"Apartamento, 91.05 de área total, 43.06 de área privativa, 0.00 de área do terreno,  2 qto(s), WC, 1 sala(s), cozinha.",135993.04,225000.0,39.56,Licitação Aberta,,SAO JOSE DO RIO PRETO,SP,Não
8787716674894,"RUA PROJETADA 1, N. 302, Apto 04, TORRE 05 BL B",LOTEAMENTO RESIDENCIAL MARIA ADELIA,"Apartamento, 91.05 de área total, 43.06 de área privativa, 0.00 de área do terreno,  2 qto(s), WC, 1 sala(s), cozinha.",120882.7,200000.0,39.56,Venda Direta Online,,SAO JOSE DO RIO PRETO,SP,Não
8787716453731,"AVENIDA NOVA GRANADA, N. 2001, Apto 21, BL I PAV 02 VG 35 - FPHIS",VILA MIGUELZINHO,"Apartamento, 95.85 de área total, 53.37 de área privativa, 0.00 de área do terreno, 2 vaga(s) de garagem.",135993.04,225000.0,39.56,Venda Direta Online,,SAO JOSE DO RIO PRETO,SP,Não
8787716419100,"RUA PROJETADA 8, N. 722,",JARDIM PAULISTANO,"Casa, 43.85 de área total, 43.85 de área privativa, 200.00 de área do terreno,  2 qto(s), a.serv, WC, 1 sala(s), cozinha.",114838.57,190000.0,39.56,Venda Direta Online,,SAO JOSE DO RIO PRETO,SP,Não
8787711802878,"RUA PROJETADA 9, N. 223, LT 27 QD 15",RESIDENCIAL MARIA CLARA 2,"Casa, 44.82 de área total, 44.82 de área privativa, 200.00 de área do terreno.",114838.57,190000.0,39.56,Venda Direta Online,,SAO JOSE DO RIO PRETO,SP,Não
8787710690499,"RUA ANTONIO BALISTA DA SILVA, N. 255, Apto 102, BLOCO 01",LOTEAMENTO ABILIO JORGE CURY,"Apartamento, 87.83 de área total, 39.30 de área privativa, 0.00 de área do terreno,  2 qto(s), WC, 1 sala(s), cozinha, 1 vaga(s) de garagem.",125718.01,208000.0,39.56,Licitação Aberta,,SAO JOSE DO RIO PRETO,SP,Não
8787716407853,"RUA LUCIA ALVES SANTANA, N. 720,",RESIDENCIAL JOSE BERNARDES COELHO,"Casa, 0.00 de área total, 43.85 de área privativa, 227.24 de área do terreno.",125113.59,207000.0,39.56,Venda Direta Online,,SAO JOSE DO RIO PRETO,SP,Não
8787716414469,"RUA MARIA HELENA POLLO RODRIGUES, N. 614, LT 22 QD 20 ANTIGA RUA PROJETADA 04",RESIDENCIAL JOSE BERNARDES COELHO,"Casa, 43.85 de área total, 43.85 de área privativa, 200.00 de área do terreno,  2 qto(s), a.serv, WC Emp, 1 sala(s), cozinha.",121487.11,201000.0,39.56,Venda Direta Online,,SAO JOSE DO RIO PRETO,SP,Não
8787718486300,"AVENIDA GRACINDA MARIA FERNANDES, N. 170, ANTIGA AV PROJETADA 1",RESIDENCIAL JOSE BERNARDES COELHO,"Casa, 43.85 de área total, 43.85 de área privativa, 200.00 de área do terreno,  2 qto(s), a.serv, WC, 1 sala(s), cozinha.",114838.57,190000.0,39.56,Venda Direta Online,,SAO JOSE DO RIO PRETO,SP,Não
8787718697050,"R PROJETADA 01, N. 482, LT 47, QD 1",RESIDENCIAL JOSE BERNARDES COELHO,"Casa, 43.85 de área total, 43.85 de área privativa, 210.00 de área do terreno,  2 qto(s), a.serv, WC, 1 sala(s), cozinha, 2 vaga(s) de garagem.",126926.84,210000.0,39.56,Venda Direta Online,,SAO JOSE DO RIO PRETO,SP,Não
8787718044162,"RUA MARCIA ZELINDA COSTA DA SILVA, N. SN, CS 217 QD 08 LT 04",RESIDENCIAL GUMERCINDO DE SETA,"Casa, 43.85 de área total, 43.85 de área privativa, 200.00 de área do terreno,  2 qto(s), a.serv, WC, 1 sala(s), cozinha.",117010.1,193592.79,39.56,Venda Direta Online,,SAO JOSE DO RIO PRETO,SP,Não
8787719535062,"RUA MARIA ALARCON, N. 237, LT 10 QD 03",RESIDENCIAL GUMERCINDO DE SETA,"Casa, 43.85 de área total, 43.85 de área privativa, 200.00 de área do terreno,  2 qto(s), a.serv, WC, 1 sala(s), cozinha.",135993.04,225000.0,39.56,Venda Direta Online,,SAO JOSE DO RIO PRETO,SP,Não
8787720050379,"RUA MARIA ALARCON, N. SN, CS 78 QD 02 LT 27",RESIDENCIAL GUMERCINDO DE SETA,"Casa, 43.85 de área total, 43.85 de área privativa, 200.00 de área do terreno,  2 qto(s), a.serv, WC, 1 sala(s), cozinha.",117010.1,193592.79,39.56,Venda Direta Online,,SAO JOSE DO RIO PRETO,SP,Não
8787720210074,"R VILMA PIO PAPI (ANTIGA R PROJETADA 04), N. 204, QD 04 LT 36",RESIDENCIAL GUMERCINDO DE SETA,"Casa, 43.85 de área total, 43.85 de área privativa, 200.00 de área do terreno,  2 qto(s), a.serv, WC, 1 sala(s), cozinha.",135993.04,225000.0,39.56,Venda Direta Online,,SAO JOSE DO RIO PRETO,SP,Não
8787716065480,"AVENIDA CORONEL FELICIANO SALES CUNHA, N. 1675, Apto 301, 2º PAV, BL 6, VAGA 61",FAZENDA FELICIDADE,"Apartamento, 85.79 de área total, 39.30 de área privativa, 0.00 de área do terreno,  2 qto(s), WC, 1 sala(s), cozinha, 1 vaga(s) de garagem.",111816.5,185000.0,39.56,Venda Online,,SAO JOSE DO RIO PRETO,SP,Não
8787717439570,"AVENIDA CORONEL FELICIANO SALES CUNHA, N. 1675, Apto 202, BL 12",FAZENDA FELICIDADE,"Apartamento, 0.00 de área total, 39.30 de área privativa, 0.00 de área do terreno, 1 vaga(s) de garagem.",123904.77,205000.0,39.56,Licitação Aberta,,SAO JOSE DO RIO PRETO,SP,Não
8787719750621,"RUA AGOSTINHO SARDINHA (ANTIGA RUA PROJETADA 01), N. 2810, LT 25 QD 02",RESIDENCIAL GUMERCINDO DE SETA,"Casa, 43.85 de área total, 43.85 de área privativa, 296.64 de área do terreno,  2 qto(s), a.serv, WC, 1 sala(s), cozinha.",149402.3,244000.0,38.77,Licitação Aberta,,SAO JOSE DO RIO PRETO,SP,Não
1787701567517,"RUA GERALDO FERNANDES, N. SN, Apto 104, BL 12,",JARDIM ITAPEMA,"Apartamento, 0.00 de área total, 39.30 de área privativa, 0.00 de área do terreno.",98816.7,160000.0,38.24,Licitação Aberta,,SAO JOSE DO RIO PRETO,SP,Não
1444416240901,"RUA SAMY GORAYEB, N. 410, LT 14, QD 42-A",SOLO SAGRADO,"Casa, 124.25 de área total, 124.25 de área privativa, 200.00 de área do terreno,  3 qto(s), a.serv, WC, 2 sala(s), cozinha.",205055.87,330000.0,37.87,Venda Direta Online,,SAO JOSE DO RIO PRETO,SP,Sim
1444417016401,"RUA DOUTOR DANTE ANDREOLLI, N. 1100, QD 11 LT 16",SAO FRANCISCO,"Casa, 191.50 de área total, 191.50 de área privativa, 226.00 de área do terreno,  3 qto(s), a.serv, WC, 1 sala(s), cozinha.",191194.29,300000.0,36.27,Licitação Aberta,,SAO JOSE DO RIO PRETO,SP,Não
8444428480587,"RUA DOUTOR JOAO BOSCO LOUREIRO, N. 120,",PARQUE DAS AMORAS,"Casa, 120.00 de área total, 120.00 de área privativa, 200.00 de área do terreno, 2 vaga(s) de garagem.",223060.01,350000.0,36.27,Licitação Aberta,,SAO JOSE DO RIO PRETO,SP,Não
1444416763700,"RUA ELVIO LUIS GUINDANI, N. 244, LT 08 QD 14",RESIDENCIAL SANTA REGINA,"Casa, 150.00 de área total, 122.90 de área privativa, 250.00 de área do terreno,  3 qto(s), a.serv, WC, 1 sala(s), cozinha, 1 vaga(s) de garagem.",382388.58,600000.0,36.27,Licitação Aberta,,SAO JOSE DO RIO PRETO,SP,Sim
1444418015921,"RUA ODETE SERENI VIEIRA, N. 255, LT 04 QD 22",IDEAL LIFE ECOLAZER RESIDENCE,"Casa, 130.00 de área total, 112.00 de área privativa, 302.30 de área do terreno.",318657.15,500000.0,36.27,Licitação Aberta,,SAO JOSE DO RIO PRETO,SP,Sim
8555539139117,"RUA ANTONIA DE SOUZA ALVES, N. 1278, QD 32 LT 18",SÃO JOSE  RIO PRETO,"Casa, 45.47 de área total, 45.47 de área privativa, 200.00 de área do terreno,  2 qto(s), a.serv, WC, 1 sala(s), cozinha.",174700.0,174700.0,0.0,Leilão SFI - Edital Único,,SAO JOSE DO RIO PRETO,SP,Não
8787713702650,"RUA GERALDO FERNANDES, N. 651, Apto 203, BL 10",JARDIM ITAPEMA,"Apartamento, 90.28 de área total, 39.30 de área privativa, 0.00 de área do terreno,  2 qto(s), a.serv, WC, 1 sala(s), cozinha, 1 vaga(s) de garagem.",180000.0,180000.0,0.0,Leilão SFI - Edital Único,,SAO JOSE DO RIO PRETO,SP,Não
8444438483961,"RUA CELENE CAFFAGNI ROMA, N. SN, CS 211 QD B",JARDIM DAS OLIVEIRAS,"Casa, 99.76 de área total, 124.23 de área privativa, 0.00 de área do terreno,  2 qto(s), a.serv, WC, 1 sala(s), 1 lavabo(s), cozinha, 1 vaga(s) de garagem.",250000.0,250000.0,0.0,Leilão SFI - Edital Único,,SAO JOSE DO RIO PRETO,SP,Não
8787704747603,"AVENIDA ANSELMO LISO, N. 1771, Apto 403, BL 14 VAGA 248",JARDIM NUNES,"Apartamento, 90.27 de área total, 43.99 de área privativa, 0.00 de área do terreno,  2 qto(s), WC, 1 sala(s), cozinha, 1 vaga(s) de garagem.",178563.54,178563.54,0.0,Leilão SFI - Edital Único,,SAO JOSE DO RIO PRETO,SP,Não
8555501293062,"RUA GILBERTO PARMA, N. 440, LT 35 QD 03 ANTIGA RUA PROJETADA 25",RESIDENCIAL CAETANO,"Casa, 63.00 de área total, 63.00 de área privativa, 200.00 de área do terreno,  2 qto(s), a.serv, WC, 1 sala(s), cozinha, 2 vaga(s) de garagem.",216000.0,216000.0,0.0,Leilão SFI - Edital Único,,SAO JOSE DO RIO PRETO,SP,Não
8555513606141,"AVENIDA JOSE DA SILVA SE, N. 305, CS 332 QD A",CONDOMINIO RESIDENCIAL PARQUE DA LIBERDA,"Casa, 40.47 de área total, 40.47 de área privativa, 105.00 de área do terreno,  2 qto(s), a.serv, WC, 1 sala(s), cozinha, 1 vaga(s) de garagem.",117940.0,117940.0,0.0,Leilão SFI - Edital Único,,SAO JOSE DO RIO PRETO,SP,Não
1444420167431,"RUA LINDA THOME TRABULSI, N. 439, QD 20 LT 17 ANTIGA RUA PROJETADA 13",PARQUE RESIDENCIAL DAMHA V,"Casa, 45.47 de área total, 45.47 de área privativa, 218.54 de área do terreno.",275000.0,275000.0,0.0,Leilão SFI - Edital Único,,SAO JOSE DO RIO PRETO,SP,Não
1444407690681,"RUA WILLIAN GABRIEL BASSITT, N. 121, LT 15 QD 18 ANTIGA RUA NOVE",RESIDENCIAL SANTA CRUZ,"Casa, 65.30 de área total, 65.30 de área privativa, 200.00 de área do terreno.",298000.0,298000.0,0.0,Leilão SFI - Edital Único,,SAO JOSE DO RIO PRETO,SP,Não
8444422576221,"RUA PASTOR ANTONIO SALVIANO ALVES, N. 857, RUA PROJETADA 02  LOTE 09  QUADRA 07",RESIDENCIAL LUZIA POLOTTO,"Casa, 45.60 de área total, 45.60 de área privativa, 212.75 de área do terreno,  2 qto(s), a.serv, WC, 1 sala(s), cozinha, 1 vaga(s) de garagem.",172000.0,172000.0,0.0,Leilão SFI - Edital Único,,SAO JOSE DO RIO PRETO,SP,Não
8444418822779,"RUA PAULO DE OLIVEIRA E SOUZA, N. 835, LOTE 33 QUADRA 24",RESIDENCIAL MORADA DO SOL,"Casa, 99.00 de área total, 99.00 de área privativa, 464.00 de área do terreno, 2 vaga(s) de garagem.",390000.0,390000.0,0.0,Leilão SFI - Edital Único,,SAO JOSE DO RIO PRETO,SP,Não
8444420867776,"RUA LUIS ANTONIO DA SILVA, N. 190, LT 19 QD 17",RESIDENCIAL SAO THOMAZ,"Casa, 51.42 de área total, 51.42 de área privativa, 203.78 de área do terreno,  2 qto(s), a.serv, WC, 1 sala(s), cozinha.",207000.0,207000.0,0.0,Leilão SFI - Edital Único,,SAO JOSE DO RIO PRETO,SP,Não
8444421852225,"RUA FELIPE ANTONIO RAMOS DE LIMA, N. 371, CS 211",RESIDENCIAL MAIS VIVER,"Casa, 55.00 de área total, 55.00 de área privativa, 203.39 de área do terreno, 1 vaga(s) de garagem.",255000.0,255000.0,0.0,Leilão SFI - Edital Único,,SAO JOSE DO RIO PRETO,SP,Não
8444424575486,"RUA ADETIS DA CONCEICAO BETI, N. 88, LT 16 QD Z5 ANTIGA RUA PROJETADA 20",JARDIM DOS BURITIS,"Casa, 54.73 de área total, 54.73 de área privativa, 200.00 de área do terreno,  2 qto(s), a.serv, WC, 1 sala(s), cozinha.",250000.0,250000.0,0.0,Leilão SFI - Edital Único,,SAO JOSE DO RIO PRETO,SP,Não
1444413695096,"RUA ARNALDO ALEXANDRE, N. 102, LT 15 QD 21 ANTIGA RUA PROJETADA 17",RESIDENCIAL MARIA JULIA,"Casa, 116.01 de área total, 116.01 de área privativa, 253.00 de área do terreno,  3 qto(s), a.serv, WC, 1 sala(s), 1 lavabo(s), cozinha, 2 vaga(s) de garagem.",700000.0,700000.0,0.0,Leilão SFI - Edital Único,,SAO JOSE DO RIO PRETO,SP,Não
8787714120069,"RUA SANTINA FERREIRA CRUZ, N. 302, Apto AP 1, BL A",LOTEAMENTO RESIDENCIAL MARIA ADELIA,"Apartamento, 91.05 de área total, 43.06 de área privativa, 0.00 de área do terreno,  2 qto(s), a.serv, WC, 1 sala(s), cozinha, 1 vaga(s) de garagem.",220000.0,220000.0,0.0,Leilão SFI - Edital Único,,SAO JOSE DO RIO PRETO,SP,Não
8787717739647,"RUA SANTINA FERREIRA CRUZ, N. 302, Apto 12, T 01 BL D",LOTEAMENTO RESIDENCIAL MARIA ADELIA,"Apartamento, 91.05 de área total, 43.06 de área privativa, 0.00 de área do terreno,  2 qto(s), a.serv, WC, 1 sala(s), cozinha.",220000.0,220000.0,0.0,Leilão SFI - Edital Único,,SAO JOSE DO RIO PRETO,SP,Não
8444415431957,"RUA NATAL DUMBRA ANTIGA RUA PROJETADA QUATRO, N. 459, QD 04 LT 34",SETVALLEY,"Prédio, 99.06 de área total, 51.61 de área privativa, 200.00 de área do terreno,  2 qto(s), a.serv, WC, 1 sala(s), cozinha.",269000.0,269000.0,0.0,Leilão SFI - Edital Único,,SAO JOSE DO RIO PRETO,SP,Não
8555538743541,"RUA ALEX JABLONSKI DA SILVEIRA ANT R PROJETADA27, N. 174, LT 30 QD 24",PARQUE RESIDENCIAL DIGNIDADE,"Casa, 45.47 de área total, 45.47 de área privativa, 200.00 de área do terreno.",180000.0,180000.0,0.0,Leilão SFI - Edital Único,,SAO JOSE DO RIO PRETO,SP,Não
8787712521783,"RUA CLAUDINO BADIAL, N. 1104, LT 05 QD 17",PARQUE RESIDENCIAL EDSON BAFFI,"Casa, 43.85 de área total, 43.85 de área privativa, 200.00 de área do terreno,  2 qto(s), a.serv, WC, 1 sala(s), cozinha.",175000.0,175000.0,0.0,Leilão SFI - Edital Único,,SAO JOSE DO RIO PRETO,SP,Não
8787710982287,"RUA ANTONIO BALISTA DA SILVA, N. 255, Apto 401, QUARTO PAV BL 4 VG 75",LOTEAMENTO ABILIO JORGE CURY,"Apartamento, 86.50 de área total, 39.30 de área privativa, 0.00 de área do terreno,  2 qto(s), a.serv, WC, 1 sala(s), cozinha, 1 vaga(s) de garagem.",250000.0,250000.0,0.0,Leilão SFI - Edital Único,,SAO JOSE DO RIO PRETO,SP,Não
8787715587564,"AVENIDA CORONEL FELICIANO SALES CUNHA, N. 1675, Apto 201, BL 03",FAZENDA FELICIDADE,"Apartamento, 85.79 de área total, 39.30 de área privativa, 0.00 de área do terreno,  2 qto(s), WC, 1 sala(s), cozinha, 1 vaga(s) de garagem.",188500.0,188500.0,0.0,Leilão SFI - Edital Único,,SAO JOSE DO RIO PRETO,SP,Não
8787714056743,"AVENIDA PROFESSOR CLOVIS SANFELICE, N. 759, LT 34 QD 03",PARQUE RESIDENCIAL EDSON BAFFI,"Casa, 43.85 de área total, 43.85 de área privativa, 200.00 de área do terreno.",177788.44,174000.0,0.0,Leilão SFI - Edital Único,,SAO JOSE DO RIO PRETO,SP,Não
1444422598910,"RUA BENEDITO ALVES RIBEIRO, N. 370, LT 247 QD 08 ANTIGA RUA K",RESIDENCIAL ALTO DAS ANDORINHAS,"Casa, 176.45 de área total, 176.45 de área privativa, 200.00 de área do terreno, 1 vaga(s) de garagem.",668927.69,650000.0,0.0,Leilão SFI - Edital Único,,SAO JOSE DO RIO PRETO,SP,Não
1444421604690,"AVENIDA PRESIDENTE JUSCELINO KUBITSCHEK, N. 2040, Apto AP 74,",JARDIM TARRAF II,"Apartamento, 124.13 de área total, 124.13 de área privativa, 0.00 de área do terreno,  3 qto(s), a.serv, WC, WC Emp, 1 sala(s), cozinha, 2 vaga(s) de garagem.",1190000.0,1150400.0,0.0,Leilão SFI - Edital Único,,SAO JOSE DO RIO PRETO,SP,Não
8787714126709,"RUA PATRICIA RODRIGUES FONTES, N. 1005, Apto 203, TORRE 05",RIOS DI ITALIA,"Apartamento, 87.82 de área total, 44.32 de área privativa, 0.00 de área do terreno,  2 qto(s), WC, 1 sala(s), cozinha, 1 vaga(s) de garagem.",191513.17,185000.0,0.0,Leilão SFI - Edital Único,,SAO JOSE DO RIO PRETO,SP,Não
8787713537870,"RUA GERALDO FERNANDES, N. 651, Apto 104, BL 16 VG 254",BOA VISTA,"Apartamento, 90.28 de área total, 39.30 de área privativa, 0.00 de área do terreno,  2 qto(s), WC, 1 sala(s), cozinha, 1 vaga(s) de garagem.",177741.34,165000.0,0.0,Leilão SFI - Edital Único,,SAO JOSE DO RIO PRETO,SP,Não
8444425879152,"RUA EGILDO VESCIO, N. 215, Apto 121,",JARDIM SANTA ROSA II,"Apartamento, 49.51 de área total, 49.51 de área privativa, 0.00 de área do terreno,  2 qto(s), a.serv, WC, 1 sala(s), cozinha.",234420.0,214551.0,0.0,Leilão SFI - Edital Único,,SAO JOSE DO RIO PRETO,SP,Não
8787716730727,"RUA ORLANDINO BOSSA, N. 430, Apto 708,",ESTANCIA SAO JOAO,"Apartamento, 80.43 de área total, 36.24 de área privativa, 0.00 de área do terreno,  2 qto(s), WC, 1 sala(s), cozinha, 1 vaga(s) de garagem.",202506.11,185000.0,0.0,Leilão SFI - Edital Único,,SAO JOSE DO RIO PRETO,SP,Não
8787717193067,"RUA ORLANDINO BOSSA, N. 430, Apto 904,",ESTANCIA SAO JOAO,"Apartamento, 86.63 de área total, 39.51 de área privativa, 0.00 de área do terreno,  2 qto(s), a.serv, WC, 1 sala(s), cozinha, 1 vaga(s) de garagem.",247029.31,213000.0,0.0,Leilão SFI - Edital Único,,SAO JOSE DO RIO PRETO,SP,Não
8787719762298,"RUA BENEDITA AMERICO MAGALHAES, N. 477, LT 04 QD 10 ANTIGA RUA PROJETADA 02",RESIDENCIAL TABARANA,"Casa, 43.99 de área total, 43.99 de área privativa, 200.00 de área do terreno,  2 qto(s), varanda, a.serv, WC, 1 sala(s), cozinha.",235513.88,203000.0,0.0,Leilão SFI - Edital Único,,SAO JOSE DO RIO PRETO,SP,Não
8787718085306,"AVENIDA CORONEL FELICIANO SALES CUNHA, N. 1675, Apto 403, BL 14 VG 128",FAZENDA FELICIDADE,"Apartamento, 85.79 de área total, 39.30 de área privativa, 0.00 de área do terreno,  2 qto(s), a.serv, WC, 1 sala(s), cozinha, 1 vaga(s) de garagem.",209136.73,180000.0,0.0,Leilão SFI - Edital Único,,SAO JOSE DO RIO PRETO,SP,Não
8444414913753,"RUA DA FE, N. 265, Apto 307, BLOCO 05",JARDIM URANO,"Apartamento, 0.00 de área total, 45.27 de área privativa, 0.00 de área do terreno,  2 qto(s), WC, 1 sala(s), cozinha, 1 vaga(s) de garagem.",236807.27,200000.0,0.0,Leilão SFI - Edital Único,,SAO JOSE DO RIO PRETO,SP,Não
8787700999268,"AVENIDA ALFREDO ANTONIO DE OLIVEIRA, N. 3237, Apto 38, 3 PAV BL SOL 2",JARDIM PLANALTO,"Apartamento, 55.00 de área total, 55.00 de área privativa, 0.00 de área do terreno,  2 qto(s), a.serv, WC, 1 sala(s), cozinha, 1 vaga(s) de garagem.",237001.74,187000.0,0.0,Leilão SFI - Edital Único,,SAO JOSE DO RIO PRETO,SP,Não
8787718376637,"RUA VERGINIA CLAUDINA DA SILVA LOPES, N. 171, QD 2 LT 14",RESIDENCIAL JOSE BERNARDES COELHO,"Casa, 0.00 de área total, 43.85 de área privativa, 200.00 de área do terreno.",211494.0,165000.0,0.0,Leilão SFI - Edital Único,,SAO JOSE DO RIO PRETO,SP,Não
8787713216054,"RUA PATRICIA RODRIGUES FONTES, N. 905, Apto 403, BL14",RIOS DI ITALIA,"Apartamento, 39.30 de área total, 39.30 de área privativa, 0.00 de área do terreno,  2 qto(s), a.serv, WC, 1 sala(s), cozinha, 1 vaga(s) de garagem.",195959.09,150000.0,0.0,Leilão SFI - Edital Único,,SAO JOSE DO RIO PRETO,SP,Não
8787720706754,"RUA VERGINIA CLAUDINA DA SILVA LOPES, N. SN, QD 16  LT 65",RESIDENCIAL JOSE BERNARDES COELHO,"Casa, 43.85 de área total, 43.85 de área privativa, 216.55 de área do terreno,  2 qto(s), WC, 1 sala(s), cozinha, 1 vaga(s) de garagem.",243619.64,180000.0,0.0,Leilão SFI - Edital Único,,SAO JOSE DO RIO PRETO,SP,Não
8787721007493,"AVENIDA GRACINDA MARIA FERNANDES ANTIGA PROJETA1, N. SN, QD 36 LT 21",RESIDENCIAL JOSE BERNARDES COELHO,"Casa, 43.85 de área total, 43.85 de área privativa, 209.54 de área do terreno,  2 qto(s), a.serv, WC, 1 sala(s), cozinha.",242163.81,171850.0,0.0,Leilão SFI - Edital Único,,SAO JOSE DO RIO PRETO,SP,Não
8787720690645,"RUA ITAMAR RICARDO PEREIRA, N. 322, LT 25 QD 37",RESIDENCIAL JOSE BERNARDES COELHO,"Casa, 0.00 de área total, 43.85 de área privativa, 200.00 de área do terreno.",241141.09,170000.0,0.0,Leilão SFI - Edital Único,,SAO JOSE DO RIO PRETO,SP,Não
8787717861027,"RUA IZALTINA MENEGHIN MARIN ANTIGA RUA PROJETADA, N. 2161, QD 06 LT 10",RESID JARDIM SUL,"Casa, 43.85 de área total, 43.85 de área privativa, 200.00 de área do terreno,  2 qto(s), a.serv, WC, 1 sala(s), cozinha.",235298.88,160000.0,0.0,Leilão SFI - Edital Único,,SAO JOSE DO RIO PRETO,SP,Não
8444425366155,"RUA MANOEL PINTO, N. SN, LT 16 QD 43",FAZENDA RIO PRETO,"Terreno, 0.00 de área total, 0.00 de área privativa, 202.62 de área do terreno.",191798.19,116000.0,0.0,Leilão SFI - Edital Único,,SAO JOSE DO RIO PRETO,SP,Não
8444435813057,"RUA DR JOAO CARLOS DE MAURO, N. SN, QD 44  LT14  ANTIGA RUA 39",SETSUL,"Terreno, 0.00 de área total, 0.00 de área privativa, 200.00 de área do terreno.",369097.75,130000.0,0.0,Leilão SFI - Edital Único,,SAO JOSE DO RIO PRETO,SP,Não
8555539305980,"ESTRADA DO MATO DENTRO, N. 1900, Apto 103, BL 02",MATO DENTRO,"Apartamento, 106.46 de área total, 42.54 de área privativa, 0.00 de área do terreno.",115628.31,191306.63,39.56,Licitação Aberta,,SAO JOSE DOS CAMPOS,SP,Não
8787708270950,"RUA WALDEMAR TEIXEIRA, N. 380, Apto 102, 1 PAV BL 05B  VG 185",PERNAMBUCANA,"Apartamento, 86.51 de área total, 38.40 de área privativa, 0.00 de área do terreno,  2 qto(s), a.serv, WC, 1 sala(s), cozinha, 1 vaga(s) de garagem.",119069.46,197000.0,39.56,Licitação Aberta,,SAO JOSE DOS CAMPOS,SP,Não
8444430933275,"RUA MEDINA, N. 977, Apto 104, TORRE 05 BOX 20",PUTIM,"Apartamento, 139.38 de área total, 44.67 de área privativa, 0.00 de área do terreno,  2 qto(s), WC, 1 sala(s), cozinha, 1 vaga(s) de garagem.",129948.9,215000.0,39.56,Licitação Aberta,,SAO JOSE DOS CAMPOS,SP,Não
8787717116607,"AVENIDA PRESIDENTE TANCREDO NEVES, N. 4200, Apto 406, TORRE 02,",PARQUE NOVO HORIZONTE,"Apartamento, 135.94 de área total, 42.23 de área privativa, 0.00 de área do terreno,  2 qto(s), a.serv, WC, 1 sala(s), cozinha.",155323.59,253670.51,38.77,Licitação Aberta,,SAO JOSE DOS CAMPOS,SP,Não
8444431726184,"AVENIDA SAO CRISTOVAO, N. 556, Apto 12,",JARDIM SAO JUDAS TADEU,"Apartamento, 142.10 de área total, 40.94 de área privativa, 0.00 de área do terreno,  2 qto(s), a.serv, WC, 1 sala(s), cozinha, 2 vaga(s) de garagem.",180017.52,294000.0,38.77,Licitação Aberta,,SAO JOSE DOS CAMPOS,SP,Não
1444419005067,"RUA CARQUEIJO (RUA 21), N. SN, LT 08 QD 29",POUSADA DO VALE,"Terreno, 0.00 de área total, 0.00 de área privativa, 1650.00 de área do terreno.",184821.15,290000.0,36.27,Licitação Aberta,,SAO JOSE DOS CAMPOS,SP,Não
8787715610892,"AVENIDA PRESIDENTE TANCREDO NEVES, N. 4200, Apto 1602, TORRE 01 16º PAVIMENTO VAGA 46",PARQUE NOVO HORIZONTE,"Apartamento, 127.89 de área total, 39.46 de área privativa, 0.00 de área do terreno,  2 qto(s), a.serv, WC, 1 sala(s), cozinha, 1 vaga(s) de garagem.",228794.88,277200.0,17.47,Leilão SFI - Edital Único,,SAO JOSE DOS CAMPOS,SP,Não
8444429233184,"RUA LAMARTINE MAIA DA SILVA TORRES, N. 177, Apto 24, BL 29",PARQUE RES PRIMAVERA,"Apartamento, 100.39 de área total, 49.41 de área privativa, 0.00 de área do terreno,  2 qto(s), WC, 1 sala(s), cozinha, 1 vaga(s) de garagem.",210000.0,210000.0,0.0,Leilão SFI - Edital Único,,SAO JOSE DOS CAMPOS,SP,Não
1444415970949,"RUA BENEDITO LOPES, N. 178, LT 05 QD XXXVIII ANTIGA RUA MASTRUZ",CHACARAS POUSADA DO VALE,"Casa, 51.98 de área total, 51.98 de área privativa, 250.00 de área do terreno,  2 qto(s), a.serv, WC, 1 sala(s), cozinha.",280000.0,280000.0,0.0,Leilão SFI - Edital Único,,SAO JOSE DOS CAMPOS,SP,Não
8787714169548,"RUA ADELAIDE LOUZADA FRANCO DO AMARAL, N. 101, Apto 32, BL 14",JARDIM SAO JOSE LESTE,"Apartamento, 104.80 de área total, 45.93 de área privativa, 0.00 de área do terreno,  2 qto(s), WC, 1 sala(s), cozinha, 1 vaga(s) de garagem.",245000.0,245000.0,0.0,Leilão SFI - Edital Único,,SAO JOSE DOS CAMPOS,SP,Não
8555538525080,"ESTRADA DO MATO DENTRO, N. 1800, Apto 103, BL  11",JARDIM NOVA MICHIGAN,"Apartamento, 0.00 de área total, 40.28 de área privativa, 0.00 de área do terreno,  2 qto(s), WC, 1 sala(s), cozinha, 1 vaga(s) de garagem.",186000.0,186000.0,0.0,Leilão SFI - Edital Único,,SAO JOSE DOS CAMPOS,SP,Não
1555525114380,"RUA CANDIDO DAS NEVES, N. 478,",VILA ESTER,"Casa, 156.36 de área total, 156.36 de área privativa, 225.00 de área do terreno.",498000.0,498000.0,0.0,Leilão SFI - Edital Único,,SAO JOSE DOS CAMPOS,SP,Não
8787718869773,"AVENIDA JOSE ESPERIDIAO DOS SANTOS, N. 200, Apto 907, TORRE 01 VAGA 12",RESERVA VALE REAL,"Apartamento, 88.61 de área total, 42.42 de área privativa, 0.00 de área do terreno,  2 qto(s), a.serv, WC, 1 sala(s), cozinha, 1 vaga(s) de garagem.",296000.0,296000.0,0.0,Leilão SFI - Edital Único,,SAO JOSE DOS CAMPOS,SP,Não
8444419981560,"AVENIDA SALINAS, N. 3544, Apto 302, PAV 3 BL A VG 12",BOSQUE DOS EUCALIPTOS,"Apartamento, 91.52 de área total, 45.77 de área privativa, 0.00 de área do terreno,  2 qto(s), a.serv, WC, 1 sala(s), cozinha, 1 vaga(s) de garagem.",160302.38,152462.75,0.0,Leilão SFI - Edital Único,,SAO JOSE DOS CAMPOS,SP,Não
8787716702200,"RUA ADELAIDE LOUZADA FRANCO DO AMARAL, N. 101, Apto 13, BL 12",JARDIM SAO JOSE LESTE,"Apartamento, 104.81 de área total, 45.94 de área privativa, 0.00 de área do terreno,  2 qto(s), WC, 1 sala(s), cozinha, 1 vaga(s) de garagem.",223436.22,210000.0,0.0,Leilão SFI - Edital Único,,SAO JOSE DOS CAMPOS,SP,Não
1444418748422,"RUA EXPEDICIONARIO JOSE LOPES CRUZ, N. SN, LT 23 QD 200 - ALTOS DA SERRA VI",URBANOVA VII,"Terreno, 0.00 de área total, 0.00 de área privativa, 250.00 de área do terreno, cozinha.",1563732.55,1143364.11,0.0,Leilão SFI - Edital Único,,SAO JOSE DOS CAMPOS,SP,Não
8787718020271,"AVENIDA PRESIDENTE TANCREDO NEVES, N. 4200, Apto 406, TR 01 4 PAV VG 203",PARQUE NOVO HORIZONTE,"Apartamento, 53.27 de área total, 42.23 de área privativa, 0.00 de área do terreno,  2 qto(s), a.serv, WC, 1 sala(s), cozinha, 1 vaga(s) de garagem.",401246.42,265000.0,0.0,Leilão SFI - Edital Único,,SAO JOSE DOS CAMPOS,SP,Não
1444419831072,"RUA JOSE LUIZ DA MOTA MACEDO, N. SN,",JARDIM ALVORADA,"Casa, 0.00 de área total, 206.62 de área privativa, 1000.00 de área do terreno,  2 qto(s), a.serv, WC, 1 sala(s), cozinha, 1 vaga(s) de garagem.",348164.8,607000.0,42.65,Venda Online,,SAO MANUEL,SP,Não
1444408673560,"RUA FUAD ABRAAO, N. 860",JD BELA VISTA,"Casa, 0.00 de área total, 74.89 de área privativa, 125.00 de área do terreno,  2 qto(s), a.serv, WC, 1 sala(s), cozinha.",194153.55,155624.0,0.0,Leilão SFI - Edital Único,,SAO MIGUEL ARCANJO,SP,Não
1444401991671,"RUA CLARA AURORA, N. S/N, QD G LT 17",JARDIM INGA,"Terreno, 0.00 de área total, 0.00 de área privativa, 260.00 de área do terreno.",218481.74,550485.0,60.32,Venda Direta Online,,SAO PAULO,SP,Sim
10155530,"RUA SERRA DE SANTA MARTA, N. 436, SOBRADO A",VILA CARMOSINA,"Terreno, 0.00 de área total, 0.00 de área privativa, 43.40 de área do terreno.",52711.49,107470.0,50.96,Venda Direta Online,,SAO PAULO,SP,Não
10155583,"RUA SERRA DE SANTA MARTA, N. 436, SOBRADO L",VILA CARMOSINA,"Terreno, 66.37 de área total, 0.00 de área privativa, 42.00 de área do terreno.",43290.63,87000.0,50.25,Venda Online,,SAO PAULO,SP,Não
8024690390620,"RUA ALEXANDRE RAPIN, N. 245, Apto 141, PRÉDIO 2",JARDIM CELESTE,"Apartamento, 0.00 de área total, 64.36 de área privativa, 0.00 de área do terreno,  3 qto(s), WC, 2 sala(s), cozinha, 2 vaga(s) de garagem.",183179.79,368000.0,50.23,Licitação Aberta,,SAO PAULO,SP,Não
10155584,"RUA SERRA DE SANTA MARTA, N. 436, SOBRADO J",VILA CARMOSINA,"Terreno, 66.37 de área total, 0.00 de área privativa, 42.00 de área do terreno.",51438.26,102185.0,49.67,Venda Online,,SAO PAULO,SP,Não
10007789,"BARAO DE LIMEIRA, N. 1151, Apto 62",CAMPOS ELISEOS,"Apartamento, 0.00 de área total, 63.95 de área privativa, 0.00 de área do terreno,  1 qto(s), a.serv, WC, 1 sala(s), cozinha.",170767.62,339000.0,49.63,Licitação Aberta,,SAO PAULO,SP,Não
10007790,"AL BARAO DE LIMEIRA, N. 1348, Apto 24",CAMPOS ELISEOS,"Apartamento, 0.00 de área total, 70.00 de área privativa, 0.00 de área do terreno,  2 qto(s), a.serv, WC, 1 sala(s), cozinha, 1 vaga(s) de garagem.",236253.73,469000.0,49.63,Licitação Aberta,,SAO PAULO,SP,Não
1555509107308,"RUA PARAUPAVA, N. 55/57, UNIDAE RESIDENCIAL Nº 57",BELENZINHO,"Casa, 0.00 de área total, 88.45 de área privativa, 130.00 de área do terreno,  2 qto(s), a.serv, WC, 1 sala(s), cozinha, Terraco.",218622.86,434000.0,49.63,Licitação Aberta,,SAO PAULO,SP,Não
10155531,"RUA SERRA DE SANTA MARTA, N. 436, SOBRADO C",VILA CARMOSINA,"Terreno, 0.00 de área total, 0.00 de área privativa, 42.00 de área do terreno.",43408.48,85000.0,48.94,Venda Online,,SAO PAULO,SP,Não
10155534,"RUA SERRA DE SANTA MARTA, N. 436, SOBRADO E",VILA CARMOSINA,"Terreno, 0.00 de área total, 0.00 de área privativa, 42.00 de área do terreno.",43408.48,85000.0,48.94,Venda Online,,SAO PAULO,SP,Não
10155586,"RUA SERRA DE SANTA MARTA, N. 436, SOBRADO G",VILA CARMOSINA,"Terreno, 66.37 de área total, 0.00 de área privativa, 42.00 de área do terreno.",46472.61,91000.0,48.94,Venda Direta Online,,SAO PAULO,SP,Não
10155585,"RUA SERRA DE SANTA MARTA, N. 436, SOBRADO I",VILA CARMOSINA,"Terreno, 0.00 de área total, 0.00 de área privativa, 42.00 de área do terreno.",65923.44,129000.0,48.9,Venda Online,,SAO PAULO,SP,Não
10210552,"AVENIDA MIGUEL ESTEFNO, N. 434",SAUDE,"Comercial, 0.00 de área total, 286.00 de área privativa, 298.20 de área do terreno.",1183860.45,2281000.0,48.1,Venda Direta Online,,SAO PAULO,SP,Não
1444401324527,"RUA JAMANARI, N. 215, Apto 121, TIPO B, 12º ANDAR",VILA ANDRADE,"Apartamento, 0.00 de área total, 205.62 de área privativa, 0.00 de área do terreno,  3 qto(s), a.serv, WC, WC Emp, 1 sala(s), 2 lavabo(s), DCE, cozinha, Terraco, 4 vaga(s) de garagem.",673155.19,1297000.0,48.1,Venda Online,,SAO PAULO,SP,Não
1026941748668,"RUA CRISEIDA, N. 40, LT 06 QD 08",JARDIM CRIS,"Casa, 0.00 de área total, 97.44 de área privativa, 97.44 de área do terreno.",287602.04,538304.0,46.58,Venda Direta Online,,SAO PAULO,SP,Não
10155582,"RUA SERRA DE SANTA MARTA, N. 436, SOBRADO F",VILA CARMOSINA,"Terreno, 0.00 de área total, 0.00 de área privativa, 42.00 de área do terreno.",91368.1,170000.0,46.26,Venda Online,,SAO PAULO,SP,Não
10217325,"AVENIDA GIOVANNI GRONCHI, N. 3891, Apto 03",VILA ANDRADE,"Apartamento, 0.00 de área total, 355.25 de área privativa, 0.00 de área do terreno, 3 vaga(s) de garagem.",684730.48,1264000.0,45.83,Venda Online,,SAO PAULO,SP,Sim
10155528,"RUA SERRA DE SANTA MARTA, N. 436, SOBRADO D",VILA CARMOSINA,"Casa, 0.00 de área total, 64.20 de área privativa, 42.00 de área do terreno.",155909.9,287000.0,45.68,Venda Online,,SAO PAULO,SP,Não
1444404030427,"RUA MAJOR SERTORIO, N. 332, Apto 102, PAV 02",VILA BUARQUE,"Sala, 128.29 de área total, 100.24 de área privativa, 0.00 de área do terreno, WC, 1 sala(s).",252238.57,459000.0,45.05,Venda Direta Online,,SAO PAULO,SP,Não
10214225,"RUA JOCELINO DA CRUZ, N. 89",VILA DA SAUDE,"Prédio, 0.00 de área total, 1067.45 de área privativa, 500.00 de área do terreno.",2569877.46,4676421.04,45.05,Venda Direta Online,,SAO PAULO,SP,Não
1444410348263,"RUA CARLOS COELHO, N. 214, UN 01 CONJ. RES. SÃO CARLOS",BURGO PAULISTA,"Casa, 0.00 de área total, 106.16 de área privativa, 66.42 de área do terreno,  2 qto(s), varanda, a.serv, WC, 1 sala(s), 1 lavabo(s), cozinha, 2 vaga(s) de garagem.",231225.26,415000.0,44.29,Licitação Aberta,,SAO PAULO,SP,Não
1444423500883,"RUA JORNALISTA AMERICO ARIZA, N. 46,",VILA LUCIA,"Prédio, 268.20 de área total, 268.20 de área privativa, 422.25 de área do terreno,  2 qto(s).",870491.66,1561000.0,44.24,Venda Direta Online,,SAO PAULO,SP,Não
1444401809032,"RUA CORVETA CAMACUA, N. 999, LT 13 QD 20",VILA INAH,"Terreno, 0.00 de área total, 0.00 de área privativa, 446.00 de área do terreno.",1249136.02,2240000.0,44.24,Venda Direta Online,,SAO PAULO,SP,Sim
1308600001270,"RUA GUAIMBE, N. 696,",MOOCA,"Casa, 258.00 de área total, 258.00 de área privativa, 209.12 de área do terreno.",960167.39,1700000.0,43.52,Venda Direta Online,,SAO PAULO,SP,Sim
8444432108107,"RUA JOAQUIM JOSE DA SILVA XAVIER, N. 103, LT 21 QD I",JARDIM TANGO,"Casa, 185.00 de área total, 90.00 de área privativa, 90.00 de área do terreno.",392502.49,693000.0,43.37,Venda Direta Online,,SAO PAULO,SP,Sim
8787715807866,"RUA JUA MIRIM, N. 385, Apto 1705, TORRE A",JARDIM PEDRA BRANCA,"Apartamento, 47.55 de área total, 32.39 de área privativa, 0.00 de área do terreno.",90746.77,155000.0,41.46,Licitação Aberta,,SAO PAULO,SP,Não
8444424832888,"RUA BENEDICTO VICENTE, N. 393, Apto 07,",VILA ITAIM,"Apartamento, 49.97 de área total, 27.84 de área privativa, 0.00 de área do terreno,  2 qto(s), a.serv, WC, 1 sala(s), cozinha.",87819.45,150000.0,41.46,Licitação Aberta,,SAO PAULO,SP,Não
8555536347355,"RUA CUSTODIO PAIVA, N. 205, Apto 32, 03 PAV BL 10",DIST DE GUAIANAZES,"Apartamento, 61.72 de área total, 38.72 de área privativa, 0.00 de área do terreno,  2 qto(s), a.serv, WC, 1 sala(s), cozinha.",100741.08,170000.0,40.75,Licitação Aberta,,SAO PAULO,SP,Não
8444429062568,"RUA IGARAPE DA MISSAO, N. 428, Apto 12B,",GUAIANAZES,"Apartamento, 48.42 de área total, 42.37 de área privativa, 0.00 de área do terreno,  2 qto(s), a.serv, WC, 1 sala(s), cozinha.",94815.14,160000.0,40.75,Venda Direta Online,,SAO PAULO,SP,Não
8787702457101,"RUA CARMINE MONETTI, N. 1280, Apto 4, TÉRREO, BL 05",JARDIM DAS OLIVEIRAS,"Apartamento, 63.41 de área total, 38.72 de área privativa, 0.00 de área do terreno,  2 qto(s), a.serv, WC, 1 sala(s), cozinha.",106667.03,180000.0,40.75,Venda Direta Online,,SAO PAULO,SP,Não
8555533790720,"RUA SAO JOSE DE MOSSAMEDES, N. 29, Apto 24, BL 04",NUCLEO LAGEADO,"Apartamento, 64.42 de área total, 38.72 de área privativa, 0.00 de área do terreno,  2 qto(s), WC, 1 sala(s), cozinha.",103704.06,175000.0,40.75,Venda Direta Online,,SAO PAULO,SP,Não
8787711516271,"RUA 17 DE JANEIRO, N. 185, Apto 1307, TORRE A",PARAISO DO MORUMBI,"Apartamento, 40.05 de área total, 24.00 de área privativa, 0.00 de área do terreno,  1 qto(s), a.serv, WC, 1 sala(s), cozinha.",104296.65,176000.0,40.75,Licitação Aberta,,SAO PAULO,SP,Não
1600000094408,"RUA TUCUNA, N. 659, Apto 61, 6º ANDAR",PERDIZES,"Apartamento, 208.99 de área total, 103.52 de área privativa, 0.00 de área do terreno,  3 qto(s), a.serv, WC, WC Emp, 1 sala(s), cozinha, 2 vaga(s) de garagem.",900000.0,1500000.0,40.0,Leilão SFI - Edital Único,,SAO PAULO,SP,Não
8787709516758,"RUA FERNAO VAZ DA COSTA, N. 88, Apto 1006, 10º PAVIMENTO",VILA NOVA DAS BELEZAS,"Apartamento, 40.57 de área total, 30.33 de área privativa, 0.00 de área do terreno,  1 qto(s), WC, 1 sala(s), cozinha.",150000.0,250000.0,40.0,Leilão SFI - Edital Único,,SAO PAULO,SP,Não
8787709688290,"RUA FERNAO VAZ DA COSTA, N. 88, Apto 806, 8º PAVIMENTO",VILA NOVA DAS BELEZAS,"Apartamento, 40.57 de área total, 30.33 de área privativa, 0.00 de área do terreno,  1 qto(s), WC, 1 sala(s), cozinha.",150000.0,250000.0,40.0,Leilão SFI - Edital Único,,SAO PAULO,SP,Não
8787709311951,"AVENIDA MIGUEL YUNES, N. 717, Apto 118, 11º PAVIMENTO BLOCO 3",USINA PIRATININGA,"Apartamento, 75.91 de área total, 44.18 de área privativa, 0.00 de área do terreno,  1 qto(s), WC, 1 sala(s), cozinha.",174000.0,290000.0,40.0,Leilão SFI - Edital Único,,SAO PAULO,SP,Não
8444434616118,"RUA CACHOEIRA PORAQUE, N. 21, Apto 13A, BL A",BUTANTÃ,"Apartamento, 48.42 de área total, 42.26 de área privativa, 0.00 de área do terreno,  2 qto(s), WC, 1 sala(s), cozinha.",111816.5,185000.0,39.56,Licitação Aberta,,SAO PAULO,SP,Não
8787702374060,"AVENIDA RAIMUNDO PEREIRA DE MAGALHAES, N. 10797, Apto 24, BL 01",JARDIM PANAMERICANO,"Apartamento, 67.37 de área total, 38.72 de área privativa, 0.00 de área do terreno.",111816.5,185000.0,39.56,Licitação Aberta,,SAO PAULO,SP,Não
8787710600481,"RUA VICTORIO SANTIM, N. 2115, Apto 34, PAV TERREO",DISTRITO DE ITAQUERA,"Apartamento, 53.54 de área total, 37.35 de área privativa, 0.00 de área do terreno,  2 qto(s), WC, 1 sala(s), cozinha.",122091.53,202000.0,39.56,Licitação Aberta,,SAO PAULO,SP,Não
8787712843551,"RUA CLENIO WANDERLEY, N. 80, Apto 1904, BL 02 SUBCOND 01",DISTRITO DE ITAQUERA,"Apartamento, 54.55 de área total, 35.03 de área privativa, 0.00 de área do terreno,  2 qto(s), WC, 1 sala(s), cozinha.",118465.05,196000.0,39.56,Licitação Aberta,,SAO PAULO,SP,Não
8787714412140,"RUA CLENIO WANDERLEY, N. 80, Apto 1004, BL 1 10 PAVIMENTO",DISTRITO DE ITAQUERA,"Apartamento, 0.00 de área total, 35.35 de área privativa, 0.00 de área do terreno.",121245.35,200600.0,39.56,Licitação Aberta,,SAO PAULO,SP,Não
8787720928072,"RUA TOMOICHI SHIMIZU, N. 181, Apto 1811, TORRE B PAV18 HMP",GUAIANASES,"Apartamento, 56.18 de área total, 32.39 de área privativa, 0.00 de área do terreno,  2 qto(s), WC, 1 sala(s), cozinha.",131982.73,218364.96,39.56,Venda Direta Online,,SAO PAULO,SP,Não
8787711326162,"RUA NEREU RANGEL PESTANA, N. 70, Apto 704, TORRE 02",BRASILANDIA,"Apartamento, 49.33 de área total, 34.24 de área privativa, 0.00 de área do terreno.",131157.73,217000.0,39.56,Licitação Aberta,,SAO PAULO,SP,Não
8787714948563,"RUA NORA NEY, N. 80, Apto 608, TR B SUBCOND 02",CAPELA DO SOCORRO,"Apartamento, 37.03 de área total, 27.61 de área privativa, 0.00 de área do terreno,  1 qto(s), WC, 1 sala(s), cozinha.",135388.62,224000.0,39.56,Licitação Aberta,,SAO PAULO,SP,Não
8787711096663,"RUA FLORA, N. 123, Apto 1416,",BRAS,"Apartamento, 33.50 de área total, 25.61 de área privativa, 0.00 de área do terreno,  1 qto(s), WC.",139015.11,230000.0,39.56,Licitação Aberta,,SAO PAULO,SP,Não
8787712490004,"PRACA ALBERTO LION, N. 304, Apto 107, TORRE A",CAMBUCI,"Apartamento, 43.92 de área total, 35.28 de área privativa, 0.00 de área do terreno.",138410.69,229000.0,39.56,Licitação Aberta,,SAO PAULO,SP,Não
8787707636179,"RUA LUIZ PORRIO, N. 415, Apto 104, HIS",BELA VISTA,"Apartamento, 38.13 de área total, 25.03 de área privativa, 0.00 de área do terreno.",129344.49,214000.0,39.56,Licitação Aberta,,SAO PAULO,SP,Não
8555537350511,"RUA RAPOSO DA FONSECA, N. 1044, Apto 44, BL 02",CIDADE POPULAR,"Apartamento, 0.00 de área total, 38.72 de área privativa, 0.00 de área do terreno.",114234.15,189000.0,39.56,Venda Direta Online,,SAO PAULO,SP,Não
8555537694547,"RUA RAPOSO DA FONSECA, N. 1044, Apto 01, BL 01",CIDADE POPULAR,"Apartamento, 81.70 de área total, 38.72 de área privativa, 0.00 de área do terreno.",125718.01,208000.0,39.56,Venda Direta Online,,SAO PAULO,SP,Não
8787711142134,"RUA ENEAS CAMARGO, N. 388, Apto 14, BL 03",CHACARA MARIA TRINDADE,"Apartamento, 69.06 de área total, 41.56 de área privativa, 0.00 de área do terreno,  2 qto(s), WC, 1 sala(s), cozinha.",126322.42,209000.0,39.56,Licitação Aberta,,SAO PAULO,SP,Não
8787716656152,"AVENIDA NAGIB FARAH MALUF, N. 2100, Apto 310, TORRE 01",CONJUNTO RESIDENCIAL JOSE BONIFACIO,"Apartamento, 47.35 de área total, 36.30 de área privativa, 0.00 de área do terreno,  2 qto(s), WC, 1 sala(s), cozinha.",137806.28,228000.0,39.56,Licitação Aberta,,SAO PAULO,SP,Não
8444431160628,"RUA IDEAL, N. 123, Apto 13,",GUAIANAZES,"Apartamento, 52.15 de área total, 38.63 de área privativa, 0.00 de área do terreno,  2 qto(s), a.serv, WC, 1 sala(s), cozinha.",119673.87,198000.0,39.56,Venda Direta Online,,SAO PAULO,SP,Não
8555536294448,"RUA TIBURCIO DE SOUSA, N. 3350, Apto 21, BL 02",GUAIANAZES,"Apartamento, 68.76 de área total, 38.72 de área privativa, 0.00 de área do terreno,  2 qto(s), WC, 1 sala(s), cozinha.",122263.02,202283.73,39.56,Venda Direta Online,,SAO PAULO,SP,Não
8555538627959,"RUA SANTANA DO RIO PRETO, N. 440, Apto 106, PAV 01 BL 08 VG 206",GUAIANAZES,"Apartamento, 72.66 de área total, 35.68 de área privativa, 0.00 de área do terreno,  1 qto(s), WC, 1 sala(s), cozinha, 1 vaga(s) de garagem.",120882.7,200000.0,39.56,Licitação Aberta,,SAO PAULO,SP,Não
8787706222451,"RUA ARROIO SARANDI, N. 65, Apto 01, BL 01",GUAIANAZES,"Apartamento, 60.53 de área total, 41.56 de área privativa, 0.00 de área do terreno,  2 qto(s), a.serv, WC, 1 sala(s), cozinha.",117860.63,195000.0,39.56,Venda Direta Online,,SAO PAULO,SP,Não
8787710263353,"RUA HIROVO KAMINOBO, N. 980, Apto 01, LT 01",GUAIANAZES,"Apartamento, 88.43 de área total, 41.56 de área privativa, 0.00 de área do terreno,  2 qto(s), WC, 1 sala(s), cozinha.",129948.9,215000.0,39.56,Venda Direta Online,,SAO PAULO,SP,Não
8787712647612,"AVENIDA NAGIB FARAH MALUF, N. 2100, Apto 121, TORRE 3 HMP",GUAIANAZES,"Apartamento, 34.47 de área total, 26.43 de área privativa, 0.00 de área do terreno,  1 qto(s), WC, 1 sala(s), cozinha.",122695.94,203000.0,39.56,Venda Direta Online,,SAO PAULO,SP,Não
8787713200999,"RUA TOMOICHI SHIMIZU, N. 191, Apto 211, TORRE B HIS-2",GUAIANAZES,"Apartamento, 55.39 de área total, 32.39 de área privativa, 0.00 de área do terreno,  2 qto(s), WC, 1 sala(s), cozinha.",120882.7,200000.0,39.56,Venda Direta Online,,SAO PAULO,SP,Não
8787714712659,"RUA INACIO DE OLIVEIRA CAMPOS, N. 550, Apto 404, TORRE 02 HIS",GUAIANAZES,"Apartamento, 60.27 de área total, 33.90 de área privativa, 0.00 de área do terreno,  2 qto(s), a.serv, WC, 1 sala(s), cozinha.",123300.35,204000.0,39.56,Venda Direta Online,,SAO PAULO,SP,Não
8787714847350,"RUA INACIO DE OLIVEIRA CAMPOS, N. 550, Apto 1003, TORRE 02 HIS",GUAIANAZES,"Apartamento, 60.27 de área total, 33.90 de área privativa, 0.00 de área do terreno,  1 qto(s), WC, 1 sala(s), cozinha.",126926.84,210000.0,39.56,Venda Direta Online,,SAO PAULO,SP,Não
8787715402017,"RUA INACIO DE OLIVEIRA CAMPOS, N. 550, Apto 702, TORRE 1 HIS",GUAIANAZES,"Apartamento, 61.72 de área total, 34.72 de área privativa, 0.00 de área do terreno,  2 qto(s), a.serv, WC, 1 sala(s), cozinha.",125113.59,207000.0,39.56,Venda Direta Online,,SAO PAULO,SP,Não
8787715539330,"RUA INACIO DE OLIVEIRA CAMPOS, N. 550, Apto 902, TORRE 1 HIS",GUAIANAZES,"Apartamento, 61.72 de área total, 34.72 de área privativa, 0.00 de área do terreno,  2 qto(s), WC, 1 sala(s), cozinha.",129948.9,215000.0,39.56,Venda Direta Online,,SAO PAULO,SP,Não
8787715621797,"RUA INACIO DE OLIVEIRA CAMPOS, N. 550, Apto 507, TORRE 02 HIS",GUAIANAZES,"Apartamento, 61.72 de área total, 34.72 de área privativa, 0.00 de área do terreno,  2 qto(s), WC, 1 sala(s), cozinha.",120882.7,200000.0,39.56,Licitação Aberta,,SAO PAULO,SP,Não
8787715644029,"RUA INACIO DE OLIVEIRA CAMPOS, N. 550, Apto 908, TORRE 01 HIS",GUAIANAZES,"Apartamento, 61.72 de área total, 34.72 de área privativa, 0.00 de área do terreno,  2 qto(s), a.serv, WC, 1 sala(s), cozinha.",125113.59,207000.0,39.56,Venda Direta Online,,SAO PAULO,SP,Não
8787716706028,"AVENIDA NAGIB FARAH MALUF, N. 1470, Apto 620, HMP",GUAIANAZES,"Apartamento, 0.00 de área total, 26.43 de área privativa, 0.00 de área do terreno.",128135.66,212000.0,39.56,Venda Direta Online,,SAO PAULO,SP,Não
8787716882012,"RUA VITOR GIANOTTI, N. 25, Apto 1202, HIS-1",GUAIANAZES,"Apartamento, 51.57 de área total, 34.85 de área privativa, 0.00 de área do terreno,  2 qto(s), a.serv, WC, 1 sala(s), cozinha.",129948.9,215000.0,39.56,Venda Direta Online,,SAO PAULO,SP,Não
8787716956830,"RUA TOMOICHI SHIMIZU, N. 191, Apto 1703, TORRE A - HMP",GUAIANAZES,"Apartamento, 47.30 de área total, 32.48 de área privativa, 0.00 de área do terreno,  2 qto(s), a.serv, WC, 1 sala(s), cozinha.",117860.63,195000.0,39.56,Licitação Aberta,,SAO PAULO,SP,Não
8787717103050,"RUA SALVADOR GIANETTI, N. 201, Apto 10, TORRE 03",GUAIANAZES,"Apartamento, 63.16 de área total, 33.79 de área privativa, 0.00 de área do terreno,  2 qto(s), WC, 1 sala(s), cozinha.",139619.52,231000.0,39.56,Licitação Aberta,,SAO PAULO,SP,Não
8787717876393,"RUA INACIO DE OLIVEIRA CAMPOS, N. 550, Apto 907, TORRE 02 HIS",GUAIANAZES,"Apartamento, 61.72 de área total, 34.72 de área privativa, 0.00 de área do terreno,  2 qto(s), a.serv, WC, 1 sala(s), cozinha.",132970.97,220000.0,39.56,Venda Direta Online,,SAO PAULO,SP,Não
8787715140152,"RUA INDAIA GRANDE, N. 115, Apto 1912, 19 PAV",FAZENDA ARICANDUVA,"Apartamento, 46.82 de área total, 32.75 de área privativa, 0.00 de área do terreno,  2 qto(s), a.serv, WC, 1 sala(s), cozinha.",128135.66,212000.0,39.56,Licitação Aberta,,SAO PAULO,SP,Não
8787712626127,"RUA MARCO GIANNINI, N. 237, Apto 13, BL 03 SUBCOND 01",JAGUARE,"Apartamento, 59.58 de área total, 40.20 de área privativa, 0.00 de área do terreno,  2 qto(s), WC, 1 sala(s), cozinha.",141130.55,233500.0,39.56,Licitação Aberta,,SAO PAULO,SP,Não
8444434497763,"RUA ENGENHEIRO ROMEU BELLUOMINI, N. 50, Apto 12, HIS2",JARDIM HELENA,"Apartamento, 38.02 de área total, 31.44 de área privativa, 0.00 de área do terreno,  2 qto(s), WC, 1 sala(s), cozinha.",124287.75,205633.65,39.56,Venda Direta Online,,SAO PAULO,SP,Não
8444432178750,"ESTRADA DOM JOAO NERY, N. 4194, Apto 43, BLOCO BTORRE 01 - 4º PAVIMENTO",JARDIM BARTIRA,"Apartamento, 82.92 de área total, 41.30 de área privativa, 0.00 de área do terreno,  2 qto(s), WC, 1 sala(s), cozinha, 1 vaga(s) de garagem.",119671.49,197996.05,39.56,Licitação Aberta,,SAO PAULO,SP,Não
8787718490138,"RUA EDVARD CARMILO, N. 520, Apto 2012, TR A HIS 1",JARDIM CELESTE,"Apartamento, 50.00 de área total, 32.75 de área privativa, 0.00 de área do terreno,  2 qto(s), a.serv, WC, 1 sala(s), cozinha.",126926.84,210000.0,39.56,Licitação Aberta,,SAO PAULO,SP,Não
8787711445412,"AVENIDA VEREADOR JOAO DE LUCA, N. 1790, Apto 301, TORRE 01",JARDIM PRUDENCIA,"Apartamento, 48.04 de área total, 33.75 de área privativa, 0.00 de área do terreno,  2 qto(s), WC, 1 sala(s), cozinha.",132970.97,220000.0,39.56,Licitação Aberta,,SAO PAULO,SP,Não
8787712834552,"RUA CLENIO WANDERLEY, N. 80, Apto 1105, BL 02 - SUBCOND 02 - HIS",ITAQUERA,"Apartamento, 54.55 de área total, 35.03 de área privativa, 0.00 de área do terreno,  2 qto(s), a.serv, WC, 1 sala(s), cozinha.",119129.9,197100.0,39.56,Licitação Aberta,,SAO PAULO,SP,Não
8787713128481,"RUA CLENIO WANDERLEY, N. 80, Apto 807, BL 01 HIS-1",ITAQUERA,"Apartamento, 54.55 de área total, 35.03 de área privativa, 0.00 de área do terreno,  2 qto(s), WC, 1 sala(s), cozinha.",129834.86,214811.32,39.56,Venda Direta Online,,SAO PAULO,SP,Não
8787713355976,"RUA CLENIO WANDERLEY, N. 80, Apto 1608, 16º PAV BL 02 - SUBCONDOMINIO 1",ITAQUERA,"Apartamento, 0.00 de área total, 35.03 de área privativa, 0.00 de área do terreno.",129948.9,215000.0,39.56,Venda Direta Online,,SAO PAULO,SP,Não
8787713482340,"RUA CLENIO WANDERLEY, N. 80, Apto 1303, BL 02 HIS-1",ITAQUERA,"Apartamento, 54.55 de área total, 35.03 de área privativa, 0.00 de área do terreno,  2 qto(s), a.serv, WC, 1 sala(s), cozinha.",129948.9,215000.0,39.56,Venda Direta Online,,SAO PAULO,SP,Não
8787714643495,"RUA CLENIO WANDERLEY, N. 80, Apto 1607, BL 01 SUBCON 02 HIS",ITAQUERA,"Apartamento, 54.55 de área total, 35.03 de área privativa, 0.00 de área do terreno,  2 qto(s), a.serv, WC, 1 sala(s), cozinha.",123904.77,205000.0,39.56,Licitação Aberta,,SAO PAULO,SP,Não
8787714681184,"RUA CLENIO WANDERLEY, N. 80, Apto 1604, BL 03 HMP",ITAQUERA,"Apartamento, 54.55 de área total, 35.03 de área privativa, 0.00 de área do terreno,  2 qto(s), WC, 1 sala(s), cozinha.",132970.97,220000.0,39.56,Venda Direta Online,,SAO PAULO,SP,Não
8787715630141,"AVENIDA ADRIANO BERTOZZI, N. 850, Apto 15, BL 02 SUBCOND 01 HIS",ITAQUERA,"Apartamento, 70.70 de área total, 41.56 de área privativa, 0.00 de área do terreno,  2 qto(s), WC, 1 sala(s), cozinha.",135730.3,224565.3,39.56,Licitação Aberta,,SAO PAULO,SP,Não
8787717212517,"AVENIDA ADRIANO BERTOZZI, N. 850, Apto 08, BL 09 HIS-2",ITAQUERA,"Apartamento, 70.70 de área total, 41.56 de área privativa, 0.00 de área do terreno,  2 qto(s), WC, 1 sala(s), cozinha.",141413.77,233968.58,39.56,Venda Direta Online,,SAO PAULO,SP,Não
8787718180767,"RUA GOIATA, N. 232, Apto 701, TORRE 04",ITAQUERA,"Apartamento, 58.37 de área total, 41.30 de área privativa, 0.00 de área do terreno,  2 qto(s), a.serv, WC, 1 sala(s), cozinha.",126926.84,210000.0,39.56,Licitação Aberta,,SAO PAULO,SP,Não
8787718404070,"RUA GOIATA, N. 232, Apto 1007, TORRE 03",ITAQUERA,"Apartamento, 58.37 de área total, 41.30 de área privativa, 0.00 de área do terreno,  2 qto(s), a.serv, 1 sala(s), cozinha.",134169.5,221982.96,39.56,Venda Direta Online,,SAO PAULO,SP,Não
8787711264566,"RUA PROFESSOR ARNALDO JOAO SEMERARO, N. 580, Apto 1503, TORRE 01",JARDIM SANTA EMILIA,"Apartamento, 35.71 de área total, 24.86 de área privativa, 0.00 de área do terreno.",120882.7,200000.0,39.56,Licitação Aberta,,SAO PAULO,SP,Não
8787714741810,"RUA JUA MIRIM, N. 385, Apto 902, TORRE A",JARDIM PEDRA BRANCA,"Apartamento, 47.55 de área total, 32.39 de área privativa, 0.00 de área do terreno,  2 qto(s), WC, 1 sala(s), cozinha.",123904.77,205000.0,39.56,Licitação Aberta,,SAO PAULO,SP,Não
8787715033143,"RUA JUA MIRIM, N. 385, Apto 1109, TR B PAV 11",JARDIM PEDRA BRANCA,"Apartamento, 0.00 de área total, 32.48 de área privativa, 0.00 de área do terreno.",122695.94,203000.0,39.56,Venda Direta Online,,SAO PAULO,SP,Não
8787708399898,"AVENIDA NORDESTINA, N. 2780, Apto 1410, TORRE 01",JARDIM AURORA (ZONA LESTE),"Apartamento, 52.98 de área total, 35.17 de área privativa, 0.00 de área do terreno,  2 qto(s), WC, 1 sala(s), cozinha.",129948.9,215000.0,39.56,Licitação Aberta,,SAO PAULO,SP,Não
8787709765146,"AVENIDA NORDESTINA, N. 2800, Apto 808, TORRE 01",JARDIM AURORA (ZONA LESTE),"Apartamento, 54.06 de área total, 37.90 de área privativa, 0.00 de área do terreno,  2 qto(s), a.serv, WC, 1 sala(s), cozinha.",128135.66,212000.0,39.56,Licitação Aberta,,SAO PAULO,SP,Não
8787703501767,"RUA KENKITI SHIMOMOTO, N. 1100, Apto 34, 3° PAVIMENTO BL 03",JARDIM BOA VISTA (ZONA OESTE),"Apartamento, 0.00 de área total, 41.56 de área privativa, 0.00 de área do terreno.",120882.7,200000.0,39.56,Licitação Aberta,,SAO PAULO,SP,Não
8787703893096,"RUA KENKITI SHIMOMOTO, N. 1100, Apto 65, BL 01",JARDIM BOA VISTA (ZONA OESTE),"Apartamento, 74.30 de área total, 41.56 de área privativa, 0.00 de área do terreno,  2 qto(s), WC, 1 sala(s), cozinha.",114838.57,190000.0,39.56,Licitação Aberta,,SAO PAULO,SP,Não
8787704032442,"RUA KENKITI SHIMOMOTO, N. 1100, Apto 64, BL 01",JARDIM BOA VISTA (ZONA OESTE),"Apartamento, 74.30 de área total, 41.56 de área privativa, 0.00 de área do terreno,  2 qto(s), WC, 1 sala(s), cozinha.",120882.7,200000.0,39.56,Licitação Aberta,,SAO PAULO,SP,Não
8555538742480,"RUA VATICANO, N. 275, Apto 32, BL. 03",JARDIM JOAO XXIII,"Apartamento, 0.00 de área total, 38.72 de área privativa, 0.00 de área do terreno,  2 qto(s), a.serv, WC, 1 sala(s), cozinha.",123904.77,205000.0,39.56,Venda Direta Online,,SAO PAULO,SP,Não
8787713792659,"RUA MINISTRO LUIS SPARANO, N. 181, Apto 507, TORRE 01 HIS",JARDIM SANTA ADELIA,"Apartamento, 44.70 de área total, 35.32 de área privativa, 0.00 de área do terreno,  1 qto(s), WC, 1 sala(s), cozinha.",135388.62,224000.0,39.56,Licitação Aberta,,SAO PAULO,SP,Não
8787714081527,"RUA MINISTRO LUIS SPARANO, N. 181, Apto 208, TORRE 01",JARDIM SANTA ADELIA,"Apartamento, 44.27 de área total, 34.98 de área privativa, 0.00 de área do terreno,  2 qto(s), a.serv, WC, 1 sala(s), cozinha.",139015.11,230000.0,39.56,Licitação Aberta,,SAO PAULO,SP,Não
8787708051549,"RUA EMILIA PILON, N. 47, Apto 22, BL 04 CH BUSSOCABA",JARDIM DO LAGO,"Apartamento, 70.05 de área total, 40.20 de área privativa, 0.00 de área do terreno,  2 qto(s), WC, 1 sala(s), cozinha.",130553.32,216000.0,39.56,Licitação Aberta,,SAO PAULO,SP,Não
8787712097965,"RUA MARIO REGALLO PEREIRA, N. 128, Apto 05, BL 06 TERREO",JARDIM GILDA MARIA,"Apartamento, 61.70 de área total, 41.56 de área privativa, 0.00 de área do terreno,  2 qto(s), a.serv, WC, 1 sala(s), cozinha.",135993.04,225000.0,39.56,Venda Direta Online,,SAO PAULO,SP,Não
8787717986733,"RUA MARCO GIANNINI, N. 240, Apto 312, BL 02, HIS 2,",JARDIM GILDA MARIA,"Apartamento, 50.76 de área total, 31.42 de área privativa, 0.00 de área do terreno,  2 qto(s), a.serv, WC, 1 sala(s), cozinha.",136597.45,226000.0,39.56,Licitação Aberta,,SAO PAULO,SP,Não
8787717589173,"RUA MANOEL SOARES DE OLIVEIRA, N. 51, Apto 1711, PAV 17 TR B",JARDIM ITACOLOMI,"Apartamento, 33.19 de área total, 26.14 de área privativa, 0.00 de área do terreno,  1 qto(s), WC, 1 sala(s), cozinha.",128740.08,213000.0,39.56,Venda Direta Online,,SAO PAULO,SP,Não
8787716992446,"RUA LUIZ GRASSMANN, N. 37, Apto 1704, 17 PAV",JARDIM MIRANTE,"Apartamento, 37.81 de área total, 26.23 de área privativa, 0.00 de área do terreno.",132970.97,220000.0,39.56,Licitação Aberta,,SAO PAULO,SP,Não
8787711155074,"AVENIDA DOS OURIVES, N. 880, Apto 1603, TORRE 01",JARDIM SAO SAVERIO,"Apartamento, 56.26 de área total, 35.04 de área privativa, 0.00 de área do terreno,  2 qto(s), a.serv, WC, 1 sala(s), cozinha.",129344.49,214000.0,39.56,Licitação Aberta,,SAO PAULO,SP,Não
8787711311530,"AVENIDA DOS OURIVES, N. 880, Apto 110, TORRE 03",JARDIM SAO SAVERIO,"Apartamento, 55.63 de área total, 34.65 de área privativa, 0.00 de área do terreno,  2 qto(s), a.serv, WC, 1 sala(s), cozinha.",135993.04,225000.0,39.56,Licitação Aberta,,SAO PAULO,SP,Não
8787712604999,"AVENIDA DOS OURIVES, N. 840, Apto 210, TORRE 3 LT 2-B HIS-2",JARDIM SAO SAVERIO,"Apartamento, 54.45 de área total, 34.65 de área privativa, 0.00 de área do terreno,  2 qto(s), a.serv, WC, 1 sala(s), cozinha.",114838.57,190000.0,39.56,Licitação Aberta,,SAO PAULO,SP,Não
8787715920522,"RUA GOIATA, N. 232, Apto 502, PAV 5 TR 2",PARADA XV DE NOVEMBRO,"Apartamento, 58.37 de área total, 41.30 de área privativa, 0.00 de área do terreno,  2 qto(s), a.serv, WC, 1 sala(s), cozinha.",126926.84,210000.0,39.56,Venda Direta Online,,SAO PAULO,SP,Não
8787717651669,"RUA GOIATA, N. 232, Apto 507, TORRE 04",PARADA XV DE NOVEMBRO,"Apartamento, 58.37 de área total, 41.30 de área privativa, 0.00 de área do terreno,  2 qto(s), a.serv, WC, 1 sala(s), cozinha.",135993.04,225000.0,39.56,Venda Direta Online,,SAO PAULO,SP,Não
8787717102711,"RUA PROFESSOR ARTUR PRIMAVESI, N. 154, Apto 503, TR A",PARQUE BRISTOL,"Apartamento, 36.09 de área total, 29.17 de área privativa, 0.00 de área do terreno,  1 qto(s), WC, 1 sala(s), cozinha.",134179.8,222000.0,39.56,Venda Direta Online,,SAO PAULO,SP,Não
8787720064272,"RUA PROFESSOR ARTUR PRIMAVESI, N. 154, Apto 1506, TORRE A PAV 5",PARQUE BRISTOL,"Apartamento, 36.03 de área total, 29.12 de área privativa, 0.00 de área do terreno,  1 qto(s), WC, 1 sala(s), cozinha.",142037.17,235000.0,39.56,Venda Direta Online,,SAO PAULO,SP,Não
8787720493840,"RUA PROFESSOR ARTUR PRIMAVESI, N. 154, Apto 1703, TORRE B",PARQUE BRISTOL,"Apartamento, 44.84 de área total, 29.17 de área privativa, 0.00 de área do terreno,  1 qto(s), WC, 1 sala(s), cozinha.",129948.9,215000.0,39.56,Licitação Aberta,,SAO PAULO,SP,Não
8787709428751,"AVENIDA DOUTOR FELIPE PINEL, N. 180, Apto 906, TORRE 2 BLOCO B",PIRITUBA,"Apartamento, 52.58 de área total, 35.71 de área privativa, 0.00 de área do terreno,  2 qto(s), a.serv, WC, 1 sala(s), cozinha.",129948.9,215000.0,39.56,Licitação Aberta,,SAO PAULO,SP,Não
8787711593179,"RUA RICARDO AVENARIUS, N. 185, Apto 808, TORRE A",PARAISOPOLIS,"Apartamento, 40.05 de área total, 24.00 de área privativa, 0.00 de área do terreno.",117256.22,194000.0,39.56,Licitação Aberta,,SAO PAULO,SP,Não
8787716033015,"RUA LEANDRO TEIXEIRA, N. 115, Apto 806, QD M",PARAISOPOLIS,"Apartamento, 36.60 de área total, 33.78 de área privativa, 0.00 de área do terreno,  2 qto(s), a.serv, WC, 1 sala(s), cozinha.",132970.97,220000.0,39.56,Licitação Aberta,,SAO PAULO,SP,Não
8787707071120,"RUA ANTONIO GOMES FERREIRA, N. 89, Apto 405, TORRE A",PARQUE FONGARO,"Apartamento, 45.13 de área total, 32.39 de área privativa, 0.00 de área do terreno,  2 qto(s), a.serv, WC, 1 sala(s), cozinha.",112775.04,186585.9,39.56,Licitação Aberta,,SAO PAULO,SP,Não
8787715951959,"RUA DA BARACELA, N. 457, Apto 111, 11º PAV, TORRE A, HIS-1",PARQUE NOVO MUNDO,"Apartamento, 48.23 de área total, 32.11 de área privativa, 0.00 de área do terreno,  2 qto(s), WC, 1 sala(s), cozinha.",126926.84,210000.0,39.56,Venda Direta Online,,SAO PAULO,SP,Não
8555533921930,"AVENIDA DOUTOR FRANCISCO MESQUITA, N. 1205, Apto 83, TORRE B, HIS-2",QUINTA DA PAINEIRA,"Apartamento, 48.92 de área total, 35.69 de área privativa, 0.00 de área do terreno,  1 qto(s), a.serv, WC, 1 sala(s), cozinha.",115945.52,191831.46,39.56,Licitação Aberta,,SAO PAULO,SP,Não
8787716833445,"RUA ANDRE DE ALMEIDA, N. 2665, Apto 913, TORRE 1",PARQUE COLONIAL,"Apartamento, 58.05 de área total, 34.65 de área privativa, 0.00 de área do terreno.",123904.77,205000.0,39.56,Licitação Aberta,,SAO PAULO,SP,Não
8787718686695,"RUA ANDRE DE ALMEIDA, N. 2665, Apto 10, TR 04 SUBCOND 02",PARQUE COLONIAL,"Apartamento, 58.60 de área total, 34.97 de área privativa, 0.00 de área do terreno,  2 qto(s), WC, 1 sala(s), cozinha.",142037.17,235000.0,39.56,Licitação Aberta,,SAO PAULO,SP,Não
8787705755103,"RUA FRIEDRICH VON VOITH, N. 635, Apto 45, BL 01",PARQUE NACOES UNIDAS,"Apartamento, 69.24 de área total, 41.56 de área privativa, 0.00 de área do terreno,  2 qto(s), WC, 1 sala(s), cozinha.",117174.33,193864.52,39.56,Licitação Aberta,,SAO PAULO,SP,Não
8787718092728,"RUA CARLOS MARIA STEIMBERG, N. 194, Apto 1705, TORRE A",VILA RE,"Apartamento, 49.83 de área total, 35.27 de área privativa, 0.00 de área do terreno,  2 qto(s), a.serv, WC, 1 sala(s), cozinha.",139015.11,230000.0,39.56,Licitação Aberta,,SAO PAULO,SP,Não
8787715346435,"RUA CELSO VIEIRA, N. 261, Apto 305, PAV 3",VILA PEREIRA BARRETO,"Apartamento, 0.00 de área total, 16.46 de área privativa, 0.00 de área do terreno.",117860.63,195000.0,39.56,Venda Online,,SAO PAULO,SP,Não
8787710210896,"RUA ITAMBU, N. 118, Apto 142, BLOCO 01 HIS1",VILA SANTOS,"Apartamento, 254.33 de área total, 42.12 de área privativa, 0.00 de área do terreno,  2 qto(s), a.serv, WC, 1 sala(s), cozinha.",117860.63,195000.0,39.56,Licitação Aberta,,SAO PAULO,SP,Não
8787712115351,"PRACA AMIANTO, N. 30, Apto 405, 4º PAV, BL 2, MÓDULO II",VILA LOURDES,"Apartamento, 78.17 de área total, 44.17 de área privativa, 0.00 de área do terreno,  2 qto(s), a.serv, WC, 1 sala(s), cozinha.",141432.76,234000.0,39.56,Venda Online,,SAO PAULO,SP,Não
8787705317653,"RUA OSORIO FRANCO VILHENA, N. 1301, Apto 32, BL 9 BILBAO HMP",VILA NOVA CURUCA,"Apartamento, 46.04 de área total, 39.40 de área privativa, 0.00 de área do terreno,  2 qto(s), a.serv, WC, 1 sala(s), cozinha, 1 vaga(s) de garagem.",114838.57,190000.0,39.56,Venda Direta Online,,SAO PAULO,SP,Não
8787715295563,"RUA OSORIO FRANCO VILHENA, N. 1217, Apto 209, TORRE A HIS",VILA NOVA CURUCA,"Apartamento, 40.10 de área total, 32.39 de área privativa, 0.00 de área do terreno,  2 qto(s), WC, 1 sala(s).",137201.86,227000.0,39.56,Venda Direta Online,,SAO PAULO,SP,Não
8787715709562,"RUA OSORIO FRANCO VILHENA, N. 1217, Apto 308, TORRE B 3PV HIS",VILA NOVA CURUCA,"Apartamento, 46.44 de área total, 32.48 de área privativa, 0.00 de área do terreno,  2 qto(s), WC, 1 sala(s), cozinha.",126926.84,210000.0,39.56,Venda Direta Online,,SAO PAULO,SP,Não
8787717683200,"RUA OSORIO FRANCO VILHENA, N. 1217, Apto 1304, TORRE A HIS",VILA NOVA CURUCA,"Apartamento, 40.29 de área total, 32.55 de área privativa, 0.00 de área do terreno,  2 qto(s), WC, 1 sala(s).",137201.86,227000.0,39.56,Venda Direta Online,,SAO PAULO,SP,Não
8787718162688,"RUA OSORIO FRANCO VILHENA, N. 1217, Apto 901, TORRE B, HIS-1",VILA NOVA CURUCA,"Apartamento, 46.82 de área total, 3275.55 de área privativa, 0.00 de área do terreno,  2 qto(s), WC, 1 sala(s), cozinha.",127227.87,210498.06,39.56,Licitação Aberta,,SAO PAULO,SP,Não
8787719435033,"RUA OSORIO FRANCO VILHENA, N. 1217, Apto 1608, TORRE B HIS",VILA NOVA CURUCA,"Apartamento, 40.21 de área total, 32.48 de área privativa, 0.00 de área do terreno,  2 qto(s), WC, 1 sala(s).",137201.86,227000.0,39.56,Venda Direta Online,,SAO PAULO,SP,Não
8787719530591,"RUA OSORIO FRANCO VILHENA, N. 1217, Apto 1407, TORRE B HIS",VILA NOVA CURUCA,"Apartamento, 40.21 de área total, 32.48 de área privativa, 0.00 de área do terreno,  2 qto(s), WC, 1 sala(s).",137201.86,227000.0,39.56,Venda Direta Online,,SAO PAULO,SP,Não
8787720129560,"RUA OSORIO FRANCO VILHENA, N. 1217, Apto 405, TORRE B HIS",VILA NOVA CURUCA,"Apartamento, 46.82 de área total, 32.75 de área privativa, 0.00 de área do terreno,  2 qto(s), WC, 1 sala(s), cozinha.",127182.36,210422.76,39.56,Venda Direta Online,,SAO PAULO,SP,Não
8787713550027,"RUA ARROIO SARANDI, N. 93, Apto 407,",CONJUNTO HABITACIONAL SANTA ETELVINA III,"Apartamento, 54.14 de área total, 35.03 de área privativa, 0.00 de área do terreno,  2 qto(s), WC, 1 sala(s), cozinha.",113629.74,188000.0,39.56,Licitação Aberta,,SAO PAULO,SP,Não
8787713602531,"RUA CLENIO WANDERLEY, N. 80, Apto 604, BL 03 SUBCOND 3",FAZENDA DA JUTA,"Apartamento, 54.55 de área total, 35.03 de área privativa, 0.00 de área do terreno,  2 qto(s), WC, 1 sala(s), cozinha.",123904.77,205000.0,39.56,Licitação Aberta,,SAO PAULO,SP,Não
8787714303031,"RUA CLENIO WANDERLEY, N. 80, Apto 1901, 19 PAV BL 01",FAZENDA DA JUTA,"Apartamento, 54.55 de área total, 35.03 de área privativa, 0.00 de área do terreno,  2 qto(s), a.serv, WC, 1 sala(s), cozinha.",122091.53,202000.0,39.56,Licitação Aberta,,SAO PAULO,SP,Não
8787714539965,"RUA CLENIO WANDERLEY, N. 80, Apto 1507, BL 03 15 PAVIMENTO",FAZENDA DA JUTA,"Apartamento, 54.56 de área total, 35.04 de área privativa, 0.00 de área do terreno,  2 qto(s), WC, 1 sala(s), cozinha.",126926.84,210000.0,39.56,Licitação Aberta,,SAO PAULO,SP,Não
8787714563548,"RUA CLENIO WANDERLEY, N. 80, Apto 2001, PV 20 BL 01 SUBCOND 2 HIS2",FAZENDA DA JUTA,"Apartamento, 54.55 de área total, 35.03 de área privativa, 0.00 de área do terreno,  2 qto(s), WC, 1 sala(s), cozinha.",129948.9,215000.0,39.56,Venda Direta Online,,SAO PAULO,SP,Não
8787714619063,"RUA CLENIO WANDERLEY, N. 80, Apto 2307, 23 PAVIMENTO BL 01",FAZENDA DA JUTA,"Apartamento, 54.55 de área total, 35.03 de área privativa, 0.00 de área do terreno,  2 qto(s), a.serv, WC, 1 sala(s), cozinha.",126926.84,210000.0,39.56,Licitação Aberta,,SAO PAULO,SP,Não
8787715141825,"RUA CLENIO WANDERLEY, N. 80, Apto 2105, 21 PAV BL 03",FAZENDA DA JUTA,"Apartamento, 54.55 de área total, 35.03 de área privativa, 0.00 de área do terreno,  2 qto(s), WC, 1 sala(s), cozinha.",125718.01,208000.0,39.56,Licitação Aberta,,SAO PAULO,SP,Não
8787709484856,"RUA SHO YOSHIOKA, N. 511, Apto 707, TORRE 01,",GLEBA DO PESSEGO,"Apartamento, 65.24 de área total, 44.74 de área privativa, 0.00 de área do terreno,  2 qto(s), WC, 1 sala(s), cozinha.",124509.18,206000.0,39.56,Licitação Aberta,,SAO PAULO,SP,Não
8787710306346,"RUA SHO YOSHIOKA, N. 511, Apto 103, BL 02 PAV 1",GLEBA DO PESSEGO,"Apartamento, 65.24 de área total, 44.74 de área privativa, 0.00 de área do terreno,  2 qto(s), a.serv, WC, 1 sala(s), cozinha.",113780.84,188250.0,39.56,Venda Direta Online,,SAO PAULO,SP,Não
8787710927529,"RUA SHO YOSHIOKA, N. 511, Apto 608, TORRE 01",GLEBA DO PESSEGO,"Apartamento, 65.24 de área total, 44.74 de área privativa, 0.00 de área do terreno,  2 qto(s), WC, 1 sala(s), cozinha.",124509.18,206000.0,39.56,Licitação Aberta,,SAO PAULO,SP,Não
8787710077916,"AVENIDA PROFESSOR MIGUEL FRANCHINI NETO, N. 186, Apto 409, TORRE 2",LOTEAMENTO CITY JARAGUA,"Apartamento, 67.03 de área total, 41.12 de área privativa, 0.00 de área do terreno,  2 qto(s), a.serv, WC, 1 sala(s), cozinha.",142037.17,235000.0,39.56,Licitação Aberta,,SAO PAULO,SP,Não
8787717817516,"RUA OSORIO FRANCO VILHENA, N. 1217, Apto 602, TORRE A HIS",VILA CURUCA,"Apartamento, 0.00 de área total, 32.48 de área privativa, 0.00 de área do terreno.",132970.97,220000.0,39.56,Venda Direta Online,,SAO PAULO,SP,Não
8787717831608,"RUA OSORIO FRANCO VILHENA, N. 1217, Apto 1102, BL B HIS",VILA CURUCA,"Apartamento, 0.00 de área total, 32.48 de área privativa, 0.00 de área do terreno.",132970.97,220000.0,39.56,Venda Direta Online,,SAO PAULO,SP,Não
8787719359175,"RUA OSORIO FRANCO VILHENA, N. 1217, Apto 1508, TR B HIS",VILA CURUCA,"Apartamento, 46.43 de área total, 32.48 de área privativa, 0.00 de área do terreno,  2 qto(s), WC, 1 sala(s), cozinha.",140223.93,232000.0,39.56,Venda Direta Online,,SAO PAULO,SP,Não
8787719578705,"RUA OSORIO FRANCO VILHENA, N. 1217, Apto 1609, TR B HIS",VILA CURUCA,"Apartamento, 46.31 de área total, 32.39 de área privativa, 0.00 de área do terreno,  2 qto(s), a.serv, WC, 1 sala(s), cozinha.",132970.97,220000.0,39.56,Venda Direta Online,,SAO PAULO,SP,Não
8787719725783,"RUA OSORIO FRANCO VILHENA, N. 1217, Apto 1008, TR B HIS",VILA CURUCA,"Apartamento, 46.43 de área total, 32.48 de área privativa, 0.00 de área do terreno,  2 qto(s), WC, 1 sala(s), cozinha.",128135.66,212000.0,39.56,Venda Direta Online,,SAO PAULO,SP,Não
8555533609740,"RUA JOAQUIM DO REGO MONTEIRO, N. 130, Apto 14, TORRE 12",VILA DAMACENO,"Apartamento, 77.98 de área total, 38.72 de área privativa, 0.00 de área do terreno,  2 qto(s), a.serv, WC, 1 sala(s), cozinha.",123904.77,205000.0,39.56,Venda Direta Online,,SAO PAULO,SP,Não
8787708686463,"RUA VICTORIO SANTIM, N. 2776, Apto 09, TORRE A",VILA CARMOSINA,"Apartamento, 47.09 de área total, 32.48 de área privativa, 0.00 de área do terreno,  2 qto(s), WC, 1 sala(s), cozinha.",139015.11,230000.0,39.56,Venda Direta Online,,SAO PAULO,SP,Não
8787709693730,"RUA SHO YOSHIOKA, N. 511, Apto 1201, TORRE 01",VILA CARMOSINA,"Apartamento, 0.00 de área total, 44.74 de área privativa, 0.00 de área do terreno.",124509.18,206000.0,39.56,Licitação Aberta,,SAO PAULO,SP,Não
8787710134855,"RUA SHO YOSHIOKA, N. 511, Apto 1301, 13PAV T 1",VILA CARMOSINA,"Apartamento, 65.24 de área total, 44.74 de área privativa, 0.00 de área do terreno,  2 qto(s), a.serv, WC, 1 sala(s), cozinha.",120882.7,200000.0,39.56,Licitação Aberta,,SAO PAULO,SP,Não
8787709896461,"RUA BARAO CARLOS DE SOUSA ANHUMAS, N. 380, Apto 42, BL18",TUCURUVI,"Apartamento, 78.08 de área total, 38.70 de área privativa, 0.00 de área do terreno,  2 qto(s), a.serv, WC, 1 sala(s), cozinha.",126926.84,210000.0,39.56,Venda Direta Online,,SAO PAULO,SP,Não
8787711095519,"RUA BARAO CARLOS DE SOUSA ANHUMAS, N. 380, Apto 12,  BL10 1PAV",TUCURUVI,"Apartamento, 78.07 de área total, 38.69 de área privativa, 0.00 de área do terreno,  1 qto(s), WC, 1 sala(s), cozinha.",125113.59,207000.0,39.56,Venda Direta Online,,SAO PAULO,SP,Não
8787711953736,"R CEARA, N. 1138, Apto 1PNE, BL 04 PAV TERREO HIS2",TATUAPE,"Apartamento, 67.86 de área total, 41.56 de área privativa, 0.00 de área do terreno,  2 qto(s), WC, 1 sala(s), cozinha.",134179.8,222000.0,39.56,Venda Direta Online,,SAO PAULO,SP,Não
8555508680312,"RUA CRUZ DO ESPIRITO SANTO, N. 854, Apto 04, PAV TERREO BLOCO 1, VG Nº 172",VILA CHABILANDIA,"Apartamento, 85.44 de área total, 42.50 de área privativa, 0.00 de área do terreno,  2 qto(s), a.serv, WC, 1 sala(s), cozinha, 1 vaga(s) de garagem.",120318.1,199065.87,39.56,Venda Direta Online,,SAO PAULO,SP,Não
8787710285918,"RUA CRUZ DO ESPIRITO SANTO, N. 528, Apto 604, 6 PAVIMENTO BLOCO 02",VILA CHABILANDIA,"Apartamento, 63.05 de área total, 41.56 de área privativa, 0.00 de área do terreno.",122333.29,202400.0,39.56,Licitação Aberta,,SAO PAULO,SP,Não
8787710153493,"AVENIDA DOS OURIVES, N. 951, Apto 114, BL 03",SAUDE,"Apartamento, 68.87 de área total, 44.18 de área privativa, 0.00 de área do terreno,  2 qto(s), a.serv, WC, 1 sala(s), cozinha.",139015.11,230000.0,39.56,Venda Direta Online,,SAO PAULO,SP,Não
8787717310241,"RUA PROFESSOR ARTUR PRIMAVESI, N. 154, Apto 08, TORRE A",SAUDE,"Apartamento, 46.61 de área total, 29.17 de área privativa, 0.00 de área do terreno.",130553.32,216000.0,39.56,Venda Direta Online,,SAO PAULO,SP,Não
8787708356625,"RUA PROFESSOR TEOTONIO MONTEIRO DE BARROS FILHO, N. 101, Apto 116, TORRE 2",VILA BUTANTA,"Apartamento, 38.41 de área total, 24.11 de área privativa, 0.00 de área do terreno.",130590.14,216060.92,39.56,Licitação Aberta,,SAO PAULO,SP,Não
8787714465880,"RUA DOM SALOMAO FERRAZ, N. 4, Apto 172, PAV 17 SUB COND 3 BL 3",VILA ANDRADE,"Apartamento, 64.24 de área total, 42.13 de área privativa, 0.00 de área do terreno,  2 qto(s), a.serv, WC, 1 sala(s), cozinha.",139015.11,230000.0,39.56,Venda Direta Online,,SAO PAULO,SP,Não
8787717787218,"RUA JOSE DA SILVA RIBEIRO, N. 814, Apto 2515, HIS 2",VILA ANDRADE,"Apartamento, 47.48 de área total, 25.85 de área privativa, 0.00 de área do terreno,  1 qto(s), WC, 1 sala(s), cozinha.",134179.8,222000.0,39.56,Licitação Aberta,,SAO PAULO,SP,Não
8787708784040,"RUA BARAO CARLOS DE SOUSA ANHUMAS, N. 380, Apto 04, BL 11",JARDIM RECANTO VERDE,"Apartamento, 78.07 de área total, 38.69 de área privativa, 0.00 de área do terreno,  2 qto(s), a.serv, WC, 1 sala(s), cozinha.",120882.7,200000.0,39.56,Venda Online,,SAO PAULO,SP,Não
8787708901259,"RUA BARAO CARLOS DE SOUSA ANHUMAS, N. 380, Apto 03, BL 11 TERREO",JARDIM RECANTO VERDE,"Apartamento, 78.07 de área total, 38.69 de área privativa, 0.00 de área do terreno,  2 qto(s), WC, 1 sala(s), 1 lavabo(s), cozinha.",118465.05,196000.0,39.56,Venda Direta Online,,SAO PAULO,SP,Não
8787709378681,"RUA BARAO CARLOS DE SOUSA ANHUMAS, N. 380, Apto 43, BL 5",JARDIM RECANTO VERDE,"Apartamento, 78.07 de área total, 38.69 de área privativa, 0.00 de área do terreno,  2 qto(s), a.serv, WC, 1 sala(s), cozinha.",113025.32,187000.0,39.56,Venda Online,,SAO PAULO,SP,Não
8787709429740,"RUA BARAO CARLOS DE SOUSA ANHUMAS, N. 380, Apto 13, 1º PAVIMENTO BLOCO 03",JARDIM RECANTO VERDE,"Apartamento, 78.07 de área total, 38.69 de área privativa, 0.00 de área do terreno,  2 qto(s), WC, 1 sala(s), cozinha.",123904.77,205000.0,39.56,Venda Online,,SAO PAULO,SP,Não
8787703425807,"AVENIDA DOUTOR JOSE MANIERO, N. 85, Apto 31, TORRE 13",VILA NOVA PARADA,"Apartamento, 89.38 de área total, 43.76 de área privativa, 0.00 de área do terreno,  2 qto(s), a.serv, WC, 1 sala(s), cozinha.",114838.57,190000.0,39.56,Licitação Aberta,,SAO PAULO,SP,Não
8787703473488,"AVENIDA DOUTOR JOSE MANIERO, N. 85, Apto 23, T 14",VILA NOVA PARADA,"Apartamento, 89.38 de área total, 45.62 de área privativa, 0.00 de área do terreno,  2 qto(s), WC, 1 sala(s), cozinha.",137450.23,227410.92,39.56,Venda Direta Online,,SAO PAULO,SP,Não
8787713829307,"RUA INACIO DE OLIVEIRA CAMPOS, N. 550, Apto 207, TORRE 03, HIS",JARDIM FANGANIELLO,"Apartamento, 61.72 de área total, 34.72 de área privativa, 0.00 de área do terreno,  2 qto(s), a.serv, WC, 1 sala(s), cozinha.",117860.63,195000.0,39.56,Venda Direta Online,,SAO PAULO,SP,Não
8787714457004,"RUA INACIO DE OLIVEIRA CAMPOS, N. 550, Apto 404, TR 01 PAV 04 HIS",JARDIM FANGANIELLO,"Apartamento, 60.27 de área total, 33.90 de área privativa, 0.00 de área do terreno,  2 qto(s), a.serv, WC, 1 sala(s), cozinha.",117860.63,195000.0,39.56,Venda Direta Online,,SAO PAULO,SP,Não
8787715364417,"RUA INACIO DE OLIVEIRA CAMPOS, N. 550, Apto 307, 3 PAVIMENTO TORRE 1 HIS",JARDIM FANGANIELLO,"Apartamento, 61.72 de área total, 34.72 de área privativa, 0.00 de área do terreno,  2 qto(s), WC, 1 sala(s), cozinha.",129948.9,215000.0,39.56,Venda Direta Online,,SAO PAULO,SP,Não
8787716076571,"RUA INACIO DE OLIVEIRA CAMPOS, N. 550, Apto 301, T 3  HSI",JARDIM FANGANIELLO,"Apartamento, 61.72 de área total, 34.72 de área privativa, 0.00 de área do terreno,  2 qto(s), a.serv, WC, 1 sala(s), cozinha.",120882.7,200000.0,39.56,Venda Direta Online,,SAO PAULO,SP,Não
8787716325423,"RUA INACIO DE OLIVEIRA CAMPOS, N. 550, Apto 706, TORRE 03 HIS",JARDIM FANGANIELLO,"Apartamento, 60.27 de área total, 33.90 de área privativa, 0.00 de área do terreno.",128740.08,213000.0,39.56,Venda Direta Online,,SAO PAULO,SP,Não
8555533346951,"AVENIDA ALEXIOS JAFET, N. 555, Apto 31, TORRE 2",JARDIM IPANEMA (ZONA OESTE),"Apartamento, 81.84 de área total, 38.72 de área privativa, 0.00 de área do terreno.",140223.93,232000.0,39.56,Licitação Aberta,,SAO PAULO,SP,Não
8444438907478,"RUA HIROVO KAMINOBO, N. 980, Apto 75, BL 04",COLONIA (ZONA LESTE),"Apartamento, 88.43 de área total, 41.56 de área privativa, 0.00 de área do terreno,  2 qto(s), WC, 1 sala(s), cozinha.",123904.77,205000.0,39.56,Licitação Aberta,,SAO PAULO,SP,Não
8787713296643,"RUA HIROVO KAMINOBO, N. 980, Apto 72, BL 03",COLONIA (ZONA LESTE),"Apartamento, 85.54 de área total, 40.20 de área privativa, 0.00 de área do terreno,  2 qto(s), WC, 1 sala(s), cozinha.",135993.04,225000.0,39.56,Venda Direta Online,,SAO PAULO,SP,Não
8787717733363,"RUA TOMOICHI SHIMIZU, N. 181, Apto 1009, 10º PAV, TORRE B, HMP",COLONIA (ZONA LESTE),"Apartamento, 56.34 de área total, 32.48 de área privativa, 0.00 de área do terreno,  2 qto(s), a.serv, WC, 1 sala(s), cozinha.",126926.84,210000.0,39.56,Venda Direta Online,,SAO PAULO,SP,Não
8787718425158,"RUA TOMOICHI SHIMIZU, N. 181, Apto 1503, TORRE A 15 PAVIMENTO",COLONIA (ZONA LESTE),"Apartamento, 56.34 de área total, 32.48 de área privativa, 0.00 de área do terreno,  2 qto(s), WC, 1 sala(s), cozinha.",123300.35,204000.0,39.56,Licitação Aberta,,SAO PAULO,SP,Não
8787718526019,"RUA TOMOICHI SHIMIZU, N. 181, Apto 1602, TR A",COLONIA (ZONA LESTE),"Apartamento, 56.18 de área total, 32.39 de área privativa, 0.00 de área do terreno,  2 qto(s), WC, 1 sala(s), cozinha.",125718.01,208000.0,39.56,Licitação Aberta,,SAO PAULO,SP,Não
8787711522409,"AVENIDA ADRIANO BERTOZZI, N. 700, Apto 51, BL 4",JARDIM HELIAN,"Apartamento, 82.82 de área total, 41.56 de área privativa, 0.00 de área do terreno,  2 qto(s), a.serv, WC, 1 sala(s), cozinha.",126926.84,210000.0,39.56,Licitação Aberta,,SAO PAULO,SP,Não
8787711709002,"AVENIDA ADRIANO BERTOZZI, N. 700/752, Apto 88, BL 05",JARDIM HELIAN,"Apartamento, 82.82 de área total, 41.56 de área privativa, 0.00 de área do terreno,  2 qto(s), WC, 1 sala(s), cozinha.",135730.3,224565.3,39.56,Venda Direta Online,,SAO PAULO,SP,Não
8787716599507,"AVENIDA ADRIANO BERTOZZI, N. 850, Apto 15, BLOCO 9",JARDIM HELIAN,"Apartamento, 70.70 de área total, 41.56 de área privativa, 0.00 de área do terreno,  2 qto(s), a.serv, WC, 1 sala(s), cozinha.",138410.69,229000.0,39.56,Licitação Aberta,,SAO PAULO,SP,Não
8787717179757,"AVENIDA ADRIANO BERTOZZI, N. 850, Apto 47, BL 04 SUBCOND 02",JARDIM HELIAN,"Apartamento, 68.39 de área total, 40.20 de área privativa, 0.00 de área do terreno,  2 qto(s), WC, 1 sala(s), cozinha.",137020.54,226700.0,39.56,Licitação Aberta,,SAO PAULO,SP,Não
1555522609958,"RUA AUGUSTA, N. 257, Apto 31,",CONSOLACAO,"Apartamento, 195.40 de área total, 170.64 de área privativa, 0.00 de área do terreno,  3 qto(s), a.serv, WC, 1 sala(s), 1 lavabo(s), DCE, cozinha, 1 vaga(s) de garagem.",770191.36,1272100.36,39.46,Venda Direta Online,,SAO PAULO,SP,Sim
1555501499924,"RUA OLIVEIRA MELO, N. 826,",VILA SAO JOSE (IPIRANGA),"Casa, 350.00 de área total, 270.00 de área privativa, 277.00 de área do terreno.",982643.05,1623000.0,39.46,Venda Online,,SAO PAULO,SP,Sim
8444412425069,"RUA CACHOEIRA DAS ABELHAS, N. 270, Apto 52, BL B",CONJUNTO HABITACIONAL INACIO MONTEIRO,"Apartamento, 49.86 de área total, 42.60 de área privativa, 0.00 de área do terreno,  2 qto(s), a.serv, WC, 1 sala(s), cozinha.",89739.5,147000.0,38.96,Venda Direta Online,,SAO PAULO,SP,Não
8787716604551,"AVENIDA ALEXANDRE MACKENZIE, N. 357, Apto 911, PAV9 TR4 BL B  HIS-2",SUBCONDOMINIO 4,"Apartamento, 35.00 de área total, 35.00 de área privativa, 0.00 de área do terreno,  2 qto(s), WC, 1 sala(s), cozinha, 1 vaga(s) de garagem.",184698.52,301644.89,38.77,Licitação Aberta,,SAO PAULO,SP,Não
8555534671813,"RUA JOSE KAUER, N. 66, Apto 1411, 14 PAVIMENTO",BRAS,"Apartamento, 48.77 de área total, 32.32 de área privativa, 0.00 de área do terreno,  1 qto(s), WC, 1 sala(s), cozinha, 1 vaga(s) de garagem.",180022.61,294008.3,38.77,Licitação Aberta,,SAO PAULO,SP,Não
8787705165322,"RUA DO LAVAPES, N. 463, Apto 112, BL B",CAMBUCI,"Apartamento, 60.38 de área total, 44.88 de área privativa, 0.00 de área do terreno,  2 qto(s), a.serv, WC, 1 sala(s), cozinha.",159199.17,260000.0,38.77,Licitação Aberta,,SAO PAULO,SP,Não
8787716720748,"RUA CESARIO ALVIM, N. 770, Apto 1308, HIS",BELENZINHO,"Apartamento, 50.53 de área total, 34.27 de área privativa, 0.00 de área do terreno,  2 qto(s), a.serv, WC, 1 sala(s), cozinha.",177568.31,290000.0,38.77,Licitação Aberta,,SAO PAULO,SP,Não
8787713792942,"RUA GUARAXAIM, N. 334, Apto S001, HIS2",CIDADE ANTONIO ESTEVAO DE CARVALHO,"Apartamento, 59.39 de área total, 30.41 de área privativa, 0.00 de área do terreno,  1 qto(s), WC, 1 sala(s), cozinha.",153076.13,250000.0,38.77,Venda Direta Online,,SAO PAULO,SP,Não
8787717450981,"AVENIDA MARCONDES DE BRITO, N. 378, Apto 903,",CHACARA SEIS DE OUTUBRO,"Apartamento, 50.30 de área total, 33.65 de área privativa, 0.00 de área do terreno,  2 qto(s), a.serv, WC, 1 sala(s), cozinha.",168383.74,275000.0,38.77,Licitação Aberta,,SAO PAULO,SP,Não
8555529473014,"RUA MORUBIXABA, N. 400, Apto 104, 10º ANDAR, TORRE 4",CIDADE LIDER,"Apartamento, 92.56 de área total, 47.50 de área privativa, 0.00 de área do terreno,  2 qto(s), a.serv, WC, 1 sala(s), cozinha, 1 vaga(s) de garagem.",157974.56,258000.0,38.77,Venda Direta Online,,SAO PAULO,SP,Não
8787712812826,"AVENIDA ALEXANDRE MACKENZIE, N. 357, Apto 606, 6PAV T2 BL C HIS2",JAGUARE,"Apartamento, 52.22 de área total, 34.91 de área privativa, 0.00 de área do terreno,  2 qto(s), a.serv, WC, 1 sala(s), cozinha.",152463.82,249000.0,38.77,Licitação Aberta,,SAO PAULO,SP,Não
8787715180790,"AVENIDA ALEXANDRE MACKENZIE, N. 443, Apto 814, BL C TORRE 02 SUBCOND 02 HIS",JAGUARE,"Apartamento, 51.18 de área total, 34.99 de área privativa, 0.00 de área do terreno,  2 qto(s), WC, 1 sala(s), cozinha.",162873.0,266000.0,38.77,Licitação Aberta,,SAO PAULO,SP,Não
8787712889357,"RUA DOUTOR CLEMENTE JOBIM, N. 65, Apto 11, HIS 2",JARDIM DA GLORIA,"Apartamento, 41.55 de área total, 28.76 de área privativa, 0.00 de área do terreno,  1 qto(s), a.serv, WC, 1 sala(s), cozinha.",205122.01,335000.0,38.77,Licitação Aberta,,SAO PAULO,SP,Não
8787718797772,"RUA MAESTRO GABRIEL MIGLIORI, N. 410, Apto 1816, BLOCO 01",JARDIM PEREIRA LEITE,"Apartamento, 50.63 de área total, 33.23 de área privativa, 0.00 de área do terreno.",150014.6,245000.0,38.77,Licitação Aberta,,SAO PAULO,SP,Não
8787719575595,"RUA EDVARD CARMILO, N. 520, Apto 1911, 19º PAV, TORRE A, HIS-1",JARDIM CELESTE,"Apartamento, 49.46 de área total, 32.39 de área privativa, 0.00 de área do terreno,  2 qto(s), WC, 1 sala(s), cozinha.",156137.65,255000.0,38.77,Venda Direta Online,,SAO PAULO,SP,Não
8787711188630,"AVENIDA ADRIANO BERTOZZI, N. 700, Apto 81, BL 01 HIS",ITAQUERA,"Apartamento, 82.82 de área total, 41.56 de área privativa, 0.00 de área do terreno,  2 qto(s), a.serv, WC, 1 sala(s), cozinha.",150014.6,245000.0,38.77,Venda Direta Online,,SAO PAULO,SP,Não
8787718020379,"RUA GOIATA, N. 232, Apto 905, TR 01",ITAQUERA,"Apartamento, 58.17 de área total, 41.16 de área privativa, 0.00 de área do terreno,  2 qto(s), a.serv, WC, 1 sala(s), cozinha.",159199.17,260000.0,38.77,Venda Direta Online,,SAO PAULO,SP,Não
8787716413101,"RUA PALMARES, N. 121, Apto 302, 3 ANDAR",IPIRANGA,"Apartamento, 53.42 de área total, 35.12 de área privativa, 0.00 de área do terreno,  2 qto(s), WC, 1 sala(s), cozinha.",190537.51,311180.98,38.77,Licitação Aberta,,SAO PAULO,SP,Não
8787721995261,"ESTRADA DOS MIRANDAS, N. 303, Apto 86, TORRE 1, EDIFÍCIO AZUL",JARDIM MARIA DUARTE,"Apartamento, 104.58 de área total, 50.41 de área privativa, 0.00 de área do terreno,  2 qto(s), a.serv, WC, 1 sala(s), cozinha, 1 vaga(s) de garagem.",195937.44,320000.0,38.77,Licitação Aberta,,SAO PAULO,SP,Não
8787707794548,"AVENIDA ENGENHEIRO HEITOR ANTONIO EIRAS, N. 2651, Apto 86, TORRE B,",JARDIM ESMERALDA,"Apartamento, 57.53 de área total, 48.97 de área privativa, 0.00 de área do terreno,  2 qto(s), a.serv, WC, 1 sala(s), cozinha.",189814.4,310000.0,38.77,Licitação Aberta,,SAO PAULO,SP,Não
8787706736439,"RUA SANTA AMELIA, N. 141, Apto 95, 9º PAV BL 5 - SUBCONDOMINIO 2",JARDIM DO LAGO,"Apartamento, 62.44 de área total, 41.56 de área privativa, 0.00 de área do terreno,  2 qto(s), WC, 1 sala(s), cozinha.",145116.17,237000.0,38.77,Venda Direta Online,,SAO PAULO,SP,Não
8787710396183,"RUA PASTOR AGENOR CALDEIRA DINIZ, N. 1174, Apto 21, BL 02",JARDIM IMPERADOR (ZONA LESTE),"Apartamento, 66.78 de área total, 41.56 de área privativa, 0.00 de área do terreno,  2 qto(s), a.serv, WC, 1 sala(s), cozinha.",151239.21,247000.0,38.77,Venda Direta Online,,SAO PAULO,SP,Não
8787707401171,"AVENIDA DOS OURIVES, N. 1103, Apto 04, BLOCO 1",JARDIM SAO SAVERIO,"Apartamento, 82.08 de área total, 41.56 de área privativa, 0.00 de área do terreno,  2 qto(s), a.serv, WC, 1 sala(s), cozinha.",153711.73,251038.05,38.77,Licitação Aberta,,SAO PAULO,SP,Não
8787710500258,"AVENIDA DOS OURIVES, N. SN, Apto 48, BL 02 LT 06",JARDIM SAO SAVERIO,"Apartamento, 68.87 de área total, 44.18 de área privativa, 0.00 de área do terreno,  2 qto(s), a.serv, WC, 1 sala(s), cozinha.",159044.04,259746.65,38.77,Venda Direta Online,,SAO PAULO,SP,Não
8787717727568,"RUA GOIATA, N. 232, Apto 602, TORRE 1 PAV 6",PARADA XV DE NOVEMBRO,"Apartamento, 58.38 de área total, 41.30 de área privativa, 0.00 de área do terreno,  2 qto(s), WC, 1 sala(s), cozinha.",150014.6,245000.0,38.77,Venda Direta Online,,SAO PAULO,SP,Não
8787717908252,"RUA GOIATA, N. 232, Apto 808, PV 08 TORRE 03",PARADA XV DE NOVEMBRO,"Apartamento, 58.38 de área total, 41.30 de área privativa, 0.00 de área do terreno,  2 qto(s), WC, 1 sala(s), cozinha.",150014.6,245000.0,38.77,Venda Direta Online,,SAO PAULO,SP,Não
8787718718805,"RUA GOIATA, N. 232, Apto 708, TORRE 1",PARADA XV DE NOVEMBRO,"Apartamento, 58.37 de área total, 41.30 de área privativa, 0.00 de área do terreno,  2 qto(s), a.serv, WC, cozinha.",159199.17,260000.0,38.77,Venda Direta Online,,SAO PAULO,SP,Não
8787715218810,"RUA PROFESSOR ARTUR PRIMAVESI, N. 154, Apto 510, TORRE B 5PAV",PARQUE BRISTOL,"Apartamento, 57.09 de área total, 35.18 de área privativa, 0.00 de área do terreno,  2 qto(s), WC, 1 sala(s), cozinha.",147107.62,240252.39,38.77,Venda Direta Online,,SAO PAULO,SP,Não
8787706988276,"AVENIDA CONDESSA ELISABETH DE ROBIANO, N. 1859, Apto 17, TR 01",PENHA DE FRANCA,"Apartamento, 65.56 de área total, 39.74 de área privativa, 0.00 de área do terreno,  2 qto(s), a.serv, WC, 1 sala(s), cozinha.",168383.74,275000.0,38.77,Licitação Aberta,,SAO PAULO,SP,Não
8787713339520,"AVENIDA GUARAPIRANGA, N. 1553, Apto 2005, TORRE 02, HIS-2",PARQUE ALVES DE LIMA,"Apartamento, 60.07 de área total, 35.92 de área privativa, 0.00 de área do terreno,  2 qto(s), a.serv, WC, 1 sala(s), cozinha.",177568.31,290000.0,38.77,Licitação Aberta,,SAO PAULO,SP,Não
8787717689305,"RUA LEANDRO TEIXEIRA, N. 115, Apto 1703, QD M",PARAISOPOLIS,"Apartamento, 54.54 de área total, 36.60 de área privativa, 0.00 de área do terreno,  2 qto(s), a.serv, WC, 1 sala(s), cozinha.",146953.08,240000.0,38.77,Venda Direta Online,,SAO PAULO,SP,Não
8787706429129,"RUA CARLOS MAGALHÃES, N. 400, Apto 75, TORRE 05",PARQUE REBOUCAS,"Apartamento, 0.00 de área total, 42.64 de área privativa, 0.00 de área do terreno,  2 qto(s), a.serv, WC, 1 sala(s), cozinha, 1 vaga(s) de garagem.",157362.26,257000.0,38.77,Licitação Aberta,,SAO PAULO,SP,Não
8444433654210,"RUA JOSE GIORDANO, N. 489, Apto 03, HIS2",PARQUE DAS PAINEIRAS,"Apartamento, 44.47 de área total, 32.50 de área privativa, 0.00 de área do terreno.",144503.86,236000.0,38.77,Venda Direta Online,,SAO PAULO,SP,Não
8787712112492,"RUA ANTONIO GOMES FERREIRA, N. 65, Apto 709, TORRE B",PARQUE FONGARO,"Apartamento, 46.99 de área total, 32.48 de área privativa, 0.00 de área do terreno,  2 qto(s), a.serv, WC, 1 sala(s), cozinha.",147565.38,241000.0,38.77,Licitação Aberta,,SAO PAULO,SP,Não
8787716064883,"RUA ANDRE DE ALMEIDA, N. 2665, Apto 901, TORRE 2",PARQUE COLONIAL,"Apartamento, 0.00 de área total, 34.65 de área privativa, 0.00 de área do terreno.",146028.32,238489.71,38.77,Licitação Aberta,,SAO PAULO,SP,Não
8787711190732,"RUA CARLOS MARIA STEIMBERG, N. 194, Apto 01, TORRE B",VILA RE,"Apartamento, 49.78 de área total, 35.23 de área privativa, 0.00 de área do terreno,  2 qto(s), WC, 1 sala(s), cozinha.",147207.64,240415.74,38.77,Licitação Aberta,,SAO PAULO,SP,Não
8787717944607,"AVENIDA CORIFEU DE AZEVEDO MARQUES, N. 3275, Apto 1002,",VILA LAGEADO,"Apartamento, 57.97 de área total, 40.87 de área privativa, 0.00 de área do terreno.",217368.1,355000.0,38.77,Licitação Aberta,,SAO PAULO,SP,Não
8787710439028,"RUA CORREIA DA CAMARA, N. 452, Apto 306,",VILA PRUDENTE,"Apartamento, 37.01 de área total, 28.04 de área privativa, 0.00 de área do terreno,  1 qto(s), WC, 1 sala(s), cozinha.",153076.13,250000.0,38.77,Licitação Aberta,,SAO PAULO,SP,Não
8787715406292,"RUA PINDAMONHANGABA, N. 153, Apto 308, BL 01 SUBCOND 01",VILA PRUDENTE,"Apartamento, 48.44 de área total, 31.67 de área privativa, 0.00 de área do terreno,  2 qto(s), a.serv, WC, 1 sala(s), cozinha.",162260.69,265000.0,38.77,Licitação Aberta,,SAO PAULO,SP,Não
8787717190661,"RUA PINDAMONHANGABA, N. 153, Apto 801, BL 02 SUBCOND 01",VILA PRUDENTE,"Apartamento, 48.44 de área total, 31.67 de área privativa, 0.00 de área do terreno,  2 qto(s), a.serv, WC, 1 sala(s), cozinha.",162260.69,265000.0,38.77,Licitação Aberta,,SAO PAULO,SP,Não
8787710458030,"RUA WILSON RIBEIRO BONFIM, N. 94, Apto 201,",VILA INGLESA,"Apartamento, 52.38 de área total, 36.80 de área privativa, 0.00 de área do terreno.",171445.26,280000.0,38.77,Licitação Aberta,,SAO PAULO,SP,Não
8787707054927,"RUA FRANKLIN DO AMARAL, N. 450, Apto 53, TORRE B",VILA NOVA CACHOEIRINHA,"Apartamento, 76.90 de área total, 41.19 de área privativa, 0.00 de área do terreno, 1 vaga(s) de garagem.",192875.92,315000.0,38.77,Licitação Aberta,,SAO PAULO,SP,Não
8787715973600,"AVENIDA PAULA FERREIRA, N. 3700, Apto 2109, TR A",VILA PIRITUBA,"Apartamento, 46.85 de área total, 34.12 de área privativa, 0.00 de área do terreno,  2 qto(s), a.serv, WC, 1 sala(s), cozinha.",175119.09,286000.0,38.77,Licitação Aberta,,SAO PAULO,SP,Não
8787718932777,"RUA BALSA, N. 940, Apto 315, HIS-2",VILA SANTA DELFINA,"Apartamento, 0.00 de área total, 34.03 de área privativa, 0.00 de área do terreno.",161648.39,264000.0,38.77,Licitação Aberta,,SAO PAULO,SP,Não
8787712009683,"AVENIDA SAO MIGUEL, N. 8184, Apto 413, HIS2",VILA NORMA,"Apartamento, 53.42 de área total, 35.22 de área privativa, 0.00 de área do terreno,  2 qto(s), a.serv, WC, 1 sala(s), cozinha.",153688.43,251000.0,38.77,Venda Direta Online,,SAO PAULO,SP,Não
8787715204010,"AVENIDA JEAN KHOURY FARAH, N. 360, Apto 1211, TR 01 HIS 2",VILA CARMOSINA,"Apartamento, 55.65 de área total, 36.09 de área privativa, 0.00 de área do terreno,  2 qto(s), a.serv, WC, 1 sala(s), cozinha.",168383.74,275000.0,38.77,Licitação Aberta,,SAO PAULO,SP,Não
8787714010433,"AVENIDA EDE, N. 472, Apto 01, TERREO TR I",TUCURUVI,"Apartamento, 64.11 de área total, 46.18 de área privativa, 0.00 de área do terreno.",182466.74,298000.0,38.77,Licitação Aberta,,SAO PAULO,SP,Não
8787710060207,"RUA DIEGO DE FARIA, N. 301, Apto 108,",VILA CLEMENTINO,"Apartamento, 36.96 de área total, 25.20 de área privativa, 0.00 de área do terreno.",271863.2,444000.0,38.77,Licitação Aberta,,SAO PAULO,SP,Sim
8787708646755,"RUA MIGUEL YUNES, N. 717, Apto 122, BL 02",USINA PIRATININGA,"Apartamento, 72.33 de área total, 42.10 de área privativa, 0.00 de área do terreno,  2 qto(s), a.serv, WC, 1 sala(s), cozinha.",175731.39,287000.0,38.77,Licitação Aberta,,SAO PAULO,SP,Não
8787709597863,"AVENIDA MIGUEL YUNES, N. 717, Apto 33, BL 02,",USINA PIRATININGA,"Apartamento, 72.33 de área total, 42.10 de área privativa, 0.00 de área do terreno,  2 qto(s).",162077.0,264700.0,38.77,Licitação Aberta,,SAO PAULO,SP,Não
8787717512677,"AVENIDA CIPRIANO RODRIGUES, N. 316, Apto 1111, TORRE ACÁCIA",VILA FORMOSA,"Apartamento, 76.84 de área total, 38.25 de área privativa, 0.00 de área do terreno,  2 qto(s), WC, 1 sala(s), cozinha, 1 vaga(s) de garagem.",192875.92,315000.0,38.77,Licitação Aberta,,SAO PAULO,SP,Não
8787707890571,"RUA PROFESSOR ARNALDO JOAO SEMERARO, N. 580, Apto 2011, TORRE 01",SAUDE,"Apartamento, 53.92 de área total, 37.53 de área privativa, 0.00 de área do terreno,  2 qto(s), WC, 1 sala(s).",150014.6,245000.0,38.77,Licitação Aberta,,SAO PAULO,SP,Não
8787706492009,"RUA DA CHIBATA, N. 161, Apto 51, BL 02",VILA ANDRADE,"Apartamento, 66.12 de área total, 41.56 de área privativa, 0.00 de área do terreno,  2 qto(s), a.serv, WC, 1 sala(s), cozinha.",232675.71,380000.0,38.77,Licitação Aberta,,SAO PAULO,SP,Não
8787711620605,"RUA DOM SALOMAO FERRAZ, N. 04, Apto 81, PAV 8 BL 3 SUB COND 3",VILA ANDRADE,"Apartamento, 66.04 de área total, 43.31 de área privativa, 0.00 de área do terreno,  2 qto(s), WC, 1 sala(s), cozinha.",158893.02,259500.0,38.77,Venda Direta Online,,SAO PAULO,SP,Não
8787711816429,"RUA DOM SALOMAO FERRAZ, N. 4, Apto 85, 8º PAV, BL 02",VILA ANDRADE,"Apartamento, 66.05 de área total, 43.32 de área privativa, 0.00 de área do terreno,  2 qto(s), a.serv, WC, 1 sala(s), cozinha.",178792.91,292000.0,38.77,Venda Direta Online,,SAO PAULO,SP,Não
8444414561997,"RUA GIOVANNI QUADRI, N. 166, Apto 44, BL 3",DISTRITO GUAIANAZES,"Apartamento, 53.46 de área total, 46.53 de área privativa, 0.00 de área do terreno,  2 qto(s), a.serv, WC, 1 sala(s), cozinha.",106227.96,172000.0,38.24,Licitação Aberta,,SAO PAULO,SP,Não
8444414553137,"RUA INACIO JACOMETTI, N. 239, Apto 34 B, 3 PAVIMENTO",CONJUNTO RESIDENCIAL JOSE BONIFACIO,"Apartamento, 47.32 de área total, 42.67 de área privativa, 0.00 de área do terreno,  2 qto(s), WC, 1 sala(s), cozinha.",111168.79,180000.0,38.24,Licitação Aberta,,SAO PAULO,SP,Não
8444410177467,"RUA CANTANHEDE, N. 207, Apto 11, PAV T BL 9",PIRAJUSSARA,"Apartamento, 52.46 de área total, 45.35 de área privativa, 0.00 de área do terreno,  2 qto(s), a.serv, WC, 1 sala(s), cozinha.",104992.75,170000.0,38.24,Venda Direta Online,,SAO PAULO,SP,Não
8444410681629,"RUA PADRE ANTONIO SOLER, N. 46, Apto 11A, PAV01",COND LIVORNO I,"Apartamento, 58.29 de área total, 51.59 de área privativa, 0.00 de área do terreno,  2 qto(s), a.serv, 1 sala(s), cozinha.",129031.78,205000.0,37.06,Licitação Aberta,,SAO PAULO,SP,Não
8444417172320,"RUA ANTONIO RAMOS ROSA, N. 147, Apto 01, BL 02 PAV TERREO",CAPELINHA,"Apartamento, 48.02 de área total, 39.59 de área privativa, 0.00 de área do terreno,  2 qto(s), WC, 1 sala(s), cozinha.",144767.36,230000.0,37.06,Venda Direta Online,,SAO PAULO,SP,Não
1787703197474,"AVENIDA RIO BRANCO, N. 82, Apto 313, TIPO E  3 PAV T A",CAMPOS ELISEOS,"Apartamento, 47.21 de área total, 33.57 de área privativa, 0.00 de área do terreno,  1 qto(s), WC, 1 sala(s), cozinha.",143644.95,228216.76,37.06,Licitação Aberta,,SAO PAULO,SP,Não
1787701245897,"RUA SABBADO DANGELO, N. 281, Apto 902, TORRE B",ITAQUERA,"Apartamento, 45.55 de área total, 32.46 de área privativa, 0.00 de área do terreno,  2 qto(s), WC, 1 sala(s), cozinha.",144767.36,230000.0,37.06,Licitação Aberta,,SAO PAULO,SP,Não
1787701186432,"RUA GUARACICA, N. 341, Apto 408, HIS 02",VILA CURUCA,"Apartamento, 39.82 de área total, 30.90 de área privativa, 0.00 de área do terreno,  2 qto(s), WC, 1 sala(s), cozinha.",142249.67,226000.0,37.06,Venda Direta Online,,SAO PAULO,SP,Não
8555528061960,"RUA GIACOMO COZZARELLI, N. SN, Apto 14, BL B LT 02",VILA SANTA TERESA (ZONA SUL),"Apartamento, 58.53 de área total, 47.04 de área privativa, 0.00 de área do terreno.",139731.97,222000.0,37.06,Licitação Aberta,,SAO PAULO,SP,Não
1444423411066,"RUA MILTON SOARES, N. 43,",13 SUBD BUTANTA,"Casa, 300.00 de área total, 300.00 de área privativa, 265.20 de área do terreno,  1 qto(s), a.serv, WC, 1 sala(s), cozinha, Terraco.",774336.87,1215000.0,36.27,Venda Direta Online,,SAO PAULO,SP,Sim
1787700967490,"RUA DOUTOR CLEMENTE JOBIM, N. 65, Apto 1207, 12 PAVIMENTO",JARDIM GLORIA,"Apartamento, 42.06 de área total, 29.11 de área privativa, 0.00 de área do terreno,  1 qto(s), WC, cozinha.",246640.63,387000.0,36.27,Licitação Aberta,,SAO PAULO,SP,Não
1787701885390,"RUA MIGUEL YUNES, N. 930, Apto 1502, SUBCOND 02 TR 02",29 SUBDIST STO AMARO,"Apartamento, 51.18 de área total, 33.74 de área privativa, 0.00 de área do terreno,  2 qto(s), a.serv, WC, 1 sala(s), cozinha.",157416.63,247000.0,36.27,Licitação Aberta,,SAO PAULO,SP,Não
1787701948618,"RUA PROFESSOR MAXIMO RIBEIRO NUNES, N. 681, Apto 908, PAV 9 HIS2",MAXIMO BUTANTA,"Apartamento, 67.25 de área total, 36.19 de área privativa, 0.00 de área do terreno,  2 qto(s), WC, 1 sala(s), cozinha.",246680.73,387062.91,36.27,Licitação Aberta,,SAO PAULO,SP,Não
1444413823124,"RUA ALEXANDRE LEVI, N. 85, Apto 95, TORRE 3",CAMBUCI,"Apartamento, 90.68 de área total, 49.08 de área privativa, 0.00 de área do terreno,  2 qto(s), WC, 1 sala(s), cozinha, 1 vaga(s) de garagem.",280418.29,440000.0,36.27,Licitação Aberta,,SAO PAULO,SP,Sim
1444419636032,"RUA SILVEIRA CAMPOS, N. 314, 12 SUB DISTRITO",CAMBUCI,"Casa, 252.00 de área total, 252.00 de área privativa, 154.00 de área do terreno,  3 qto(s), a.serv, WC, 1 sala(s), 1 lavabo(s), cozinha.",675553.16,1060000.0,36.27,Venda Direta Online,,SAO PAULO,SP,Sim
1444412633216,"RUA VITORINO CARMILO, N. 444, Apto 52, 5 ANDAR",BARRA FUNDA,"Apartamento, 122.08 de área total, 70.20 de área privativa, 0.00 de área do terreno,  3 qto(s), a.serv, WC, WC Emp, 1 sala(s), cozinha, 1 vaga(s) de garagem.",302724.29,475000.0,36.27,Licitação Aberta,,SAO PAULO,SP,Sim
1787700978440,"RUA ATOR PAULO GUSTAVO, N. 380, Apto 1205, TORRE 1",CIDADE SAO MATEUS,"Apartamento, 89.92 de área total, 43.40 de área privativa, 0.00 de área do terreno,  2 qto(s), WC, 1 sala(s), cozinha, 1 vaga(s) de garagem.",165701.72,260000.0,36.27,Licitação Aberta,,SAO PAULO,SP,Não
1555519001111,"AVENIDA LAVANDISCA, N. 142, Apto 11, 1 ANDAR",INDIANOPOLIS,"Apartamento, 338.04 de área total, 210.54 de área privativa, 0.00 de área do terreno,  3 qto(s), a.serv, WC, WC Emp, 1 sala(s), 1 lavabo(s), DCE, cozinha, 3 vaga(s) de garagem.",2100241.32,3295456.14,36.27,Licitação Aberta,,SAO PAULO,SP,Sim
1444409159460,"RUA PADRE JOAO GUALBERTO, N. 401, Apto 36,",IMIRIM,"Apartamento, 73.12 de área total, 51.75 de área privativa, 0.00 de área do terreno,  2 qto(s), 1 vaga(s) de garagem.",269583.95,423000.0,36.27,Licitação Aberta,,SAO PAULO,SP,Sim
1444406868215,"RUA OSCAR DE BARROS, N. 322,",JARDIM ITAPURA,"Casa, 108.20 de área total, 60.06 de área privativa, 190.00 de área do terreno, 1 vaga(s) de garagem.",268417.66,421170.0,36.27,Venda Direta Online,,SAO PAULO,SP,Sim
1444403459535,"RUA LUIS AUGUSTO PASCHOAL, N. 13,",JARDIM JABAQUARA,"Casa, 234.00 de área total, 284.00 de área privativa, 150.00 de área do terreno, 1 vaga(s) de garagem.",356896.01,560000.0,36.27,Venda Direta Online,,SAO PAULO,SP,Sim
1327100002133,"RUA CATALUNHA, N. 292, LT 02 QD 20",JAGUARE,"Casa, 215.83 de área total, 215.83 de área privativa, 171.64 de área do terreno,  3 qto(s), a.serv, WC, 1 sala(s), cozinha.",214137.6,336000.0,36.27,Licitação Aberta,,SAO PAULO,SP,Não
1787702424728,"RUA PROFESSOR MAXIMO RIBEIRO NUNES, N. 681, Apto 213,",JARDIM PERI PERI,"Apartamento, 84.79 de área total, 47.77 de área privativa, 0.00 de área do terreno, 1 vaga(s) de garagem.",267672.01,420000.0,36.27,Licitação Aberta,,SAO PAULO,SP,Sim
10290988,"RUA PAMPLONA, N. 83, Apto 2511",JARDIM PAULISTA,"Apartamento, 0.00 de área total, 30.20 de área privativa, 0.00 de área do terreno.",374674.43,587895.85,36.27,Licitação Aberta,,SAO PAULO,SP,Sim
1555511935549,"RUA JOSE DORIA DE ANDRADE, N. 538,",ITAQUERA,"Casa, 129.95 de área total, 129.95 de área privativa, 150.00 de área do terreno.",351160.18,551000.0,36.27,Licitação Aberta,,SAO PAULO,SP,Sim
1444409501380,"RUA PIMENTEL BRANDAO, N. 105,",JARDIM PERI,"Casa, 80.00 de área total, 80.00 de área privativa, 100.00 de área do terreno,  3 qto(s), a.serv, WC, 1 sala(s), cozinha.",305910.86,480000.0,36.27,Licitação Aberta,,SAO PAULO,SP,Sim
1787702984898,"ESTRADA DOS MIRANDAS, N. 531, Apto 1904, TORRE A,",JARDIM MARIA DUARTE,"Apartamento, 63.20 de área total, 41.91 de área privativa, 0.00 de área do terreno,  2 qto(s), a.serv, WC, 1 sala(s), cozinha.",151680.8,238000.0,36.27,Licitação Aberta,,SAO PAULO,SP,Não
1555517603815,"AV MAHATMA GANDHI (ANTIGA AV B), N. 545, LT 03 QD 27",INTERLAGOS,"Casa, 411.00 de área total, 411.00 de área privativa, 780.00 de área do terreno,  2 qto(s), a.serv, WC, 1 sala(s), cozinha, 1 vaga(s) de garagem.",930478.88,1460000.0,36.27,Venda Direta Online,,SAO PAULO,SP,Sim
8444408037173,"RUA JUCARAL, N. 706, CS 08",PARADA XV DE NOVEMBRO,"Casa, 0.00 de área total, 42.23 de área privativa, 62.50 de área do terreno,  2 qto(s), a.serv, WC, 1 sala(s), 1 lavabo(s), cozinha, 1 vaga(s) de garagem.",168888.29,265000.0,36.27,Licitação Aberta,,SAO PAULO,SP,Não
1444412406414,"RUA ALTINO MARTINS DA VITORIA, N. 444, LT 04",JORDANOPOLIS,"Casa, 120.00 de área total, 120.00 de área privativa, 146.50 de área do terreno,  3 qto(s), a.serv, WC, 1 sala(s), cozinha, 2 vaga(s) de garagem.",296988.46,466000.0,36.27,Licitação Aberta,,SAO PAULO,SP,Sim
1787702774230,"RUA VISCONDE DE PARNAIBA, N. 766, Apto 1314, TR A",MOOCA,"Apartamento, 41.69 de área total, 32.48 de área privativa, 0.00 de área do terreno,  2 qto(s), WC, 1 sala(s), cozinha.",214137.6,336000.0,36.27,Licitação Aberta,,SAO PAULO,SP,Não
8303900008234,"RUA VINTE E CINCO DE JANEIRO, N. 180, Apto 153, BLOCO C",LUZ,"Apartamento, 87.94 de área total, 46.72 de área privativa, 0.00 de área do terreno, 1 vaga(s) de garagem.",295713.84,464000.0,36.27,Licitação Aberta,,SAO PAULO,SP,Sim
10297324,"RUA MONTE ALEGRE, N. 1312, Apto 305, Und 305",PERDIZES,"Apartamento, 0.00 de área total, 171.50 de área privativa, 0.00 de área do terreno, 4 vaga(s) de garagem.",1924689.19,3020000.0,36.27,Licitação Aberta,,SAO PAULO,SP,Sim
10290982,"RUA DENE, N. 22, Apto 103, AP 103-PNE, 1 VG",VILA RE,"Apartamento, 0.00 de área total, 45.05 de área privativa, 0.00 de área do terreno, 1 vaga(s) de garagem.",197567.43,310000.0,36.27,Licitação Aberta,,SAO PAULO,SP,Não
1444407406568,"RUA LUIZ CUNHA, N. 285, Apto 32,",VILA PIRITUBA,"Apartamento, 120.60 de área total, 56.52 de área privativa, 0.00 de área do terreno,  2 qto(s), WC, 1 sala(s), cozinha, 2 vaga(s) de garagem.",248552.58,390000.0,36.27,Licitação Aberta,,SAO PAULO,SP,Não
1555509863366,"RUA DOUTOR JOSE DE ANDRADE FIGUEIRA, N. 451, Apto 101, 10 ANDAR",VILA SUZANA,"Apartamento, 0.00 de área total, 113.24 de área privativa, 0.00 de área do terreno, 3 vaga(s) de garagem.",484358.87,760000.0,36.27,Venda Online,,SAO PAULO,SP,Sim
1444406752179,"RUA MARQUES DE LAGES, N. 1380, Apto 227, 22 PAVIMENTO",VILA MORAES,"Apartamento, 0.00 de área total, 63.63 de área privativa, 0.00 de área do terreno.",312828.42,490854.23,36.27,Licitação Aberta,,SAO PAULO,SP,Sim
8444408017997,"RUA ABACATUAJA, N. 500, CS 04",VILA ITAIM,"Casa, 91.05 de área total, 60.22 de área privativa, 91.05 de área do terreno,  2 qto(s), a.serv, WC, 1 sala(s), cozinha.",158691.26,249000.0,36.27,Venda Direta Online,,SAO PAULO,SP,Não
1555534573589,"AVENIDA AGUAS DE SAO PEDRO, N. 381, Apto 62,",VILA PAULICEIA,"Apartamento, 165.35 de área total, 115.98 de área privativa, 0.00 de área do terreno.",516224.58,810000.0,36.27,Venda Direta Online,,SAO PAULO,SP,Sim
1444403349446,"RUA MANUEL JORGE RIBEIRO, N. 460,",VILA SALETE,"Casa, 0.00 de área total, 121.91 de área privativa, 121.91 de área do terreno.",213500.29,335000.0,36.27,Licitação Aberta,,SAO PAULO,SP,Não
1444407671989,"RUA PROFESSOR FRANCISCO PINHEIRO, N. 1016 102, Apto 44, 4º ANDAR, PRÉDIO A",VILA PRINCESA ISABEL,"Apartamento, 102.15 de área total, 92.21 de área privativa, 0.00 de área do terreno,  3 qto(s), a.serv, WC, 2 sala(s), 1 lavabo(s), cozinha.",192468.92,302000.0,36.27,Venda Online,,SAO PAULO,SP,Sim
1444413712128,"RUA VIRGINOPOLIS, N. 107, Apto 245, QD G",VILA MARINA,"Apartamento, 98.98 de área total, 65.02 de área privativa, 0.00 de área do terreno,  2 qto(s), a.serv, WC, 1 sala(s), cozinha, 1 vaga(s) de garagem.",342875.09,538000.0,36.27,Licitação Aberta,,SAO PAULO,SP,Sim
8444415041911,"RUA MAURO DE ARAUJO RIBEIRO, N. 100, Apto 31, BL B",VILA JARAGUA,"Apartamento, 99.44 de área total, 51.49 de área privativa, 0.00 de área do terreno,  2 qto(s), a.serv, WC, 1 sala(s), cozinha.",223060.01,350000.0,36.27,Venda Direta Online,,SAO PAULO,SP,Sim
1444401920219,"RUA VALDOMIRO LOBO DA COSTA, N. 91,",SACOMA,"Casa, 184.00 de área total, 184.00 de área privativa, 320.00 de área do terreno,  3 qto(s), a.serv, WC, 1 sala(s), cozinha, Terraco.",407881.15,640000.0,36.27,Venda Direta Online,,SAO PAULO,SP,Não
1787702062788,"AVENIDA JEAN KHOURY FARAH, N. 360, Apto 502, TORRE 01",VILA CARMOSINA,"Apartamento, 83.90 de área total, 47.30 de área privativa, 0.00 de área do terreno,  3 qto(s), a.serv, WC, 1 sala(s), cozinha, 1 vaga(s) de garagem.",226246.58,355000.0,36.27,Licitação Aberta,,SAO PAULO,SP,Não
1444405982006,"AVENIDA ESCOLA POLITECNICA, N. SN, LT 7D QD J",RIO PEQUENO,"Casa, 180.00 de área total, 75.27 de área privativa, 75.02 de área do terreno,  3 qto(s), a.serv, WC, 1 sala(s), cozinha, Terraco.",322481.04,506000.0,36.27,Licitação Aberta,,SAO PAULO,SP,Sim
1444408777144,"RUA INDUSTRIAL, N. 315,",VILA ALPINA,"Casa, 0.00 de área total, 80.00 de área privativa, 120.00 de área do terreno.",353295.65,554350.73,36.27,Venda Direta Online,,SAO PAULO,SP,Sim
1444423428333,"RUA CAMBERRA, N. 90, Apto 72,",VILA FORMOSA,"Apartamento, 164.26 de área total, 133.50 de área privativa, 0.00 de área do terreno,  3 qto(s).",796642.88,1250000.0,36.27,Venda Direta Online,,SAO PAULO,SP,Sim
1444406110673,"AVENIDA MINISTRO PETRONIO PORTELA, N. 1901, Apto 33, BLOCO G",VILA AMELIA,"Apartamento, 0.00 de área total, 81.48 de área privativa, 0.00 de área do terreno, 1 vaga(s) de garagem.",541717.16,850000.0,36.27,Licitação Aberta,,SAO PAULO,SP,Sim
1444400304018,"RUA JOSE MARTINS BORGES, N. 50,",TREMEMBE,"Casa, 149.00 de área total, 149.00 de área privativa, 125.00 de área do terreno,  3 qto(s), a.serv, WC, WC Emp, 1 sala(s), cozinha, Terraco.",528970.87,830000.0,36.27,Venda Direta Online,,SAO PAULO,SP,Sim
1444415671534,"AVENIDA GIOVANNI GRONCHI, N. 4971, Apto 08,",VILA ANDRADE,"Apartamento, 379.18 de área total, 234.86 de área privativa, 0.00 de área do terreno,  4 qto(s), a.serv, WC, 1 sala(s), cozinha, 4 vaga(s) de garagem.",611821.73,960000.0,36.27,Licitação Aberta,,SAO PAULO,SP,Sim
1444407189184,"RUA JOSE FERNANDES CALDAS, N. 20, Apto 82, BLOCO 3",VILA SANTA TERESA (ZONA SUL),"Apartamento, 99.83 de área total, 63.00 de área privativa, 0.00 de área do terreno,  2 qto(s), a.serv, WC, 1 sala(s), cozinha, 1 vaga(s) de garagem.",168888.29,265000.0,36.27,Licitação Aberta,,SAO PAULO,SP,Não
8787712382279,"RUA NAZARE MENEZES, N. 727, Apto 48, 4º PAVIMENTO",JARDIM LEME,"Apartamento, 79.88 de área total, 43.33 de área privativa, 0.00 de área do terreno,  2 qto(s), a.serv, WC, 1 sala(s), cozinha.",140555.8,215000.0,34.63,Leilão SFI - Edital Único,,SAO PAULO,SP,Não
8787717158202,"RUA RUBENS PORTA NOVA, N. 166, Apto 1107, 11º PAVIMENTO TORRE 1A",PARQUE INDUSTRIAL TOMAS EDSON,"Apartamento, 37.03 de área total, 26.60 de área privativa, 0.00 de área do terreno,  1 qto(s), WC, 1 sala(s), cozinha.",188764.84,273000.0,30.86,Leilão SFI - Edital Único,,SAO PAULO,SP,Não
8787711251740,"RUA SIQUEIRA BUENO, N. 656, Apto 901, 9º PAVIMENTO TORRE 1 SUBCONDOMINIO 1",BELENZINHO,"Apartamento, 51.61 de área total, 37.22 de área privativa, 0.00 de área do terreno,  2 qto(s), a.serv, WC, 1 sala(s), cozinha.",238054.73,340000.0,29.99,Leilão SFI - Edital Único,,SAO PAULO,SP,Não
8787709151113,"RUA DOMINGOS ATAIDE, N. 60, Apto 106, PAVIMENTO TERREO TORRE 02",PARQUE REBOUCAS,"Apartamento, 57.13 de área total, 36.73 de área privativa, 0.00 de área do terreno,  2 qto(s), a.serv, WC, 1 sala(s), cozinha.",157530.17,222000.0,29.05,Leilão SFI - Edital Único,,SAO PAULO,SP,Não
8787712600055,"AVENIDA DOS OURIVES, N. 840, Apto 01, TORRE 02",JARDIM SAO SAVERIO,"Apartamento, 56.04 de área total, 41.00 de área privativa, 0.00 de área do terreno,  2 qto(s), a.serv, WC, 1 sala(s), cozinha.",141498.12,185000.0,23.52,Leilão SFI - Edital Único,,SAO PAULO,SP,Não
8787718979447,"RUA MARCO GIANNINI, N. 240, Apto 715, 7º PAVIMENTO BLOCO 02",JARDIM GILDA MARIA,"Apartamento, 51.15 de área total, 31.66 de área privativa, 0.00 de área do terreno,  2 qto(s), WC, 1 sala(s), cozinha.",173797.34,221350.0,21.49,Leilão SFI - Edital Único,,SAO PAULO,SP,Não
8787709052514,"AVENIDA APARECIDA DO RIO NEGRO, N. 240, Apto 404, 3º PAVIMENTO TORRE 1 VAGA 50",JARDIM IRIS,"Apartamento, 88.34 de área total, 43.40 de área privativa, 0.00 de área do terreno,  2 qto(s), WC, 1 sala(s), cozinha, 1 vaga(s) de garagem.",233383.18,295000.0,20.89,Leilão SFI - Edital Único,,SAO PAULO,SP,Não
1444425635905,"RUA LARANJAL, N. 371, LADO IMPAR LOTE 65 PARTE 66 QUADRA 03",MOINHO VELHO,"Terreno, 0.00 de área total, 0.00 de área privativa, 264.00 de área do terreno.",544595.96,687000.0,20.73,Leilão SFI - Edital Único,,SAO PAULO,SP,Não
8787712254122,"RUA ADOLFO SCHNABEL, N. 151, Apto 305, 3º PAVIMENTO",VILA EMA,"Apartamento, 45.60 de área total, 28.06 de área privativa, 0.00 de área do terreno,  1 qto(s), WC, 1 sala(s), cozinha.",173143.67,215000.0,19.47,Leilão SFI - Edital Único,,SAO PAULO,SP,Não
8787718666112,"RUA GOIATA, N. 232, Apto 906, 9º PAVIMENTO TORRE 3",PARADA XV DE NOVEMBRO,"Apartamento, 58.17 de área total, 41.16 de área privativa, 0.00 de área do terreno,  2 qto(s).",199232.55,245000.0,18.69,Leilão SFI - Edital Único,,SAO PAULO,SP,Não
8787717360850,"RUA ELEONORA RAGUSA, N. 128, Apto 1202, 12º PAVIMENTO TORRE B",VILA CELESTE,"Apartamento, 52.01 de área total, 37.87 de área privativa, 0.00 de área do terreno,  2 qto(s), a.serv, WC, 1 sala(s), cozinha.",199317.5,237500.0,16.08,Leilão SFI - Edital Único,,SAO PAULO,SP,Não
8787720669999,"RUA OSORIO FRANCO VILHENA, N. 1217, Apto 2007, 20º PAVIMENTO TORRE B",VILA NOVA CURUCA,"Apartamento, 40.21 de área total, 32.48 de área privativa, 0.00 de área do terreno,  2 qto(s), WC, 1 sala(s), cozinha.",193512.55,225000.0,14.0,Leilão SFI - Edital Único,,SAO PAULO,SP,Não
1555520903832,"RUA CORTEGACA, N. 413, CASA 22",JARDIM GUARUJA,"Casa, 108.49 de área total, 77.19 de área privativa, 44.08 de área do terreno,  2 qto(s), a.serv, WC, 1 sala(s), cozinha, 1 vaga(s) de garagem.",239552.08,275000.0,12.9,Leilão SFI - Edital Único,,SAO PAULO,SP,Não
1787701826318,"RUA ADELINO DE ALMEIDA CASTILHO, N. 211, Apto 146, 14º PAVIMENTO",MARANHAO,"Apartamento, 78.10 de área total, 44.00 de área privativa, 0.00 de área do terreno,  2 qto(s), WC, 1 sala(s), cozinha, 1 vaga(s) de garagem.",380467.25,425000.0,10.48,Leilão SFI - Edital Único,,SAO PAULO,SP,Não
8787706734649,"AVENIDA SAPOPEMBA, N. 13302, Apto 410, 4º PAVIMENTO TORRE B",JARDIM ADUTORA,"Apartamento, 46.95 de área total, 34.34 de área privativa, 0.00 de área do terreno,  2 qto(s), WC, 1 sala(s), cozinha.",186315.75,198498.25,6.14,Leilão SFI - Edital Único,,SAO PAULO,SP,Não
8787709533466,"RUA LUIS DA FONSECA GALVAO, N. 181, Apto 39, 3º PAVIMENTO TORRE A",PARQUE MARIA HELENA,"Apartamento, 37.15 de área total, 26.49 de área privativa, 0.00 de área do terreno,  1 qto(s), WC, 1 sala(s), cozinha.",197484.01,205000.0,3.67,Leilão SFI - Edital Único,,SAO PAULO,SP,Não
8787708099070,"RUA JOAQUIM NUNES TEIXEIRA, N. 236, Apto 119, 11º PAVIMENTO TORRE 2",VILA PLANA,"Apartamento, 57.62 de área total, 40.84 de área privativa, 0.00 de área do terreno,  2 qto(s), a.serv, WC, 1 sala(s), cozinha.",229859.73,235000.0,2.19,Leilão SFI - Edital Único,,SAO PAULO,SP,Não
1787701776965,"RUA JANUARIO ZINGARO, N. 317, Apto 2005, 20º PAVIMENTO BLOCO 2",JARDIM PARIS,"Apartamento, 66.38 de área total, 43.33 de área privativa, 0.00 de área do terreno,  2 qto(s), a.serv, WC, 1 sala(s), cozinha.",227460.47,232000.0,1.96,Leilão SFI - Edital Único,,SAO PAULO,SP,Não
1555500148630,"ESTRADA DE ITAPECERICA, N. 2830, Apto 82, T A",CAPELINHA,"Apartamento, 127.00 de área total, 64.50 de área privativa, 0.00 de área do terreno,  3 qto(s), a.serv, WC, 1 sala(s), cozinha, 2 vaga(s) de garagem.",450000.0,450000.0,0.0,Leilão SFI - Edital Único,,SAO PAULO,SP,Não
8787707232914,"RUA AGRIMENSOR SUGAYA, N. SN, Apto 37, BL 02 ATUAL N 1210",GUAIANAZES,"Apartamento, 77.21 de área total, 40.20 de área privativa, 0.00 de área do terreno,  2 qto(s), a.serv, WC, 1 sala(s), cozinha.",227000.0,227000.0,0.0,Leilão SFI - Edital Único,,SAO PAULO,SP,Não
8787707756204,"AVENIDA OSVALDO VALLE CORDEIRO, N. 1240, Apto 06, PNE T 02 HIS2",38°SUBD VILA MATILDE,"Apartamento, 61.56 de área total, 43.25 de área privativa, 0.00 de área do terreno,  2 qto(s), WC, 1 sala(s), cozinha.",204000.0,204000.0,0.0,Leilão SFI - Edital Único,,SAO PAULO,SP,Não
8787712162848,"RUA FORTE DA RIBEIRA, N. 250, Apto 27, SUBCOND 01 BL 01",DIST DE ITAQUERA,"Apartamento, 59.28 de área total, 40.20 de área privativa, 0.00 de área do terreno,  2 qto(s), a.serv, WC, 1 sala(s), cozinha.",215000.0,215000.0,0.0,Leilão SFI - Edital Único,,SAO PAULO,SP,Não
8787714401718,"RUA NORA NEY, N. 80, Apto 506, T A SUBCOND 01 HIS2",32°SUBD CAP SOCORRO,"Apartamento, 35.10 de área total, 28.64 de área privativa, 0.00 de área do terreno,  1 qto(s), WC, 1 sala(s), cozinha.",276000.0,276000.0,0.0,Leilão SFI - Edital Único,,SAO PAULO,SP,Não
8787715636751,"RUA EDVARD CARMILO, N. 520, Apto 301, T B HIS1",13 SUBDIST BUTANTA,"Apartamento, 50.01 de área total, 32.75 de área privativa, 0.00 de área do terreno.",247000.0,247000.0,0.0,Leilão SFI - Edital Único,,SAO PAULO,SP,Não
8787716931340,"RUA CANES, N. 68, Apto 1306, SUBCOND 01 BL 02 HIS2",32°SUBD CAP SOCORRO,"Apartamento, 0.00 de área total, 33.19 de área privativa, 0.00 de área do terreno,  2 qto(s), WC, 1 sala(s), cozinha.",277000.0,277000.0,0.0,Leilão SFI - Edital Único,,SAO PAULO,SP,Não
8787717097505,"RUA TOMOICHI SHIMIZU, N. 181, Apto 711, TR B",GUAIANAZES,"Apartamento, 56.18 de área total, 32.39 de área privativa, 0.00 de área do terreno,  2 qto(s), WC, 1 sala(s).",215000.0,215000.0,0.0,Leilão SFI - Edital Único,,SAO PAULO,SP,Não
8787717143140,"RUA CANES, N. 68, Apto 1004, SUBCOND 01 BL 02 HIS2",32°SUBD CAP SOCORRO,"Apartamento, 49.70 de área total, 33.19 de área privativa, 0.00 de área do terreno,  2 qto(s), WC, 1 sala(s), cozinha.",270000.0,270000.0,0.0,Leilão SFI - Edital Único,,SAO PAULO,SP,Não
8787717524420,"RUA CANES, N. 68, Apto 916, SUBCOND 03 PARTE DO BL 01 HIS2",32°SUBD CAP SOCORRO,"Apartamento, 49.70 de área total, 33.19 de área privativa, 0.00 de área do terreno,  2 qto(s), WC, 1 sala(s), cozinha.",270000.0,270000.0,0.0,Leilão SFI - Edital Único,,SAO PAULO,SP,Não
8787717692640,"RUA CANES, N. 68, Apto 1002, SUBCOND 02 PARTE DO BL 01 HIS2",32°SUBD CAP SOCORRO,"Apartamento, 49.20 de área total, 32.85 de área privativa, 0.00 de área do terreno,  2 qto(s), WC, 1 sala(s), cozinha.",270000.0,270000.0,0.0,Leilão SFI - Edital Único,,SAO PAULO,SP,Não
8787717697057,"AVENIDA DRACENA, N. 470, Apto 409, T 03 HIS2",13 SUBDIST BUTANTA,"Apartamento, 61.87 de área total, 37.71 de área privativa, 0.00 de área do terreno,  2 qto(s), a.serv, WC, 1 sala(s), cozinha.",265000.0,265000.0,0.0,Leilão SFI - Edital Único,,SAO PAULO,SP,Não
8787718020085,"RUA CANES, N. 68, Apto 1504, SUBCOND 02 PARTE DO BL 01 HIS2",32°SUBD CAP SOCORRO,"Apartamento, 49.70 de área total, 33.19 de área privativa, 0.00 de área do terreno,  2 qto(s), WC, 1 sala(s), cozinha.",270000.0,270000.0,0.0,Leilão SFI - Edital Único,,SAO PAULO,SP,Não
8787719157114,"RUA CANES, N. 68, Apto 1712, SUBCOND 03 PARTE DO BL 01 HIS2",32°SUBD CAP SOCORRO,"Apartamento, 49.70 de área total, 33.19 de área privativa, 0.00 de área do terreno,  2 qto(s), WC, 1 sala(s), cozinha.",270000.0,270000.0,0.0,Leilão SFI - Edital Único,,SAO PAULO,SP,Não
8787710474974,"RUA AZURITA, N. 48, Apto 515, PAV 5 TORRE 2 HIS1",CANINDE,"Apartamento, 52.70 de área total, 34.65 de área privativa, 0.00 de área do terreno,  2 qto(s), WC, 1 sala(s), cozinha.",275000.0,275000.0,0.0,Leilão SFI - Edital Único,,SAO PAULO,SP,Não
8787714280643,"RUA NORA NEY, N. 120, Apto 301, TORRE B HIS",CAPELA DO SOCORRO,"Apartamento, 48.65 de área total, 33.06 de área privativa, 0.00 de área do terreno,  2 qto(s), WC, 1 sala(s), cozinha.",258000.0,258000.0,0.0,Leilão SFI - Edital Único,,SAO PAULO,SP,Não
8787717764676,"RUA CANES, N. 68, Apto 1204, BL 01 HIS",CAPELA DO SOCORRO,"Apartamento, 49.70 de área total, 33.19 de área privativa, 0.00 de área do terreno,  2 qto(s), WC, 1 sala(s), cozinha, 1 vaga(s) de garagem.",277000.0,277000.0,0.0,Leilão SFI - Edital Único,,SAO PAULO,SP,Não
8787705872932,"AVENIDA CELSO GARCIA, N. 1459, Apto 111, TORRE A",BRAS,"Apartamento, 0.00 de área total, 44.02 de área privativa, 0.00 de área do terreno,  2 qto(s), a.serv, WC, 1 sala(s), cozinha.",293000.0,293000.0,0.0,Leilão SFI - Edital Único,,SAO PAULO,SP,Não
8787703881756,"RUA DONA ANA NERI, N. 1345, Apto 47, T A",CAMBUCI,"Apartamento, 48.00 de área total, 41.00 de área privativa, 0.00 de área do terreno,  2 qto(s), WC, 1 sala(s), cozinha.",284000.0,284000.0,0.0,Leilão SFI - Edital Único,,SAO PAULO,SP,Não
8787711376402,"RUA DO LAVAPES, N. 245, Apto 708, T A",CAMBUCI,"Apartamento, 33.83 de área total, 26.65 de área privativa, 0.00 de área do terreno,  2 qto(s), WC, 1 sala(s), cozinha.",203485.32,203485.32,0.0,Leilão SFI - Edital Único,,SAO PAULO,SP,Não
8787713151220,"RUA RAUL SADDI, N. 64 E 88, Apto 805, T 03",BUTANTA,"Apartamento, 33.91 de área total, 24.03 de área privativa, 0.00 de área do terreno,  1 qto(s), WC, cozinha.",315000.0,315000.0,0.0,Leilão SFI - Edital Único,,SAO PAULO,SP,Não
8787717376277,"RUA ADHERBAL STRESSER, N. 247, Apto 604, TORRE 1",BUTANTA,"Apartamento, 90.68 de área total, 41.10 de área privativa, 0.00 de área do terreno,  2 qto(s), WC, 1 sala(s), cozinha, 1 vaga(s) de garagem.",265000.0,265000.0,0.0,Leilão SFI - Edital Único,,SAO PAULO,SP,Não
8116603001579,"RUA PACHECO MELO, N. 115, Apto 11, BL H",CAMPO GRANDE,"Apartamento, 122.39 de área total, 57.05 de área privativa, 0.00 de área do terreno,  2 qto(s), a.serv, WC, 1 sala(s), cozinha, 1 vaga(s) de garagem.",284000.0,284000.0,0.0,Leilão SFI - Edital Único,,SAO PAULO,SP,Não
1444421251355,"RUA RITA JOANA DE SOUSA, N. 502, Apto 502, 55B  TR 3",BROOKLIN NOVO,"Apartamento, 35.01 de área total, 23.55 de área privativa, 0.00 de área do terreno,  1 qto(s), WC, cozinha.",410000.0,410000.0,0.0,Leilão SFI - Edital Único,,SAO PAULO,SP,Não
8787707040861,"RUA CONSELHEIRO RAMALHO, N. 376, Apto 609, PAVIMENTO 6",BELA VISTA,"Apartamento, 35.19 de área total, 26.00 de área privativa, 0.00 de área do terreno,  1 qto(s), a.serv, WC, 1 vaga(s) de garagem.",253000.0,253000.0,0.0,Leilão SFI - Edital Único,,SAO PAULO,SP,Não
8787714737902,"AVENIDA RUDGE, N. 351, Apto 312, TORRE B  HIS2",BOM RETIRO,"Apartamento, 38.88 de área total, 28.64 de área privativa, 0.00 de área do terreno,  1 qto(s), a.serv, WC, 1 sala(s), cozinha, Terraco.",242000.0,242000.0,0.0,Leilão SFI - Edital Único,,SAO PAULO,SP,Não
1555515651448,"RUA MARTIM AFONSO, N. 243,",BELENZINHO,"Casa, 60.00 de área total, 60.00 de área privativa, 70.00 de área do terreno,  1 qto(s), WC.",304000.0,304000.0,0.0,Leilão SFI - Edital Único,,SAO PAULO,SP,Não
8787714408747,"RUA SIQUEIRA BUENO, N. 668, Apto 1208, TR 1",BELENZINHO,"Apartamento, 33.97 de área total, 24.63 de área privativa, 0.00 de área do terreno,  1 qto(s).",205000.0,205000.0,0.0,Leilão SFI - Edital Único,,SAO PAULO,SP,Não
8787714941356,"RUA JULIO DE CASTILHOS, N. 248, Apto 1119, PAV 11 HIS2",BELENZINHO,"Apartamento, 35.19 de área total, 29.04 de área privativa, 0.00 de área do terreno,  1 qto(s), WC, 1 sala(s), cozinha.",315000.0,315000.0,0.0,Leilão SFI - Edital Único,,SAO PAULO,SP,Não
8555536460895,"RUA CONEGO VICENTE MIGUEL MARINO, N. 43, Apto 114, 1 PAV",BARRA FUNDA,"Apartamento, 0.00 de área total, 32.86 de área privativa, 0.00 de área do terreno,  1 qto(s), a.serv, WC, 1 sala(s), cozinha.",267289.16,267289.16,0.0,Leilão SFI - Edital Único,,SAO PAULO,SP,Não
8787713339199,"RUA ANDRE DE ALMEIDA, N. 2231, Apto 101, TORRE 02",CIDADE SAO MATEUS,"Apartamento, 0.00 de área total, 45.57 de área privativa, 0.00 de área do terreno,  2 qto(s), WC, 1 sala(s), cozinha, 1 vaga(s) de garagem.",309000.0,309000.0,0.0,Leilão SFI - Edital Único,,SAO PAULO,SP,Sim
8787710509816,"RUA ENEAS CAMARGO, N. 388, Apto 64, BL 1",CHACARA MARIA TRINDADE,"Apartamento, 69.06 de área total, 41.56 de área privativa, 0.00 de área do terreno,  2 qto(s), a.serv, WC, 1 sala(s), cozinha.",196000.0,196000.0,0.0,Leilão SFI - Edital Único,,SAO PAULO,SP,Não
8787712110643,"RUA ENEAS CAMARGO, N. 388, Apto 57, BL 3",CHACARA MARIA TRINDADE,"Apartamento, 48.54 de área total, 40.20 de área privativa, 0.00 de área do terreno,  2 qto(s), WC, 1 sala(s), cozinha.",200000.0,200000.0,0.0,Leilão SFI - Edital Único,,SAO PAULO,SP,Não
8787705479092,"RUA IARUCU, N. 265, Apto 201, BL 1 2 PAV",CIDADE ANTONIO ESTEVAO DE CARVALHO,"Apartamento, 34.07 de área total, 25.82 de área privativa, 0.00 de área do terreno.",185000.0,185000.0,0.0,Leilão SFI - Edital Único,,SAO PAULO,SP,Não
8787713877760,"AVENIDA MARCONDES DE BRITO, N. 378, Apto 310, PAV 3",CHACARA SEIS DE OUTUBRO,"Apartamento, 50.30 de área total, 33.65 de área privativa, 0.00 de área do terreno,  2 qto(s), WC, 1 sala(s), cozinha.",254000.0,254000.0,0.0,Leilão SFI - Edital Único,,SAO PAULO,SP,Não
8555536804942,"RUA NEBULOSAS, N. 700, Apto 04, TORRE B",CIDADE SATELITE SANTA BARBARA,"Apartamento, 83.74 de área total, 44.80 de área privativa, 0.00 de área do terreno,  2 qto(s), a.serv, WC, 1 sala(s), cozinha, 1 vaga(s) de garagem.",232000.0,232000.0,0.0,Leilão SFI - Edital Único,,SAO PAULO,SP,Não
8787702702939,"RUA BENTO SOARES MOTA, N. 65, Apto 43, BL 01",GUAIANAZES,"Apartamento, 60.97 de área total, 40.23 de área privativa, 0.00 de área do terreno,  2 qto(s), WC, 1 sala(s), cozinha.",192000.0,192000.0,0.0,Leilão SFI - Edital Único,,SAO PAULO,SP,Não
8787707427910,"RUA ARROIO SARANDI, N. 65, Apto 106, BL 01",GUAIANAZES,"Apartamento, 58.55 de área total, 40.20 de área privativa, 0.00 de área do terreno,  2 qto(s), WC, 1 sala(s), cozinha.",195000.0,195000.0,0.0,Leilão SFI - Edital Único,,SAO PAULO,SP,Não
8787709655588,"RUA SALVADOR GIANETTI, N. 201, Apto 807, TORRE 1",GUAIANAZES,"Apartamento, 46.47 de área total, 24.86 de área privativa, 0.00 de área do terreno,  1 qto(s), WC.",190000.0,190000.0,0.0,Leilão SFI - Edital Único,,SAO PAULO,SP,Não
8787712302178,"PRACA AMIANTO, N. 30, Apto 1004, BL 01 MOD I",GUAIANAZES,"Apartamento, 78.17 de área total, 44.17 de área privativa, 0.00 de área do terreno,  2 qto(s), WC, 1 sala(s), cozinha.",219000.0,219000.0,0.0,Leilão SFI - Edital Único,,SAO PAULO,SP,Não
8787714460676,"RUA ARROIO SARANDI, N. 93, Apto 1608, HMP",GUAIANAZES,"Apartamento, 54.14 de área total, 35.03 de área privativa, 0.00 de área do terreno,  2 qto(s), WC, 1 sala(s), cozinha.",195000.0,195000.0,0.0,Leilão SFI - Edital Único,,SAO PAULO,SP,Não
8787716447057,"RUA TOMOICHI SHIMIZU, N. 181, Apto 502, TORRE B HIS2",GUAIANAZES,"Apartamento, 41.08 de área total, 32.90 de área privativa, 0.00 de área do terreno,  2 qto(s), WC, 1 sala(s), cozinha.",230000.0,230000.0,0.0,Leilão SFI - Edital Único,,SAO PAULO,SP,Não
8787716825000,"RUA JUA MIRIM, N. 385, Apto 1902, T A",GUAIANAZES,"Apartamento, 47.55 de área total, 32.39 de área privativa, 0.00 de área do terreno,  2 qto(s), WC, 1 sala(s), cozinha.",220000.0,220000.0,0.0,Leilão SFI - Edital Único,,SAO PAULO,SP,Não
1600000178407,"RUA ONZE DE FEVEREIRO, N. 204, PREDIO 204",CIDADE VARGAS,"Casa, 246.00 de área total, 246.00 de área privativa, 400.00 de área do terreno,  4 qto(s), a.serv, WC, 1 sala(s), cozinha.",1997000.0,1997000.0,0.0,Leilão SFI - Edital Único,,SAO PAULO,SP,Não
8787715553007,"RUA COMENDADOR FRANCISCO PETTINATI, N. 363, Apto 604, PAV 6 HIS2",JARDIM MONTE KEMEL,"Apartamento, 24.12 de área total, 16.61 de área privativa, 0.00 de área do terreno,  1 qto(s), WC, cozinha.",200000.0,200000.0,0.0,Leilão SFI - Edital Único,,SAO PAULO,SP,Não
10306957,"RUA PAULO RAIMONDI, N. 32",JARDIM MONJOLO,"Casa, 0.00 de área total, 71.10 de área privativa, 74.45 de área do terreno.",488000.0,488000.0,0.0,Leilão SFI - Edital Único,,SAO PAULO,SP,Não
1787700631203,"AVENIDA CONDESSA ELISABETH DE ROBIANO, N. 1859, Apto 1501, PAV 15 TORRE 1",JARDIM AMERICA DA PENHA,"Apartamento, 80.61 de área total, 39.74 de área privativa, 0.00 de área do terreno,  2 qto(s), a.serv, WC, 1 vaga(s) de garagem.",290306.92,290306.92,0.0,Leilão SFI - Edital Único,,SAO PAULO,SP,Não
1787702249470,"RUA PROFESSOR MAXIMO RIBEIRO NUNES, N. 681, Apto AP 12, 1220  HIS 2",JARDIM PERI PERI,"Apartamento, 66.74 de área total, 35.85 de área privativa, 0.00 de área do terreno,  2 qto(s), WC, cozinha, 1 vaga(s) de garagem.",367000.0,367000.0,0.0,Leilão SFI - Edital Único,,SAO PAULO,SP,Não
1444415176363,"AVENIDA ROQUE PETRONI JUNIOR, N. 110, Apto 1403,",JARDIM DAS ACACIAS,"Apartamento, 0.00 de área total, 21.77 de área privativa, 0.00 de área do terreno.",473000.0,473000.0,0.0,Leilão SFI - Edital Único,,SAO PAULO,SP,Não
1555510659866,"RUA LOUREIRO, N. 242,",JARDIM SANTA MARIA,"Casa, 97.90 de área total, 66.47 de área privativa, 51.50 de área do terreno,  2 qto(s), a.serv, WC, 1 sala(s), cozinha, 1 vaga(s) de garagem.",385000.0,385000.0,0.0,Leilão SFI - Edital Único,,SAO PAULO,SP,Não
8787709057273,"RUA DOUTOR CLEMENTE JOBIM, N. 65, Apto 502, HIS2",JARDIM DA GLORIA,"Apartamento, 41.37 de área total, 28.64 de área privativa, 0.00 de área do terreno,  1 qto(s), WC, 1 sala(s), cozinha.",305000.0,305000.0,0.0,Leilão SFI - Edital Único,,SAO PAULO,SP,Não
8787715003740,"RUA EDVARD CARMILO, N. 520, Apto 106, PAV1 TORRE A HIS1",JARDIM CELESTE,"Apartamento, 50.01 de área total, 32.75 de área privativa, 0.00 de área do terreno,  2 qto(s), WC, 1 sala(s), cozinha.",230000.0,230000.0,0.0,Leilão SFI - Edital Único,,SAO PAULO,SP,Não
8787715957035,"RUA EDVARD CARMILO, N. 520, Apto 801, TR A  HIS",JARDIM CELESTE,"Apartamento, 50.01 de área total, 32.75 de área privativa, 0.00 de área do terreno,  2 qto(s), WC, 1 sala(s), cozinha.",260000.0,260000.0,0.0,Leilão SFI - Edital Único,,SAO PAULO,SP,Não
8787711467050,"AVENIDA VEREADOR JOAO DE LUCA, N. 1790, Apto 703, TORRE 1 HIS2",JARDIM PRUDENCIA,"Apartamento, 47.74 de área total, 33.54 de área privativa, 0.00 de área do terreno,  1 qto(s), WC, 1 sala(s), cozinha.",325100.0,325100.0,0.0,Leilão SFI - Edital Único,,SAO PAULO,SP,Não
1555505757979,"RUA SENADOR GEORGINO AVELINO, N. 490, CS 11",ITAQUERA,"Casa, 106.11 de área total, 79.52 de área privativa, 106.11 de área do terreno,  2 qto(s), a.serv, WC, 1 sala(s), 1 lavabo(s), cozinha, 1 vaga(s) de garagem.",380000.0,380000.0,0.0,Leilão SFI - Edital Único,,SAO PAULO,SP,Não
8787709722870,"RUA ATOR PAULO GUSTAVO, N. 380, Apto 602, T 02 VG 228",ITAQUERA,"Apartamento, 92.80 de área total, 43.13 de área privativa, 0.00 de área do terreno,  2 qto(s), a.serv, WC, 1 sala(s), cozinha, 1 vaga(s) de garagem.",242000.0,242000.0,0.0,Leilão SFI - Edital Único,,SAO PAULO,SP,Não
8787713419176,"RUA CLENIO WANDERLEY, N. 80, Apto 2205, BL 03 SUBCOND 03 HMP",ITAQUERA,"Apartamento, 65.28 de área total, 35.03 de área privativa, 0.00 de área do terreno,  2 qto(s), WC, 1 sala(s), cozinha, 1 vaga(s) de garagem.",194150.0,194150.0,0.0,Leilão SFI - Edital Único,,SAO PAULO,SP,Não
8787715377993,"RUA CLENIO WANDERLEY, N. 80, Apto 1806, BL 03",ITAQUERA,"Apartamento, 54.55 de área total, 35.03 de área privativa, 0.00 de área do terreno,  2 qto(s), WC, 1 sala(s), cozinha.",241423.61,241423.61,0.0,Leilão SFI - Edital Único,,SAO PAULO,SP,Não
8787716591417,"RUA ANDRE DE ALMEIDA, N. 2207, Apto 88, T 02 HMP",ITAQUERA,"Apartamento, 91.17 de área total, 45.57 de área privativa, 0.00 de área do terreno,  2 qto(s), a.serv, WC, 1 sala(s), cozinha, 1 vaga(s) de garagem.",298280.26,298280.26,0.0,Leilão SFI - Edital Único,,SAO PAULO,SP,Não
8787719843980,"RUA IOSOSUKE OKAUE, N. 311, Apto 1805, T A HMP",ITAQUERA,"Apartamento, 53.01 de área total, 40.00 de área privativa, 0.00 de área do terreno,  2 qto(s), a.serv, WC, 1 sala(s), cozinha.",279000.0,279000.0,0.0,Leilão SFI - Edital Único,,SAO PAULO,SP,Não
8787712822252,"RUA JUA MIRIM, N. 385, Apto 107,  TORRE B",JARDIM PEDRA BRANCA,"Apartamento, 40.96 de área total, 32.75 de área privativa, 0.00 de área do terreno,  2 qto(s), WC, 1 sala(s), cozinha.",225000.0,225000.0,0.0,Leilão SFI - Edital Único,,SAO PAULO,SP,Não
8787717410050,"RUA JUA MIRIM, N. 385, Apto 1703,  TORRE B",JARDIM PEDRA BRANCA,"Apartamento, 47.68 de área total, 32.48 de área privativa, 0.00 de área do terreno,  2 qto(s), WC, 1 sala(s), cozinha.",220000.0,220000.0,0.0,Leilão SFI - Edital Único,,SAO PAULO,SP,Não
1787701500366,"RUA LAGUNA, N. 334, Apto 1913,",JARDIM CARAVELAS,"Apartamento, 50.11 de área total, 36.20 de área privativa, 0.00 de área do terreno,  2 qto(s), a.serv, WC, 1 sala(s), cozinha.",394000.0,394000.0,0.0,Leilão SFI - Edital Único,,SAO PAULO,SP,Não
8787714291262,"AVENIDA DOUTOR FELIPE PINEL, N. 3581, Apto 1107, TR A 11 PAV",JARAGUA,"Apartamento, 46.05 de área total, 32.77 de área privativa, 0.00 de área do terreno,  2 qto(s), WC, 1 sala(s), cozinha.",237000.0,237000.0,0.0,Leilão SFI - Edital Único,,SAO PAULO,SP,Não
8787714632140,"AVENIDA DOUTOR FELIPE PINEL, N. 3581, Apto 1001, TR A",JARAGUA,"Apartamento, 46.05 de área total, 32.77 de área privativa, 0.00 de área do terreno,  2 qto(s), WC, 1 sala(s), cozinha.",237000.0,237000.0,0.0,Leilão SFI - Edital Único,,SAO PAULO,SP,Não
1787701133142,"RODOVIA RAPOSO TAVARES, N. 8312, Apto 174, PAVIMENTO 17 TORRE A",JARDIM BOA VISTA (ZONA OESTE),"Apartamento, 88.14 de área total, 46.63 de área privativa, 0.00 de área do terreno,  2 qto(s), a.serv, WC, 1 sala(s), cozinha, 1 vaga(s) de garagem.",275000.0,275000.0,0.0,Leilão SFI - Edital Único,,SAO PAULO,SP,Não
1555530402690,"RUA TAUNA, N. 186,",JARDIM LEONIDAS MOREIRA,"Casa, 120.00 de área total, 120.00 de área privativa, 201.50 de área do terreno,  3 qto(s), a.serv, WC, 1 sala(s), cozinha, Terraco, 1 vaga(s) de garagem.",553743.25,553743.25,0.0,Leilão SFI - Edital Único,,SAO PAULO,SP,Não
8787712813610,"RUA JORGE FARES, N. 178, Apto 904, TIPO 12 TORRE 3 A HIS1",JARDIM SAO LUIS,"Apartamento, 54.69 de área total, 37.36 de área privativa, 0.00 de área do terreno,  2 qto(s), a.serv, WC, 1 sala(s), cozinha.",270000.0,270000.0,0.0,Leilão SFI - Edital Único,,SAO PAULO,SP,Não
8787714353861,"RUA JORGE FARES, N. 178, Apto 906, TIPO 20 TORRE 4 B HIS1",JARDIM SAO LUIS,"Apartamento, 54.74 de área total, 37.38 de área privativa, 0.00 de área do terreno,  2 qto(s), a.serv, WC, 1 sala(s), cozinha.",273000.0,273000.0,0.0,Leilão SFI - Edital Único,,SAO PAULO,SP,Não
8787716862380,"RUA JORGE FARES, N. 178, Apto 1808, TORRE 3 A SUB 1 HIS1",JARDIM SAO LUIS,"Apartamento, 86.55 de área total, 44.32 de área privativa, 0.00 de área do terreno,  2 qto(s), a.serv, WC, 1 sala(s), cozinha.",300000.0,300000.0,0.0,Leilão SFI - Edital Único,,SAO PAULO,SP,Não
8787717355962,"RUA JORGE FARES, N. 178, Apto 1804, TP 12 TR 3A 18 PAV HIS 1",JARDIM SAO LUIS,"Apartamento, 79.59 de área total, 37.36 de área privativa, 0.00 de área do terreno,  2 qto(s), a.serv, WC, 1 sala(s), cozinha.",300000.0,300000.0,0.0,Leilão SFI - Edital Único,,SAO PAULO,SP,Não
8787714453319,"RUA MINISTRO LUIS SPARANO, N. 181, Apto 709, T 01 HIS2",JARDIM SANTA ADELIA,"Apartamento, 44.52 de área total, 35.18 de área privativa, 0.00 de área do terreno,  2 qto(s), WC, 1 sala(s), cozinha.",255000.0,255000.0,0.0,Leilão SFI - Edital Único,,SAO PAULO,SP,Não
8787716712338,"RUA MARCO GIANNINI, N. 240, Apto 902, BL 01 9 PAV HIS 2",JARDIM GILDA MARIA,"Apartamento, 50.76 de área total, 31.42 de área privativa, 0.00 de área do terreno,  2 qto(s), WC, 1 sala(s), cozinha.",239000.0,239000.0,0.0,Leilão SFI - Edital Único,,SAO PAULO,SP,Não
8787716914496,"RUA MARCO GIANNINI, N. 240, Apto AP 40, BL 2",JARDIM GILDA MARIA,"Apartamento, 50.76 de área total, 31.42 de área privativa, 0.00 de área do terreno,  2 qto(s), WC, 1 sala(s), cozinha.",239000.0,239000.0,0.0,Leilão SFI - Edital Único,,SAO PAULO,SP,Não
8787717975871,"RUA MARCO GIANNINI, N. 240, Apto 601, PAV 6 BL 1 HIS2",JARDIM GILDA MARIA,"Apartamento, 51.15 de área total, 31.66 de área privativa, 0.00 de área do terreno,  2 qto(s), WC, 1 sala(s), cozinha.",235000.0,235000.0,0.0,Leilão SFI - Edital Único,,SAO PAULO,SP,Não
8787712540524,"RUA ESTADO DO CEARA, N. 1084, Apto 43, BL 07 SUBCOND 3 4 PAV",JARDIM EGLE,"Apartamento, 65.64 de área total, 40.20 de área privativa, 0.00 de área do terreno,  2 qto(s), a.serv, WC, 1 sala(s), cozinha.",205000.0,205000.0,0.0,Leilão SFI - Edital Único,,SAO PAULO,SP,Não
8787713919250,"RUA ESTADO DO CEARA, N. 1084, Apto 63, BL 03 SUBCON 1 6 PAV HIS 2",JARDIM EGLE,"Apartamento, 0.00 de área total, 40.20 de área privativa, 0.00 de área do terreno.",226000.0,226000.0,0.0,Leilão SFI - Edital Único,,SAO PAULO,SP,Não
8555537691530,"RUA DOUTOR LUIS TAVARES DA CUNHA, N. 111, Apto 23, BL 6 2 PAV",JARDIM CASABLANCA,"Apartamento, 0.00 de área total, 38.72 de área privativa, 0.00 de área do terreno.",293289.26,293289.26,0.0,Leilão SFI - Edital Único,,SAO PAULO,SP,Não
8787712587776,"RUA JANUARIO ZINGARO, N. 317, Apto 04, BL 02  HIS",JARDIM PARIS,"Apartamento, 66.38 de área total, 43.33 de área privativa, 0.00 de área do terreno,  2 qto(s), a.serv, WC, 1 sala(s), cozinha.",269000.0,269000.0,0.0,Leilão SFI - Edital Único,,SAO PAULO,SP,Não
8787713226882,"RUA JANUARIO ZINGARO, N. 317, Apto 904, BLOCO 1",JARDIM PARIS,"Apartamento, 66.39 de área total, 43.33 de área privativa, 0.00 de área do terreno,  2 qto(s), WC, 1 sala(s), cozinha.",237000.0,237000.0,0.0,Leilão SFI - Edital Único,,SAO PAULO,SP,Não
8787713898627,"RUA JANUARIO ZINGARO, N. 317, Apto 604, BL 1 HIS2",JARDIM PARIS,"Apartamento, 66.37 de área total, 43.33 de área privativa, 0.00 de área do terreno,  2 qto(s), WC, 1 sala(s), cozinha.",232000.0,232000.0,0.0,Leilão SFI - Edital Único,,SAO PAULO,SP,Não
8787712697547,"AVENIDA DOS OURIVES, N. 840, Apto 205, TORRE 2 PAV 2 HIS2",JARDIM SAO SAVERIO,"Apartamento, 54.98 de área total, 34.99 de área privativa, 0.00 de área do terreno,  2 qto(s), a.serv, WC, 1 sala(s), cozinha.",232677.2,232677.2,0.0,Leilão SFI - Edital Único,,SAO PAULO,SP,Não
8787713374105,"AVENIDA DOS OURIVES, N. 840, Apto 709, TORRE 1  LOTE 2B  HIS",JARDIM SAO SAVERIO,"Apartamento, 54.99 de área total, 34.99 de área privativa, 0.00 de área do terreno,  2 qto(s), WC, 1 sala(s), cozinha.",268000.0,268000.0,0.0,Leilão SFI - Edital Único,,SAO PAULO,SP,Não
8787713906565,"AVENIDA DOS OURIVES, N. 840, Apto 1408, TORRE 2",JARDIM SAO SAVERIO,"Apartamento, 58.76 de área total, 37.40 de área privativa, 0.00 de área do terreno,  2 qto(s), a.serv, WC, 1 sala(s), cozinha.",247514.69,247514.69,0.0,Leilão SFI - Edital Único,,SAO PAULO,SP,Não
8787714457713,"AVENIDA DOS OURIVES, N. 840, Apto 708, TORRE 1  HIS2",JARDIM SAO SAVERIO,"Apartamento, 55.06 de área total, 35.04 de área privativa, 0.00 de área do terreno,  2 qto(s), a.serv, WC, 1 sala(s), cozinha.",275000.0,275000.0,0.0,Leilão SFI - Edital Único,,SAO PAULO,SP,Não
1444409814370,"ESTRADA SAO PAULOJUNDIAI, N. 635, PARTE AREA IND 3 ANEXA QD 3",PERUS,"Casa, 280.56 de área total, 280.56 de área privativa, 295.00 de área do terreno,  3 qto(s), a.serv, WC, 1 sala(s), cozinha, 2 vaga(s) de garagem.",692000.0,692000.0,0.0,Leilão SFI - Edital Único,,SAO PAULO,SP,Não
8787701646032,"AVENIDA APARECIDA DO RIO NEGRO, N. 334, Apto 101, TORRE 1",PIRITUBA,"Apartamento, 72.29 de área total, 42.74 de área privativa, 0.00 de área do terreno,  2 qto(s), a.serv, WC, 1 sala(s), cozinha, 1 vaga(s) de garagem.",265000.0,265000.0,0.0,Leilão SFI - Edital Único,,SAO PAULO,SP,Não
8787711447113,"AVENIDA RAIMUNDO PEREIRA DE MAGALHAES, N. 5028, Apto 1012, TORRE A HIS2",PIRITUBA,"Apartamento, 47.64 de área total, 34.12 de área privativa, 0.00 de área do terreno,  2 qto(s), a.serv, WC, 1 sala(s), cozinha.",267000.0,267000.0,0.0,Leilão SFI - Edital Único,,SAO PAULO,SP,Não
8787711489231,"AVENIDA RAIMUNDO PEREIRA DE MAGALHAES, N. 5028, Apto 1909, TR A 19 PAV",PIRITUBA,"Apartamento, 47.64 de área total, 34.12 de área privativa, 0.00 de área do terreno.",269000.0,269000.0,0.0,Leilão SFI - Edital Único,,SAO PAULO,SP,Não
10302842,"RUA PAES LEME, N. 215, SL 2412, SETOR COMERCIAL THERA OFFICES",PINHEIROS,"Sala, 0.00 de área total, 46.00 de área privativa, 0.00 de área do terreno, 1 vaga(s) de garagem.",635000.0,635000.0,0.0,Leilão SFI - Edital Único,,SAO PAULO,SP,Não
1444414342138,"RUA JOAO ANTONIO DE OLIVEIRA, N. 1228, Apto 132, T 03 ED AVANTI",MOOCA,"Apartamento, 225.14 de área total, 121.60 de área privativa, 0.00 de área do terreno,  3 qto(s), a.serv, WC, 1 sala(s), cozinha, 2 vaga(s) de garagem.",1290000.0,1290000.0,0.0,Leilão SFI - Edital Único,,SAO PAULO,SP,Não
1787701451950,"RUA DA MOOCA, N. 1300, Apto 1508, TORRE 2  15° PAVIMENTO",MOOCA,"Apartamento, 56.93 de área total, 40.13 de área privativa, 0.00 de área do terreno,  2 qto(s), WC, 1 sala(s), cozinha.",345000.0,345000.0,0.0,Leilão SFI - Edital Único,,SAO PAULO,SP,Não
8787710617740,"AVENIDA PRESIDENTE WILSON, N. 620, Apto 111, TORRE 3 PV 1 SUB 2",MOOCA,"Apartamento, 36.92 de área total, 24.69 de área privativa, 0.00 de área do terreno,  1 qto(s), WC, 1 sala(s), cozinha.",210000.0,210000.0,0.0,Leilão SFI - Edital Único,,SAO PAULO,SP,Não
8787713460532,"RUA DA MOOCA, N. 1350, Apto 1411, TORRE 02",MOOCA,"Apartamento, 49.68 de área total, 34.72 de área privativa, 0.00 de área do terreno,  2 qto(s), WC, 1 sala(s), cozinha.",310000.0,310000.0,0.0,Leilão SFI - Edital Único,,SAO PAULO,SP,Não
8787713889342,"RUA DA MOOCA, N. 1350, Apto 110, TORRE 2",MOOCA,"Apartamento, 50.17 de área total, 34.72 de área privativa, 0.00 de área do terreno,  2 qto(s), WC, 1 sala(s), cozinha.",300000.0,300000.0,0.0,Leilão SFI - Edital Único,,SAO PAULO,SP,Não
8787713893641,"RUA DA MOOCA, N. 1350, Apto 1304, PCD T 01 HIS2",MOOCA,"Apartamento, 49.65 de área total, 34.70 de área privativa, 0.00 de área do terreno,  2 qto(s), a.serv, WC, 1 sala(s), cozinha.",352000.0,352000.0,0.0,Leilão SFI - Edital Único,,SAO PAULO,SP,Não
8787714479946,"AVENIDA PRESIDENTE WILSON, N. 84, Apto 908, T 01 HIS2",MOOCA,"Apartamento, 50.14 de área total, 35.22 de área privativa, 0.00 de área do terreno,  2 qto(s), WC, 1 sala(s), cozinha.",327815.01,327815.01,0.0,Leilão SFI - Edital Único,,SAO PAULO,SP,Não
8787714708791,"AVENIDA PRESIDENTE WILSON, N. 620, Apto 409, 4 PAV  TORRE 6  ST 1  SUBCOND 4",MOOCA,"Apartamento, 36.92 de área total, 24.69 de área privativa, 0.00 de área do terreno,  1 qto(s), WC, 1 sala(s), cozinha.",236500.0,236500.0,0.0,Leilão SFI - Edital Único,,SAO PAULO,SP,Não
8787716922189,"AVENIDA PRESIDENTE WILSON, N. 84, Apto 13, TORRE 01",MOOCA,"Apartamento, 57.01 de área total, 40.39 de área privativa, 0.00 de área do terreno,  2 qto(s), WC, 1 sala(s), cozinha.",335000.0,335000.0,0.0,Leilão SFI - Edital Único,,SAO PAULO,SP,Não
8787713615285,"AVENIDA GUARAPIRANGA, N. 1553, Apto 2103, TORRE 2 HIS2",PARQUE ALVES DE LIMA,"Apartamento, 60.15 de área total, 35.97 de área privativa, 0.00 de área do terreno,  2 qto(s), WC, 1 sala(s), cozinha.",275000.0,275000.0,0.0,Leilão SFI - Edital Único,,SAO PAULO,SP,Não
1444420087853,"RUA SAO JOSE DE CAIANA, N. 13, LOTE 13  QD R",PARQUE CISPER,"Casa, 180.00 de área total, 180.00 de área privativa, 300.00 de área do terreno, 4 vaga(s) de garagem.",820000.0,820000.0,0.0,Leilão SFI - Edital Único,,SAO PAULO,SP,Não
8787701808865,"AVENIDA FORTE DO LEME, N. 680, Apto 151, TR ARICANDUVA",PARQUE SAO LOURENCO,"Apartamento, 74.62 de área total, 47.72 de área privativa, 0.00 de área do terreno,  2 qto(s), a.serv, WC, 1 sala(s), cozinha, 1 vaga(s) de garagem.",280000.0,280000.0,0.0,Leilão SFI - Edital Único,,SAO PAULO,SP,Não
8787712772190,"RUA FORTE DA RIBEIRA, N. 250, Apto 43, SUB 2 BL 5 PAV 4",PARQUE SAO LOURENCO,"Apartamento, 59.28 de área total, 40.20 de área privativa, 0.00 de área do terreno,  2 qto(s), WC, 1 sala(s), cozinha.",230000.0,230000.0,0.0,Leilão SFI - Edital Único,,SAO PAULO,SP,Não
1787701998194,"RUA RICARDO AVENARIUS, N. 200, Apto 66, TORRE A PAV 6 HMP",PARAISOPOLIS,"Apartamento, 77.39 de área total, 37.18 de área privativa, 0.00 de área do terreno,  2 qto(s), WC, 1 sala(s), cozinha, 1 vaga(s) de garagem.",277000.0,277000.0,0.0,Leilão SFI - Edital Único,,SAO PAULO,SP,Não
8787710100420,"RUA 17 DE JANEIRO, N. 160, Apto 801, T A",PARAISOPOLIS,"Apartamento, 70.55 de área total, 35.23 de área privativa, 0.00 de área do terreno,  2 qto(s), WC, 1 sala(s), cozinha, 1 vaga(s) de garagem.",249122.97,249122.97,0.0,Leilão SFI - Edital Único,,SAO PAULO,SP,Não
8787710731942,"RUA 17 DE JANEIRO, N. 160, Apto 1008, TORRE A",PARAISOPOLIS,"Apartamento, 70.55 de área total, 35.23 de área privativa, 0.00 de área do terreno,  1 qto(s), WC, 1 sala(s), cozinha, 1 vaga(s) de garagem.",275000.0,275000.0,0.0,Leilão SFI - Edital Único,,SAO PAULO,SP,Não
8787715859823,"RUA LEANDRO TEIXEIRA, N. 115, Apto 1304, QD M  HIS1",PARAISOPOLIS,"Apartamento, 54.54 de área total, 36.60 de área privativa, 0.00 de área do terreno,  1 qto(s), a.serv, WC, 1 sala(s), cozinha.",268000.0,268000.0,0.0,Leilão SFI - Edital Único,,SAO PAULO,SP,Não
1444412267740,"RUA SANTA MADALENA, N. 72, Apto 1403A, SUBCONDOMÍNIO RESIDENCIAL  TORRE A",LIBERDADE,"Apartamento, 115.46 de área total, 65.71 de área privativa, 0.00 de área do terreno,  3 qto(s), a.serv, WC, 1 sala(s), cozinha, 1 vaga(s) de garagem.",925000.0,925000.0,0.0,Leilão SFI - Edital Único,,SAO PAULO,SP,Não
8787716661210,"RUA 17 DE JANEIRO, N. 200, Apto 64, HIS2 PAVIMENTO 6 TORRE A",PARAISO DO MORUMBI,"Apartamento, 77.39 de área total, 37.18 de área privativa, 0.00 de área do terreno,  2 qto(s), a.serv, WC, 1 sala(s), cozinha, 1 vaga(s) de garagem.",320000.0,320000.0,0.0,Leilão SFI - Edital Único,,SAO PAULO,SP,Não
1787702278683,"RUA ANTONIO FIDELIS, N. 353, Apto 1803, T 03 HMP",LAPA DE BAIXO,"Apartamento, 53.82 de área total, 36.60 de área privativa, 0.00 de área do terreno,  2 qto(s), WC, 1 sala(s), cozinha.",322000.0,322000.0,0.0,Leilão SFI - Edital Único,,SAO PAULO,SP,Não
8787716097218,"RUA ANTONIO FIDELIS, N. 353, Apto 404, TORRE 03 HIS2",LAPA DE BAIXO,"Apartamento, 53.82 de área total, 33.78 de área privativa, 0.00 de área do terreno,  2 qto(s), a.serv, WC, 1 sala(s), cozinha.",320000.0,320000.0,0.0,Leilão SFI - Edital Único,,SAO PAULO,SP,Não
8787716247490,"AVENIDA ENGENHEIRO EUSEBIO STEVAUX, N. 1771, Apto 910, TORRE A HIS2",JURUBATUBA,"Apartamento, 55.67 de área total, 37.62 de área privativa, 0.00 de área do terreno,  2 qto(s), WC, 1 sala(s), cozinha.",335000.0,335000.0,0.0,Leilão SFI - Edital Único,,SAO PAULO,SP,Não
8787705505131,"RUA SAVERIO VALENTE, N. 635, Apto 92, BLOCO 03",PARQUE NACOES UNIDAS,"Apartamento, 66.98 de área total, 40.20 de área privativa, 0.00 de área do terreno,  2 qto(s), a.serv, WC, 1 sala(s), cozinha.",205000.0,205000.0,0.0,Leilão SFI - Edital Único,,SAO PAULO,SP,Não
8444423980352,"RUA PANGAUA, N. 1077, Apto 3,",VILA RE,"Apartamento, 46.93 de área total, 31.22 de área privativa, 0.00 de área do terreno,  1 qto(s), a.serv, WC, 1 sala(s), cozinha.",207195.66,207195.66,0.0,Leilão SFI - Edital Único,,SAO PAULO,SP,Não
1444403165744,"ESTRADA GALVAO BUENO TRIGUEIRINHO, N. 1022, LT 4A QD K",VILA NOSSA SENHORA DA CONCEICAO,"Casa, 127.36 de área total, 127.36 de área privativa, 110.65 de área do terreno,  3 qto(s), a.serv, WC, 1 sala(s), cozinha, 2 vaga(s) de garagem.",485000.0,485000.0,0.0,Leilão SFI - Edital Único,,SAO PAULO,SP,Não
8787716640787,"RUA JOSE BENEDITO MARI, N. 30, Apto 316, BL 01 SUB 01 HIS1",VILA PALMEIRAS,"Apartamento, 48.29 de área total, 31.42 de área privativa, 0.00 de área do terreno,  2 qto(s), WC, 1 sala(s), cozinha.",250000.0,250000.0,0.0,Leilão SFI - Edital Único,,SAO PAULO,SP,Não
8787717084802,"RUA JOSE BENEDITO MARI, N. 30, Apto 1306, BL 1 SUBCOND I 13 PAV HMP",VILA PALMEIRAS,"Apartamento, 48.66 de área total, 31.66 de área privativa, 0.00 de área do terreno,  2 qto(s), WC, 1 sala(s), cozinha.",254000.0,254000.0,0.0,Leilão SFI - Edital Único,,SAO PAULO,SP,Não
8787718146895,"RUA JOSE BENEDITO MARI, N. 30, Apto 1407, BL 1 SUBCOND I 14 PAV HMP",VILA PALMEIRAS,"Apartamento, 48.29 de área total, 31.42 de área privativa, 0.00 de área do terreno,  2 qto(s), WC, 1 sala(s), cozinha.",255000.0,255000.0,0.0,Leilão SFI - Edital Único,,SAO PAULO,SP,Não
8787718193281,"RUA JOSE BENEDITO MARI, N. 30, Apto 413, BL 2 SUB 2 HIS 1",VILA PALMEIRAS,"Apartamento, 48.68 de área total, 31.67 de área privativa, 0.00 de área do terreno,  2 qto(s), WC, 1 sala(s), cozinha.",254000.0,254000.0,0.0,Leilão SFI - Edital Único,,SAO PAULO,SP,Não
8787708694423,"RUA VILAR DE FIGOS, N. 11, Apto 1102,",VILA NOVA DAS BELEZAS,"Apartamento, 48.57 de área total, 24.41 de área privativa, 0.00 de área do terreno.",194208.4,194208.4,0.0,Leilão SFI - Edital Único,,SAO PAULO,SP,Não
8787715271923,"RUA DIAS VIEIRA, N. 238, Apto 1105, 11º ANDAR",VILA SONIA,"Apartamento, 43.95 de área total, 33.32 de área privativa, 0.00 de área do terreno,  2 qto(s), WC, 1 sala(s), cozinha.",301207.56,301207.56,0.0,Leilão SFI - Edital Único,,SAO PAULO,SP,Não
8787714658506,"RUA PACARITAMBO, N. 163, Apto 07, TORRE C HIS2",VILA ISA,"Apartamento, 0.00 de área total, 40.45 de área privativa, 0.00 de área do terreno,  2 qto(s), WC, 1 sala(s), cozinha, 1 vaga(s) de garagem.",295000.0,295000.0,0.0,Leilão SFI - Edital Único,,SAO PAULO,SP,Não
8787708086440,"RUA FRANKLIN DO AMARAL, N. 450, Apto 58, TORRE A",VILA NOVA CACHOEIRINHA,"Apartamento, 76.75 de área total, 41.09 de área privativa, 0.00 de área do terreno, 1 vaga(s) de garagem.",306000.0,306000.0,0.0,Leilão SFI - Edital Único,,SAO PAULO,SP,Não
8787706687004,"AVENIDA TARUMA, N. 505, Apto 1008, TORRE B TURQUESA",VILA PIERINA,"Apartamento, 52.06 de área total, 33.25 de área privativa, 0.00 de área do terreno,  2 qto(s), WC, 1 sala(s), cozinha.",217509.53,217509.53,0.0,Leilão SFI - Edital Único,,SAO PAULO,SP,Não
8787708882564,"AVENIDA TARUMA, N. 505, Apto 1805, TORRE A ESMERALDA",VILA PIERINA,"Apartamento, 52.06 de área total, 33.25 de área privativa, 0.00 de área do terreno,  2 qto(s), WC, 1 sala(s), cozinha.",209000.0,209000.0,0.0,Leilão SFI - Edital Único,,SAO PAULO,SP,Não
10122885,"R FAUSTO, N. 395, LT 06-A QD H",VILA MOINHO VELHO,"Casa, 0.00 de área total, 122.50 de área privativa, 169.00 de área do terreno.",700000.0,700000.0,0.0,Leilão SFI - Edital Único,,SAO PAULO,SP,Sim
8787712053062,"RUA ALVARO FRAGOSO, N. 344, Apto 208, TORRRE 2",VILA INDEPENDENCIA,"Apartamento, 0.00 de área total, 35.93 de área privativa, 0.00 de área do terreno,  1 qto(s), WC, 1 sala(s), cozinha.",280000.0,280000.0,0.0,Leilão SFI - Edital Único,,SAO PAULO,SP,Não
8787719932070,"AVENIDA PRESIDENTE WILSON, N. 4200, Apto 101, TORRE  B",VILA INDEPENDENCIA,"Apartamento, 62.46 de área total, 37.47 de área privativa, 0.00 de área do terreno,  2 qto(s), a.serv, WC, 1 sala(s), cozinha.",307593.23,307593.23,0.0,Leilão SFI - Edital Único,,SAO PAULO,SP,Não
1444400354538,"RUA FREITAS GAMBOA, N. 69,",VILA LAR NACIONAL,"Casa, 141.00 de área total, 141.00 de área privativa, 120.00 de área do terreno, 2 vaga(s) de garagem.",417000.0,417000.0,0.0,Leilão SFI - Edital Único,,SAO PAULO,SP,Não
8787714685937,"PRACA AMIANTO, N. 30, Apto 1208, 12 PAV BL 1",VILA LOURDES,"Apartamento, 78.17 de área total, 44.17 de área privativa, 0.00 de área do terreno,  2 qto(s), WC, 1 sala(s), cozinha.",198000.0,198000.0,0.0,Leilão SFI - Edital Único,,SAO PAULO,SP,Não
8555518173170,"ESTRADA TURISTICA DO JARAGUA, N. 2400, Apto 04, ED 07 PAINEIRA",VILA JARAGUA,"Apartamento, 0.00 de área total, 58.48 de área privativa, 0.00 de área do terreno,  2 qto(s), WC, 1 sala(s), cozinha, 1 vaga(s) de garagem.",300000.0,300000.0,0.0,Leilão SFI - Edital Único,,SAO PAULO,SP,Não
8444409862720,"RUA OSORIO FRANCO VILHENA, N. 1117, Apto 48, BL I",VILA NOVA CURUCA,"Apartamento, 0.00 de área total, 49.90 de área privativa, 0.00 de área do terreno,  2 qto(s), WC, 1 sala(s), cozinha.",237000.0,237000.0,0.0,Leilão SFI - Edital Único,,SAO PAULO,SP,Não
8787715272709,"RUA OSORIO FRANCO VILHENA, N. 1217, Apto 209, 2 PV  TORRE B  HIS1",VILA NOVA CURUCA,"Apartamento, 46.30 de área total, 32.39 de área privativa, 0.00 de área do terreno,  2 qto(s), WC, 1 sala(s), cozinha.",232000.0,232000.0,0.0,Leilão SFI - Edital Único,,SAO PAULO,SP,Não
8787715714353,"RUA DOS JATOBAS, N. 44, Apto 217, HMP",VILA PARQUE JABAQUARA,"Apartamento, 48.89 de área total, 34.21 de área privativa, 0.00 de área do terreno,  1 qto(s), a.serv, WC, 1 sala(s), cozinha.",311000.0,311000.0,0.0,Leilão SFI - Edital Único,,SAO PAULO,SP,Não
1555528699177,"RUA ARNALDO CINTRA, N. 400, Apto 65, 6 ANDAR TORRE 01",VILA MOREIRA,"Apartamento, 0.00 de área total, 61.62 de área privativa, 0.00 de área do terreno,  3 qto(s), a.serv, WC, 1 sala(s), cozinha, 1 vaga(s) de garagem.",428181.52,428181.52,0.0,Leilão SFI - Edital Único,,SAO PAULO,SP,Não
8444423857232,"RUA RAFAEL DELLA MONICA, N. 321, Apto 12-A,",CONJUNTO HABITACIONAL SANTA ETELVINA I,"Apartamento, 38.62 de área total, 34.62 de área privativa, 0.00 de área do terreno,  2 qto(s), a.serv, WC, 1 sala(s), cozinha.",118000.0,118000.0,0.0,Leilão SFI - Edital Único,,SAO PAULO,SP,Não
8787713759171,"RUA CLENIO WANDERLEY, N. 80, Apto 1208, BL 03 HMP",FAZENDA DA JUTA,"Apartamento, 54.55 de área total, 35.03 de área privativa, 0.00 de área do terreno,  2 qto(s), WC, 1 sala(s), cozinha.",226464.05,226464.05,0.0,Leilão SFI - Edital Único,,SAO PAULO,SP,Não
8787708688873,"AVENIDA NELSON PALMA TRAVASSOS, N. 222, Apto 707, TORRE 2 PAV 7",LOTEAMENTO CITY JARAGUA,"Apartamento, 58.03 de área total, 41.77 de área privativa, 0.00 de área do terreno,  2 qto(s), WC, 1 sala(s), cozinha.",273000.0,273000.0,0.0,Leilão SFI - Edital Único,,SAO PAULO,SP,Não
8787710074925,"AVENIDA PROFESSOR MIGUEL FRANCHINI NETO, N. 186, Apto 214, TR 2 2 PAV",LOTEAMENTO CITY JARAGUA,"Apartamento, 65.76 de área total, 40.53 de área privativa, 0.00 de área do terreno,  2 qto(s), WC, 1 sala(s), cozinha.",254000.0,254000.0,0.0,Leilão SFI - Edital Único,,SAO PAULO,SP,Não
8444405503050,"RUA JOAO AMADO COUTINHO, N. 813, Apto 22A,",CONJUNTO HABITACIONAL BRIGADEIRO EDUARDO,"Apartamento, 58.19 de área total, 48.99 de área privativa, 0.00 de área do terreno,  2 qto(s), a.serv, WC, 1 sala(s), cozinha.",190000.0,190000.0,0.0,Leilão SFI - Edital Único,,SAO PAULO,SP,Não
8787719608469,"RUA CANES, N. 68, Apto 1807, BL 01 SUB 2 HIS2",VELEIROS,"Apartamento, 49.20 de área total, 32.85 de área privativa, 0.00 de área do terreno.",275000.0,275000.0,0.0,Leilão SFI - Edital Único,,SAO PAULO,SP,Não
8787711632166,"RUA FEDERACAO PAULISTA DE FUTEBOL, N. 21, Apto 1701, PAV 17 TORRE 1 HIS II",VARZEA DA BARRA FUNDA,"Apartamento, 51.55 de área total, 34.61 de área privativa, 0.00 de área do terreno,  2 qto(s), WC, 1 sala(s), cozinha.",302429.66,302429.66,0.0,Leilão SFI - Edital Único,,SAO PAULO,SP,Não
8787720352847,"AVENIDA VILA EMA, N. 2258, Apto 1808, TORRE B PAVIMENTO 18  HIS2",VILA EMA,"Apartamento, 45.21 de área total, 32.39 de área privativa, 0.00 de área do terreno,  2 qto(s), WC, 1 sala(s), cozinha.",310000.0,310000.0,0.0,Leilão SFI - Edital Único,,SAO PAULO,SP,Não
8787714051636,"AVENIDA MARIO LOPES LEAO, N. 916, Apto 811, TR 2 8 PAV",SANTO AMARO,"Apartamento, 37.14 de área total, 24.67 de área privativa, 0.00 de área do terreno,  1 qto(s), a.serv, WC, 1 sala(s), cozinha.",253000.0,253000.0,0.0,Leilão SFI - Edital Único,,SAO PAULO,SP,Não
8787714099043,"ESTRADA VELHA DE ITAPECERICA, N. 27, Apto 206, TORRE 02",SANTO AMARO,"Apartamento, 58.59 de área total, 41.09 de área privativa, 0.00 de área do terreno.",258000.0,258000.0,0.0,Leilão SFI - Edital Único,,SAO PAULO,SP,Não
8787714810987,"RUA JOAO VENTURA BATISTA, N. 200, Apto 144, 14 PAV TORRE 1 HIS2",VILA GUILHERME,"Apartamento, 56.26 de área total, 38.49 de área privativa, 0.00 de área do terreno.",332000.0,332000.0,0.0,Leilão SFI - Edital Único,,SAO PAULO,SP,Não
8444436224888,"RUA SANTA ADELAIDE, N. 155, Apto 55, 5 ANDAR TORRE A",SANTA ETELVINA,"Apartamento, 82.44 de área total, 47.21 de área privativa, 0.00 de área do terreno,  2 qto(s), WC, 1 sala(s), cozinha, 1 vaga(s) de garagem.",240000.0,240000.0,0.0,Leilão SFI - Edital Único,,SAO PAULO,SP,Não
8787703140063,"RUA MANUEL RIBAS, N. 147, Apto 113, TORRE 1",VILA CAMPANELA,"Apartamento, 35.62 de área total, 24.12 de área privativa, 0.00 de área do terreno.",164000.0,164000.0,0.0,Leilão SFI - Edital Único,,SAO PAULO,SP,Não
8787707035140,"RUA MANUEL RIBAS, N. 147, Apto 006, TERREO TORRE 2",VILA CAMPANELA,"Apartamento, 35.62 de área total, 24.12 de área privativa, 0.00 de área do terreno,  2 qto(s), a.serv, WC, 1 sala(s), cozinha.",175000.0,175000.0,0.0,Leilão SFI - Edital Único,,SAO PAULO,SP,Não
8787709603804,"RUA SHO YOSHIOKA, N. 511, Apto 506, 5 PAV  TORRE 2",VILA CARMOSINA,"Apartamento, 53.66 de área total, 44.74 de área privativa, 0.00 de área do terreno,  2 qto(s), a.serv, WC, 1 sala(s), cozinha.",193720.0,193720.0,0.0,Leilão SFI - Edital Único,,SAO PAULO,SP,Não
8787715664895,"RUA NORA NEY, N. 120, Apto 806, TORRE B HIS2",SOCORRO,"Apartamento, 41.30 de área total, 33.06 de área privativa, 0.00 de área do terreno,  2 qto(s), a.serv, WC, 1 sala(s), cozinha.",301427.0,301427.0,0.0,Leilão SFI - Edital Único,,SAO PAULO,SP,Não
8787715780135,"RUA OLIVIA GUEDES PENTEADO, N. 884, Apto 1008, TORRE B HIS2",SOCORRO,"Apartamento, 47.62 de área total, 35.28 de área privativa, 0.00 de área do terreno,  2 qto(s), a.serv, WC, 1 sala(s), cozinha.",277000.0,277000.0,0.0,Leilão SFI - Edital Único,,SAO PAULO,SP,Não
8787705488083,"AVENIDA GUAPIRA, N. 1451, Apto 81, TR B 8 PAV",TUCURUVI,"Apartamento, 0.00 de área total, 41.48 de área privativa, 0.00 de área do terreno,  2 qto(s), a.serv, WC, 1 sala(s), cozinha, 1 vaga(s) de garagem.",390000.0,390000.0,0.0,Leilão SFI - Edital Único,,SAO PAULO,SP,Não
8787711976710,"RUA BARTHOLOMEU DO CANTO, N. 94, Apto 706, T A",VILA ALBERTINA,"Apartamento, 40.11 de área total, 28.74 de área privativa, 0.00 de área do terreno,  1 qto(s), WC, cozinha.",250000.0,250000.0,0.0,Leilão SFI - Edital Único,,SAO PAULO,SP,Não
1787701684599,"AVENIDA MIGUEL YUNES, N. 930, Apto 1204, TORRE 01  HIS",USINA PIRATININGA,"Apartamento, 53.29 de área total, 35.13 de área privativa, 0.00 de área do terreno,  2 qto(s), WC, 1 sala(s), cozinha.",267000.0,267000.0,0.0,Leilão SFI - Edital Único,,SAO PAULO,SP,Não
8787710824177,"AVENIDA MIGUEL YUNES, N. 1030, Apto 1112, TORRE 01  11 PAVIMENTO  SUBC 01 HIS1",USINA PIRATININGA,"Apartamento, 54.54 de área total, 35.86 de área privativa, 0.00 de área do terreno,  2 qto(s), a.serv, WC, 1 sala(s), cozinha, 1 vaga(s) de garagem.",290125.6,290125.6,0.0,Leilão SFI - Edital Único,,SAO PAULO,SP,Não
8787714110020,"AVENIDA MIGUEL YUNES, N. 930, Apto 1105, TORRE 1 HIS1",USINA PIRATININGA,"Apartamento, 51.18 de área total, 33.74 de área privativa, 0.00 de área do terreno,  2 qto(s), WC, 1 sala(s), cozinha.",287000.0,287000.0,0.0,Leilão SFI - Edital Único,,SAO PAULO,SP,Não
8787714424254,"RUA MIGUEL YUNES, N. 870, Apto 1201, TR 3 12 PAV HIS 2",USINA PIRATININGA,"Apartamento, 55.89 de área total, 39.06 de área privativa, 0.00 de área do terreno,  2 qto(s), WC, 1 sala(s), cozinha.",335000.0,335000.0,0.0,Leilão SFI - Edital Único,,SAO PAULO,SP,Não
8787715406551,"AVENIDA ADRIANO BERTOZZI, N. 850, Apto 42, BL 02 HIS",SUMARE,"Apartamento, 68.39 de área total, 40.20 de área privativa, 0.00 de área do terreno,  2 qto(s), a.serv, WC, 1 sala(s), cozinha.",281000.0,281000.0,0.0,Leilão SFI - Edital Único,,SAO PAULO,SP,Não
8787703355698,"RUA DA CHIBATA, N. 128, Apto 92, BL 2 9 PAV",VILA ANDRADE,"Apartamento, 122.52 de área total, 55.40 de área privativa, 0.00 de área do terreno,  2 qto(s), WC, 1 sala(s), cozinha, 1 vaga(s) de garagem.",330000.0,330000.0,0.0,Leilão SFI - Edital Único,,SAO PAULO,SP,Não
8787711113169,"RUA DOM SALOMAO FERRAZ, N. 4, Apto 167, SUBCOND 1 BL 1 16 PAV",VILA ANDRADE,"Apartamento, 64.24 de área total, 42.13 de área privativa, 0.00 de área do terreno,  2 qto(s), WC, 1 sala(s), cozinha.",225000.0,225000.0,0.0,Leilão SFI - Edital Único,,SAO PAULO,SP,Não
8787711460101,"RUA DOM SALOMAO FERRAZ, N. 4, Apto 215,  BLOCO 3",VILA ANDRADE,"Apartamento, 76.73 de área total, 43.31 de área privativa, 0.00 de área do terreno,  2 qto(s), WC, 1 sala(s), cozinha, 1 vaga(s) de garagem.",239000.0,239000.0,0.0,Leilão SFI - Edital Único,,SAO PAULO,SP,Não
8787714735136,"RUA JOSE DA SILVA RIBEIRO, N. 814, Apto 1406, HIS",VILA ANDRADE,"Apartamento, 29.68 de área total, 25.39 de área privativa, 0.00 de área do terreno,  1 qto(s), WC, cozinha, 1 vaga(s) de garagem.",233000.0,233000.0,0.0,Leilão SFI - Edital Único,,SAO PAULO,SP,Não
8787714939955,"RUA JOSE DA SILVA RIBEIRO, N. 814, Apto 110, TIPO D HIS2",VILA ANDRADE,"Apartamento, 59.56 de área total, 36.98 de área privativa, 0.00 de área do terreno,  2 qto(s), a.serv, WC, 1 sala(s), cozinha, 1 vaga(s) de garagem.",274000.0,274000.0,0.0,Leilão SFI - Edital Único,,SAO PAULO,SP,Não
1555507349223,"AVENIDA SAO JOAO, N. 1966, Apto 6,",SANTA CECILIA,"Apartamento, 101.92 de área total, 80.17 de área privativa, 0.00 de área do terreno,  2 qto(s), a.serv, WC, 1 sala(s), cozinha.",346000.0,346000.0,0.0,Leilão SFI - Edital Único,,SAO PAULO,SP,Não
8787715524538,"AVENIDA ADRIANO BERTOZZI, N. 850, Apto 850, SUBCONDOMÍNIO 1 BL 1 HIS2",JARDIM HELIAN,"Apartamento, 70.70 de área total, 41.56 de área privativa, 0.00 de área do terreno,  2 qto(s), WC, 1 sala(s), cozinha.",232000.0,232000.0,0.0,Leilão SFI - Edital Único,,SAO PAULO,SP,Não
8787717142209,"AVENIDA ADRIANO BERTOZZI, N. 850, Apto 11, PAV 1 BL 9 SUB 3 HIS2",JARDIM HELIAN,"Apartamento, 70.70 de área total, 41.56 de área privativa, 0.00 de área do terreno,  2 qto(s), WC, 1 sala(s), cozinha.",220000.0,220000.0,0.0,Leilão SFI - Edital Único,,SAO PAULO,SP,Não
8787717317408,"AVENIDA ADRIANO BERTOZZI, N. 850, Apto 53, 5 PAV BL 4 SUBCOND 2 HIS2",JARDIM HELIAN,"Apartamento, 68.39 de área total, 40.20 de área privativa, 0.00 de área do terreno,  2 qto(s), a.serv, WC, 1 sala(s), cozinha.",281000.0,281000.0,0.0,Leilão SFI - Edital Único,,SAO PAULO,SP,Não
8555521417883,"RUA AGOSTINHO CORREIA, N. 141, Apto 101, BL 17  ED VENEZA",VILA REGINA,"Apartamento, 0.00 de área total, 50.00 de área privativa, 0.00 de área do terreno,  2 qto(s), a.serv, WC, 1 sala(s), cozinha, 1 vaga(s) de garagem.",215000.0,215000.0,0.0,Leilão SFI - Edital Único,,SAO PAULO,SP,Não
8787721164203,"RUA FORTE DO RIO BRANCO, N. 811, Apto 807, 8º PAVIMENTO BLOCO 01",PARQUE SAO LOURENCO,"Apartamento, 47.19 de área total, 31.42 de área privativa, 0.00 de área do terreno,  2 qto(s), WC, 1 sala(s), cozinha.",190109.33,190000.0,0.0,Leilão SFI - Edital Único,,SAO PAULO,SP,Não
8787718919428,"RUA MAESTRO GABRIEL MIGLIORI, N. 410, Apto 1611, PAV 16 BL 2 SUB 4 HIS2",JARDIM PEREIRA LEITE,"Apartamento, 50.11 de área total, 32.89 de área privativa, 0.00 de área do terreno,  2 qto(s), a.serv, WC, 1 sala(s), cozinha.",268556.34,268000.0,0.0,Leilão SFI - Edital Único,,SAO PAULO,SP,Não
8444437403107,"RUA PAULO DE FARIA, N. 630, Apto 05, PAV 01 HIS 2",VILA GUSTAVO,"Apartamento, 35.38 de área total, 26.16 de área privativa, 0.00 de área do terreno,  1 qto(s), a.serv, WC, 1 sala(s), cozinha.",214596.77,214000.0,0.0,Leilão SFI - Edital Único,,SAO PAULO,SP,Não
8444436461367,"RUA ARROIO SARANDI, N. 403, Apto 33B, PAV 3",CONJUNTO HABITACIONAL SANTA ETELVINA III,"Apartamento, 48.42 de área total, 42.37 de área privativa, 0.00 de área do terreno.",207669.83,207000.0,0.0,Leilão SFI - Edital Único,,SAO PAULO,SP,Não
8787715018799,"AVENIDA MIGUEL YUNES, N. 870, Apto 812, TORRE 1 HIS2",USINA PIRATININGA,"Apartamento, 56.21 de área total, 39.28 de área privativa, 0.00 de área do terreno,  2 qto(s), a.serv, WC, 1 sala(s), 1 vaga(s) de garagem.",316548.22,315000.0,0.0,Leilão SFI - Edital Único,,SAO PAULO,SP,Não
8787711897313,"AVENIDA SAO MIGUEL, N. 8184, Apto 1817, 18º PAVIMENTO",VILA NORMA,"Apartamento, 52.35 de área total, 34.51 de área privativa, 0.00 de área do terreno,  2 qto(s), a.serv, WC, 1 sala(s), cozinha.",232088.55,230324.23,0.0,Leilão SFI - Edital Único,,SAO PAULO,SP,Não
8787716608115,"RUA ANDRE DE ALMEIDA, N. 2665, Apto 202, TORRE 04",JARDIM COLONIAL,"Apartamento, 61.44 de área total, 36.67 de área privativa, 0.00 de área do terreno,  2 qto(s), WC, 1 sala(s), cozinha.",246990.55,245000.0,0.0,Leilão SFI - Edital Único,,SAO PAULO,SP,Não
8787723076646,"AVENIDA PIRES DO RIO, N. 4615, Apto 98, T 03",DIST DE ITAQUERA,"Apartamento, 100.69 de área total, 54.00 de área privativa, 0.00 de área do terreno,  2 qto(s), a.serv, WC, 1 sala(s), cozinha, 1 vaga(s) de garagem.",403426.34,400000.0,0.0,Leilão SFI - Edital Único,,SAO PAULO,SP,Não
8787721064411,"RUA OSORIO FRANCO VILHENA, N. 1217, Apto 1403, TORRE B 14 PAVIMENTO HIS 2",VILA CURUCA,"Apartamento, 46.43 de área total, 32.48 de área privativa, 0.00 de área do terreno,  2 qto(s).",232282.55,230000.0,0.0,Leilão SFI - Edital Único,,SAO PAULO,SP,Não
8787714484885,"AVENIDA PAULA FERREIRA, N. 3800, Apto 1511, 15 PAV TORRE A",PIRITUBA,"Apartamento, 46.36 de área total, 34.12 de área privativa, 0.00 de área do terreno,  2 qto(s), 1 sala(s), cozinha.",252902.88,250000.0,0.0,Leilão SFI - Edital Único,,SAO PAULO,SP,Não
8787705876890,"RUA ARROIO SARANDI, N. 65, Apto 55, BL 01",GUAIANAZES,"Apartamento, 60.53 de área total, 41.56 de área privativa, 0.00 de área do terreno,  2 qto(s), a.serv, WC, 1 sala(s), cozinha.",192362.86,190000.0,0.0,Leilão SFI - Edital Único,,SAO PAULO,SP,Não
8787712611820,"RUA DOM SALOMAO FERRAZ, N. 4, Apto 101, SUB COND 1 BL 1 10 PAV",VILA ANDRADE,"Apartamento, 66.04 de área total, 43.31 de área privativa, 0.00 de área do terreno,  2 qto(s), a.serv, WC, 1 sala(s), cozinha.",202698.05,200000.0,0.0,Leilão SFI - Edital Único,,SAO PAULO,SP,Não
8444426589298,"RUA MARIA ANGELICA FRANCI, N. 316, Apto 19, 1 PAV HIS2",VILA FRANCI,"Apartamento, 44.43 de área total, 30.09 de área privativa, 0.00 de área do terreno,  2 qto(s), WC, 1 sala(s), cozinha.",202726.21,200000.0,0.0,Leilão SFI - Edital Único,,SAO PAULO,SP,Não
8787716998649,"RUA MARINA CIUFULI ZANFELICE, N. 176, Apto 1311, TORRE 3 CASTANHEIRA",LAPA,"Apartamento, 97.07 de área total, 55.17 de área privativa, 0.00 de área do terreno,  3 qto(s), WC, 1 sala(s), cozinha, 1 vaga(s) de garagem.",530348.81,522220.34,0.0,Leilão SFI - Edital Único,,SAO PAULO,SP,Não
8787710758557,"AVENIDA DOS OURIVES, N. 1001, Apto 71, BLOCO 4",JARDIM SAO SAVERIO,"Apartamento, 64.76 de área total, 41.56 de área privativa, 0.00 de área do terreno,  2 qto(s), a.serv, WC, 1 sala(s), cozinha.",219767.34,216295.69,0.0,Leilão SFI - Edital Único,,SAO PAULO,SP,Não
1444408303150,"RUA HELENA ZERRENER, N. 122, Apto 501,",LIBERDADE,"Apartamento, 0.00 de área total, 35.21 de área privativa, 0.00 de área do terreno.",178416.95,175000.0,0.0,Leilão SFI - Edital Único,,SAO PAULO,SP,Não
8787716630064,"RUA ANDRE DE ALMEIDA, N. 2665, Apto 906, 9 PAV TORRE 1 SUBCOND 1 HIS2",PARQUE COLONIAL,"Apartamento, 57.29 de área total, 34.19 de área privativa, 0.00 de área do terreno,  2 qto(s), a.serv, WC, 1 sala(s), cozinha.",240112.36,235000.0,0.0,Leilão SFI - Edital Único,,SAO PAULO,SP,Não
8787717307364,"AVENIDA DOUTOR FELIPE PINEL, N. 3581, Apto AP 19, TR A",JARAGUA,"Apartamento, 46.05 de área total, 32.77 de área privativa, 0.00 de área do terreno,  2 qto(s), WC, 1 sala(s), cozinha.",242235.09,237000.0,0.0,Leilão SFI - Edital Único,,SAO PAULO,SP,Não
8787716592138,"RUA ANDRE DE ALMEIDA, N. 2665, Apto 608, TORRE 03 SUBCONDOMINIO 2",PARQUE COLONIAL,"Apartamento, 57.91 de área total, 34.57 de área privativa, 0.00 de área do terreno.",241293.72,236000.0,0.0,Leilão SFI - Edital Único,,SAO PAULO,SP,Não
8444432254332,"RUA FORTE DO TRIUNFO, N. 501, Apto 37, ED BEM TE VI",PARQUE SAO LOURENCO,"Apartamento, 75.03 de área total, 45.54 de área privativa, 0.00 de área do terreno,  2 qto(s), a.serv, WC, 1 sala(s), cozinha.",221027.28,216000.0,0.0,Leilão SFI - Edital Único,,SAO PAULO,SP,Não
8787715996324,"AVENIDA ITABERABA, N. 1234, Apto 904, HIS",VILA PRIMAVERA,"Apartamento, 46.67 de área total, 33.85 de área privativa, 0.00 de área do terreno.",278686.08,272000.0,0.0,Leilão SFI - Edital Único,,SAO PAULO,SP,Não
8787717379276,"RUA ANDRE DE ALMEIDA, N. 2665, Apto 114, TORRE 01",JARDIM COLONIAL,"Apartamento, 57.92 de área total, 34.57 de área privativa, 0.00 de área do terreno,  2 qto(s), a.serv, WC, 1 sala(s), cozinha.",240416.05,234619.03,0.0,Leilão SFI - Edital Único,,SAO PAULO,SP,Não
1444417812151,"RUA DOMINIQUE SERRES, N. 71, Apto 52B, 5º PAVIMENTO",CONJUNTO RESIDENCIAL JOSE BONIFACIO,"Apartamento, 58.19 de área total, 48.99 de área privativa, 0.00 de área do terreno,  2 qto(s), a.serv, WC, 1 sala(s), cozinha.",194743.17,190000.0,0.0,Leilão SFI - Edital Único,,SAO PAULO,SP,Não
8787714868721,"AVENIDA DOUTOR FELIPE PINEL, N. 180, Apto 304, BL C TORRE 2 PAVIMENTO 03 HIS",PIRITUBA,"Apartamento, 52.58 de área total, 35.71 de área privativa, 0.00 de área do terreno,  2 qto(s), a.serv, WC, 1 sala(s), cozinha.",227574.09,222000.0,0.0,Leilão SFI - Edital Único,,SAO PAULO,SP,Não
8787718136024,"RUA CAETANO PINTO, N. 252, Apto AP 13,",BRAS,"Apartamento, 35.99 de área total, 26.60 de área privativa, 0.00 de área do terreno,  1 qto(s), WC, 1 sala(s), cozinha.",251603.9,245000.0,0.0,Leilão SFI - Edital Único,,SAO PAULO,SP,Não
8787718739012,"AVENIDA JORNALISTA PAULO ZINGG, N. 1031, Apto 111, TORRE 01",PIRITUBA,"Apartamento, 22.39 de área total, 16.61 de área privativa, 0.00 de área do terreno,  1 qto(s), WC, cozinha.",153240.09,149000.0,0.0,Leilão SFI - Edital Único,,SAO PAULO,SP,Não
8787718188237,"RUA MARCO GIANNINI, N. 240, Apto 801, BL 01 HIS2",13 SUBDIST BUTANTA,"Apartamento, 51.15 de área total, 31.66 de área privativa, 0.00 de área do terreno,  2 qto(s), WC, 1 sala(s), cozinha.",221226.09,215000.0,0.0,Leilão SFI - Edital Único,,SAO PAULO,SP,Não
8555536444253,"RUA COMENDADOR ANTUNES DOS SANTOS, N. 1640, Apto 02, TORRE 2",JARDIM VAZ DE LIMA,"Apartamento, 66.37 de área total, 38.72 de área privativa, 0.00 de área do terreno,  2 qto(s), a.serv, WC, 1 sala(s), cozinha.",200658.48,195000.0,0.0,Leilão SFI - Edital Único,,SAO PAULO,SP,Não
8787717389425,"RUA MARCO GIANNINI, N. 240, Apto 9, BLOCO 02",JARDIM GILDA MARIA,"Apartamento, 51.15 de área total, 31.66 de área privativa, 0.00 de área do terreno,  2 qto(s), WC, 1 sala(s), cozinha.",221325.52,215000.0,0.0,Leilão SFI - Edital Único,,SAO PAULO,SP,Não
8787714599275,"AVENIDA DOS OURIVES, N. 840, Apto 1110, TORRE 1 PAV 11 HIS2",JARDIM SAO SAVERIO,"Apartamento, 54.45 de área total, 34.65 de área privativa, 0.00 de área do terreno,  2 qto(s), a.serv, WC, 1 sala(s), cozinha.",211183.5,205000.0,0.0,Leilão SFI - Edital Único,,SAO PAULO,SP,Não
8787719163920,"RUA FORTE DO RIO BRANCO, N. 811, Apto 507, PAVIMENTO 5   BLOCO 01 HIS1",PARQUE SAO LOURENCO,"Apartamento, 47.18 de área total, 31.42 de área privativa, 0.00 de área do terreno,  2 qto(s), WC, 1 sala(s), cozinha.",234875.92,228000.0,0.0,Leilão SFI - Edital Único,,SAO PAULO,SP,Não
8787719533426,"RUA FORTE DO RIO BRANCO, N. 811, Apto AP 90, BL 2  HIS 1 PROT852135",PARQUE SAO LOURENCO,"Apartamento, 47.18 de área total, 31.42 de área privativa, 0.00 de área do terreno,  2 qto(s), a.serv, WC, 1 sala(s), cozinha.",235958.98,229045.81,0.0,Leilão SFI - Edital Único,,SAO PAULO,SP,Não
1444420711018,"RUA MANUEL ALVARES PASSOS, N. 201, LT 15C",JARDIM CIDADE PIRITUBA,"Casa, 115.72 de área total, 115.72 de área privativa, 83.11 de área do terreno,  3 qto(s).",670239.25,650000.0,0.0,Leilão SFI - Edital Único,,SAO PAULO,SP,Não
8787713168874,"RUA JANUARIO ZINGARO, N. 317, Apto 205, BL 1 HIS2",JARDIM PARIS,"Apartamento, 66.38 de área total, 43.33 de área privativa, 0.00 de área do terreno,  2 qto(s), a.serv, WC, 1 sala(s), cozinha.",232046.47,224500.0,0.0,Leilão SFI - Edital Único,,SAO PAULO,SP,Não
1444417736609,"RUA FERNANDO SANABRIA, N. 229, Apto 31, PR 05 4 PAV",JARDIM UMUARAMA,"Apartamento, 94.72 de área total, 70.36 de área privativa, 0.00 de área do terreno,  3 qto(s), a.serv, WC, 1 sala(s), cozinha, 1 vaga(s) de garagem.",310237.94,300000.0,0.0,Leilão SFI - Edital Único,,SAO PAULO,SP,Não
8787712926317,"AVENIDA ALEXANDRE MACKENZIE, N. 357, Apto 105, BL D TR 3 SUBCOND 3 1 PAV HIS 2",JAGUARE,"Apartamento, 51.64 de área total, 34.52 de área privativa, 0.00 de área do terreno,  2 qto(s), WC, 1 sala(s), cozinha.",246860.19,238630.89,0.0,Leilão SFI - Edital Único,,SAO PAULO,SP,Não
8787717823923,"RUA MARCO GIANNINI, N. 240, Apto 315, BL 01 HIS2",13 SUBDIST BUTANTA,"Apartamento, 50.76 de área total, 31.42 de área privativa, 0.00 de área do terreno,  2 qto(s), WC, 1 sala(s), cozinha.",220537.06,213000.0,0.0,Leilão SFI - Edital Único,,SAO PAULO,SP,Não
8787713459461,"RUA CLENIO WANDERLEY, N. 80, Apto 805, PAV 8 BL 3 SUBCONDOMÍNIO 3 HIS1",FAZENDA DA JUTA,"Apartamento, 54.55 de área total, 35.03 de área privativa, 0.00 de área do terreno,  2 qto(s), WC, 1 sala(s), cozinha.",212295.08,205000.0,0.0,Leilão SFI - Edital Único,,SAO PAULO,SP,Não
8787716677400,"RUA CANES, N. 68, Apto 1804, SUBCONDOMINIO 1 BL 2 HIS2",VELEIROS,"Apartamento, 49.70 de área total, 33.19 de área privativa, 0.00 de área do terreno,  2 qto(s), WC, 1 sala(s), cozinha.",264345.31,255000.0,0.0,Leilão SFI - Edital Único,,SAO PAULO,SP,Não
8444420879600,"RUA JOAO BODIN, N. 225, Apto 21, 1 ANDAR",GUAIANAZES,"Apartamento, 52.46 de área total, 47.34 de área privativa, 0.00 de área do terreno,  2 qto(s), a.serv, WC, 1 sala(s), cozinha.",174195.25,168000.0,0.0,Leilão SFI - Edital Único,,SAO PAULO,SP,Não
8787718628830,"RUA CANES, N. 68, Apto 1210, SUBCONDOMÍNIO 3 BL 1 HIS2",VELEIROS,"Apartamento, 49.20 de área total, 32.85 de área privativa, 0.00 de área do terreno,  2 qto(s), a.serv, WC, 1 sala(s), cozinha.",259421.16,250000.0,0.0,Leilão SFI - Edital Único,,SAO PAULO,SP,Não
10303464,"RUA MERCEDES LOPES, N. 520, Apto 93",VILA SANTANA,"Apartamento, 0.00 de área total, 68.88 de área privativa, 0.00 de área do terreno.",352000.0,338000.0,0.0,Leilão SFI - Edital Único,,SAO PAULO,SP,Sim
8787716773400,"RUA SIQUEIRA BUENO, N. 668, Apto 1904, TR 2",BELENZINHO,"Apartamento, 33.97 de área total, 24.63 de área privativa, 0.00 de área do terreno,  1 qto(s), a.serv, WC, 1 sala(s), cozinha.",218882.7,210000.0,0.0,Leilão SFI - Edital Único,,SAO PAULO,SP,Não
8787716366162,"RUA MAESTRO GABRIEL MIGLIORI, N. 410, Apto 6, PNE BL 01 TERREO SUBCOND 1 HIS 1",JARDIM PEREIRA LEITE,"Apartamento, 50.06 de área total, 32.85 de área privativa, 0.00 de área do terreno,  2 qto(s), WC, 1 sala(s), cozinha.",272048.66,261000.0,0.0,Leilão SFI - Edital Único,,SAO PAULO,SP,Não
8444414708165,"AVENIDA PROFESSOR JOAO BATISTA CONTI, N. 1758, Apto 51 B,",ITAQUERA,"Apartamento, 47.32 de área total, 42.67 de área privativa, 0.00 de área do terreno,  2 qto(s), a.serv, WC, 1 sala(s), cozinha.",182449.98,174000.0,0.0,Leilão SFI - Edital Único,,SAO PAULO,SP,Não
8787710386676,"RUA MARCO GAGLIANO, N. 131, Apto 1815,",AMERICANOPOLIS,"Apartamento, 82.97 de área total, 48.24 de área privativa, 0.00 de área do terreno,  2 qto(s), a.serv, WC, 1 sala(s), cozinha.",283200.88,270000.0,0.0,Leilão SFI - Edital Único,,SAO PAULO,SP,Não
8787716902811,"RUA TOMOICHI SHIMIZU, N. 181, Apto 802, TORRE A HIS",GUAIANAZES,"Apartamento, 40.57 de área total, 32.39 de área privativa, 0.00 de área do terreno,  2 qto(s), a.serv, WC, 1 sala(s), cozinha.",209965.61,200000.0,0.0,Leilão SFI - Edital Único,,SAO PAULO,SP,Não
8787717635345,"RUA TOMOICHI SHIMIZU, N. 181, Apto 402, TR B 4 PAV HIS 2",GUAIANAZES,"Apartamento, 56.18 de área total, 32.39 de área privativa, 0.00 de área do terreno,  2 qto(s), WC, 1 sala(s), cozinha.",208447.78,198439.6,0.0,Leilão SFI - Edital Único,,SAO PAULO,SP,Não
8787716171884,"RUA ANDRE DE ALMEIDA, N. 2665, Apto 803, 8 PAV TORRE 3 SUBCOND 2",PARQUE COLONIAL,"Apartamento, 61.44 de área total, 36.67 de área privativa, 0.00 de área do terreno,  2 qto(s), a.serv, WC, 1 sala(s), cozinha.",247357.59,235000.0,0.0,Leilão SFI - Edital Único,,SAO PAULO,SP,Não
8787718747600,"RUA MAESTRO GABRIEL MIGLIORI, N. 410-410A, Apto 1705, BL 2, SUBCOND. 3, HIS-2",JARDIM PEREIRA LEITE,"Apartamento, 0.00 de área total, 33.23 de área privativa, 0.00 de área do terreno,  2 qto(s), WC, 1 sala(s), cozinha.",266844.0,253000.0,0.0,Leilão SFI - Edital Único,,SAO PAULO,SP,Não
1555533966293,"RUA BENEDETTO BONFIGLI, N. 813, Apto 54, HMP",44 SUBD LIMAO,"Apartamento, 113.95 de área total, 54.38 de área privativa, 0.00 de área do terreno,  2 qto(s), a.serv, WC, 1 sala(s), cozinha, 1 vaga(s) de garagem.",369390.0,350000.0,0.0,Leilão SFI - Edital Único,,SAO PAULO,SP,Não
8787716719278,"AVENIDA ALEXANDRE MACKENZIE, N. 443, Apto 13, SUBCOND 02 T 02 BL C HIS2",13 SUBDISTRITO BUTAN,"Apartamento, 55.11 de área total, 37.67 de área privativa, 0.00 de área do terreno,  2 qto(s), a.serv, WC, 1 sala(s), cozinha.",270099.09,255000.0,0.0,Leilão SFI - Edital Único,,SAO PAULO,SP,Não
8787716325768,"AVENIDA ALEXANDRE MACKENZIE, N. 443, Apto 510, SUBCONDOMINIO 3  TORRE 3 BL D HIS2",JAGUARE,"Apartamento, 51.18 de área total, 34.99 de área privativa, 0.00 de área do terreno,  2 qto(s), WC, 1 sala(s), cozinha.",257472.63,243000.0,0.0,Leilão SFI - Edital Único,,SAO PAULO,SP,Não
8444435504658,"RUA IGARAPE DAS ESTRADAS, N. 22, Apto 31C,   CCONDOMÍNIO CARANAS  I",CONJUNTO HABITACIONAL SANTA ETELVINA II,"Apartamento, 48.42 de área total, 42.43 de área privativa, 0.00 de área do terreno,  2 qto(s), WC, 1 sala(s), cozinha.",166375.13,157000.0,0.0,Leilão SFI - Edital Único,,SAO PAULO,SP,Não
8787712442107,"RUA TOMOICHI SHIMIZU, N. 191, Apto 08, TORRE B  HIS",GUAIANAZES,"Apartamento, 55.39 de área total, 32.39 de área privativa, 0.00 de área do terreno,  2 qto(s), a.serv, WC, 1 sala(s), cozinha.",195637.23,184504.29,0.0,Leilão SFI - Edital Único,,SAO PAULO,SP,Não
8787714445600,"RUA CLENIO WANDERLEY, N. 80, Apto 1403, PAV 14 BL 3  SUBCONDOMINIO 3 HMP",FAZENDA DA JUTA,"Apartamento, 54.55 de área total, 35.03 de área privativa, 0.00 de área do terreno,  2 qto(s), a.serv, WC, 1 sala(s), cozinha.",223149.56,210000.0,0.0,Leilão SFI - Edital Único,,SAO PAULO,SP,Não
8787713645974,"RUA DA MOOCA, N. 1350, Apto 1307, 13 PAV TORRE 1 HIS1",MOOCA,"Apartamento, 49.68 de área total, 34.72 de área privativa, 0.00 de área do terreno,  2 qto(s), a.serv, WC, 1 sala(s), cozinha.",265989.88,250000.0,0.0,Leilão SFI - Edital Único,,SAO PAULO,SP,Não
8787716147118,"AVENIDA ALEXANDRE MACKENZIE, N. 443, Apto 517, BLOCO B  TORRE 4",JAGUARE,"Apartamento, 50.99 de área total, 34.86 de área privativa, 0.00 de área do terreno,  2 qto(s), WC, 1 sala(s), cozinha.",256597.0,240873.54,0.0,Leilão SFI - Edital Único,,SAO PAULO,SP,Não
8787715500680,"AVENIDA ALEXANDRE MACKENZIE, N. 443, Apto 16, BL C TORRE 2 HIS",BUTANTA,"Apartamento, 51.48 de área total, 35.19 de área privativa, 0.00 de área do terreno,  2 qto(s), WC, 1 sala(s), cozinha.",259159.52,243048.53,0.0,Leilão SFI - Edital Único,,SAO PAULO,SP,Não
8787717702026,"AVENIDA ARICANDUVA, N. 1771, Apto 1007, BL 1 SUBCONDOMINIO1  HIS1",VILA ARICANDUVA,"Apartamento, 49.95 de área total, 32.89 de área privativa, 0.00 de área do terreno,  2 qto(s), a.serv, WC, 1 sala(s), cozinha.",256577.31,240550.45,0.0,Leilão SFI - Edital Único,,SAO PAULO,SP,Não
8787718664390,"AVENIDA ARICANDUVA, N. 1771, Apto 1911, BL 01 SUBCONDOMINIO 02 PAVIMENTO 19 HM",VILA ARICANDUVA,"Apartamento, 50.47 de área total, 33.23 de área privativa, 0.00 de área do terreno,  2 qto(s), WC, 1 sala(s), cozinha.",256152.59,239909.97,0.0,Leilão SFI - Edital Único,,SAO PAULO,SP,Não
8787718557496,"RUA MAESTRO GABRIEL MIGLIORI, N. 410, Apto 613, BLOCO 02  HIS",JARDIM PEREIRA LEITE,"Apartamento, 50.63 de área total, 33.23 de área privativa, 0.00 de área do terreno,  2 qto(s), a.serv, WC, 1 sala(s), cozinha.",266999.3,250000.0,0.0,Leilão SFI - Edital Único,,SAO PAULO,SP,Não
8787716024911,"AVENIDA ALEXANDRE MACKENZIE, N. 443, Apto 505, BL A TORRE 1 HIS",JAGUARE,"Apartamento, 50.50 de área total, 34.52 de área privativa, 0.00 de área do terreno,  2 qto(s), WC, 1 sala(s), cozinha.",254875.63,238630.89,0.0,Leilão SFI - Edital Único,,SAO PAULO,SP,Não
8787715300320,"AVENIDA MIGUEL YUNES, N. 930, Apto 1309, BL TORRE 03 SUBCONDOMINIO 03 HIS 1",OLARIA,"Apartamento, 53.29 de área total, 35.13 de área privativa, 0.00 de área do terreno.",262873.88,246000.0,0.0,Leilão SFI - Edital Único,,SAO PAULO,SP,Não
1444413131087,"RUA JERONIMO PEDROSO BARROS, N. 258, CS 8",JARDIM LOURDES,"Casa, 92.49 de área total, 50.69 de área privativa, 30.60 de área do terreno,  2 qto(s), a.serv, WC, 1 sala(s), cozinha.",256010.38,239423.06,0.0,Leilão SFI - Edital Único,,SAO PAULO,SP,Não
1444406287506,"LARGO DO AROUCHE, N. 197, Apto 906,",REPUBLICA,"Apartamento, 0.00 de área total, 25.71 de área privativa, 0.00 de área do terreno,  1 qto(s), a.serv, WC.",204991.6,191000.0,0.0,Leilão SFI - Edital Único,,SAO PAULO,SP,Não
8787715919680,"AVENIDA ADELIA CHOHFI, N. 615, Apto 106, HIS2",DIST DE ITAQUERA,"Apartamento, 45.41 de área total, 33.48 de área privativa, 0.00 de área do terreno,  2 qto(s), a.serv, WC, 1 sala(s), cozinha.",250619.81,233274.57,0.0,Leilão SFI - Edital Único,,SAO PAULO,SP,Não
8787716502279,"RUA MAESTRO GABRIEL MIGLIORI, N. 410, Apto 814, BL 01 SUB 2 HIS1",JARDIM PEREIRA LEITE,"Apartamento, 50.11 de área total, 32.89 de área privativa, 0.00 de área do terreno,  2 qto(s), a.serv, WC, 1 sala(s), cozinha.",271985.97,253000.0,0.0,Leilão SFI - Edital Único,,SAO PAULO,SP,Não
8787717171624,"AVENIDA ALEXANDRE MACKENZIE, N. 529, Apto 813, TORRE 01 BL A HIS",JAGUARE,"Apartamento, 55.47 de área total, 34.99 de área privativa, 0.00 de área do terreno,  2 qto(s), WC, 1 sala(s), cozinha.",255379.84,237000.0,0.0,Leilão SFI - Edital Único,,SAO PAULO,SP,Não
8787721370830,"AVENIDA RIO BRANCO, N. 82, Apto 1305, TIPO C  13 PAV  TORRE B",CAMPOS ELISEOS,"Apartamento, 37.11 de área total, 26.39 de área privativa, 0.00 de área do terreno,  1 qto(s), a.serv, WC, cozinha.",338912.28,314000.0,0.0,Leilão SFI - Edital Único,,SAO PAULO,SP,Não
8787717969715,"AVENIDA VILA EMA, N. 2208, Apto 1302, HIS",VILA EMA,"Apartamento, 39.90 de área total, 28.64 de área privativa, 0.00 de área do terreno,  1 qto(s), WC, 1 sala(s), cozinha.",248506.5,230000.0,0.0,Leilão SFI - Edital Único,,SAO PAULO,SP,Não
8787716049515,"RUA ANDRE DE ALMEIDA, N. 2665, Apto 903, TORRE 2 SUBCONDOMINIO 1",PARQUE COLONIAL,"Apartamento, 61.45 de área total, 36.67 de área privativa, 0.00 de área do terreno,  2 qto(s), WC, 1 sala(s), cozinha, 1 vaga(s) de garagem.",247786.81,229000.0,0.0,Leilão SFI - Edital Único,,SAO PAULO,SP,Não
8787713233544,"RUA CLENIO WANDERLEY, N. 80, Apto 903, BL1 SUB 02 HIS1",FAZENDA DA JUTA,"Apartamento, 0.00 de área total, 35.03 de área privativa, 0.00 de área do terreno.",211805.89,194150.0,0.0,Leilão SFI - Edital Único,,SAO PAULO,SP,Não
8787713033081,"RUA CLENIO WANDERLEY, N. 80, Apto 802, BL 01 SUBCOND 2 8 PAV HIS 1",FAZENDA DA JUTA,"Apartamento, 54.55 de área total, 35.03 de área privativa, 0.00 de área do terreno,  2 qto(s), WC, 1 sala(s), cozinha.",211954.2,194150.0,0.0,Leilão SFI - Edital Único,,SAO PAULO,SP,Não
8444437292135,"RUA VIRGINIA FERNI, N. 593, Apto AP 22,",CONJUNTO RESIDENCIAL JOSE BONIFACIO,"Apartamento, 56.24 de área total, 51.55 de área privativa, 0.00 de área do terreno,  2 qto(s), a.serv, WC, 1 sala(s), cozinha.",234885.2,215000.0,0.0,Leilão SFI - Edital Único,,SAO PAULO,SP,Não
8444416308628,"RUA PAULINO DE BRITO, N. 632, Apto 05, PAV TERREO",JARDIM BRASIL (ZONA NORTE),"Apartamento, 49.51 de área total, 34.66 de área privativa, 0.00 de área do terreno.",219587.0,201000.0,0.0,Leilão SFI - Edital Único,,SAO PAULO,SP,Não
8787716160521,"RUA ANDRE DE ALMEIDA, N. 2665, Apto 409, PAV 4 TORRE 2 SUB 1",PARQUE COLONIAL,"Apartamento, 57.92 de área total, 34.57 de área privativa, 0.00 de área do terreno,  2 qto(s), WC, 1 sala(s), cozinha.",241569.22,221000.0,0.0,Leilão SFI - Edital Único,,SAO PAULO,SP,Não
8787714907964,"AVENIDA PAULA FERREIRA, N. 3750, Apto 712, TORRE A",PIRITUBA,"Apartamento, 46.99 de área total, 34.12 de área privativa, 0.00 de área do terreno,  2 qto(s), WC, 1 sala(s), cozinha.",279527.59,255000.0,0.0,Leilão SFI - Edital Único,,SAO PAULO,SP,Não
8787720731007,"RUA TOMOICHI SHIMIZU, N. 440, Apto 208, TORRE 2 VAGA M42 HIS2",GUAIANAZES,"Apartamento, 85.50 de área total, 44.39 de área privativa, 0.00 de área do terreno,  2 qto(s), a.serv, WC, 1 sala(s), cozinha, 1 vaga(s) de garagem.",274633.94,250000.0,0.0,Leilão SFI - Edital Único,,SAO PAULO,SP,Não
8787719947387,"RUA MINISTRO LUIS SPARANO, N. 181, Apto 1706, TORRE 01",JARDIM SANTA ADELIA,"Apartamento, 48.54 de área total, 35.94 de área privativa, 0.00 de área do terreno,  2 qto(s), WC, 1 sala(s), cozinha.",274879.84,250000.0,0.0,Leilão SFI - Edital Único,,SAO PAULO,SP,Não
8787714781413,"RUA DA MOOCA, N. 1350, Apto 510, 5° PAVIMENTO  TORRE 3  HIS",MOOCA,"Apartamento, 49.68 de área total, 34.72 de área privativa, 0.00 de área do terreno,  2 qto(s), a.serv, WC, 1 sala(s), cozinha.",264107.5,240000.0,0.0,Leilão SFI - Edital Único,,SAO PAULO,SP,Não
8787711574638,"RUA OSORIO FRANCO VILHENA, N. 1193, Apto 107, 1 PAV",VILA NOVA CURUCA,"Apartamento, 41.47 de área total, 32.75 de área privativa, 0.00 de área do terreno,  2 qto(s), WC, 1 sala(s), cozinha.",225696.68,205000.0,0.0,Leilão SFI - Edital Único,,SAO PAULO,SP,Não
1787701603777,"RUA ANDRE DE ALMEIDA, N. 2231, Apto 136, PAV 14 TORRE 02",CIDADE SAO MATEUS,"Apartamento, 89.89 de área total, 45.57 de área privativa, 0.00 de área do terreno,  2 qto(s), WC, 1 sala(s), cozinha, 1 vaga(s) de garagem.",280950.81,255000.0,0.0,Leilão SFI - Edital Único,,SAO PAULO,SP,Não
8444409813380,"RUA FLORENCIO VARELA, N. 62, Apto 44B,",CONJUNTO RESIDENCIAL JOSE BONIFACIO,"Apartamento, 47.32 de área total, 42.67 de área privativa, 0.00 de área do terreno,  2 qto(s), a.serv, WC, 1 sala(s), cozinha, 1 vaga(s) de garagem.",176013.59,159079.38,0.0,Leilão SFI - Edital Único,,SAO PAULO,SP,Não
8787718604990,"RUA PINDAMONHANGABA, N. 153, Apto 614, HIS",QUINTA DA PAINEIRA,"Apartamento, 48.44 de área total, 31.67 de área privativa, 0.00 de área do terreno,  2 qto(s), a.serv, WC, 1 sala(s), cozinha.",284832.03,255000.0,0.0,Leilão SFI - Edital Único,,SAO PAULO,SP,Não
8787716876373,"AVENIDA ARICANDUVA, N. 1771, Apto 006, BL 01 SUBCOND 01 ADAPTAVEL PNE HIS1",38°SUBD VILA MATILDE,"Apartamento, 49.95 de área total, 32.89 de área privativa, 0.00 de área do terreno,  2 qto(s), WC, 1 sala(s), cozinha.",258450.66,231000.0,0.0,Leilão SFI - Edital Único,,SAO PAULO,SP,Não
1444407230583,"RUA LIRA CEARENSE, N. 1091, CS 23",SANTO AMARO,"Casa, 279.81 de área total, 153.19 de área privativa, 125.00 de área do terreno,  3 qto(s), a.serv, WC, 1 sala(s), cozinha, 1 vaga(s) de garagem.",736267.13,655147.12,0.0,Leilão SFI - Edital Único,,SAO PAULO,SP,Não
8787718855179,"RUA MAESTRO GABRIEL MIGLIORI, N. 410, Apto 804, BLOCO 02  HIS",JARDIM PEREIRA LEITE,"Apartamento, 50.63 de área total, 33.23 de área privativa, 0.00 de área do terreno,  2 qto(s), WC, 1 sala(s), cozinha.",266825.6,237000.0,0.0,Leilão SFI - Edital Único,,SAO PAULO,SP,Não
8787716744957,"AVENIDA MIGUEL YUNES, N. 910, Apto 103, TORRE 1 HIS1",USINA PIRATININGA,"Apartamento, 53.40 de área total, 35.13 de área privativa, 0.00 de área do terreno,  1 qto(s), WC, 1 sala(s), cozinha.",258032.11,229000.0,0.0,Leilão SFI - Edital Único,,SAO PAULO,SP,Não
8787717018648,"RUA ANDRE DE ALMEIDA, N. 2665, Apto 901, TORRE 4",ITAQUERA,"Apartamento, 58.05 de área total, 34.65 de área privativa, 0.00 de área do terreno,  1 qto(s), WC, 1 sala(s), cozinha.",241303.77,214000.0,0.0,Leilão SFI - Edital Único,,SAO PAULO,SP,Não
8787715172330,"RUA CLENIO WANDERLEY, N. 80, Apto 2001, BL 03 HMP",FAZENDA DA JUTA,"Apartamento, 54.53 de área total, 35.03 de área privativa, 0.00 de área do terreno,  2 qto(s), WC, 1 sala(s), cozinha.",222226.3,197000.0,0.0,Leilão SFI - Edital Único,,SAO PAULO,SP,Não
8787718754747,"RUA MAESTRO GABRIEL MIGLIORI, N. 410, Apto 1608, BL 02 SUBCOND 3 16 PAV HIS 2",JARDIM PEREIRA LEITE,"Apartamento, 50.63 de área total, 33.23 de área privativa, 0.00 de área do terreno,  2 qto(s), WC, 1 sala(s), cozinha.",267746.31,237000.0,0.0,Leilão SFI - Edital Único,,SAO PAULO,SP,Não
8787716174174,"RUA INDAIA GRANDE, N. 135, Apto 808, PAV 8",FAZENDA ARICANDUVA,"Apartamento, 49.35 de área total, 32.39 de área privativa, 0.00 de área do terreno,  2 qto(s), WC, 1 sala(s), cozinha.",242909.73,215000.0,0.0,Leilão SFI - Edital Único,,SAO PAULO,SP,Não
8787716755720,"RUA PINDAMONHANGABA, N. 153, Apto 706, BL 2 SUBCOND 1 7 PAV HIS 2",QUINTA DA PAINEIRA,"Apartamento, 0.00 de área total, 31.42 de área privativa, 0.00 de área do terreno.",286410.06,253000.0,0.0,Leilão SFI - Edital Único,,SAO PAULO,SP,Não
1600000027964,"RUA CIDADE DE RIO PARDO, N. 100, Apto 211, 21º ANDAR TORRE B  EDIFICIO LUZ",VILA ANDRADE,"Apartamento, 263.91 de área total, 138.50 de área privativa, 0.00 de área do terreno, 2 vaga(s) de garagem.",1371452.95,1211000.0,0.0,Leilão SFI - Edital Único,,SAO PAULO,SP,Não
8787719031056,"RUA ANDRE DE ALMEIDA, N. 2665, Apto 9, T4 HIS2",PARQUE COLONIAL,"Apartamento, 0.00 de área total, 34.87 de área privativa, 0.00 de área do terreno.",237875.7,210000.0,0.0,Leilão SFI - Edital Único,,SAO PAULO,SP,Não
8787715332841,"RUA JORGE FARES, N. 178, Apto 2006, TIPO 10 SCOND GRIFFE CLUBE 1 T 3 A HIS",29º SUB SANTO AMARO,"Apartamento, 54.74 de área total, 37.38 de área privativa, 0.00 de área do terreno,  2 qto(s), a.serv, WC, 1 sala(s), cozinha.",269940.13,238000.0,0.0,Leilão SFI - Edital Único,,SAO PAULO,SP,Não
8787722319979,"RUA BAIXADA SANTISTA, N. 586, Apto 1706, DUPLEX PAV 17 HIS2",ITAQUERA,"Apartamento, 62.68 de área total, 35.17 de área privativa, 0.00 de área do terreno,  2 qto(s), a.serv, WC, 1 sala(s), cozinha.",283818.38,250000.0,0.0,Leilão SFI - Edital Único,,SAO PAULO,SP,Não
8787719022561,"RUA MAESTRO GABRIEL MIGLIORI, N. 410, Apto 402, BLOCO 02  HIS",JARDIM PEREIRA LEITE,"Apartamento, 50.11 de área total, 32.89 de área privativa, 0.00 de área do terreno,  2 qto(s), WC, 1 sala(s), cozinha.",267077.91,235000.0,0.0,Leilão SFI - Edital Único,,SAO PAULO,SP,Não
8787718064970,"RUA MARCO GIANNINI, N. 240, Apto 905, BL 02 HIS2",JARDIM GILDA MARIA,"Apartamento, 51.15 de área total, 31.66 de área privativa, 0.00 de área do terreno,  1 qto(s), WC, 1 sala(s), cozinha.",222207.8,195000.0,0.0,Leilão SFI - Edital Único,,SAO PAULO,SP,Não
8787718407583,"RUA TOMOICHI SHIMIZU, N. 181, Apto 1703, PAV 17 TORRE B HMP",GUAIANAZES,"Apartamento, 56.34 de área total, 32.48 de área privativa, 0.00 de área do terreno,  2 qto(s), a.serv, WC, 1 sala(s), cozinha.",240517.97,211000.0,0.0,Leilão SFI - Edital Único,,SAO PAULO,SP,Não
8787713341789,"RUA OSORIO FRANCO VILHENA, N. 1260, Apto 308, 3 PAV TORRE B",VILA NOVA CURUCA,"Apartamento, 45.74 de área total, 32.22 de área privativa, 0.00 de área do terreno,  2 qto(s), WC, 1 sala(s), cozinha.",228052.7,200000.0,0.0,Leilão SFI - Edital Único,,SAO PAULO,SP,Não
10297321,"RUA RAFAEL FICONDO, N. 590",VILA BRASILINA,"Galpão, 0.00 de área total, 422.00 de área privativa, 250.00 de área do terreno.",1827916.5,1600000.0,0.0,Leilão SFI - Edital Único,,SAO PAULO,SP,Sim
8787720105343,"RUA ESTALEIRADOR, N. 159, Apto 06, HIS",GUAIANAZES,"Apartamento, 47.12 de área total, 31.30 de área privativa, 0.00 de área do terreno.",218223.88,191000.0,0.0,Leilão SFI - Edital Único,,SAO PAULO,SP,Não
8787713368679,"AVENIDA PAULA FERREIRA, N. 3700, Apto 102, TORRE B",PIRITUBA,"Apartamento, 53.38 de área total, 39.01 de área privativa, 0.00 de área do terreno,  2 qto(s), WC, 1 sala(s), cozinha.",303715.06,265000.0,0.0,Leilão SFI - Edital Único,,SAO PAULO,SP,Não
8787707665845,"RUA AGRIMENSOR SUGAYA, N. SN, Apto AP 26, BL 1",GUAIANASES,"Apartamento, 77.21 de área total, 40.20 de área privativa, 0.00 de área do terreno,  2 qto(s), WC, 1 sala(s), cozinha.",214805.19,187313.09,0.0,Leilão SFI - Edital Único,,SAO PAULO,SP,Não
8787717690923,"RUA MAESTRO GABRIEL MIGLIORI, N. 410, Apto 1310, BL 01 SUBCOND 2 13 PAV HIS 1",JARDIM PEREIRA LEITE,"Apartamento, 50.11 de área total, 32.89 de área privativa, 0.00 de área do terreno,  2 qto(s), WC, 1 sala(s), cozinha.",270101.69,235000.0,0.0,Leilão SFI - Edital Único,,SAO PAULO,SP,Não
8787717034686,"RUA GOIATA, N. 232, Apto 706, T 02",DISTRITO DE ITAQUERA,"Apartamento, 58.18 de área total, 41.16 de área privativa, 0.00 de área do terreno,  2 qto(s), a.serv, WC, 1 sala(s), cozinha.",262753.34,228400.0,0.0,Leilão SFI - Edital Único,,SAO PAULO,SP,Não
8444432445049,"RUA ARTUR FRANCO, N. 363, Apto 3, PAV TERREO",GUAIANAZES,"Apartamento, 69.02 de área total, 43.50 de área privativa, 0.00 de área do terreno,  1 qto(s), 1 vaga(s) de garagem.",216069.27,187800.0,0.0,Leilão SFI - Edital Único,,SAO PAULO,SP,Não
8787711797700,"RUA JUA MIRIM, N. 385, Apto 102, PAV 1 TORRE B",JARDIM PEDRA BRANCA,"Apartamento, 47.55 de área total, 32.39 de área privativa, 0.00 de área do terreno,  2 qto(s), WC, 1 sala(s), cozinha.",216566.84,187819.39,0.0,Leilão SFI - Edital Único,,SAO PAULO,SP,Não
8787715904438,"RUA MAESTRO GABRIEL MIGLIORI, N. 410, Apto 501, BL 01 SUBCOND 1 5 PAV HIS 1",JARDIM PEREIRA LEITE,"Apartamento, 50.63 de área total, 33.23 de área privativa, 0.00 de área do terreno,  2 qto(s), WC, 1 sala(s), cozinha.",273317.88,237000.0,0.0,Leilão SFI - Edital Único,,SAO PAULO,SP,Não
8787720205887,"RUA BANANAL DO RIO, N. 185, Apto 804, TIPO G HIS2",VILA CAIUBA,"Apartamento, 49.72 de área total, 35.40 de área privativa, 0.00 de área do terreno,  1 qto(s), a.serv, WC, 1 sala(s), cozinha.",242445.22,210000.0,0.0,Leilão SFI - Edital Único,,SAO PAULO,SP,Não
8787713271934,"RUA CLENIO WANDERLEY, N. 80, Apto 1503, BL 01 - SUBCOND 02 - HIS",ITAQUERA,"Apartamento, 0.00 de área total, 35.04 de área privativa, 0.00 de área do terreno,  2 qto(s), WC, 1 sala(s), cozinha.",211454.81,183000.0,0.0,Leilão SFI - Edital Único,,SAO PAULO,SP,Não
8787716675092,"RUA CELSO VIEIRA, N. 261, Apto 505,",VILA PEREIRA BARRETO,"Apartamento, 23.44 de área total, 16.46 de área privativa, 0.00 de área do terreno,  1 qto(s), a.serv, WC, cozinha.",206378.28,177000.0,0.0,Leilão SFI - Edital Único,,SAO PAULO,SP,Não
8787717538862,"RUA MAESTRO GABRIEL MIGLIORI, N. 410, Apto 1806, PAVIMENTO 18 BL 1",JARDIM PEREIRA LEITE,"Apartamento, 50.11 de área total, 32.89 de área privativa, 0.00 de área do terreno,  2 qto(s), a.serv, WC, 1 sala(s), cozinha.",269369.66,231000.0,0.0,Leilão SFI - Edital Único,,SAO PAULO,SP,Não
8787718152119,"AVENIDA CIPRIANO RODRIGUES, N. 316, Apto 1411, TORRE ACACIA  HIS 2",VILA FORMOSA,"Apartamento, 76.83 de área total, 38.25 de área privativa, 0.00 de área do terreno,  2 qto(s), a.serv, WC, 1 sala(s), cozinha, 1 vaga(s) de garagem.",361777.56,309948.47,0.0,Leilão SFI - Edital Único,,SAO PAULO,SP,Não
8787717383710,"RUA GOIATA, N. 232, Apto 401, 4 PAV TORRE 1",PARADA XV DE NOVEMBRO,"Apartamento, 58.37 de área total, 41.30 de área privativa, 0.00 de área do terreno,  2 qto(s), WC, 1 sala(s), cozinha.",256808.84,220000.0,0.0,Leilão SFI - Edital Único,,SAO PAULO,SP,Não
8787716791920,"RUA MARCO GIANNINI, N. 240, Apto 004, BL 02 HIS2",JARDIM GILDA MARIA,"Apartamento, 50.76 de área total, 31.42 de área privativa, 0.00 de área do terreno,  2 qto(s), a.serv, WC, 1 sala(s), cozinha.",221828.09,190000.0,0.0,Leilão SFI - Edital Único,,SAO PAULO,SP,Não
8787718000505,"RUA MARCO GIANNINI, N. 240, Apto 512, BL 01 HIS2",JARDIM GILDA MARIA,"Apartamento, 51.15 de área total, 31.66 de área privativa, 0.00 de área do terreno,  2 qto(s), a.serv, WC, 1 sala(s), cozinha.",221956.98,190000.0,0.0,Leilão SFI - Edital Único,,SAO PAULO,SP,Não
1787702497784,"AVENIDA CIPRIANO RODRIGUES, N. 316, Apto 910, 9 PAV TORRE ACACIA 46 DIST HIS2",VILA FORMOSA,"Apartamento, 76.83 de área total, 38.25 de área privativa, 0.00 de área do terreno,  2 qto(s), a.serv, WC, 1 sala(s), cozinha, 1 vaga(s) de garagem.",363095.63,307736.93,0.0,Leilão SFI - Edital Único,,SAO PAULO,SP,Não
8787716567575,"RUA MARCO GIANNINI, N. 240, Apto 404, BL 01 HIS2",JARDIM GILDA MARIA,"Apartamento, 51.15 de área total, 31.66 de área privativa, 0.00 de área do terreno,  2 qto(s), a.serv, WC, 1 sala(s), cozinha.",224197.77,190000.0,0.0,Leilão SFI - Edital Único,,SAO PAULO,SP,Não
8787714463691,"RUA MIGUEL YUNES, N. 930, Apto 1301, TORRE 03 HIS",OLARIA,"Apartamento, 51.67 de área total, 34.05 de área privativa, 0.00 de área do terreno.",262803.75,222000.0,0.0,Leilão SFI - Edital Único,,SAO PAULO,SP,Não
8787713960403,"RUA OSORIO FRANCO VILHENA, N. 1260, Apto 704, BL B",VILA NOVA CURUCA,"Apartamento, 46.09 de área total, 32.46 de área privativa, 0.00 de área do terreno,  2 qto(s), WC, 1 sala(s), cozinha.",228802.81,193000.0,0.0,Leilão SFI - Edital Único,,SAO PAULO,SP,Não
8787718553334,"RUA TOMOICHI SHIMIZU, N. 181, Apto 1111, TORRE A HMP",GUAIANAZES,"Apartamento, 40.57 de área total, 32.39 de área privativa, 0.00 de área do terreno,  2 qto(s), a.serv, WC, 1 sala(s), cozinha.",239710.91,200000.0,0.0,Leilão SFI - Edital Único,,SAO PAULO,SP,Não
8787715825880,"AVENIDA ALEXANDRE MACKENZIE, N. 443, Apto 10, SUBCONDOMÍNIO 4  TORRE 4  BL B HIS2",JAGUARE,"Apartamento, 50.98 de área total, 34.85 de área privativa, 0.00 de área do terreno,  2 qto(s), WC, 1 sala(s), cozinha.",255804.75,212000.0,0.0,Leilão SFI - Edital Único,,SAO PAULO,SP,Não
8444414896395,"RUA EDSON DANILLO DOTTO, N. 381, Apto 13B, CJ HAB SANTA ETELVINA IIA",GUAIANAZES,"Apartamento, 48.42 de área total, 42.37 de área privativa, 0.00 de área do terreno,  2 qto(s), a.serv, WC, 1 sala(s), cozinha.",162461.74,134000.0,0.0,Leilão SFI - Edital Único,,SAO PAULO,SP,Não
8787714274635,"RUA JOAO MOREIRA SALLES, N. 991, Apto 32, BL 11 HIS2",JARDIM MONTE ALEGRE,"Apartamento, 78.85 de área total, 38.69 de área privativa, 0.00 de área do terreno,  2 qto(s), a.serv, WC, 1 sala(s), cozinha.",229224.31,189028.81,0.0,Leilão SFI - Edital Único,,SAO PAULO,SP,Não
8787708438036,"RUA BARAO CARLOS DE SOUSA ANHUMAS, N. 380, Apto 04, TERREO BL 04",JARDIM RECANTO VERDE,"Apartamento, 78.07 de área total, 38.69 de área privativa, 0.00 de área do terreno,  2 qto(s), a.serv, WC, 1 sala(s), cozinha.",213366.36,174000.0,0.0,Leilão SFI - Edital Único,,SAO PAULO,SP,Não
8555534895282,"RUA COMENDADOR ANTUNES DOS SANTOS, N. 1600, Apto AP 43, TR 3",CAPAO REDONDO,"Apartamento, 85.09 de área total, 38.72 de área privativa, 0.00 de área do terreno,  2 qto(s), a.serv, WC, 1 sala(s), cozinha.",245855.0,200000.0,0.0,Leilão SFI - Edital Único,,SAO PAULO,SP,Não
8555538031169,"RUA KENKITI SHIMOMOTO, N. 1382, Apto 22, BL 06",CHACARA BUSSOCABA,"Apartamento, 0.00 de área total, 38.72 de área privativa, 0.00 de área do terreno.",215771.14,174000.0,0.0,Leilão SFI - Edital Único,,SAO PAULO,SP,Não
8787717625188,"ESTRADA DOS MIRANDAS, N. 531, Apto 1508, TR A 15 PAV HIS 1",JARDIM MARIA DUARTE,"Apartamento, 60.37 de área total, 40.03 de área privativa, 0.00 de área do terreno,  2 qto(s), a.serv, WC, 1 sala(s), cozinha.",310787.69,250000.0,0.0,Leilão SFI - Edital Único,,SAO PAULO,SP,Não
8787717611314,"RUA BARAO DE CAMPINAS, N. 265, Apto 505, HIS 2 5 PAV",CAMPOS ELISEOS,"Apartamento, 35.13 de área total, 26.81 de área privativa, 0.00 de área do terreno,  1 qto(s), WC, 1 sala(s), cozinha.",280437.63,225000.0,0.0,Leilão SFI - Edital Único,,SAO PAULO,SP,Não
8787718452090,"RUA MAESTRO GABRIEL MIGLIORI, N. 410, Apto 210, BL 2 PAV 2 SIB 4 HIS1",JARDIM PEREIRA LEITE,"Apartamento, 50.11 de área total, 32.89 de área privativa, 0.00 de área do terreno,  2 qto(s), WC, 1 sala(s), cozinha.",268320.03,215000.0,0.0,Leilão SFI - Edital Único,,SAO PAULO,SP,Não
8787720115691,"RUA PINDAMONHANGABA, N. 153, Apto 912, BL 03 SUBCONDOMINIO 02  HMP HIS",VILA PRUDENTE,"Apartamento, 48.06 de área total, 31.42 de área privativa, 0.00 de área do terreno,  2 qto(s), a.serv, WC, 1 sala(s), cozinha.",283141.28,226000.0,0.0,Leilão SFI - Edital Único,,SAO PAULO,SP,Não
8787715804069,"RUA MAESTRO GABRIEL MIGLIORI, N. 410, Apto 1812, BL 01 SUBCOND 02 HIS2",44 SUBD LIMAO,"Apartamento, 50.11 de área total, 33.23 de área privativa, 0.00 de área do terreno,  2 qto(s), WC, 1 sala(s), cozinha.",273355.91,215000.0,0.0,Leilão SFI - Edital Único,,SAO PAULO,SP,Não
8787718117585,"RUA TOMOICHI SHIMIZU, N. 181, Apto 1209, TORRE B  HMP",GUAIANAZES,"Apartamento, 0.00 de área total, 32.48 de área privativa, 0.00 de área do terreno.",207169.05,162000.0,0.0,Leilão SFI - Edital Único,,SAO PAULO,SP,Não
8787717558219,"RUA PROFESSOR ARTUR PRIMAVESI, N. 154, Apto 1106, TORRE B PV 11",PARQUE BRISTOL,"Apartamento, 46.53 de área total, 29.12 de área privativa, 0.00 de área do terreno,  1 qto(s), a.serv, WC, 1 sala(s), cozinha.",250268.52,195000.0,0.0,Leilão SFI - Edital Único,,SAO PAULO,SP,Não
1444400841684,"RUA FREI ANTONIO SANTANA GALVAO, N. 129,",LUZ,"Casa, 237.00 de área total, 237.00 de área privativa, 213.84 de área do terreno,  2 qto(s), a.serv, WC, 1 sala(s), 1 lavabo(s), cozinha, 1 vaga(s) de garagem.",781150.88,594000.0,0.0,Leilão SFI - Edital Único,,SAO PAULO,SP,Não
1444423376406,"RUA DOMINGOS PIRES BRITO, N. 283, 26 DISTRITO",VILA CENTRAL,"Prédio, 0.00 de área total, 79.38 de área privativa, 79.38 de área do terreno.",802446.5,609500.0,0.0,Leilão SFI - Edital Único,,SAO PAULO,SP,Não
1600000129694,"RUA VUTURUNA, N. 126, LOTE B DO DESDOBRO",VILA DO BOSQUE,"Casa, 176.32 de área total, 176.32 de área privativa, 150.00 de área do terreno,  3 qto(s), a.serv, WC, 1 sala(s), 1 lavabo(s), cozinha, Terraco, 2 vaga(s) de garagem.",1024006.0,770000.0,0.0,Leilão SFI - Edital Único,,SAO PAULO,SP,Não
8787721588836,"AVENIDA NAGIB FARAH MALUF, N. 2100, Apto 08, TORRE 02",GUAIANAZES,"Apartamento, 35.99 de área total, 27.16 de área privativa, 0.00 de área do terreno,  1 qto(s), WC, 1 sala(s), cozinha.",240187.06,179000.0,0.0,Leilão SFI - Edital Único,,SAO PAULO,SP,Não
8787715453827,"RUA PINDAMONHANGABA, N. 153, Apto 07, BL 02  SUBCONDOMINIO 01 HIS",VILA PRUDENTE,"Apartamento, 48.06 de área total, 31.42 de área privativa, 0.00 de área do terreno,  2 qto(s), WC, 1 sala(s), cozinha.",288821.38,210000.0,0.0,Leilão SFI - Edital Único,,SAO PAULO,SP,Não
8787721164157,"RUA CORONEL FRANCISCO DE OLIVEIRA SIMOES, N. 70, Apto 102, TERREO TR 02 VG 2",PARAISO DO MORUMBI,"Apartamento, 131.95 de área total, 53.61 de área privativa, 0.00 de área do terreno,  2 qto(s), a.serv, WC, 1 sala(s), cozinha, 1 vaga(s) de garagem.",458545.81,320000.0,0.0,Leilão SFI - Edital Único,,SAO PAULO,SP,Não
8555531975625,"RUA CATULE, N. 101, Apto 04, PAVIMENTO TERREO BLOCO 09",JARDIM SANTA TEREZINHA (ZONA LESTE),"Apartamento, 65.20 de área total, 38.72 de área privativa, 0.00 de área do terreno,  2 qto(s), a.serv, WC, 1 sala(s), cozinha.",216672.63,142000.0,0.0,Leilão SFI - Edital Único,,SAO PAULO,SP,Não
10307852,"RUA JERÔNIMO TAVARES, N. 99",JARDIM NOSSA SENHORA DO CARMO,"Casa, 0.00 de área total, 170.00 de área privativa, 270.00 de área do terreno.",1091115.1,660000.0,0.0,Leilão SFI - Edital Único,,SAO PAULO,SP,Não
1444406983260,"RUA DOUTOR CAETANO ESTELLITA PERNET, N. 212,",JARDIM HAIA DO CARRAO,"Casa, 109.00 de área total, 109.00 de área privativa, 299.00 de área do terreno,  2 qto(s), a.serv, WC, 1 sala(s), cozinha, 1 vaga(s) de garagem.",533355.0,289940.0,0.0,Leilão SFI - Edital Único,,SAO PAULO,SP,Não
10280996,"RUA CAIXANAS, N. 189, CS 03",JARDIM GUEDALA,"Casa, 0.00 de área total, 418.34 de área privativa, 305.82 de área do terreno.",9604172.66,5000000.0,0.0,Leilão SFI - Edital Único,,SAO PAULO,SP,Sim
8444409937828,"RUA LEONARDO NUNES, N. 920, CASA 01",PARQUE SAO VICENTE,"Casa, 130.45 de área total, 70.00 de área privativa, 68.31 de área do terreno,  3 qto(s), a.serv, WC, 1 sala(s), cozinha, 1 vaga(s) de garagem.",181386.15,339500.0,46.58,Venda Direta Online,,SAO VICENTE,SP,Sim
8555523727030,"RUA ANTERO DE MOURA, N. 1081, CS 02",VILA NOSSA SENHORA DE FATIMA,"Casa, 66.54 de área total, 66.54 de área privativa, 55.35 de área do terreno, 1 vaga(s) de garagem.",142177.1,258000.0,44.9,Venda Online,,SAO VICENTE,SP,Sim
1444408442797,"RUA CAMINHO DOS BARREIROS, N. 186, Apto 05, PAV T",ESPLANADA DOS BARREIROS,"Apartamento, 57.63 de área total, 39.30 de área privativa, 0.00 de área do terreno,  1 qto(s), a.serv, WC, 1 sala(s), cozinha.",131013.71,235000.0,44.25,Venda Direta Online,,SAO VICENTE,SP,Sim
8444427068445,"RUA ANTONIO RISCALLE HUSNE, N. 1183, CS 04",JARDIM RIO BRANCO,"Casa, 65.97 de área total, 60.12 de área privativa, 65.97 de área do terreno,  2 qto(s), a.serv, WC, 1 sala(s), cozinha, 1 vaga(s) de garagem.",163577.14,274000.0,40.31,Venda Online,,SAO VICENTE,SP,Sim
8444427278393,"RUA VITORIA DE SANTO ANTAO, N. 16, CS 01",CATIAPOA,"Casa, 51.90 de área total, 40.51 de área privativa, 40.51 de área do terreno,  1 qto(s), a.serv, WC, 1 sala(s), cozinha, 1 vaga(s) de garagem.",132970.97,220000.0,39.56,Venda Direta Online,,SAO VICENTE,SP,Não
8555524338410,"AVENIDA PREFEITO PRESTES MAIA, N. 765, RESIDÊNCIA 02",ESPLANADA DOS BARREIROS,"Casa, 43.20 de área total, 40.62 de área privativa, 0.01 de área do terreno.",115926.51,191800.0,39.56,Licitação Aberta,,SAO VICENTE,SP,Não
8444420102737,"RUA DONA ANITA COSTA, N. 780, Apto 13, 1 PAVIMENTO",VILA VOTURUA,"Apartamento, 57.16 de área total, 35.45 de área privativa, 0.00 de área do terreno,  1 qto(s), WC, 1 sala(s), cozinha, 1 vaga(s) de garagem.",121487.11,201000.0,39.56,Venda Direta Online,,SAO VICENTE,SP,Não
8444416687114,"RUA JOSE DOS SANTOS SATURNINO, N. 13, RESID SOBREPOSTA 02. PAV SUPERIOR",SAMARITA,"Casa, 70.64 de área total, 64.77 de área privativa, 63.75 de área do terreno,  2 qto(s), a.serv, WC, 1 sala(s), cozinha.",119673.87,198000.0,39.56,Venda Direta Online,,SAO VICENTE,SP,Não
8444423854438,"RUA MARCILIO DIAS HORNEAUX, N. 82, CS 3 PAV SUPERIOR",PARQUE DAS BANDEIRAS,"Casa, 53.68 de área total, 47.58 de área privativa, 39.82 de área do terreno,  2 qto(s), a.serv, WC, 1 sala(s), cozinha.",125279.12,207273.86,39.56,Venda Direta Online,,SAO VICENTE,SP,Não
8444412259339,"RUA CORONEL SILVA TELES, N. 244, Apto 53,",PARQUE SAO VICENTE,"Apartamento, 52.66 de área total, 27.96 de área privativa, 0.00 de área do terreno.",131762.14,218000.0,39.56,Licitação Aberta,,SAO VICENTE,SP,Não
8555502475873,"AVENIDA QUINTINO BOCAIUVA, N. 1537, Apto 22,",CENTRO,"Apartamento, 55.21 de área total, 51.62 de área privativa, 0.00 de área do terreno,  2 qto(s), a.serv, WC, 1 sala(s), cozinha.",140990.82,224000.0,37.06,Licitação Aberta,,SAO VICENTE,SP,Não
8035400419927,"AVENIDA ANTONIO EMMERICH, N. 499, Apto 309,",JARDIM GUASSU,"Apartamento, 64.45 de área total, 42.00 de área privativa, 0.00 de área do terreno,  1 qto(s), a.serv, WC, 1 sala(s), cozinha.",116443.31,185000.0,37.06,Venda Online,,SAO VICENTE,SP,Não
1444415790053,"AVENIDA MARECHAL DEODORO, N. 417, Apto 14,",VILA VALENCA,"Apartamento, 59.08 de área total, 45.08 de área privativa, 0.00 de área do terreno,  1 qto(s), a.serv, WC, 1 sala(s), cozinha.",130290.62,207000.0,37.06,Licitação Aberta,,SAO VICENTE,SP,Não
1787702386613,"RUA ALEIXO GARCIA, N. 30, Apto 411, PAV 5",CATIAPOA,"Apartamento, 66.84 de área total, 47.34 de área privativa, 0.00 de área do terreno,  2 qto(s), WC, 1 sala(s), cozinha.",308000.0,308000.0,0.0,Leilão SFI - Edital Único,,SAO VICENTE,SP,Não
8787705631820,"AVENIDA JUIZ DE FORA, N. 328/346, Apto 13, BL A",VILA VOTURUA,"Apartamento, 84.60 de área total, 50.01 de área privativa, 0.00 de área do terreno,  2 qto(s), a.serv, WC, 1 sala(s), cozinha.",264680.83,264680.83,0.0,Leilão SFI - Edital Único,,SAO VICENTE,SP,Não
8444422608417,"AVENIDA DES ANTONIO CARLOS DE ALMEIDA RIBEIRO, N. SN, RES TERREA 1 PREDIO 99",PARQUE CONTINENTAL,"Casa, 60.40 de área total, 60.15 de área privativa, 77.16 de área do terreno,  2 qto(s), a.serv, WC, 1 sala(s), cozinha, 1 vaga(s) de garagem.",276232.23,276232.23,0.0,Leilão SFI - Edital Único,,SAO VICENTE,SP,Não
8444422743373,"RUA TAMBAU, N. 360, CASA 01",VILA NOSSA SENHORA DE FATIMA,"Casa, 54.21 de área total, 50.98 de área privativa, 64.46 de área do terreno,  2 qto(s), a.serv, WC, 1 sala(s), cozinha, 1 vaga(s) de garagem.",207000.0,207000.0,0.0,Leilão SFI - Edital Único,,SAO VICENTE,SP,Não
8444431111082,"AVENIDA DOUTOR CELSO SANTOS, N. SN, CS 319 TERREO",PARQUE DAS BANDEIRAS,"Casa, 39.28 de área total, 35.41 de área privativa, 39.28 de área do terreno,  1 qto(s), a.serv, WC, 1 sala(s), cozinha.",195413.46,195000.0,0.0,Leilão SFI - Edital Único,,SAO VICENTE,SP,Não
8444436537495,"AVENIDA QUINTINO BOCAIUVA, N. 1376, Apto 106,",CENTRO,"Apartamento, 50.13 de área total, 39.57 de área privativa, 0.00 de área do terreno,  2 qto(s), a.serv, WC, 1 sala(s), cozinha, 1 vaga(s) de garagem.",308396.69,265000.0,0.0,Leilão SFI - Edital Único,,SAO VICENTE,SP,Não
1444413592424,"RUA GENERAL ETCHGOYEN, N. 335, LOTE 01E02 QUADRA 09",VILA CASCATINHA,"Casa, 167.13 de área total, 167.13 de área privativa, 115.00 de área do terreno,  3 qto(s), a.serv, WC, 1 sala(s), cozinha, Terraco, 1 vaga(s) de garagem.",646174.49,545000.0,0.0,Leilão SFI - Edital Único,,SAO VICENTE,SP,Não
1555507801029,"RUA AMELIO BARICALLA, N. 2029, LT 15 QD 04",JARDIM BOA ESPERANCA,"Casa, 110.18 de área total, 110.18 de área privativa, 200.00 de área do terreno,  2 qto(s), a.serv, WC, 1 sala(s), 1 vaga(s) de garagem.",154939.57,290000.0,46.58,Venda Online,,SERRANA,SP,Não
8787709171190,"AVENIDA LEOLINO GONCALVES DE OLIVEIRA, N. 661, Apto 32, BL B TORRE 03",CIDADE DE BELEM,"Apartamento, 131.41 de área total, 43.06 de área privativa, 0.00 de área do terreno,  2 qto(s), a.serv, WC, 1 sala(s), cozinha, 1 vaga(s) de garagem.",78781.14,136000.0,42.08,Licitação Aberta,,SERRANA,SP,Não
8787708129068,"RUA PARANA, N. 608, Apto 02, BL A  TORRE 04",CENTRO,"Apartamento, 95.45 de área total, 43.06 de área privativa, 0.00 de área do terreno,  2 qto(s), a.serv, WC, 1 sala(s), cozinha, 1 vaga(s) de garagem.",88404.91,151000.0,41.46,Licitação Aberta,,SERRANA,SP,Não
8787708465297,"RUA PARANA, N. 608, Apto 23, PAV 2 BL B TR 3",CENTRO,"Apartamento, 0.00 de área total, 43.06 de área privativa, 0.00 de área do terreno,  2 qto(s), a.serv, WC, 1 sala(s), cozinha, 1 vaga(s) de garagem.",93037.35,157000.0,40.75,Venda Direta Online,,SERRANA,SP,Não
8787706092957,"RUA PARANA, N. 608, Apto 4, BLOCO A TORRE 1",CENTRO,"Apartamento, 95.45 de área total, 43.06 de área privativa, 0.00 de área do terreno,  2 qto(s), WC, 1 sala(s), cozinha, 1 vaga(s) de garagem.",126711.26,158000.0,19.81,Leilão SFI - Edital Único,,SERRANA,SP,Não
1444420180608,"RUA FRANCISCO GALANTE, N. 25, QUADRA 10 LOTE 3",CIDADE DE BELEM,"Casa, 154.70 de área total, 154.70 de área privativa, 250.00 de área do terreno,  4 qto(s), a.serv, WC, 2 sala(s), 2 vaga(s) de garagem.",420000.0,420000.0,0.0,Leilão SFI - Edital Único,,SERRANA,SP,Não
8787712593504,"AVENIDA LEOLINO GONCALVES DE OLIVEIRA, N. 661, Apto 2, BL C TORRE 1",JARDIM DAS ROSAS III,"Apartamento, 88.35 de área total, 43.06 de área privativa, 0.00 de área do terreno,  2 qto(s), a.serv, WC, 1 sala(s), cozinha, 1 vaga(s) de garagem.",160000.0,160000.0,0.0,Leilão SFI - Edital Único,,SERRANA,SP,Não
8787712735759,"AVENIDA LEOLINO GONCALVES DE OLIVEIRA, N. 661, Apto 4, BL A TORRE 2",JARDIM DAS ROSAS III,"Apartamento, 88.35 de área total, 43.06 de área privativa, 0.00 de área do terreno,  2 qto(s), a.serv, WC, 1 sala(s), cozinha, 1 vaga(s) de garagem.",170000.0,170000.0,0.0,Leilão SFI - Edital Único,,SERRANA,SP,Não
8787707898637,"RUA ARACI DA SILVA MONTEIRO, N. 105, QUADRA 3 LOTE10",RESIDENCIAL MORADA DO CAMPO,"Casa, 44.93 de área total, 44.93 de área privativa, 162.00 de área do terreno,  2 qto(s), a.serv, WC, 1 sala(s), cozinha, 2 vaga(s) de garagem.",137000.0,137000.0,0.0,Leilão SFI - Edital Único,,SERRANA,SP,Não
8444427174121,"RUA ANTONIO MILAN, N. 314, Apto SN, PAV TERREO VG 04",JARDIM SANTA BARBARA,"Apartamento, 60.73 de área total, 36.92 de área privativa, 0.00 de área do terreno,  2 qto(s), WC, 1 sala(s), cozinha, 1 vaga(s) de garagem.",89936.72,186000.0,51.65,Venda Direta Online,,SERTAOZINHO,SP,Não
8787715751119,"RUA FRANCISCO OLIVEIRA, N. 600, CS 97 ANTIGA RUA R1",TERRAS DA CIDADE,"Casa, 43.03 de área total, 43.03 de área privativa, 77.38 de área do terreno,  2 qto(s), a.serv, WC, 1 sala(s), cozinha, 1 vaga(s) de garagem.",112647.57,213000.0,47.12,Venda Online,,SERTAOZINHO,SP,Não
8555533611450,"AVENIDA ELIZEU TAMIAO, N. 515, Apto 31, BL C TR 02",JARDIM CAMPO ALEGRE,"Apartamento, 84.81 de área total, 40.71 de área privativa, 0.00 de área do terreno,  2 qto(s), a.serv, WC, 1 sala(s), cozinha, 1 vaga(s) de garagem.",77442.11,143000.0,45.85,Venda Direta Online,,SERTAOZINHO,SP,Não
8787713595381,"AVENIDA APARECIDO SAVEGNAGO, N. 655, Apto 31, BL B TORRE 2",JARDIM CAMPO ALEGRE,"Apartamento, 89.41 de área total, 43.06 de área privativa, 0.00 de área do terreno,  2 qto(s), WC, 1 sala(s), cozinha, 1 vaga(s) de garagem.",87704.0,160000.0,45.19,Venda Direta Online,,SERTAOZINHO,SP,Não
8555534567161,"AVENIDA APARECIDO SAVEGNAGO, N. 515, Apto 32, BL C, TORRE 08",JARDIM CAMPO ALEGRE,"Apartamento, 84.81 de área total, 40.71 de área privativa, 0.00 de área do terreno,  2 qto(s), a.serv, WC, 1 sala(s), cozinha, 1 vaga(s) de garagem.",75305.5,130000.0,42.08,Venda Direta Online,,SERTAOZINHO,SP,Não
8787710538760,"RUA DOUTOR OLIDAIR AMBROSIO, N. 3350, Apto 303, BL 02 BOX 53",ALVORADA,"Apartamento, 84.99 de área total, 39.30 de área privativa, 0.00 de área do terreno,  2 qto(s), a.serv, WC, 1 sala(s), cozinha, 1 vaga(s) de garagem.",81964.82,140000.0,41.46,Licitação Aberta,,SERTAOZINHO,SP,Não
8787706617570,"AVENIDA APARECIDO SAVEGNAGO, N. 655, Apto 01, BL B TORRE 07",JARDIM CAMPO ALEGRE,"Apartamento, 89.41 de área total, 43.06 de área privativa, 0.00 de área do terreno,  2 qto(s), a.serv, WC, 1 sala(s), cozinha, 1 vaga(s) de garagem.",97778.11,165000.0,40.75,Licitação Aberta,,SERTAOZINHO,SP,Não
8787709612404,"AVENIDA APARECIDO SAVEGNAGO, N. 655, Apto 14, BL B TORRE 03",JARDIM CAMPO ALEGRE,"Apartamento, 89.41 de área total, 43.06 de área privativa, 0.00 de área do terreno,  2 qto(s), a.serv, WC, 1 sala(s), cozinha, 1 vaga(s) de garagem.",97778.11,165000.0,40.75,Licitação Aberta,,SERTAOZINHO,SP,Não
8787714577158,"RUA FRANCISCO OLIVEIRA (ANTIGA RUA R1), N. 600, CS 84",TERRAS DA CIDADE,"Casa, 77.38 de área total, 43.03 de área privativa, 77.38 de área do terreno,  2 qto(s), a.serv, WC, 1 sala(s), cozinha, 1 vaga(s) de garagem.",126322.42,209000.0,39.56,Licitação Aberta,,SERTAOZINHO,SP,Não
8787715543800,"RUA FRANCISCO OLIVEIRA, N. 600, CS 90",TERRAS DA CIDADE,"Casa, 168.81 de área total, 43.03 de área privativa, 77.28 de área do terreno,  2 qto(s), a.serv, WC, 1 sala(s), cozinha, 1 vaga(s) de garagem.",114838.57,190000.0,39.56,Venda Direta Online,,SERTAOZINHO,SP,Não
8555527454098,"RUA ERNESTO MELONI, N. 420, Apto 18, TORRE 11K",JARDIM SANTA MARTA,"Apartamento, 0.00 de área total, 43.84 de área privativa, 0.00 de área do terreno,  2 qto(s), WC, 1 sala(s), cozinha, 1 vaga(s) de garagem.",120000.0,120000.0,0.0,Leilão SFI - Edital Único,,SERTAOZINHO,SP,Não
8787711562010,"AVENIDA JOSE BETTUCCI, N. 325, CS 17 QD A",CONJUNTO HABITACIONAL AUREA MENDES GIMEN,"Casa, 188.49 de área total, 42.63 de área privativa, 117.60 de área do terreno,  2 qto(s), a.serv, WC, 1 sala(s), cozinha, 2 vaga(s) de garagem.",178000.0,178000.0,0.0,Leilão SFI - Edital Único,,SERTAOZINHO,SP,Não
8787712317876,"AVENIDA JOSE BETTUCCI, N. 325, UNIDADE AUTONOMA 35  QUADRA  C",CONJUNTO HABITACIONAL AUREA MENDES GIMEN,"Casa, 187.94 de área total, 42.63 de área privativa, 117.12 de área do terreno,  2 qto(s), a.serv, WC, 1 sala(s), cozinha, 2 vaga(s) de garagem.",178000.0,178000.0,0.0,Leilão SFI - Edital Único,,SERTAOZINHO,SP,Não
1444421399751,"RUA SEBASTIAO SOARES MACHADO, N. 139, LT 02 QD 25",JARDIM GIMENEZ,"Casa, 0.00 de área total, 188.97 de área privativa, 312.62 de área do terreno.",561000.0,561000.0,0.0,Leilão SFI - Edital Único,,SERTAOZINHO,SP,Não
8787705245644,"AVENIDA APARECIDO SAVEGNAGO, N. 655, Apto 33, BL B TORRE 08",JARDIM CAMPO ALEGRE,"Apartamento, 89.41 de área total, 43.06 de área privativa, 0.00 de área do terreno,  2 qto(s), a.serv, WC, 1 sala(s), cozinha, 1 vaga(s) de garagem.",131932.4,131932.4,0.0,Leilão SFI - Edital Único,,SERTAOZINHO,SP,Não
8787712235802,"AVENIDA APARECIDO SAVEGNAGO, N. 655, Apto 22, BL C TORRE 03",JARDIM CAMPO ALEGRE,"Apartamento, 89.41 de área total, 43.06 de área privativa, 0.00 de área do terreno,  2 qto(s), a.serv, WC, 1 sala(s), cozinha, 1 vaga(s) de garagem.",154500.0,154500.0,0.0,Leilão SFI - Edital Único,,SERTAOZINHO,SP,Não
8787717370910,"AVENIDA JOSE FRANCISCO PAVAN, N. 195, Apto 603, T 01",JARDIM TERRAS DE SANTA ELISA III,"Apartamento, 90.55 de área total, 48.16 de área privativa, 0.00 de área do terreno,  2 qto(s), a.serv, WC, 1 sala(s), cozinha, 1 vaga(s) de garagem.",220000.0,220000.0,0.0,Leilão SFI - Edital Único,,SERTAOZINHO,SP,Não
8787715870681,"AVENIDA JOSE FRANCISCO PAVAN, N. 195, Apto 408, TORRE 01",JARDIM TERRAS DE SANTA ELISA III,"Apartamento, 89.75 de área total, 46.69 de área privativa, 0.00 de área do terreno,  2 qto(s), WC, 1 sala(s), cozinha, 1 vaga(s) de garagem.",205940.64,185000.0,0.0,Leilão SFI - Edital Único,,SERTAOZINHO,SP,Não
8787708067658,"AVENIDA APARECIDO SAVEGNAGO, N. 655, Apto 33, BL B TORRE 05",JARDIM CAMPO ALEGRE,"Apartamento, 89.41 de área total, 43.06 de área privativa, 0.00 de área do terreno,  2 qto(s), a.serv, WC, 1 sala(s), cozinha, 1 vaga(s) de garagem.",148546.88,131932.4,0.0,Leilão SFI - Edital Único,,SERTAOZINHO,SP,Não
8444434503771,"RUA ERNESTO MELONI, N. 420, Apto 07, TORRE 8H",JARDIM SANTA MARTA,"Apartamento, 86.19 de área total, 43.84 de área privativa, 0.00 de área do terreno,  2 qto(s), WC, 1 sala(s), cozinha, 1 vaga(s) de garagem.",154383.59,135000.0,0.0,Leilão SFI - Edital Único,,SERTAOZINHO,SP,Não
8787717092295,"AVENIDA JOSE FRANCISCO PAVAN, N. 195, Apto 607, TORRE 01 ANTIGA AVENIDA A",JARDIM TERRAS DE SANTA ELISA III,"Apartamento, 89.75 de área total, 46.69 de área privativa, 0.00 de área do terreno,  2 qto(s), WC, 1 sala(s), cozinha, 1 vaga(s) de garagem.",213374.48,185000.0,0.0,Leilão SFI - Edital Único,,SERTAOZINHO,SP,Não
8787717693922,"AVENIDA JOSE FRANCISCO PAVAN, N. 195, Apto 302, TORRE 01 ANTIGA AVENIDA A",JARDIM TERRAS DE SANTA ELISA III,"Apartamento, 90.55 de área total, 47.86 de área privativa, 0.00 de área do terreno,  2 qto(s), WC, 1 sala(s), cozinha, 1 vaga(s) de garagem.",216000.3,183605.18,0.0,Leilão SFI - Edital Único,,SERTAOZINHO,SP,Não
8787716645401,"AVENIDA JOSE FRANCISCO PAVAN, N. 195, Apto 202, TORRE 01",JARDIM TERRAS DE SANTA ELISA III,"Apartamento, 90.55 de área total, 48.16 de área privativa, 0.00 de área do terreno,  2 qto(s), WC, 1 sala(s), cozinha, 1 vaga(s) de garagem.",217426.48,183605.18,0.0,Leilão SFI - Edital Único,,SERTAOZINHO,SP,Não
8787721334656,"AVENIDA JOSE FRANCISCO PAVAN, N. 195, Apto 103, TORRE 02 ANTIGA AVENIDA A",JARDIM TERRAS DE SANTA ELISA III,"Apartamento, 0.00 de área total, 48.16 de área privativa, 0.00 de área do terreno, 1 vaga(s) de garagem.",234947.7,183605.18,0.0,Leilão SFI - Edital Único,,SERTAOZINHO,SP,Não
8787720563040,"AVENIDA JOSE FRANCISCO PAVAN, N. 195, Apto 106, TORRE 2",JARDIM TERRAS DE SANTA ELISA III,"Apartamento, 90.12 de área total, 47.86 de área privativa, 0.00 de área do terreno,  2 qto(s), a.serv, WC, 1 sala(s), cozinha, 1 vaga(s) de garagem.",238750.05,180000.0,0.0,Leilão SFI - Edital Único,,SERTAOZINHO,SP,Não
8787719055133,"AVENIDA JOSE FRANCISCO PAVAN, N. 195, Apto 1604, TORRE 01 ANTIGA AVENIDA A",JARDIM TERRAS DE SANTA ELISA III,"Apartamento, 90.55 de área total, 48.16 de área privativa, 0.00 de área do terreno,  2 qto(s), WC, 1 sala(s), cozinha, 1 vaga(s) de garagem.",242913.0,172000.0,0.0,Leilão SFI - Edital Único,,SERTAOZINHO,SP,Não
1787702900589,"AVENIDA JOSE FRANCISCO PAVAN, N. 195, Apto 906, TORRE 2",JARDIM TERRAS DE SANTA ELISA III,"Apartamento, 90.12 de área total, 47.86 de área privativa, 0.00 de área do terreno,  2 qto(s), a.serv, WC, 1 sala(s), cozinha, 1 vaga(s) de garagem.",278540.75,180000.0,0.0,Leilão SFI - Edital Único,,SERTAOZINHO,SP,Não
8787716926273,"RUA LUIZ PASQUINI, N. 255, Apto 13, BL D T 03",JARDIM ESMERALDA,"Apartamento, 97.77 de área total, 43.06 de área privativa, 0.00 de área do terreno,  2 qto(s), WC, 1 sala(s), cozinha, 1 vaga(s) de garagem.",208473.34,130000.0,0.0,Leilão SFI - Edital Único,,SERTAOZINHO,SP,Não
8444427305927,"RUA ANTONIO CAETANO DO NASCIMENTO, N. 600, Apto 12, BL 05",JARDIM SANTA ROSA II,"Apartamento, 50.40 de área total, 43.37 de área privativa, 0.00 de área do terreno,  2 qto(s), a.serv, WC, 1 sala(s), cozinha, 1 vaga(s) de garagem.",170090.8,90000.0,0.0,Leilão SFI - Edital Único,,SERTAOZINHO,SP,Não
10005729,"RUA EMILIO CONSTANTINI, N. 280, QD ÚNICA LT 04 E 05",CENTRO,"Casa, 0.00 de área total, 357.95 de área privativa, 3866.82 de área do terreno,  4 qto(s), a.serv, WC, 1 sala(s), cozinha, 1 vaga(s) de garagem.",1007000.0,1007000.0,0.0,Leilão SFI - Edital Único,,SOCORRO,SP,Não
10208119,"RUA JORGE CARACANTE, N. 00, QD A, LT 35",VILA HARO,"Terreno, 0.00 de área total, 0.00 de área privativa, 1015.00 de área do terreno.",534915.51,1251500.0,57.26,Venda Direta Online,,SOROCABA,SP,Sim
10211720,"RUA PROTASSIO DE CAMARGO SAMPAIO, N. SN",LOPES DE OLIVEIRA,"Terreno, 0.00 de área total, 0.00 de área privativa, 3340.00 de área do terreno.",820500.13,1535728.0,46.58,Venda Direta Online,,SOROCABA,SP,Sim
8444427269530,"RUA ANTONIO FURTADO LOPES, N. 921, Apto 10, VG 10 VG 10A",VILA MINEIRAO,"Apartamento, 26.06 de área total, 25.93 de área privativa, 0.00 de área do terreno,  1 qto(s), WC, cozinha, 2 vaga(s) de garagem.",62856.87,110000.0,42.86,Venda Online,,SOROCABA,SP,Não
8444434751392,"RUA SAO FRANCISCO, N. 46, CASA 26",BRIGADEIRO TOBIAS,"Casa, 21.51 de área total, 21.39 de área privativa, 36.33 de área do terreno,  1 qto(s), WC, 1 sala(s), cozinha, 1 vaga(s) de garagem.",67068.27,117000.0,42.68,Venda Direta Online,,SOROCABA,SP,Não
8444427539618,"RUA LAZARO DE OLIVEIRA, N. 170, CS 14",TERRA VERMELHA,"Casa, 21.25 de área total, 21.00 de área privativa, 22.26 de área do terreno,  1 qto(s), a.serv, WC, 1 sala(s), cozinha.",73455.3,126806.0,42.08,Venda Direta Online,,SOROCABA,SP,Não
8444436976839,"RUA PROTASSIO DE CAMARGO SAMPAIO, N. 271, CASA 19 BLOCO G",LOPES DE OLIVEIRA,"Casa, 33.25 de área total, 30.00 de área privativa, 0.00 de área do terreno,  1 qto(s), a.serv, WC, 1 sala(s), cozinha, 1 vaga(s) de garagem.",79360.41,137000.0,42.08,Licitação Aberta,,SOROCABA,SP,Não
8444425982220,"RUA OSWALDINA PEREIRA MATTEZI, N. SN, LT 14 QD 26",PARQUE DAS PAINEIRAS,"Terreno, 0.00 de área total, 0.00 de área privativa, 126.00 de área do terreno.",78385.5,135317.0,42.08,Licitação Aberta,,SOROCABA,SP,Não
8444433629712,"RUA AZEL DE ARRUDA, N. 1336, Apto 05, TERREO KITCHENETTE",PARQUE SAO BENTO,"Apartamento, 34.74 de área total, 29.02 de área privativa, 0.00 de área do terreno,  1 qto(s), a.serv, WC, 1 sala(s), cozinha, 1 vaga(s) de garagem.",81964.82,140000.0,41.46,Licitação Aberta,,SOROCABA,SP,Não
8787714514482,"RUA COMENDADOR VICENTE AMARAL, N. 4201, Apto 304, BLOCO 09",IPATINGA,"Apartamento, 50.18 de área total, 41.15 de área privativa, 0.00 de área do terreno, WC, 1 vaga(s) de garagem.",102518.87,173000.0,40.75,Licitação Aberta,,SOROCABA,SP,Não
8787721940181,"RUA AVELINO DOS SANTOS, N. 261, Apto 304,  BL 01",PARQUE SAO BENTO,"Apartamento, 47.83 de área total, 41.13 de área privativa, 0.00 de área do terreno,  2 qto(s), WC, 1 sala(s), cozinha, 1 vaga(s) de garagem.",100741.08,170000.0,40.75,Licitação Aberta,,SOROCABA,SP,Não
8787701343536,"AVENIDA ITAVUVU, N. 8300, Apto 34, BL 05",JARDIM SANTA CECILIA,"Apartamento, 48.47 de área total, 44.53 de área privativa, 0.00 de área do terreno,  2 qto(s), a.serv, WC, 1 sala(s), cozinha, 1 vaga(s) de garagem.",100741.08,170000.0,40.75,Licitação Aberta,,SOROCABA,SP,Não
8555537272979,"RUA SERAPHIM BANIETTI, N. 1080, Apto 102, BL 17",CAGUASSU,"Apartamento, 52.07 de área total, 45.15 de área privativa, 0.00 de área do terreno,  2 qto(s), a.serv, WC, 1 sala(s), cozinha, 1 vaga(s) de garagem.",100741.08,170000.0,40.75,Licitação Aberta,,SOROCABA,SP,Não
8787714957538,"ESTRADA LUIZ CARLOS GUERRA, N. 999, Apto 04, TORRE 06",EDEN,"Apartamento, 66.22 de área total, 40.26 de área privativa, 0.00 de área do terreno, 1 vaga(s) de garagem.",104986.63,177164.33,40.75,Licitação Aberta,,SOROCABA,SP,Não
8444424807166,"RUA PROFESSOR ARMANDO RIZZO, N. 440, Apto 24, BL 02 01 PAV VAGA DE GARAGEM 18",VILA ALMEIDA,"Apartamento, 52.78 de área total, 47.28 de área privativa, 0.00 de área do terreno,  2 qto(s), WC, 1 sala(s), cozinha, 1 vaga(s) de garagem.",126926.84,210000.0,39.56,Licitação Aberta,,SOROCABA,SP,Não
8787707023797,"RUA VITERBINA CESAR DE CASTRO, N. 90, Apto 02, TERREO",VILA AEROPORTO,"Apartamento, 76.95 de área total, 47.99 de área privativa, 0.00 de área do terreno,  2 qto(s), a.serv, WC, 1 sala(s), cozinha, 1 vaga(s) de garagem.",117860.63,195000.0,39.56,Licitação Aberta,,SOROCABA,SP,Não
8444427270619,"RUA LUIZA DE SERAFIM CAGALE, N. 148, Apto 03, TERREO",PARQUE SAO BENTO,"Apartamento, 0.00 de área total, 38.51 de área privativa, 0.00 de área do terreno,  2 qto(s), a.serv, WC, 1 sala(s), cozinha, 1 vaga(s) de garagem.",111816.5,185000.0,39.56,Venda Direta Online,,SOROCABA,SP,Não
8555537806086,"RUA SERAPHIM BANIETTI, N. 1080, Apto 202, BLOCO 32",CAGUASSU,"Apartamento, 106.81 de área total, 45.15 de área privativa, 0.00 de área do terreno,  2 qto(s), a.serv, WC, 1 sala(s), cozinha, 1 vaga(s) de garagem.",126926.84,210000.0,39.56,Licitação Aberta,,SOROCABA,SP,Não
8555539316825,"RUA SERAPHIM BANIETTI, N. 1080, Apto 403, BL 02 VAGA DE GARAGEM 36/36A",CAGUASSU,"Apartamento, 52.25 de área total, 45.15 de área privativa, 0.00 de área do terreno,  2 qto(s), WC, 1 sala(s), cozinha, 2 vaga(s) de garagem.",123731.68,204713.62,39.56,Licitação Aberta,,SOROCABA,SP,Não
8787714511211,"RUA ABRAHAO PINSKY, N. 194, Apto 104, BL 07",CAGUASSU,"Apartamento, 91.34 de área total, 40.82 de área privativa, 0.00 de área do terreno,  2 qto(s), a.serv, WC, 1 sala(s), cozinha, 1 vaga(s) de garagem.",122695.94,203000.0,39.56,Licitação Aberta,,SOROCABA,SP,Não
8787702787829,"RUA JOAQUIM MACHADO, N. 816, Apto 22, BL 04",APARECIDINHA,"Apartamento, 83.63 de área total, 46.38 de área privativa, 0.00 de área do terreno,  2 qto(s), WC, 1 sala(s), cozinha, 1 vaga(s) de garagem.",122998.15,203500.0,39.56,Venda Direta Online,,SOROCABA,SP,Não
8787716888983,"ESTRADA LUIZ CARLOS GUERRA, N. 999, Apto 24, TORRE 11 BOX 163",EDEN,"Apartamento, 61.10 de área total, 40.26 de área privativa, 0.00 de área do terreno,  2 qto(s), WC, 1 sala(s), cozinha, 1 vaga(s) de garagem.",110909.88,183500.0,39.56,Licitação Aberta,,SOROCABA,SP,Não
8444423947959,"RUA LAZARO DE BARROS, N. SN, LT 40, QD G",JARDIM EUCALIPTOS,"Terreno, 0.00 de área total, 0.00 de área privativa, 155.93 de área do terreno.",114596.8,189600.0,39.56,Venda Online,,SOROCABA,SP,Não
8555539843531,"RUA JOAO WAGNER WEY, N. 1710, Apto 501, TORRE 22",JARDIM AMERICA,"Apartamento, 113.67 de área total, 47.42 de área privativa, 0.00 de área do terreno,  2 qto(s), WC, 1 sala(s), cozinha, 1 vaga(s) de garagem.",175119.09,286000.0,38.77,Licitação Aberta,,SOROCABA,SP,Não
8555522506391,"RUA AUGUSTO LIPPEL, N. 1812, Apto 43,",PARQUE CAMPOLIM,"Apartamento, 99.26 de área total, 57.17 de área privativa, 0.00 de área do terreno,  2 qto(s), WC, 1 sala(s), cozinha, 1 vaga(s) de garagem.",223491.14,365000.0,38.77,Licitação Aberta,,SOROCABA,SP,Não
8787716453626,"RUA SERAPHIM BANIETTI, N. 1170, Apto 61, TR A",CAGUASSU,"Apartamento, 56.64 de área total, 46.29 de área privativa, 0.00 de área do terreno,  2 qto(s), a.serv, WC, 1 sala(s), cozinha, 1 vaga(s) de garagem.",158948.58,259590.74,38.77,Venda Direta Online,,SOROCABA,SP,Não
8787717572696,"RUA BENEDITO BARBOSA FILHO, N. 170, Apto 1406, 14 PAV BL B",JARDIM ABATIA,"Apartamento, 71.38 de área total, 50.04 de área privativa, 0.00 de área do terreno,  2 qto(s), a.serv, WC, 1 sala(s), cozinha, 1 vaga(s) de garagem.",157974.56,258000.0,38.77,Licitação Aberta,,SOROCABA,SP,Não
8787709373329,"AVENIDA CONCEICAO IMACULADA RODRIGUES, N. 571, CS 23 VAGA 23",JARDIM RESIDENCIAL VILLAGIO IPANEMA I,"Casa, 49.54 de área total, 45.04 de área privativa, 63.46 de área do terreno,  2 qto(s), a.serv, WC, 1 sala(s), 1 lavabo(s), cozinha, 1 vaga(s) de garagem.",150626.91,246000.0,38.77,Licitação Aberta,,SOROCABA,SP,Não
1600000102796,"AVENIDA ITAVUVU, N. 3792,",ITAVUVU,"Casa, 227.25 de área total, 227.25 de área privativa, 155.00 de área do terreno,  1 qto(s), a.serv, WC, 1 sala(s), cozinha.",568564.01,915000.0,37.87,Venda Direta Online,,SOROCABA,SP,Sim
1555528831237,"RUA CANANEIA, N. 100, Apto 24, BLOCO 05",JARDIM LEOCADIA,"Apartamento, 52.32 de área total, 47.28 de área privativa, 0.00 de área do terreno,  2 qto(s), WC, 1 sala(s), cozinha, 1 vaga(s) de garagem.",129031.78,205000.0,37.06,Licitação Aberta,,SOROCABA,SP,Não
10281401,"AVENIDA NOVE DE JULHO, N. SN, QD 33, LT A10",VILA BARAO,"Terreno, 0.00 de área total, 0.00 de área privativa, 402.32 de área do terreno.",309097.44,485000.0,36.27,Venda Online,,SOROCABA,SP,Não
1444423449888,"AVENIDA NOVE DE JULHO, N. SN, QD 33 - LT A2",VILA BARAO,"Terreno, 0.00 de área total, 0.00 de área privativa, 522.81 de área do terreno.",296351.15,465000.0,36.27,Venda Direta Online,,SOROCABA,SP,Sim
1444413737600,"RUA EUGENIA DE OLIVEIRA CIRNE, N. SN,",TERRA VERMELHA,"Terreno, 0.00 de área total, 0.00 de área privativa, 2068.00 de área do terreno.",537158.39,842846.92,36.27,Venda Direta Online,,SOROCABA,SP,Sim
1444419180870,"RUA TRAJANO ATHAYDE, N. 385,  LT 6 QD D",JARDIM SAO MARCOS,"Casa, 357.06 de área total, 357.06 de área privativa, 357.06 de área do terreno,  3 qto(s), a.serv, WC, 1 sala(s), cozinha.",573582.87,900000.0,36.27,Venda Direta Online,,SOROCABA,SP,Sim
8444412746485,"RUA BENEDITO DE ALMEIDA LIMA, N. 483,  CASA 47",EDEN,"Casa, 58.97 de área total, 58.97 de área privativa, 61.61 de área do terreno,  2 qto(s), a.serv, WC, 1 sala(s), cozinha, 1 vaga(s) de garagem.",194380.86,305000.0,36.27,Licitação Aberta,,SOROCABA,SP,Não
10299188,"RUA ROQUE DE ABREU BOLINA, N. 125, QD G, LT 11",JARDIM VILA INGLESA,"Casa, 0.00 de área total, 306.12 de área privativa, 303.79 de área do terreno.",925142.75,1451627.16,36.27,Licitação Aberta,,SOROCABA,SP,Sim
8444417335483,"AVENIDA SANDRO ANTONIO MENDES, N. 1433, CASA 33",PARQUE VITORIA REGIA,"Casa, 51.09 de área total, 49.80 de área privativa, 140.00 de área do terreno,  2 qto(s), a.serv, WC, 1 sala(s), cozinha, 1 vaga(s) de garagem.",186062.34,278000.0,33.08,Leilão SFI - Edital Único,,SOROCABA,SP,Não
1555517272584,"RUA JOSE LUNGWITZ, N. 16,",JARDIM IPANEMA,"Casa, 312.37 de área total, 312.37 de área privativa, 256.09 de área do terreno,  3 qto(s), a.serv, WC, 1 sala(s), 1 lavabo(s), cozinha, 1 vaga(s) de garagem.",508216.43,508216.43,0.0,Leilão SFI - Edital Único,,SOROCABA,SP,Não
8555526706484,"RUA CANANEIA, N. 20, Apto 24,  BL 03",JARDIM LEOCADIA,"Apartamento, 52.48 de área total, 47.28 de área privativa, 0.00 de área do terreno,  2 qto(s), a.serv, WC, 1 sala(s), cozinha, 1 vaga(s) de garagem.",220000.0,220000.0,0.0,Leilão SFI - Edital Único,,SOROCABA,SP,Não
10286347,"RUA NAZARE, N. 90, UND 06",JARDIM BETANIA,"Casa, 0.00 de área total, 58.66 de área privativa, 0.00 de área do terreno.",250000.0,250000.0,0.0,Leilão SFI - Edital Único,,SOROCABA,SP,Não
8787709025215,"RUA GALILEA, N. 220, Apto 809, BLOCO A",JARDIM BETANIA,"Apartamento, 33.30 de área total, 25.89 de área privativa, 0.00 de área do terreno,  1 qto(s), a.serv, WC, 1 sala(s), cozinha, 1 vaga(s) de garagem.",155000.0,155000.0,0.0,Leilão SFI - Edital Único,,SOROCABA,SP,Não
8787708118694,"RUA DOUTOR AMERICO FIGUEIREDO, N. 7401, CS 111 QD E PROLON AV 1 DO SOROCABA 1",JARDIM SIMUS,"Casa, 48.39 de área total, 47.20 de área privativa, 126.00 de área do terreno,  2 qto(s), a.serv, WC, 1 sala(s), cozinha, 1 vaga(s) de garagem.",385000.0,385000.0,0.0,Leilão SFI - Edital Único,,SOROCABA,SP,Não
8787709303975,"AVENIDA CLEISE TEREZINHA ROSA SILVA, N. 291, Apto 23, TORRE 2 BL C 2 ANDAR",TERRA VERMELHA,"Apartamento, 47.52 de área total, 40.06 de área privativa, 0.00 de área do terreno,  2 qto(s), a.serv, WC, 1 sala(s), cozinha, 1 vaga(s) de garagem.",170000.0,170000.0,0.0,Leilão SFI - Edital Único,,SOROCABA,SP,Não
8787713042315,"RUA COMENDADOR VICENTE AMARAL, N. 4201, Apto 303, BL 27 VAGA 390",IPATINGA,"Apartamento, 50.18 de área total, 41.15 de área privativa, 0.00 de área do terreno,  2 qto(s), WC, 1 sala(s), cozinha, 1 vaga(s) de garagem.",200000.0,200000.0,0.0,Leilão SFI - Edital Único,,SOROCABA,SP,Não
8555532101246,"ESTRADA DOM JOSE MELHADO CAMPOS, N. 200, Apto 21, PAV 03 BL 16",JARDIM JOSANE,"Apartamento, 51.29 de área total, 44.88 de área privativa, 0.00 de área do terreno,  2 qto(s), a.serv, WC, 1 sala(s), cozinha, 1 vaga(s) de garagem.",167299.18,167299.18,0.0,Leilão SFI - Edital Único,,SOROCABA,SP,Não
8787720199348,"RUA NILVA ZILAH SILVATTI VIANA, N. 360, Apto 86, TORRE 04",CONJUNTO HABITACIONAL JULIO DE MESQUITA,"Apartamento, 50.96 de área total, 40.49 de área privativa, 0.00 de área do terreno,  2 qto(s), WC, 1 sala(s), cozinha, 1 vaga(s) de garagem.",250000.0,250000.0,0.0,Leilão SFI - Edital Único,,SOROCABA,SP,Não
8787720796478,"RUA NILVA ZILAH SILVATTI VIANA, N. 360, Apto 86, TORRE 1",CONJUNTO HABITACIONAL JULIO DE MESQUITA,"Apartamento, 50.96 de área total, 40.49 de área privativa, 0.00 de área do terreno,  2 qto(s), WC, 1 sala(s), cozinha, 1 vaga(s) de garagem.",287000.0,287000.0,0.0,Leilão SFI - Edital Único,,SOROCABA,SP,Não
8409000015752,"RUA CONSTANTINO VERRONE, N. 192, Apto 101, BL 03 PV TERREO",IPANEMA VILLE,"Apartamento, 0.00 de área total, 50.54 de área privativa, 0.00 de área do terreno,  2 qto(s), a.serv, WC, 1 sala(s), cozinha, 1 vaga(s) de garagem.",168000.0,168000.0,0.0,Leilão SFI - Edital Único,,SOROCABA,SP,Não
8787712913487,"RUA AVELINO DOS SANTOS, N. 431, Apto 37, BL 02",PARQUE SAO BENTO,"Apartamento, 47.77 de área total, 40.86 de área privativa, 0.00 de área do terreno,  2 qto(s), WC, 1 sala(s), cozinha, 1 vaga(s) de garagem.",180413.28,180413.28,0.0,Leilão SFI - Edital Único,,SOROCABA,SP,Não
8555534596480,"RUA PROF NICACIO PIRES DE MIRANDA, N. 325, Apto 32, BL 05 VG 44",JARDIM CELESTE,"Apartamento, 62.13 de área total, 53.06 de área privativa, 0.00 de área do terreno,  2 qto(s), a.serv, WC, 1 sala(s), cozinha, 1 vaga(s) de garagem.",235000.0,235000.0,0.0,Leilão SFI - Edital Único,,SOROCABA,SP,Não
8555538667179,"RUA NICACIO PIRES DE MIRANDA, N. 325, Apto 31, BL 13",JARDIM CELESTE,"Apartamento, 62.78 de área total, 53.61 de área privativa, 0.00 de área do terreno,  2 qto(s), a.serv, WC, 1 sala(s), cozinha, 1 vaga(s) de garagem.",270000.0,270000.0,0.0,Leilão SFI - Edital Único,,SOROCABA,SP,Não
8787701397695,"AVENIDA ITAVUVU, N. 8300, Apto 34, 3 ANDAR  2 PAV  BL 10 VG 208",JARDIM SANTA CECILIA,"Apartamento, 48.47 de área total, 44.53 de área privativa, 0.00 de área do terreno,  2 qto(s), a.serv, WC, 1 sala(s), cozinha, 1 vaga(s) de garagem.",170000.0,170000.0,0.0,Leilão SFI - Edital Único,,SOROCABA,SP,Não
8555537176066,"RUA SERAPHIM BANIETTI, N. 1080, Apto 203, BL 6",CAGUASSU,"Apartamento, 52.07 de área total, 45.15 de área privativa, 0.00 de área do terreno,  2 qto(s), WC, 1 sala(s), cozinha, 1 vaga(s) de garagem.",172000.0,172000.0,0.0,Leilão SFI - Edital Único,,SOROCABA,SP,Não
8787719175511,"RUA CAROLINA ASSIARI CAPITANI, N. 20, Apto 33, BL B TR 6 3 ANDAR",JARDIM PIAZZA DI ROMA,"Apartamento, 46.70 de área total, 41.43 de área privativa, 0.00 de área do terreno,  2 qto(s), WC, 1 sala(s), cozinha, 1 vaga(s) de garagem.",207000.0,207000.0,0.0,Leilão SFI - Edital Único,,SOROCABA,SP,Não
1787703161682,"AVENIDA TRES DE MARCO, N. 1855, Apto 87, PAVIMENTO 8º",APARECIDINHA,"Apartamento, 73.50 de área total, 56.77 de área privativa, 0.00 de área do terreno,  2 qto(s), WC, 1 sala(s), cozinha, 1 vaga(s) de garagem.",360000.0,360000.0,0.0,Leilão SFI - Edital Único,,SOROCABA,SP,Não
8555522525507,"RUA LUZERNE PROENCA ARRUDA, N. 486, Apto 41, BL U 3 ANDAR",VILA ODIM ANTAO,"Apartamento, 56.35 de área total, 50.20 de área privativa, 0.00 de área do terreno,  2 qto(s), a.serv, WC, 1 sala(s), cozinha, 1 vaga(s) de garagem.",193000.0,193000.0,0.0,Leilão SFI - Edital Único,,SOROCABA,SP,Não
1444421629919,"RUA HERMINIA PERRELLA TREVISAN, N. 0, LT 03 QD K",JARDIM VALE DO LAGO RESIDENCIAL,"Terreno, 0.00 de área total, 0.00 de área privativa, 1000.00 de área do terreno.",298000.0,298000.0,0.0,Leilão SFI - Edital Único,,SOROCABA,SP,Não
8444438390220,"RUA HELENA ANGELINA DACOL MANASSES, N. 260, Apto 11, BL 03",ALTOS DE IPANEMA,"Apartamento, 57.09 de área total, 49.96 de área privativa, 0.00 de área do terreno,  2 qto(s), a.serv, WC, 1 sala(s), cozinha, 1 vaga(s) de garagem.",132000.0,132000.0,0.0,Leilão SFI - Edital Único,,SOROCABA,SP,Não
8444424886791,"RUA VICTOR ALFARANO, N. 566, QD E LT 10A",TERRA VERMELHA,"Casa, 50.00 de área total, 50.00 de área privativa, 160.35 de área do terreno,  2 qto(s), a.serv, WC, 1 sala(s), cozinha, 1 vaga(s) de garagem.",209552.45,204000.0,0.0,Leilão SFI - Edital Único,,SOROCABA,SP,Não
8787719333389,"RUA CAROLINA ASSIARI CAPITANI, N. 20, Apto 33, 3 ANDAR BL B TORRE 5",JARDIM PIAZZA DI ROMA,"Apartamento, 46.76 de área total, 41.48 de área privativa, 0.00 de área do terreno,  2 qto(s), WC, 1 sala(s), cozinha, 1 vaga(s) de garagem.",207159.94,195000.0,0.0,Leilão SFI - Edital Único,,SOROCABA,SP,Não
8787716266109,"RUA NILVA ZILAH SILVATTI VIANA, N. 360, Apto 21, TORRE 02",CONJUNTO HABITACIONAL JULIO DE MESQUITA,"Apartamento, 57.76 de área total, 45.89 de área privativa, 0.00 de área do terreno,  2 qto(s), 1 vaga(s) de garagem.",257276.48,240595.36,0.0,Leilão SFI - Edital Único,,SOROCABA,SP,Não
1787701956327,"RUA SERAPHIM BANIETTI, N. 640, Apto 102, PAV 10 VG 102",CAGUASSU,"Apartamento, 118.31 de área total, 95.71 de área privativa, 0.00 de área do terreno,  2 qto(s), a.serv, WC, 1 sala(s), cozinha, 1 vaga(s) de garagem.",390995.56,363000.0,0.0,Leilão SFI - Edital Único,,SOROCABA,SP,Não
8444434228622,"AVENIDA CONCEICAO IMACULADA RODRIGUES, N. 337, CS 14 VG 14",TERRA VERMELHA,"Casa, 68.50 de área total, 49.30 de área privativa, 27.16 de área do terreno,  2 qto(s), 1 vaga(s) de garagem.",226616.23,209903.18,0.0,Leilão SFI - Edital Único,,SOROCABA,SP,Não
8444439767661,"RUA THEREZINHA DE JESUS ROSA RAPHANELLI, N. 467, KIT 10 PAV SUPERIOR VG 10",PARQUE SAO BENTO,"Casa, 27.18 de área total, 22.40 de área privativa, 27.18 de área do terreno,  1 qto(s), a.serv, WC, cozinha, 1 vaga(s) de garagem.",146414.92,135000.0,0.0,Leilão SFI - Edital Único,,SOROCABA,SP,Não
8444432534033,"AVENIDA EMILIO BOSCO, N. 2905, Apto 12, BL 15",MATÃO,"Apartamento, 63.72 de área total, 43.24 de área privativa, 0.00 de área do terreno,  2 qto(s), a.serv, WC, 1 sala(s), cozinha.",88404.91,151000.0,41.46,Licitação Aberta,,SUMARE,SP,Não
8555528250534,"RUA A, N. 564, Apto 24, BL 07",NOVA VENEZA,"Apartamento, 107.60 de área total, 48.79 de área privativa, 0.00 de área do terreno,  2 qto(s), WC, 1 sala(s), cozinha, 1 vaga(s) de garagem.",120278.29,199000.0,39.56,Venda Direta Online,,SUMARE,SP,Não
1444416556666,"RUA GOIATUBA, N. S/N, LT 25 GLEBA 04",DIST NOVA VENEZA,"Gleba, 0.00 de área total, 0.00 de área privativa, 4264.90 de área do terreno.",337776.58,552000.0,38.81,Venda Direta Online,,SUMARE,SP,Sim
8787716335895,"RUA QUATRO, N. 3395, Apto 603, TORRE 02",DIST NOVA VENEZA,"Apartamento, 55.36 de área total, 44.75 de área privativa, 0.00 de área do terreno,  2 qto(s), a.serv, WC, 1 sala(s), cozinha, 1 vaga(s) de garagem.",162873.0,266000.0,38.77,Licitação Aberta,,SUMARE,SP,Não
8787717606531,"RUA DOS PINHEIROS, N. 204, Apto 118, 11 PAV BL B VAGA DE GARAGEM 54",JARDIM BASILICATA,"Apartamento, 88.51 de área total, 51.83 de área privativa, 0.00 de área do terreno,  2 qto(s), WC, cozinha, 1 vaga(s) de garagem.",161648.39,264000.0,38.77,Licitação Aberta,,SUMARE,SP,Não
8787718186625,"RUA ONZE DE AGOSTO, N. 274, Apto 410, TORRE 02 BOX 33",PARQUE DA AMIZADE (NOVA VENEZA),"Apartamento, 62.52 de área total, 42.49 de área privativa, 0.00 de área do terreno,  2 qto(s), WC, 1 sala(s), cozinha, 1 vaga(s) de garagem.",146953.08,240000.0,38.77,Licitação Aberta,,SUMARE,SP,Não
8444425784968,"AVENIDA MERCEDES TIAGO, N. 180, Apto 33D, BL D",LOTEAMENTO RESIDENCIAL VIVA VISTA,"Apartamento, 116.73 de área total, 50.47 de área privativa, 0.00 de área do terreno,  2 qto(s), WC, 1 sala(s), cozinha, 1 vaga(s) de garagem.",151851.52,248000.0,38.77,Venda Direta Online,,SUMARE,SP,Não
8444419411616,"RUA SAO COSME, N. 5, Apto 23, BL 13",DIST NOVA VENEZA,"Apartamento, 53.93 de área total, 48.79 de área privativa, 0.00 de área do terreno,  2 qto(s), a.serv, WC, 1 sala(s), cozinha, 1 vaga(s) de garagem.",135955.43,216000.0,37.06,Venda Direta Online,,SUMARE,SP,Não
8444415821704,"ESTRADA MUNICIP TEODOR CONDIEV, N. 685, Apto 42, BL J",JARDIM MARCHISSOLO,"Apartamento, 0.00 de área total, 61.78 de área privativa, 0.00 de área do terreno.",135326.01,215000.0,37.06,Licitação Aberta,,SUMARE,SP,Não
1444421929394,"AVENIDA JOSE CARLOS AMARAL, N. 95, Apto 62A, BL A 6º ANDAR",LOTEAMENTO RESIDENCIAL VIVA VISTA,"Apartamento, 114.72 de área total, 50.47 de área privativa, 0.00 de área do terreno, 1 vaga(s) de garagem.",141620.24,225000.0,37.06,Venda Online,,SUMARE,SP,Não
8787717156501,"RUA DOS PINHEIROS, N. 204, Apto 73, BLOCO A",JARDIM BASILICATA,"Apartamento, 91.24 de área total, 53.69 de área privativa, 0.00 de área do terreno,  2 qto(s), a.serv, WC, 1 sala(s), cozinha, 1 vaga(s) de garagem.",210067.95,250000.0,15.98,Leilão SFI - Edital Único,,SUMARE,SP,Não
1787701948367,"RUA PROFESSOR FRANCISCO RIBEIRO, N. 45, Apto 05, TIPO II T B VG B005",EDEN PARQUE,"Apartamento, 111.84 de área total, 74.20 de área privativa, 0.00 de área do terreno,  2 qto(s), a.serv, WC, 1 sala(s), cozinha, 1 vaga(s) de garagem.",354000.0,354000.0,0.0,Leilão SFI - Edital Único,,SUMARE,SP,Não
8555522964659,"RUA MARIA HIBNER CAMPO DALLORTO, N. 240, LT 05. QD X",JARDIM DALL'ORTO,"Casa, 49.94 de área total, 49.94 de área privativa, 250.00 de área do terreno,  1 qto(s), WC, 1 sala(s), cozinha.",302000.0,302000.0,0.0,Leilão SFI - Edital Único,,SUMARE,SP,Não
8787715363720,"RUA DOS PINHEIROS, N. 204, Apto 46, PAV 4 BL B VG 163",JARDIM BASILICATA,"Apartamento, 91.24 de área total, 53.69 de área privativa, 0.00 de área do terreno,  2 qto(s), WC, 1 sala(s), cozinha, 1 vaga(s) de garagem.",267000.0,267000.0,0.0,Leilão SFI - Edital Único,,SUMARE,SP,Não
8787716306844,"RUA DOS PINHEIROS, N. 204, Apto 27, BL B",JARDIM BASILICATA,"Apartamento, 90.45 de área total, 53.69 de área privativa, 0.00 de área do terreno,  2 qto(s), WC, 1 sala(s), cozinha, 1 vaga(s) de garagem.",260000.0,260000.0,0.0,Leilão SFI - Edital Único,,SUMARE,SP,Não
8787717274814,"RUA DOS PINHEIROS, N. 204, Apto 83, BLOCO B",JARDIM BASILICATA,"Apartamento, 91.24 de área total, 53.69 de área privativa, 0.00 de área do terreno,  2 qto(s), WC, 1 sala(s), cozinha, 1 vaga(s) de garagem.",280000.0,280000.0,0.0,Leilão SFI - Edital Único,,SUMARE,SP,Não
8787705942639,"ESTRADA MUNICIPAL TEODOR CONDIEV, N. 1200, Apto 12, BL 04",JARDIM MARCHISSOLO,"Apartamento, 0.00 de área total, 58.20 de área privativa, 0.00 de área do terreno,  2 qto(s), WC, 1 sala(s), cozinha, 1 vaga(s) de garagem.",237719.64,237719.64,0.0,Leilão SFI - Edital Único,,SUMARE,SP,Não
8444424421217,"RUA JOSE BISPO DOS SANTOS, N. 25, LOT 11A   QD K",PARQUE SANTO ANTONIO (NOVA VENEZA),"Casa, 63.50 de área total, 63.50 de área privativa, 127.50 de área do terreno,  2 qto(s), a.serv, WC, 1 sala(s), cozinha, 1 vaga(s) de garagem.",296168.0,296168.0,0.0,Leilão SFI - Edital Único,,SUMARE,SP,Não
8444406085901,"RUA JOAQUIM JOSE TEIXEIRA NOGUEIRA, N. 57, QD 08. LT. 26B",JARDIM MONTE SANTO,"Casa, 85.63 de área total, 60.63 de área privativa, 125.00 de área do terreno,  2 qto(s), a.serv, WC, 1 sala(s), cozinha.",230000.0,230000.0,0.0,Leilão SFI - Edital Único,,SUMARE,SP,Não
8787702090496,"RUA ODETTE JONES GIGO, N. 353, Apto 202, TORRE 04",JARDIM MARIA LUIZA,"Apartamento, 105.24 de área total, 49.59 de área privativa, 0.00 de área do terreno,  2 qto(s), WC, 1 sala(s), cozinha, 1 vaga(s) de garagem.",270000.0,270000.0,0.0,Leilão SFI - Edital Único,,SUMARE,SP,Não
8787702120786,"RUA ODETTE JONES GIGO, N. 353, Apto 704, TR 03 7 PAV",JARDIM MARIA LUIZA,"Apartamento, 105.34 de área total, 49.69 de área privativa, 0.00 de área do terreno,  2 qto(s), WC, 1 sala(s), cozinha.",255000.0,255000.0,0.0,Leilão SFI - Edital Único,,SUMARE,SP,Não
8444402633106,"RUA ANTONIO BAREJAN FILHO, N. 1367, QD G  LOTE 18A",RESIDENCIAL GUAIRA,"Casa, 71.27 de área total, 71.27 de área privativa, 150.35 de área do terreno,  1 qto(s), WC, 1 sala(s), cozinha, 2 vaga(s) de garagem.",310000.0,310000.0,0.0,Leilão SFI - Edital Único,,SUMARE,SP,Não
8444412290821,"AVENIDA CABO PEDRO HOFFMAN, N. 210, Apto 31, BLOCO 02",RESIDENCIAL REAL PARQUE SUMARE,"Apartamento, 94.18 de área total, 42.33 de área privativa, 0.00 de área do terreno,  3 qto(s), a.serv, WC, 1 sala(s), cozinha, 1 vaga(s) de garagem.",220887.1,220887.1,0.0,Leilão SFI - Edital Único,,SUMARE,SP,Não
8444425336590,"AVENIDA MERCEDES TIAGO, N. 380, Apto 72, BLOCO C",LOTEAMENTO RESIDENCIAL VIVA VISTA,"Apartamento, 127.01 de área total, 50.47 de área privativa, 0.00 de área do terreno,  2 qto(s), WC, 1 sala(s), cozinha, 2 vaga(s) de garagem.",242000.0,242000.0,0.0,Leilão SFI - Edital Único,,SUMARE,SP,Não
8444427004552,"AVENIDA JOSE CARLOS AMARAL, N. 160, Apto 3 A, TP A1 BL A TÉRREO",LOTEAMENTO RESIDENCIAL VIVA VISTA,"Apartamento, 150.11 de área total, 84.25 de área privativa, 0.00 de área do terreno,  3 qto(s), a.serv, WC, 1 sala(s), cozinha, 1 vaga(s) de garagem.",341000.0,341000.0,0.0,Leilão SFI - Edital Único,,SUMARE,SP,Não
8787720124089,"AVENIDA EMÍLIO BOSCO, N. 3395, Apto 1601, TR 3",LOTEAMENTO JARDIM DAS ESTANCIAS,"Apartamento, 65.71 de área total, 44.75 de área privativa, 0.00 de área do terreno,  2 qto(s), a.serv, WC, 1 sala(s), cozinha, 1 vaga(s) de garagem.",270305.88,260000.0,0.0,Leilão SFI - Edital Único,,SUMARE,SP,Não
8444430349697,"RUA ARIOVALDO LUIS MAZON, N. 81, Apto 204, TIPO III 2 ANDAR BL F",CHACARA SANTA ANTONIETA (NOVA VENEZA),"Apartamento, 52.33 de área total, 52.33 de área privativa, 0.00 de área do terreno,  2 qto(s), WC, 1 sala(s), cozinha, 1 vaga(s) de garagem.",259732.66,245000.0,0.0,Leilão SFI - Edital Único,,SUMARE,SP,Não
1787702457162,"AVENIDA JOAO ARGENTON, N. 2985, Apto 1103, TORRE 1 TP II PAV 11",VILA YOLANDA COSTA E SILVA,"Apartamento, 128.35 de área total, 54.46 de área privativa, 0.00 de área do terreno,  2 qto(s), WC, 1 sala(s), cozinha, 1 vaga(s) de garagem.",305937.66,280000.0,0.0,Leilão SFI - Edital Único,,SUMARE,SP,Não
8787722825572,"RUA OSCAR PIRES DE ASSIS, N. 64, Apto AP 14, TR 2",JARDIM DAS PALMEIRAS,"Apartamento, 144.11 de área total, 54.87 de área privativa, 0.00 de área do terreno,  2 qto(s), WC, 1 sala(s), cozinha, 1 vaga(s) de garagem.",357187.72,318000.0,0.0,Leilão SFI - Edital Único,,SUMARE,SP,Não
1787702677901,"RUA OSCAR PIRES DE ASSIS, N. 64, Apto 402, TIPO 01 T 02",SUMARE,"Apartamento, 144.11 de área total, 51.47 de área privativa, 0.00 de área do terreno,  2 qto(s), WC, 1 sala(s), cozinha, 1 vaga(s) de garagem.",345691.84,297882.95,0.0,Leilão SFI - Edital Único,,SUMARE,SP,Não
8787714609483,"RUA MITSUHARU MATSUSHITA, N. 50, Apto 404, BLOCO 07, GARAGEM 345",SOLAR DOS MONTES,"Apartamento, 105.80 de área total, 40.82 de área privativa, 0.00 de área do terreno,  2 qto(s), WC, 1 sala(s), cozinha, 1 vaga(s) de garagem.",120882.7,200000.0,39.56,Venda Direta Online,,SUZANO,SP,Não
8787710654603,"RUA TEREZA HAGUIHARA CARDOSO, N. 918, Apto 202, BL A",JARDIM CASA BRANCA,"Apartamento, 131.87 de área total, 50.55 de área privativa, 0.00 de área do terreno,  2 qto(s), a.serv, WC, 1 sala(s), cozinha, 1 vaga(s) de garagem.",132970.97,220000.0,39.56,Licitação Aberta,,SUZANO,SP,Não
8444437397344,"RUA MITSUHARU MATSUSHITA, N. 140, Apto 23, BL 17",CHACARA ESTANCIA PAULISTA,"Apartamento, 97.04 de área total, 41.74 de área privativa, 0.00 de área do terreno,  2 qto(s), WC, 1 sala(s), cozinha, 1 vaga(s) de garagem.",123904.77,205000.0,39.56,Venda Direta Online,,SUZANO,SP,Não
8787713564265,"RUA MITSUHARU MATSUSHITA, N. 140, Apto 21, BL 21",CHACARA ESTANCIA PAULISTA,"Apartamento, 97.04 de área total, 41.74 de área privativa, 0.00 de área do terreno,  2 qto(s), WC, 1 sala(s), cozinha, 1 vaga(s) de garagem.",116047.39,192000.0,39.56,Licitação Aberta,,SUZANO,SP,Não
8787713627534,"RUA MITSUHARU MATSUSHITA, N. 50, Apto 301, BL 03 VG 350",CHACARA ESTANCIA PAULISTA,"Apartamento, 105.79 de área total, 40.82 de área privativa, 0.00 de área do terreno,  2 qto(s), a.serv, WC, 1 sala(s), cozinha, 1 vaga(s) de garagem.",139015.11,230000.0,39.56,Venda Direta Online,,SUZANO,SP,Não
8787713673323,"RUA MITSUHARU MATSUSHITA, N. 50, Apto 404, BL 05 PAV 04 VG 107",CHACARA ESTANCIA PAULISTA,"Apartamento, 105.79 de área total, 40.82 de área privativa, 0.00 de área do terreno,  2 qto(s), a.serv, WC, 1 sala(s), cozinha, 1 vaga(s) de garagem.",125113.59,207000.0,39.56,Venda Direta Online,,SUZANO,SP,Não
8787714819801,"RUA MITSUHARU MATSUSHITA, N. 140, Apto 04, BL 02",CHACARA ESTANCIA PAULISTA,"Apartamento, 97.04 de área total, 41.74 de área privativa, 0.00 de área do terreno,  2 qto(s), a.serv, WC, 1 sala(s), cozinha, 1 vaga(s) de garagem.",126926.84,210000.0,39.56,Venda Direta Online,,SUZANO,SP,Não
8787715323311,"RUA MITSUHARU MATSUSHITA, N. 50, Apto 503, BL 09 VAGA 334",CHACARA ESTANCIA PAULISTA,"Apartamento, 105.80 de área total, 40.82 de área privativa, 0.00 de área do terreno,  2 qto(s), WC, 1 sala(s), cozinha, 1 vaga(s) de garagem.",120882.7,200000.0,39.56,Venda Direta Online,,SUZANO,SP,Não
8787715582473,"RUA MITSUHARU MATSUSHITA, N. 50, Apto 504, BL 19 PAV 05 VG 185",CHACARA ESTANCIA PAULISTA,"Apartamento, 105.79 de área total, 40.82 de área privativa, 0.00 de área do terreno,  2 qto(s), a.serv, WC, 1 sala(s), cozinha, 1 vaga(s) de garagem.",134179.8,222000.0,39.56,Venda Direta Online,,SUZANO,SP,Não
8787716131947,"RUA MITSUHARU MATSUSHITA, N. 50, Apto 401,  BL 11, VG 266",CHACARA ESTANCIA PAULISTA,"Apartamento, 105.80 de área total, 40.82 de área privativa, 0.00 de área do terreno,  2 qto(s), WC, 1 sala(s), cozinha, 1 vaga(s) de garagem.",120882.7,200000.0,39.56,Venda Direta Online,,SUZANO,SP,Não
8787716913031,"RUA MITSUHARU MATSUSHITA, N. 140, Apto 02, BL 27",CHACARA ESTANCIA PAULISTA,"Apartamento, 97.04 de área total, 41.74 de área privativa, 0.00 de área do terreno,  2 qto(s), WC, 1 sala(s), cozinha, 1 vaga(s) de garagem.",120561.88,199469.2,39.56,Licitação Aberta,,SUZANO,SP,Não
8787717129520,"RUA MITSUHARU MATSUSHITA, N. 50, Apto 401, BL 18",CHACARA ESTANCIA PAULISTA,"Apartamento, 0.00 de área total, 40.82 de área privativa, 0.00 de área do terreno, 1 vaga(s) de garagem.",135388.62,224000.0,39.56,Venda Online,,SUZANO,SP,Não
8787712661950,"RUA TEREZA HAGUIHARA CARDOSO, N. 1020, Apto 14, BL C, VG 79",PARQUE RESIDENCIAL CASA BRANCA,"Apartamento, 80.09 de área total, 34.94 de área privativa, 0.00 de área do terreno,  2 qto(s), a.serv, WC, 1 sala(s), cozinha, 1 vaga(s) de garagem.",122695.94,203000.0,39.56,Venda Direta Online,,SUZANO,SP,Não
8787710724725,"ESTRADA TAKASHI KOBATA, N. 535, Apto 304, 3 PAVIMENTO BL 23",JARDIM EUROPA,"Apartamento, 88.34 de área total, 39.30 de área privativa, 0.00 de área do terreno,  2 qto(s), a.serv, WC, 1 sala(s), cozinha, 1 vaga(s) de garagem.",141432.76,234000.0,39.56,Venda Direta Online,,SUZANO,SP,Não
8787714894862,"ESTRADA TAKASHI KOBATA, N. 995, Apto 201, BL 15",JARDIM EUROPA,"Apartamento, 91.66 de área total, 39.30 de área privativa, 0.00 de área do terreno,  2 qto(s), WC, 1 sala(s), cozinha.",117860.63,195000.0,39.56,Licitação Aberta,,SUZANO,SP,Não
8787717627679,"ESTRADA TAKASHI KOBATA, N. 697, Apto 402, BL 15 VAGA DE GARAGEM 129",JARDIM EUROPA,"Apartamento, 105.90 de área total, 39.30 de área privativa, 0.00 de área do terreno,  2 qto(s), a.serv, WC, 1 sala(s), cozinha, 1 vaga(s) de garagem.",126926.84,210000.0,39.56,Licitação Aberta,,SUZANO,SP,Não
8787717485629,"ESTRADA DOS FERNANDES, N. 1512, Apto 28, BLOCO B",PARQUE SANTA ROSA,"Apartamento, 93.44 de área total, 47.67 de área privativa, 0.00 de área do terreno,  2 qto(s), a.serv, WC, 1 sala(s), cozinha, 1 vaga(s) de garagem.",151239.21,247000.0,38.77,Licitação Aberta,,SUZANO,SP,Não
8787706532450,"RUA THADEU JOSE DE MORAES, N. 1285, Apto 43,",VILA NOVA URUPES,"Apartamento, 83.95 de área total, 55.65 de área privativa, 0.00 de área do terreno,  2 qto(s), a.serv, WC, 1 sala(s), cozinha, 1 vaga(s) de garagem.",170220.65,278000.0,38.77,Licitação Aberta,,SUZANO,SP,Não
8787705944992,"RUA ASSEMBLEIAS DE DEUS, N. 1500, Apto 32, BL 03",VILA COLORADO,"Apartamento, 92.95 de área total, 42.39 de área privativa, 0.00 de área do terreno,  2 qto(s), WC, 1 sala(s), cozinha, 1 vaga(s) de garagem.",146953.08,240000.0,38.77,Venda Direta Online,,SUZANO,SP,Não
8787715647559,"ESTRADA SANTA MONICA, N. 751, Apto 503, PAVIMENTO 5 BLOCO 10",PARQUE SANTA ROSA,"Apartamento, 86.76 de área total, 39.30 de área privativa, 0.00 de área do terreno,  2 qto(s), a.serv, WC, 1 sala(s), cozinha, 1 vaga(s) de garagem.",182835.78,220000.0,16.9,Leilão SFI - Edital Único,,SUZANO,SP,Não
8444418808938,"RUA WALTER LOPES FERREIRA, N. 242, LT 08 QD H",JARDIM SUZANOPOLIS,"Casa, 117.41 de área total, 117.41 de área privativa, 125.00 de área do terreno,  2 qto(s), a.serv, WC, 1 sala(s), cozinha.",220000.0,220000.0,0.0,Leilão SFI - Edital Único,,SUZANO,SP,Não
8787715457059,"RUA PROFESSOR GEREMIAS, N. 50, Apto 406, BL B 4 PAV VG 128",VILA URUPES,"Apartamento, 93.44 de área total, 49.93 de área privativa, 0.00 de área do terreno,  2 qto(s), WC, 1 sala(s), cozinha, 1 vaga(s) de garagem.",270000.0,270000.0,0.0,Leilão SFI - Edital Único,,SUZANO,SP,Não
8444422534642,"AVENIDA ANA SANTANA COSTANTINO, N. 2017, CS 733",VILA COLORADO,"Casa, 61.80 de área total, 54.80 de área privativa, 61.80 de área do terreno,  2 qto(s), a.serv, WC, 1 sala(s), 1 lavabo(s), cozinha, 2 vaga(s) de garagem.",258000.0,258000.0,0.0,Leilão SFI - Edital Único,,SUZANO,SP,Não
8787704465578,"ESTRADA SUEO HAGUIHARA, N. 200, Apto 22, BL 14",CAXANGA,"Apartamento, 91.21 de área total, 41.74 de área privativa, 0.00 de área do terreno,  2 qto(s), WC, 1 sala(s), cozinha, 1 vaga(s) de garagem.",189786.44,189786.44,0.0,Leilão SFI - Edital Único,,SUZANO,SP,Não
8787704507823,"ESTRADA SUEO HAGUIHARA, N. 200, Apto 33, BL 01",CAXANGA,"Apartamento, 91.21 de área total, 41.74 de área privativa, 0.00 de área do terreno,  2 qto(s), a.serv, WC, 1 sala(s), cozinha, 1 vaga(s) de garagem.",215000.0,215000.0,0.0,Leilão SFI - Edital Único,,SUZANO,SP,Não
8787705208013,"RUA SUEO HAGUIHARA, N. 200, Apto 04, BL 04",CAXANGA,"Apartamento, 91.21 de área total, 41.74 de área privativa, 0.00 de área do terreno,  2 qto(s), a.serv, WC, 1 sala(s), cozinha, 1 vaga(s) de garagem.",212000.0,212000.0,0.0,Leilão SFI - Edital Único,,SUZANO,SP,Não
8787706664357,"RUA LUIZ CARLOS TALARICO, N. 200, Apto 303, BL 11",JARDIM EUROPA,"Apartamento, 89.23 de área total, 39.30 de área privativa, 0.00 de área do terreno,  2 qto(s), WC, 1 sala(s), cozinha, 1 vaga(s) de garagem.",212214.69,212214.69,0.0,Leilão SFI - Edital Único,,SUZANO,SP,Não
8787706834511,"RUA LUIZ CARLOS TALARICO, N. 200, Apto 404, BL 14",JARDIM EUROPA,"Apartamento, 89.22 de área total, 39.30 de área privativa, 0.00 de área do terreno,  2 qto(s), WC, 1 sala(s), cozinha, 1 vaga(s) de garagem.",202000.0,202000.0,0.0,Leilão SFI - Edital Único,,SUZANO,SP,Não
8787708056699,"ESTRADA TAKASHI KOBATA, N. 535, Apto 403, BL 31",JARDIM EUROPA,"Apartamento, 87.09 de área total, 39.30 de área privativa, 0.00 de área do terreno,  2 qto(s), a.serv, WC, 1 sala(s), cozinha, 1 vaga(s) de garagem.",206100.0,206100.0,0.0,Leilão SFI - Edital Único,,SUZANO,SP,Não
8787708506023,"RUA LUIZ CARLOS TALARICO, N. 200, Apto 101, BL 09",JARDIM EUROPA,"Apartamento, 99.81 de área total, 39.30 de área privativa, 0.00 de área do terreno,  2 qto(s), WC, 1 sala(s), cozinha, 1 vaga(s) de garagem.",180000.0,180000.0,0.0,Leilão SFI - Edital Único,,SUZANO,SP,Não
8787708945582,"ESTRADA TAKASHI KOBATA, N. 535, Apto 302,  BL 23",JARDIM EUROPA,"Apartamento, 88.34 de área total, 39.30 de área privativa, 0.00 de área do terreno,  2 qto(s), a.serv, WC, 1 sala(s), cozinha, 1 vaga(s) de garagem.",191000.0,191000.0,0.0,Leilão SFI - Edital Único,,SUZANO,SP,Não
8787710428867,"ESTRADA TAKASHI KOBATA, N. 535, Apto 401, PAV 4 BL 17 VG 443",JARDIM EUROPA,"Apartamento, 87.09 de área total, 39.30 de área privativa, 0.00 de área do terreno,  2 qto(s), a.serv, WC, 1 sala(s), cozinha, 1 vaga(s) de garagem.",220000.0,220000.0,0.0,Leilão SFI - Edital Único,,SUZANO,SP,Não
8787713115673,"ESTRADA TAKASHI KOBATA, N. 535, Apto 301, BL 5 3 PAV VG 105",JARDIM EUROPA,"Apartamento, 87.09 de área total, 39.30 de área privativa, 0.00 de área do terreno,  2 qto(s), a.serv, WC, 1 sala(s), cozinha, 1 vaga(s) de garagem.",205000.0,205000.0,0.0,Leilão SFI - Edital Único,,SUZANO,SP,Não
8787716271986,"ESTRADA TAKASHI KOBATA, N. 697, Apto 402, PAV 4. BL 12. VAGA 253",JARDIM EUROPA,"Apartamento, 95.55 de área total, 39.30 de área privativa, 0.00 de área do terreno,  2 qto(s), WC, 1 sala(s), cozinha, 1 vaga(s) de garagem.",212214.69,212214.69,0.0,Leilão SFI - Edital Único,,SUZANO,SP,Não
8787717205677,"ESTRADA TAKASHI KOBATA, N. 697, Apto 203, BL 05",JARDIM EUROPA,"Apartamento, 105.90 de área total, 39.30 de área privativa, 0.00 de área do terreno,  2 qto(s), a.serv, WC, 1 sala(s), cozinha, 1 vaga(s) de garagem.",240000.0,240000.0,0.0,Leilão SFI - Edital Único,,SUZANO,SP,Não
1787701730183,"AVENIDA MANOEL CASANOVA, N. 1150, CS 1116",MEU CANTINHO,"Casa, 67.62 de área total, 102.58 de área privativa, 161.33 de área do terreno,  2 qto(s), a.serv, WC, 1 sala(s), cozinha, 2 vaga(s) de garagem.",319490.88,317000.0,0.0,Leilão SFI - Edital Único,,SUZANO,SP,Não
8787717277554,"ESTRADA TAKASHI KOBATA, N. 697, Apto 303, BL 01 VG 310",JARDIM EUROPA,"Apartamento, 105.90 de área total, 39.30 de área privativa, 0.00 de área do terreno,  2 qto(s), WC, 1 sala(s), cozinha, 1 vaga(s) de garagem.",227757.13,210000.0,0.0,Leilão SFI - Edital Único,,SUZANO,SP,Não
8787717316070,"RUA MITSUHARU MATSUSHITA, N. 50, Apto 203, BL 11 2 PAV VG 114",CHACARA ESTANCIA PAULISTA,"Apartamento, 105.79 de área total, 40.82 de área privativa, 0.00 de área do terreno,  2 qto(s), WC, 1 sala(s), cozinha, 1 vaga(s) de garagem.",222680.17,201000.0,0.0,Leilão SFI - Edital Único,,SUZANO,SP,Não
8787720100384,"ESTRADA TAKASHI KOBATA, N. 697, Apto 201, BL 19",JARDIM EUROPA,"Apartamento, 105.90 de área total, 39.30 de área privativa, 0.00 de área do terreno,  2 qto(s), a.serv, WC, 1 sala(s), cozinha, 1 vaga(s) de garagem.",252462.2,213000.0,0.0,Leilão SFI - Edital Único,,SUZANO,SP,Não
8787717232291,"ESTRADA TAKASHI KOBATA, N. 697, Apto 103, BL 9",JARDIM EUROPA,"Apartamento, 117.40 de área total, 39.30 de área privativa, 0.00 de área do terreno,  2 qto(s), a.serv, WC, 1 sala(s), cozinha, 1 vaga(s) de garagem.",235698.88,194000.0,0.0,Leilão SFI - Edital Único,,SUZANO,SP,Não
8444427346267,"RUA ARMANDO SERON, N. 930, LT 12 QD 12",RESIDENCIAL MORADA DO SOL,"Casa, 60.00 de área total, 60.00 de área privativa, 200.00 de área do terreno, 2 vaga(s) de garagem.",97066.99,182000.0,46.67,Venda Online,,TABAPUA,SP,Sim
8787720606016,"RUA JOAO GALVAO DA CRUZ, N. 135, LT 17 QD 09",JARDIM MARIA LUIZA II,"Casa, 45.63 de área total, 45.63 de área privativa, 218.90 de área do terreno,  2 qto(s), a.serv, WC, 1 sala(s), cozinha.",77622.6,134000.0,42.08,Licitação Aberta,,TABATINGA,SP,Não
8787719178170,"RUA PAULO BUSCHIERO, N. 530, LT 44 QD A",JARDIM MARIA LUIZA I,"Casa, 45.63 de área total, 45.63 de área privativa, 181.77 de área do terreno,  2 qto(s), a.serv, WC, 1 sala(s), cozinha.",89575.84,153000.0,41.46,Venda Direta Online,,TABATINGA,SP,Não
8787720427863,"RUA JOAO GALVAO DA CRUZ, N. 145, LT 16 QD 09",JARDIM MARIA LUIZA II,"Casa, 45.63 de área total, 45.63 de área privativa, 218.90 de área do terreno,  2 qto(s), a.serv, WC, 1 sala(s), cozinha.",104120.47,175702.7,40.75,Licitação Aberta,,TABATINGA,SP,Não
8787723374310,"RUA JOAO VIEIRA DE LIMA, N. 160, LT 47 QD 09",JARDIM MARIA LUIZA II,"Casa, 45.63 de área total, 45.63 de área privativa, 218.90 de área do terreno,  2 qto(s), a.serv, WC, 1 sala(s), cozinha.",104120.47,175702.7,40.75,Licitação Aberta,,TABATINGA,SP,Não
8787718785162,"RUA LUIS FRANCISCO MIONE, N. 190, LT 43, QD 203",JARDIM MARIA LUIZA I,"Casa, 45.63 de área total, 45.63 de área privativa, 197.80 de área do terreno,  2 qto(s), a.serv, WC, 1 sala(s), cozinha.",100741.08,170000.0,40.75,Venda Direta Online,,TABATINGA,SP,Não
8787718958040,"RUA LUIS FRANCISCO MIONE, N. 265, LT 06 QD 2",JARDIM MARIA LUIZA I,"Casa, 45.63 de área total, 45.63 de área privativa, 199.50 de área do terreno,  2 qto(s), a.serv, WC, 1 sala(s), cozinha.",97778.11,165000.0,40.75,Venda Direta Online,,TABATINGA,SP,Não
8787719762182,"RUA PAULO BUSCHIERO, N. 560, LT 47 QD A",JARDIM MARIA LUIZA I,"Casa, 45.63 de área total, 45.63 de área privativa, 181.90 de área do terreno,  2 qto(s), a.serv, WC, 1 sala(s), cozinha, 1 vaga(s) de garagem.",98715.26,166581.44,40.75,Venda Direta Online,,TABATINGA,SP,Não
8787719810160,"RUA OTAVIO DE ALMEIDA COELHO, N. 565, LOTE 04 QUADRA A",JARDIM MARIA LUIZA I,"Casa, 45.63 de área total, 45.63 de área privativa, 201.11 de área do terreno,  2 qto(s), a.serv, WC, 1 sala(s), cozinha, 1 vaga(s) de garagem.",98963.3,167000.0,40.75,Licitação Aberta,,TABATINGA,SP,Não
8787721373279,"RUA DIONIZIO LAZARINI, N. 55, QD 08 LT 25",JARDIM MARIA LUIZA II,"Casa, 45.63 de área total, 45.63 de área privativa, 200.00 de área do terreno,  2 qto(s), a.serv, WC, 1 sala(s), cozinha.",114838.57,190000.0,39.56,Licitação Aberta,,TABATINGA,SP,Não
8787724063769,"RUA JOSE FACTORE, N. 85, LOTE 10 QUADRA 01",JARDIM MARIA LUIZA I,"Casa, 45.63 de área total, 45.63 de área privativa, 197.80 de área do terreno,  2 qto(s), a.serv, WC, 1 sala(s), cozinha.",142029.02,188000.0,24.46,Leilão SFI - Edital Único,,TABATINGA,SP,Não
8787721463340,"RUA DIONIZIO LAZARINI, N. 135,",JARDIM MARIA LUIZA II,"Casa, 45.63 de área total, 45.63 de área privativa, 200.00 de área do terreno,  2 qto(s), a.serv, WC, 1 sala(s), cozinha.",196000.0,196000.0,0.0,Leilão SFI - Edital Único,,TABATINGA,SP,Não
8787721270623,"RUA JOSE DE FREITAS CARVALHO FILHO, N. 35, LT 27 QD 08",JARDIM MARIA LUIZA II,"Casa, 45.63 de área total, 45.63 de área privativa, 184.00 de área do terreno,  2 qto(s), a.serv, WC, 1 sala(s), cozinha.",191006.09,190000.0,0.0,Leilão SFI - Edital Único,,TABATINGA,SP,Não
8787719722784,"RUA JOAO GALVAO DA CRUZ, N. 115, LT 19 QD 09",JARDIM MARIA LUIZA II,"Casa, 45.63 de área total, 45.63 de área privativa, 218.90 de área do terreno,  2 qto(s), a.serv, WC, 1 sala(s), cozinha.",192593.92,190000.0,0.0,Leilão SFI - Edital Único,,TABATINGA,SP,Não
8787725227447,"RUA JOSE FACTORE, N. 80,",JARDIM MARIA LUIZA I,"Casa, 45.63 de área total, 45.63 de área privativa, 189.15 de área do terreno,  2 qto(s), a.serv, WC, 1 sala(s), cozinha, 2 vaga(s) de garagem.",187974.06,152800.0,0.0,Leilão SFI - Edital Único,,TABATINGA,SP,Não
1444414175525,"ESTRADA BENEDITO CEZARIO DE OLIVEIRA, N. 1143,",VILA IASI,"Casa, 98.00 de área total, 98.00 de área privativa, 95.95 de área do terreno,  2 qto(s), a.serv, WC, 1 sala(s), cozinha.",181634.58,285000.0,36.27,Licitação Aberta,,TABOAO DA SERRA,SP,Não
1555510565896,"AVENIDA AGEMIRO HONORATO DE AQUINO, N. 250, Apto 33,",JARDIM OURO PRETO,"Apartamento, 52.98 de área total, 52.98 de área privativa, 0.00 de área do terreno,  2 qto(s), WC, 1 sala(s), cozinha, 1 vaga(s) de garagem.",322000.0,322000.0,0.0,Leilão SFI - Edital Único,,TABOAO DA SERRA,SP,Não
8555523214840,"RUA RONALDO JESUS LENTISCO, N. 18, Apto 71, BL 06 7 ANDAR",JARDIM ELIZABETE,"Apartamento, 67.32 de área total, 45.55 de área privativa, 0.00 de área do terreno,  2 qto(s), WC, 1 sala(s), cozinha.",237000.0,237000.0,0.0,Leilão SFI - Edital Único,,TABOAO DA SERRA,SP,Não
8787724155310,"RUA MANOEL MARIA FERNANDES, N. 386, Apto 81,",JARDIM ELIZABETE,"Apartamento, 0.00 de área total, 45.30 de área privativa, 0.00 de área do terreno, 1 vaga(s) de garagem.",254000.0,254000.0,0.0,Leilão SFI - Edital Único,,TABOAO DA SERRA,SP,Não
1444402546280,"RUA ANTONIO FRANCISCO DE AZEVEDO FILHO, N. 198, LT 7. QD L.",CIDADE INTERCAP,"Casa, 62.00 de área total, 62.00 de área privativa, 62.00 de área do terreno,  2 qto(s), a.serv, WC, 1 sala(s), cozinha.",318670.66,269000.0,0.0,Leilão SFI - Edital Único,,TABOAO DA SERRA,SP,Não
1444401857274,"PRACA NICOLA VIVILECHIO, N. 05, Apto 73, 7º ANDAR BLCO G EDIFÍCIO GAIVOTA",JARDIM BONTEMPO,"Apartamento, 127.37 de área total, 74.70 de área privativa, 0.00 de área do terreno,  3 qto(s), a.serv, WC, 1 sala(s), cozinha, 1 vaga(s) de garagem.",742389.59,484000.0,0.0,Leilão SFI - Edital Único,,TABOAO DA SERRA,SP,Não
1444414856999,"RUA FLODOALDO FREIRE DO PRADO, N. 2045-A, LT 21-A QD I",JARDIM PATRICIA,"Casa, 50.08 de área total, 50.08 de área privativa, 126.50 de área do terreno,  1 qto(s), a.serv, WC, 1 sala(s), cozinha, 1 vaga(s) de garagem.",109315.98,177000.0,38.24,Venda Direta Online,,TACIBA,SP,Não
8444424968798,"RUA FREI VICENTE PINILLA, N. 141, LT 155 QD 06",RESIDENCIAL ALTO DOS LAGOS,"Casa, 55.47 de área total, 55.47 de área privativa, 208.80 de área do terreno,  2 qto(s), a.serv, WC, 1 sala(s), cozinha.",90746.77,155000.0,41.46,Licitação Aberta,,TAIUVA,SP,Não
8444403842710,"RUA GUERINO MARTINELLI, N. 842, CASA",CONJUNTO HABITACIONAL PADRE DONIZETTI,"Casa, 74.58 de área total, 74.58 de área privativa, 189.91 de área do terreno,  2 qto(s), a.serv, WC, 1 sala(s), cozinha.",124812.17,198296.07,37.06,Licitação Aberta,,TAMBAU,SP,Não
8444435469879,"RUA GERALDO RODRIGUES BRAGA, N. SN, LT 12B QD I",RESIDENCIAL SANTA CLARA,"Terreno, 0.00 de área total, 0.00 de área privativa, 128.36 de área do terreno.",30207.35,52000.0,41.91,Licitação Aberta,,TANABI,SP,Não
8787705968298,"RUA APARECIDO DONIZETE RODRIGUES, N. 124, LT 13, QD F",JARDIM STRACINI,"Prédio, 51.90 de área total, 51.90 de área privativa, 161.80 de área do terreno,  2 qto(s), a.serv, WC, 1 sala(s), cozinha, 1 vaga(s) de garagem.",86666.95,162500.0,46.67,Venda Direta Online,,TAQUARITINGA,SP,Não
8787708416938,"RUA APARECIDO DONIZETE RODRIGUES, N. 21, LT 08 QD D",JARDIM STRACINI,"Casa, 51.90 de área total, 51.90 de área privativa, 160.06 de área do terreno,  2 qto(s), a.serv, WC, 1 sala(s), cozinha.",101333.68,171000.0,40.75,Licitação Aberta,,TAQUARITINGA,SP,Não
8444400677955,"RUA MARIA ANTONIETA BALIEIRO BARI, N. 12,",JARDIM DOS IPES,"Casa, 288.68 de área total, 66.32 de área privativa, 312.50 de área do terreno,  2 qto(s), WC, 1 sala(s), cozinha.",195937.44,320000.0,38.77,Licitação Aberta,,TAQUARITINGA,SP,Não
8787712194286,"RUA JOSE MARINO ANTIGA RUA C, N. 177, QD 05 LT 38",JARDIM SANTA RITA,"Casa, 43.92 de área total, 43.92 de área privativa, 160.00 de área do terreno.",144000.0,144000.0,0.0,Leilão SFI - Edital Único,,TAQUARITINGA,SP,Não
8787705983459,"RUA SEBASTIAO VIDAL DA SILVA, N. 166, LT 07 QD E",JARDIM STRACINI,"Casa, 51.90 de área total, 51.90 de área privativa, 161.80 de área do terreno,  2 qto(s), a.serv, WC, 1 sala(s), cozinha.",206000.0,206000.0,0.0,Leilão SFI - Edital Único,,TAQUARITINGA,SP,Não
8787708843518,"RUA SEBASTIAO VIDAL DA SILVA, N. 146, LOTE 02  QUADRA E",JARDIM STRACINI,"Casa, 51.90 de área total, 51.90 de área privativa, 161.80 de área do terreno.",151000.0,151000.0,0.0,Leilão SFI - Edital Único,,TAQUARITINGA,SP,Não
8787713407917,"RUA GINEZ ASCENCIO, N. 46, LT 01 QD 05",JARDIM SANTA RITA,"Casa, 43.92 de área total, 43.92 de área privativa, 160.00 de área do terreno,  2 qto(s), a.serv, WC, 1 sala(s), cozinha, Terraco, 1 vaga(s) de garagem.",160127.34,150000.0,0.0,Leilão SFI - Edital Único,,TAQUARITINGA,SP,Não
8444425937489,"RUA MARIO MENDES FERREIRA, N. 14, QD K  LOTE 14",JARDIM IGNEZ,"Terreno, 0.00 de área total, 0.00 de área privativa, 160.00 de área do terreno.",153070.11,55000.0,0.0,Leilão SFI - Edital Único,,TAQUARITINGA,SP,Não
8787710361150,"RUA JOAQUIM SOUZA MIRANDA, N. 135, Apto 02, BL G",RIO TATUI,"Apartamento, 52.81 de área total, 48.30 de área privativa, 0.00 de área do terreno,  2 qto(s), a.serv, WC, 1 sala(s), cozinha.",97778.11,165000.0,40.75,Licitação Aberta,,TATUI,SP,Não
8444436177669,"RUA ADNOIR JUNQUEIRA ANTIGA RUA 15, N. 278, LT 09 QD J",AGUA BRANCA,"Casa, 45.47 de área total, 45.47 de área privativa, 176.00 de área do terreno,  2 qto(s), a.serv, WC, 1 sala(s), cozinha.",131059.42,216837.34,39.56,Venda Direta Online,,TATUI,SP,Não
8787717849272,"AVENIDA WILMA POTOMATI, N. 1155, Apto 403, BLOCO 10",JARDIM LIRIO,"Apartamento, 132.46 de área total, 45.24 de área privativa, 0.00 de área do terreno.",123300.35,204000.0,39.56,Licitação Aberta,,TATUI,SP,Não
8787719126669,"AVENIDA WILMA POTOMATI, N. 1155, Apto 201, BLOCO 05",JARDIM LIRIO,"Apartamento, 132.46 de área total, 45.24 de área privativa, 0.00 de área do terreno,  2 qto(s), a.serv, WC, 1 sala(s), cozinha, 1 vaga(s) de garagem.",119733.83,198099.2,39.56,Licitação Aberta,,TATUI,SP,Não
8787719444652,"AVENIDA WILMA POTOMATI, N. 1155, Apto 303, BLOCO 20",JARDIM LIRIO,"Apartamento, 132.46 de área total, 45.24 de área privativa, 0.00 de área do terreno,  2 qto(s), WC, 1 sala(s), cozinha, 1 vaga(s) de garagem.",114589.54,189587.99,39.56,Licitação Aberta,,TATUI,SP,Não
8444431982679,"RUA AMALIA VIEIRA DA COSTA, N. 120,",JARDIM SANTA RITA DE CASSIA,"Casa, 0.00 de área total, 59.70 de área privativa, 125.00 de área do terreno,  1 qto(s), varanda, a.serv, WC, 1 sala(s), cozinha.",132868.42,219830.33,39.56,Licitação Aberta,,TATUI,SP,Não
8555534218191,"RUA HORACIO PONTE CATRUFO, N. 351, LT 01 QD AE",RESIDENCIAL VIDA NOVA TATUI,"Casa, 45.47 de área total, 45.47 de área privativa, 242.61 de área do terreno,  2 qto(s), a.serv, WC, cozinha.",120882.7,200000.0,39.56,Venda Direta Online,,TATUI,SP,Não
8787718501393,"ESTRADA MOISES MARTINS, N. 1155, Apto 301, BLOCO 01",VILA AMERICANA,"Apartamento, 152.55 de área total, 52.10 de área privativa, 0.00 de área do terreno,  2 qto(s), WC, 1 sala(s), cozinha.",144503.86,236000.0,38.77,Licitação Aberta,,TATUI,SP,Não
1444421932794,"ESTRADA MUNICIPAL TATUI LARANJAL PAULISTA, N. 3200, CS 139",LAGOA VERMELHA,"Casa, 0.00 de área total, 49.50 de área privativa, 50.45 de área do terreno,  2 qto(s), a.serv, WC, 1 sala(s), cozinha.",109933.58,178000.0,38.24,Licitação Aberta,,TATUI,SP,Não
1787702269080,"RUA BENEDITO FAUSTINO DA ROSA, N. 1871, Apto 101, TORRE 01",JARDIM WANDERLEY,"Apartamento, 125.78 de área total, 58.73 de área privativa, 0.00 de área do terreno,  2 qto(s), a.serv, WC, 1 sala(s), cozinha.",152955.43,240000.0,36.27,Licitação Aberta,,TATUI,SP,Não
8444417212314,"RUA MANOEL MARQUES RODRIGUES, N. 98,",RESIDENCIAL DONATO FLORES,"Casa, 43.38 de área total, 43.38 de área privativa, 163.02 de área do terreno,  1 qto(s), a.serv, WC, 1 sala(s), cozinha, 2 vaga(s) de garagem.",197000.0,197000.0,0.0,Leilão SFI - Edital Único,,TATUI,SP,Não
8444427322929,"ESTRADA MUNICIP TATUI LARANJAL PAULISTA, N. 3200, CS 05",LAGOA VERMELHA,"Casa, 50.45 de área total, 49.50 de área privativa, 50.45 de área do terreno,  2 qto(s), a.serv, WC, 1 sala(s), cozinha.",188000.0,188000.0,0.0,Leilão SFI - Edital Único,,TATUI,SP,Não
8787714807307,"RUA CLARA LUCIA DA MOTA MOURA, N. 86,",LOTEAMENTO TATUI CAGUASSU,"Casa, 44.44 de área total, 44.44 de área privativa, 176.00 de área do terreno,  2 qto(s), a.serv, WC, 1 sala(s), cozinha, 1 vaga(s) de garagem.",200000.0,200000.0,0.0,Leilão SFI - Edital Único,,TATUI,SP,Não
8787717578562,"AVENIDA WILMA POTOMATI, N. 1155, Apto 401, BL 16",CENTRO,"Apartamento, 132.46 de área total, 45.24 de área privativa, 0.00 de área do terreno,  2 qto(s), WC, 1 sala(s).",210340.59,198000.0,0.0,Leilão SFI - Edital Único,,TATUI,SP,Não
8787720428703,"ESTRADA MOISES MARTINS, N. 1155, Apto AP 10, BL 5",VILA AMERICANA,"Apartamento, 132.46 de área total, 45.24 de área privativa, 0.00 de área do terreno,  2 qto(s), WC, 1 sala(s).",218516.22,198000.0,0.0,Leilão SFI - Edital Único,,TATUI,SP,Não
8787719342159,"ESTRADA MOISES MARTINS, N. 1155, Apto 303, BL 15",VILA AMERICANA,"Apartamento, 132.46 de área total, 45.24 de área privativa, 0.00 de área do terreno,  2 qto(s), WC, 1 sala(s), cozinha.",219712.31,199000.0,0.0,Leilão SFI - Edital Único,,TATUI,SP,Não
8787719533078,"ESTRADA MOISES MARTINS, N. 1155, Apto 304, BL 19",VILA AMERICANA,"Apartamento, 132.46 de área total, 45.24 de área privativa, 0.00 de área do terreno,  2 qto(s), WC, 1 sala(s), cozinha.",219795.73,199000.0,0.0,Leilão SFI - Edital Único,,TATUI,SP,Não
8787714389106,"RUA JOAQUIM SOUZA MIRANDA, N. 135, Apto 11, BL A",JARDIM VALE DA LUA,"Apartamento, 0.00 de área total, 48.30 de área privativa, 0.00 de área do terreno,  2 qto(s), WC, 1 sala(s), cozinha.",187708.7,162000.0,0.0,Leilão SFI - Edital Único,,TATUI,SP,Não
8787718293545,"ESTRADA MOISES MARTINS, N. 1155, Apto 402, BL 1",VILA AMERICANA,"Apartamento, 152.55 de área total, 52.10 de área privativa, 0.00 de área do terreno,  2 qto(s), WC, 1 sala(s), cozinha.",259601.48,217000.0,0.0,Leilão SFI - Edital Único,,TATUI,SP,Não
8444437304885,"RUA ANTONIO DA SILVA LOBO, N. 819, Apto 411, TORRE 02",BARRANCO,"Apartamento, 101.30 de área total, 50.86 de área privativa, 0.00 de área do terreno,  2 qto(s), WC, 1 sala(s), cozinha, 1 vaga(s) de garagem.",94815.14,160000.0,40.75,Licitação Aberta,,TAUBATE,SP,Não
8555531593722,"ESTRADA MUNICIPAL FRANCISCO ALVES MONTEIRO, N. 1467, Apto 401, 03 ANDAR OU PAV 04 TORRE 11",PARQUE SENHOR DO BONFIM,"Apartamento, 85.45 de área total, 46.43 de área privativa, 0.00 de área do terreno,  2 qto(s), a.serv, WC, 1 sala(s), cozinha, 1 vaga(s) de garagem.",114838.57,190000.0,39.56,Venda Online,,TAUBATE,SP,Não
8555533137198,"ESTRADA MUNICIP FRANCISCO ALVES MONTEIRO, N. 1467, Apto 404, TORRE 14",PARQUE SENHOR DO BONFIM,"Apartamento, 85.42 de área total, 46.41 de área privativa, 0.00 de área do terreno,  2 qto(s), WC, 1 sala(s), cozinha, 1 vaga(s) de garagem.",114838.57,190000.0,39.56,Licitação Aberta,,TAUBATE,SP,Não
8787708285892,"RUA PADRE JOSE RUBENS BONAFE, N. 333, Apto 201, BL 04",BARRANCO,"Apartamento, 101.47 de área total, 41.85 de área privativa, 0.00 de área do terreno,  2 qto(s), WC, 1 sala(s), cozinha, 2 vaga(s) de garagem.",123904.77,205000.0,39.56,Licitação Aberta,,TAUBATE,SP,Não
8787716684890,"AVENIDA VILA VELHA, N. 819, Apto 112, TORRE 01 BOX 36",BARRANCO,"Apartamento, 103.36 de área total, 52.28 de área privativa, 0.00 de área do terreno,  2 qto(s), a.serv, WC, 1 sala(s), cozinha, 1 vaga(s) de garagem.",139015.11,230000.0,39.56,Licitação Aberta,,TAUBATE,SP,Não
8787719108598,"RUA VILA VELHA, N. 819, Apto 212, TORRE 01",BARRANCO,"Apartamento, 91.56 de área total, 39.88 de área privativa, 0.00 de área do terreno,  2 qto(s), a.serv, WC, 1 sala(s), cozinha, 1 vaga(s) de garagem.",132366.56,219000.0,39.56,Licitação Aberta,,TAUBATE,SP,Não
8787710045143,"AVENIDA ARNALDO FELIPE SBRUZZI, N. 275, Apto 401, BL 24 BOX 157",PIRACANGAGUA,"Apartamento, 101.03 de área total, 40.82 de área privativa, 0.00 de área do terreno,  2 qto(s), WC, 1 sala(s), cozinha, 1 vaga(s) de garagem.",123300.35,204000.0,39.56,Licitação Aberta,,TAUBATE,SP,Não
8787716540235,"RUA VILA VELHA, N. 819, Apto 1003, TR 01 VAGA 157",VILA PROSPERIDADE,"Apartamento, 92.76 de área total, 42.30 de área privativa, 0.00 de área do terreno,  2 qto(s), WC, 1 sala(s), cozinha, 1 vaga(s) de garagem.",140223.93,232000.0,39.56,Licitação Aberta,,TAUBATE,SP,Não
8787717411013,"RUA VILA VELHA, N. 819, Apto 411, TORRE 02",VILA PROSPERIDADE,"Apartamento, 99.18 de área total, 39.88 de área privativa, 0.00 de área do terreno,  2 qto(s), a.serv, WC, 1 sala(s), cozinha, 1 vaga(s) de garagem.",111816.5,185000.0,39.56,Licitação Aberta,,TAUBATE,SP,Não
8787713420190,"RUA JOAQUIM CARLOS DA SILVA, N. 432, Apto 403, 4º PAVIMENTO BLOCO 11 VAGA 86",CHACARA SAO MANOEL,"Apartamento, 84.23 de área total, 44.20 de área privativa, 0.00 de área do terreno,  2 qto(s), WC, 1 sala(s), cozinha, 1 vaga(s) de garagem.",129744.21,185000.0,29.87,Leilão SFI - Edital Único,,TAUBATE,SP,Não
8787715995220,"AVENIDA VILA VELHA, N. 819, Apto 801, TORRE 01  MOD I",VILA PROSPERIDADE,"Apartamento, 88.14 de área total, 39.88 de área privativa, 0.00 de área do terreno,  2 qto(s), a.serv, WC, 1 sala(s), cozinha, 1 vaga(s) de garagem.",208000.0,208000.0,0.0,Leilão SFI - Edital Único,,TAUBATE,SP,Não
8555508913538,"AVENIDA CINDERELA, N. 2259, Apto 31, BL A 3 PAV",JARDIM GURILANDIA,"Apartamento, 86.73 de área total, 56.55 de área privativa, 0.00 de área do terreno,  2 qto(s), WC, 1 sala(s), cozinha.",201949.0,196000.0,0.0,Leilão SFI - Edital Único,,TAUBATE,SP,Não
8555533567591,"RUA DOUTOR FLAVIO BELLEGARDE NUNES, N. 590, Apto 41, VG 17 4 ANDAR",JARDIM PAULISTA,"Apartamento, 0.00 de área total, 68.62 de área privativa, 0.00 de área do terreno,  2 qto(s), WC, 1 sala(s), cozinha, 1 vaga(s) de garagem.",261030.89,248000.0,0.0,Leilão SFI - Edital Único,,TAUBATE,SP,Não
8555539732063,"AVENIDA CINDERELA, N. 2470, Apto 304, BL 19",JARDIM GURILANDIA,"Apartamento, 110.30 de área total, 44.01 de área privativa, 0.00 de área do terreno,  2 qto(s), WC, 1 sala(s), cozinha, 1 vaga(s) de garagem.",196364.51,170000.0,0.0,Leilão SFI - Edital Único,,TAUBATE,SP,Não
8787715858673,"RUA VILA VELHA, N. 819, Apto 401, TORRE 1 VAGA 65",VILA PROSPERIDADE,"Apartamento, 88.14 de área total, 39.88 de área privativa, 0.00 de área do terreno,  2 qto(s), WC, 1 sala(s), cozinha, 1 vaga(s) de garagem.",251994.81,217000.0,0.0,Leilão SFI - Edital Único,,TAUBATE,SP,Não
8555540027289,"AVENIDA FRANCISCO ALVES MONTEIRO, N. 1427, Apto 203, BL 22",PIRACANGAGUA,"Apartamento, 95.57 de área total, 41.85 de área privativa, 0.00 de área do terreno,  2 qto(s), a.serv, WC, 1 sala(s), cozinha, 1 vaga(s) de garagem.",225493.35,182506.04,0.0,Leilão SFI - Edital Único,,TAUBATE,SP,Não
8444415723273,"RUA CONSTANTINO FRUGOLI, N. 255, Apto 41, 4 PAV VG 16",RESIDENCIAL D'NAPOLI,"Apartamento, 106.86 de área total, 73.51 de área privativa, 0.00 de área do terreno,  2 qto(s), a.serv, WC, 1 sala(s), cozinha, 1 vaga(s) de garagem.",333545.49,252000.0,0.0,Leilão SFI - Edital Único,,TAUBATE,SP,Não
8787711097724,"AVENIDA ARNALDO FELIPE SBRUZZI, N. 275, Apto 104, BL 17",PIRACANGAGUA,"Apartamento, 101.04 de área total, 40.82 de área privativa, 0.00 de área do terreno,  2 qto(s), a.serv, WC, 1 sala(s), cozinha, 1 vaga(s) de garagem.",202174.61,152000.0,0.0,Leilão SFI - Edital Único,,TAUBATE,SP,Não
1444405765277,"RUA DO ROSARIO, N. 118,",JARDIM RUSSI,"Casa, 174.92 de área total, 174.92 de área privativa, 288.22 de área do terreno,  3 qto(s), 2 vaga(s) de garagem.",694865.14,522000.0,0.0,Leilão SFI - Edital Único,,TAUBATE,SP,Não
8787712144939,"AVENIDA ARNALDO FELIPE SBRUZZI, N. 275, Apto 303, TORRE 17",PIRACANGAGUA,"Apartamento, 101.04 de área total, 40.82 de área privativa, 0.00 de área do terreno,  2 qto(s), a.serv, WC, 1 sala(s), cozinha, 1 vaga(s) de garagem.",203654.17,152000.0,0.0,Leilão SFI - Edital Único,,TAUBATE,SP,Não
8555528039400,"RUA SANTA LUIZA DE MARILLAC, N. 141, Apto 101, TORRE 03 TERREO",VILA SAO JOSE,"Apartamento, 105.57 de área total, 45.95 de área privativa, 0.00 de área do terreno,  2 qto(s), a.serv, WC, 1 sala(s), cozinha, 1 vaga(s) de garagem.",258866.26,188000.0,0.0,Leilão SFI - Edital Único,,TAUBATE,SP,Não
8555533973565,"RUA SANTA LUIZA DE MARILLAC, N. 141, Apto 302, TORRE 12 PAV 3 ANDAR 2",VILA SAO JOSE,"Apartamento, 105.57 de área total, 45.95 de área privativa, 0.00 de área do terreno,  2 qto(s), a.serv, WC, 1 sala(s), cozinha, 1 vaga(s) de garagem.",261357.38,188000.0,0.0,Leilão SFI - Edital Único,,TAUBATE,SP,Não
8444423863992,"RUA 08, N. SN, QD 33. LOT 27P",JARDIM ESPLANADA,"Casa, 0.00 de área total, 53.32 de área privativa, 165.00 de área do terreno.",145000.0,145000.0,0.0,Leilão SFI - Edital Único,,TEODORO SAMPAIO,SP,Não
8444427135665,"RUA PEDRO AMADEU DOS SANTOS, N. 101,  QD 10 LT 06",JARDIM DAS PRATAS,"Casa, 60.00 de área total, 60.00 de área privativa, 160.00 de área do terreno,  2 qto(s), a.serv, WC, 1 sala(s), cozinha, 1 vaga(s) de garagem.",160000.0,160000.0,0.0,Leilão SFI - Edital Único,,TERRA ROXA,SP,Não
8444434384071,"RUA BANCARIO MARSIO DUARTE, N. SN, LT 23 QD ZG",RESIDENCIAL PARQUE DOS ANTURIOS,"Terreno, 0.00 de área total, 0.00 de área privativa, 210.05 de área do terreno.",43568.3,75000.0,41.91,Licitação Aberta,,TUPA,SP,Não
8444432935992,"RUA TIPOGRAFO JOSE MARCO SANCHEZ, N. SN, LT 18 QD ZG",RESIDENCIAL PARQUE DOS ANTURIOS,"Casa, 45.00 de área total, 45.00 de área privativa, 236.12 de área do terreno,  2 qto(s), a.serv, WC, 1 sala(s), cozinha.",103704.06,175000.0,40.75,Venda Direta Online,,TUPA,SP,Não
8787719086195,"RUA JOSE SIMOES, N. 160,  LT 564 QD 21 RUA B",CONJUNTO HABITACIONAL ANTONIO PEREIRA GA,"Casa, 0.00 de área total, 45.63 de área privativa, 200.00 de área do terreno.",114838.57,190000.0,39.56,Venda Direta Online,,TUPA,SP,Não
8787719519598,"RUA JOSE SIMOES (RUA H), N. 255, QD 11 LT 269",CONJUNTO HABITACIONAL ANTONIO PEREIRA GA,"Casa, 0.00 de área total, 45.63 de área privativa, 200.00 de área do terreno.",112709.32,186477.17,39.56,Licitação Aberta,,TUPA,SP,Não
8787719091504,"RUA G, N. 130, LT 491, QD 18",JARDIM TUPI,"Casa, 45.63 de área total, 45.63 de área privativa, 200.00 de área do terreno,  2 qto(s), a.serv, WC, 1 sala(s), cozinha.",114838.57,190000.0,39.56,Venda Direta Online,,TUPA,SP,Não
8787719482880,"RUA G, N. 300, LOTE 257 QUADRA 9",JARDIM TUPI,"Casa, 45.63 de área total, 45.63 de área privativa, 200.00 de área do terreno,  2 qto(s), a.serv, WC, 1 sala(s), cozinha.",111816.5,185000.0,39.56,Venda Direta Online,,TUPA,SP,Não
8787719494498,"RUA E, N. 145, LT431 QD 17",JARDIM TUPI,"Casa, 45.63 de área total, 45.63 de área privativa, 200.00 de área do terreno,  2 qto(s), a.serv, WC, 1 sala(s), cozinha.",114838.57,190000.0,39.56,Venda Direta Online,,TUPA,SP,Não
8787720105440,"RUA F, N. 125, QD 18 LT 467",JARDIM TUPI,"Casa, 45.63 de área total, 45.63 de área privativa, 200.00 de área do terreno,  2 qto(s), a.serv, WC, 1 sala(s), cozinha, 1 vaga(s) de garagem.",114838.57,190000.0,39.56,Licitação Aberta,,TUPA,SP,Não
8787722133964,"RUA E, N. 75, LT 438 QD 17",JARDIM TUPI,"Casa, 0.00 de área total, 45.63 de área privativa, 200.00 de área do terreno.",112750.85,186545.89,39.56,Licitação Aberta,,TUPA,SP,Não
8787719494200,"RUA JOSE SIMOES, N. 210, LT 248 QD 9",CONJUNTO HABITACIONAL ANTONIO PEREIRA GA,"Casa, 45.63 de área total, 45.63 de área privativa, 200.00 de área do terreno,  2 qto(s), a.serv, WC, 1 sala(s), cozinha, 1 vaga(s) de garagem.",195076.88,177000.0,0.0,Leilão SFI - Edital Único,,TUPA,SP,Não
1444423477695,"RUA JOÃO RAMALHO, N. 21, Apto 22, BLOCO  A",ITAGUA,"Apartamento, 109.99 de área total, 75.15 de área privativa, 0.00 de área do terreno,  2 qto(s), a.serv, WC, 1 sala(s), cozinha, 2 vaga(s) de garagem.",1278745.93,747000.0,0.0,Leilão SFI - Edital Único,,UBATUBA,SP,Não
8444433997266,"RUA DANIEL LEITE, N. 50, ANTIGA RUA PROJETADA E",OLHOS D'AGUA,"Casa, 52.50 de área total, 52.50 de área privativa, 200.00 de área do terreno, 2 vaga(s) de garagem.",114838.57,190000.0,39.56,Licitação Aberta,,UCHOA,SP,Não
8444439810753,"RUA JOSE OSVALDO DE MATTOS ANTIGA RUA PROJETADA F, N. SN, LT 228 QD H",OLHOS D'AGUA,"Terreno, 0.00 de área total, 0.00 de área privativa, 200.00 de área do terreno.",197229.38,58000.0,0.0,Leilão SFI - Edital Único,,UCHOA,SP,Não
1444420507097,"RUA AMAZONAS, N. 223, LT11, QD 04",CENTRO,"Casa, 184.00 de área total, 60.85 de área privativa, 360.00 de área do terreno,  3 qto(s), a.serv, WC, 1 sala(s).",175261.43,275000.0,36.27,Venda Direta Online,,URANIA,SP,Sim
8444421225034,"RUA DOUTOR JOSE LUCIANO CAVERSAN, N. 252, LT 21 QD D",RESIDENCIAL MNEMOSINE,"Casa, 114.51 de área total, 114.51 de área privativa, 200.00 de área do terreno,  2 qto(s), a.serv, WC, 1 sala(s), cozinha.",250000.0,250000.0,0.0,Leilão SFI - Edital Único,,URANIA,SP,Não
1444419630018,"RUA 7, N. 2772, LT 28 QD K",RESIDENCIAL JARDIM SAO PAULO,"Casa, 0.00 de área total, 104.33 de área privativa, 200.00 de área do terreno.",295360.53,286000.0,0.0,Leilão SFI - Edital Único,,URANIA,SP,Não
8555514006083,"RUA SEBASTIAO DA SILVA, N. 70, LT 14 QD L",CDHU,"Casa, 113.40 de área total, 57.47 de área privativa, 171.81 de área do terreno,  2 qto(s), a.serv, WC, 1 sala(s), cozinha, 1 vaga(s) de garagem.",82139.11,149500.0,45.06,Venda Direta Online,,URUPES,SP,Não
8444409082997,"RUA JOSE GERALDO ALBERTONI, N. 2-46, LT 04 QD C",JARDIM CAMPO BELO,"Casa, 65.98 de área total, 65.98 de área privativa, 178.45 de área do terreno,  2 qto(s), a.serv, WC, 1 sala(s), cozinha.",91405.44,160000.0,42.88,Venda Direta Online,,VALENTIM GENTIL,SP,Não
8444424430747,"RUA FRANCISCO PRATES GUIMARAES, N. SN, LT 01 QD F",JARDIM OURO BRANCO,"Terreno, 0.00 de área total, 0.00 de área privativa, 160.18 de área do terreno.",33111.9,57000.0,41.91,Licitação Aberta,,VALENTIM GENTIL,SP,Não
1444417575990,"RUA GABRIEL ALVES MAIA, N. 281, LOTE 26 QUADRA D",JARDIM CAMPO BELO,"Casa, 66.81 de área total, 66.81 de área privativa, 140.00 de área do terreno,  2 qto(s), a.serv, WC, 1 sala(s), cozinha, 1 vaga(s) de garagem.",134558.9,162600.0,17.25,Leilão SFI - Edital Único,,VALENTIM GENTIL,SP,Não
8444422688054,"RUA VITORIO RANDI, N. 135, Apto 673, TR 06 VG 501 ED PINTASSILGO 7 ANDAR",JARDIM ALTO DA BOA VISTA,"Apartamento, 0.00 de área total, 47.40 de área privativa, 0.00 de área do terreno,  2 qto(s), varanda, a.serv, WC, 2 sala(s), cozinha, 1 vaga(s) de garagem.",332500.0,332500.0,0.0,Leilão SFI - Edital Único,,VALINHOS,SP,Não
8787716804887,"RUA JOAO BISSOTTO FILHO, N. 1759, Apto 901, BL A",ORTIZES,"Apartamento, 51.32 de área total, 51.32 de área privativa, 0.00 de área do terreno,  2 qto(s), a.serv, WC, 1 sala(s), cozinha, 1 vaga(s) de garagem.",320000.0,320000.0,0.0,Leilão SFI - Edital Único,,VALINHOS,SP,Não
10314516,"RUA TEREZA VECHIATTI TRIGO, N. 411, QD 24, LT 15",CHACARAS SAO BENTO,"Casa, 0.00 de área total, 391.35 de área privativa, 2000.00 de área do terreno.",1185000.0,1185000.0,0.0,Venda Direta Online,,VALINHOS,SP,Não
1444408201374,"RUA JOSE RONCATTO, N. 125, Apto 01, BL 02 ED SANTORINI",LOTEAMENTO PEDRA VERDE,"Apartamento, 52.70 de área total, 52.70 de área privativa, 0.00 de área do terreno,  2 qto(s), varanda, a.serv, WC, 1 sala(s), cozinha, 1 vaga(s) de garagem.",314000.0,314000.0,0.0,Leilão SFI - Edital Único,,VALINHOS,SP,Não
8787702074296,"RUA JULIA LOVISARO VICENTINI, N. 967, Apto 01, TERREO BL 13 TIPO V05",SITIOS FRUTAL,"Apartamento, 48.62 de área total, 43.50 de área privativa, 0.00 de área do terreno,  2 qto(s), WC, 1 sala(s), cozinha, 1 vaga(s) de garagem.",255000.0,255000.0,0.0,Leilão SFI - Edital Único,,VALINHOS,SP,Não
1600000127349,"AVENIDA PRAIA BRAVA, N. 517, LT 1 QD B",TIJUCO PRETO,"Casa, 276.30 de área total, 72.24 de área privativa, 800.00 de área do terreno,  6 qto(s), a.serv, WC, 3 sala(s), 1 lavabo(s), 2 vaga(s) de garagem.",745657.73,1300000.0,42.65,Venda Direta Online,,VARGEM GRANDE PAULISTA,SP,Sim
1444407011881,"RUA SANTA BARBARA, N. SN, LOTE 08 QUADRA AK",TIJUCO PRETO,"Terreno, 0.00 de área total, 0.00 de área privativa, 1237.50 de área do terreno.",496467.84,855500.0,41.97,Venda Online,,VARGEM GRANDE PAULISTA,SP,Sim
8787709387362,"RUA BENEDICTO SOARES, N. 517, CS 177 TIPO B",CAPELA DE SAO PEDRO,"Casa, 50.65 de área total, 48.30 de área privativa, 122.40 de área do terreno,  2 qto(s), a.serv, WC, 1 sala(s), 1 lavabo(s), cozinha, 1 vaga(s) de garagem.",100741.08,170000.0,40.75,Venda Online,,VARGEM GRANDE PAULISTA,SP,Não
8787710286051,"ESTRADA RIBEIRAO DAS LAJES, N. 2180, CS 75 TIPO B",BAIRRO DAS LAGES,"Casa, 53.14 de área total, 48.30 de área privativa, 122.10 de área do terreno,  2 qto(s), a.serv, WC, 1 sala(s), 1 lavabo(s), cozinha, Terraco, 1 vaga(s) de garagem.",153425.92,250571.27,38.77,Licitação Aberta,,VARGEM GRANDE PAULISTA,SP,Não
1600000102656,"RUA GEORGIA, N. 750,",SAN DIEGO,"Casa, 204.88 de área total, 204.88 de área privativa, 794.93 de área do terreno,  3 qto(s), a.serv, WC, 1 sala(s), 1 lavabo(s), cozinha, 5 vaga(s) de garagem.",586046.67,919556.75,36.27,Venda Direta Online,,VARGEM GRANDE PAULISTA,SP,Sim
8787708998333,"RUA BENEDICTO SOARES, N. 517, CS 56  TIPO A1  AREA 1",CAPELA DE SAO PEDRO,"Casa, 168.39 de área total, 49.52 de área privativa, 55.69 de área do terreno,  2 qto(s), a.serv, WC, 1 sala(s), 1 lavabo(s), cozinha, 1 vaga(s) de garagem.",202000.0,202000.0,0.0,Leilão SFI - Edital Único,,VARGEM GRANDE PAULISTA,SP,Não
8444410142124,"RUA PRUDENTE DE MORAES, N. 262, Apto 15, BLOCO 03",JARDIM DAS ACACIAS,"Apartamento, 0.00 de área total, 45.12 de área privativa, 0.00 de área do terreno, 1 vaga(s) de garagem.",240000.0,240000.0,0.0,Leilão SFI - Edital Único,,VARZEA PAULISTA,SP,Não
8787709798192,"RUA JOAO EDUETA, N. 580, Apto 01, BL 01 TERREO",CAPELA,"Apartamento, 0.00 de área total, 52.76 de área privativa, 0.00 de área do terreno, 1 vaga(s) de garagem.",212163.51,346500.0,38.77,Licitação Aberta,,VINHEDO,SP,Não
10291005,"RUA PROJETADA TRÊS (ESTRADA DA BOIADA), N. 00, QD 03, LT 01",RES TERRAS S FCO II,"Terreno, 0.00 de área total, 0.00 de área privativa, 488.21 de área do terreno.",340963.15,535000.0,36.27,Licitação Aberta,,VINHEDO,SP,Sim
8444423513720,"RUA ZEFERINO LODO, N. SN, LT 03 QD G",JARDIM ELDORADO,"Terreno, 0.00 de área total, 0.00 de área privativa, 200.00 de área do terreno.",96181.43,80000.0,0.0,Leilão SFI - Edital Único,,VIRADOURO,SP,Não
8787719076823,"RUA NORBERTO CLAUDIO PAES VIEIRA, N. 80, Apto 203, BL 13 VG 220",VILA PEDROSO,"Apartamento, 45.34 de área total, 39.12 de área privativa, 0.00 de área do terreno,  2 qto(s), WC, 1 sala(s), cozinha, 1 vaga(s) de garagem.",114976.69,205652.47,44.1,Venda Online,,VOTORANTIM,SP,Não
8787712069902,"RUA JOAO CANDIDO STROMBECK, N. 285, Apto 37, BL 12",JARDIM ARAUJO,"Apartamento, 90.39 de área total, 41.08 de área privativa, 0.00 de área do terreno,  2 qto(s), a.serv, WC, 1 sala(s), cozinha, 1 vaga(s) de garagem.",100741.08,170000.0,40.75,Licitação Aberta,,VOTORANTIM,SP,Não
8787709148864,"RUA JOAO CANDIDO STROMBECK, N. 285, Apto 21, BL 10 PAV 02 A21",JARDIM ARAUJO,"Apartamento, 0.00 de área total, 41.35 de área privativa, 0.00 de área do terreno, 1 vaga(s) de garagem.",120278.29,199000.0,39.56,Venda Direta Online,,VOTORANTIM,SP,Não
8787711029729,"RUA JOAO CANDIDO STROMBECK, N. 285, Apto 05, BL 13",JARDIM ARAUJO,"Apartamento, 90.99 de área total, 41.35 de área privativa, 0.00 de área do terreno,  2 qto(s), WC, 1 sala(s), cozinha, 1 vaga(s) de garagem.",120278.29,199000.0,39.56,Venda Direta Online,,VOTORANTIM,SP,Não
8787716417360,"RUA NORBERTO CLAUDIO PAES VIEIRA, N. 80, Apto 403, BLOCO 01",VILA PEDROSO,"Apartamento, 123.01 de área total, 39.12 de área privativa, 0.00 de área do terreno,  2 qto(s), WC, 1 sala(s), cozinha, 1 vaga(s) de garagem.",139619.52,231000.0,39.56,Licitação Aberta,,VOTORANTIM,SP,Não
8787718962013,"RUA NORBERTO CLAUDIO PAES VIEIRA, N. 80, Apto 101, BL 14 VAGA 244",VILA PEDROSO,"Apartamento, 45.88 de área total, 39.30 de área privativa, 0.00 de área do terreno,  2 qto(s), WC, 1 sala(s), cozinha, 1 vaga(s) de garagem.",125113.59,207000.0,39.56,Licitação Aberta,,VOTORANTIM,SP,Não
8787712373229,"RUA PARMA, N. 55, Apto 203, BLOCO 09",VILLA BELLA DE VOTORANTIM,"Apartamento, 0.00 de área total, 53.82 de área privativa, 0.00 de área do terreno,  2 qto(s), WC, 1 sala(s), cozinha, 1 vaga(s) de garagem.",129948.9,215000.0,39.56,Licitação Aberta,,VOTORANTIM,SP,Não
8787714637339,"RUA MILAO, N. 205, Apto 102, BL 07 BOX 107",VILLA BELLA DE VOTORANTIM,"Apartamento, 57.37 de área total, 51.78 de área privativa, 0.00 de área do terreno,  2 qto(s), a.serv, WC, 1 sala(s), cozinha, 1 vaga(s) de garagem.",123300.35,204000.0,39.56,Licitação Aberta,,VOTORANTIM,SP,Não
8787715008637,"RUA PARMA, N. 55, Apto 101, BL 14 VG 69 VG 70",VILLA BELLA DE VOTORANTIM,"Apartamento, 113.90 de área total, 72.23 de área privativa, 0.00 de área do terreno,  2 qto(s), a.serv, WC, 1 sala(s), cozinha, 2 vaga(s) de garagem.",139015.11,230000.0,39.56,Venda Direta Online,,VOTORANTIM,SP,Não
8787715713934,"RUA MILAO, N. 205, Apto 104, BL 17",VILLA BELLA DE VOTORANTIM,"Apartamento, 57.37 de área total, 51.78 de área privativa, 0.00 de área do terreno,  2 qto(s), WC, 1 sala(s), cozinha, 1 vaga(s) de garagem.",132970.97,220000.0,39.56,Venda Direta Online,,VOTORANTIM,SP,Não
8787715902680,"RUA PARMA, N. 144, Apto 101,  BL 04",VILLA BELLA DE VOTORANTIM,"Apartamento, 126.66 de área total, 51.53 de área privativa, 0.00 de área do terreno,  2 qto(s), WC, 1 sala(s), cozinha, 1 vaga(s) de garagem.",129948.9,215000.0,39.56,Venda Direta Online,,VOTORANTIM,SP,Não
8555538116962,"RUA MARGARIDA DOS SANTOS GARCEZ, N. 13, Apto 63, 6º ANDAR BLOCO B",JARDIM ANTONIO CASSILLO,"Apartamento, 86.53 de área total, 54.99 de área privativa, 0.00 de área do terreno,  2 qto(s), WC, 1 sala(s), cozinha, 1 vaga(s) de garagem.",154973.42,253098.62,38.77,Venda Online,,VOTORANTIM,SP,Não
8444434157393,"AVENIDA CRISTIANO VIEIRA PEDRICO, N. 688, Apto 11, BL A",VILA GUILHERME,"Apartamento, 69.80 de área total, 50.39 de área privativa, 0.00 de área do terreno,  2 qto(s), WC, 1 sala(s), cozinha, 1 vaga(s) de garagem.",267000.0,267000.0,0.0,Leilão SFI - Edital Único,,VOTORANTIM,SP,Não
1555514212297,"RUA DARWIN SBRANA, N. 88,",PARQUE SAO JOAO,"Casa, 100.60 de área total, 41.22 de área privativa, 140.00 de área do terreno,  2 qto(s), a.serv, WC, 1 sala(s), cozinha, 2 vaga(s) de garagem.",285610.44,285610.44,0.0,Leilão SFI - Edital Único,,VOTORANTIM,SP,Não
8787712461780,"RUA VERONA, N. 206, Apto 103, BL 09",VILLA BELLA DE VOTORANTIM,"Apartamento, 0.00 de área total, 51.53 de área privativa, 0.00 de área do terreno,  2 qto(s), a.serv, WC, 1 sala(s), cozinha, 1 vaga(s) de garagem.",180000.0,180000.0,0.0,Leilão SFI - Edital Único,,VOTORANTIM,SP,Não
8787712658975,"RUA JOAO CANDIDO STROMBECK, N. 285, Apto 01, TERREO BL 08",JARDIM ARAUJO,"Apartamento, 90.99 de área total, 41.35 de área privativa, 0.00 de área do terreno,  2 qto(s), WC, 1 sala(s), cozinha, 1 vaga(s) de garagem.",153620.38,148000.0,0.0,Leilão SFI - Edital Único,,VOTORANTIM,SP,Não
8787711568611,"RUA JOAO CANDIDO STROMBECK, N. 285, Apto 42, BL 08",JARDIM ARAUJO,"Apartamento, 90.39 de área total, 41.08 de área privativa, 0.00 de área do terreno,  2 qto(s), WC, 1 sala(s), cozinha, 1 vaga(s) de garagem.",193687.64,182788.65,0.0,Leilão SFI - Edital Único,,VOTORANTIM,SP,Não
8787714620460,"RUA PARMA, N. 143, Apto 104, BLOCO 15",VILLA BELLA DE VOTORANTIM,"Apartamento, 78.40 de área total, 51.53 de área privativa, 0.00 de área do terreno,  2 qto(s), a.serv, WC, 1 sala(s), cozinha, 2 vaga(s) de garagem.",255787.35,240000.0,0.0,Leilão SFI - Edital Único,,VOTORANTIM,SP,Não
8787712710071,"RUA JOAO CANDIDO STROMBECK, N. 285, Apto 24, BL 07 PAV 02",JARDIM ARAUJO,"Apartamento, 90.99 de área total, 41.35 de área privativa, 0.00 de área do terreno,  2 qto(s), 1 vaga(s) de garagem.",195042.1,179155.93,0.0,Leilão SFI - Edital Único,,VOTORANTIM,SP,Não
8787712413743,"RUA ADELINA MONARI, N. 195, Apto 12, BL 5A",VILA SANTO ANTONIO,"Apartamento, 99.92 de área total, 41.54 de área privativa, 0.00 de área do terreno,  2 qto(s), WC, 1 sala(s), cozinha, 2 vaga(s) de garagem.",238384.79,214827.14,0.0,Leilão SFI - Edital Único,,VOTORANTIM,SP,Não
8787712646594,"RUA ADELINA MONARI, N. 195, Apto 102, BL1A VAGA 135",VILA SANTO ANTONIO,"Apartamento, 53.54 de área total, 41.54 de área privativa, 0.00 de área do terreno,  2 qto(s), WC, 1 sala(s), cozinha, 1 vaga(s) de garagem.",234321.42,197000.0,0.0,Leilão SFI - Edital Único,,VOTORANTIM,SP,Não
8787716787907,"RUA ADELINA MONARI, N. 195, Apto 13, BLOCO 4A",VILA SANTO ANTONIO,"Apartamento, 53.54 de área total, 41.54 de área privativa, 0.00 de área do terreno,  2 qto(s), WC, 1 sala(s), cozinha, 1 vaga(s) de garagem.",235644.12,197000.0,0.0,Leilão SFI - Edital Único,,VOTORANTIM,SP,Não
8787717149050,"RUA ADELINA MONARI, N. 195, Apto 104, BLOCO 7A",VILA SANTO ANTONIO,"Apartamento, 53.54 de área total, 41.54 de área privativa, 0.00 de área do terreno,  2 qto(s), WC, 1 sala(s), cozinha.",235644.12,197000.0,0.0,Leilão SFI - Edital Único,,VOTORANTIM,SP,Não
8787712647736,"RUA ADELINA MONARI, N. 195, Apto 402, BL 4A VG 36",VILA SANTO ANTONIO,"Apartamento, 75.96 de área total, 41.54 de área privativa, 0.00 de área do terreno,  2 qto(s), WC, 1 sala(s), cozinha, 1 vaga(s) de garagem.",243802.63,193000.0,0.0,Leilão SFI - Edital Único,,VOTORANTIM,SP,Não
10218490,"AVENIDA CONDE FRANCISCO MATARAZZO, N. 00, QD 22, LT 02 PARTE",ESTACAO,"Terreno, 0.00 de área total, 0.00 de área privativa, 125.00 de área do terreno.",37415.58,65000.0,42.44,Venda Direta Online,,VOTUPORANGA,SP,Não
10218496,"AVENIDA CONDE FRANCISCO MATARAZZO, N. 00, QD 22, LT 02 PARTE",ESTACAO,"Terreno, 0.00 de área total, 0.00 de área privativa, 125.00 de área do terreno.",37415.58,65000.0,42.44,Venda Direta Online,,VOTUPORANGA,SP,Não
8787711907360,"AVENIDA FORTUNATO TARJINO GRANJA, N. 1553, CS 18",VILA AMERICA,"Casa, 138.32 de área total, 84.22 de área privativa, 138.32 de área do terreno,  2 qto(s), a.serv, WC, 1 sala(s), cozinha, 1 vaga(s) de garagem.",90746.77,155000.0,41.46,Venda Direta Online,,VOTUPORANGA,SP,Não
8787711914110,"RUA FORTUNATO TARJINO GRANJA, N. 1553, CS 10",VILA AMERICA,"Casa, 138.32 de área total, 84.22 de área privativa, 138.32 de área do terreno,  2 qto(s), a.serv, WC, 1 sala(s), cozinha.",90746.77,155000.0,41.46,Venda Direta Online,,VOTUPORANGA,SP,Não
8787711295674,"ESTRADA MUNICIPAL PRIMO FURLANI, N. 240, Apto 14, BL 11",RESIDENCIAL FORLIFE VERSATO,"Apartamento, 86.62 de área total, 40.47 de área privativa, 0.00 de área do terreno,  2 qto(s), WC, 1 sala(s), cozinha, 1 vaga(s) de garagem.",83604.12,142800.0,41.46,Venda Direta Online,,VOTUPORANGA,SP,Não
8787711894810,"ESTRADA MUNICIPAL PRIMO FURLANI, N. 240, Apto 33, BL 03",RESIDENCIAL FORLIFE VERSATO,"Apartamento, 86.28 de área total, 40.28 de área privativa, 0.00 de área do terreno,  2 qto(s), WC, 1 sala(s), cozinha, 1 vaga(s) de garagem.",90746.77,155000.0,41.46,Venda Direta Online,,VOTUPORANGA,SP,Não
8787720692281,"RUA MARIA ROSA MEGA PEREIRA ANTIGA RUA 17, N. 1924,",PARQUE BOA VISTA I,"Casa, 43.85 de área total, 43.85 de área privativa, 180.00 de área do terreno,  2 qto(s), a.serv, WC, 1 sala(s), cozinha, 1 vaga(s) de garagem.",107852.22,182000.0,40.75,Licitação Aberta,,VOTUPORANGA,SP,Não
8787708328826,"ESTRADA MUNICIPAL PRIMO FURLANI, N. 240, Apto 03, BL 07",RESIDENCIAL FORLIFE VERSATO,"Apartamento, 86.28 de área total, 40.28 de área privativa, 0.00 de área do terreno, 1 vaga(s) de garagem.",101926.27,172000.0,40.75,Venda Direta Online,,VOTUPORANGA,SP,Não
8787711317520,"ESTRADA MUNICIP PRIMO FURLANI, N. 240, Apto 11, 1º ANDAR BL 11, 01 VG SN",RESIDENCIAL FORLIFE VERSATO,"Apartamento, 0.00 de área total, 40.47 de área privativa, 0.00 de área do terreno, 1 vaga(s) de garagem.",94815.14,160000.0,40.75,Venda Direta Online,,VOTUPORANGA,SP,Não
8787712151560,"ESTRADA MUNICIPAL PRIMO FURLANI, N. 240, Apto 33, BL 07",RESIDENCIAL FORLIFE VERSATO,"Apartamento, 86.28 de área total, 40.28 de área privativa, 0.00 de área do terreno, 1 vaga(s) de garagem.",99555.89,168000.0,40.75,Venda Direta Online,,VOTUPORANGA,SP,Não
8787713251909,"ESTRADA MUNICIPAL PRIMO FURLANI, N. 240, Apto 03, BL 03",RESIDENCIAL FORLIFE VERSATO,"Apartamento, 0.00 de área total, 40.28 de área privativa, 0.00 de área do terreno, 1 vaga(s) de garagem.",94815.14,160000.0,40.75,Venda Direta Online,,VOTUPORANGA,SP,Não
8787713456322,"ESTRADA MUNICIP PRIMO FURLANI, N. 240, Apto 04, BL 03",RESIDENCIAL FORLIFE VERSATO,"Apartamento, 86.62 de área total, 40.47 de área privativa, 0.00 de área do terreno, 1 vaga(s) de garagem.",103111.46,174000.0,40.75,Venda Online,,VOTUPORANGA,SP,Não
8787711882359,"AVENIDA FORTUNATO TARJINO GRANJA, N. 1553, CS 04",VILA AMERICA,"Casa, 53.82 de área total, 81.07 de área privativa, 134.89 de área do terreno,  2 qto(s), a.serv, WC, 1 sala(s), cozinha, 2 vaga(s) de garagem.",111212.08,184000.0,39.56,Venda Direta Online,,VOTUPORANGA,SP,Não
8787720096930,"RUA FORTUNATO TARJINO GRANJA, N. 1553, CS 67",VILA AMERICA,"Casa, 53.82 de área total, 81.07 de área privativa, 134.89 de área do terreno,  2 qto(s), a.serv, WC, 1 sala(s), cozinha, 2 vaga(s) de garagem.",111212.08,184000.0,39.56,Venda Direta Online,,VOTUPORANGA,SP,Não
8787708942907,"ESTRADA MUNICIPAL PRIMO FURLANI, N. 240, Apto 33, BL 10",RESIDENCIAL FORLIFE VERSATO,"Apartamento, 86.28 de área total, 40.28 de área privativa, 0.00 de área do terreno,  2 qto(s), WC, 1 sala(s), cozinha, 1 vaga(s) de garagem.",120882.7,200000.0,39.56,Venda Direta Online,,VOTUPORANGA,SP,Não
8787708977824,"ESTRADA MUNICIP PRIMO FURLANI, N. 240, Apto 33, BL 11",RESIDENCIAL FORLIFE VERSATO,"Apartamento, 86.28 de área total, 40.28 de área privativa, 0.00 de área do terreno,  2 qto(s), WC, 1 sala(s), cozinha, 1 vaga(s) de garagem.",120882.7,200000.0,39.56,Venda Direta Online,,VOTUPORANGA,SP,Não
8787709144460,"ESTRADA MUNICIPAL PRIMO FURLANI, N. 240, Apto 12, BL 06",RESIDENCIAL FORLIFE VERSATO,"Apartamento, 86.28 de área total, 40.28 de área privativa, 0.00 de área do terreno,  2 qto(s), WC, 1 sala(s), cozinha, 1 vaga(s) de garagem.",120882.7,200000.0,39.56,Venda Direta Online,,VOTUPORANGA,SP,Não
8787709396353,"ESTRADA MUNICIPAL PRIMO FURLANI, N. 240, Apto 23, BL 07",RESIDENCIAL FORLIFE VERSATO,"Apartamento, 86.28 de área total, 40.28 de área privativa, 0.00 de área do terreno,  2 qto(s), WC, 1 sala(s), cozinha, 1 vaga(s) de garagem.",117860.63,195000.0,39.56,Venda Direta Online,,VOTUPORANGA,SP,Não
8787711934022,"ESTRADA MUNICIP PRIMO FURLANI, N. 240, Apto 31, 3º ANDAR, BL 02",RESIDENCIAL FORLIFE VERSATO,"Apartamento, 40.47 de área total, 40.47 de área privativa, 0.00 de área do terreno,  2 qto(s), WC, 1 sala(s), cozinha, 1 vaga(s) de garagem.",126926.84,210000.0,39.56,Venda Direta Online,,VOTUPORANGA,SP,Não
8787712800640,"ESTRADA MUNICIPAL PRIMO FURLANI, N. 240, Apto 32, BL 05",RESIDENCIAL FORLIFE VERSATO,"Apartamento, 86.62 de área total, 40.47 de área privativa, 0.00 de área do terreno,  2 qto(s), WC, 1 sala(s), cozinha, 1 vaga(s) de garagem.",117860.63,195000.0,39.56,Venda Direta Online,,VOTUPORANGA,SP,Não
10218501,"AVENIDA CONDE FRANCISCO MATARAZZO, N. 00, QD 22, LT 02 PARTE",ESTACAO,"Terreno, 0.00 de área total, 0.00 de área privativa, 641.00 de área do terreno.",177093.71,285000.0,37.87,Venda Direta Online,,VOTUPORANGA,SP,Sim
1444401334166,"RUA MAXIMILIANO LUI, N. 3513, LT 11 QD 02",VALE DO SOL,"Casa, 0.00 de área total, 81.70 de área privativa, 0.00 de área do terreno.",355000.0,355000.0,0.0,Leilão SFI - Edital Único,,VOTUPORANGA,SP,Não
8555537955790,"RUA CICERO JOSE DOS SANTOS, N. 859, LT 06 QD 11",PARQUE RESIDENCIAL ANNA MUNHOZ ALVARES,"Casa, 109.49 de área total, 45.47 de área privativa, 162.00 de área do terreno,  2 qto(s), a.serv, WC, 1 sala(s), cozinha.",195000.0,195000.0,0.0,Leilão SFI - Edital Único,,VOTUPORANGA,SP,Não
8787711888861,"ESTRADA MUNICIP PRIMO FURLANI, N. 240, Apto 23, BL 05",RESIDENCIAL FORLIFE VERSATO,"Apartamento, 86.62 de área total, 40.47 de área privativa, 0.00 de área do terreno,  2 qto(s), WC, 1 sala(s), cozinha, 1 vaga(s) de garagem.",154500.0,154500.0,0.0,Leilão SFI - Edital Único,,VOTUPORANGA,SP,Não
8444422955168,"RUA ANTONIO JOSE VISCARDI CORREA, N. 497, LT 11 QD 06",JARDIM VIVENDAS,"Casa, 55.07 de área total, 55.07 de área privativa, 200.00 de área do terreno,  2 qto(s), a.serv, WC, 1 sala(s), cozinha.",154958.97,147000.0,0.0,Leilão SFI - Edital Único,,VOTUPORANGA,SP,Não
8787718838967,"RUA 03, N. 1816, LT 04 QD 04",PARQUE ESPLANADA,"Casa, 43.85 de área total, 43.85 de área privativa, 180.00 de área do terreno,  2 qto(s), a.serv, WC, 1 sala(s), cozinha.",196129.98,180000.0,0.0,Leilão SFI - Edital Único,,VOTUPORANGA,SP,Não
8787721975848,"RUA 15, N. 2351, QD 01 LT 31",PARQUE ESPLANADA,"Casa, 43.85 de área total, 43.85 de área privativa, 180.00 de área do terreno,  2 qto(s), a.serv, WC, 1 sala(s), cozinha, 2 vaga(s) de garagem.",194234.55,175000.0,0.0,Leilão SFI - Edital Único,,VOTUPORANGA,SP,Não
8787722056625,"RUA 15, N. 2424, LT 19 QD 02",PARQUE ESPLANADA,"Casa, 43.85 de área total, 43.85 de área privativa, 180.00 de área do terreno,  2 qto(s), a.serv, WC, 1 sala(s), cozinha.",194814.41,175000.0,0.0,Leilão SFI - Edital Único,,VOTUPORANGA,SP,Não
8787721496303,"AVENIDA FRANCISCO VILAR HORTA, N. 1932, QUADRA 10  LOTE14",PARQUE ESPLANADA,"Casa, 43.85 de área total, 43.85 de área privativa, 185.63 de área do terreno,  2 qto(s), a.serv, WC, 1 sala(s), cozinha, 1 vaga(s) de garagem.",195098.19,175000.0,0.0,Leilão SFI - Edital Único,,VOTUPORANGA,SP,Não
8787721557400,"RUA 11, N. 4427, LT 34 QD 12",PARQUE ESPLANADA,"Casa, 43.85 de área total, 43.85 de área privativa, 180.00 de área do terreno,  2 qto(s), a.serv, WC, 1 sala(s), cozinha.",195098.19,175000.0,0.0,Leilão SFI - Edital Único,,VOTUPORANGA,SP,Não
8787721197349,"RUA 11, N. 4403,",PARQUE ESPLANADA,"Casa, 43.85 de área total, 43.85 de área privativa, 180.00 de área do terreno,  2 qto(s), a.serv, WC, 1 sala(s), cozinha, 2 vaga(s) de garagem.",194671.08,160000.0,0.0,Leilão SFI - Edital Único,,VOTUPORANGA,SP,Não
8787718838444,"RUA 03, N. 1800, QUADRA 04 LOTE 02",PARQUE ESPLANADA,"Casa, 43.85 de área total, 43.85 de área privativa, 180.00 de área do terreno,  2 qto(s), a.serv, WC, 1 sala(s), cozinha, 1 vaga(s) de garagem.",196361.05,152000.0,0.0,Leilão SFI - Edital Único,,VOTUPORANGA,SP,Não
8787722098387,"RUA LOURDES DE FATIMA RONCOLATO LOREDO, N. 2370,",PARQUE ESPLANADA,"Casa, 43.85 de área total, 43.85 de área privativa, 180.00 de área do terreno,  2 qto(s), a.serv, WC, 1 sala(s), cozinha, 1 vaga(s) de garagem.",194469.03,150000.0,0.0,Leilão SFI - Edital Único,,VOTUPORANGA,SP,Não
8787719815960,"RUA 14, N. 1758, LT 05 QD 01",PARQUE ESPLANADA,"Casa, 43.85 de área total, 43.85 de área privativa, 180.00 de área do terreno,  2 qto(s), a.serv, WC, 1 sala(s), cozinha.",194931.86,150000.0,0.0,Leilão SFI - Edital Único,,VOTUPORANGA,SP,Não
