link,endereco,bairro,descricao,preco,avaliacao,desconto,modalidade,foto,cidade,estado,financiamento
10214912,"RUA VASCO ALVES, N. 464, QD 41, LT 13",CENTRO,"Casa, 0.00 de área total, 228.63 de área privativa, 508.80 de área do terreno.",568193.18,1006000.0,43.52,Venda Online,,ALEGRETE,RS,Não
1444408525455,"RUA ENI DAVILA FRAGOSO, N. 22, CASA",APARECIDA,"Casa, 0.00 de área total, 65.00 de área privativa, 152.58 de área do terreno,  2 qto(s), varanda, a.serv, 1 sala(s), cozinha.",46507.5,151800.0,69.37,Venda Direta Online,,ALVORADA,RS,Não
8444429256001,"RUA DEZESSEIS UNIDOS, N. 31, Apto 302, CO",MARIA REGINA,"Apartamento, 0.00 de área total, 39.78 de área privativa, 504.00 de área do terreno.",41967.41,95000.0,55.83,Venda Direta Online,,ALVORADA,RS,Não
8444400618479,"RUA RODA DE FOGO (ANTIGA RUA 28), N. 33, Apto 103, LT 07 QD 58",MARIA REGINA,"Apartamento, 0.00 de área total, 39.78 de área privativa, 0.00 de área do terreno,  2 qto(s), a.serv, WC, 1 sala(s), cozinha.",46617.06,101000.0,53.85,Venda Direta Online,,ALVORADA,RS,Não
8444429692391,"RUA SELVA DE PEDRA (ANTIGA RUA 30), N. 191, Apto 401,",MARIA REGINA,"Apartamento, 42.84 de área total, 39.78 de área privativa, 0.00 de área do terreno,  2 qto(s), a.serv, WC, 1 sala(s), cozinha.",40248.45,83000.0,51.51,Venda Direta Online,,ALVORADA,RS,Não
8444428679626,"RUA BARAO DE COTEGIPE, N. 149, Apto 104,",MARIA REGINA,"Apartamento, 44.44 de área total, 38.80 de área privativa, 0.00 de área do terreno,  1 qto(s), WC, 1 sala(s), cozinha.",82455.61,159021.0,48.15,Venda Direta Online,,ALVORADA,RS,Sim
8444433881063,"RUA EDISON DE OLIVEIRA, N. 518, Apto 304, BL 03 SUB-BL A",UMBU,"Apartamento, 43.56 de área total, 42.98 de área privativa, 0.00 de área do terreno,  2 qto(s), WC, 1 sala(s), cozinha.",65219.59,123000.0,46.98,Venda Direta Online,,ALVORADA,RS,Sim
8444429829222,"RUA 32, N. 191, Apto 102, QD 57 LT 1",PASSO DA FIGUEIRA,"Apartamento, 42.84 de área total, 39.78 de área privativa, 0.00 de área do terreno,  2 qto(s), a.serv, WC, 1 sala(s), cozinha.",54522.84,94180.63,42.11,Venda Direta Online,,ALVORADA,RS,Não
8444428629637,"RUA ALDO RODRIGUES DA SILVA, N. 205, Apto 102,",JARDIM ALGARVE,"Apartamento, 0.00 de área total, 33.35 de área privativa, 0.00 de área do terreno,  1 qto(s), WC, 1 sala(s), cozinha.",72988.41,126000.0,42.08,Licitação Aberta,,ALVORADA,RS,Não
8444429188685,"RUA CENTO E VINTE E TRES, N. 599, Apto 103, PV 1 LT 51 QD E12A",JARDIM ALGARVE,"Apartamento, 33.69 de área total, 30.39 de área privativa, 0.00 de área do terreno,  1 qto(s), WC, 1 sala(s), cozinha.",78781.14,136000.0,42.08,Venda Online,,ALVORADA,RS,Sim
8444407748564,"RUA CANGUCU, N. SN, FRACAO 04 LT 10 QD K",TIJUCA,"Terreno, 0.00 de área total, 0.00 de área privativa, 365.00 de área do terreno.",46472.85,80000.0,41.91,Venda Direta Online,,ALVORADA,RS,Não
8444406534447,"RUA DOM PEDRITO, N. 117, PARTE LT 09 CHACARA 02 QD 31",APARECIDA,"Casa, 120.00 de área total, 120.00 de área privativa, 231.00 de área do terreno,  2 qto(s), WC, 1 sala(s), cozinha, 1 vaga(s) de garagem.",210825.13,362436.0,41.84,Venda Direta Online,,ALVORADA,RS,Não
8444425616208,"RUA NUMERO 142, N. 99, Apto 202, LT 41 LT E24",ALGARVE,"Apartamento, 0.00 de área total, 35.72 de área privativa, 0.00 de área do terreno,  1 qto(s), WC, 1 sala(s), cozinha.",84950.68,145100.0,41.46,Venda Online,,ALVORADA,RS,Sim
8444436977355,"RUA CENTO E CINQUENTA, N. 234, Apto 202,",JARDIM ALGARVE,"Apartamento, 37.10 de área total, 31.94 de área privativa, 0.00 de área do terreno,  1 qto(s), WC, 1 sala(s), cozinha.",87233.99,149000.0,41.46,Venda Direta Online,,ALVORADA,RS,Sim
8444419670654,"RUA JOSE LINS DO REGO, N. 1288, CS 1 LT 11A",MARIA REGINA,"Casa, 47.97 de área total, 45.84 de área privativa, 87.60 de área do terreno,  2 qto(s), WC, 1 sala(s), cozinha, 1 vaga(s) de garagem.",82550.28,141000.0,41.46,Venda Direta Online,,ALVORADA,RS,Sim
8444437760848,"RUA CAMPO VERDE, N. 709, Apto 302, LT 23 QD 32",MARIA REGINA,"Apartamento, 47.90 de área total, 42.87 de área privativa, 0.00 de área do terreno,  2 qto(s), WC, 1 sala(s), cozinha.",87819.45,150000.0,41.46,Licitação Aberta,,ALVORADA,RS,Não
8444426086938,"RUA CENTO E QUARENTA E SEIS, N. 119, Apto 301, PAV 2/3 LT 44 QD E-22",JARDIM ALGARVE,"Apartamento, 33.68 de área total, 29.00 de área privativa, 0.00 de área do terreno,  1 qto(s), WC, 1 sala(s), cozinha.",94815.14,160000.0,40.75,Venda Direta Online,,ALVORADA,RS,Sim
8444429774495,"RUA CENTO E VINTE E UM, N. 134, Apto 302, LT 13 QD E16A",JARDIM ALGARVE,"Apartamento, 29.37 de área total, 29.37 de área privativa, 0.00 de área do terreno,  1 qto(s), a.serv, WC, 1 sala(s), cozinha.",94815.14,160000.0,40.75,Licitação Aberta,,ALVORADA,RS,Não
8444431781045,"RUA CENTO E CINQUENTA, N. 226, Apto 202, LT 11 QD E-6D",JARDIM ALGARVE,"Apartamento, 41.76 de área total, 35.88 de área privativa, 0.00 de área do terreno,  1 qto(s), WC, 1 sala(s), cozinha.",97778.11,165000.0,40.75,Licitação Aberta,,ALVORADA,RS,Não
8444435620011,"RUA VINTE E SETE, N. 223, Apto 103, BL 03 QD 57 LT 03",MARIA REGINA,"Apartamento, 42.84 de área total, 39.78 de área privativa, 0.00 de área do terreno,  2 qto(s), a.serv, WC, 1 sala(s), cozinha.",97778.11,165000.0,40.75,Venda Online,,ALVORADA,RS,Sim
8444417912600,"RUA JOSE LINS DO REGO, N. 762, CS 01, QD G, LT 14",MARIA REGINA,"Casa, 71.25 de área total, 71.25 de área privativa, 90.00 de área do terreno,  2 qto(s), varanda, a.serv, WC, 1 sala(s), 1 lavabo(s), cozinha, 1 vaga(s) de garagem.",133930.31,221587.22,39.56,Venda Direta Online,,ALVORADA,RS,Sim
10218347,"RUA MARIZ E BARROS (ANTIGA RUA A), N. 1062, QD 04, LT 13",AMERICANA,"Casa, 0.00 de área total, 184.82 de área privativa, 360.00 de área do terreno.",226804.22,365000.0,37.87,Venda Direta Online,,ALVORADA,RS,Não
8787703011883,"RUA F, N. 130, Apto 502, BL 07 5° PAVIMENTO QD 15",PIRATINI,"Apartamento, 85.45 de área total, 43.99 de área privativa, 0.00 de área do terreno,  2 qto(s), WC, 1 sala(s), cozinha.",100696.78,150000.0,32.87,Leilão SFI - Edital Único,,ALVORADA,RS,Não
8444425479502,"RUA  JOSE LINS DO REGO, N. 1253, CASA 02, LOTE 05",VILA MORUMBY,"Casa, 0.00 de área total, 45.70 de área privativa, 0.00 de área do terreno,  2 qto(s), WC, 1 sala(s), cozinha.",124010.06,143000.0,13.28,Leilão SFI - Edital Único,,ALVORADA,RS,Não
8787703259680,"RUA F, N. 130, Apto 202, BLOCO 05 2° PAVIMENTO BOX N° 01",LOT RES VALE VERDE,"Apartamento, 85.45 de área total, 43.99 de área privativa, 0.00 de área do terreno,  2 qto(s), WC, 1 sala(s), cozinha, 1 vaga(s) de garagem.",141714.46,150000.0,5.53,Leilão SFI - Edital Único,,ALVORADA,RS,Não
8444427648352,"RUA CENTO E QUARENTA E SEIS, N. 277, Apto 201, PAV 02 LT 22 QD E1A",JARDIM ALGARVE,"Apartamento, 34.20 de área total, 29.15 de área privativa, 0.00 de área do terreno,  1 qto(s), WC, 1 sala(s), cozinha.",160000.0,160000.0,0.0,Leilão SFI - Edital Único,,ALVORADA,RS,Não
8444440117128,"RUA PRESBITERO JOAO FRANCISCO GOMES, N. 104, Apto 202,",JARDIM ALGARVE,"Apartamento, 36.69 de área total, 31.15 de área privativa, 0.00 de área do terreno,  1 qto(s), WC, 1 sala(s), cozinha.",166000.0,166000.0,0.0,Leilão SFI - Edital Único,,ALVORADA,RS,Não
8555529417998,"RUA JOZINO LIOTTI, N. 601, CS 314",JARDIM ALGARVE,"Casa, 143.98 de área total, 71.75 de área privativa, 100.00 de área do terreno,  3 qto(s), a.serv, WC, 1 sala(s), cozinha, 1 vaga(s) de garagem.",266000.0,266000.0,0.0,Leilão SFI - Edital Único,,ALVORADA,RS,Não
8444419570510,"RUA FERNAO DIAS, N. 500, CS 01 QD 5 LT 26",FORMOZA,"Casa, 54.50 de área total, 50.49 de área privativa, 86.40 de área do terreno,  2 qto(s), WC, 1 sala(s), cozinha.",226598.96,226598.96,0.0,Leilão SFI - Edital Único,,ALVORADA,RS,Não
8444424248060,"RUA FERNANDO FERRARI, N. 1042, Apto 104,",FORMOZA,"Apartamento, 39.80 de área total, 38.46 de área privativa, 0.00 de área do terreno,  2 qto(s), WC, 1 sala(s), cozinha.",136000.0,136000.0,0.0,Leilão SFI - Edital Único,,ALVORADA,RS,Não
8444405810009,"RUA RODA DE FOGO, N. 56, Apto 401,",MARIA REGINA,"Apartamento, 42.84 de área total, 39.78 de área privativa, 0.00 de área do terreno,  2 qto(s), WC, 1 sala(s), cozinha.",105000.0,105000.0,0.0,Leilão SFI - Edital Único,,ALVORADA,RS,Não
8444417442093,"RUA AIMORE, N. 204, CS 02",MARIA REGINA,"Casa, 46.76 de área total, 44.83 de área privativa, 86.93 de área do terreno.",160000.0,160000.0,0.0,Leilão SFI - Edital Único,,ALVORADA,RS,Não
8787703218720,"RUA MARAJO, N. 130, Apto 204, BL 02 VG 109",PIRATINI,"Apartamento, 85.46 de área total, 43.99 de área privativa, 0.00 de área do terreno,  2 qto(s), WC, 1 sala(s), cozinha, 1 vaga(s) de garagem.",175000.0,175000.0,0.0,Leilão SFI - Edital Único,,ALVORADA,RS,Não
8787703308509,"RUA MARAJO, N. 130, Apto 503, BL 06 VG 30 5 PAV",PIRATINI,"Apartamento, 85.45 de área total, 43.99 de área privativa, 0.00 de área do terreno,  2 qto(s), WC, 1 sala(s), cozinha, 1 vaga(s) de garagem.",190000.0,179298.65,0.0,Leilão SFI - Edital Único,,ALVORADA,RS,Não
8444435377788,"RUA CENTO E VINTE E CINCO, N. 116, Apto 204,",JARDIM ALGARVE,"Apartamento, 36.20 de área total, 30.30 de área privativa, 0.00 de área do terreno,  1 qto(s), WC, 1 sala(s), cozinha.",172117.9,160000.0,0.0,Leilão SFI - Edital Único,,ALVORADA,RS,Não
8444438994788,"RUA TREZE, N. 311, Apto 204, 2 PAV",UMBU,"Apartamento, 34.34 de área total, 30.00 de área privativa, 0.00 de área do terreno,  1 qto(s), WC, 1 sala(s), cozinha.",144113.45,132000.0,0.0,Leilão SFI - Edital Único,,ALVORADA,RS,Não
8444437802818,"RUA LIMA E SILVA, N. 163, Apto 103,",TIJUCA,"Apartamento, 34.58 de área total, 29.78 de área privativa, 0.00 de área do terreno,  1 qto(s), WC, 1 sala(s), cozinha.",170000.0,152000.0,0.0,Leilão SFI - Edital Único,,ALVORADA,RS,Não
8787718140722,"RUA PAISSANDU, N. SN, CS 05 RUA E Nº 27 VG 05 LT 01 QD 04",PIRATINI,"Casa, 31.42 de área total, 30.18 de área privativa, 79.50 de área do terreno,  1 qto(s), a.serv, WC, 1 sala(s), cozinha, 1 vaga(s) de garagem.",161900.0,140780.0,0.0,Leilão SFI - Edital Único,,ALVORADA,RS,Não
8444426121911,"RUA JOAO FRANCISCO DA SILVA, N. 6, Apto 102, ED B",JARDIM ALGARVE,"Apartamento, 59.37 de área total, 56.23 de área privativa, 0.00 de área do terreno,  2 qto(s), varanda, a.serv, WC, 1 sala(s), cozinha.",180000.0,156000.0,0.0,Leilão SFI - Edital Único,,ALVORADA,RS,Não
8787704580938,"RUA F, N. 130, Apto 201, BL 05 BOX 140",PIRATINI,"Apartamento, 85.45 de área total, 43.99 de área privativa, 0.00 de área do terreno,  2 qto(s), WC, 1 sala(s), cozinha, 1 vaga(s) de garagem.",190000.0,163000.0,0.0,Leilão SFI - Edital Único,,ALVORADA,RS,Não
1444414639920,"RUA BEIJAFLORES, N. 33, LT 32 QD 29",JARDIM ALGARVE,"Casa, 43.40 de área total, 43.40 de área privativa, 175.00 de área do terreno,  1 qto(s), a.serv, WC, 1 sala(s), cozinha.",192844.37,165000.0,0.0,Leilão SFI - Edital Único,,ALVORADA,RS,Não
8787718327334,"RUA B, N. 140, Q02L01 UN.PV.46",PIRATINI,"Casa, 29.30 de área total, 29.30 de área privativa, 37.19 de área do terreno,  1 qto(s), WC, 1 sala(s), cozinha, 1 vaga(s) de garagem.",173603.93,146000.0,0.0,Leilão SFI - Edital Único,,ALVORADA,RS,Não
8444434835014,"RUA ANA AXELRUD, N. 1088, Apto 102,",MARIA REGINA,"Apartamento, 33.10 de área total, 30.17 de área privativa, 0.00 de área do terreno,  1 qto(s), WC, 1 sala(s), cozinha.",168009.34,141000.0,0.0,Leilão SFI - Edital Único,,ALVORADA,RS,Não
8444438868880,"RUA RODA DE FOGO, N. 97, Apto 402,",MARIA REGINA,"Apartamento, 42.84 de área total, 39.78 de área privativa, 0.00 de área do terreno,  2 qto(s), WC, 1 sala(s), cozinha.",170958.5,140400.0,0.0,Leilão SFI - Edital Único,,ALVORADA,RS,Não
8444438509596,"RUA 27, N. 262, Apto 302, 2º ANDAR OU 3º PAVIMENTO",MARIA REGINA,"Apartamento, 42.84 de área total, 39.78 de área privativa, 0.00 de área do terreno,  2 qto(s), a.serv, WC, 1 sala(s), cozinha.",112442.31,78000.0,0.0,Leilão SFI - Edital Único,,ALVORADA,RS,Não
8444422908704,"RUA PEDRO ALVARES CABRAL, N. 168, Apto 202, PAV 02 LT 20 QD C",LOT PQ RES SÃO PEDRO,"Apartamento, 69.05 de área total, 56.05 de área privativa, 0.00 de área do terreno,  2 qto(s), a.serv, WC, 1 sala(s), cozinha, 1 vaga(s) de garagem.",279332.98,176000.0,0.0,Leilão SFI - Edital Único,,ALVORADA,RS,Não
8444408190931,"RUA 27, N. 247, Apto 203,",MARIA REGINA,"Apartamento, 42.84 de área total, 39.78 de área privativa, 0.00 de área do terreno,  2 qto(s), a.serv, WC, 1 sala(s), cozinha.",147329.27,90000.0,0.0,Leilão SFI - Edital Único,,ALVORADA,RS,Não
1444403833062,"AVENIDA JULIO DE CASTILHOS, N. 360,",CENTRO,"Casa, 208.00 de área total, 208.00 de área privativa, 1943.77 de área do terreno,  2 qto(s), WC, 1 sala(s), 1 lavabo(s), cozinha, 2 vaga(s) de garagem.",700000.0,535000.0,0.0,Leilão SFI - Edital Único,,ANTA GORDA,RS,Não
1444417079314,"RUA SAO CRISTOVAO, N. 191, LT 16, QD A, ZN 04",BARRA DO FORQUETA,"Terreno, 0.00 de área total, 0.00 de área privativa, 968.00 de área do terreno,  2 qto(s), a.serv, WC, 1 sala(s), cozinha.",384779.75,659000.0,41.62,Venda Direta Online,,ARROIO DO MEIO,RS,Sim
8444430912260,"RUA GETULIO AZZI, N. SN, QUADRA 64 LOTE P/02 LADO IMPAR",POCO TRES,"Terreno, 0.00 de área total, 0.00 de área privativa, 259.65 de área do terreno.",123883.1,115100.86,0.0,Leilão SFI - Edital Único,,ARROIO DOS RATOS,RS,Não
10275553,"RUA ARCÂNGELO FORNARI, N. 00, QD 239, LT 03",CENTRO,"Gleba Urbana, 0.00 de área total, 0.00 de área privativa, 4725.00 de área do terreno.",973704.72,1567000.0,37.87,Venda Direta Online,,ARVOREZINHA,RS,Sim
1444421368716,"RUA LUIZ DORIGONI FILHO, N. 0, LT 50, QD 2-B",CENTRO,"Terreno, 0.00 de área total, 0.00 de área privativa, 1870.70 de área do terreno.",955971.45,1500000.0,36.27,Venda Direta Online,,ARVOREZINHA,RS,Sim
10143308,"RUA JOSE LUIZ MACHADO, N. S/N, QD 64 PARTE DOS LTS 11 E 12",INDUSTRIAL I,"Casa, 0.00 de área total, 54.00 de área privativa, 300.00 de área do terreno,  2 qto(s), WC, 1 sala(s), cozinha, 1 vaga(s) de garagem.",23239.27,68000.0,65.83,Venda Direta Online,,BAGE,RS,Não
10143309,"RUA JOSE LUIZ MACHADO, N. S/N, QD 64 PARTES DOS LTS 11 E 12",INDUSTRIAL I,"Terreno, 0.00 de área total, 0.00 de área privativa, 300.00 de área do terreno.",27971.24,66500.0,57.94,Venda Direta Online,,BAGE,RS,Não
10176581,"RUA FABRICIO PILAR, N. 486, QD 01, LT 07",CENTRO,"Casa, 0.00 de área total, 48.00 de área privativa, 300.00 de área do terreno.",65069.49,135000.0,51.81,Venda Direta Online,,BAGE,RS,Não
8045600163206,"RUA TOMAS GONZAGA, N. 215, LT 15 E 17 QD 16",TIARAJU,"Casa, 125.76 de área total, 121.00 de área privativa, 400.00 de área do terreno,  3 qto(s), a.serv, WC, 1 sala(s), cozinha, 2 vaga(s) de garagem.",159328.58,250000.0,36.27,Venda Direta Online,,BAGE,RS,Não
8787716901149,"RUA ORSAY DA ROSA AZAMBUJA - ANTIGA TRAVESSA 45, N. 677, Apto 303, TORRE K PAVIMENTO TERREO",NOVA ESPERANÇA,"Apartamento, 65.63 de área total, 45.51 de área privativa, 0.00 de área do terreno,  2 qto(s), varanda, a.serv, WC, 1 sala(s), cozinha, 1 vaga(s) de garagem.",161283.96,170000.0,5.13,Leilão SFI - Edital Único,,BAGE,RS,Não
8444435903463,"RUA IDELFONSO PEGAS, N. 2975, Apto 402, TORRE SAO MIGUEL  ARCANJO II",SAO JORGE,"Apartamento, 55.28 de área total, 42.69 de área privativa, 0.00 de área do terreno,  2 qto(s), a.serv, WC, 1 sala(s), cozinha, 1 vaga(s) de garagem.",143000.0,143000.0,0.0,Leilão SFI - Edital Único,,BAGE,RS,Não
8787712570040,"RUA ORSAY DA ROSA AZAMBUJA, N. 855, Apto 202, TORRE E",INDUSTRIAL I,"Apartamento, 65.01 de área total, 55.16 de área privativa, 0.00 de área do terreno,  2 qto(s), WC, 1 sala(s), cozinha, 1 vaga(s) de garagem.",179000.0,179000.0,0.0,Leilão SFI - Edital Único,,BAGE,RS,Não
1444409819436,"RUA LUIZA AMALIA GONCALVES, N. 215, LT 05 QD 37",INDUSTRIAL I,"Casa, 75.45 de área total, 75.45 de área privativa, 400.00 de área do terreno,  2 qto(s), WC, 1 sala(s), cozinha.",247432.23,210000.0,0.0,Leilão SFI - Edital Único,,BAGE,RS,Não
10222098,"RUA BUARQUE DE MACEDO, N. SN, LT 03",CENTRO,"Terreno, 0.00 de área total, 0.00 de área privativa, 4548.35 de área do terreno.",593419.28,955000.0,37.87,Venda Direta Online,,BARAO,RS,Sim
8444432227092,"RUA VIRGILIO ROMAN ROSS, N. 65, LT 33 QD B",SAO ROQUE,"Terreno, 0.00 de área total, 0.00 de área privativa, 200.00 de área do terreno.",75305.5,130000.0,42.08,Licitação Aberta,,BENTO GONCALVES,RS,Não
10211436,"RS 444, N. 00, LT 39, KM 19+137m A OESTE DA ALAMEDA E",VALE DOS VINHEDOS,"Terreno, 0.00 de área total, 0.00 de área privativa, 924.28 de área do terreno.",600000.0,600000.0,0.0,Leilão SFI - Edital Único,,BENTO GONCALVES,RS,Não
10211437,"RS 444, N. 00, LT 40, KM 19+137m A OESTE DA ALAMEDA E",VALE DOS VINHEDOS,"Terreno, 0.00 de área total, 0.00 de área privativa, 839.24 de área do terreno.",760000.0,760000.0,0.0,Leilão SFI - Edital Único,,BENTO GONCALVES,RS,Não
1444416327942,"RUA JOANA GUINDANI TONELLO, N. 1429, Apto 401, BOX 40 TORRE SALGADO",INDUSTRIAL,"Apartamento, 79.89 de área total, 51.75 de área privativa, 0.00 de área do terreno,  2 qto(s), WC, 1 sala(s), cozinha, 1 vaga(s) de garagem.",320000.0,320000.0,0.0,Leilão SFI - Edital Único,,BENTO GONCALVES,RS,Não
1444419064225,"RUA JOAO PESSOA, N. 520, SL 101 BOX COM A",SANTA RITA,"Comercial, 0.00 de área total, 311.98 de área privativa, 0.00 de área do terreno, 1 vaga(s) de garagem.",1311330.38,1280394.99,0.0,Leilão SFI - Edital Único,,BENTO GONCALVES,RS,Não
8444435010809,"RUA JOSE LUNELLI, N. 300, Apto 701, BL 1 TORRE PLATANO BOX 10 7 PAV",SAO ROQUE,"Apartamento, 74.72 de área total, 53.46 de área privativa, 0.00 de área do terreno,  2 qto(s), WC, 1 sala(s), cozinha, 1 vaga(s) de garagem.",231447.98,200000.0,0.0,Leilão SFI - Edital Único,,BENTO GONCALVES,RS,Não
1444418375286,"AVENIDA IPIRANGA, N. SN, LOTE 23 DA QUADRA 26",Vila Charrua,"Terreno, 0.00 de área total, 0.00 de área privativa, 500.00 de área do terreno.",91923.05,104000.0,11.62,Leilão SFI - Edital Único,,BUTIA,RS,Não
1444421481911,"RUA CEL AFONSO EMILIO MASSOT, N. 36,",CENTRO,"Casa, 55.76 de área total, 55.76 de área privativa, 125.20 de área do terreno,  2 qto(s), a.serv, WC, 1 sala(s), cozinha.",259998.34,200000.0,0.0,Leilão SFI - Edital Único,,BUTIA,RS,Não
8444405056320,"RUA MOZART RODRIGUES BRITES, N. 167, LT 14 SETOR 11 QD 138",CENTRO,"Casa, 37.80 de área total, 37.80 de área privativa, 180.00 de área do terreno,  2 qto(s), a.serv, WC, 1 sala(s), cozinha, 1 vaga(s) de garagem.",45444.03,75000.0,39.41,Venda Direta Online,,CACAPAVA DO SUL,RS,Não
10289429,"RUA XV DE NOVEMBRO, N. 748, QD 48, LT 05, ST 01",Centro,"Terreno, 0.00 de área total, 0.00 de área privativa, 350.00 de área do terreno.",851451.9,1336000.0,36.27,Licitação Aberta,,CACAPAVA DO SUL,RS,Sim
10238939,"RUA DUQUE DE CAXIAS, N. 1373, CASA",SOARES,"Casa, 0.00 de área total, 300.80 de área privativa, 2299.09 de área do terreno.",1002176.73,1700000.0,41.05,Venda Direta Online,,CACHOEIRA DO SUL,RS,Sim
1444419716770,"RUA JULIO DE CASTILHOS, N. 1336, Apto AP.03, 3ºPAV. 2ºA.",CENTRO,"Apartamento, 72.35 de área total, 65.78 de área privativa, 0.00 de área do terreno, a.serv.",263734.47,190000.0,0.0,Leilão SFI - Edital Único,,CACHOEIRA DO SUL,RS,Não
10279394,"RUA SOEIRO DE ALMEIDA, N. 222, CASA",SOARES,"Casa, 0.00 de área total, 304.77 de área privativa, 774.40 de área do terreno,  3 qto(s), varanda, a.serv, WC, 2 sala(s), 1 lavabo(s), DCE, cozinha.",3065868.09,2100000.0,0.0,Leilão SFI - Edital Único,,CACHOEIRA DO SUL,RS,Não
1444407896565,"RUA CONCORDIA, N. 1591, LT 29 QD A-5",PARQUE DA MATRIZ,"Casa, 137.50 de área total, 92.00 de área privativa, 229.49 de área do terreno,  3 qto(s), a.serv, WC, 1 sala(s), cozinha.",295554.5,530000.0,44.24,Venda Direta Online,,CACHOEIRINHA,RS,Sim
8444431408875,"RUA IRLANDA, N. 87, Apto 320E, BL E",PARQUE MARECHAL RONDON,"Apartamento, 42.91 de área total, 38.53 de área privativa, 0.00 de área do terreno,  2 qto(s), a.serv, WC, 1 sala(s), cozinha.",75305.5,130000.0,42.08,Venda Direta Online,,CACHOEIRINHA,RS,Sim
8787712908564,"RUA CANARINHO, N. 70, Apto 402, BL 16",PARQUE MARECHAL RONDON,"Apartamento, 76.62 de área total, 41.19 de área privativa, 0.00 de área do terreno,  2 qto(s), WC, 1 sala(s), cozinha.",78201.87,135000.0,42.08,Licitação Aberta,,CACHOEIRINHA,RS,Não
8555521954560,"AVENIDA DA FEDERACAO (ANTIGA RUA 01), N. 685, Apto BL G, LT 22 QD K",JARDIM BETANIA,"Apartamento, 47.62 de área total, 43.20 de área privativa, 0.00 de área do terreno,  2 qto(s), WC, 1 sala(s), cozinha.",78781.14,136000.0,42.08,Licitação Aberta,,CACHOEIRINHA,RS,Não
8787700179392,"RUA ROSA VERMELHA (ANTIGA RUA 04), N. 158, CS 01",CHACARA DAS ROSAS II,"Casa, 29.80 de área total, 29.80 de área privativa, 94.01 de área do terreno,  1 qto(s), a.serv, WC, 1 sala(s), cozinha, 1 vaga(s) de garagem.",94815.14,160000.0,40.75,Licitação Aberta,,CACHOEIRINHA,RS,Não
8787713982857,"RUA 42, N. 59, CS 10",FAZENDA ESPERANCA,"Casa, 44.82 de área total, 43.64 de área privativa, 84.48 de área do terreno,  2 qto(s), a.serv, WC, 1 sala(s), cozinha, 1 vaga(s) de garagem.",100741.08,170000.0,40.75,Licitação Aberta,,CACHOEIRINHA,RS,Não
8787716450724,"ESTRADA DOS CAPISTRANOS, N. 525, Apto 330, BL H LT A",AGUAS MORTAS,"Apartamento, 83.02 de área total, 48.15 de área privativa, 0.00 de área do terreno, 1 vaga(s) de garagem.",111816.5,185000.0,39.56,Licitação Aberta,,CACHOEIRINHA,RS,Não
8444406146323,"RUA PAPA JOAO XXIII, N. 673, Apto 403, BL 03 QD 05",VILA CACHOEIRINHA,"Apartamento, 133.75 de área total, 83.63 de área privativa, 0.00 de área do terreno,  2 qto(s), a.serv, WC, 1 sala(s), cozinha, Terraco.",172837.05,271195.94,36.27,Venda Direta Online,,CACHOEIRINHA,RS,Sim
1555505640320,"RUA RUI RAMOS, N. 66, Apto 503, 5º ANDAR, LOT JARDIM MAUÁ",VILA IMBUI,"Apartamento, 193.79 de área total, 171.86 de área privativa, 0.00 de área do terreno,  2 qto(s), a.serv, WC, 2 sala(s), cozinha, Terraco.",427000.58,670000.0,36.27,Venda Direta Online,,CACHOEIRINHA,RS,Sim
8787705682858,"AVENIDA DA FEDERACAO, N. 705, Apto 329, BLOCO H",JARDIM DOS ESTADOS,"Apartamento, 0.00 de área total, 43.20 de área privativa, 0.00 de área do terreno,  2 qto(s), WC, 1 sala(s), cozinha.",110860.59,134000.0,17.27,Leilão SFI - Edital Único,,CACHOEIRINHA,RS,Não
8787709629781,"AVENIDA DA FEDERACAO, N. 705, Apto 344, BLOCO K",JARDIM BETANIA,"Apartamento, 47.62 de área total, 43.20 de área privativa, 0.00 de área do terreno,  2 qto(s), a.serv, WC, 1 sala(s), cozinha.",154420.14,156000.0,1.02,Leilão SFI - Edital Único,,CACHOEIRINHA,RS,Não
8084400404391,"RUA SANTA CLARA, N. 197, Apto 403, BL 1 4 PAV",VILA CACHOEIRINHA,"Apartamento, 130.60 de área total, 119.34 de área privativa, 0.00 de área do terreno,  1 qto(s), a.serv, WC, 2 sala(s), cozinha, Terraco.",225000.0,225000.0,0.0,Leilão SFI - Edital Único,,CACHOEIRINHA,RS,Não
8787710268665,"RUA SUICA ACESSO C, N. 784, CS 57  QD C  RESIDENCIAL SUIÇA",PARQUE MARECHAL RONDON,"Casa, 0.00 de área total, 44.44 de área privativa, 0.00 de área do terreno,  2 qto(s), WC, 1 sala(s), cozinha, Terraco.",190000.0,190000.0,0.0,Leilão SFI - Edital Único,,CACHOEIRINHA,RS,Não
8444415021481,"RUA FLAVIO CATANHEDE, N. 55, BOX 08",VILA SILVEIRA MARTINS,"Casa, 122.36 de área total, 98.31 de área privativa, 48.62 de área do terreno,  2 qto(s), a.serv, WC, 1 sala(s), cozinha, 1 vaga(s) de garagem.",198000.0,198000.0,0.0,Leilão SFI - Edital Único,,CACHOEIRINHA,RS,Não
8084400406548,"RUA RIO BRANCO, N. 551, Apto 401, BL B BOX 18",PONTA PORA,"Apartamento, 0.00 de área total, 57.65 de área privativa, 0.00 de área do terreno, 1 vaga(s) de garagem.",210000.0,210000.0,0.0,Leilão SFI - Edital Único,,CACHOEIRINHA,RS,Não
8555518452258,"RUA OTTO ESPINDOLA, N. 226, CS 01",MORADA DO BOSQUE,"Casa, 50.00 de área total, 42.00 de área privativa, 50.00 de área do terreno,  2 qto(s), a.serv, WC, 1 sala(s), cozinha, 2 vaga(s) de garagem.",225000.0,225000.0,0.0,Leilão SFI - Edital Único,,CACHOEIRINHA,RS,Não
8787700296690,"RUA ESMERALDA, N. 349, CS 04 LT 14 QD F1",FAZENDA ESPERANCA,"Casa, 0.00 de área total, 29.96 de área privativa, 85.51 de área do terreno,  1 qto(s), a.serv, WC, 1 sala(s), cozinha.",200000.0,200000.0,0.0,Leilão SFI - Edital Único,,CACHOEIRINHA,RS,Não
8444410984389,"AVENIDA DA FEDERACAO, N. 685, Apto 237, BL J ANDAR 01 PAV 02 LT 22 QD K",JARDIM BETANIA,"Apartamento, 47.62 de área total, 43.20 de área privativa, 0.00 de área do terreno,  2 qto(s), WC, 1 sala(s), cozinha.",152885.89,150000.0,0.0,Leilão SFI - Edital Único,,CACHOEIRINHA,RS,Não
8444437200842,"RUA ROMENIA, N. 305, Apto 309D, BLOCO D, TERCEIRO PAVIMENTO",PARQUE MARECHAL RONDON,"Apartamento, 45.51 de área total, 40.51 de área privativa, 0.00 de área do terreno,  2 qto(s), a.serv, WC, 1 sala(s), cozinha.",137288.5,128401.79,0.0,Leilão SFI - Edital Único,,CACHOEIRINHA,RS,Não
8444400529018,"R  PAPA JOAO XXIII, N. 1100, Apto 401, BLOCO 02",VILA CACHOEIRINHA,"Apartamento, 0.00 de área total, 49.36 de área privativa, 0.00 de área do terreno,  2 qto(s), varanda, a.serv, WC, 1 sala(s), cozinha.",160000.0,148000.0,0.0,Leilão SFI - Edital Único,,CACHOEIRINHA,RS,Não
8444424968550,"RUA DOUTOR NILO PEÇANHA, N. 554, Apto 202,",VILA JARDIM AMERICA,"Apartamento, 72.50 de área total, 45.35 de área privativa, 0.00 de área do terreno,  2 qto(s), a.serv, WC, 1 sala(s), cozinha, 1 vaga(s) de garagem.",203390.59,178000.0,0.0,Leilão SFI - Edital Único,,CACHOEIRINHA,RS,Não
8787703638673,"RUA CHUVA DE OURO, N. 258,",CHACARA DAS ROSAS,"Casa, 39.27 de área total, 39.27 de área privativa, 90.10 de área do terreno, 1 vaga(s) de garagem.",200000.0,130000.0,0.0,Leilão SFI - Edital Único,,CACHOEIRINHA,RS,Não
1444418826849,"RUA IRMAOS VEIGA, N. 78, CS.1 LT.24 QD.R SUBQD.R3",VILA PARQUE BRASILIA,"Casa, 57.51 de área total, 57.51 de área privativa, 75.55 de área do terreno,  2 qto(s), a.serv, WC, 1 sala(s), 1 lavabo(s), cozinha, 1 vaga(s) de garagem.",238067.56,132000.0,0.0,Leilão SFI - Edital Único,,CACHOEIRINHA,RS,Não
10145764,"RUA GUADALAJARA, N. 446",SANTA MARTA,"Casa, 0.00 de área total, 660.91 de área privativa, 0.00 de área do terreno,  2 qto(s), varanda, a.serv, WC, 1 sala(s), cozinha, Terraco.",417876.97,1500000.0,72.15,Venda Direta Online,,CAMAQUA,RS,Sim
8555508645207,"RUA PANAMBI, N. 103, LT 488",BOM SUCESSO,"Casa, 90.96 de área total, 90.96 de área privativa, 201.37 de área do terreno,  4 qto(s), a.serv, WC, 1 sala(s), cozinha, 1 vaga(s) de garagem.",85466.19,140000.0,38.96,Venda Direta Online,,CAMAQUA,RS,Não
1555534606410,"RUA DEZESSETE DE ABRIL, N. SN, QD 08, LT 78",IMIGRANTE NORTE,"Terreno, 0.00 de área total, 0.00 de área privativa, 375.00 de área do terreno.",123996.39,197000.0,37.06,Venda Direta Online,,CAMPO BOM,RS,Não
1444406831478,"RUA CORONEL THEOBALDO FLECK, N. 297, CS 03 LT 01",SUZANA,"Casa, 189.19 de área total, 158.05 de área privativa, 216.77 de área do terreno,  3 qto(s), a.serv, WC, 2 sala(s), 1 lavabo(s), cozinha.",1425000.0,1425000.0,0.0,Leilão SFI - Edital Único,,CANELA,RS,Não
1444403512770,"R RUA PROF NEUZA P DO AMAR, N. 167, Apto 201,",Vila Fonseca,"Apartamento, 0.00 de área total, 78.10 de área privativa, 0.00 de área do terreno.",124625.81,198000.0,37.06,Venda Direta Online,,CANGUCU,RS,Sim
8444411730283,"AVENIDA 1, N. 2274, Apto 202, BL 15",GUAJUVIRAS,"Apartamento, 0.00 de área total, 39.78 de área privativa, 0.00 de área do terreno,  2 qto(s), a.serv, WC, 1 sala(s), cozinha.",44797.98,110000.0,59.28,Venda Direta Online,,CANOAS,RS,Não
8444416114653,"AVENIDA 1, N. S/N, Apto 302, BLOCO 07",GUAJUVIRAS,"Apartamento, 0.00 de área total, 29.87 de área privativa, 0.00 de área do terreno,  1 qto(s), a.serv, WC, 1 sala(s), cozinha.",37433.84,85000.0,55.97,Venda Direta Online,,CANOAS,RS,Não
8444413608450,"AVENIDA UM, N. 1830, Apto 202, BL 09",GUAJUVIRAS,"Apartamento, 42.84 de área total, 39.78 de área privativa, 0.00 de área do terreno,  2 qto(s), a.serv, WC, 1 sala(s), cozinha.",61183.64,135000.0,54.68,Venda Direta Online,,CANOAS,RS,Sim
8787710737266,"RUA MACHADINHO, N. 1580, Apto 102, BL 14",RIO BRANCO,"Apartamento, 62.76 de área total, 41.19 de área privativa, 0.00 de área do terreno,  2 qto(s), WC, 1 sala(s), cozinha.",68426.63,135000.0,49.32,Venda Online,,CANOAS,RS,Sim
10177314,"RUA ARTHUR BERNARDES, N. 405",NITEROI,"Galpão, 0.00 de área total, 1001.76 de área privativa, 930.60 de área do terreno.",601072.39,1176500.0,48.92,Venda Direta Online,,CANOAS,RS,Não
8444407111230,"AVENIDA 1, N. 527, Apto 404,  H104ATUAL AV DEZESSETE DE ABRIL, 52",GUAJUVIRAS,"Apartamento, 42.84 de área total, 39.78 de área privativa, 0.00 de área do terreno,  2 qto(s), a.serv, WC, 1 sala(s), cozinha.",51333.84,100000.0,48.67,Venda Direta Online,,CANOAS,RS,Não
8787704616614,"RUA SAO NICOLAU, N. 850, Apto 103, PAV 1, BL 8",ESTANCIA VELHA,"Apartamento, 0.00 de área total, 41.19 de área privativa, 0.00 de área do terreno.",105319.05,205000.0,48.63,Venda Direta Online,,CANOAS,RS,Não
8444408356740,"AVENIDA 1, N. 2158, Apto 403, BL 08, LT 04, QD O, SETOR 06",Bairro Guajuviras,"Apartamento, 42.84 de área total, 39.78 de área privativa, 0.00 de área do terreno,  2 qto(s), a.serv, WC, 1 sala(s), cozinha.",67575.44,130000.0,48.02,Venda Direta Online,,CANOAS,RS,Sim
1444420999097,"RUA GILDO DE FREITAS, N. 1807, Apto 16, LT 9 A 12 QD C",OLARIA,"Apartamento, 59.28 de área total, 58.12 de área privativa, 0.00 de área do terreno,  2 qto(s), WC, 1 sala(s), cozinha.",94493.47,180000.0,47.51,Venda Direta Online,,CANOAS,RS,Não
8787708314981,"RUA MACHADINHO, N. 1580, Apto 101, BL 16 1º PAVIMENTO",RIO BRANCO,"Apartamento, 62.76 de área total, 41.19 de área privativa, 0.00 de área do terreno,  2 qto(s), a.serv, WC, 1 sala(s), cozinha.",73768.33,140000.0,47.31,Venda Direta Online,,CANOAS,RS,Sim
1600000172654,"R EXPEDICIONARIO, N. 573",NOSSA SENHORA DAS GRACAS,"Casa, 0.00 de área total, 394.59 de área privativa, 555.00 de área do terreno,  5 qto(s), a.serv, WC, 3 sala(s), 1 lavabo(s), piscina, cozinha, Terraco.",814860.1,1500000.0,45.68,Venda Direta Online,,CANOAS,RS,Sim
8787707302505,"RUA MACHADINHO, N. 1580, Apto 101, BL 01",RIO BRANCO,"Apartamento, 62.76 de área total, 41.19 de área privativa, 0.00 de área do terreno,  1 qto(s), WC, 1 sala(s), cozinha, 1 vaga(s) de garagem.",81426.19,146400.0,44.39,Venda Direta Online,,CANOAS,RS,Não
8787717674936,"RUA CAIRU, N. 1705, Apto 503, BL 06",FATIMA,"Apartamento, 65.30 de área total, 41.19 de área privativa, 0.00 de área do terreno,  2 qto(s), WC, 1 sala(s), cozinha.",78201.87,135000.0,42.08,Licitação Aberta,,CANOAS,RS,Não
1444407787553,"RUA DOM JOAO BECKER, N. 1852, Apto 135, BL I",RIO BRANCO,"Apartamento, 74.68 de área total, 42.46 de área privativa, 0.00 de área do terreno,  2 qto(s), WC, 1 sala(s), cozinha, 1 vaga(s) de garagem.",116443.31,200000.0,41.78,Venda Direta Online,,CANOAS,RS,Sim
8047200400231,"RUA ESPUMOSO, N. 305,",MATHIAS VELHO,"Casa, 0.00 de área total, 80.00 de área privativa, 500.00 de área do terreno,  2 qto(s), WC, 1 sala(s), cozinha.",187036.83,320332.0,41.62,Venda Direta Online,,CANOAS,RS,Sim
8787717187229,"RUA CAIRU, N. 1705, Apto 204, BL 03",FATIMA,"Apartamento, 76.74 de área total, 41.19 de área privativa, 0.00 de área do terreno,  2 qto(s), WC, 1 sala(s), cozinha, 1 vaga(s) de garagem.",81964.82,140000.0,41.46,Licitação Aberta,,CANOAS,RS,Não
1444403309878,"RUA CANDIDO MACHADO, N. 100, Apto 1205, COBERTURA",CENTRO,"Apartamento, 0.00 de área total, 163.49 de área privativa, 0.00 de área do terreno,  3 qto(s), varanda, a.serv, WC, 1 sala(s), cozinha, 1 vaga(s) de garagem.",530564.15,900000.0,41.05,Venda Direta Online,,CANOAS,RS,Sim
8787704195392,"RUA ROBERTO FRANCISCO BEHRENS, N. 303, Apto 101, BL 16",MATO GRANDE,"Apartamento, 0.00 de área total, 41.19 de área privativa, 0.00 de área do terreno, 1 vaga(s) de garagem.",103704.06,175000.0,40.75,Venda Direta Online,,CANOAS,RS,Sim
8444422622142,"AV 1, N. 527, Apto 402, BL 3",GUAJUVIRAS,"Apartamento, 42.84 de área total, 39.78 de área privativa, 0.00 de área do terreno,  2 qto(s), WC, 1 sala(s), cozinha.",68797.93,115000.0,40.18,Venda Direta Online,,CANOAS,RS,Sim
8555535288517,"RUA OLIVEIRA VIANA, N. 491, Apto 149, BL M",FATIMA,"Apartamento, 76.46 de área total, 42.70 de área privativa, 0.00 de área do terreno,  2 qto(s), WC, 1 sala(s), 1 vaga(s) de garagem.",125884.66,200000.0,37.06,Venda Direta Online,,CANOAS,RS,Sim
8444412844215,"RUA CARLOS ALBERTO LAUERMANN NUNES, N. 265, Apto 334, TORRE 03 PV 03",OLARIA,"Apartamento, 0.00 de área total, 47.23 de área privativa, 0.00 de área do terreno.",120849.27,192000.0,37.06,Venda Direta Online,,CANOAS,RS,Sim
8444408065703,"AVENIDA DEZESSETE DE ABRIL, N. 2218, Apto 203, BLOCO 13, PRIMEIRO ANDAR",GUAJUVIRAS,"Apartamento, 0.00 de área total, 39.78 de área privativa, 0.00 de área do terreno,  2 qto(s), WC, 1 sala(s), cozinha.",100163.93,118000.0,15.12,Leilão SFI - Edital Único,,CANOAS,RS,Não
8787713767280,"RUA SAO LUIZ, N. 622, Apto 103, BL 30 BOX 344",CENTRO,"Apartamento, 85.74 de área total, 43.73 de área privativa, 0.00 de área do terreno,  2 qto(s), a.serv, WC, 1 sala(s), cozinha, 1 vaga(s) de garagem.",209000.0,209000.0,0.0,Leilão SFI - Edital Único,,CANOAS,RS,Não
8787700840714,"RUA LOPES TROVAO, N. 45, Apto 502, BL 6 VG 41",SAO JOSE,"Apartamento, 67.73 de área total, 41.19 de área privativa, 0.00 de área do terreno,  2 qto(s), WC, 1 sala(s), cozinha, 1 vaga(s) de garagem.",160000.0,160000.0,0.0,Leilão SFI - Edital Único,,CANOAS,RS,Não
8787701614912,"RUA GUARUJA, N. 200, Apto 202, BL15 VG 338",SAO JOSE,"Apartamento, 78.24 de área total, 41.58 de área privativa, 0.00 de área do terreno,  2 qto(s), WC, 1 sala(s), cozinha, 1 vaga(s) de garagem.",205000.0,205000.0,0.0,Leilão SFI - Edital Único,,CANOAS,RS,Não
8787702871692,"RUA GUARUJA, N. 200, Apto 203, BL 5",SAO JOSE,"Apartamento, 78.25 de área total, 41.59 de área privativa, 0.00 de área do terreno,  2 qto(s), a.serv, WC, 1 sala(s), cozinha, 1 vaga(s) de garagem.",190000.0,190000.0,0.0,Leilão SFI - Edital Único,,CANOAS,RS,Não
8787703332280,"RUA GUARUJA, N. 200, Apto 404, BL 11 VG 227 4 PAV",SAO JOSE,"Apartamento, 78.25 de área total, 41.59 de área privativa, 0.00 de área do terreno,  2 qto(s), WC, 1 sala(s), cozinha, 1 vaga(s) de garagem.",180000.0,180000.0,0.0,Leilão SFI - Edital Único,,CANOAS,RS,Não
1444408377413,"RUA DOS GUAMIRINS, N. 303, CS 255 TIPO A3",IGARA,"Casa, 0.00 de área total, 85.74 de área privativa, 0.00 de área do terreno, 1 vaga(s) de garagem.",315500.0,315500.0,0.0,Leilão SFI - Edital Único,,CANOAS,RS,Não
8555526978298,"RUA JOAQUIM CAETANO, N. 700, Apto 205, BL E 2 PAV VG 73",FATIMA,"Apartamento, 0.00 de área total, 55.15 de área privativa, 0.00 de área do terreno,  2 qto(s), WC, 1 sala(s), cozinha, 1 vaga(s) de garagem.",229133.0,229133.0,0.0,Leilão SFI - Edital Único,,CANOAS,RS,Não
8046300084538,"RUA ENGENHEIRO KINDLER, N. 1320, CASA 01",HARMONIA,"Casa, 57.50 de área total, 57.50 de área privativa, 57.50 de área do terreno,  2 qto(s), WC, 1 sala(s), cozinha, 1 vaga(s) de garagem.",220000.0,220000.0,0.0,Leilão SFI - Edital Único,,CANOAS,RS,Não
8787702571648,"RUA DO BOSQUE, N. 21, Apto 243, TR 02",OLARIA,"Apartamento, 67.03 de área total, 47.23 de área privativa, 0.00 de área do terreno,  2 qto(s), WC, 1 sala(s), cozinha.",198000.0,198000.0,0.0,Leilão SFI - Edital Único,,CANOAS,RS,Não
8787712004100,"RUA IRMA MARIA HILTGARDIS, N. 582, Apto 503, BL 01",OLARIA,"Apartamento, 70.36 de área total, 41.19 de área privativa, 0.00 de área do terreno,  2 qto(s), WC, 1 sala(s), cozinha.",150000.0,145000.0,0.0,Leilão SFI - Edital Único,,CANOAS,RS,Não
1444419402856,"RUA NOVO MEXICO, N. 412, CASA 02  QD C4 LT 35",MATO GRANDE,"Casa, 89.57 de área total, 87.63 de área privativa, 112.50 de área do terreno,  3 qto(s), WC, 1 sala(s), cozinha, 1 vaga(s) de garagem.",422593.38,406000.0,0.0,Leilão SFI - Edital Único,,CANOAS,RS,Não
8787700922338,"RUA JOAQUIM CAETANO, N. 700, Apto 403, BL I VG 433",FATIMA,"Apartamento, 69.53 de área total, 52.46 de área privativa, 0.00 de área do terreno,  2 qto(s), WC, 1 sala(s), cozinha, 1 vaga(s) de garagem.",215141.73,205000.0,0.0,Leilão SFI - Edital Único,,CANOAS,RS,Não
1444408840407,"RUA 24 DE OUTUBRO, N. 82, Apto 202,",FATIMA,"Apartamento, 149.04 de área total, 74.17 de área privativa, 0.00 de área do terreno,  2 qto(s), a.serv, WC, 1 sala(s), cozinha, 1 vaga(s) de garagem.",226398.77,215000.0,0.0,Leilão SFI - Edital Único,,CANOAS,RS,Não
10306967,"RUA MACHADINHO, N. 118, Apto 201, BL A",RIO BRANCO,"Apartamento, 0.00 de área total, 44.38 de área privativa, 0.00 de área do terreno, 1 vaga(s) de garagem.",208000.0,195000.0,0.0,Leilão SFI - Edital Único,,CANOAS,RS,Não
8787714710052,"RUA AFONSO PENA, N. 380, Apto 302, BL 11",MATO GRANDE,"Apartamento, 72.22 de área total, 41.19 de área privativa, 0.00 de área do terreno,  2 qto(s), WC, 1 sala(s), cozinha.",170314.07,158000.0,0.0,Leilão SFI - Edital Único,,CANOAS,RS,Não
1555531564635,"RUA DA FIGUEIRA, N. 76, LT 30 QD C",NOSSA SENHORA DAS GRACAS,"Comercial, 294.80 de área total, 294.80 de área privativa, 370.00 de área do terreno, 2 lavabo(s), 2 vaga(s) de garagem.",763704.5,695000.0,0.0,Leilão SFI - Edital Único,,CANOAS,RS,Não
8444437103910,"RUA ALAMEDA DAS CORTICEIRAS, N. 170, Apto 521, BL F",MATO GRANDE,"Apartamento, 42.96 de área total, 38.40 de área privativa, 0.00 de área do terreno,  2 qto(s), WC, 1 sala(s), cozinha.",167636.41,150000.0,0.0,Leilão SFI - Edital Único,,CANOAS,RS,Não
8444409231259,"RUA FAB, N. 185, LT 22 QD E3",NOSSA SENHORA DAS GRACAS,"Casa, 89.24 de área total, 89.24 de área privativa, 550.00 de área do terreno,  2 qto(s), a.serv, WC, 1 sala(s), cozinha, 2 vaga(s) de garagem.",446871.56,390000.0,0.0,Leilão SFI - Edital Único,,CANOAS,RS,Não
8787717068017,"RUA CAIRU, N. 1705, Apto 502, BL 06 PAV 05",FATIMA,"Apartamento, 65.30 de área total, 41.19 de área privativa, 0.00 de área do terreno,  2 qto(s), WC, 1 sala(s), cozinha.",181000.0,154000.0,0.0,Leilão SFI - Edital Único,,CANOAS,RS,Não
8787702123947,"RUA GUARUJA, N. 200, Apto 404,",SAO JOSE,"Apartamento, 78.26 de área total, 41.59 de área privativa, 0.00 de área do terreno,  2 qto(s), WC, 1 sala(s), cozinha, 1 vaga(s) de garagem.",190000.0,160000.0,0.0,Leilão SFI - Edital Único,,CANOAS,RS,Não
8787707301002,"RUA MACHADINHO, N. 1580, Apto 101, BL 02",RIO BRANCO,"Apartamento, 62.76 de área total, 41.19 de área privativa, 0.00 de área do terreno,  2 qto(s), WC, 1 sala(s), cozinha.",154958.97,122000.0,0.0,Leilão SFI - Edital Único,,CANOAS,RS,Não
1444419175973,"RUA PRIMAVERA, N. 3913, LT 08 QD 149 SETOR 334 RUA BEIJA-FLOR",PRAIA CAPAO NOVO,"Casa, 54.90 de área total, 54.90 de área privativa, 150.00 de área do terreno,  2 qto(s), a.serv, WC, 1 sala(s), cozinha, 1 vaga(s) de garagem.",164666.08,265000.0,37.87,Venda Direta Online,,CAPAO DA CANOA,RS,Não
1444421189986,"RUA DAS PAPOULAS, N. 3823,  LT 16 QD 94 SETOR 334",CAPAO NOVO (DISTRITO),"Casa, 76.47 de área total, 76.47 de área privativa, 150.00 de área do terreno,  2 qto(s), a.serv, WC, 1 sala(s), cozinha, 1 vaga(s) de garagem.",390000.0,390000.0,0.0,Leilão SFI - Edital Único,,CAPAO DA CANOA,RS,Não
1444407907737,"RUA DAS CAMELIAS ANTIGA RUA 111, N. 362,",POSTO 9 (CAPAO NOVO),"Casa, 69.86 de área total, 69.86 de área privativa, 150.00 de área do terreno,  2 qto(s), a.serv, WC, 1 sala(s), cozinha, 1 vaga(s) de garagem.",215000.0,215000.0,0.0,Leilão SFI - Edital Único,,CAPAO DA CANOA,RS,Não
1444417015120,"RUA GUARACI, N. 2312, Apto 503, BOX 04",CENTRO,"Apartamento, 62.41 de área total, 43.19 de área privativa, 0.00 de área do terreno,  1 qto(s), a.serv, WC, WC Emp, 1 sala(s), cozinha, 1 vaga(s) de garagem.",459943.63,350000.0,0.0,Leilão SFI - Edital Único,,CAPAO DA CANOA,RS,Não
8444401349200,"RUA DEZESSETE DE ABRIL, N. 255, QD 26",CENTRO,"Casa, 42.00 de área total, 42.00 de área privativa, 424.37 de área do terreno,  2 qto(s), a.serv, WC, 1 sala(s), cozinha.",125000.0,125000.0,0.0,Leilão SFI - Edital Único,,CAPAO DO CIPO,RS,Não
8444426379005,"RUA UM, N. 135,",CENTRO,"Terreno, 0.00 de área total, 0.00 de área privativa, 200.00 de área do terreno.",35580.77,70000.0,49.18,Venda Direta Online,,CAPAO DO LEAO,RS,Não
8444412666465,"1 DE MAIO, N. 1084,",JARDIM AMERICA,"Casa, 43.20 de área total, 43.20 de área privativa, 294.00 de área do terreno,  2 qto(s), a.serv, WC, 1 sala(s), cozinha, 1 vaga(s) de garagem.",88088.79,150460.04,41.46,Venda Online,,CAPAO DO LEAO,RS,Não
1555536036726,"AVENIDA FLORES DA CUNHA, N. 1225, Apto 401,",CENTRO,"Apartamento, 0.00 de área total, 124.42 de área privativa, 0.00 de área do terreno,  3 qto(s), varanda, a.serv, WC, 2 sala(s), 1 lavabo(s), cozinha.",504996.15,973000.0,48.1,Venda Direta Online,,CARAZINHO,RS,Sim
8555503234799,"RUA BELEM, N. 53, LT 34 QD 80 ST 1",Floresta,"Casa, 303.15 de área total, 123.39 de área privativa, 480.00 de área do terreno,  2 qto(s), a.serv, WC, 2 sala(s), cozinha.",480000.0,480000.0,0.0,Leilão SFI - Edital Único,,CARAZINHO,RS,Não
8444409098605,"RUA ALEXANDRE LUCIANO, N. 956, Apto 307, PREDIO B VG 04",DESVIO RIZZO,"Apartamento, 0.00 de área total, 55.48 de área privativa, 0.00 de área do terreno,  2 qto(s), WC, 1 sala(s), cozinha, 1 vaga(s) de garagem.",101344.87,183934.49,44.91,Licitação Aberta,,CAXIAS DO SUL,RS,Não
8444430371919,"RUA JERONYMO TOMIELLO, N. 137, Apto 203, PAV 02",NOSSA SENHORA DO ROSARIO,"Apartamento, 43.92 de área total, 38.41 de área privativa, 0.00 de área do terreno,  2 qto(s), WC, 1 sala(s), cozinha.",90161.3,154000.0,41.46,Licitação Aberta,,CAXIAS DO SUL,RS,Não
8444434209997,"RUA MOZART PERPÉTUO MONTEIRO, N. 80, Apto 16",ESPLANADA,"Apartamento, 0.00 de área total, 40.76 de área privativa, 0.00 de área do terreno.",93333.65,157500.0,40.75,Venda Direta Online,,CAXIAS DO SUL,RS,Sim
8787716562336,"RUA ENGENHEIRO EVALD ARBOITE, N. 789, Apto 801, BL B BOX B801",INTERLAGOS,"Apartamento, 82.55 de área total, 57.06 de área privativa, 0.00 de área do terreno,  2 qto(s), WC, 1 sala(s), cozinha, 1 vaga(s) de garagem.",101333.68,171000.0,40.75,Licitação Aberta,,CAXIAS DO SUL,RS,Não
8444423164253,"RUA SEPE TIARAJU, N. 161, Apto 443, BLOCO  B -5, QUARTO PAVIMENTO",ESPLANADA,"Apartamento, 43.46 de área total, 39.70 de área privativa, 0.00 de área do terreno,  2 qto(s), WC, 1 sala(s), cozinha, 1 vaga(s) de garagem.",86527.41,144212.35,40.0,Leilão SFI - Edital Único,,CAXIAS DO SUL,RS,Não
1444411775157,"RUA DOM PEDRO II, N. 543, Nº 03",SAO JOSE,"Casa, 130.86 de área total, 130.86 de área privativa, 74.25 de área do terreno,  3 qto(s), a.serv, WC, 1 sala(s), 1 lavabo(s), cozinha, 1 vaga(s) de garagem.",282000.0,470000.0,40.0,Leilão SFI - Edital Único,,CAXIAS DO SUL,RS,Não
8787721715048,"RUA JOAQUIM PRESTES, N. 1928, Apto 402, BL 06",DESVIO RIZZO,"Apartamento, 0.00 de área total, 38.49 de área privativa, 0.00 de área do terreno,  2 qto(s), WC, 1 sala(s), cozinha, 1 vaga(s) de garagem.",121487.11,201000.0,39.56,Licitação Aberta,,CAXIAS DO SUL,RS,Não
8787721913583,"RUA JOAQUIM PRESTES, N. 1928, Apto 102, BL 02 TERREO",DESVIO RIZZO,"Apartamento, 82.68 de área total, 38.49 de área privativa, 0.00 de área do terreno,  2 qto(s), WC, 1 sala(s), cozinha, 1 vaga(s) de garagem.",114838.57,190000.0,39.56,Licitação Aberta,,CAXIAS DO SUL,RS,Não
8555535903637,"AVENIDA FRANCA, N. 1848, Apto 304, BL 02 PV 03 VG 60",BELA VISTA,"Apartamento, 76.11 de área total, 41.87 de área privativa, 0.00 de área do terreno,  2 qto(s), WC, 1 sala(s), cozinha, 1 vaga(s) de garagem.",116651.81,193000.0,39.56,Venda Online,,CAXIAS DO SUL,RS,Não
8787714047167,"RUA JULES CONSTANTE BORGHETTI, N. 585, Apto 402, LT 20 QD 5831",NOSSA SENHORA DAS GRACAS,"Apartamento, 75.43 de área total, 58.02 de área privativa, 0.00 de área do terreno,  2 qto(s), WC, 1 sala(s), cozinha, 1 vaga(s) de garagem.",142037.17,235000.0,39.56,Licitação Aberta,,CAXIAS DO SUL,RS,Não
8444429619562,"RUA MADRE BARBARA, N. 806, Apto 452, TORRE 04",DE ZORZI,"Apartamento, 104.05 de área total, 49.64 de área privativa, 0.00 de área do terreno,  2 qto(s), WC, 1 sala(s), cozinha, 1 vaga(s) de garagem.",123300.35,204000.0,39.56,Licitação Aberta,,CAXIAS DO SUL,RS,Não
10229375,"RUA GUERINO ZUGNO, N. S/N, QD 2919, LT 20",SAMUARA,"Terreno, 0.00 de área total, 0.00 de área privativa, 1000.00 de área do terreno.",412501.99,681316.32,39.46,Venda Direta Online,,CAXIAS DO SUL,RS,Não
8444411973216,"RUA ARY FORTUNATO GARBIN, N. 38, Apto 103A, TR A LT 27 QD 4987",SAO CAETANO,"Apartamento, 76.36 de área total, 55.47 de área privativa, 0.00 de área do terreno,  2 qto(s), WC, 1 sala(s), cozinha, 1 vaga(s) de garagem.",104992.75,170000.0,38.24,Venda Online,,CAXIAS DO SUL,RS,Não
1444413017896,"RUA HUGO TORQUATO ARGENTA, N. 1156, Apto 12, 2 PAVIMENTO",NOSSA SENHORA DE FATIMA,"Apartamento, 150.57 de área total, 115.78 de área privativa, 0.00 de área do terreno,  3 qto(s), a.serv, WC, 1 sala(s), cozinha, Terraco, 1 vaga(s) de garagem.",227745.62,357352.13,36.27,Licitação Aberta,,CAXIAS DO SUL,RS,Não
8444425826318,"RUA DANTE SALVADOR, N. 589,  CS A 1° E 2° PAVIMENTOS LT 04 QD 6067",RESIDENCIAL PRISCILA,"Casa, 90.49 de área total, 61.14 de área privativa, 90.49 de área do terreno,  2 qto(s), WC, 1 sala(s), cozinha, 1 vaga(s) de garagem.",193312.52,277284.07,30.29,Leilão SFI - Edital Único,,CAXIAS DO SUL,RS,Não
8444407593234,"RUA ASULVINO AMELIO BALBINOT, N. 1038, Apto 21, BII PAV 02 VG 43",Lot. Colina do Sol,"Apartamento, 69.25 de área total, 50.85 de área privativa, 0.00 de área do terreno,  2 qto(s), WC, 1 sala(s), cozinha, 1 vaga(s) de garagem.",195000.0,195000.0,0.0,Leilão SFI - Edital Único,,CAXIAS DO SUL,RS,Não
8787716073769,"RUA ANTONIO FRANCISCO PASQUALI, N. 348, Apto 103, BL 09",São Ciro,"Apartamento, 92.12 de área total, 38.40 de área privativa, 0.00 de área do terreno,  2 qto(s), WC, 1 sala(s), cozinha, 1 vaga(s) de garagem.",199134.79,199134.79,0.0,Leilão SFI - Edital Único,,CAXIAS DO SUL,RS,Não
8555535455960,"AVENIDA FRANCA, N. 1848, Apto 310, BL04 - BOX 114",BELA VISTA,"Apartamento, 0.00 de área total, 40.92 de área privativa, 0.00 de área do terreno,  2 qto(s), a.serv, WC, 1 sala(s), cozinha, 1 vaga(s) de garagem.",191000.0,191000.0,0.0,Leilão SFI - Edital Único,,CAXIAS DO SUL,RS,Não
8787707347274,"RUA SANTO DALFOVO, N. 237, Apto 102, BLOCO 07 APTO 102",PANAZZOLO,"Apartamento, 67.07 de área total, 38.49 de área privativa, 0.00 de área do terreno,  2 qto(s), a.serv, WC, 1 sala(s), cozinha, 1 vaga(s) de garagem.",163000.0,163000.0,0.0,Leilão SFI - Edital Único,,CAXIAS DO SUL,RS,Não
8787705863844,"RUA OSMAR ALVES DA ROSA, N. 110, Apto 1309,",PETROPOLIS,"Apartamento, 82.07 de área total, 39.81 de área privativa, 0.00 de área do terreno,  2 qto(s), WC, 1 sala(s), cozinha.",224000.0,224000.0,0.0,Leilão SFI - Edital Único,,CAXIAS DO SUL,RS,Não
8787715207125,"RUA ANTONIO FRANCISCO PASQUALI, N. 348, Apto 501, BL 12 VG 230",SAO CIRO,"Apartamento, 92.12 de área total, 38.40 de área privativa, 0.00 de área do terreno,  2 qto(s), WC, 1 sala(s), cozinha, 1 vaga(s) de garagem.",187391.08,187391.08,0.0,Leilão SFI - Edital Único,,CAXIAS DO SUL,RS,Não
8444416993665,"RUA IGNEZ BOFF MASOTTI, N. 1120, Apto 103, LT 18, QD 5676, BOX N. 10",NOSSA SENHORA DO ROSARIO,"Apartamento, 0.00 de área total, 52.87 de área privativa, 0.00 de área do terreno, 1 vaga(s) de garagem.",210000.0,210000.0,0.0,Leilão SFI - Edital Único,,CAXIAS DO SUL,RS,Não
8444427047820,"RUA JERONYMO TOMIELLO, N. 137, Apto 503, TORRE L",NOSSA SENHORA DO ROSARIO,"Apartamento, 0.00 de área total, 38.41 de área privativa, 0.00 de área do terreno.",165000.0,165000.0,0.0,Leilão SFI - Edital Único,,CAXIAS DO SUL,RS,Não
8787700319771,"RUA GOMERCINDO ANDRADE CAMARGO, N. 1070, Apto 204, 2º PAVIMENTO",SAO LUIZ,"Apartamento, 78.37 de área total, 51.98 de área privativa, 0.00 de área do terreno,  2 qto(s), WC, 1 sala(s), cozinha, 1 vaga(s) de garagem.",248000.0,248000.0,0.0,Leilão SFI - Edital Único,,CAXIAS DO SUL,RS,Não
8787704170918,"ESTRADA DO IMIGRANTE, N. 4100, Apto 132, BL H",NOSSA SENHORA DAS GRACAS,"Apartamento, 60.47 de área total, 43.58 de área privativa, 0.00 de área do terreno,  2 qto(s), WC, 1 sala(s), cozinha, 1 vaga(s) de garagem.",170000.0,170000.0,0.0,Leilão SFI - Edital Único,,CAXIAS DO SUL,RS,Não
8787715298821,"RUA GEMIRO PESSUTO, N. 104, Apto 120, BL E VG 130",NOSSA SENHORA DAS GRACAS,"Apartamento, 64.22 de área total, 47.50 de área privativa, 0.00 de área do terreno,  2 qto(s), WC, 1 sala(s), cozinha, 1 vaga(s) de garagem.",195000.0,195000.0,0.0,Leilão SFI - Edital Único,,CAXIAS DO SUL,RS,Não
8444404788751,"AVENIDA PADRE RAUL ACCORSI, N. 6635, Apto 444, BL K 4 PAV",DIAMANTINO,"Apartamento, 54.97 de área total, 38.23 de área privativa, 0.00 de área do terreno,  2 qto(s), WC, 1 sala(s), cozinha.",170000.0,170000.0,0.0,Leilão SFI - Edital Único,,CAXIAS DO SUL,RS,Não
1444404273788,"RUA GIACOMO GASPARIN, N. 185, Apto 202,",VINHEDOS,"Apartamento, 77.62 de área total, 52.24 de área privativa, 0.00 de área do terreno,  2 qto(s), a.serv, WC, 1 sala(s), cozinha, 1 vaga(s) de garagem.",219535.88,219535.88,0.0,Leilão SFI - Edital Único,,CAXIAS DO SUL,RS,Não
8444429922451,"AVENIDA DECIO CORTI RIBEIRO, N. 510, Apto 353, T 03 LT 01 QD 3465 LOT N7E1",DE ZORZI,"Apartamento, 79.15 de área total, 42.82 de área privativa, 0.00 de área do terreno,  2 qto(s), WC, 1 sala(s), cozinha.",140000.0,140000.0,0.0,Leilão SFI - Edital Único,,CAXIAS DO SUL,RS,Não
8555539243410,"AVENIDA FRANCA, N. 1848, Apto 405, BL 2",SAO VIRGILIO,"Apartamento, 76.83 de área total, 42.34 de área privativa, 0.00 de área do terreno,  2 qto(s), WC, 1 sala(s), cozinha, 1 vaga(s) de garagem.",168980.55,168000.0,0.0,Leilão SFI - Edital Único,,CAXIAS DO SUL,RS,Não
8444429739410,"RUA GERVASIO GASPARIN, N. 92, CS 02",VILA ALPINA,"Casa, 74.67 de área total, 65.39 de área privativa, 46.21 de área do terreno,  2 qto(s), a.serv, WC, 1 sala(s), 1 lavabo(s), cozinha, 1 vaga(s) de garagem.",241214.19,237000.0,0.0,Leilão SFI - Edital Único,,CAXIAS DO SUL,RS,Não
1787700462614,"RUA RUBES FRANCA DE OLIVEIRA, N. 52, Apto 402, BL 03",JARDIM DO AMAZONAS,"Apartamento, 92.32 de área total, 38.49 de área privativa, 0.00 de área do terreno,  2 qto(s), WC, 1 sala(s), cozinha, 1 vaga(s) de garagem.",161322.32,156000.0,0.0,Leilão SFI - Edital Único,,CAXIAS DO SUL,RS,Não
1444420432330,"RUA ARMINDO LUIZ RECH, N. SN, LT 23 QD 6112",SERRANO,"Terreno, 0.00 de área total, 0.00 de área privativa, 2000.00 de área do terreno.",1573720.25,1521000.0,0.0,Leilão SFI - Edital Único,,CAXIAS DO SUL,RS,Não
10313892,"RUA VINTE DE SETEMBRO, N. 2173, Apto 22",CENTRO,"Apartamento, 0.00 de área total, 69.83 de área privativa, 0.00 de área do terreno, 1 vaga(s) de garagem.",286000.0,272000.0,0.0,Leilão SFI - Edital Único,,CAXIAS DO SUL,RS,Sim
8444428597662,"RUA SEPE TIARAJU, N. 161, Apto 537, BL B4 PAV 05 LT 09 QD 4711",ESPLANADA,"Apartamento, 43.46 de área total, 39.70 de área privativa, 0.00 de área do terreno,  2 qto(s), WC, 1 sala(s), cozinha.",157947.16,149000.0,0.0,Leilão SFI - Edital Único,,CAXIAS DO SUL,RS,Não
8787720556809,"RUA GEMIRO PESSUTO, N. 104, Apto 321, BL F VG 11",NOSSA SENHORA DAS GRACAS,"Apartamento, 64.22 de área total, 47.50 de área privativa, 0.00 de área do terreno,  2 qto(s), WC, 1 sala(s), cozinha, 1 vaga(s) de garagem.",211774.77,195000.0,0.0,Leilão SFI - Edital Único,,CAXIAS DO SUL,RS,Não
8444408998530,"RUA VILSON ANTONIO VICIOLI, N. 317, Apto 203, BL A  LOTE 01",NOSSA SENHORA DO ROSARIO,"Apartamento, 0.00 de área total, 54.35 de área privativa, 0.00 de área do terreno,  2 qto(s), WC, 1 sala(s), cozinha, 1 vaga(s) de garagem.",180188.0,152000.0,0.0,Leilão SFI - Edital Único,,CAXIAS DO SUL,RS,Não
8787717667824,"RUA JOAQUIM PRESTES, N. 1928, Apto 101, BL 03 PAV 01 VG 166 LT 22 QD 4155",DESVIO RIZZO,"Apartamento, 84.34 de área total, 38.49 de área privativa, 0.00 de área do terreno,  2 qto(s), WC, 1 sala(s), cozinha, 1 vaga(s) de garagem.",213658.32,180000.0,0.0,Leilão SFI - Edital Único,,CAXIAS DO SUL,RS,Não
8787718608449,"RUA JOAQUIM PRESTES, N. 1928, Apto 303, BL 03 PAV 03 VG 176 LT 22 QD 4155",DESVIO RIZZO,"Apartamento, 82.69 de área total, 38.49 de área privativa, 0.00 de área do terreno,  2 qto(s), WC, 1 sala(s), cozinha, 1 vaga(s) de garagem.",204342.86,170000.0,0.0,Leilão SFI - Edital Único,,CAXIAS DO SUL,RS,Não
8444436817609,"RUA JERONYMO TOMIELLO, N. 137, Apto 203, TORRE B PAV 02 LT 16 QD 2678",NOSSA SENHORA DO ROSARIO,"Apartamento, 43.91 de área total, 38.41 de área privativa, 0.00 de área do terreno,  2 qto(s), WC, 1 sala(s), cozinha.",179126.93,149000.0,0.0,Leilão SFI - Edital Único,,CAXIAS DO SUL,RS,Não
8444408636387,"RUA DOS INGAZEIROS, N. 424, QD 527 LT 852",LOT PQ SANTA FE,"Casa, 0.00 de área total, 35.00 de área privativa, 200.00 de área do terreno,  1 qto(s), WC, 1 sala(s), cozinha.",27736.2,125000.0,77.82,Venda Direta Online,,CHARQUEADAS,RS,Não
8555512745121,"RUA LYGIA ANDRIOTTI MAIA, N. 460, LT 57, QD 424",LOT PQ ORVALINO DORN,"Casa, 0.00 de área total, 168.07 de área privativa, 590.00 de área do terreno,  2 qto(s), WC, 1 sala(s), cozinha.",141702.62,461000.0,69.27,Venda Direta Online,,CHARQUEADAS,RS,Não
10295144,"AVENIDA FARROUPILHA, N. 524, Apto 204, BL B",CENTRO,"Apartamento, 0.00 de área total, 52.81 de área privativa, 0.00 de área do terreno, 1 vaga(s) de garagem.",159328.58,250000.0,36.27,Venda Direta Online,,CHARQUEADAS,RS,Sim
10295146,"AVENIDA FARROUPILHA, N. 524, Apto 101, BL B",CENTRO,"Apartamento, 0.00 de área total, 53.15 de área privativa, 0.00 de área do terreno, 1 vaga(s) de garagem.",160603.2,252000.0,36.27,Venda Direta Online,,CHARQUEADAS,RS,Sim
8444407686151,"RUA FPRESIDENTE GETÚLIO VARGAS, N. 790, QD 42 LT 10-C",CENTRO,"Casa, 86.36 de área total, 86.36 de área privativa, 418.60 de área do terreno,  3 qto(s), a.serv, WC, 2 sala(s), cozinha.",152955.43,240000.0,36.27,Venda Direta Online,,CHIAPETTA,RS,Não
8444400766680,"RUA 10, N. SN, LT 06 QD 68 B",Praia da Cidreira,"Casa, 110.40 de área total, 110.40 de área privativa, 300.00 de área do terreno,  3 qto(s), a.serv, WC, 1 sala(s), cozinha, 2 vaga(s) de garagem.",125569.94,210000.0,40.21,Venda Direta Online,,CIDREIRA,RS,Sim
1444419668325,"RUA JOAO MORELLO, N. 70,",CENTRO,"Casa, 64.02 de área total, 64.02 de área privativa, 312.50 de área do terreno,  2 qto(s), WC, 1 sala(s), cozinha.",138473.13,220000.0,37.06,Licitação Aberta,,CIRIACO,RS,Não
1444401130005,"RUA REINOLDO WILLRICH, N. SN,",CENTRO,"Casa, 174.15 de área total, 84.15 de área privativa, 300.00 de área do terreno.",138473.13,220000.0,37.06,Venda Online,,COLINAS,RS,Não
8444425076173,"RUA IRINEU OTTO WEILER, N. 95, ST 02 QD 11 LT 504 CS 10",Passo de Estrela,"Casa, 55.76 de área total, 55.76 de área privativa, 68.26 de área do terreno,  2 qto(s), a.serv, WC, 1 sala(s), cozinha, 1 vaga(s) de garagem.",147646.7,78458.22,0.0,Leilão SFI - Edital Único,,CRUZEIRO DO SUL,RS,Não
10202963,"TRAVESSA EROTILDES FERREIRA DA CUNHA, N. 00, QD 08, LT 15, ST 002",Getulio Vargas,"Terreno, 0.00 de área total, 0.00 de área privativa, 176.00 de área do terreno.",20706.59,65000.0,68.15,Venda Direta Online,,DOM PEDRITO,RS,Não
1444419994974,"ESTRADA 12, N. SN, LT 205 QD 11",LOT RURAL ELDORADO,"Terreno, 0.00 de área total, 0.00 de área privativa, 2424.00 de área do terreno.",66129.09,110873.76,40.36,Venda Direta Online,,ELDORADO DO SUL,RS,Não
1444421130965,"ESTRADA 1, N. 01, LT 90 QD 11",LOT RURAL ELDORADO,"Terreno, 0.00 de área total, 0.00 de área privativa, 2112.00 de área do terreno.",60527.27,101481.6,40.36,Venda Direta Online,,ELDORADO DO SUL,RS,Não
1444418990274,"RUA NOVA PETROPOLIS, N. 904, QD 56 LT 39",CENTRO NOVO,"Casa, 69.54 de área total, 69.54 de área privativa, 140.00 de área do terreno,  2 qto(s), a.serv, WC, cozinha.",265228.03,231000.0,0.0,Leilão SFI - Edital Único,,ELDORADO DO SUL,RS,Não
8444430185732,"RUA NAPOLEÃO TAVARES DE JESUS  RUA B1, N. 129, QD 27 LT 08",LOT PQ CIDADE VERDE,"Casa, 40.42 de área total, 40.42 de área privativa, 140.87 de área do terreno,  2 qto(s), a.serv, WC, 1 sala(s), cozinha.",197604.81,145000.0,0.0,Leilão SFI - Edital Único,,ELDORADO DO SUL,RS,Não
1444424966070,"ESTRADA DA ARROZEIRA, N. 970, CASA 03  BL B",CIDADE VERDE,"Casa, 78.91 de área total, 36.00 de área privativa, 36.00 de área do terreno,  1 qto(s).",356000.0,160000.0,0.0,Leilão SFI - Edital Único,,ELDORADO DO SUL,RS,Não
8444403743231,"RUA 01, N. 366,",PORTO QUINZE,"Terreno, 0.00 de área total, 0.00 de área privativa, 374.03 de área do terreno.",98814.32,45900.0,0.0,Leilão SFI - Edital Único,,ENCANTADO,RS,Não
8444415487367,"AVENIDA WALTER KLEIN, N. 801, Apto 311, BLOCO 03, 3º PAV.",BELA VISTA,"Apartamento, 45.75 de área total, 41.81 de área privativa, 0.00 de área do terreno,  2 qto(s), WC, 1 sala(s), cozinha.",132883.73,211119.81,37.06,Venda Direta Online,,ESTANCIA VELHA,RS,Sim
1047100001248,"RUA JOSE FRANCISCO COSTA, N. 1733, LT 17, 18, QD 15,",ENCOSTA DO SOL,"Casa, 115.80 de área total, 115.80 de área privativa, 720.00 de área do terreno.",323118.35,507000.0,36.27,Venda Direta Online,,ESTANCIA VELHA,RS,Sim
8444420328964,"RUA JOSE FRANCISCO COSTA, N. SN, LT 5 QD A",ENCOSTA DO SOL,"Terreno, 0.00 de área total, 0.00 de área privativa, 300.00 de área do terreno.",246500.0,246500.0,0.0,Leilão SFI - Edital Único,,ESTANCIA VELHA,RS,Não
8555507798417,"RUA DAS CAMELIAS, N. 574, QD 20 LT 17",ENCOSTA DO SOL,"Casa, 45.59 de área total, 45.59 de área privativa, 300.00 de área do terreno,  2 qto(s), WC, 1 sala(s), cozinha.",280000.0,280000.0,0.0,Leilão SFI - Edital Único,,ESTANCIA VELHA,RS,Não
8047200397176,"RUA RIO GRANDE, N. 2195, Apto 352, BL M",CENTRO,"Apartamento, 0.00 de área total, 39.05 de área privativa, 0.00 de área do terreno,  2 qto(s), a.serv, WC, 1 sala(s), cozinha.",62170.2,142000.0,56.22,Venda Online,,ESTEIO,RS,Não
10147091,"RUA ARISTIDES RODRIGUES FERREIRA, N. 207",NOVO ESTEIO,"Casa, 0.00 de área total, 249.14 de área privativa, 0.00 de área do terreno,  3 qto(s), a.serv, WC, WC Emp, 1 sala(s), 1 lavabo(s), cozinha, 1 vaga(s) de garagem.",386118.32,770000.0,49.86,Venda Online,,ESTEIO,RS,Não
8555509166809,"RUA RIO GRANDE, N. 2195, Apto 346, BL L",CENTRO,"Apartamento, 49.38 de área total, 39.05 de área privativa, 0.00 de área do terreno,  2 qto(s), WC, 1 sala(s), cozinha, 1 vaga(s) de garagem.",83876.75,167000.0,49.78,Venda Direta Online,,ESTEIO,RS,Sim
8444429335580,"RUA SAO BORJA, N. 347, Apto 301, BL B",SAO JOSE,"Apartamento, 50.79 de área total, 44.00 de área privativa, 0.00 de área do terreno,  2 qto(s), WC, 1 sala(s), cozinha.",65921.81,115000.0,42.68,Venda Direta Online,,ESTEIO,RS,Não
8444420587161,"ESTRADA PASSO DO NAZARIO, N. 16,",PARQUE PRIMAVERA,"Terreno, 0.00 de área total, 0.00 de área privativa, 174.48 de área do terreno.",104889.24,177000.0,40.75,Venda Direta Online,,ESTEIO,RS,Não
8787715906082,"RUA SANTANA, N. 741, Apto 301, BLOCO H VG 200",OLIMPICA,"Apartamento, 0.00 de área total, 41.23 de área privativa, 0.00 de área do terreno, 1 vaga(s) de garagem.",100148.49,169000.0,40.75,Licitação Aberta,,ESTEIO,RS,Não
1555534402415,"AVENIDA PRESIDENTE VARGAS, N. 3080, Apto 101, BL A",CENTRO,"Apartamento, 64.11 de área total, 53.12 de área privativa, 0.00 de área do terreno,  2 qto(s), a.serv, WC, 1 sala(s), cozinha, 1 vaga(s) de garagem.",144767.36,230000.0,37.06,Licitação Aberta,,ESTEIO,RS,Não
8787720246796,"RUA CHARRUA, N. 114, Apto 902, TORRE A  QD 70",PARQUE AMADOR,"Apartamento, 74.45 de área total, 50.08 de área privativa, 0.00 de área do terreno,  2 qto(s), a.serv, WC, 1 sala(s), cozinha, 1 vaga(s) de garagem.",285000.0,285000.0,0.0,Leilão SFI - Edital Único,,ESTEIO,RS,Não
8444411374975,"RUA SANTANA, N. 111, Apto 410, BL 02",OLIMPICA,"Apartamento, 72.91 de área total, 64.03 de área privativa, 0.00 de área do terreno,  3 qto(s), WC, 1 sala(s), cozinha.",190000.0,190000.0,0.0,Leilão SFI - Edital Único,,ESTEIO,RS,Não
8787714738879,"RUA SANTANA, N. 741, Apto 103, BL J",OLIMPICA,"Apartamento, 78.84 de área total, 41.23 de área privativa, 0.00 de área do terreno,  2 qto(s), a.serv, WC, 1 sala(s), cozinha, 1 vaga(s) de garagem.",192000.0,192000.0,0.0,Leilão SFI - Edital Único,,ESTEIO,RS,Não
10174034,"AVENIDA AUGUSTO FREDERICO MARKUS, N. SN, PARTE QD 81, LT 190, A02",MOINHOS,"Terreno, 0.00 de área total, 0.00 de área privativa, 786.45 de área do terreno.",86398.99,200000.0,56.81,Venda Direta Online,,ESTRELA,RS,Não
8444427024820,"RUA ALDINO ALFREDO SULZBACH, N. 335, QD 26, LT 45",CENTRO,"Casa, 63.90 de área total, 63.90 de área privativa, 143.28 de área do terreno,  2 qto(s), WC, 1 sala(s), 1 lavabo(s), cozinha.",67928.12,118500.0,42.68,Venda Direta Online,,ESTRELA,RS,Não
1444420235399,"RUA ADELINA ANGELA FAE GUERRA, N. 804,",SANTA CATARINA,"Casa, 143.29 de área total, 143.29 de área privativa, 371.70 de área do terreno,  3 qto(s), a.serv, WC, 1 sala(s), cozinha.",478000.0,478000.0,0.0,Leilão SFI - Edital Único,,FARROUPILHA,RS,Não
8555527386076,"RUA JOAO FABBRO FILHO, N. 920, Apto 103, BL B",ALVORADA,"Apartamento, 65.74 de área total, 44.26 de área privativa, 0.00 de área do terreno,  2 qto(s), WC, 1 sala(s), cozinha, 1 vaga(s) de garagem.",182902.96,182902.96,0.0,Leilão SFI - Edital Único,,FARROUPILHA,RS,Não
8787706812704,"RUA ANGELO GARDINI, N. 51, Apto 306, BL C",VOLTA GRANDE,"Apartamento, 94.02 de área total, 56.85 de área privativa, 0.00 de área do terreno,  2 qto(s), a.serv, WC, 1 sala(s), cozinha, 1 vaga(s) de garagem.",235000.0,235000.0,0.0,Leilão SFI - Edital Único,,FARROUPILHA,RS,Não
8444414245556,"RUA TREZE, N. 09,",S. FRANCISCO PAULA,"Casa, 53.95 de área total, 53.95 de área privativa, 147.10 de área do terreno,  2 qto(s), WC, 1 sala(s), cozinha.",97581.5,158000.0,38.24,Venda Direta Online,,FREDERICO WESTPHALEN,RS,Sim
10286293,"RUA SENADOR FLORÊNCIO, N. 00, QD 60",SUBURBIOS,"Casa, 0.00 de área total, 211.32 de área privativa, 1627.18 de área do terreno.",296988.46,466000.0,36.27,Venda Direta Online,,GENERAL CAMARA,RS,Sim
10221519,"AVENIDA OTÁVIO OLINDO TONIN, N. 00, QD 35, LT 06",CENTRO,"Terreno, 0.00 de área total, 0.00 de área privativa, 359.65 de área do terreno.",60198.18,115000.0,47.66,Venda Direta Online,,GENTIL,RS,Não
10221524,"AVENIDA JOSÉ BUSNELLO, N. 00, QD 28, LT 07",CENTRO,"Terreno, 0.00 de área total, 0.00 de área privativa, 277.80 de área do terreno.",29993.05,55000.0,45.47,Venda Direta Online,,GENTIL,RS,Não
8444409734722,"RUA JOSE BUSNELLO, N. 399, 1, 1612",CENTRO,"Casa, 99.52 de área total, 49.52 de área privativa, 250.00 de área do terreno,  3 qto(s), a.serv, WC, 1 sala(s), cozinha.",132970.97,220000.0,39.56,Venda Direta Online,,GENTIL,RS,Não
10008320,"RUA LADEIRA DAS AZALÉIAS, N. 453, Apto 201, LT 01, BL A",TRES PINHEIROS,"Terreno, 0.00 de área total, 0.00 de área privativa, 283.83 de área do terreno.",27555.88,58338.42,52.77,Licitação Aberta,,GRAMADO,RS,Não
10289445,"RUA OSVALDO ARANHA, N. 275, CASA",PLANALTO,"Casa, 0.00 de área total, 203.71 de área privativa, 864.00 de área do terreno.",863560.88,1355000.0,36.27,Licitação Aberta,,GRAMADO,RS,Sim
1444404302362,"RUA 09, N. S/N, QD C, LT 23",PORTEIRA DO IPIRANGA (IPIRANGA),"Terreno, 0.00 de área total, 0.00 de área privativa, 1080.27 de área do terreno.",134923.0,345940.0,61.0,Venda Direta Online,,GRAVATAI,RS,Sim
10145865,"RUA SERGIPE, N. S/N, Apto L), QD XXV, LT 722",NEOPOLIS,"Terreno, 0.00 de área total, 0.00 de área privativa, 550.00 de área do terreno.",121240.04,272000.0,55.43,Venda Direta Online,,GRAVATAI,RS,Não
10145864,"RUA SERGIPE, N. 338",NEOPOLIS,"Galpão, 0.00 de área total, 399.63 de área privativa, 520.00 de área do terreno.",277888.18,570000.0,51.25,Venda Direta Online,,GRAVATAI,RS,Não
8787700797304,"RUA JOAO MARIA DA FONSECA, N. 185, Apto 104, BLOCO  VG 212",PASSO DAS PEDRAS,"Apartamento, 82.41 de área total, 41.14 de área privativa, 0.00 de área do terreno,  2 qto(s), a.serv, WC, 1 sala(s), cozinha, 1 vaga(s) de garagem.",115603.08,236000.0,51.02,Venda Direta Online,,GRAVATAI,RS,Não
8444416971521,"RUA GUIA LOPES, N. 350, CSA 04 QD E LT 11",JARDIM DO CEDRO,"Casa, 67.28 de área total, 60.50 de área privativa, 300.00 de área do terreno,  1 qto(s), WC, 1 sala(s), cozinha, 1 vaga(s) de garagem.",61674.56,122000.0,49.45,Venda Online,,GRAVATAI,RS,Não
1444405837740,"RUA LEOPOLDO BIER, N. 245, LT 17 QD D10",COHAB B,"Casa, 130.00 de área total, 36.30 de área privativa, 282.02 de área do terreno,  2 qto(s), a.serv, WC, 1 sala(s), cozinha, 1 vaga(s) de garagem.",183256.11,343000.0,46.58,Venda Direta Online,,GRAVATAI,RS,Não
8444421077850,"RUA CONDOR, N. 91, CS 02",MORADA GAUCHA,"Casa, 84.60 de área total, 84.60 de área privativa, 150.00 de área do terreno,  2 qto(s), a.serv, WC, 1 sala(s), cozinha.",128225.85,240000.0,46.58,Venda Online,,GRAVATAI,RS,Não
8444427528276,"RUA CLEMENTINA CAMBRUZI, N. 194, CASA04, VAGA 04",NOSSA CHACARA,"Casa, 69.33 de área total, 41.43 de área privativa, 56.23 de área do terreno,  2 qto(s), WC, 1 sala(s), cozinha, 1 vaga(s) de garagem.",94281.79,172000.0,45.19,Venda Direta Online,,GRAVATAI,RS,Não
8444434632156,"RUA CONGO, N. 111, Apto 104, BL 03",PARQUE OLINDA,"Apartamento, 50.55 de área total, 38.43 de área privativa, 0.00 de área do terreno,  2 qto(s), WC, 1 sala(s), cozinha.",65348.57,114000.0,42.68,Licitação Aberta,,GRAVATAI,RS,Não
8444416713107,"RUA TIBURCIO OLIVEIRA, N. 386, CS 04 LT 18 QD 14",NOVO MUNDO,"Casa, 51.26 de área total, 51.26 de área privativa, 93.20 de área do terreno,  2 qto(s), a.serv, WC, 1 sala(s), cozinha.",90711.41,157000.0,42.23,Venda Online,,GRAVATAI,RS,Não
8444416422307,"ESTRADA ANDRADE NEVES, N. 1215, CASA 08",NEOPOLIS,"Casa, 85.93 de área total, 37.95 de área privativa, 46.20 de área do terreno,  2 qto(s), a.serv, WC, 1 sala(s), cozinha, 1 vaga(s) de garagem.",103704.06,175000.0,40.75,Licitação Aberta,,GRAVATAI,RS,Não
8444429647140,"ESTRADA DA CAVALHADA, N. 2651, Apto 210, BL 37,",MORADA GAUCHA,"Apartamento, 52.39 de área total, 47.13 de área privativa, 0.00 de área do terreno,  2 qto(s), a.serv, WC, 1 sala(s), cozinha.",105481.84,178000.0,40.75,Licitação Aberta,,GRAVATAI,RS,Não
8444410382591,"RUA FLOR DO CAMPO, N. 52, CS 02 LT 03 QD J",AGUAS MORTAS,"Casa, 127.00 de área total, 47.00 de área privativa, 47.00 de área do terreno,  2 qto(s), a.serv, WC, 1 sala(s), cozinha.",94815.14,160000.0,40.75,Venda Online,,GRAVATAI,RS,Não
8555527803793,"RUA LINO ESTACIO DOS SANTOS, N. 1535, CASA 97 E BOX ESTACIONAMENTO 77",ORICO,"Casa, 0.00 de área total, 44.41 de área privativa, 80.96 de área do terreno,  2 qto(s), varanda, a.serv, WC, 2 sala(s), cozinha, 1 vaga(s) de garagem.",130800.0,218000.0,40.0,Leilão SFI - Edital Único,,GRAVATAI,RS,Não
8555518910140,"RUA NUTRELLA, N. 450, LT 02, QD 04, CS 08",NOVO MUNDO,"Casa, 55.60 de área total, 53.30 de área privativa, 94.43 de área do terreno,  2 qto(s), a.serv, WC, 1 sala(s), cozinha.",122091.53,202000.0,39.56,Licitação Aberta,,GRAVATAI,RS,Não
8444407176650,"RUA VICINAL JUNCAO, N. 768, Apto 203, BLOCO B",SANTA FE,"Apartamento, 52.55 de área total, 45.17 de área privativa, 0.00 de área do terreno,  2 qto(s), a.serv, WC, 1 sala(s), cozinha, 1 vaga(s) de garagem.",113025.32,187000.0,39.56,Licitação Aberta,,GRAVATAI,RS,Não
8444427180415,"RUA SALDANHA, N. 24, CS 02",PARQUE DOS EUCALIPTOS,"Casa, 40.25 de área total, 40.25 de área privativa, 68.50 de área do terreno,  1 qto(s), WC, 1 sala(s), cozinha, 1 vaga(s) de garagem.",132970.97,220000.0,39.56,Venda Direta Online,,GRAVATAI,RS,Sim
1444420807120,"ESTRADA A, N. SN, CHÁCARAS 08 E 09, QD H",SITIO GAUCHO,"Terreno, 0.00 de área total, 0.00 de área privativa, 300.00 de área do terreno.",92791.87,152000.0,38.96,Licitação Aberta,,GRAVATAI,RS,Não
8787708219237,"RUA TANCREDO NEVES, N. 600, Apto 304, BL 12",JANSEN,"Apartamento, 73.43 de área total, 38.40 de área privativa, 0.00 de área do terreno,  2 qto(s), WC, 1 sala(s), cozinha, 1 vaga(s) de garagem.",145667.24,237900.0,38.77,Venda Direta Online,,GRAVATAI,RS,Não
1444418256899,"RUA ALVARENGA, N. 13, LT 24 QD 06",MORADA DO VALE III,"Casa, 321.01 de área total, 321.01 de área privativa, 180.00 de área do terreno,  3 qto(s), a.serv, WC, 2 sala(s), 1 lavabo(s), cozinha.",477348.41,749000.0,36.27,Venda Direta Online,,GRAVATAI,RS,Sim
1444419281129,"AVENIDA DOS ESTADOS, N. 813, Apto 301,",VERA CRUZ,"Apartamento, 0.00 de área total, 106.00 de área privativa, 0.00 de área do terreno.",284879.49,447000.0,36.27,Licitação Aberta,,GRAVATAI,RS,Sim
8444431770060,"RUA CELSO FURTADO, N. 286,",GRAVATAI,"Casa, 57.50 de área total, 57.50 de área privativa, 135.00 de área do terreno,  2 qto(s), WC, 1 sala(s), cozinha.",255000.0,255000.0,0.0,Leilão SFI - Edital Único,,GRAVATAI,RS,Não
8787709843554,"RUA NOVE DE JULHO, N. 412, Apto 102, BL 10 VG 177",SAO LUIZ,"Apartamento, 82.51 de área total, 39.63 de área privativa, 0.00 de área do terreno,  2 qto(s), a.serv, WC, 1 sala(s), cozinha, 1 vaga(s) de garagem.",177000.0,177000.0,0.0,Leilão SFI - Edital Único,,GRAVATAI,RS,Não
8444407689711,"RUA MORRO AZUL, N. 1540, CASA 128 QD E",LOTEAMENTO VILA RICA,"Casa, 135.36 de área total, 81.62 de área privativa, 67.50 de área do terreno,  2 qto(s), a.serv, WC, 1 sala(s), cozinha.",255000.0,255000.0,0.0,Leilão SFI - Edital Único,,GRAVATAI,RS,Não
8444431932698,"RUA FLORIANOPOLIS, N. 370, CS 1",MATO ALTO,"Casa, 44.75 de área total, 44.75 de área privativa, 94.60 de área do terreno,  2 qto(s), a.serv, WC, 1 sala(s), cozinha, 1 vaga(s) de garagem.",233000.0,233000.0,0.0,Leilão SFI - Edital Único,,GRAVATAI,RS,Não
8444415849749,"RUA PLANALTO, N. 251, Apto 103, BL B",DONA MERCEDES,"Apartamento, 44.71 de área total, 38.84 de área privativa, 0.00 de área do terreno,  2 qto(s), WC, 1 sala(s), cozinha.",165000.0,165000.0,0.0,Leilão SFI - Edital Único,,GRAVATAI,RS,Não
8787705847458,"RUA CONCORDIA, N. 1390, Apto 202,  BLOCO 16",PARQUE DA MATRIZ,"Apartamento, 86.08 de área total, 41.19 de área privativa, 0.00 de área do terreno,  2 qto(s), WC, 1 sala(s), cozinha, 1 vaga(s) de garagem.",169500.0,169500.0,0.0,Leilão SFI - Edital Único,,GRAVATAI,RS,Não
8787717767195,"RUA O, N. 48, CS 39",PARQUE ITALIA,"Casa, 47.60 de área total, 47.60 de área privativa, 85.85 de área do terreno,  2 qto(s), varanda, a.serv, WC, 1 sala(s), cozinha.",225000.0,225000.0,0.0,Leilão SFI - Edital Único,,GRAVATAI,RS,Não
8787719539106,"AVENIDA DO ARVOREDO, N. 51, Apto 53, BL.C VG.N°130",SANTA CRUZ,"Apartamento, 76.78 de área total, 51.07 de área privativa, 0.00 de área do terreno,  2 qto(s), a.serv, WC, 1 sala(s), cozinha, 1 vaga(s) de garagem.",252378.27,251000.0,0.0,Leilão SFI - Edital Único,,GRAVATAI,RS,Não
8444431539538,"RUA JOSE ZANCHETTA, N. 321, LT 43 QD O",MORADAS DO SOBRADO,"Casa, 86.00 de área total, 86.00 de área privativa, 125.00 de área do terreno,  2 qto(s), a.serv, WC, 1 sala(s), cozinha, 1 vaga(s) de garagem.",341353.06,339000.0,0.0,Leilão SFI - Edital Único,,GRAVATAI,RS,Não
8787700231980,"AVENIDA ITACOLOMI, N. 4627, Apto 206, BL 02",SANTA CRUZ,"Apartamento, 62.77 de área total, 57.23 de área privativa, 0.00 de área do terreno,  2 qto(s), a.serv, WC, 1 sala(s), cozinha, 1 vaga(s) de garagem.",185000.0,180000.0,0.0,Leilão SFI - Edital Único,,GRAVATAI,RS,Não
8787700242817,"AVENIDA ITACOLOMI, N. 4627, Apto 212, BL 03",SANTA CRUZ,"Apartamento, 62.77 de área total, 57.23 de área privativa, 0.00 de área do terreno,  2 qto(s), a.serv, WC, 1 sala(s), cozinha, 1 vaga(s) de garagem.",185000.0,180000.0,0.0,Leilão SFI - Edital Único,,GRAVATAI,RS,Não
8444420865382,"AVENIDA ESTRELA, N. 359, LT 05 QD O CS 01",PARQUE IPIRANGA,"Casa, 36.87 de área total, 36.87 de área privativa, 59.85 de área do terreno, 1 vaga(s) de garagem.",160302.38,155000.0,0.0,Leilão SFI - Edital Único,,GRAVATAI,RS,Não
8787720711162,"AVENIDA ELY CORREA, N. 1960, Apto 304, BLOCO 12 VAGA 113",DONA MERCEDES,"Apartamento, 61.12 de área total, 38.40 de área privativa, 0.00 de área do terreno,  2 qto(s), WC, 1 sala(s), cozinha, 1 vaga(s) de garagem.",171469.69,164510.6,0.0,Leilão SFI - Edital Único,,GRAVATAI,RS,Não
8787724992913,"RUA FOGACA DA CRUZ, N. 632, Apto 203, BL 06",NATAL,"Apartamento, 73.38 de área total, 38.40 de área privativa, 0.00 de área do terreno, 1 vaga(s) de garagem.",237348.48,225000.0,0.0,Leilão SFI - Edital Único,,GRAVATAI,RS,Não
8787700232250,"AVENIDA ITACOLOMI, N. 4627, Apto 309, BL 03 VG 26",SANTA CRUZ,"Apartamento, 62.77 de área total, 57.23 de área privativa, 0.00 de área do terreno,  2 qto(s), WC, 1 sala(s), cozinha, 1 vaga(s) de garagem.",185000.0,173000.0,0.0,Leilão SFI - Edital Único,,GRAVATAI,RS,Não
8787700375370,"RUA ERNESTO GOMES, N. 715, Apto 104, BL 09 TERREO PAV 01 VG 149",PASSO DAS PEDRAS,"Apartamento, 91.36 de área total, 44.07 de área privativa, 0.00 de área do terreno,  2 qto(s), WC, 1 sala(s), cozinha, 1 vaga(s) de garagem.",210000.0,195000.0,0.0,Leilão SFI - Edital Único,,GRAVATAI,RS,Não
8444407450808,"RUA GENERAL VITORINO, N. 231, LT 21 QD 37",MORADA DO VALE II,"Casa, 129.07 de área total, 129.07 de área privativa, 200.00 de área do terreno,  2 qto(s).",288311.0,265000.0,0.0,Leilão SFI - Edital Único,,GRAVATAI,RS,Não
8787720359140,"RUA FOGACA DA CRUZ, N. 632, Apto 504, VG.Nº85 RUA F",NATAL,"Apartamento, 78.76 de área total, 42.15 de área privativa, 0.00 de área do terreno,  2 qto(s), a.serv, WC, 1 sala(s), cozinha, 1 vaga(s) de garagem.",244135.7,223000.0,0.0,Leilão SFI - Edital Único,,GRAVATAI,RS,Não
8444422957780,"RUA CARLOS NEJAR, N. 362, CASA 03",PARQUE ITACOLOMI,"Casa, 54.93 de área total, 54.93 de área privativa, 100.00 de área do terreno,  2 qto(s), a.serv, WC, 1 sala(s), cozinha, 1 vaga(s) de garagem.",170000.0,154000.0,0.0,Leilão SFI - Edital Único,,GRAVATAI,RS,Não
8444400149576,"ACESSO A, N. 647, Apto 101, TERREO PAV 01 LT 04 QD 10",VERA CRUZ,"Apartamento, 94.91 de área total, 93.91 de área privativa, 0.00 de área do terreno,  2 qto(s), WC, 1 sala(s), cozinha, 1 vaga(s) de garagem.",238194.36,215000.0,0.0,Leilão SFI - Edital Único,,GRAVATAI,RS,Não
1444420852630,"RUA JANETE CLAIR, N. 610,  ANTIGA RUA B  LT 13 QD 04",PARQUE IPIRANGA,"Casa, 197.30 de área total, 197.30 de área privativa, 307.80 de área do terreno.",848000.0,745000.0,0.0,Leilão SFI - Edital Único,,GRAVATAI,RS,Não
8444405267950,"RUA PREFEITO ALCIDES ROSA, N. 75, Apto 403, BL 01",SALGADO FILHO,"Apartamento, 45.52 de área total, 39.53 de área privativa, 0.00 de área do terreno,  2 qto(s), a.serv, WC, 1 sala(s), cozinha.",180000.0,156000.0,0.0,Leilão SFI - Edital Único,,GRAVATAI,RS,Não
1043121002348,"RUA COELHO DE SOUZA, N. 358,",MONTE BELO,"Casa, 85.06 de área total, 70.06 de área privativa, 300.00 de área do terreno,  3 qto(s), a.serv, WC, 1 sala(s), cozinha, 1 vaga(s) de garagem.",361358.0,311000.0,0.0,Leilão SFI - Edital Único,,GRAVATAI,RS,Não
1444422371672,"RUA DOS PARDAIS, N. 151, CS 110 LT 40 QD B",CORONEL NASSUCA,"Casa, 235.60 de área total, 235.60 de área privativa, 250.00 de área do terreno,  3 qto(s), a.serv, WC, 2 sala(s), 1 lavabo(s), cozinha.",496467.84,820000.0,39.46,Venda Direta Online,,GUAIBA,RS,Não
1600000085255,"RUA CORONEL MARCOS DE ANDRADE, N. 10,",CENTRO,"Casa, 542.50 de área total, 350.00 de área privativa, 871.00 de área do terreno.",924105.74,1450000.0,36.27,Venda Online,,GUAIBA,RS,Não
8787720297498,"RUA E, N. 369, CASA 266",ALTOS DA ALEGRIA,"Casa, 40.15 de área total, 40.15 de área privativa, 110.00 de área do terreno,  2 qto(s), WC, 1 sala(s), cozinha, 1 vaga(s) de garagem.",200000.0,200000.0,0.0,Leilão SFI - Edital Único,,GUAIBA,RS,Não
8787719261060,"RUA D, N. 214, CS 66 LT 03 QD 18",ALTOS DA ALEGRIA,"Casa, 40.15 de área total, 40.15 de área privativa, 110.00 de área do terreno,  2 qto(s), WC, 1 sala(s), cozinha, 1 vaga(s) de garagem.",198015.16,187000.0,0.0,Leilão SFI - Edital Único,,GUAIBA,RS,Não
10309361,"RUA DO POENTE, N. 00, QD 110, LT 05 PARTE, LADO PAR",CENTRO,"Terreno, 0.00 de área total, 0.00 de área privativa, 612.50 de área do terreno.",500000.0,255000.0,0.0,Leilão SFI - Edital Único,,GUAPORE,RS,Não
8444415854874,"RUA SÃO XAVIER, N. 460,",CENTRO,"Casa, 83.76 de área total, 83.76 de área privativa, 225.00 de área do terreno,  2 qto(s), a.serv, WC, 1 sala(s), cozinha.",168654.26,168654.26,0.0,Leilão SFI - Edital Único,,GUARANI DAS MISSOES,RS,Não
10309365,"RUA OSCAR KLEIN, N. 394, Apto 13, TÉRREO",CASA DE PEDRA,"Apartamento, 0.00 de área total, 36.31 de área privativa, 0.00 de área do terreno, 1 vaga(s) de garagem.",200000.0,200000.0,0.0,Leilão SFI - Edital Único,,IGREJINHA,RS,Não
10309366,"RUA OSCAR KLEIN, N. 386, RESIDÊNCIA 01",CASA DE PEDRA,"Casa, 0.00 de área total, 168.00 de área privativa, 250.00 de área do terreno.",440000.0,440000.0,0.0,Leilão SFI - Edital Único,,IGREJINHA,RS,Sim
10309364,"RUA OSCAR KLEIN, N. 394, Apto 23",CASA DE PEDRA,"Apartamento, 0.00 de área total, 32.87 de área privativa, 0.00 de área do terreno, 1 vaga(s) de garagem.",170000.0,160000.0,0.0,Leilão SFI - Edital Único,,IGREJINHA,RS,Não
10309367,"RUA OSCAR KLEIN, N. 394, Apto 24",CASA DE PEDRA,"Apartamento, 0.00 de área total, 38.46 de área privativa, 0.00 de área do terreno, 1 vaga(s) de garagem.",300000.0,168000.0,0.0,Leilão SFI - Edital Único,,IGREJINHA,RS,Sim
10300795,"RUA JOSÉ AMOR AMORIM, N. 253, Apto 103, BL 01",TANCREDO NEVES,"Apartamento, 0.00 de área total, 44.30 de área privativa, 0.00 de área do terreno.",65607.95,110000.0,40.36,Licitação Aberta,,IJUI,RS,Não
8444426400675,"RUA 28, N. 84, Apto 02,",HARMONIA EXTENCAO B,"Apartamento, 35.02 de área total, 35.02 de área privativa, 0.00 de área do terreno,  1 qto(s), a.serv, WC, 1 sala(s), cozinha.",129646.69,220000.0,41.07,Venda Direta Online,,IMBE,RS,Sim
8444413689930,"RUA ATLANTICO, N. 880, LOTE 19 QUADRA 14 SETOR 7",BALNEÁRIO ST TEREZIN,"Casa, 52.60 de área total, 52.60 de área privativa, 300.00 de área do terreno,  2 qto(s), WC, 1 sala(s), cozinha.",113457.97,150000.0,24.37,Leilão SFI - Edital Único,,IMBE,RS,Não
1444414631830,"RUA NOVO HAMBURGO, N. 940, ST 35 LT 27 QD 48",Balneário Mariluz,"Casa, 76.00 de área total, 76.00 de área privativa, 300.00 de área do terreno,  2 qto(s), a.serv, WC, WC Emp, 1 sala(s), cozinha.",200000.0,200000.0,0.0,Leilão SFI - Edital Único,,IMBE,RS,Não
8444410827844,"TRAVESSA SEIS, N. 1001, LOTE 06 QUA 138",ALBATROZ (DISTRITO),"Casa, 0.00 de área total, 31.74 de área privativa, 300.00 de área do terreno.",122000.0,122000.0,0.0,Leilão SFI - Edital Único,,IMBE,RS,Não
10176583,"RUA NAPOLEO MASSA, N. 504, QD 05, LT 14",VILA COHAB,"Casa, 0.00 de área total, 161.94 de área privativa, 1374.60 de área do terreno.",239392.56,410000.0,41.62,Licitação Aberta,,ITAQUI,RS,Não
10306953,"FAZENDA SOCIEDADE, N. 00, PARTE 11",SESMARIA TUPARAI,"Imóvel rural, 0.00 de área total, 0.00 de área privativa, 600967.00 de área do terreno.",1900000.0,1900000.0,0.0,Leilão SFI - Edital Único,,ITAQUI,RS,Não
8444418151378,"RUA MARCOS MARTINS, N. 68, ST 04 QD 077 LT 037",BAIRRO LUCAS,"Casa, 24.36 de área total, 24.36 de área privativa, 73.44 de área do terreno.",31921.66,64000.0,50.13,Venda Direta Online,,JAGUARAO,RS,Não
10217978,"AVENIDA SETE DE SETEMBRO, N. 291, QD 32, LT 08 PARTE",CENTRO,"Loja, 0.00 de área total, 436.07 de área privativa, 332.50 de área do terreno.",669180.02,1050000.0,36.27,Venda Direta Online,,JAGUARI,RS,Não
8555535581095,"R PEDRO PETRY, N. 851, SOBRADO 108,  BL C",UNIVERSITARIO,"Casa, 73.58 de área total, 73.00 de área privativa, 66.50 de área do terreno,  2 qto(s), a.serv, WC, 1 sala(s), cozinha, 1 vaga(s) de garagem.",139015.11,230000.0,39.56,Venda Direta Online,,LAJEADO,RS,Não
8787712727349,"RUA PEDRO PETRY, N. 771, CS 80, BL 01",UNIVERSITARIO,"Casa, 63.99 de área total, 61.80 de área privativa, 93.55 de área do terreno,  2 qto(s), a.serv, WC, 1 sala(s), cozinha, 1 vaga(s) de garagem.",114838.57,190000.0,39.56,Venda Direta Online,,LAJEADO,RS,Sim
1444421452059,"RUA LEOPOLDO ALFREDO BRUXEL, N. 52,  LOTE 24 QUADRA 03",CAMPESTRE,"Casa, 182.45 de área total, 182.45 de área privativa, 360.00 de área do terreno,  3 qto(s), a.serv, WC, 2 sala(s), 1 lavabo(s), cozinha.",439746.87,690000.0,36.27,Licitação Aberta,,LAJEADO,RS,Sim
10291037,"RUA CAXIAS DO SUL, N. S/N, St 8, Qd 171, Lt 340",UNIVERSITARIO,"Terreno, 0.00 de área total, 0.00 de área privativa, 373.40 de área do terreno.",254925.72,400000.0,36.27,Licitação Aberta,,LAJEADO,RS,Não
1444421407185,"AVENIDA SENADOR ALBERTO PASQUALINI, N. 3111, Apto 301, BLOCO D, VAGA ESTACIONAMENTO Nº 091",UNIVERSITARIO,"Apartamento, 65.49 de área total, 48.66 de área privativa, 0.00 de área do terreno,  2 qto(s), WC, 1 sala(s), cozinha, 1 vaga(s) de garagem.",278960.21,283000.0,1.43,Leilão SFI - Edital Único,,LAJEADO,RS,Não
1444417138566,"RUA BENNO JOSE ZART, N. 707,",JARDIM DO CEDRO,"Casa, 59.44 de área total, 59.44 de área privativa, 360.00 de área do terreno,  2 qto(s), a.serv, WC, 1 sala(s), cozinha.",255000.0,255000.0,0.0,Leilão SFI - Edital Único,,LAJEADO,RS,Não
8444434985830,"RUA PEDRO PETRY, N. 851, PREDIO 03 BL G",UNIVERSITARIO,"Casa, 72.60 de área total, 72.03 de área privativa, 72.60 de área do terreno,  2 qto(s), WC, 1 sala(s), 1 lavabo(s), cozinha, 1 vaga(s) de garagem.",262000.0,262000.0,0.0,Leilão SFI - Edital Único,,LAJEADO,RS,Não
1444418975011,"RUA ARAY MELLO CHRIST, N. SN, LT 01 QD 13",CONVENTOS,"Terreno, 0.00 de área total, 0.00 de área privativa, 452.57 de área do terreno.",571193.0,180000.0,0.0,Leilão SFI - Edital Único,,LAJEADO,RS,Não
1444402906740,"RUA ERNESTO DORNELES, N. 12,",MACHADINHO,"Casa, 180.00 de área total, 121.92 de área privativa, 410.00 de área do terreno,  2 qto(s), a.serv, WC, 1 sala(s), cozinha.",297307.12,466500.0,36.27,Venda Direta Online,,MACHADINHO,RS,Sim
1444417012457,"RUA BAHIA, N. 291,",BAIRRO SANTA HELENA,"Casa, 195.00 de área total, 195.00 de área privativa, 569.60 de área do terreno,  4 qto(s), a.serv, WC, 1 sala(s), cozinha.",252376.46,440000.0,42.65,Venda Direta Online,,MARAU,RS,Não
10171634,"AVENIDA JULIO RENNER, N. 3315, QD AZ, LT 16 E 17",SAO PAULO,"Prédio, 0.00 de área total, 900.00 de área privativa, 618.91 de área do terreno.",801381.2,1830000.0,56.21,Venda Direta Online,,MONTENEGRO,RS,Não
1444408093733,"RUA JOAO PESSOA, N. 1265, Apto 104, BOX 13",CENTRO,"Apartamento, 134.30 de área total, 83.42 de área privativa, 0.00 de área do terreno,  2 qto(s), WC, 1 sala(s), cozinha, 1 vaga(s) de garagem.",314195.94,580000.0,45.83,Venda Direta Online,,MONTENEGRO,RS,Sim
8444408227118,"RUA DAS GLICINIAS, N. 95, CS 05",ESTACAO,"Casa, 36.81 de área total, 36.81 de área privativa, 60.00 de área do terreno,  1 qto(s), a.serv, WC, cozinha.",49208.01,85000.0,42.11,Licitação Aberta,,MONTENEGRO,RS,Não
8444407487655,"RUA DAS GLICINIAS, N. 95, CS 01",ESTACAO,"Casa, 342.36 de área total, 36.80 de área privativa, 600.00 de área do terreno,  1 qto(s), a.serv, WC, 1 sala(s), cozinha.",87819.45,150000.0,41.46,Venda Online,,MONTENEGRO,RS,Sim
8444414503849,"RUA DOS MIROCALICES, N. 112,",TIMBAUVA,"Casa, 57.44 de área total, 32.44 de área privativa, 360.00 de área do terreno,  1 qto(s), a.serv, WC, 1 sala(s), cozinha.",83721.21,143000.0,41.46,Licitação Aberta,,MONTENEGRO,RS,Não
10290990,"RUA BENTO GONCALVES, N. 1510, Apto 201",FERROVIARIO,"Apartamento, 0.00 de área total, 92.44 de área privativa, 0.00 de área do terreno, 1 vaga(s) de garagem.",221785.38,348000.0,36.27,Licitação Aberta,,MONTENEGRO,RS,Não
8444412421551,"RUA ELISA MOOJEN ARPINI, N. 68, CS 02",TIMBAUVA,"Casa, 99.86 de área total, 99.86 de área privativa, 133.37 de área do terreno,  3 qto(s), a.serv, WC, 1 sala(s), 1 lavabo(s), cozinha.",318657.15,500000.0,36.27,Venda Direta Online,,MONTENEGRO,RS,Sim
1444416203569,"RUA UM, N. 114, Apto 401, LT.1 2 QD.A LOT.SAINT GERMAIN BL.A",SENAI,"Apartamento, 82.15 de área total, 54.17 de área privativa, 0.00 de área do terreno,  2 qto(s), a.serv, WC, 1 sala(s), cozinha, 1 vaga(s) de garagem.",267000.0,267000.0,0.0,Leilão SFI - Edital Único,,MONTENEGRO,RS,Não
8787710311277,"RUA LICINIO FAUSTINO DA SILVA, N. 161, Apto 404, TORRE LAÇADOR VG 28",TIMBAUVA,"Apartamento, 67.43 de área total, 46.39 de área privativa, 0.00 de área do terreno,  2 qto(s), WC, 1 sala(s), cozinha, 1 vaga(s) de garagem.",225232.0,220000.0,0.0,Leilão SFI - Edital Único,,MONTENEGRO,RS,Não
1444417585201,"RUA 32 SANTO SALLA, N. 699, LT 08 QD 24",CENTRO,"Casa, 160.60 de área total, 160.60 de área privativa, 399.99 de área do terreno,  3 qto(s), a.serv, WC, 1 sala(s), cozinha.",497105.15,780000.0,36.27,Licitação Aberta,,NOVA ALVORADA,RS,Sim
8444425074022,"RUA VICTORIA CÉ DE OLIVEIRA, N. 243, LT 05 QD E",BAIRRO PROGRESSO,"Casa, 56.00 de área total, 56.00 de área privativa, 487.61 de área do terreno,  2 qto(s), a.serv, WC, 1 sala(s), cozinha, 1 vaga(s) de garagem.",211954.41,200000.0,0.0,Leilão SFI - Edital Único,,NOVA HARTZ,RS,Não
10141386,"AVENIDA NICOLAU BECKER, N. S/N, QD V LT 10 - ESQ. RUA IRMA MAERIA CLEO",GUARANI,"Terreno, 0.00 de área total, 0.00 de área privativa, 467.53 de área do terreno.",123171.48,258000.0,52.26,Venda Direta Online,,NOVO HAMBURGO,RS,Não
8444428322450,"RUA DAS ARAUCARIAS, N. SN, LT 12 QD T LOT PQ RES NOVO HAMBURGO",BOA SAUDE,"Terreno, 0.00 de área total, 0.00 de área privativa, 130.00 de área do terreno.",52456.91,108000.0,51.43,Venda Direta Online,,NOVO HAMBURGO,RS,Não
8787707172822,"RUA ARTHUR MOMBERGER, N. 1050, Apto 44, BL I VAGA 69",DIEHL,"Apartamento, 0.00 de área total, 45.64 de área privativa, 0.00 de área do terreno, 1 vaga(s) de garagem.",100663.96,205000.0,50.9,Venda Direta Online,,NOVO HAMBURGO,RS,Sim
8787700964847,"RUA DAS QUARESMEIRAS, N. 479, LT 19, QD U",BOA SAUDE,"Casa, 0.00 de área total, 45.00 de área privativa, 130.00 de área do terreno.",55424.35,110000.0,49.62,Venda Online,,NOVO HAMBURGO,RS,Não
8444426692404,"RUA PROJETADA 01, N. SN, LT 04 LOT COOPUNESP",ALPES DO VALE,"Terreno, 0.00 de área total, 0.00 de área privativa, 141.50 de área do terreno.",44576.67,88000.0,49.35,Venda Direta Online,,NOVO HAMBURGO,RS,Não
8444426624549,"RUA PROJETADA 01, N. SN, LT 02",ALPES DO VALE,"Terreno, 0.00 de área total, 0.00 de área privativa, 125.02 de área do terreno.",46371.31,89000.0,47.9,Venda Direta Online,,NOVO HAMBURGO,RS,Não
8444409227308,"RUA URUGUAI, N. 388, Apto 334, BL 09 3º PAVIMENTO",CANUDOS,"Apartamento, 66.15 de área total, 38.41 de área privativa, 0.00 de área do terreno,  2 qto(s), WC, 1 sala(s), cozinha.",90602.56,163000.0,44.42,Venda Direta Online,,NOVO HAMBURGO,RS,Não
10214863,"AVENIDA CORONEL FREDERICO LINCK, N. 454, QD 20, LTS 1 E 2",IDEAL,"Prédio, 0.00 de área total, 454.28 de área privativa, 307.50 de área do terreno.",847206.52,1500000.0,43.52,Venda Direta Online,,NOVO HAMBURGO,RS,Não
8444429217669,"RUA MILTON JOAO HEINLE, N. SN, LT 37 QD S",BOA SAUDE,"Terreno, 0.00 de área total, 0.00 de área privativa, 130.00 de área do terreno.",49208.01,85000.0,42.11,Venda Direta Online,,NOVO HAMBURGO,RS,Não
8444427214344,"RUA PROJETADA 01, N. SN, LT 06",ALPES DO VALE,"Terreno, 0.00 de área total, 0.00 de área privativa, 165.30 de área do terreno.",53839.36,93000.0,42.11,Venda Direta Online,,NOVO HAMBURGO,RS,Não
8444436378672,"RUA LAURO WEISSHEIMER, N. SN, LT 23 QD S",BOA SAUDE,"Terreno, 0.00 de área total, 0.00 de área privativa, 130.00 de área do terreno.",47808.94,82300.0,41.91,Venda Direta Online,,NOVO HAMBURGO,RS,Não
8787710339651,"RUA BOLESLAU CASEMIRO KONARZWSKI, N. 651, Apto 503, BL 07",SANTO AFONSO,"Apartamento, 51.39 de área total, 41.20 de área privativa, 0.00 de área do terreno,  2 qto(s), WC, 1 sala(s), cozinha.",90746.77,155000.0,41.46,Licitação Aberta,,NOVO HAMBURGO,RS,Não
8444437429505,"RUA EVALDO LUIZ DE SOUZA, N. 10, Apto 54, BL M",CANUDOS,"Apartamento, 56.70 de área total, 45.64 de área privativa, 0.00 de área do terreno,  2 qto(s), a.serv, WC, 1 sala(s), cozinha.",89575.84,153000.0,41.46,Licitação Aberta,,NOVO HAMBURGO,RS,Não
8787709702497,"RUA BOLESLAU CASEMIRO KONARZWSKI, N. 651, Apto 501, BL 18",SANTO AFONSO,"Apartamento, 51.39 de área total, 41.20 de área privativa, 0.00 de área do terreno,  2 qto(s), WC, 1 sala(s), cozinha.",97185.51,164000.0,40.75,Venda Direta Online,,NOVO HAMBURGO,RS,Não
8787711044213,"RUA BOLESLAU CASEMIRO KONARZWSKI, N. 651, Apto 202, BL08",SANTO AFONSO,"Apartamento, 0.00 de área total, 41.20 de área privativa, 0.00 de área do terreno.",114967.29,190212.98,39.56,Venda Direta Online,,NOVO HAMBURGO,RS,Não
10221388,"RUA JOÃO WERNO ERHART, N. 4889",RINCAO,"Prédio, 0.00 de área total, 415.80 de área privativa, 436.70 de área do terreno.",1695256.03,2800000.0,39.46,Venda Direta Online,,NOVO HAMBURGO,RS,Não
7049000001130,"RUA OSCAR EMILIO MULLER, N. 56, Apto 11",VILA NOVA,"Apartamento, 0.00 de área total, 153.19 de área privativa, 0.00 de área do terreno,  3 qto(s), a.serv, WC, 1 sala(s), cozinha, 3 vaga(s) de garagem.",521960.41,819000.0,36.27,Licitação Aberta,,NOVO HAMBURGO,RS,Sim
8787703843447,"RUA OSWALDO ARTHUR HARTZ, N. 990, Apto 102, BLOCO 01, TÉRREO OU 1° PAVIMENTO",CANUDOS,"Apartamento, 63.68 de área total, 39.63 de área privativa, 0.00 de área do terreno,  2 qto(s), WC, 1 sala(s), cozinha, 1 vaga(s) de garagem.",116006.85,170000.0,31.77,Leilão SFI - Edital Único,,NOVO HAMBURGO,RS,Não
8444417436549,"RUA INDEPENDENCIA, N. 423, CS 03",PRIMAVERA,"Casa, 83.27 de área total, 65.14 de área privativa, 83.27 de área do terreno,  2 qto(s), a.serv, WC, 1 sala(s), 1 lavabo(s), cozinha.",210000.0,210000.0,0.0,Leilão SFI - Edital Único,,NOVO HAMBURGO,RS,Não
8787702614053,"RUA AVAI, N. 119, Apto 208, TORRE 02",VILA ROSA,"Apartamento, 84.17 de área total, 46.50 de área privativa, 0.00 de área do terreno,  2 qto(s), WC, 1 sala(s), cozinha, 1 vaga(s) de garagem.",296000.0,296000.0,0.0,Leilão SFI - Edital Único,,NOVO HAMBURGO,RS,Não
8555533890503,"RUA JOAO PEDRO SCHIMITT, N. 977, Apto 42, BL MANTIQUEIRA VG 71",RONDONIA,"Apartamento, 0.00 de área total, 63.01 de área privativa, 0.00 de área do terreno,  2 qto(s), WC, 1 sala(s), cozinha, 1 vaga(s) de garagem.",200000.0,200000.0,0.0,Leilão SFI - Edital Único,,NOVO HAMBURGO,RS,Não
8787713769738,"RUA CARLOS LANZER, N. 127, Apto 24, BL A VG 10",RONDONIA,"Apartamento, 80.77 de área total, 56.48 de área privativa, 0.00 de área do terreno,  2 qto(s), WC, 1 sala(s), cozinha, 1 vaga(s) de garagem.",305000.0,305000.0,0.0,Leilão SFI - Edital Único,,NOVO HAMBURGO,RS,Não
8444426746270,"RUA VALDOMIRO WILHELMS, N. 82, Apto 211, BL 2",CANUDOS,"Apartamento, 80.69 de área total, 38.97 de área privativa, 0.00 de área do terreno,  2 qto(s), WC, 1 sala(s), cozinha.",158000.0,158000.0,0.0,Leilão SFI - Edital Único,,NOVO HAMBURGO,RS,Não
8787707925316,"RUA MARIA OLINDA TELLES, N. 1222, Apto 402, BL 02",CANUDOS,"Apartamento, 77.51 de área total, 40.82 de área privativa, 0.00 de área do terreno,  2 qto(s), WC, 1 sala(s), cozinha, 1 vaga(s) de garagem.",170000.0,170000.0,0.0,Leilão SFI - Edital Único,,NOVO HAMBURGO,RS,Não
8787709514984,"RUA MARIA OLINDA TELLES, N. 1222, Apto 103, BL 14 VG 151",CANUDOS,"Apartamento, 88.89 de área total, 50.72 de área privativa, 0.00 de área do terreno,  2 qto(s), WC, 1 sala(s), cozinha, 1 vaga(s) de garagem.",195000.0,195000.0,0.0,Leilão SFI - Edital Único,,NOVO HAMBURGO,RS,Não
8787711570020,"RUA MARIA OLINDA TELLES, N. 1222, Apto 204, BL 10 VG 188",CANUDOS,"Apartamento, 79.03 de área total, 40.82 de área privativa, 0.00 de área do terreno,  2 qto(s), WC, 1 sala(s), cozinha, 1 vaga(s) de garagem.",205000.0,205000.0,0.0,Leilão SFI - Edital Único,,NOVO HAMBURGO,RS,Não
8555535443490,"RUA GETULIO BORGES DA FONSECA, N. 250, Apto 205, BL I BOX 05",OPERARIO,"Apartamento, 74.80 de área total, 49.85 de área privativa, 0.00 de área do terreno,  2 qto(s), WC, 1 sala(s), cozinha, 1 vaga(s) de garagem.",220000.0,220000.0,0.0,Leilão SFI - Edital Único,,NOVO HAMBURGO,RS,Não
8787704007286,"RUA GUANABARA, N. 110, Apto 42, BL IPIRANGA VG 74",OURO BRANCO,"Apartamento, 71.42 de área total, 51.49 de área privativa, 0.00 de área do terreno,  2 qto(s), WC, 1 sala(s), cozinha, 1 vaga(s) de garagem.",223000.0,223000.0,0.0,Leilão SFI - Edital Único,,NOVO HAMBURGO,RS,Não
8787716847209,"RUA BOLESLAU CASEMIRO KONARZEWSKI, N. 651, Apto 104, BL 17",SANTO AFONSO,"Apartamento, 51.39 de área total, 41.20 de área privativa, 0.00 de área do terreno,  2 qto(s), WC, 1 sala(s), cozinha, 1 vaga(s) de garagem.",165308.59,165000.0,0.0,Leilão SFI - Edital Único,,NOVO HAMBURGO,RS,Não
1444422967915,"RUA VISCONDE DE ARAGUAIA, N. 108, LT.27 QD.2",SANTO AFONSO,"Casa, 332.99 de área total, 332.99 de área privativa, 900.56 de área do terreno,  3 qto(s), a.serv, WC, 1 sala(s), cozinha, 2 vaga(s) de garagem.",940000.0,850000.0,0.0,Leilão SFI - Edital Único,,NOVO HAMBURGO,RS,Não
8787703837218,"RUA GUIA LOPES, N. 3070, Apto 303, BL.8 3°PAV. VG.N°124",RONDONIA,"Apartamento, 79.29 de área total, 39.62 de área privativa, 0.00 de área do terreno,  2 qto(s), WC, 1 sala(s), cozinha, 1 vaga(s) de garagem.",190000.0,170000.0,0.0,Leilão SFI - Edital Único,,NOVO HAMBURGO,RS,Não
8787716309371,"RUA GUIA LOPES, N. 900, Apto 201, BL 03 VG 18",RONDONIA,"Apartamento, 60.17 de área total, 38.40 de área privativa, 0.00 de área do terreno,  2 qto(s), WC, 1 sala(s), cozinha, 1 vaga(s) de garagem.",230000.0,196700.0,0.0,Leilão SFI - Edital Único,,NOVO HAMBURGO,RS,Não
8787715052873,"RUA OSVALDO CRUZ, N. 1127, Apto 1001, VG 13",PRIMAVERA,"Apartamento, 87.36 de área total, 59.88 de área privativa, 0.00 de área do terreno,  2 qto(s), WC, 1 sala(s), cozinha, 1 vaga(s) de garagem.",310000.0,260000.0,0.0,Leilão SFI - Edital Único,,NOVO HAMBURGO,RS,Não
8444440159459,"RUA HENRI DUNANT, N. 801, Apto 23, BL B VG 108 PNE",OPERARIO,"Apartamento, 74.83 de área total, 51.13 de área privativa, 0.00 de área do terreno,  2 qto(s), WC, 1 vaga(s) de garagem.",310000.0,260000.0,0.0,Leilão SFI - Edital Único,,NOVO HAMBURGO,RS,Não
8787701751260,"RUA GUIA LOPES, N. 3070, Apto 504, BL 02 VG 45",RONDONIA,"Apartamento, 79.29 de área total, 39.62 de área privativa, 0.00 de área do terreno,  2 qto(s), WC, 1 sala(s), cozinha, 1 vaga(s) de garagem.",210000.0,165000.0,0.0,Leilão SFI - Edital Único,,NOVO HAMBURGO,RS,Não
8787716259161,"RUA GUIA LOPES, N. 900, Apto 504, BL 06",RONDONIA,"Apartamento, 53.13 de área total, 42.15 de área privativa, 0.00 de área do terreno,  2 qto(s), WC, 1 sala(s), cozinha, 1 vaga(s) de garagem.",275000.0,208000.0,0.0,Leilão SFI - Edital Único,,NOVO HAMBURGO,RS,Não
10208356,"BR 101 ALTURA DO KM 95, N. 00",ARROIO DAS PEDRAS,"Imóvel rural, 0.00 de área total, 0.00 de área privativa, 102564.78 de área do terreno.",662500.24,1550000.0,57.26,Venda Direta Online,,OSORIO,RS,Não
1444420346930,"RUA 2, N. SN, LOTE 3, QUADRA 1",Serramar,"Terreno, 0.00 de área total, 0.00 de área privativa, 680.00 de área do terreno.",93443.54,178000.0,47.51,Venda Direta Online,,OSORIO,RS,Não
8444413438261,"RUA FARROUPILHA, N. 226, Apto 101,",CARAVAGIO,"Apartamento, 58.00 de área total, 52.00 de área privativa, 0.00 de área do terreno,  2 qto(s), a.serv, WC, 1 sala(s), cozinha, 1 vaga(s) de garagem.",184000.0,184000.0,0.0,Leilão SFI - Edital Único,,OSORIO,RS,Não
1444420686030,"RUA BARAO DO TRIUNFO, N. 1525, LT 07 QD 39 ST 120",CENTRO,"Casa, 247.51 de área total, 247.51 de área privativa, 375.00 de área do terreno,  3 qto(s), 1 vaga(s) de garagem.",1253617.88,1200000.0,0.0,Leilão SFI - Edital Único,,OSORIO,RS,Não
8444411203674,"RUA CAMBARA DO SUL, N. 235, CS.02 LOT.SERRAMAR LT.18 QD.02 ST.640",SERRAMAR,"Casa, 69.52 de área total, 69.52 de área privativa, 137.68 de área do terreno,  2 qto(s), a.serv, WC, 1 sala(s), 1 lavabo(s), cozinha.",155591.64,138000.0,0.0,Leilão SFI - Edital Único,,OSORIO,RS,Não
1555528313074,"RUA SETE DE SETEMBRO, N. SN, LT 06 QD 42 ST 01",CENTRO,"Terreno, 0.00 de área total, 0.00 de área privativa, 2617.23 de área do terreno.",4628048.98,7261800.0,36.27,Venda Direta Online,,PANAMBI,RS,Não
8444417615710,"RUA PARAÍBA, N. 290, LT 09 QD B",COLINA DO LEAO,"Casa, 61.60 de área total, 38.42 de área privativa, 205.89 de área do terreno,  1 qto(s), WC, 1 sala(s), cozinha, 2 vaga(s) de garagem.",69693.79,137500.0,49.32,Venda Online,,PAROBE,RS,Não
10214658,"AVENIDA DAS NAÇÕES, N. 553, SL 03, TÉRREO, QD J, LT 12",Guarujá,"Sala, 0.00 de área total, 224.03 de área privativa, 0.00 de área do terreno.",343965.84,609000.0,43.52,Venda Direta Online,,PAROBE,RS,Não
10210516,"RUA VERANÓPOLIS, N. 00, LT H",VALINHOS,"Terreno, 0.00 de área total, 0.00 de área privativa, 2008.99 de área do terreno.",262099.75,505000.0,48.1,Venda Direta Online,,PASSO FUNDO,RS,Sim
1444420992696,"RUA L, N. SN, CH 03, QD 25",Jaboticabal,"Terreno, 0.00 de área total, 0.00 de área privativa, 1987.00 de área do terreno.",467108.46,850000.0,45.05,Venda Direta Online,,PASSO FUNDO,RS,Sim
8787706033381,"RUA PALMARES, N. 114, Apto 524, BL 05",SANTA MARTA,"Apartamento, 105.53 de área total, 49.05 de área privativa, 0.00 de área do terreno,  2 qto(s), WC, 1 sala(s), cozinha.",119673.87,198000.0,39.56,Licitação Aberta,,PASSO FUNDO,RS,Não
8444422593177,"RUA SETEMBRINO VIEIRA DE SOUZA, N. 260, Apto 208, BL B",SANTA MARTA,"Apartamento, 92.84 de área total, 49.34 de área privativa, 0.00 de área do terreno,  2 qto(s), WC, 1 sala(s), cozinha.",111168.79,180000.0,38.24,Licitação Aberta,,PASSO FUNDO,RS,Não
1444406668496,"RUA SALZANO DA CUNHA, N. SN, CHÁCARA 25",VILA LUIZA,"Terreno, 0.00 de área total, 0.00 de área privativa, 3117.00 de área do terreno.",656433.73,1030000.0,36.27,Licitação Aberta,,PASSO FUNDO,RS,Sim
1444419388047,"RUA MARTIN LUTHER KING, N. SN, LT 1A QD E",SANTA MARTA,"Casa, 111.97 de área total, 111.97 de área privativa, 150.00 de área do terreno,  2 qto(s), a.serv, WC, 1 sala(s), cozinha.",200754.0,315000.0,36.27,Licitação Aberta,,PASSO FUNDO,RS,Não
1444410563865,"RUA GUILHERME KURTZ, N. 1037,",VILA LUIZA,"Casa, 60.00 de área total, 48.00 de área privativa, 409.50 de área do terreno,  2 qto(s), a.serv, WC, 1 sala(s), cozinha.",369000.0,369000.0,0.0,Leilão SFI - Edital Único,,PASSO FUNDO,RS,Não
8444408842742,"RUA JUCA PINTO, N. 382,",VILA LUIZA,"Casa, 61.20 de área total, 61.20 de área privativa, 150.71 de área do terreno,  2 qto(s), WC, 1 sala(s), cozinha.",178900.0,178900.0,0.0,Leilão SFI - Edital Único,,PASSO FUNDO,RS,Não
8555512548636,"RUA QUINTINO BOCAIUVA, N. 149, QD I LT 23",SANTA MARTA,"Casa, 60.46 de área total, 60.46 de área privativa, 187.50 de área do terreno,  2 qto(s), WC, 1 sala(s), cozinha.",210000.0,210000.0,0.0,Leilão SFI - Edital Único,,PASSO FUNDO,RS,Não
10142695,"RUA GASPAR MARTINS, N. S/N, LOTE B, QUADRA 36",PETROPOLIS,"Terreno, 0.00 de área total, 0.00 de área privativa, 1200.00 de área do terreno.",1230348.84,1230348.84,0.0,Leilão SFI - Edital Único,,PASSO FUNDO,RS,Sim
8444402961847,"RUA ESTEIO, N. 158, LT.19B QD.13",INTEGRACAO,"Casa, 51.98 de área total, 51.98 de área privativa, 180.00 de área do terreno,  2 qto(s), WC, 1 sala(s), cozinha.",230000.0,230000.0,0.0,Leilão SFI - Edital Único,,PASSO FUNDO,RS,Não
1444408201145,"RUA CAMPOS SALLES, N. 219",VILA RODRIGUES,"Casa, 0.00 de área total, 133.14 de área privativa, 309.70 de área do terreno, 1 vaga(s) de garagem.",515000.0,515000.0,0.0,Leilão SFI - Edital Único,,PASSO FUNDO,RS,Sim
1444414495309,"RUA PADRE ROMA, N. 20, QD 41 LT 14",SAO LUIZ GONZAGA,"Casa, 127.50 de área total, 127.50 de área privativa, 360.00 de área do terreno,  3 qto(s), a.serv, WC, 1 sala(s), cozinha, 1 vaga(s) de garagem.",342548.63,320000.0,0.0,Leilão SFI - Edital Único,,PASSO FUNDO,RS,Não
8444411341694,"AVENIDA ALCEU LAUS, N. SN,  LT.A06",NENE GRAEFF,"Terreno, 0.00 de área total, 0.00 de área privativa, 400.00 de área do terreno.",175000.0,98000.0,0.0,Leilão SFI - Edital Único,,PASSO FUNDO,RS,Não
10171522,"RUA SANTO ANGELO, N. 1381, QD 112, LT 14",LARANJAL,"Terreno, 0.00 de área total, 0.00 de área privativa, 300.00 de área do terreno.",69119.19,200000.0,65.45,Venda Direta Online,,PELOTAS,RS,Não
8444426380895,"RUA LEOPOLDO BROD, N. 7258, INTERIOR 41",TRES VENDAS,"Terreno, 0.00 de área total, 0.01 de área privativa, 0.01 de área do terreno.",32586.7,84000.0,61.21,Venda Direta Online,,PELOTAS,RS,Não
8444406901890,"RUA IRMAO FERNANDO DE JESUS, N. SN, Apto 205, BL 26, QUART.1702",FRAGATA,"Apartamento, 0.00 de área total, 39.28 de área privativa, 0.00 de área do terreno,  2 qto(s), WC, 1 sala(s), cozinha.",31077.58,75000.0,58.57,Venda Direta Online,,PELOTAS,RS,Não
10140907,"RUA ALFREDO SATTE ALAM, N. 1150, QD 49, LT 06",TRES VENDAS,"Casa, 0.00 de área total, 396.56 de área privativa, 429.24 de área do terreno.",360708.92,850000.0,57.57,Venda Online,,PELOTAS,RS,Sim
8444408079712,"RUA IRMAO GABINO GERARDO ANTIGA RUA 05, N. SN, Apto 304, BL 164",FRAGATA,"Apartamento, 0.00 de área total, 40.82 de área privativa, 0.00 de área do terreno,  1 qto(s), WC, 1 sala(s), cozinha.",43868.16,95000.0,53.83,Venda Direta Online,,PELOTAS,RS,Não
1444404332849,"RUA FREI CANECA, N. 1060, .",FRAGATA,"Terreno, 0.00 de área total, 0.00 de área privativa, 143.56 de área do terreno,  2 qto(s), WC, 1 sala(s), cozinha.",90574.94,185000.0,51.05,Venda Direta Online,,PELOTAS,RS,Não
8444425494633,"AVENIDA BAHIA, N. 227, LT 10 QD 20",LARANJAL,"Terreno, 0.00 de área total, 0.00 de área privativa, 231.00 de área do terreno.",27157.56,55000.0,50.63,Venda Direta Online,,PELOTAS,RS,Não
8444410266273,"RUA JOAO LUIZ DO AMARAL, N. 33, Apto 302, BL 06",TRES VENDAS,"Apartamento, 0.00 de área total, 36.94 de área privativa, 0.00 de área do terreno,  2 qto(s), WC, 1 sala(s), cozinha.",35801.37,72000.0,50.28,Venda Direta Online,,PELOTAS,RS,Não
1444421645558,"RUA MARILDA ZAIDEM MESQUITA, N. 62,",FRAGATA,"Terreno, 0.00 de área total, 0.00 de área privativa, 398.12 de área do terreno.",55832.64,112000.0,50.15,Venda Direta Online,,PELOTAS,RS,Não
8444408468166,"RUA TORRES, N. 8960, LT 14 QD 60",LARANJAL,"Casa, 112.97 de área total, 52.97 de área privativa, 214.50 de área do terreno.",88616.74,174000.0,49.08,Venda Direta Online,,PELOTAS,RS,Sim
8444425945589,"RUA VEREADOR PAULO ACI TEIXEIRA - INTERIOR 60, N. 1018,",TRES VENDAS,"Terreno, 35.00 de área total, 0.00 de área privativa, 225.00 de área do terreno.",74942.07,145000.0,48.32,Venda Online,,PELOTAS,RS,Não
8444406656356,"RUA LAGOA VERMELHA, N. 199, LT 07 QD 24",LARANJAL,"Casa, 60.50 de área total, 60.50 de área privativa, 214.50 de área do terreno,  2 qto(s), a.serv, WC, 1 sala(s), cozinha.",111784.66,215000.0,48.01,Venda Direta Online,,PELOTAS,RS,Sim
1444412729752,"RUA MARCOS COSTA, N. 255, Apto 441,",FRAGATA,"Apartamento, 59.34 de área total, 43.19 de área privativa, 0.00 de área do terreno,  2 qto(s), WC, 1 sala(s), cozinha, 1 vaga(s) de garagem.",81434.21,155000.0,47.47,Venda Direta Online,,PELOTAS,RS,Sim
1444405797675,"RUA SANTO ANGELO, N. 1391, QD 112 LT 15",LARANJAL,"Casa, 0.00 de área total, 179.00 de área privativa, 300.00 de área do terreno.",357337.18,680000.0,47.46,Venda Direta Online,,PELOTAS,RS,Não
8444414313020,"RUA DIRCEU DE AVILA MARTINS, N. 1702, Apto 204, BL 332",FRAGATA,"Apartamento, 37.48 de área total, 35.96 de área privativa, 0.00 de área do terreno, WC.",56388.12,107000.0,47.31,Venda Online,,PELOTAS,RS,Não
8444416580433,"RUA IARA SILVA - ANTIGA RUA 07, N. 478, Apto 201, BL 478 QUARTEIRÃO 1707",FRAGATA,"Apartamento, 37.74 de área total, 36.28 de área privativa, 0.00 de área do terreno,  2 qto(s), WC, 1 sala(s), cozinha.",44917.11,85000.0,47.16,Venda Direta Online,,PELOTAS,RS,Não
1555534792493,"AVENIDA BRASIL, N. 462",FRAGATA,"Casa, 0.00 de área total, 79.00 de área privativa, 113.50 de área do terreno, WC, 1 sala(s), cozinha.",160381.18,303000.0,47.07,Venda Direta Online,,PELOTAS,RS,Sim
8444424471362,"RUA FRANCISCO DE PAULA BARRETO, N. 106,",JARDIM EUROPA,"Casa, 70.00 de área total, 70.00 de área privativa, 381.80 de área do terreno.",130000.86,240000.0,45.84,Venda Online,,PELOTAS,RS,Não
8159420090371,"RUA BAGE, N. 624,",LARANJAL,"Casa, 0.00 de área total, 120.64 de área privativa, 0.00 de área do terreno,  3 qto(s), a.serv, WC, 1 sala(s), 1 lavabo(s), cozinha.",180898.94,333000.0,45.68,Venda Online,,PELOTAS,RS,Não
8787712559900,"AVENIDA FERNANDO OSORIO, N. 4766, Apto 103, BL H TÉRREO VG 58",TRES VENDAS,"Apartamento, 0.00 de área total, 45.22 de área privativa, 0.00 de área do terreno, 1 vaga(s) de garagem.",119673.87,220000.0,45.61,Venda Online,,PELOTAS,RS,Sim
10217171,"RUA SATURNINO DE BRITTO, N. 446",FRAGATA,"Prédio, 0.00 de área total, 524.48 de área privativa, 355.20 de área do terreno.",836475.01,1500000.0,44.24,Venda Direta Online,,PELOTAS,RS,Não
8787706054117,"AVENIDA CRISTOVAO JOSE DOS SANTOS, N. 639, Apto 51, BL D",TRES VENDAS,"Apartamento, 66.58 de área total, 45.70 de área privativa, 0.00 de área do terreno,  2 qto(s), WC, 1 sala(s), cozinha, 1 vaga(s) de garagem.",86853.62,152154.18,42.92,Venda Direta Online,,PELOTAS,RS,Não
8444425885012,"RUA ESTEIO, N. 1571, LOTE 02, QUADRA 49",LARANJAL,"Terreno, 0.00 de área total, 0.00 de área privativa, 360.00 de área do terreno.",62856.87,110000.0,42.86,Venda Direta Online,,PELOTAS,RS,Não
8444427566852,"AVENIDA FERNANDO OSORIO, N. 1584, LT 188, QD 09,",CENTRO,"Terreno, 0.00 de área total, 0.00 de área privativa, 150.00 de área do terreno.",62856.87,110000.0,42.86,Licitação Aberta,,PELOTAS,RS,Não
1555520385599,"AVENIDA PRESIDENTE JUSCELINO KUBITSCHEK, N. 2054, Apto 404, BL J",CENTRO,"Apartamento, 68.72 de área total, 61.08 de área privativa, 0.00 de área do terreno,  2 qto(s), a.serv, WC, 1 sala(s), cozinha.",146263.63,255000.0,42.65,Venda Direta Online,,PELOTAS,RS,Sim
8444432123505,"AVENIDA FERNANDO OSORIO, N. 7737, Apto 312, BL 3",TRES VENDAS,"Apartamento, 42.03 de área total, 42.03 de área privativa, 0.00 de área do terreno,  2 qto(s), a.serv, WC.",54997.19,95000.0,42.11,Venda Direta Online,,PELOTAS,RS,Não
8787700349573,"RUA DOIS, N. 555, Apto 204, VAGA 07",TRES VENDAS,"Apartamento, 71.42 de área total, 44.90 de área privativa, 0.00 de área do terreno,  2 qto(s), WC, 1 vaga(s) de garagem.",75305.5,130000.0,42.08,Licitação Aberta,,PELOTAS,RS,Não
8787702151827,"RUA UM, N. 635, Apto 402, VG 13",TRES VENDAS,"Apartamento, 91.58 de área total, 44.90 de área privativa, 0.00 de área do terreno,  2 qto(s), WC, 1 sala(s), cozinha, 1 vaga(s) de garagem.",77043.32,133000.0,42.08,Venda Direta Online,,PELOTAS,RS,Sim
8787700143657,"RUA ABRILINO FERREIRA CARDOSO, N. 3125, Apto 302, BOX 09",AREAL,"Apartamento, 90.03 de área total, 44.90 de área privativa, 0.00 de área do terreno,  2 qto(s), varanda, a.serv, WC, 1 sala(s), cozinha, 1 vaga(s) de garagem.",79939.69,138000.0,42.08,Venda Online,,PELOTAS,RS,Sim
8444426338104,"RUA PAULO ACI TEIXEIRA, N. 1018, LT 01, QD 13,",TRES VENDAS,"Casa, 125.00 de área total, 125.00 de área privativa, 125.00 de área do terreno,  2 qto(s), WC, 1 sala(s), cozinha.",38340.1,66000.0,41.91,Venda Online,,PELOTAS,RS,Não
8444427613877,"CORREDOR SETE DA AVENIDA ENGENHEIRO ILDEFONSO SIMO, N. 173, CORREDOR 7 DA AV. ENG. ILDEFONSO SIMÕE",TRES VENDAS,"Terreno, 0.00 de área total, 0.00 de área privativa, 149.55 de área do terreno.",33692.81,58000.0,41.91,Venda Direta Online,,PELOTAS,RS,Não
8444429365285,"CORREDOR SETE DA AVENIDA ENGENHEIRO ILDEFONSO SIM, N. 51,",TRES VENDAS,"Terreno, 0.00 de área total, 0.00 de área privativa, 149.55 de área do terreno.",20157.6,34700.0,41.91,Licitação Aberta,,PELOTAS,RS,Não
10171092,"RUA CAPITÃO NELSON PEREIRA, N. 1088, BANHADO DO TANOEIRO",AREAL,"Terreno, 0.00 de área total, 0.00 de área privativa, 3080.00 de área do terreno.",309458.68,530000.0,41.62,Venda Direta Online,,PELOTAS,RS,Não
8444426974795,"AVENIDA LEOPOLDO BROD, N. 7192,",TRES VENDA,"Casa, 41.63 de área total, 41.63 de área privativa, 200.00 de área do terreno,  2 qto(s), a.serv, WC, 1 sala(s), cozinha.",83721.21,143000.0,41.46,Licitação Aberta,,PELOTAS,RS,Não
8787700154608,"RUA ABRILINO FERREIRA CARDOSO, N. 3165, Apto 301,",TRES VENDAS,"Apartamento, 70.68 de área total, 44.90 de área privativa, 0.00 de área do terreno,  2 qto(s), 1 sala(s), cozinha, 1 vaga(s) de garagem.",81964.82,140000.0,41.46,Venda Online,,PELOTAS,RS,Sim
8787707694632,"AVENIDA CRISTOVAO JOSE DOS SANTOS, N. 639, Apto 104, BL K,  VAGA DESCOBERTA N 11",TRES VENDAS,"Apartamento, 66.58 de área total, 45.70 de área privativa, 0.00 de área do terreno,  2 qto(s), WC, 1 sala(s), cozinha, 1 vaga(s) de garagem.",103111.46,174000.0,40.75,Venda Direta Online,,PELOTAS,RS,Sim
8787711472380,"RODOVIA BR 116, N. 355, CS 449 QD K",TRES VENDAS,"Casa, 43.70 de área total, 43.08 de área privativa, 131.62 de área do terreno,  2 qto(s), a.serv, WC, 1 sala(s), cozinha, 1 vaga(s) de garagem.",100741.08,170000.0,40.75,Licitação Aberta,,PELOTAS,RS,Não
8787713454192,"AVENIDA ENGENHEIRO ILDEFONSO SIMOES LOPE, N. 2046, Apto 403, BL O VG 299",TRES VENDAS,"Apartamento, 62.26 de área total, 43.27 de área privativa, 0.00 de área do terreno,  2 qto(s), a.serv, WC, 1 sala(s), cozinha, 1 vaga(s) de garagem.",106667.03,180000.0,40.75,Venda Direta Online,,PELOTAS,RS,Não
8787716522830,"AVENIDA FERNANDO OSORIO, N. 4200, Apto 402, BL D",TRES VENDAS,"Apartamento, 51.84 de área total, 45.22 de área privativa, 0.00 de área do terreno,  2 qto(s), WC, 1 sala(s), cozinha, 1 vaga(s) de garagem.",100741.08,170000.0,40.75,Venda Online,,PELOTAS,RS,Sim
8787713796913,"AVENIDA FERNANDO OSORIO, N. 4200, Apto 403, BL C VG 281",CENTRO,"Apartamento, 51.84 de área total, 45.22 de área privativa, 0.00 de área do terreno,  2 qto(s), WC, 1 sala(s), cozinha, 1 vaga(s) de garagem.",100741.08,170000.0,40.75,Venda Direta Online,,PELOTAS,RS,Não
8555506801767,"AVENIDA FERREIRA VIANA, N. 2886, Apto 116,",AREAL,"Apartamento, 0.00 de área total, 43.19 de área privativa, 0.00 de área do terreno.",93629.95,158000.0,40.75,Licitação Aberta,,PELOTAS,RS,Não
8787704007456,"AVENIDA MANOEL ANTONIO PERES, N. 2590, Apto 503, BL B, BOX 503-B",AREAL,"Apartamento, 93.22 de área total, 47.73 de área privativa, 0.00 de área do terreno,  2 qto(s), WC, 1 sala(s), cozinha, 1 vaga(s) de garagem.",100741.08,170000.0,40.75,Venda Direta Online,,PELOTAS,RS,Sim
8787710737665,"AVENIDA ENGENHEIRO ILDEFONSO SIMOES LOPE, N. 2046, Apto 504, BL L, BOX 183",AREAL,"Apartamento, 62.26 de área total, 43.27 de área privativa, 0.00 de área do terreno,  2 qto(s), WC, 1 sala(s), cozinha, 1 vaga(s) de garagem.",101333.68,171000.0,40.75,Venda Direta Online,,PELOTAS,RS,Sim
8787714659979,"AVENIDA FERNANDO OSORIO, N. 4200, Apto 101, BL H VG 261",TRES VENDAS,"Apartamento, 63.84 de área total, 45.22 de área privativa, 0.00 de área do terreno,  2 qto(s), WC, 1 sala(s), cozinha, 1 vaga(s) de garagem.",142085.25,238000.0,40.31,Venda Direta Online,,PELOTAS,RS,Sim
1159420100107,"TRAVESSA UM DA VILA CARUCCIO, N. 92,",TRES VENDAS,"Casa, 164.94 de área total, 164.94 de área privativa, 200.00 de área do terreno,  3 qto(s), a.serv, WC, 1 sala(s), 1 lavabo(s), cozinha, 1 vaga(s) de garagem.",318000.0,530000.0,40.0,Leilão SFI - Edital Único,,PELOTAS,RS,Não
1444407581688,"AVENIDA PRESIDENTE JUSCELINO KUBITSCHEK, N. 2200, Apto 202, BL 25 QD 2",AREAL,"Apartamento, 91.64 de área total, 36.27 de área privativa, 0.00 de área do terreno,  2 qto(s), WC, 1 vaga(s) de garagem.",81578.19,135000.0,39.58,Venda Online,,PELOTAS,RS,Sim
8787714486071,"AVENIDA UM  (ANTIGA RODOVIA BR 116), N. 355, QD F CS 139",SITIO FLORESTA,"Casa, 100.59 de área total, 42.74 de área privativa, 100.00 de área do terreno,  2 qto(s), a.serv, WC, cozinha, 1 vaga(s) de garagem.",114838.57,190000.0,39.56,Venda Online,,PELOTAS,RS,Sim
8787712227370,"RODOVIA BR-116, N. 9101, QD K",FRAGATA,"Casa, 43.33 de área total, 42.74 de área privativa, 100.00 de área do terreno,  2 qto(s), a.serv, WC, 1 sala(s), cozinha.",120882.7,200000.0,39.56,Venda Direta Online,,PELOTAS,RS,Sim
8787717210948,"RODOVIA BR-116, N. 9101, QD E",FRAGATA,"Casa, 43.70 de área total, 43.08 de área privativa, 131.00 de área do terreno,  2 qto(s), a.serv, WC, 1 sala(s), cozinha.",123904.77,205000.0,39.56,Venda Direta Online,,PELOTAS,RS,Sim
8787713746720,"AVENIDA UM, N. 355, CS 277 QD H SITIO FLORESTA",TRES VENDAS,"Casa, 43.70 de área total, 43.08 de área privativa, 131.00 de área do terreno,  2 qto(s), a.serv, WC, 1 sala(s), cozinha.",125113.59,207000.0,39.56,Venda Online,,PELOTAS,RS,Sim
8787714087681,"AVENIDA UM, N. 355, CS 435 QD K",TRES VENDAS,"Casa, 100.59 de área total, 42.74 de área privativa, 100.00 de área do terreno,  2 qto(s), a.serv, WC.",120882.7,200000.0,39.56,Venda Online,,PELOTAS,RS,Sim
8787714731211,"AVENIDA UM, N. 355, CS 191 QD G LOT CIDADE ALTA",TRES VENDAS,"Casa, 131.62 de área total, 43.09 de área privativa, 131.00 de área do terreno,  2 qto(s), WC, 1 sala(s), cozinha.",116047.39,192000.0,39.56,Venda Direta Online,,PELOTAS,RS,Sim
8787717560736,"AVENIDA UM, N. 355, CS B QD B LOT CIDADE ALTA",TRES VENDAS,"Casa, 53.48 de área total, 52.74 de área privativa, 140.00 de área do terreno,  2 qto(s), a.serv, WC, 1 sala(s), cozinha.",114838.57,190000.0,39.56,Venda Online,,PELOTAS,RS,Sim
8444422036316,"RUA QUATRO, N. 39, QD 05",AREAL,"Casa, 43.50 de área total, 43.50 de área privativa, 164.60 de área do terreno,  2 qto(s), a.serv, WC, 1 sala(s), cozinha.",114838.57,190000.0,39.56,Venda Online,,PELOTAS,RS,Sim
8444414671679,"RUA NERY DEMARI SIAS, N. 595, LT 17 QD P",AREAL,"Casa, 148.62 de área total, 148.62 de área privativa, 101.25 de área do terreno.",185872.71,307000.0,39.46,Venda Direta Online,,PELOTAS,RS,Sim
8555514130914,"AVENIDA PRESIDENTE JUSCELINO KUBITSCHEK, N. 2000, Apto 106, BL U",SAO GONCALO,"Apartamento, 63.17 de área total, 52.66 de área privativa, 0.00 de área do terreno,  2 qto(s), a.serv, WC, 1 sala(s), cozinha.",87297.61,143000.0,38.96,Venda Direta Online,,PELOTAS,RS,Não
8787716960099,"AV UM, N. 355, CS 56 QD C SITIO FLORESTA",TRES VENDAS,"Casa, 43.33 de área total, 42.74 de área privativa, 100.00 de área do terreno,  2 qto(s), a.serv, WC, 1 sala(s), cozinha.",146953.08,240000.0,38.77,Venda Online,,PELOTAS,RS,Sim
1444415825493,"RUA DOUTOR GERVASIO ALVES PEREIRA, N. 453,",FRAGATA,"Terreno, 0.00 de área total, 0.00 de área privativa, 252.00 de área do terreno.",98816.7,160000.0,38.24,Venda Direta Online,,PELOTAS,RS,Não
8444423262786,"RUA JOAO JACOB BAINY, N. 401, Apto 318, ACESSO 5",TRES VENDAS,"Apartamento, 59.34 de área total, 43.19 de área privativa, 0.00 de área do terreno,  2 qto(s), WC, 1 sala(s), cozinha, 1 vaga(s) de garagem.",98816.7,160000.0,38.24,Venda Direta Online,,PELOTAS,RS,Sim
1444406494552,"RUA MAJOR FRANCISCO NUNES DE SOUZA, N. 4629, LOT VILELA",FRAGATA,"Terreno, 77.78 de área total, 0.00 de área privativa, 140.00 de área do terreno,  1 qto(s), a.serv, WC, 1 sala(s), cozinha.",119590.43,190000.0,37.06,Venda Online,,PELOTAS,RS,Não
1444404673662,"RUA MANOEL CAETANO DA SILVA, N. 241, LT 18",VILA SILVA,"Prédio, 0.00 de área total, 159.75 de área privativa, 150.00 de área do terreno.",235806.29,370000.0,36.27,Venda Online,,PELOTAS,RS,Não
1444408440620,"RUA GENERAL OSORIO, N. 164,",CENTRO,"Casa, 0.00 de área total, 435.90 de área privativa, 435.90 de área do terreno.",305910.86,480000.0,36.27,Venda Direta Online,,PELOTAS,RS,Sim
1555525486512,"RUA VOLUNTARIOS DA PATRIA, N. 1516, Apto 204,",CENTRO,"Apartamento, 0.00 de área total, 64.58 de área privativa, 0.00 de área do terreno.",210313.72,330000.0,36.27,Venda Direta Online,,PELOTAS,RS,Sim
7049520050143,"AVENIDA VINTE E CINCO DE JULHO, N. 327,",BARRAGEM,"Casa, 460.00 de área total, 460.00 de área privativa, 595.20 de área do terreno,  4 qto(s), a.serv, WC, 4 sala(s), 1 lavabo(s), cozinha, 2 vaga(s) de garagem.",715261.03,1122305.0,36.27,Licitação Aberta,,PELOTAS,RS,Sim
8787706280109,"AVENIDA CRISTOVAO JOSE DOS SANTOS, N. 639, Apto 203, BL G VG 190",TRES VENDAS,"Apartamento, 66.58 de área total, 45.70 de área privativa, 0.00 de área do terreno,  2 qto(s), WC, 1 sala(s), cozinha, 1 vaga(s) de garagem.",150000.0,150000.0,0.0,Leilão SFI - Edital Único,,PELOTAS,RS,Não
8787714591908,"AVENIDA UM  LOTEAMENTO CIDADE ALTA, N. 355, CASA 123  QD F",TRES VENDAS,"Casa, 43.70 de área total, 43.08 de área privativa, 131.00 de área do terreno,  2 qto(s), a.serv, WC, 1 sala(s), cozinha, 1 vaga(s) de garagem.",195000.0,195000.0,0.0,Leilão SFI - Edital Único,,PELOTAS,RS,Não
1069300000246,"RUA PADRE ANCHIETA, N. 4715, Apto 402, BL T RIO GRANDE DO NORTE VG 335",CENTRO,"Apartamento, 130.24 de área total, 72.25 de área privativa, 0.00 de área do terreno,  3 qto(s), a.serv, WC, 1 sala(s), cozinha, 1 vaga(s) de garagem.",250000.0,250000.0,0.0,Leilão SFI - Edital Único,,PELOTAS,RS,Não
8787713687472,"AVENIDA FERNANDO OSORIO, N. 4200, Apto 501, BL H VG 207",CENTRO,"Apartamento, 51.84 de área total, 45.22 de área privativa, 0.00 de área do terreno,  2 qto(s), a.serv, WC, 1 sala(s), cozinha, 1 vaga(s) de garagem.",190000.0,190000.0,0.0,Leilão SFI - Edital Único,,PELOTAS,RS,Não
8787703501244,"RUA VISCONDE DE SAO GABRIEL, N. 206, Apto 6402, BL 06",AREAL,"Apartamento, 44.39 de área total, 44.39 de área privativa, 0.00 de área do terreno,  2 qto(s), WC, 1 sala(s), cozinha, 1 vaga(s) de garagem.",159650.0,159650.0,0.0,Leilão SFI - Edital Único,,PELOTAS,RS,Não
8787708375379,"RUA COMENDADOR RAFAEL MAZZA, N. 1074, Apto 328, ACESSO 7",AREAL,"Apartamento, 59.47 de área total, 43.19 de área privativa, 0.00 de área do terreno,  2 qto(s), WC, 1 sala(s), cozinha, 1 vaga(s) de garagem.",154000.0,154000.0,0.0,Leilão SFI - Edital Único,,PELOTAS,RS,Não
8787714422669,"AVENIDA MANOEL ANTONIO PERES, N. 2440, Apto 101, BL Q",AREAL,"Apartamento, 92.30 de área total, 47.73 de área privativa, 0.00 de área do terreno,  2 qto(s), 1 vaga(s) de garagem.",137000.0,137000.0,0.0,Leilão SFI - Edital Único,,PELOTAS,RS,Não
8787709523533,"RUA ABRILINO FERREIRA CARDOSO, N. 2776, Apto 303, BL A",TRES VENDAS,"Apartamento, 92.11 de área total, 44.90 de área privativa, 0.00 de área do terreno,  2 qto(s), WC, 1 sala(s), cozinha, 1 vaga(s) de garagem.",133050.97,131000.0,0.0,Leilão SFI - Edital Único,,PELOTAS,RS,Não
8787713652717,"AVENIDA FERNANDO OSORIO, N. 4200, Apto 504, BL I VG 225",CENTRO,"Apartamento, 51.85 de área total, 45.22 de área privativa, 0.00 de área do terreno,  2 qto(s), a.serv, WC, 1 sala(s), cozinha, 1 vaga(s) de garagem.",150000.0,132000.0,0.0,Leilão SFI - Edital Único,,PELOTAS,RS,Não
1444415109151,"RUA IARA SILVA, N. 1708, Apto 101, BLOCO 334 A",FRAGATA,"Apartamento, 0.00 de área total, 73.63 de área privativa, 0.00 de área do terreno.",132525.69,107000.0,0.0,Leilão SFI - Edital Único,,PELOTAS,RS,Não
1444420116071,"RUA BENTO MARTINS, N. 1011, Apto 301,",CENTRO,"Apartamento, 48.32 de área total, 36.21 de área privativa, 0.00 de área do terreno,  1 qto(s), a.serv, WC, 1 sala(s), cozinha.",210000.0,150000.0,0.0,Leilão SFI - Edital Único,,PELOTAS,RS,Não
8444420476777,"RUA UM, N. 538, LT 572 QD 34",TRES VENDAS,"Terreno, 0.00 de área total, 0.00 de área privativa, 300.00 de área do terreno.",165265.72,91000.0,0.0,Leilão SFI - Edital Único,,PELOTAS,RS,Não
10286390,"RUA JULIO DE CASTILHOS, N. 3203, QD 287",VÁRZEA DO PORTÃO,"Terreno, 0.00 de área total, 0.00 de área privativa, 453.75 de área do terreno.",135326.01,215000.0,37.06,Venda Direta Online,,PORTAO,RS,Não
10007591,"Av. Professor Oscar Pereira - lado ímpar, (em frente ao nº 8300)",BELEM VELHO,"Gleba, 0.00 de área total, 0.00 de área privativa, 61622.47 de área do terreno.",1171496.11,5168000.0,77.34,Venda Direta Online,,PORTO ALEGRE,RS,Não
10206723,"RUA FABIO CARNEIRO LIMA, N. 364, LT 364",SARANDI,"Terreno, 0.00 de área total, 0.00 de área privativa, 961.34 de área do terreno.",235080.73,990000.0,76.26,Venda Online,,PORTO ALEGRE,RS,Sim
8444416111999,"RUA VINTE E QUATRO, N. SN, Apto 207, LT 05 QD 48 BL A",RUBEM BERTA,"Apartamento, 0.00 de área total, 43.20 de área privativa, 0.00 de área do terreno.",32254.55,108000.0,70.14,Venda Direta Online,,PORTO ALEGRE,RS,Não
10163892,"RUA DOUTOR RAMIRO D AVILA, N. 20, SL 406",AZENHA,"Sala, 0.00 de área total, 79.92 de área privativa, 0.00 de área do terreno.",102296.53,292000.0,64.97,Venda Direta Online,,PORTO ALEGRE,RS,Não
10143312,"AVENIDA VIENA, N. 63",SAO GERALDO,"Comercial, 0.00 de área total, 329.00 de área privativa, 0.00 de área do terreno.",376367.85,965000.0,61.0,Venda Online,,PORTO ALEGRE,RS,Não
8555513437552,"RUA PAULO MACIEL, N. 120, Apto 308, BL 35",CAVALHADA,"Apartamento, 0.00 de área total, 36.42 de área privativa, 0.00 de área do terreno,  2 qto(s), WC, 1 sala(s), cozinha.",40874.44,99000.0,58.72,Venda Direta Online,,PORTO ALEGRE,RS,Não
8444416174877,"RUA PAULO GRANATO MARTINS, N. S/N, Apto 201, BL D, QD 75, LT 04",RUBEM BERTA,"Apartamento, 0.00 de área total, 43.20 de área privativa, 0.00 de área do terreno,  2 qto(s), a.serv, WC, 1 sala(s), cozinha.",36790.48,87800.0,58.1,Venda Direta Online,,PORTO ALEGRE,RS,Não
8444415000972,"RUA VINTE E QUATRO, N. 55, Apto 106, BL D, LT 01, QD 49",RUBEM BERTA,"Apartamento, 0.00 de área total, 42.00 de área privativa, 0.00 de área do terreno.",42718.61,97000.0,55.97,Venda Direta Online,,PORTO ALEGRE,RS,Não
8045100459203,"RUA VINTE E QUATRO, N. 50, Apto 307, BLA",RUBEM BERTA,"Apartamento, 0.00 de área total, 43.20 de área privativa, 0.00 de área do terreno.",33518.18,75000.0,55.31,Venda Direta Online,,PORTO ALEGRE,RS,Não
8444409785572,"RUA UM A, N. SN, Apto 402, BL D",RUBEM BERTA,"Apartamento, 56.49 de área total, 52.80 de área privativa, 0.00 de área do terreno,  3 qto(s), a.serv, WC, 1 sala(s), cozinha.",48314.2,100000.0,51.69,Venda Direta Online,,PORTO ALEGRE,RS,Não
8555502697884,"RUA DOZE, N. SN, Apto 303, BL D LT 01 QD 22",Alto Petrópolis,"Apartamento, 0.00 de área total, 42.60 de área privativa, 0.00 de área do terreno,  2 qto(s), WC, 1 sala(s), cozinha.",36257.18,75000.0,51.66,Venda Direta Online,,PORTO ALEGRE,RS,Não
8444432057111,"RUA DOUTOR JULIO TEIXEIRA (RUA C), N. 150, Apto 207, BL 20 QD E",CAVALHADA,"Apartamento, 45.81 de área total, 36.12 de área privativa, 0.00 de área do terreno,  2 qto(s), WC, 1 sala(s), cozinha.",43352.26,88100.0,50.8,Venda Direta Online,,PORTO ALEGRE,RS,Não
8044200419124,"RUA JOSE BARCELLOS GARCIA, N. 100, Apto 107, BL B",RUBEM BERTA,"Apartamento, 42.19 de área total, 37.06 de área privativa, 0.00 de área do terreno,  2 qto(s), WC, 1 sala(s), cozinha.",83006.03,168000.0,50.6,Venda Direta Online,,PORTO ALEGRE,RS,Sim
8555500179002,"RUA DEZ, N. SN, Apto 302, BL A LT 02 QD 18",RUBEM BERTA,"Apartamento, 0.00 de área total, 52.80 de área privativa, 0.00 de área do terreno,  2 qto(s), WC, 1 sala(s), cozinha.",50506.1,100000.0,49.5,Venda Direta Online,,PORTO ALEGRE,RS,Não
8043000497840,"RUA DEPUTADO CUNHA BUENO, N. 41, Apto 105, BL 03, QD B, LT 01, 02, 03, 04",CAVALHADA,"Apartamento, 46.22 de área total, 36.42 de área privativa, 0.00 de área do terreno,  2 qto(s), WC, 1 sala(s), cozinha.",22806.21,45000.0,49.32,Venda Direta Online,,PORTO ALEGRE,RS,Não
8555527712127,"ESTRADA BARRO VERMELHO, N. 799, Apto 308, BL E VG 132  2º BOX",BELEM NOVO,"Apartamento, 90.05 de área total, 45.45 de área privativa, 0.00 de área do terreno,  2 qto(s), WC, 1 sala(s), cozinha, 1 vaga(s) de garagem.",72231.49,141000.0,48.78,Venda Direta Online,,PORTO ALEGRE,RS,Sim
8787700266600,"RUA JOSE IUCHNO, N. 151, Apto 501, BL 09",HIPICA,"Apartamento, 81.20 de área total, 40.29 de área privativa, 0.00 de área do terreno,  2 qto(s), WC, 1 sala(s), cozinha.",93333.65,180000.0,48.15,Venda Online,,PORTO ALEGRE,RS,Não
8444410928861,"AVENIDA MARTIM FELIX BERTA, N. 55, Apto 202, BL D, LT 01, QD 06",RUBEM BERTA,"Apartamento, 56.50 de área total, 52.80 de área privativa, 0.00 de área do terreno,  3 qto(s), WC, 1 sala(s), cozinha.",47793.2,92000.0,48.06,Venda Direta Online,,PORTO ALEGRE,RS,Não
8555535888719,"AVENIDA FRANCISCO SILVEIRA BITENCOURT, N. 1818, Apto 201, TORRE 30",SARANDI,"Apartamento, 0.00 de área total, 40.26 de área privativa, 0.00 de área do terreno.",114384.3,220000.0,48.01,Venda Direta Online,,PORTO ALEGRE,RS,Sim
8444428165460,"RUA DOLORES DURAN, N. 701, Apto 114, BL 3, LT F",LOMBA DO PINHEIRO,"Apartamento, 51.38 de área total, 44.96 de área privativa, 0.00 de área do terreno,  2 qto(s), a.serv, WC, 1 sala(s), cozinha.",109185.02,210000.0,48.01,Venda Direta Online,,PORTO ALEGRE,RS,Sim
8042810001160,"RUA PAULO RENATO KETZER DE SOUZA, N. 300, Apto 502, BL C",Alto Petrópolis,"Apartamento, 42.19 de área total, 37.06 de área privativa, 0.00 de área do terreno,  2 qto(s), WC, 1 sala(s), cozinha.",89546.93,168384.45,46.82,Venda Direta Online,,PORTO ALEGRE,RS,Sim
8042820091102,"RUA CINCO, N. 170, Apto 301, BLOCO C LT4 QD8",RUBEM BERTA,"Apartamento, 46.22 de área total, 43.20 de área privativa, 0.00 de área do terreno,  2 qto(s), WC, 1 sala(s), cozinha.",52858.24,99000.0,46.61,Venda Online,,PORTO ALEGRE,RS,Não
8555537974981,"AVENIDA FAMILIA GONCALVES CARNEIRO, N. 441, Apto 103, BL 25",CAVALHADA,"Apartamento, 0.00 de área total, 40.29 de área privativa, 0.00 de área do terreno,  2 qto(s), WC, 1 sala(s), cozinha.",96618.3,179200.0,46.09,Licitação Aberta,,PORTO ALEGRE,RS,Não
10224693,"RUA CICERO VIANA, N. SN, QD E, LT 05",ABERTA DOS MORROS,"Terreno, 0.00 de área total, 0.00 de área privativa, 225.00 de área do terreno.",91868.65,170000.0,45.96,Venda Direta Online,,PORTO ALEGRE,RS,Não
10274829,"AV. ALTOS DO SANTA RITA(ANT AV. DIRETRIZ 6432), N. 00, QD E, LT 04",ABERTA DOS MORROS,"Terreno, 0.00 de área total, 0.00 de área privativa, 225.00 de área do terreno.",86464.61,160000.0,45.96,Venda Direta Online,,PORTO ALEGRE,RS,Não
1444420058403,"RUA BALDOINO BOTTINI, N. 549, QD A",HIPICA,"Casa, 224.00 de área total, 224.00 de área privativa, 161.00 de área do terreno,  3 qto(s), a.serv, WC, 2 sala(s), 1 lavabo(s), cozinha.",482128.27,890000.0,45.83,Venda Direta Online,,PORTO ALEGRE,RS,Sim
8444413187110,"RUA JOAO JACOB TAGLIASSUCHI, N. 25, Apto 402, BL 7",RUBEM BERTA,"Apartamento, 130.59 de área total, 69.90 de área privativa, 0.00 de área do terreno,  2 qto(s), a.serv, WC, 1 sala(s), cozinha.",113911.86,210000.0,45.76,Venda Direta Online,,PORTO ALEGRE,RS,Sim
8555506422979,"RUA PAULO MACIEL, N. 185, Apto 304, BL 23 ANTIGA RUA D",CAVALHADA,"Apartamento, 46.19 de área total, 36.42 de área privativa, 0.00 de área do terreno,  2 qto(s), WC, 1 sala(s), cozinha.",23612.71,43300.0,45.47,Venda Direta Online,,PORTO ALEGRE,RS,Não
1444400175293,"AVENIDA JUCA BATISTA, N. 2705, UNIDADE 21",HIPICA,"Terreno, 0.00 de área total, 0.00 de área privativa, 299.83 de área do terreno.",95650.22,175000.0,45.35,Venda Online,,PORTO ALEGRE,RS,Não
10214195,"AVENIDA CELESTINO BERTOLUCCI, N. 510, QD 12, LT 02",ABERTA DOS MORROS,"Casa, 0.00 de área total, 80.00 de área privativa, 330.00 de área do terreno.",180248.91,328000.0,45.05,Venda Direta Online,,PORTO ALEGRE,RS,Não
8787703225697,"RUA JOSE IUCHNO, N. 205, Apto 402, BL 03",HIPICA,"Apartamento, 81.99 de área total, 41.19 de área privativa, 0.00 de área do terreno,  2 qto(s), WC, 1 sala(s), cozinha.",106225.67,190000.0,44.1,Venda Direta Online,,PORTO ALEGRE,RS,Sim
8787700577630,"AVENIDA FRANCISCO SILVEIRA BITENCOURT, N. 1818, Apto 202, TORRE 14",SARANDI,"Apartamento, 79.35 de área total, 40.26 de área privativa, 0.00 de área do terreno,  2 qto(s), WC, 1 sala(s), cozinha.",94015.13,167000.0,43.71,Venda Direta Online,,PORTO ALEGRE,RS,Sim
8787702453459,"RUA IRMA TERESILDA STEFFEN, N. 115, Apto 401, TORRE 10",MARIO QUINTANA,"Apartamento, 90.41 de área total, 40.29 de área privativa, 0.00 de área do terreno,  2 qto(s), WC, 1 sala(s), cozinha.",98518.85,175000.0,43.71,Venda Direta Online,,PORTO ALEGRE,RS,Sim
10215014,"AVENIDA IJUI, N. 86, SL 101, TÉRREO",PETROPOLIS,"Sala, 0.00 de área total, 140.97 de área privativa, 0.00 de área do terreno.",338882.61,600000.0,43.52,Venda Direta Online,,PORTO ALEGRE,RS,Não
1555506097930,"RUA DOUTOR PITREZ, N. 586, QD H LT 15 LOT IPANEMA IMPERIAL PARQUE",IPANEMA,"Casa, 322.00 de área total, 322.00 de área privativa, 326.74 de área do terreno,  2 qto(s), a.serv, WC, 2 sala(s), 1 lavabo(s), cozinha, 3 vaga(s) de garagem.",790726.09,1400000.0,43.52,Venda Online,,PORTO ALEGRE,RS,Sim
10279399,"5080, N. S/N, QD D, LT 35",TERESOPOLIS,"Terreno, 0.00 de área total, 0.00 de área privativa, 200.00 de área do terreno.",91691.09,160500.0,42.88,Venda Direta Online,,PORTO ALEGRE,RS,Não
10279400,"RUA 50580, N. S/N, QD D, LT 36",TERESOPOLIS,"Terreno, 0.00 de área total, 0.00 de área privativa, 200.00 de área do terreno.",91691.09,160500.0,42.88,Venda Direta Online,,PORTO ALEGRE,RS,Não
10279401,"5080, N. S/N, QD D, LT 34",VILA NOVA,"Terreno, 0.00 de área total, 0.00 de área privativa, 200.00 de área do terreno.",91691.09,160500.0,42.88,Venda Direta Online,,PORTO ALEGRE,RS,Não
8444437756107,"RUA C, N. 181, Apto 104, BL 10",CAVALHADA,"Apartamento, 46.13 de área total, 36.42 de área privativa, 0.00 de área do terreno,  2 qto(s), a.serv, WC, 1 sala(s), cozinha.",67777.94,118238.0,42.68,Licitação Aberta,,PORTO ALEGRE,RS,Não
8164520071286,"RUA DOUTOR JULIO TEIXEIRA - ANTG RUA C, N. 40, Apto 305, BL 30 PRÉDIO 02",CAVALHADA,"Apartamento, 46.04 de área total, 36.42 de área privativa, 0.00 de área do terreno,  2 qto(s), WC, 1 sala(s), cozinha.",37991.21,66000.0,42.44,Venda Direta Online,,PORTO ALEGRE,RS,Não
8787704485889,"AVENIDA SOUZA MELO, N. 1084, Apto 103, BL 14",SARANDI,"Apartamento, 81.13 de área total, 41.19 de área privativa, 0.00 de área do terreno,  2 qto(s), 1 sala(s), cozinha.",79939.69,138000.0,42.08,Licitação Aberta,,PORTO ALEGRE,RS,Não
8787702525700,"RUA IRMA TERESILDA STEFFEN, N. 115, Apto 503, TR 04",MARIO QUINTANA,"Apartamento, 0.00 de área total, 40.29 de área privativa, 0.00 de área do terreno.",78201.87,135000.0,42.08,Licitação Aberta,,PORTO ALEGRE,RS,Não
8444427590117,"RUA TOME ANTONIO DE SOUZA, N. 240, Apto 353, BL N",CAMPO NOVO,"Apartamento, 48.89 de área total, 39.03 de área privativa, 0.00 de área do terreno,  2 qto(s), a.serv, WC, 1 sala(s), cozinha.",75884.78,131000.0,42.08,Licitação Aberta,,PORTO ALEGRE,RS,Não
10171648,"AVENIDA PRESIDENTE FRANKLIN ROOSEVELT, N. 1536",SAO GERALDO,"Prédio, 0.00 de área total, 260.00 de área privativa, 156.00 de área do terreno.",423316.12,725000.0,41.62,Licitação Aberta,,PORTO ALEGRE,RS,Não
8787700585676,"RUA IRMA TERESILDA STEFFEN, N. 255, Apto 502, TORRE 06",VILA DONA LEOPOLDINA,"Apartamento, 0.00 de área total, 40.29 de área privativa, 0.00 de área do terreno.",88404.91,151000.0,41.46,Licitação Aberta,,PORTO ALEGRE,RS,Não
8787707235735,"RUA DOS MAIAS, N. 1103, Apto 402, BLOCO 09",RUBEM BERTA,"Apartamento, 81.21 de área total, 41.19 de área privativa, 0.00 de área do terreno,  2 qto(s), WC, 1 sala(s), cozinha, 1 vaga(s) de garagem.",87819.45,150000.0,41.46,Licitação Aberta,,PORTO ALEGRE,RS,Não
8787709203156,"RUA SANTA ROSA DE LIMA, N. 1103, Apto 302, 3 PAV  BL10",RUBEM BERTA,"Apartamento, 81.21 de área total, 41.19 de área privativa, 0.00 de área do terreno,  2 qto(s), WC, 1 sala(s), cozinha.",89575.84,153000.0,41.46,Licitação Aberta,,PORTO ALEGRE,RS,Não
8787714976478,"RUA INOCENCIO DE OLIVEIRA ALVES, N. 101, Apto 504, BL 18",RUBEM BERTA,"Apartamento, 77.79 de área total, 41.19 de área privativa, 0.00 de área do terreno,  2 qto(s), WC, 1 sala(s).",83135.75,142000.0,41.46,Licitação Aberta,,PORTO ALEGRE,RS,Não
8787711785450,"RUA SABINO PEREIRA NUNES, N. 932, Apto 301, BL 11",RESTINGA,"Apartamento, 74.20 de área total, 41.19 de área privativa, 0.00 de área do terreno,  2 qto(s), WC, 1 sala(s), cozinha.",89909.55,153570.0,41.46,Licitação Aberta,,PORTO ALEGRE,RS,Não
8444434925960,"ESTRADA CRISTIANO KRAEMER, N. 1863, Apto 241, BL J",VILA NOVA,"Apartamento, 47.97 de área total, 38.24 de área privativa, 0.00 de área do terreno,  2 qto(s), WC, 1 sala(s), cozinha.",81964.82,140000.0,41.46,Licitação Aberta,,PORTO ALEGRE,RS,Não
1444403719251,"RUA DOUTOR BARCELOS, N. 2434, Apto 103, TR A PAV 01",TRISTEZA,"Apartamento, 0.00 de área total, 50.85 de área privativa, 0.00 de área do terreno, 1 vaga(s) de garagem.",197487.76,335000.0,41.05,Venda Direta Online,,PORTO ALEGRE,RS,Não
8555538083924,"RUA DIRETRIZ 7091, N. 151, Apto 201, BL 26, LT 01, QD B",ABERTA DOS MORROS,"Apartamento, 81.20 de área total, 40.29 de área privativa, 0.00 de área do terreno,  2 qto(s), WC, 1 sala(s), cozinha.",108326.29,182800.0,40.75,Venda Direta Online,,PORTO ALEGRE,RS,Sim
8787707824951,"RUA DOS MAIAS, N. 1103, Apto 202, BL 04",RUBEM BERTA,"Apartamento, 81.21 de área total, 41.19 de área privativa, 0.00 de área do terreno,  2 qto(s), WC, 1 sala(s), cozinha.",92444.76,156000.0,40.75,Licitação Aberta,,PORTO ALEGRE,RS,Não
8555535624487,"RUA NAPOLEAO JACQUES DA ROSA, N. 133, Apto 501, BL A",RESTINGA,"Apartamento, 0.00 de área total, 47.96 de área privativa, 0.00 de área do terreno.",103111.46,174000.0,40.75,Venda Direta Online,,PORTO ALEGRE,RS,Não
8787708135637,"RUA SABINO PEREIRA NUNES, N. 931, Apto 401, BL 10",RESTINGA,"Apartamento, 69.88 de área total, 40.99 de área privativa, 0.00 de área do terreno,  2 qto(s), WC, 1 sala(s), cozinha, 1 vaga(s) de garagem.",100741.08,170000.0,40.75,Venda Direta Online,,PORTO ALEGRE,RS,Sim
8787713038547,"RUA SABINO PEREIRA NUNES, N. 932, Apto 402, BL 18",RESTINGA,"Apartamento, 74.20 de área total, 41.19 de área privativa, 0.00 de área do terreno,  2 qto(s), WC, 1 sala(s), cozinha.",95407.73,161000.0,40.75,Venda Direta Online,,PORTO ALEGRE,RS,Sim
8787715506300,"ESTRADA CRISTIANO KRAEMER, N. 2021, Apto 501, BL 10, LT 01, QD A",VILA NOVA,"Apartamento, 65.43 de área total, 41.19 de área privativa, 0.00 de área do terreno,  2 qto(s), a.serv, WC, 1 sala(s), cozinha.",94815.14,160000.0,40.75,Licitação Aberta,,PORTO ALEGRE,RS,Não
8787702424955,"AVENIDA EDGAR PIRES DE CASTRO, N. 2901, Apto 301, BL 15, 3º PAV",HIPICA,"Apartamento, 81.20 de área total, 40.29 de área privativa, 0.00 de área do terreno,  2 qto(s), WC, 1 sala(s), cozinha.",101288.68,170924.07,40.75,Venda Direta Online,,PORTO ALEGRE,RS,Sim
8444434374815,"RUA IRMA TERESILDA STEFFEN, N. 115, Apto 501, TORRE 03",MARIO QUINTANA,"Apartamento, 90.41 de área total, 40.29 de área privativa, 0.00 de área do terreno,  2 qto(s), WC, 1 sala(s), cozinha.",94815.14,160000.0,40.75,Venda Direta Online,,PORTO ALEGRE,RS,Sim
8787701681474,"RUA IRMA TERESILDA STEFFEN, N. 335, Apto 204, TR 09",MARIO QUINTANA,"Apartamento, 84.41 de área total, 40.29 de área privativa, 0.00 de área do terreno,  2 qto(s), WC, 1 sala(s), cozinha.",105185.54,177500.0,40.75,Venda Online,,PORTO ALEGRE,RS,Sim
8787701852929,"RUA IRMA TERESILDA STEFFEN, N. 335, Apto 303, TORRE 6",MARIO QUINTANA,"Apartamento, 84.41 de área total, 40.29 de área privativa, 0.00 de área do terreno,  1 qto(s), a.serv, WC, 1 sala(s), cozinha.",96000.33,162000.0,40.75,Venda Direta Online,,PORTO ALEGRE,RS,Sim
8787713243957,"RUA 7008, N. 300, Apto 503, BL 03",PITINGA,"Apartamento, 46.98 de área total, 40.82 de área privativa, 0.00 de área do terreno,  2 qto(s), WC, 1 sala(s), cozinha.",94815.14,160000.0,40.75,Licitação Aberta,,PORTO ALEGRE,RS,Não
8444410709396,"AVENIDA BERNARDINO SILVEIRA DE AMORIM, N. SN, Apto 404, QD 01 LTS 01 A 09 BL 02",RUBEM BERTA,"Apartamento, 51.70 de área total, 44.74 de área privativa, 0.00 de área do terreno,  1 qto(s), a.serv, WC, 1 sala(s), cozinha.",67397.26,113000.0,40.36,Venda Direta Online,,PORTO ALEGRE,RS,Não
8444407368419,"RUA CAPITAO PEDROSO, N. 672, Apto 403, BL 10",RESTINGA,"Apartamento, 80.81 de área total, 38.72 de área privativa, 0.00 de área do terreno,  2 qto(s), WC, 1 sala(s), cozinha.",71789.15,120000.0,40.18,Venda Online,,PORTO ALEGRE,RS,Sim
8555513943415,"RUA ATILIO SUPERTTI, N. 1430, Apto 147, BLOCO M TÉRREO",VILA NOVA,"Apartamento, 40.40 de área total, 36.03 de área privativa, 0.00 de área do terreno,  2 qto(s), WC, 1 sala(s), cozinha, 1 vaga(s) de garagem.",78000.0,130000.0,40.0,Leilão SFI - Edital Único,,PORTO ALEGRE,RS,Não
8787703830779,"AVENIDA FRANCISCO SILVEIRA BITENCOURT, N. 1818, Apto 203, 1° ANDAR",SARANDI,"Apartamento, 79.35 de área total, 40.26 de área privativa, 0.00 de área do terreno,  2 qto(s), WC, 1 sala(s), cozinha, 1 vaga(s) de garagem.",110196.06,183000.0,39.79,Venda Direta Online,,PORTO ALEGRE,RS,Sim
8444413695086,"RUA MADRE TERESA DE CALCUTA, N. 35, Apto 304, BL D, LT 01, QD 70, 3º PAV",RUBEM BERTA,"Apartamento, 34.67 de área total, 32.40 de área privativa, 0.00 de área do terreno,  1 qto(s), a.serv, WC, 1 sala(s), cozinha.",54353.48,90000.0,39.61,Venda Direta Online,,PORTO ALEGRE,RS,Não
8444413814123,"RUA MAX JUNIMAN, N. 35, Apto 209, LT 01, QD I,",HUMAITA,"Apartamento, 65.44 de área total, 40.04 de área privativa, 0.00 de área do terreno,  1 qto(s), a.serv, WC, 1 sala(s), cozinha.",77952.49,129000.0,39.58,Licitação Aberta,,PORTO ALEGRE,RS,Não
8042820092974,"RUA ORFANOTROFIO, N. 450, Apto 104, BL 01",NONOAI,"Apartamento, 0.00 de área total, 39.17 de área privativa, 0.00 de área do terreno.",80369.63,133000.0,39.58,Venda Online,,PORTO ALEGRE,RS,Sim
1444404094573,"ESTRADA JOAO DE OLIVEIRA REMIAO, N. 6700, Apto 213, BL 02 TIRIRICA",LOMBA DO PINHEIRO,"Apartamento, 0.00 de área total, 39.03 de área privativa, 0.00 de área do terreno.",78937.48,130630.0,39.58,Venda Online,,PORTO ALEGRE,RS,Sim
8787706541166,"RUA SOLON VIEIRA MARQUES, N. 600, RES 03 QD S",RESTINGA,"Casa, 40.01 de área total, 38.07 de área privativa, 93.75 de área do terreno,  2 qto(s), a.serv, WC, 1 sala(s), cozinha.",125113.59,207000.0,39.56,Licitação Aberta,,PORTO ALEGRE,RS,Não
8787710644691,"RUA SETE MIL E OITO, N. 280, Apto 104, BL 17, LT 02 E 03, Q, VAGA 314",RESTINGA,"Apartamento, 70.94 de área total, 40.46 de área privativa, 0.00 de área do terreno,  2 qto(s), WC, 1 sala(s), cozinha, 1 vaga(s) de garagem.",122998.15,203500.0,39.56,Venda Direta Online,,PORTO ALEGRE,RS,Sim
8787718260957,"RUA SETE MIL E OITO, N. 300, Apto 102, BL 18 PV 01",RESTINGA,"Apartamento, 61.70 de área total, 40.82 de área privativa, 0.00 de área do terreno,  2 qto(s), WC, 1 sala(s), cozinha.",120882.7,200000.0,39.56,Venda Direta Online,,PORTO ALEGRE,RS,Sim
8787706307007,"AVENIDA PROTASIO ALVES, N. 10535, Apto 104, BL 21",MORRO SANTANA,"Apartamento, 98.67 de área total, 40.23 de área privativa, 0.00 de área do terreno,  2 qto(s), a.serv, WC, 1 sala(s), cozinha, 1 vaga(s) de garagem.",114838.57,190000.0,39.56,Licitação Aberta,,PORTO ALEGRE,RS,Não
8787718614724,"RUA CRUZEIRO DO SUL, N. 2077, Apto 502, BL 01",SANTA TEREZA,"Apartamento, 69.21 de área total, 41.19 de área privativa, 0.00 de área do terreno,  2 qto(s), WC, 1 sala(s), cozinha.",123904.77,205000.0,39.56,Licitação Aberta,,PORTO ALEGRE,RS,Não
8787718651875,"RUA CRUZEIRO DO SUL, N. 2077, Apto 101, BL 09",SANTA TEREZA,"Apartamento, 69.21 de área total, 41.19 de área privativa, 0.00 de área do terreno,  2 qto(s), WC, 1 sala(s), cozinha.",123904.77,205000.0,39.56,Licitação Aberta,,PORTO ALEGRE,RS,Não
8787720658407,"RUA CRUZEIRO DO SUL, N. 2077, Apto 102, BL 10",SANTA TEREZA,"Apartamento, 69.21 de área total, 41.19 de área privativa, 0.00 de área do terreno,  2 qto(s), WC, 1 sala(s), cozinha.",111816.5,185000.0,39.56,Licitação Aberta,,PORTO ALEGRE,RS,Não
8444430995270,"AVENIDA FARRAPOS, N. 563, Apto 05,",FLORESTA,"Apartamento, 58.00 de área total, 58.00 de área privativa, 0.00 de área do terreno,  2 qto(s), WC, 1 sala(s).",111816.5,185000.0,39.56,Licitação Aberta,,PORTO ALEGRE,RS,Não
8787702510320,"AVENIDA FAMILIA GONCALVES CARNEIRO, N. 441, Apto 501, BL 16",CAVALHADA,"Apartamento, 85.19 de área total, 40.29 de área privativa, 0.00 de área do terreno,  2 qto(s), WC, 1 sala(s), cozinha.",120882.7,200000.0,39.56,Venda Direta Online,,PORTO ALEGRE,RS,Não
8787718027667,"RUA IRMAO NORBERTO FRANCISCO RAUCH, N. 101, Apto 402, BL 05",JARDIM CARVALHO,"Apartamento, 71.17 de área total, 41.19 de área privativa, 0.00 de área do terreno,  2 qto(s), WC, 1 sala(s), cozinha.",120882.7,200000.0,39.56,Licitação Aberta,,PORTO ALEGRE,RS,Não
8787716824993,"RUA TOME ANTONIO DE SOUZA, N. 100, Apto 401, BL 13",CAMPO NOVO,"Apartamento, 65.43 de área total, 41.19 de área privativa, 0.00 de área do terreno,  2 qto(s), WC, 1 sala(s), cozinha, 1 vaga(s) de garagem.",116289.16,192400.0,39.56,Licitação Aberta,,PORTO ALEGRE,RS,Não
8787719124429,"RUA JOAO PARIS, N. 452, Apto 403, BL 03",SANTA ROSA DE LIMA,"Apartamento, 66.99 de área total, 41.19 de área privativa, 0.00 de área do terreno,  2 qto(s), a.serv, WC, 1 sala(s), cozinha.",117256.22,194000.0,39.56,Licitação Aberta,,PORTO ALEGRE,RS,Não
8787719930131,"RUA JOAO PARIS, N. 452, Apto 403, BL 05",SANTA ROSA DE LIMA,"Apartamento, 66.99 de área total, 41.19 de área privativa, 0.00 de área do terreno,  2 qto(s), WC, 1 sala(s), cozinha.",120882.7,200000.0,39.56,Licitação Aberta,,PORTO ALEGRE,RS,Não
8555524981798,"AVENIDA JUSCELINO KUBITSCHEK DE OLIVEIRA, N. 505, Apto 304, BL F",JARDIM LEOPOLDINA,"Apartamento, 48.86 de área total, 38.34 de área privativa, 0.00 de área do terreno,  2 qto(s), WC, 1 sala(s), cozinha.",123904.77,205000.0,39.56,Licitação Aberta,,PORTO ALEGRE,RS,Não
8043000498081,"RUA DOUTOR JULIO TEIXEIRA, N. 151, Apto 210, BL 11",CAVALHADA,"Apartamento, 45.76 de área total, 36.12 de área privativa, 0.00 de área do terreno,  2 qto(s), WC, 1 sala(s), cozinha.",34537.46,57000.0,39.41,Venda Direta Online,,PORTO ALEGRE,RS,Não
8164520062678,"RUA PAULO MACIEL, N. 210, Apto 312, BL 31",CAVALHADA,"Apartamento, 45.73 de área total, 36.42 de área privativa, 0.00 de área do terreno,  2 qto(s), WC, 1 sala(s), cozinha.",49685.47,82000.0,39.41,Licitação Aberta,,PORTO ALEGRE,RS,Não
10229370,"RUA ITORORO, N. 200, BL A, BOX 116, PARTE COMERCIAL",MENINO DEUS,"Outros, 0.00 de área total, 12.00 de área privativa, 0.00 de área do terreno, 1 vaga(s) de garagem.",19389.45,32000.0,39.41,Venda Direta Online,,PORTO ALEGRE,RS,Não
10229371,"RUA ITORORO, N. 200, BL A, BOX 117, PARTE COMERCIAL",MENINO DEUS,"Outros, 0.00 de área total, 12.00 de área privativa, 0.00 de área do terreno, 1 vaga(s) de garagem.",19389.45,32000.0,39.41,Venda Direta Online,,PORTO ALEGRE,RS,Não
10229374,"RUA ITORORO, N. 200, BL A, BOX 115, PARTE COMERCIAL",MENINO DEUS,"Outros, 0.00 de área total, 12.00 de área privativa, 0.00 de área do terreno, 1 vaga(s) de garagem.",19389.45,32000.0,39.41,Venda Direta Online,,PORTO ALEGRE,RS,Não
8787705323793,"RUA GABRIEL FRANCO DA LUZ, N. 888, Apto 104, BL 01",SARANDI,"Apartamento, 0.00 de área total, 41.19 de área privativa, 0.00 de área do terreno,  1 qto(s), a.serv, WC, 1 sala(s), cozinha.",89366.53,147000.0,39.21,Venda Direta Online,,PORTO ALEGRE,RS,Sim
8444414732970,"AVENIDA JUSCELINO KUBITSCHEK DE OLIVEIRA, N. 340, Apto 402, BL H",JARDIM LEOPOLDINA II,"Apartamento, 68.62 de área total, 38.34 de área privativa, 0.00 de área do terreno,  2 qto(s), WC, 1 sala(s), cozinha.",87908.08,144000.0,38.96,Licitação Aberta,,PORTO ALEGRE,RS,Não
8044200419310,"RUA JOSE BARCELLOS GARCIA, N. 100, Apto 404, QD B LT 01 BL B",RUBEM BERTA,"Apartamento, 0.00 de área total, 149.55 de área privativa, 0.00 de área do terreno.",85466.19,140000.0,38.96,Venda Direta Online,,PORTO ALEGRE,RS,Não
1787701961452,"RUA INOCENCIO DE OLIVEIRA ALVES, N. 101, Apto 301, BL 10",RUBEM BERTA,"Apartamento, 77.79 de área total, 41.19 de área privativa, 0.00 de área do terreno,  2 qto(s), WC, 1 sala(s), cozinha.",98816.7,160000.0,38.24,Venda Online,,PORTO ALEGRE,RS,Sim
8042810000465,"RUA PAULO RENATO KETZER DE SOUZA, N. 300, Apto 206, BL H",RUBEM BERTA,"Apartamento, 42.19 de área total, 37.06 de área privativa, 0.00 de área do terreno,  2 qto(s), WC, 1 sala(s), cozinha.",108080.77,175000.0,38.24,Venda Direta Online,,PORTO ALEGRE,RS,Não
8044200420815,"AVENIDA BALTAZAR DE OLIVEIRA GARCIA, N. 100, Apto 203, BL I LT 1 QD B",RUBEM BERTA,"Apartamento, 42.19 de área total, 37.06 de área privativa, 0.00 de área do terreno,  2 qto(s), WC, 1 sala(s), cozinha.",108080.77,175000.0,38.24,Venda Online,,PORTO ALEGRE,RS,Não
8444408886499,"ESTRADA BARRO VERMELHO, N. 241, Apto 304, BL 07, VAGA BOX 135",RESTINGA,"Apartamento, 61.66 de área total, 54.66 de área privativa, 0.00 de área do terreno,  2 qto(s), WC, 1 sala(s), cozinha, 1 vaga(s) de garagem.",101904.73,165000.0,38.24,Venda Direta Online,,PORTO ALEGRE,RS,Sim
8444409781984,"RUA VINTE E SEIS DE MARCO, N. 415, Apto 307, BL B",MARIO QUINTANA,"Apartamento, 48.07 de área total, 38.76 de área privativa, 0.00 de área do terreno,  2 qto(s), WC, 1 sala(s), cozinha.",98816.7,160000.0,38.24,Venda Direta Online,,PORTO ALEGRE,RS,Sim
1444414709503,"AVENIDA JOAO FERREIRA JARDIM, N. 138, Apto 101, BL G",PARQUE SANTA FE,"Apartamento, 69.08 de área total, 44.86 de área privativa, 0.00 de área do terreno,  2 qto(s), WC, 1 sala(s), cozinha, 1 vaga(s) de garagem.",107463.17,174000.0,38.24,Licitação Aberta,,PORTO ALEGRE,RS,Não
10278715,"RUA SINODO, N. 35, QD K, LT 01",CAMAQUA,"Terreno, 0.00 de área total, 0.00 de área privativa, 7405.54 de área do terreno.",1908883.79,3072000.0,37.87,Venda Direta Online,,PORTO ALEGRE,RS,Sim
10274828,"RUA MADRE CLARA, N. 1200, UNID 32",MARIO QUINTANA,"Terreno, 0.00 de área total, 0.00 de área privativa, 520.79 de área do terreno.",273407.83,440000.0,37.87,Venda Direta Online,,PORTO ALEGRE,RS,Sim
10299186,"AVENIDA VENÂNCIO AIRES, N. 214, SL 503",SANTANA,"Sala, 0.00 de área total, 56.12 de área privativa, 0.00 de área do terreno.",141620.24,225000.0,37.06,Licitação Aberta,,PORTO ALEGRE,RS,Não
8444423137825,"RUA SEPE TIARAJU, N. 426, Apto 404, BL 1",TERESOPOLIS,"Apartamento, 86.23 de área total, 56.47 de área privativa, 0.00 de área do terreno,  2 qto(s), a.serv, WC, 1 sala(s), cozinha.",146655.63,233000.0,37.06,Venda Direta Online,,PORTO ALEGRE,RS,Não
8444423780027,"RUA CARLOS FERREIRA, N. 165, Apto 101, BL 11",TERESOPOLIS,"Apartamento, 55.48 de área total, 51.54 de área privativa, 0.00 de área do terreno,  2 qto(s), a.serv, WC, 1 sala(s), cozinha.",139731.97,222000.0,37.06,Venda Direta Online,,PORTO ALEGRE,RS,Sim
1787700291623,"RUA NAIR GARCIA MARTINS, N. 336, CS 01, LT 06C, QD C,",RESTINGA,"Casa, 61.31 de área total, 61.31 de área privativa, 173.55 de área do terreno,  3 qto(s), a.serv, WC, 1 sala(s), cozinha.",137843.7,219000.0,37.06,Licitação Aberta,,PORTO ALEGRE,RS,Não
8444410322599,"AVENIDA CAIRU, N. 1230, Apto 21,",NAVEGANTES,"Apartamento, 48.76 de área total, 33.30 de área privativa, 0.00 de área do terreno,  1 qto(s), WC, 1 sala(s), cozinha.",125884.66,200000.0,37.06,Licitação Aberta,,PORTO ALEGRE,RS,Não
1600000109790,"RUA PROFESSOR FITZGERALD, N. 146, Apto 202, PAV 02",PETROPOLIS,"Apartamento, 225.38 de área total, 150.00 de área privativa, 0.00 de área do terreno,  3 qto(s), a.serv, WC, 1 sala(s), DCE, cozinha, 1 vaga(s) de garagem.",859099.68,1348000.0,36.27,Licitação Aberta,,PORTO ALEGRE,RS,Sim
10283560,"ESTRADA CRISTIANO KRAEMER, N. 105",VILA NOVA,"Casa, 0.00 de área total, 195.40 de área privativa, 2266.00 de área do terreno.",618194.87,970000.0,36.27,Venda Direta Online,,PORTO ALEGRE,RS,Sim
1444411432870,"RUA WALTON PONTES CARPES, N. 39, Apto 303, BL C",VILA NOVA,"Apartamento, 0.00 de área total, 57.88 de área privativa, 0.00 de área do terreno, 1 vaga(s) de garagem.",213196.29,334523.0,36.27,Licitação Aberta,,PORTO ALEGRE,RS,Não
8065200000690,"AVENIDA FABIO ARAUJO SANTOS, N. 1391, Apto 445,  BL C",NONOAI,"Apartamento, 68.08 de área total, 60.65 de área privativa, 0.00 de área do terreno,  2 qto(s), a.serv, WC, 1 sala(s), cozinha.",166657.69,261500.0,36.27,Venda Online,,PORTO ALEGRE,RS,Sim
1444420234899,"AVENIDA TERESINA, N. 281, CASA DE ALVENARIA COM TRES PAVIMENTOS",MEDIANEIRA,"Casa, 0.00 de área total, 352.95 de área privativa, 400.00 de área do terreno,  5 qto(s), varanda, a.serv, WC, WC Emp, 2 sala(s), cozinha.",806202.59,1265000.0,36.27,Venda Direta Online,,PORTO ALEGRE,RS,Sim
10276284,"RUA ITAPEVA, N. 80, SL 601",PASSO DA AREIA,"Sala, 0.00 de área total, 106.20 de área privativa, 0.00 de área do terreno.",293316.53,460238.42,36.27,Venda Direta Online,,PORTO ALEGRE,RS,Não
1555533898891,"R EDGAR LUIZ SCHNEIDER, N. 54, CS 9",JARDIM ISABEL,"Casa, 405.31 de área total, 157.59 de área privativa, 126.00 de área do terreno,  3 qto(s), WC, WC Emp, 1 sala(s), 1 lavabo(s), cozinha, 2 vaga(s) de garagem.",589515.73,925000.0,36.27,Venda Direta Online,,PORTO ALEGRE,RS,Sim
10276269,"RUA JOSEF HALPERN, N. 86, QD G-1, LT 24 (ANTIGA RUA 13)",JARDIM LEOPOLDINA,"Casa, 0.00 de área total, 73.00 de área privativa, 335.50 de área do terreno.",260000.0,337000.0,22.85,Leilão SFI - Edital Único,,PORTO ALEGRE,RS,Não
8787719119913,"RUA CINCO MIL CENTO E DEZESSETE, N. 615, Apto 303, BLOCO 22 TERCEIRO PAVIMENTO",HIPICA,"Apartamento, 35.93 de área total, 23.78 de área privativa, 0.00 de área do terreno,  1 qto(s), WC.",128168.66,155000.0,17.32,Leilão SFI - Edital Único,,PORTO ALEGRE,RS,Não
8444428106537,"RUA TOME ANTONIO DE SOUZA, N. 240, Apto 464, BLOCO  P, QUARTO PAVIMENTO",CAMPO NOVO,"Apartamento, 48.89 de área total, 39.03 de área privativa, 0.00 de área do terreno,  2 qto(s), WC, 1 sala(s), cozinha.",109268.74,125000.0,12.59,Leilão SFI - Edital Único,,PORTO ALEGRE,RS,Não
8787719391702,"ESTRADA CRISTIANO KRAEMER, N. 2021, Apto 203, BLOCO 11 SEGUNDO PAVIMENTO",VILA NOVA,"Apartamento, 76.63 de área total, 41.19 de área privativa, 0.00 de área do terreno,  2 qto(s), WC, 1 sala(s), cozinha, 1 vaga(s) de garagem.",170055.23,185000.0,8.08,Leilão SFI - Edital Único,,PORTO ALEGRE,RS,Não
8444432575422,"ESTRADA JOAO DE OLIVEIRA REMIAO, N. 6700, Apto 156, BLOCO 05 PAVIMENTO TÉRREO",LOMBA DO PINHEIRO,"Apartamento, 0.00 de área total, 39.03 de área privativa, 0.00 de área do terreno,  2 qto(s), WC, 1 sala(s), cozinha.",117490.32,125000.0,6.01,Leilão SFI - Edital Único,,PORTO ALEGRE,RS,Não
8444413740235,"RUA CAPRICORNIO, N. 35, Apto 102, BL D",RUBEM BERTA,"Apartamento, 56.49 de área total, 52.80 de área privativa, 0.00 de área do terreno,  3 qto(s), a.serv, WC, 1 sala(s), cozinha.",138000.0,138000.0,0.0,Leilão SFI - Edital Único,,PORTO ALEGRE,RS,Não
8444421608715,"RUA PAULO RENATO KETZER DE SOUZA, N. 300, Apto 403, BLOCO E",RUBEM BERTA,"Apartamento, 42.19 de área total, 37.06 de área privativa, 0.00 de área do terreno,  2 qto(s), WC, 1 sala(s), cozinha.",143000.0,143000.0,0.0,Leilão SFI - Edital Único,,PORTO ALEGRE,RS,Não
8787708295650,"RUA DOS MAIAS, N. 1103, Apto 201, BL 15 PAV 02",RUBEM BERTA,"Apartamento, 81.21 de área total, 41.19 de área privativa, 0.00 de área do terreno,  2 qto(s), WC, 1 sala(s), cozinha.",150000.0,150000.0,0.0,Leilão SFI - Edital Único,,PORTO ALEGRE,RS,Não
8555535337682,"AVENIDA FRANCISCO SILVEIRA BITENCOURT, N. 1818, Apto AP 40, TR 38",SARANDI,"Apartamento, 68.77 de área total, 40.26 de área privativa, 0.00 de área do terreno,  2 qto(s), WC, 1 sala(s), cozinha.",180000.0,180000.0,0.0,Leilão SFI - Edital Único,,PORTO ALEGRE,RS,Não
8787715000563,"AVENIDA KARL IWERS, N. 1800, Apto 501, BL 01",PASSO DAS PEDRAS,"Apartamento, 69.89 de área total, 41.19 de área privativa, 0.00 de área do terreno,  2 qto(s), a.serv, WC, 1 sala(s), cozinha.",190000.0,190000.0,0.0,Leilão SFI - Edital Único,,PORTO ALEGRE,RS,Não
8787715212480,"AVENIDA KARL IWERS, N. 1800, Apto 402, BL 7",PASSO DAS PEDRAS,"Apartamento, 0.00 de área total, 41.19 de área privativa, 0.00 de área do terreno.",183000.0,183000.0,0.0,Leilão SFI - Edital Único,,PORTO ALEGRE,RS,Não
8787716581160,"AVENIDA KARL IWERS, N. 1800, Apto AP 20, BL 2",PASSO DAS PEDRAS,"Apartamento, 69.89 de área total, 41.19 de área privativa, 0.00 de área do terreno,  2 qto(s), WC, 1 sala(s), cozinha.",196000.0,196000.0,0.0,Leilão SFI - Edital Único,,PORTO ALEGRE,RS,Não
8787716637484,"AVENIDA KARL IWERS, N. 1800, Apto 402, BL 10",PASSO DAS PEDRAS,"Apartamento, 69.89 de área total, 41.19 de área privativa, 0.00 de área do terreno,  2 qto(s), WC, 1 sala(s), cozinha.",209000.0,209000.0,0.0,Leilão SFI - Edital Único,,PORTO ALEGRE,RS,Não
8787719457967,"AVENIDA KARL IWERS, N. 2030, Apto 102, BL 03 TERREO",PASSO DAS PEDRAS,"Apartamento, 60.38 de área total, 41.19 de área privativa, 0.00 de área do terreno,  2 qto(s), WC, 1 sala(s), cozinha.",194500.0,194500.0,0.0,Leilão SFI - Edital Único,,PORTO ALEGRE,RS,Não
1555504308046,"RUA BERNARDO TCHERNIN, N. 140, CASA 17  QD C6",RESTINGA,"Casa, 331.28 de área total, 331.28 de área privativa, 150.00 de área do terreno,  3 qto(s), a.serv, WC, 1 sala(s), cozinha, 1 vaga(s) de garagem.",411000.0,411000.0,0.0,Leilão SFI - Edital Único,,PORTO ALEGRE,RS,Não
8444435317394,"AVENIDA EDGAR PIRES DE CASTRO, N. 2600, CS 68",RESTINGA,"Casa, 115.83 de área total, 78.98 de área privativa, 55.25 de área do terreno,  2 qto(s), WC, 1 sala(s), cozinha.",230000.0,230000.0,0.0,Leilão SFI - Edital Único,,PORTO ALEGRE,RS,Não
8555512982107,"RUA CAPITAO PEDROSO, N. 560, Apto 201, BL 10 ANDAR 01 PAV 02",RESTINGA,"Apartamento, 77.89 de área total, 38.72 de área privativa, 0.00 de área do terreno,  2 qto(s), WC, 1 sala(s), cozinha.",115000.0,115000.0,0.0,Leilão SFI - Edital Único,,PORTO ALEGRE,RS,Não
8787703808609,"RUA CELSO DIAS DIHL, N. 269, CS 49 QD H",RESTINGA,"Casa, 40.01 de área total, 37.31 de área privativa, 125.00 de área do terreno,  2 qto(s), a.serv, WC, 1 sala(s), cozinha.",156500.0,156500.0,0.0,Leilão SFI - Edital Único,,PORTO ALEGRE,RS,Não
8787707370632,"RUA SABINO PEREIRA NUNES, N. SN, Apto 103, BLOCO 19",RESTINGA,"Apartamento, 69.89 de área total, 40.99 de área privativa, 0.00 de área do terreno,  2 qto(s), a.serv, WC, 1 sala(s).",155000.0,155000.0,0.0,Leilão SFI - Edital Único,,PORTO ALEGRE,RS,Não
8787707935370,"RUA SABINO PEREIRA NUNES, N. 931, Apto 304,  BLOCO 18",RESTINGA,"Apartamento, 69.88 de área total, 40.99 de área privativa, 0.00 de área do terreno,  2 qto(s), WC, 1 sala(s), cozinha, 1 vaga(s) de garagem.",160000.0,160000.0,0.0,Leilão SFI - Edital Único,,PORTO ALEGRE,RS,Não
8787708339275,"RUA SABINO PEREIRA NUNES, N. 931, Apto 503,  BLOCO 18",RESTINGA,"Apartamento, 69.88 de área total, 40.99 de área privativa, 0.00 de área do terreno,  2 qto(s), WC, 1 sala(s), cozinha, 1 vaga(s) de garagem.",145000.0,145000.0,0.0,Leilão SFI - Edital Único,,PORTO ALEGRE,RS,Não
8787708504977,"RUA SABINO PEREIRA NUNES, N. 931, Apto 404, BL.1",RESTINGA,"Apartamento, 0.00 de área total, 40.99 de área privativa, 0.00 de área do terreno.",161252.05,161252.05,0.0,Leilão SFI - Edital Único,,PORTO ALEGRE,RS,Não
8787708681208,"RUA SETE MIL E OITO, N. 280, Apto 301, BL 05",RESTINGA,"Apartamento, 70.94 de área total, 40.46 de área privativa, 0.00 de área do terreno,  2 qto(s), WC, 1 sala(s), cozinha, 1 vaga(s) de garagem.",176000.0,176000.0,0.0,Leilão SFI - Edital Único,,PORTO ALEGRE,RS,Não
8787708990030,"RUA SABINO PEREIRA NUNES, N. 931, Apto 102, BL 11 TERREO",RESTINGA,"Apartamento, 69.88 de área total, 40.99 de área privativa, 0.00 de área do terreno,  1 qto(s), WC, 1 sala(s), cozinha.",145000.0,145000.0,0.0,Leilão SFI - Edital Único,,PORTO ALEGRE,RS,Não
8787709686602,"RUA SABINO PEREIRA NUNES, N. 931, Apto 403, BL 07",RESTINGA,"Apartamento, 69.89 de área total, 40.99 de área privativa, 0.00 de área do terreno,  2 qto(s), a.serv, WC, 1 sala(s), cozinha.",170000.0,170000.0,0.0,Leilão SFI - Edital Único,,PORTO ALEGRE,RS,Não
8787712364440,"RUA SABINO PEREIRA NUNES, N. 932, Apto 504, BL 18",RESTINGA,"Apartamento, 74.20 de área total, 41.19 de área privativa, 0.00 de área do terreno, 1 vaga(s) de garagem.",142500.0,142500.0,0.0,Leilão SFI - Edital Único,,PORTO ALEGRE,RS,Não
8787712822651,"RUA SETE MIL E OITO, N. 300, Apto 102, BL 02 TERREO PAV 01 LT 01 02 03 QD C",RESTINGA,"Apartamento, 0.00 de área total, 40.82 de área privativa, 0.00 de área do terreno.",135000.0,135000.0,0.0,Leilão SFI - Edital Único,,PORTO ALEGRE,RS,Não
8787713286370,"RUA SABINO PEREIRA NUNES, N. 932, Apto 303, BL 11",RESTINGA,"Apartamento, 74.20 de área total, 41.19 de área privativa, 0.00 de área do terreno,  2 qto(s), WC, 1 sala(s), cozinha, 1 vaga(s) de garagem.",150000.0,150000.0,0.0,Leilão SFI - Edital Único,,PORTO ALEGRE,RS,Não
8787718407176,"RUA SETE MIL E OITO, N. 300, Apto 401, BL 22",RESTINGA,"Apartamento, 61.71 de área total, 40.82 de área privativa, 0.00 de área do terreno,  2 qto(s), WC, 1 sala(s), cozinha.",192299.55,192299.55,0.0,Leilão SFI - Edital Único,,PORTO ALEGRE,RS,Não
8555535443121,"AVENIDA PROTASIO ALVES, N. 8201, Apto 106, TORRE 6 VG 703",MORRO SANTANA,"Apartamento, 67.55 de área total, 42.39 de área privativa, 0.00 de área do terreno,  1 qto(s), WC, 1 sala(s), cozinha, 1 vaga(s) de garagem.",205000.0,205000.0,0.0,Leilão SFI - Edital Único,,PORTO ALEGRE,RS,Não
8787705185927,"AVENIDA PROTASIO ALVES, N. 10535, Apto 202, BL 20",MORRO SANTANA,"Apartamento, 98.67 de área total, 40.23 de área privativa, 0.00 de área do terreno,  2 qto(s), WC, 1 sala(s), cozinha, 1 vaga(s) de garagem.",163000.0,163000.0,0.0,Leilão SFI - Edital Único,,PORTO ALEGRE,RS,Não
8787706453550,"AVENIDA PROTASIO ALVES, N. 10535, Apto 501, BL 20 VG 484",MORRO SANTANA,"Apartamento, 98.67 de área total, 40.23 de área privativa, 0.00 de área do terreno,  2 qto(s), WC, 1 sala(s), cozinha, 1 vaga(s) de garagem.",160000.0,160000.0,0.0,Leilão SFI - Edital Único,,PORTO ALEGRE,RS,Não
8787706860938,"AVENIDA PROTASIO ALVES, N. 10535, Apto 502, BL 12 VG 268",MORRO SANTANA,"Apartamento, 98.67 de área total, 40.23 de área privativa, 0.00 de área do terreno,  2 qto(s), WC, 1 sala(s), cozinha, 1 vaga(s) de garagem.",169000.0,169000.0,0.0,Leilão SFI - Edital Único,,PORTO ALEGRE,RS,Não
8787710089485,"RUA JOAO DA SILVA BUENO, N. 100, Apto 406, TORRE 1",MORRO SANTANA,"Apartamento, 77.89 de área total, 44.19 de área privativa, 0.00 de área do terreno,  2 qto(s), WC, 1 sala(s), cozinha, 1 vaga(s) de garagem.",260000.0,260000.0,0.0,Leilão SFI - Edital Único,,PORTO ALEGRE,RS,Não
1444420014171,"RUA PROFESSORA THEREZA NORONHA, N. SN, CASA 26",ESPIRITO SANTO,"Casa, 130.19 de área total, 115.03 de área privativa, 57.28 de área do terreno,  2 qto(s), a.serv, WC, 1 sala(s), 1 vaga(s) de garagem.",380000.0,380000.0,0.0,Leilão SFI - Edital Único,,PORTO ALEGRE,RS,Não
1444407673272,"RUA DOUTOR EGYDIO MICHAELSEN, N. 342, LT A3 ANTIGA RUA B",CAVALHADA,"Casa, 240.88 de área total, 240.88 de área privativa, 165.00 de área do terreno,  3 qto(s), a.serv, WC, 2 sala(s), 1 lavabo(s), cozinha, Terraco, 2 vaga(s) de garagem.",840000.0,840000.0,0.0,Leilão SFI - Edital Único,,PORTO ALEGRE,RS,Não
8787701443794,"AVENIDA FAMILIA GONCALVES CARNEIRO, N. 441, Apto 401,  BLOCO 22",CAVALHADA,"Apartamento, 85.19 de área total, 40.29 de área privativa, 0.00 de área do terreno, 1 vaga(s) de garagem.",177000.0,177000.0,0.0,Leilão SFI - Edital Único,,PORTO ALEGRE,RS,Não
8787710903492,"AVENIDA FAMILIA GONCALVES CARNEIRO, N. 201, Apto 501, BL.4 5°PAV. VG.N°52",CAVALHADA,"Apartamento, 73.41 de área total, 40.82 de área privativa, 0.00 de área do terreno,  2 qto(s), WC, 1 sala(s), cozinha, 1 vaga(s) de garagem.",186000.0,186000.0,0.0,Leilão SFI - Edital Único,,PORTO ALEGRE,RS,Não
8787713218154,"AVENIDA FAMILIA GONCALVES CARNEIRO, N. 201, Apto 204, BL 08 VG 115",CAVALHADA,"Apartamento, 73.40 de área total, 40.82 de área privativa, 0.00 de área do terreno,  2 qto(s), WC, 1 sala(s), cozinha, 1 vaga(s) de garagem.",215000.0,215000.0,0.0,Leilão SFI - Edital Único,,PORTO ALEGRE,RS,Não
1444424463736,"RUA SANTANA, N. 703,",FARROUPILHA,"Casa, 101.00 de área total, 101.00 de área privativa, 108.10 de área do terreno,  2 qto(s), WC, 1 sala(s), cozinha.",470000.0,470000.0,0.0,Leilão SFI - Edital Único,,PORTO ALEGRE,RS,Não
1444414616904,"RUA ATTILIO BILIBIO, N. 120, 128",JARDIM CARVALHO,"Casa, 350.08 de área total, 223.41 de área privativa, 350.08 de área do terreno,  3 qto(s), a.serv, WC, 1 sala(s), 1 lavabo(s), cozinha, 2 vaga(s) de garagem.",1333000.0,1333000.0,0.0,Leilão SFI - Edital Único,,PORTO ALEGRE,RS,Não
8444415219117,"BECO IMPERIO, N. 241, Apto 309, BL C",VILA NOVA,"Apartamento, 0.00 de área total, 43.17 de área privativa, 0.00 de área do terreno.",155000.0,155000.0,0.0,Leilão SFI - Edital Único,,PORTO ALEGRE,RS,Não
8555519183749,"RUA ATILIO SUPERTTI, N. 1430, Apto 116, BL D",VILA NOVA,"Apartamento, 40.40 de área total, 36.03 de área privativa, 0.00 de área do terreno,  2 qto(s), WC, 1 sala(s), cozinha.",120000.0,120000.0,0.0,Leilão SFI - Edital Único,,PORTO ALEGRE,RS,Não
1155533900351,"RUA SAO JOSEMARIA ESCRIVA, N. 555, Apto 1304, T A",JARDIM DO SALSO,"Apartamento, 0.00 de área total, 127.35 de área privativa, 0.00 de área do terreno, 2 vaga(s) de garagem.",1600000.0,1600000.0,0.0,Leilão SFI - Edital Único,,PORTO ALEGRE,RS,Não
1155533900360,"RUA SAO JOSEMARIA ESCRIVA, N. 555, Apto 901, TORRE A PAV 09",JARDIM DO SALSO,"Apartamento, 0.00 de área total, 127.35 de área privativa, 0.00 de área do terreno, 1 vaga(s) de garagem.",1600000.0,1600000.0,0.0,Leilão SFI - Edital Único,,PORTO ALEGRE,RS,Não
1155533900378,"RUA SAO JOSEMARIA ESCRIVA, N. 555, Apto 102, TORRE B TERREO",JARDIM DO SALSO,"Apartamento, 0.00 de área total, 101.75 de área privativa, 0.00 de área do terreno, 1 vaga(s) de garagem.",1350000.0,1350000.0,0.0,Leilão SFI - Edital Único,,PORTO ALEGRE,RS,Não
1155533900394,"RUA SAO JOSEMARIA ESCRIVA, N. 555, SOMENTE VAGA DE GARAGEM 161  LT 01 QD",JARDIM DO SALSO,"Outros, 0.00 de área total, 11.52 de área privativa, 0.00 de área do terreno, 1 vaga(s) de garagem.",90000.0,90000.0,0.0,Leilão SFI - Edital Único,,PORTO ALEGRE,RS,Não
8444413912672,"AVENIDA PALMIRA GOBBI, N. 886, Apto 709, BL D",HUMAITA,"Apartamento, 0.00 de área total, 42.28 de área privativa, 0.00 de área do terreno.",143584.38,143584.38,0.0,Leilão SFI - Edital Único,,PORTO ALEGRE,RS,Não
8787704037584,"AVENIDA ERNESTO NEUGEBAUER, N. 1820, Apto 104, TR 02",HUMAITA,"Apartamento, 0.00 de área total, 43.91 de área privativa, 0.00 de área do terreno,  2 qto(s), a.serv, WC, 1 sala(s), cozinha.",237000.0,237000.0,0.0,Leilão SFI - Edital Único,,PORTO ALEGRE,RS,Não
8787721611250,"AVENIDA ERNESTO NEUGEBAUER, N. 820, Apto 101, TORRE 3",HUMAITA,"Apartamento, 102.25 de área total, 67.31 de área privativa, 0.00 de área do terreno,  2 qto(s), WC, 1 sala(s), cozinha, 1 vaga(s) de garagem.",300000.0,300000.0,0.0,Leilão SFI - Edital Único,,PORTO ALEGRE,RS,Não
1444415683460,"RUA ERONI SOARES MACHADO, N. 300, CS 100 RUA INTERNA ALAMEDA 5",HIPICA,"Casa, 158.70 de área total, 158.70 de área privativa, 144.00 de área do terreno,  3 qto(s), a.serv, WC, 2 sala(s), 1 lavabo(s), cozinha, Terraco.",950000.0,950000.0,0.0,Leilão SFI - Edital Único,,PORTO ALEGRE,RS,Não
8787719895670,"RUA EMBIRA, N. 615, Apto 401, BL 01 PAV 04 LT 01 QD B",HIPICA,"Apartamento, 67.24 de área total, 44.49 de área privativa, 0.00 de área do terreno,  2 qto(s), a.serv, WC, 1 sala(s), cozinha.",252000.0,252000.0,0.0,Leilão SFI - Edital Único,,PORTO ALEGRE,RS,Não
1444402612836,"ESTRADA JOAO DE OLIVEIRA REMIAO, N. SN,",LOMBA DO PINHEIRO,"Terreno, 0.00 de área total, 0.00 de área privativa, 800.00 de área do terreno.",334872.0,334872.0,0.0,Leilão SFI - Edital Único,,PORTO ALEGRE,RS,Não
8555500080340,"RUA VINTE E SEIS DE MARCO, N. 415, Apto 205, BL B",MARIO QUINTANA,"Apartamento, 48.07 de área total, 38.76 de área privativa, 0.00 de área do terreno,  2 qto(s), WC, 1 sala(s), cozinha.",128000.0,128000.0,0.0,Leilão SFI - Edital Único,,PORTO ALEGRE,RS,Não
8787700480114,"RUA IRMA TERESILDA STEFFEN, N. 255, Apto 502, TORRE 4 PAV 05 LT 01 02 03 04 QD C2",MARIO QUINTANA,"Apartamento, 92.53 de área total, 40.29 de área privativa, 0.00 de área do terreno,  2 qto(s), WC, 1 sala(s), cozinha.",173000.0,173000.0,0.0,Leilão SFI - Edital Único,,PORTO ALEGRE,RS,Não
8787702290991,"RUA IRMA TERESILDA STEFFEN, N. 115, Apto 104, TORRE 10 TERREO LT 01 02 03 03 QD E2",MARIO QUINTANA,"Apartamento, 90.41 de área total, 40.29 de área privativa, 0.00 de área do terreno,  2 qto(s), WC, 1 sala(s), cozinha.",175000.0,175000.0,0.0,Leilão SFI - Edital Único,,PORTO ALEGRE,RS,Não
8787709687676,"AVENIDA PROTASIO ALVES, N. 10970, Apto 203, BL 07",MARIO QUINTANA,"Apartamento, 92.51 de área total, 41.19 de área privativa, 0.00 de área do terreno,  2 qto(s), WC, 1 sala(s), cozinha.",163000.0,163000.0,0.0,Leilão SFI - Edital Único,,PORTO ALEGRE,RS,Não
8444420307053,"AVENIDA EDU LASCASAS, N. 790, Apto 403, BL A PAV 04",PARQUE SANTA FE,"Apartamento, 43.53 de área total, 38.47 de área privativa, 0.00 de área do terreno,  2 qto(s), WC, 1 sala(s), cozinha.",145000.0,145000.0,0.0,Leilão SFI - Edital Único,,PORTO ALEGRE,RS,Não
8787708514786,"RUA REVERENDO OLAVO NUNES, N. 270, Apto 407, BOX 144",PARQUE SANTA FE,"Apartamento, 99.31 de área total, 44.32 de área privativa, 0.00 de área do terreno,  2 qto(s), WC, 1 sala(s), cozinha, 1 vaga(s) de garagem.",230000.0,230000.0,0.0,Leilão SFI - Edital Único,,PORTO ALEGRE,RS,Não
1787701849369,"RUA WALDEMAR LUIZ DE FREITAS FILHO, N. 470, Apto 803, TORRE 2 PAV 08 VG 614",COSTA E SILVA,"Apartamento, 75.98 de área total, 44.31 de área privativa, 0.00 de área do terreno,  2 qto(s), WC, 1 sala(s), cozinha, 1 vaga(s) de garagem.",243000.0,243000.0,0.0,Leilão SFI - Edital Único,,PORTO ALEGRE,RS,Não
8787712462728,"RUA WALDEMAR LUIZ DE FREITAS FILHO, N. 470, Apto 208, TORRE 3 PAV 02 VG 172",COSTA E SILVA,"Apartamento, 65.40 de área total, 44.32 de área privativa, 0.00 de área do terreno,  2 qto(s), a.serv, WC, 1 sala(s), cozinha, 1 vaga(s) de garagem.",220000.0,220000.0,0.0,Leilão SFI - Edital Único,,PORTO ALEGRE,RS,Não
8787709498938,"RUA DOS MAIAS, N. 1103, Apto 102, BL 18",SANTA ROSA DE LIMA,"Apartamento, 81.21 de área total, 41.19 de área privativa, 0.00 de área do terreno,  2 qto(s), WC, 1 sala(s), cozinha.",145282.48,145282.48,0.0,Leilão SFI - Edital Único,,PORTO ALEGRE,RS,Não
8444415024502,"RUA CARLOS ESTEVAO, N. 845, Apto 201, BL 4 PAV 2",JARDIM LEOPOLDINA,"Apartamento, 49.05 de área total, 42.26 de área privativa, 0.00 de área do terreno,  1 qto(s), WC, 1 sala(s), cozinha.",145000.0,145000.0,0.0,Leilão SFI - Edital Único,,PORTO ALEGRE,RS,Não
8555525286074,"RUA GERMANO BASLER, N. 115, Apto 102, BL G",JARDIM LEOPOLDINA,"Apartamento, 0.00 de área total, 38.34 de área privativa, 0.00 de área do terreno,  2 qto(s), a.serv, WC, 1 sala(s), cozinha.",158000.0,158000.0,0.0,Leilão SFI - Edital Único,,PORTO ALEGRE,RS,Não
8787709196583,"RUA SABINO PEREIRA NUNES, N. 931, Apto 502, B17 5 PAV",RESTINGA,"Apartamento, 69.88 de área total, 40.99 de área privativa, 0.00 de área do terreno.",142134.78,142000.0,0.0,Leilão SFI - Edital Único,,PORTO ALEGRE,RS,Não
8787715928191,"RUA SETE MIL E OITO, N. 300, Apto 402, BL 13",RESTINGA,"Apartamento, 61.70 de área total, 40.82 de área privativa, 0.00 de área do terreno,  2 qto(s), WC, 1 sala(s), cozinha.",166243.67,166000.0,0.0,Leilão SFI - Edital Único,,PORTO ALEGRE,RS,Não
8787710531340,"RUA SETE MIL E OITO, N. 280/230, Apto 504, BL 17  LTS 02 E 03 QD B",RESTINGA,"Apartamento, 70.94 de área total, 40.46 de área privativa, 0.00 de área do terreno,  2 qto(s), a.serv, WC, 1 sala(s), cozinha, 1 vaga(s) de garagem.",165645.8,165000.0,0.0,Leilão SFI - Edital Único,,PORTO ALEGRE,RS,Não
8787717854829,"AVENIDA KARL IWERS, N. 2029, Apto 501, BL 02 PAV 05",PASSO DAS PEDRAS,"Apartamento, 67.50 de área total, 41.19 de área privativa, 0.00 de área do terreno,  2 qto(s), WC, 1 sala(s), cozinha.",180758.39,180000.0,0.0,Leilão SFI - Edital Único,,PORTO ALEGRE,RS,Não
8787700329777,"RUA IRMA TERESILDA STEFFEN, N. 255, Apto 403, T 03",MARIO QUINTANA,"Apartamento, 92.53 de área total, 40.29 de área privativa, 0.00 de área do terreno,  2 qto(s), WC, 1 sala(s), cozinha.",162859.09,162000.0,0.0,Leilão SFI - Edital Único,,PORTO ALEGRE,RS,Não
8787716568679,"AVENIDA KARL IWERS, N. 1800, Apto 504, BL 8",PASSO DAS PEDRAS,"Apartamento, 69.89 de área total, 41.19 de área privativa, 0.00 de área do terreno,  2 qto(s), WC, 1 sala(s), cozinha.",184001.42,183000.0,0.0,Leilão SFI - Edital Único,,PORTO ALEGRE,RS,Não
8787719723292,"RUA JOAO PARIS, N. 452, Apto AP 40, BL 4",SANTA ROSA DE LIMA,"Apartamento, 66.99 de área total, 41.19 de área privativa, 0.00 de área do terreno,  2 qto(s), WC, 1 sala(s), cozinha.",187369.52,185700.0,0.0,Leilão SFI - Edital Único,,PORTO ALEGRE,RS,Não
8787721202202,"RUA CRUZEIRO DO SUL, N. 2077, Apto 202, BL 6",SANTA TEREZA,"Apartamento, 80.51 de área total, 41.19 de área privativa, 0.00 de área do terreno,  2 qto(s), WC, 1 sala(s), cozinha.",221384.0,219000.0,0.0,Leilão SFI - Edital Único,,PORTO ALEGRE,RS,Não
8787722525552,"RUA WALDEMAR LUIZ DE FREITAS FILHO, N. 470, Apto 1103, T 06 VG 474",COSTA E SILVA,"Apartamento, 75.98 de área total, 44.31 de área privativa, 0.00 de área do terreno,  2 qto(s), WC, 1 sala(s), cozinha, 1 vaga(s) de garagem.",276012.73,273000.0,0.0,Leilão SFI - Edital Único,,PORTO ALEGRE,RS,Não
8787712152540,"RUA SABINO PEREIRA NUNES, N. 932, Apto 504, BL 12",RESTINGA,"Apartamento, 74.20 de área total, 41.19 de área privativa, 0.00 de área do terreno,  2 qto(s), WC, 1 sala(s).",141717.55,140000.0,0.0,Leilão SFI - Edital Único,,PORTO ALEGRE,RS,Não
8787719798411,"AVENIDA KARL IWERS, N. 2030, Apto 104, BL 01 TERREO",PASSO DAS PEDRAS,"Apartamento, 60.38 de área total, 41.19 de área privativa, 0.00 de área do terreno,  2 qto(s), WC, 1 sala(s), cozinha.",198628.19,196000.0,0.0,Leilão SFI - Edital Único,,PORTO ALEGRE,RS,Não
8787719464238,"AVENIDA KARL IWERS, N. 2030, Apto 502, BL 06 PAV 05",PASSO DAS PEDRAS,"Apartamento, 60.38 de área total, 41.19 de área privativa, 0.00 de área do terreno,  2 qto(s), WC, 1 sala(s), cozinha.",199264.72,196000.0,0.0,Leilão SFI - Edital Único,,PORTO ALEGRE,RS,Não
8787717227719,"RUA WALDEMAR LUIZ DE FREITAS FILHO, N. 470, Apto 501, TORRE 3 PAV 05 VG 189",COSTA E SILVA,"Apartamento, 75.98 de área total, 44.32 de área privativa, 0.00 de área do terreno,  2 qto(s), WC, 1 sala(s), cozinha, 1 vaga(s) de garagem.",239527.59,235000.0,0.0,Leilão SFI - Edital Único,,PORTO ALEGRE,RS,Não
8787710629242,"RUA WALDEMAR LUIZ DE FREITAS FILHO, N. 470, Apto 203, T.1 2°PAV VG.N°11 LT.2 QD.B LOT.USINAS",COSTA E SILVA,"Apartamento, 0.00 de área total, 44.31 de área privativa, 0.00 de área do terreno, 1 vaga(s) de garagem.",215258.1,210000.0,0.0,Leilão SFI - Edital Único,,PORTO ALEGRE,RS,Não
8787715014807,"AVENIDA KARL IWERS, N. 1800, Apto 303, BL 05",PASSO DAS PEDRAS,"Apartamento, 0.00 de área total, 41.19 de área privativa, 0.00 de área do terreno.",174343.66,170000.0,0.0,Leilão SFI - Edital Único,,PORTO ALEGRE,RS,Não
8787720514251,"RUA SILVIO SILVEIRA SOARES, N. 2688, Apto 402, TORRE 03",CAMAQUA,"Apartamento, 99.05 de área total, 54.73 de área privativa, 0.00 de área do terreno,  2 qto(s), WC, 1 sala(s), cozinha, 1 vaga(s) de garagem.",359192.4,350000.0,0.0,Leilão SFI - Edital Único,,PORTO ALEGRE,RS,Não
8787720905099,"RUA SILVIO SILVEIRA SOARES, N. 2688, Apto 408, T 02 VG 79",CAVALHADA,"Apartamento, 99.05 de área total, 54.73 de área privativa, 0.00 de área do terreno,  2 qto(s), a.serv, WC, 1 sala(s), cozinha, 1 vaga(s) de garagem.",363426.47,354000.0,0.0,Leilão SFI - Edital Único,,PORTO ALEGRE,RS,Não
1444423880805,"RUA SANTANA, N. 701,",FARROUPILHA,"Casa, 141.25 de área total, 141.25 de área privativa, 108.10 de área do terreno,  3 qto(s), a.serv, WC, 1 sala(s), cozinha.",576665.03,560000.0,0.0,Leilão SFI - Edital Único,,PORTO ALEGRE,RS,Não
8555505205311,"AVENIDA ENGENHEIRO FRANCISCO RODOLFO SIMCH, N. 312, Apto 431, BL 1",SARANDI,"Apartamento, 55.11 de área total, 49.76 de área privativa, 0.00 de área do terreno,  1 qto(s), a.serv, WC, 1 sala(s), cozinha.",160000.0,155000.0,0.0,Leilão SFI - Edital Único,,PORTO ALEGRE,RS,Não
8444434613747,"RUA PAULO RENATO KETZER DE SOUZA, N. 100, Apto 504, BL A",RUBEM BERTA,"Apartamento, 42.78 de área total, 37.58 de área privativa, 0.00 de área do terreno,  2 qto(s), WC, 1 sala(s), cozinha.",134479.62,130000.0,0.0,Leilão SFI - Edital Único,,PORTO ALEGRE,RS,Não
8787700531967,"AVENIDA JUSCELINO KUBITSCHEK DE OLIVEIRA, N. 570, Apto 402, BL 04 PAV 04 VG 217 LT 02 QD O",JARDIM LEOPOLDINA,"Apartamento, 67.13 de área total, 40.98 de área privativa, 0.00 de área do terreno,  2 qto(s), WC, 1 sala(s), cozinha, 1 vaga(s) de garagem.",170689.31,165000.0,0.0,Leilão SFI - Edital Único,,PORTO ALEGRE,RS,Não
8787707859933,"RUA SABINO PEREIRA NUNES, N. 931, Apto 402, BL 16 PAV 04 LT 01 02 QD B",RESTINGA,"Apartamento, 69.88 de área total, 40.99 de área privativa, 0.00 de área do terreno,  2 qto(s), WC, 1 sala(s), cozinha.",145000.0,140000.0,0.0,Leilão SFI - Edital Único,,PORTO ALEGRE,RS,Não
8787717952138,"ESTRADA CRISTIANO KRAEMER, N. 2021, Apto 502, BL 03",VILA NOVA,"Apartamento, 65.43 de área total, 41.19 de área privativa, 0.00 de área do terreno,  2 qto(s), WC, 1 sala(s), cozinha.",191809.53,185000.0,0.0,Leilão SFI - Edital Único,,PORTO ALEGRE,RS,Não
8787719852017,"RUA WALDEMAR LUIZ DE FREITAS FILHO, N. 470, Apto 602, TORRE 6 QD B LT 2 BOX 425",COSTA E SILVA,"Apartamento, 75.98 de área total, 44.32 de área privativa, 0.00 de área do terreno,  2 qto(s), WC, 1 sala(s), cozinha, 1 vaga(s) de garagem.",254115.12,245000.0,0.0,Leilão SFI - Edital Único,,PORTO ALEGRE,RS,Não
8787721761015,"RUA JOAO PARIS, N. 452, Apto AP 40, BL 9",SANTA ROSA DE LIMA,"Apartamento, 66.99 de área total, 41.19 de área privativa, 0.00 de área do terreno,  2 qto(s), WC, 1 sala(s), cozinha, 1 vaga(s) de garagem.",210943.61,203000.0,0.0,Leilão SFI - Edital Único,,PORTO ALEGRE,RS,Não
8787718608856,"RUA CRUZEIRO DO SUL, N. 2077, Apto AP 40, BL 1",SANTA TEREZA,"Apartamento, 69.21 de área total, 41.19 de área privativa, 0.00 de área do terreno,  2 qto(s), WC, 1 sala(s), cozinha, 1 vaga(s) de garagem.",198082.0,190000.0,0.0,Leilão SFI - Edital Único,,PORTO ALEGRE,RS,Não
8787721054483,"RUA TOME ANTONIO DE SOUZA, N. 100, Apto 303, BL 18",CAMPO NOVO,"Apartamento, 65.44 de área total, 41.19 de área privativa, 0.00 de área do terreno,  2 qto(s), WC, 1 sala(s), cozinha.",200401.45,192000.0,0.0,Leilão SFI - Edital Único,,PORTO ALEGRE,RS,Não
8787713941700,"RUA INOCENCIO DE OLIVEIRA ALVES, N. 101, Apto 403, BL 15",RUBEM BERTA,"Apartamento, 77.79 de área total, 41.19 de área privativa, 0.00 de área do terreno,  2 qto(s), WC, 1 sala(s), cozinha, 1 vaga(s) de garagem.",177518.52,170000.0,0.0,Leilão SFI - Edital Único,,PORTO ALEGRE,RS,Não
8787719860400,"RUA JOAO PARIS, N. 452, Apto AP 10, BL 10",SANTA ROSA DE LIMA,"Apartamento, 66.99 de área total, 41.19 de área privativa, 0.00 de área do terreno,  2 qto(s), WC, 1 sala(s), cozinha, 1 vaga(s) de garagem.",212149.97,203000.0,0.0,Leilão SFI - Edital Único,,PORTO ALEGRE,RS,Não
8555537205090,"AVENIDA EDGAR PIRES DE CASTRO, N. 151, Apto 402, BL 5  ANTIGA RUA 7091",HIPICA,"Apartamento, 0.00 de área total, 40.29 de área privativa, 0.00 de área do terreno.",157018.81,150000.0,0.0,Leilão SFI - Edital Único,,PORTO ALEGRE,RS,Não
8787707898467,"RUA DOS MAIAS, N. 1103, Apto 202, BL 07 PAV 02",RUBEM BERTA,"Apartamento, 81.21 de área total, 41.19 de área privativa, 0.00 de área do terreno,  2 qto(s), WC, 1 sala(s), cozinha.",157203.2,150000.0,0.0,Leilão SFI - Edital Único,,PORTO ALEGRE,RS,Não
8444429845864,"RUA ZEFERINO DIAS, N. 171, Apto 429, BL 06  SUBBL 15",SARANDI,"Apartamento, 54.70 de área total, 48.31 de área privativa, 0.00 de área do terreno,  2 qto(s), a.serv, WC, 1 sala(s), cozinha.",211724.25,202000.0,0.0,Leilão SFI - Edital Único,,PORTO ALEGRE,RS,Não
8555522863178,"RUA CORONEL APARICIO BORGES, N. 910, Apto 402, BL B BOX 77",GLORIA,"Apartamento, 85.01 de área total, 44.16 de área privativa, 0.00 de área do terreno,  2 qto(s), WC, 1 sala(s), cozinha, 1 vaga(s) de garagem.",226000.0,215000.0,0.0,Leilão SFI - Edital Único,,PORTO ALEGRE,RS,Não
8787721013523,"ESTRADA CAMPO NOVO, N. 459, Apto 502, BL 23",IPANEMA,"Apartamento, 68.16 de área total, 41.19 de área privativa, 0.00 de área do terreno.",210691.98,200000.0,0.0,Leilão SFI - Edital Único,,PORTO ALEGRE,RS,Não
8787721028890,"ESTRADA CAMPO NOVO, N. 459, Apto 104, BL 23",IPANEMA,"Apartamento, 68.16 de área total, 41.19 de área privativa, 0.00 de área do terreno.",210685.22,200000.0,0.0,Leilão SFI - Edital Único,,PORTO ALEGRE,RS,Não
8787716410161,"AVENIDA KARL IWERS, N. 1800, Apto AP 40, BL 8",PASSO DAS PEDRAS,"Apartamento, 69.89 de área total, 41.19 de área privativa, 0.00 de área do terreno,  2 qto(s), WC, 1 sala(s), cozinha.",184441.48,175000.0,0.0,Leilão SFI - Edital Único,,PORTO ALEGRE,RS,Não
8787720230504,"ESTRADA CAMPO NOVO, N. 459, Apto 202, BLOCO 10",IPANEMA,"Apartamento, 68.15 de área total, 41.19 de área privativa, 0.00 de área do terreno,  2 qto(s), WC, 1 sala(s), cozinha.",211002.45,200000.0,0.0,Leilão SFI - Edital Único,,PORTO ALEGRE,RS,Não
8787719228038,"RUA SETE MIL E QUINZE, N. 54, LT 13F QD F",RESTINGA,"Casa, 42.45 de área total, 42.45 de área privativa, 150.00 de área do terreno,  2 qto(s), WC, 1 sala(s), cozinha, 1 vaga(s) de garagem.",263781.73,250000.0,0.0,Leilão SFI - Edital Único,,PORTO ALEGRE,RS,Não
8787717512278,"AVENIDA KARL IWERS, N. 2029, Apto 302, BL 06 PAV 03",PASSO DAS PEDRAS,"Apartamento, 67.50 de área total, 41.19 de área privativa, 0.00 de área do terreno,  2 qto(s), WC, 1 sala(s), cozinha.",200516.76,190000.0,0.0,Leilão SFI - Edital Único,,PORTO ALEGRE,RS,Não
8787717663276,"RUA TOME ANTONIO DE SOUZA, N. 100, Apto 401, BL 4 PAV 4 ENTRADA EST. CRIST. KRAE 20",CAMPO NOVO,"Apartamento, 65.43 de área total, 41.19 de área privativa, 0.00 de área do terreno,  2 qto(s), WC, 1 sala(s), cozinha.",192169.73,182000.0,0.0,Leilão SFI - Edital Único,,PORTO ALEGRE,RS,Não
8787706861632,"RUA SABINO PEREIRA NUNES, N. 931, Apto 302, BL 3",RESTINGA,"Apartamento, 69.88 de área total, 40.99 de área privativa, 0.00 de área do terreno,  2 qto(s), WC, 1 sala(s), cozinha.",143382.19,135118.0,0.0,Leilão SFI - Edital Único,,PORTO ALEGRE,RS,Não
1787701598790,"RUA NAIR GARCIA MARTINS, N. 56, LT 18 QD C",BELEM VELHO,"Casa, 48.92 de área total, 48.92 de área privativa, 171.14 de área do terreno,  2 qto(s), a.serv, WC, 1 sala(s), cozinha.",267036.88,248000.0,0.0,Leilão SFI - Edital Único,,PORTO ALEGRE,RS,Não
8444434671380,"RUA VINTE E SEIS DE MARCO, N. 415, Apto 412, BL C PAV 04",MARIO QUINTANA,"Apartamento, 48.07 de área total, 38.76 de área privativa, 0.00 de área do terreno,  2 qto(s), WC, 1 sala(s), cozinha.",143730.34,133000.0,0.0,Leilão SFI - Edital Único,,PORTO ALEGRE,RS,Não
8787715883546,"ESTRADA CRISTIANO KRAEMER, N. 2021, Apto 504, BL 11 5 PAV",VILA NOVA,"Apartamento, 65.43 de área total, 41.19 de área privativa, 0.00 de área do terreno,  2 qto(s), a.serv, WC, 1 sala(s), cozinha.",172942.56,160000.0,0.0,Leilão SFI - Edital Único,,PORTO ALEGRE,RS,Não
1444406420281,"RUA AMALIA FIGUEIROA, N. 37, QD 27 LOTE 10",PARTENON,"Terreno, 0.00 de área total, 0.00 de área privativa, 221.89 de área do terreno.",200000.0,185000.0,0.0,Leilão SFI - Edital Único,,PORTO ALEGRE,RS,Não
8787707867014,"RUA DOS MAIAS, N. 1103, Apto 203, BL 06 PAV 02",RUBEM BERTA,"Apartamento, 81.21 de área total, 41.19 de área privativa, 0.00 de área do terreno,  2 qto(s), WC, 1 sala(s), cozinha.",157203.2,145000.0,0.0,Leilão SFI - Edital Único,,PORTO ALEGRE,RS,Não
8787721268882,"RUA JOAO PARIS, N. 452, Apto 104, BL 18",SANTA ROSA DE LIMA,"Apartamento, 66.99 de área total, 41.19 de área privativa, 0.00 de área do terreno,  2 qto(s), WC, 1 sala(s), cozinha.",211420.56,195000.0,0.0,Leilão SFI - Edital Único,,PORTO ALEGRE,RS,Não
8787720107540,"ESTRADA CRISTIANO KRAEMER, N. 2021, Apto 104, BL 20",CAMPO NOVO,"Apartamento, 65.43 de área total, 41.19 de área privativa, 0.00 de área do terreno,  2 qto(s), WC, 1 sala(s), cozinha, 1 vaga(s) de garagem.",200822.81,185000.0,0.0,Leilão SFI - Edital Único,,PORTO ALEGRE,RS,Não
1555533627391,"AVENIDA ASSIS BRASIL, N. 4908, Apto 1002, TORRE 01 PAV 10",SAO SEBASTIAO,"Apartamento, 117.94 de área total, 62.73 de área privativa, 0.00 de área do terreno,  3 qto(s), WC, 1 sala(s), cozinha, 1 vaga(s) de garagem.",376417.12,345000.0,0.0,Leilão SFI - Edital Único,,PORTO ALEGRE,RS,Não
8787708982860,"RUA SABINO PEREIRA NUNES, N. 931, Apto 103, BL 8",RESTINGA,"Apartamento, 69.88 de área total, 40.99 de área privativa, 0.00 de área do terreno,  2 qto(s), a.serv, WC, 1 sala(s), cozinha.",142000.0,130000.0,0.0,Leilão SFI - Edital Único,,PORTO ALEGRE,RS,Não
8787719559905,"RUA JOAO PARIS, N. 452, Apto 203, BL 04 PAV 02",SANTA ROSA DE LIMA,"Apartamento, 67.65 de área total, 41.19 de área privativa, 0.00 de área do terreno,  2 qto(s), WC, 1 sala(s), cozinha.",218680.52,200000.0,0.0,Leilão SFI - Edital Único,,PORTO ALEGRE,RS,Não
8787720740430,"ESTRADA CRISTIANO KRAEMER, N. 2021, Apto 202, BL 24",CAMPO NOVO,"Apartamento, 76.64 de área total, 41.19 de área privativa, 0.00 de área do terreno,  2 qto(s), WC, 1 sala(s), cozinha.",210834.19,192000.0,0.0,Leilão SFI - Edital Único,,PORTO ALEGRE,RS,Não
8555515235299,"AVENIDA BALTAZAR DE OLIVEIRA GARCIA, N. 2396, Apto 105, BL C",COSTA E SILVA,"Apartamento, 81.72 de área total, 48.58 de área privativa, 0.00 de área do terreno,  2 qto(s), a.serv, WC, 1 sala(s), cozinha, 1 vaga(s) de garagem.",165000.0,150000.0,0.0,Leilão SFI - Edital Único,,PORTO ALEGRE,RS,Não
8787714865005,"RUA INOCENCIO DE OLIVEIRA ALVES, N. 101, Apto 302, BL 01",RUBEM BERTA,"Apartamento, 77.79 de área total, 41.19 de área privativa, 0.00 de área do terreno,  2 qto(s), WC, 1 sala(s), cozinha.",176274.13,160000.0,0.0,Leilão SFI - Edital Único,,PORTO ALEGRE,RS,Não
8787721186142,"RUA JOAO PARIS, N. 452, Apto 103, BL 20",SANTA ROSA DE LIMA,"Apartamento, 66.99 de área total, 41.19 de área privativa, 0.00 de área do terreno,  2 qto(s), a.serv, WC, 1 sala(s), cozinha.",211645.11,192000.0,0.0,Leilão SFI - Edital Único,,PORTO ALEGRE,RS,Não
8444433448998,"ESTRADA CRISTIANO KRAEMER, N. 1863, Apto 404, BL A",VILA NOVA,"Apartamento, 47.97 de área total, 38.24 de área privativa, 0.00 de área do terreno,  2 qto(s), WC, 1 sala(s), cozinha.",149427.82,135000.0,0.0,Leilão SFI - Edital Único,,PORTO ALEGRE,RS,Não
8787712901730,"RUA SABINO PEREIRA NUNES, N. 932, Apto 302, BL 13",RESTINGA,"Apartamento, 74.20 de área total, 41.19 de área privativa, 0.00 de área do terreno,  2 qto(s), WC, 1 sala(s), cozinha.",141925.03,128000.0,0.0,Leilão SFI - Edital Único,,PORTO ALEGRE,RS,Não
8787715192462,"RUA INOCENCIO DE OLIVEIRA ALVES, N. 101, Apto 204, BL  21",RUBEM BERTA,"Apartamento, 77.79 de área total, 41.19 de área privativa, 0.00 de área do terreno,  2 qto(s), WC, 1 sala(s), cozinha.",183530.87,165000.0,0.0,Leilão SFI - Edital Único,,PORTO ALEGRE,RS,Não
1444419331584,"RUA LOLA DE OLIVEIRA, N. 170, LT 23 QD D1",PARQUE SANTA FE,"Casa, 251.47 de área total, 251.47 de área privativa, 300.00 de área do terreno,  3 qto(s), a.serv, WC, WC Emp, 2 sala(s), 1 lavabo(s), cozinha, 2 vaga(s) de garagem.",781960.44,701000.0,0.0,Leilão SFI - Edital Único,,PORTO ALEGRE,RS,Não
8444407649590,"AVENIDA MARTIM FELIX BERTA, N. 547, Apto 303, BL A ANDAR 02 PAV 03",JARDIM LEOPOLDINA,"Apartamento, 78.06 de área total, 58.98 de área privativa, 0.00 de área do terreno,  2 qto(s), a.serv, WC, 1 sala(s), cozinha.",209233.66,184000.0,0.0,Leilão SFI - Edital Único,,PORTO ALEGRE,RS,Não
1444401578413,"RUA REINALDO MULLER, N. 559, CASA 01  ACESSO PELA RUA DAS ESPATODEA",PONTA GROSSA,"Casa, 44.13 de área total, 43.07 de área privativa, 115.62 de área do terreno,  2 qto(s), WC, 1 sala(s), cozinha, 1 vaga(s) de garagem.",180000.0,158000.0,0.0,Leilão SFI - Edital Único,,PORTO ALEGRE,RS,Não
8787714331450,"RUA INOCENCIO DE OLIVEIRA ALVES, N. 101, Apto 202, BL 06",RUBEM BERTA,"Apartamento, 77.79 de área total, 41.19 de área privativa, 0.00 de área do terreno,  2 qto(s), a.serv, WC, 1 sala(s), cozinha.",177081.75,155000.0,0.0,Leilão SFI - Edital Único,,PORTO ALEGRE,RS,Não
8787701328138,"RUA IRMA TERESILDA STEFFEN, N. 195, Apto 502, TORRE 4 PAV 05 LT 01 02 03 04 QD D2",MARIO QUINTANA,"Apartamento, 91.05 de área total, 40.29 de área privativa, 0.00 de área do terreno,  2 qto(s), WC, 1 sala(s), cozinha.",172733.85,151000.0,0.0,Leilão SFI - Edital Único,,PORTO ALEGRE,RS,Não
8787713747343,"RUA INOCENCIO DE OLIVEIRA ALVES, N. 101, Apto 502, BL 16 PAV 05",RUBEM BERTA,"Apartamento, 77.79 de área total, 41.19 de área privativa, 0.00 de área do terreno,  2 qto(s), WC, 1 sala(s), cozinha.",177611.82,155000.0,0.0,Leilão SFI - Edital Único,,PORTO ALEGRE,RS,Não
8787714695169,"RUA INOCENCIO DE OLIVEIRA ALVES, N. 101, Apto 103, BL 7",RUBEM BERTA,"Apartamento, 77.79 de área total, 41.19 de área privativa, 0.00 de área do terreno,  2 qto(s), WC, 1 sala(s), cozinha.",175661.55,149540.0,0.0,Leilão SFI - Edital Único,,PORTO ALEGRE,RS,Não
8787718745373,"RUA JOAO PARIS, N. 452, Apto 503, BL 01",SANTA ROSA DE LIMA,"Apartamento, 66.99 de área total, 41.19 de área privativa, 0.00 de área do terreno,  2 qto(s), WC, 1 sala(s), cozinha.",200000.0,170000.0,0.0,Leilão SFI - Edital Único,,PORTO ALEGRE,RS,Não
8787714511246,"RUA REVERENDO OLAVO NUNES, N. 280, Apto 403, BL 11 ESTACIONAMENTO 184",PARQUE SANTA FE,"Apartamento, 85.61 de área total, 38.92 de área privativa, 0.00 de área do terreno,  2 qto(s), WC, 1 sala(s), cozinha, 1 vaga(s) de garagem.",250000.0,209466.63,0.0,Leilão SFI - Edital Único,,PORTO ALEGRE,RS,Não
8787719374085,"RUA JOAO PARIS, N. 452, Apto 404, BL 02 4 PAV",SANTA ROSA DE LIMA,"Apartamento, 66.99 de área total, 41.19 de área privativa, 0.00 de área do terreno,  2 qto(s), WC, 1 sala(s), cozinha.",212083.25,177000.0,0.0,Leilão SFI - Edital Único,,PORTO ALEGRE,RS,Não
8444437569951,"AVENIDA JOAO ANTONIO DA SILVEIRA, N. 7455, Apto 404, BL 04",LOMBA DO PINHEIRO,"Apartamento, 43.04 de área total, 38.38 de área privativa, 0.00 de área do terreno,  2 qto(s), a.serv, WC, 1 sala(s), cozinha, 1 vaga(s) de garagem.",157066.86,130000.0,0.0,Leilão SFI - Edital Único,,PORTO ALEGRE,RS,Não
8787714313690,"RUA INOCENCIO DE OLIVEIRA ALVES, N. 101, Apto 301, BL 14",RUBEM BERTA,"Apartamento, 77.79 de área total, 41.19 de área privativa, 0.00 de área do terreno,  2 qto(s), WC, 1 sala(s).",177085.53,145000.0,0.0,Leilão SFI - Edital Único,,PORTO ALEGRE,RS,Não
8444412335507,"RUA MERY WEISS, N. 65, Apto AP 20, BL D",RUBEM BERTA,"Apartamento, 45.58 de área total, 42.60 de área privativa, 0.00 de área do terreno,  2 qto(s), WC, 1 sala(s), cozinha.",103845.87,85000.0,0.0,Leilão SFI - Edital Único,,PORTO ALEGRE,RS,Não
8787717606469,"ESTRADA CRISTIANO KRAEMER, N. 2021, Apto 103, BL 04",VILA NOVA,"Apartamento, 65.44 de área total, 41.19 de área privativa, 0.00 de área do terreno,  2 qto(s), WC, 1 sala(s), cozinha.",192202.2,157000.0,0.0,Leilão SFI - Edital Único,,PORTO ALEGRE,RS,Não
8787721998708,"RUA JOAO PARIS, N. 452, Apto 203, BL 19",SANTA ROSA DE LIMA,"Apartamento, 78.23 de área total, 41.19 de área privativa, 0.00 de área do terreno,  2 qto(s), WC, 1 sala(s), cozinha.",217349.11,177000.0,0.0,Leilão SFI - Edital Único,,PORTO ALEGRE,RS,Não
8787708896212,"RUA 7008, N. 280, Apto 104, BL 10",RESTINGA,"Apartamento, 88.83 de área total, 56.44 de área privativa, 0.00 de área do terreno,  2 qto(s), WC, 1 sala(s), cozinha, 1 vaga(s) de garagem.",202700.0,165000.0,0.0,Leilão SFI - Edital Único,,PORTO ALEGRE,RS,Não
8787720942822,"RUA JOAO PARIS, N. 452, Apto 501, BL 17",SANTA ROSA DE LIMA,"Apartamento, 66.99 de área total, 41.19 de área privativa, 0.00 de área do terreno,  2 qto(s), WC, 1 sala(s), cozinha.",211628.86,172000.0,0.0,Leilão SFI - Edital Único,,PORTO ALEGRE,RS,Não
8787718788536,"RUA JOAO PARIS, N. 452, Apto 401, BLOCO 03",SANTA ROSA DE LIMA,"Apartamento, 66.99 de área total, 41.19 de área privativa, 0.00 de área do terreno,  2 qto(s), WC, 1 sala(s), cozinha, 1 vaga(s) de garagem.",210000.0,170000.0,0.0,Leilão SFI - Edital Único,,PORTO ALEGRE,RS,Não
8444433714841,"RUA SATURNINO VANZELOTTI, N. 20, Apto 404, BLOCO 3",RUBEM BERTA,"Apartamento, 49.83 de área total, 43.03 de área privativa, 0.00 de área do terreno,  1 qto(s), a.serv, WC, 1 sala(s), cozinha.",136142.78,110000.0,0.0,Leilão SFI - Edital Único,,PORTO ALEGRE,RS,Não
8787718081025,"AVENIDA PROTASIO ALVES, N. 9930, Apto 504, BL 6",MARIO QUINTANA,"Apartamento, 62.51 de área total, 40.82 de área privativa, 0.00 de área do terreno,  2 qto(s), WC, 1 sala(s), cozinha, 1 vaga(s) de garagem.",229372.44,185000.0,0.0,Leilão SFI - Edital Único,,PORTO ALEGRE,RS,Não
8787720556876,"RUA JOAO PARIS, N. 452, Apto 503, BLOCO 10",SANTA ROSA DE LIMA,"Apartamento, 66.99 de área total, 41.19 de área privativa, 0.00 de área do terreno,  2 qto(s), WC, 1 sala(s), cozinha.",211473.04,170000.0,0.0,Leilão SFI - Edital Único,,PORTO ALEGRE,RS,Não
8787719617476,"RUA JOAO PARIS, N. 452, Apto 101, BLOCO 13",SANTA ROSA DE LIMA,"Apartamento, 66.99 de área total, 41.19 de área privativa, 0.00 de área do terreno,  2 qto(s), WC, 1 sala(s), cozinha, 1 vaga(s) de garagem.",212064.87,170000.0,0.0,Leilão SFI - Edital Único,,PORTO ALEGRE,RS,Não
8787715903776,"RUA INOCENCIO DE OLIVEIRA ALVES, N. 101, Apto 502, BL 22",RUBEM BERTA,"Apartamento, 77.79 de área total, 41.19 de área privativa, 0.00 de área do terreno,  2 qto(s), WC, 1 sala(s), cozinha.",190036.13,151000.0,0.0,Leilão SFI - Edital Único,,PORTO ALEGRE,RS,Não
8444415750300,"RUA ATILIO SUPERTTI, N. 1430, Apto 551, BL N",VILA NOVA,"Apartamento, 40.40 de área total, 36.03 de área privativa, 0.00 de área do terreno,  2 qto(s), WC, 1 sala(s), cozinha.",153076.63,120000.0,0.0,Leilão SFI - Edital Único,,PORTO ALEGRE,RS,Não
8444428899553,"RUA JOSE BARCELLOS GARCIA, N. 100, Apto 404, BL F",RUBEM BERTA,"Apartamento, 42.78 de área total, 37.58 de área privativa, 0.00 de área do terreno,  2 qto(s), WC, 1 sala(s), cozinha.",153460.32,120000.0,0.0,Leilão SFI - Edital Único,,PORTO ALEGRE,RS,Não
8787719849393,"ESTRADA CRISTIANO KRAEMER, N. 2021, Apto 104, BL 19 TERREO",VILA NOVA,"Apartamento, 65.44 de área total, 41.19 de área privativa, 0.00 de área do terreno,  2 qto(s), WC, 1 sala(s), cozinha.",200967.31,157000.0,0.0,Leilão SFI - Edital Único,,PORTO ALEGRE,RS,Não
8444410504050,"RUA MAURO GUEDES DE OLIVEIRA, N. 131, Apto 602, TORRE A SPECIALE",JARDIM LINDOIA,"Apartamento, 146.71 de área total, 83.85 de área privativa, 0.00 de área do terreno,  3 qto(s), WC, 1 sala(s), cozinha, 1 vaga(s) de garagem.",570000.0,445000.0,0.0,Leilão SFI - Edital Único,,PORTO ALEGRE,RS,Não
8787719544096,"ESTRADA CRISTIANO KRAEMER, N. 2021, Apto 101, BL 20",CAMPO NOVO,"Apartamento, 65.44 de área total, 41.19 de área privativa, 0.00 de área do terreno,  2 qto(s), WC, 1 sala(s), cozinha.",201144.8,157000.0,0.0,Leilão SFI - Edital Único,,PORTO ALEGRE,RS,Não
1444419560575,"RUA ALBERTO SILVA, N. 315, Apto AP 20,",VILA IPIRANGA,"Apartamento, 133.23 de área total, 72.39 de área privativa, 0.00 de área do terreno,  2 qto(s), a.serv, WC, WC Emp, 1 sala(s), cozinha, 1 vaga(s) de garagem.",483755.79,375000.0,0.0,Leilão SFI - Edital Único,,PORTO ALEGRE,RS,Não
8787710070229,"RUA JOAO DA SILVA BUENO, N. 100, Apto 902, T 01 VG 41",MORRO SANTANA,"Apartamento, 0.00 de área total, 44.20 de área privativa, 0.00 de área do terreno, 1 vaga(s) de garagem.",285000.0,220000.0,0.0,Leilão SFI - Edital Único,,PORTO ALEGRE,RS,Não
8787718822491,"RUA JOAO PARIS, N. 452, Apto 401, BLOCO 08",SANTA ROSA DE LIMA,"Apartamento, 66.99 de área total, 41.19 de área privativa, 0.00 de área do terreno,  2 qto(s), WC, 1 sala(s), cozinha.",187586.25,143220.0,0.0,Leilão SFI - Edital Único,,PORTO ALEGRE,RS,Não
8787720748023,"RUA JOAO PARIS, N. 452, Apto 104, BL 05",SANTA ROSA DE LIMA,"Apartamento, 66.99 de área total, 41.19 de área privativa, 0.00 de área do terreno,  2 qto(s), WC, 1 sala(s), cozinha, 1 vaga(s) de garagem.",211473.04,143220.0,0.0,Leilão SFI - Edital Único,,PORTO ALEGRE,RS,Não
8787720230571,"RUA JOAO PARIS, N. 452, Apto 502, BL 09 5 PAV",SANTA ROSA DE LIMA,"Apartamento, 66.99 de área total, 41.19 de área privativa, 0.00 de área do terreno,  2 qto(s), WC, 1 sala(s), cozinha.",211600.8,143220.0,0.0,Leilão SFI - Edital Único,,PORTO ALEGRE,RS,Não
8787720089984,"RUA JOAO PARIS, N. 452, Apto 501, BLOCO 11",SANTA ROSA DE LIMA,"Apartamento, 66.99 de área total, 41.19 de área privativa, 0.00 de área do terreno,  2 qto(s), WC, 1 sala(s), cozinha.",211797.53,143220.0,0.0,Leilão SFI - Edital Único,,PORTO ALEGRE,RS,Não
8787719378323,"RUA JOAO PARIS, N. 452, Apto 403, BLOCO 02  4º PAVIMENTO",SANTA ROSA DE LIMA,"Apartamento, 66.99 de área total, 41.19 de área privativa, 0.00 de área do terreno,  2 qto(s), WC, 1 sala(s), cozinha.",211989.93,143220.0,0.0,Leilão SFI - Edital Único,,PORTO ALEGRE,RS,Não
8787721013205,"RUA JOAO PARIS, N. 452, Apto AP 30, BL 13",SANTA ROSA DE LIMA,"Apartamento, 78.23 de área total, 41.19 de área privativa, 0.00 de área do terreno,  2 qto(s), WC, 1 sala(s), cozinha, 1 vaga(s) de garagem.",218587.77,143220.0,0.0,Leilão SFI - Edital Único,,PORTO ALEGRE,RS,Não
8787721356510,"AVENIDA KARL IWERS, N. 2030, Apto AP 30, BL 15",PASSO DAS PEDRAS,"Apartamento, 60.38 de área total, 41.19 de área privativa, 0.00 de área do terreno,  2 qto(s), WC, 1 sala(s), cozinha.",208000.03,135000.0,0.0,Leilão SFI - Edital Único,,PORTO ALEGRE,RS,Não
8444402027796,"RUA JULIO DE CASTILHOS, N. 514, LT 03, QD 45",CENTRO,"Casa, 0.00 de área total, 68.60 de área privativa, 188.76 de área do terreno,  2 qto(s), a.serv, WC, 1 sala(s), cozinha.",90406.07,180000.0,49.78,Venda Direta Online,,QUARAI,RS,Não
8444401007066,"RUA DR ASCÂNIO TUBINO, N. 2350, QD E",CENTRO,"Casa, 71.00 de área total, 36.00 de área privativa, 235.00 de área do terreno,  2 qto(s), a.serv, WC, 1 sala(s), cozinha.",195000.0,119000.0,0.0,Leilão SFI - Edital Único,,QUARAI,RS,Não
1444402332825,"RUA JOAO ALFREDO, N. 440,",CENTRO,"Casa, 0.00 de área total, 226.50 de área privativa, 186.93 de área do terreno.",249124.51,510000.0,51.16,Venda Online,,RIO GRANDE,RS,Sim
10178537,"RUA LUIZ LOREA, N. 579",CENTRO,"Casa, 0.00 de área total, 136.71 de área privativa, 132.70 de área do terreno.",173705.57,340000.0,48.92,Venda Direta Online,,RIO GRANDE,RS,Não
10297326,"Rua C (Sítio Sta Cruz), N. 98C, Qd 09, lt 98C",QUINTA,"Gleba, 0.00 de área total, 0.00 de área privativa, 750.00 de área do terreno.",33325.62,55000.0,39.41,Licitação Aberta,,RIO GRANDE,RS,Não
1444419034466,"RUA INTENDENTE CARVALHO, N. 71, Apto 402,",VILA JUNCAO,"Apartamento, 72.72 de área total, 55.04 de área privativa, 0.00 de área do terreno,  2 qto(s), a.serv, WC, 1 sala(s), cozinha, 1 vaga(s) de garagem.",130290.62,207000.0,37.06,Venda Online,,RIO GRANDE,RS,Sim
1444415009203,"RUA TIRADENTES, N. 486, Apto 102,",CIDADE NOVA,"Apartamento, 0.00 de área total, 66.00 de área privativa, 0.00 de área do terreno,  2 qto(s), WC, 1 sala(s), cozinha.",123366.97,196000.0,37.06,Venda Direta Online,,RIO GRANDE,RS,Sim
10304790,"RUA SEM DENOMINACAO, N. s/n, QD F, Lt 91 e 92",BOLAXA,"Casa, 0.00 de área total, 120.00 de área privativa, 0.00 de área do terreno.",150000.0,150000.0,0.0,Leilão SFI - Edital Único,,RIO GRANDE,RS,Não
1555524187163,"RUA CACHOEIRA DO IGUACU, N. 508, QD 19 LT 3",FREDERICO ERNESTO BUCHHOLZ,"Casa, 130.43 de área total, 130.43 de área privativa, 210.00 de área do terreno.",415000.0,415000.0,0.0,Leilão SFI - Edital Único,,RIO GRANDE,RS,Não
8787705350561,"ESTRADA ROBERTO SOCOOWSKI, N. 881, Apto 303, BL 27  BOX Nº 27",VILA SAO JOAO,"Apartamento, 84.28 de área total, 47.71 de área privativa, 0.00 de área do terreno,  2 qto(s), WC, 1 sala(s), cozinha, 1 vaga(s) de garagem.",171000.0,171000.0,0.0,Leilão SFI - Edital Único,,RIO GRANDE,RS,Não
8444419647962,"RUA DOM BOSCO, N. 1017, Apto 136, BLOCO 9",COHAB II,"Apartamento, 49.58 de área total, 43.88 de área privativa, 0.00 de área do terreno,  2 qto(s), a.serv, WC, 1 sala(s), cozinha.",133585.31,120000.0,0.0,Leilão SFI - Edital Único,,RIO GRANDE,RS,Não
8444411972490,"RUA EMILIO LENGLER, N. 1358, CASA 02",CENTRO,"Casa, 45.39 de área total, 45.39 de área privativa, 106.68 de área do terreno.",71654.14,125000.0,42.68,Venda Direta Online,,ROCA SALES,RS,Não
8444425654681,"ESTRADA GERAL SETE DE SETEMBRO, N. 837, CS 03 LT 03 QD 213",CENTRO,"Casa, 49.92 de área total, 49.92 de área privativa, 117.10 de área do terreno,  2 qto(s), WC, 1 sala(s), cozinha.",99852.19,168500.0,40.75,Venda Direta Online,,ROCA SALES,RS,Sim
8444407184440,"RUA JOSE BROCK, N. 645, LT 21 QD 177",CENTRO,"Casa, 91.95 de área total, 79.95 de área privativa, 232.30 de área do terreno,  2 qto(s), a.serv, WC, 1 sala(s), cozinha.",212000.0,212000.0,0.0,Leilão SFI - Edital Único,,ROCA SALES,RS,Não
10212078,"AV JOÃO BATISTA, N. SN, QD 09",CENTRO,"Terreno, 0.00 de área total, 0.00 de área privativa, 1824.00 de área do terreno.",190735.95,357000.0,46.58,Venda Direta Online,,ROLADOR,RS,Sim
8192500326586,"RUA BELA VISTA, N. 229,",BELA VISTA,"Casa, 52.50 de área total, 52.50 de área privativa, 336.00 de área do terreno,  2 qto(s), WC, 1 sala(s), cozinha.",89892.11,155000.0,42.01,Venda Direta Online,,SALVADOR DO SUL,RS,Não
1444405970083,"RUA ZILDO ZENI, N. 269, QD 01 LT13",COHASA,"Casa, 270.70 de área total, 270.70 de área privativa, 306.30 de área do terreno,  4 qto(s), a.serv, WC, 2 sala(s).",621381.44,1000000.0,37.87,Venda Direta Online,,SANANDUVA,RS,Sim
1444413515071,"RUA PAIM FILHO, N. 623, LT 6B QD 4",CENTRO,"Casa, 96.00 de área total, 96.00 de área privativa, 204.00 de área do terreno,  3 qto(s), a.serv, WC, 1 sala(s), cozinha.",245000.0,245000.0,0.0,Leilão SFI - Edital Único,,SANANDUVA,RS,Não
8444401400361,"RUA JOSE LUPI, N. 116, SETOR 15 QD 10 LT 24",DIVISA,"Casa, 58.75 de área total, 58.75 de área privativa, 450.00 de área do terreno,  2 qto(s), a.serv, WC, 1 sala(s), cozinha.",245000.0,245000.0,0.0,Leilão SFI - Edital Único,,SANT' ANA DO LIVRAMENTO,RS,Não
8444435556259,"RUA LONI MARIA WEBER, N. 145,",CENTRO,"Casa, 52.25 de área total, 52.25 de área privativa, 602.55 de área do terreno,  2 qto(s), WC, 1 sala(s), cozinha.",217000.0,217000.0,0.0,Leilão SFI - Edital Único,,SANTA CLARA DO SUL,RS,Não
10150725,"TRAVESSA DONA LEOPOLDINA, LT 05",COUNTRY,"Terreno, 0.00 de área total, 0.00 de área privativa, 20000.00 de área do terreno.",1113419.26,2351000.0,52.65,Venda Direta Online,,SANTA CRUZ DO SUL,RS,Sim
10211723,"RUA IRMAO EMILIO, N. SN",VARZEA,"Gleba Urbana, 0.00 de área total, 0.00 de área privativa, 95000.00 de área do terreno.",931774.53,1744000.0,46.58,Venda Direta Online,,SANTA CRUZ DO SUL,RS,Sim
10215733,"ACESSO GRASSEL, N. 00",JARDIM EUROPA,"Terreno, 0.00 de área total, 0.00 de área privativa, 956.89 de área do terreno.",452408.28,801000.0,43.52,Venda Direta Online,,SANTA CRUZ DO SUL,RS,Sim
10215738,"ACESSO GRASSEL, N. 00, QD A, LT 01",JARDIM EUROPA,"Terreno, 0.00 de área total, 0.00 de área privativa, 1043.71 de área do terreno.",325958.76,577118.0,43.52,Venda Direta Online,,SANTA CRUZ DO SUL,RS,Sim
8444436198186,"RUA 26, N. SN, LT 03 QD 39",JOAO ALVES,"Terreno, 0.00 de área total, 0.00 de área privativa, 360.00 de área do terreno.",142235.42,235328.0,39.56,Licitação Aberta,,SANTA CRUZ DO SUL,RS,Não
8444422415228,"RUA IRMAO SEBASTIAO, N. 155, Apto 217, BL E",ANA NERY,"Apartamento, 53.79 de área total, 43.52 de área privativa, 0.00 de área do terreno,  2 qto(s), a.serv, WC, 1 sala(s), cozinha.",117072.73,186000.0,37.06,Licitação Aberta,,SANTA CRUZ DO SUL,RS,Não
8444410255999,"RUA BRUNO AGNES, N. 592, CASA 02",BOM JESUS,"Casa, 66.30 de área total, 61.15 de área privativa, 360.00 de área do terreno,  2 qto(s), WC, 1 sala(s), cozinha, 1 vaga(s) de garagem.",235000.0,235000.0,0.0,Leilão SFI - Edital Único,,SANTA CRUZ DO SUL,RS,Não
8444428480064,"RUA FREDERICO GUILHERME BARTOLOMAY, N. 82, Apto 303, BL 03",FAXINAL MENINO DEUS,"Apartamento, 51.11 de área total, 44.95 de área privativa, 0.00 de área do terreno,  2 qto(s), WC, 1 sala(s), cozinha.",170000.0,170000.0,0.0,Leilão SFI - Edital Único,,SANTA CRUZ DO SUL,RS,Não
8444411638344,"RUA PALESTINA  RUA 09, N. 878, CS 01 LT 25 QD I",LOT N SANTA CRUZ  II,"Casa, 46.45 de área total, 46.45 de área privativa, 86.26 de área do terreno,  1 qto(s), a.serv, WC, 1 sala(s), cozinha, 1 vaga(s) de garagem.",224727.31,206721.01,0.0,Leilão SFI - Edital Único,,SANTA CRUZ DO SUL,RS,Não
10171503,"RUA DOUTOR ALBERTO PASQUALINI, N. 25, SL 701",CENTRO,"Sala, 0.00 de área total, 214.68 de área privativa, 0.00 de área do terreno.",224795.45,550000.0,59.13,Venda Direta Online,,SANTA MARIA,RS,Não
10136730,"Rua Samuel Kruschim, N. 200",NOAL,"Loja, 0.00 de área total, 549.60 de área privativa, 720.00 de área do terreno,  1 qto(s), WC, 1 sala(s).",760898.21,1590000.0,52.15,Venda Online,,SANTA MARIA,RS,Não
10214866,"RUA LAGOA VERMELHA, N. 460, QD 43, LT 15",DOM ANTONIO REIS,"Casa, 0.00 de área total, 120.38 de área privativa, 360.00 de área do terreno.",293698.26,520000.0,43.52,Venda Direta Online,,SANTA MARIA,RS,Não
1444407580029,"RUA CORONEL ERNESTO BECKER, N. 2013, Apto 01,",SANTA MARIA,"Apartamento, 179.58 de área total, 162.70 de área privativa, 0.00 de área do terreno,  3 qto(s), a.serv, WC, WC Emp, 1 sala(s), cozinha.",180678.6,315000.0,42.65,Venda Direta Online,,SANTA MARIA,RS,Sim
1555501469014,"RUA OTAVIO ROCHA, N. 434,",ITARARE,"Casa, 154.21 de área total, 154.21 de área privativa, 275.00 de área do terreno,  3 qto(s), a.serv, WC, 2 sala(s), cozinha, 1 vaga(s) de garagem.",163471.12,285000.0,42.65,Venda Direta Online,,SANTA MARIA,RS,Não
1050100003739,"RUA JAGUARI, N. 65, LT 07",PRESIDENTE JOAO GOULART,"Casa, 158.94 de área total, 158.94 de área privativa, 313.50 de área do terreno,  2 qto(s), a.serv, WC, 2 sala(s), cozinha, 2 vaga(s) de garagem.",195735.15,315000.0,37.87,Venda Direta Online,,SANTA MARIA,RS,Sim
8223100354322,"RUA RIO DE JANEIRO, N. 392, LT 48",PINHEIRO MACHADO,"Casa, 103.81 de área total, 88.98 de área privativa, 300.00 de área do terreno,  3 qto(s), a.serv, WC, 1 sala(s), cozinha.",135326.01,215000.0,37.06,Venda Direta Online,,SANTA MARIA,RS,Não
1555515611233,"QUADRA A, N. SN, LT 29",LOT JARDIM BERLEZE,"Terreno, 0.00 de área total, 0.00 de área privativa, 3500.00 de área do terreno.",332678.06,522000.0,36.27,Venda Direta Online,,SANTA MARIA,RS,Sim
1787701183611,"RUA VEREADOR JOAQUIM SANGOI, N. 39, QD 24 LT 400",PINHEIRO MACHADO,"Casa, 60.71 de área total, 48.71 de área privativa, 164.00 de área do terreno,  2 qto(s), a.serv, WC, 1 sala(s), cozinha.",225000.0,225000.0,0.0,Leilão SFI - Edital Único,,SANTA MARIA,RS,Não
8787703507641,"RUA JOAO ZWETSCH, N. 80, Apto AP 30, 303",NOSSA SENHORA DAS DORES,"Apartamento, 86.49 de área total, 59.43 de área privativa, 0.00 de área do terreno,  2 qto(s), WC, 1 sala(s), cozinha, 1 vaga(s) de garagem.",315000.0,315000.0,0.0,Leilão SFI - Edital Único,,SANTA MARIA,RS,Não
8444436689694,"RUA SAO MARTINHO DA SERRA, N. 64, QD 10 LT 08",DIACONO JOAO LUIZ POZZOBON,"Casa, 77.80 de área total, 77.80 de área privativa, 152.62 de área do terreno,  2 qto(s), WC, 1 sala(s), cozinha.",240000.0,240000.0,0.0,Leilão SFI - Edital Único,,SANTA MARIA,RS,Não
8444434939928,"RUA CEL. NIEDERAUER, N. 265, Apto 608, BL B",NOAL,"Apartamento, 69.42 de área total, 55.65 de área privativa, 0.00 de área do terreno,  2 qto(s), a.serv, WC, 1 sala(s), cozinha.",154263.95,135000.0,0.0,Leilão SFI - Edital Único,,SANTA MARIA,RS,Não
1444423077204,"RUA SEM DENOMINAÇÃO, N. SN, LT 17 QD D",ALTO DA BOA VISTA,"Terreno, 0.00 de área total, 0.00 de área privativa, 254.15 de área do terreno.",168814.84,155000.0,0.0,Leilão SFI - Edital Único,,SANTIAGO,RS,Não
8444423179412,"RUA ERVIN YANKE, N. 0, LT 653, QD 120",PARAISO,"Terreno, 0.00 de área total, 0.00 de área privativa, 591.05 de área do terreno,  2 qto(s), WC, 1 sala(s), cozinha.",39734.28,76000.0,47.72,Venda Direta Online,,SANTO ANGELO,RS,Não
1444420120540,"AVENIDA BRASIL, N. 453,",CENTRO,"Casa, 0.00 de área total, 248.60 de área privativa, 364.96 de área do terreno.",257164.12,403512.24,36.27,Venda Direta Online,,SANTO ANGELO,RS,Sim
8444425519164,"RUA PREFEITO ONILDO RAFAELLI DE SOUZA, N. 23, LT 44, QD 04,",CENTRO,"Terreno, 0.00 de área total, 0.00 de área privativa, 250.00 de área do terreno.",57891.78,100000.0,42.11,Licitação Aberta,,SANTO ANTONIO DA PATRULHA,RS,Não
1444414442116,"RUA GENERAL VARGAS, N. 813,",PASSO DE SAO BORJA,"Casa, 116.21 de área total, 60.00 de área privativa, 330.00 de área do terreno,  1 qto(s).",174800.0,155000.0,0.0,Leilão SFI - Edital Único,,SAO BORJA,RS,Não
8444413062482,"RUA ARGENTINA, N. 50,",CENTRO,"Terreno, 0.00 de área total, 0.00 de área privativa, 250.00 de área do terreno.",116000.0,116000.0,0.0,Leilão SFI - Edital Único,,SAO FRANCISCO DE PAULA,RS,Não
1444422000011,"RUA ERS  020, N. SN, LT 07",INDUSTRIAL ALTMAYER,"Terreno, 0.00 de área total, 0.00 de área privativa, 4772.07 de área do terreno.",612578.94,539091.2,0.0,Leilão SFI - Edital Único,,SAO FRANCISCO DE PAULA,RS,Não
8444413973671,"RUA IVO JOSÉ DE BARCELOS, N. 786, CS 04 PARTE LT 12 QD 154",FATIMA,"Casa, 92.17 de área total, 55.80 de área privativa, 109.37 de área do terreno,  2 qto(s), 1 sala(s), cozinha, 1 vaga(s) de garagem.",143136.06,246069.63,41.84,Venda Direta Online,,SAO JERONIMO,RS,Sim
1444409984526,"RUA  ASTROGILDO DO NASCIMENTO, N. 124, LT 69 QD 229",QUININHO,"Casa, 126.00 de área total, 69.08 de área privativa, 240.00 de área do terreno,  3 qto(s), a.serv, WC, 1 sala(s), DCE, cozinha.",170800.23,268000.0,36.27,Licitação Aberta,,SAO JERONIMO,RS,Não
1444412914037,"AVENIDA MARECHAL FLORIANO, N. 332, SL 02",CENTRO,"Sala, 74.55 de área total, 74.55 de área privativa, 0.00 de área do terreno, WC, 1 sala(s).",213500.29,335000.0,36.27,Venda Direta Online,,SAO JOSE DO OURO,RS,Não
8444411798422,"RUA APARICIO BRITTO, N. SN, Apto 102, BL 12-B",FEITORIA,"Apartamento, 0.00 de área total, 34.66 de área privativa, 0.00 de área do terreno,  2 qto(s), a.serv, WC, 1 sala(s), cozinha, 1 vaga(s) de garagem.",40735.04,110000.0,62.97,Venda Direta Online,,SAO LEOPOLDO,RS,Não
8444401647901,"AVENIDA FEITORIA, N. S/N, Apto 102, BL 03-A",FEITORIA,"Apartamento, 0.00 de área total, 42.45 de área privativa, 0.00 de área do terreno,  2 qto(s), a.serv, WC, 1 sala(s), cozinha.",52486.36,110000.0,52.29,Venda Direta Online,,SAO LEOPOLDO,RS,Não
8787705238338,"RUA RICARDO JOAO MERKER, N. 44, Apto 401, BL 26 QD 2918 ZN 20 SETOR B",SANTOS DUMONT,"Apartamento, 81.29 de área total, 41.19 de área privativa, 0.00 de área do terreno,  2 qto(s), WC, 1 sala(s), cozinha.",81769.6,170000.0,51.91,Venda Direta Online,,SAO LEOPOLDO,RS,Sim
8444416274723,"RUA OSVALDO ARANHA, N. 1571A, Apto 404, BL 03D1",SAO MIGUEL,"Apartamento, 44.20 de área total, 40.07 de área privativa, 0.00 de área do terreno,  1 qto(s), WC, 1 sala(s), cozinha.",66608.01,131800.0,49.47,Venda Direta Online,,SAO LEOPOLDO,RS,Não
8444412311217,"AVENIDA DOM JOAO BECKER, N. 1598, Apto 104, BL 02",SAO MIGUEL,"Apartamento, 44.17 de área total, 40.07 de área privativa, 0.00 de área do terreno,  2 qto(s), WC, 1 sala(s), cozinha.",80908.83,154000.0,47.47,Venda Direta Online,,SAO LEOPOLDO,RS,Sim
1444408662576,"RUA OITO, N. SN, LT 06 QD 2453",CAMPINA,"Casa, 0.00 de área total, 133.12 de área privativa, 240.75 de área do terreno.",163793.26,290000.0,43.52,Venda Online,,SAO LEOPOLDO,RS,Não
1444417502560,"RUA ALBINO KEMPF, N. 272, Apto 701, BLOCO 1",RIO DOS SINOS,"Apartamento, 89.18 de área total, 72.22 de área privativa, 0.00 de área do terreno,  3 qto(s), a.serv, WC, 1 sala(s), cozinha.",172074.86,300000.0,42.65,Venda Direta Online,,SAO LEOPOLDO,RS,Sim
8444437474519,"RUA GENERAL OSORIO, N. 600, Apto 423,  BL 04 PAV 2",DUQUE DE CAXIAS,"Apartamento, 47.07 de área total, 42.54 de área privativa, 0.00 de área do terreno,  2 qto(s), WC, 1 sala(s), cozinha.",78201.87,135000.0,42.08,Venda Online,,SAO LEOPOLDO,RS,Sim
8787711552499,"RUA ANGOLA, N. 110, Apto 305, TORRE A",FEITORIA,"Apartamento, 62.91 de área total, 44.71 de área privativa, 0.00 de área do terreno,  2 qto(s), WC, 1 sala(s), cozinha.",90746.77,155000.0,41.46,Licitação Aberta,,SAO LEOPOLDO,RS,Não
8444436691974,"RUA WALDEMIRO DA SILVA, N. 420, Apto 11, BL J, QD 1951,",CAMPINA,"Apartamento, 43.26 de área total, 42.50 de área privativa, 0.00 de área do terreno,  2 qto(s), WC, 1 sala(s), cozinha.",85477.6,146000.0,41.46,Venda Direta Online,,SAO LEOPOLDO,RS,Não
8787701943908,"RUA RICARDO JOAO MERKER, N. 44, Apto 503, LT SN, QD 2918, BL 12",SANTOS DUMONT,"Apartamento, 81.28 de área total, 41.19 de área privativa, 0.00 de área do terreno,  2 qto(s), WC, 1 sala(s), cozinha.",85477.6,146000.0,41.46,Venda Direta Online,,SAO LEOPOLDO,RS,Sim
8051100528625,"AV TOMAZ EDISON, N. 3900-A, Apto 401, BL 02",SAO MIGUEL,"Apartamento, 62.98 de área total, 47.13 de área privativa, 0.00 de área do terreno,  2 qto(s), WC, 1 sala(s), cozinha.",73583.88,123000.0,40.18,Venda Direta Online,,SAO LEOPOLDO,RS,Sim
8787713971324,"AVENIDA LIONS SCHARLAU, N. 131, Apto 504, BLOCO 10",SANTOS DUMONT,"Apartamento, 82.74 de área total, 40.82 de área privativa, 0.00 de área do terreno,  2 qto(s), WC, 1 sala(s), cozinha, 1 vaga(s) de garagem.",111000.0,185000.0,40.0,Leilão SFI - Edital Único,,SAO LEOPOLDO,RS,Não
8444433652773,"RUA SANTO ANTONIO, N. 973, Apto 304,",CENTRO,"Apartamento, 54.79 de área total, 47.42 de área privativa, 0.00 de área do terreno,  1 qto(s), WC, 1 sala(s), cozinha.",111816.5,185000.0,39.56,Licitação Aberta,,SAO LEOPOLDO,RS,Não
8555535477921,"AVENIDA TOMAZ EDSON, N. 3500, Apto 402, BL 01",SAO MIGUEL,"Apartamento, 112.72 de área total, 55.34 de área privativa, 0.00 de área do terreno,  3 qto(s), WC, 1 sala(s), cozinha, 1 vaga(s) de garagem.",120882.7,200000.0,39.56,Licitação Aberta,,SAO LEOPOLDO,RS,Não
8444408854961,"AVENIDA IMPERATRIZ LEOPOLDINA, N. 2500, Apto 258, BL 02 5 PAV",PINHEIRO,"Apartamento, 47.53 de área total, 43.60 de área privativa, 0.00 de área do terreno,  2 qto(s), a.serv, WC, 1 sala(s), cozinha.",85466.19,140000.0,38.96,Venda Online,,SAO LEOPOLDO,RS,Sim
1444405139775,"RUA SAO SIMAO, N. 178, LT 18 QD 286",SANTOS DUMONT,"Casa, 300.00 de área total, 300.00 de área privativa, 300.00 de área do terreno, WC.",354187.42,570000.0,37.87,Venda Direta Online,,SAO LEOPOLDO,RS,Sim
10285646,"RUA IPIRANGA, N. 234, QD O, LT 05-11",SCHARLAU,"Galpão, 0.00 de área total, 861.59 de área privativa, 780.00 de área do terreno.",945774.42,1484000.0,36.27,Venda Direta Online,,SAO LEOPOLDO,RS,Não
8787710747245,"RUA RICARDO JOAO MERKER, N. 44, Apto 103, BLOCO 33",SANTOS DUMONT,"Apartamento, 81.29 de área total, 41.19 de área privativa, 0.00 de área do terreno,  2 qto(s), WC, 1 sala(s), cozinha, 1 vaga(s) de garagem.",85273.0,125000.0,31.79,Leilão SFI - Edital Único,,SAO LEOPOLDO,RS,Não
8787714527606,"AVENIDA LIONS SCHARLAU, N. 343, Apto 503, BL 3 5° PAV VAGA 59",SANTOS DUMONT,"Apartamento, 83.72 de área total, 40.82 de área privativa, 0.00 de área do terreno,  2 qto(s), WC, 1 sala(s), cozinha, 1 vaga(s) de garagem.",138654.08,165000.0,15.97,Leilão SFI - Edital Único,,SAO LEOPOLDO,RS,Não
8787714619934,"AVENIDA LIONS SCHARLAU, N. 343, Apto 402, BLOCO 11 VAGA  249",SANTOS DUMONT,"Apartamento, 83.72 de área total, 40.82 de área privativa, 0.00 de área do terreno,  2 qto(s), WC, 1 sala(s), cozinha, 1 vaga(s) de garagem.",150180.91,165000.0,8.99,Leilão SFI - Edital Único,,SAO LEOPOLDO,RS,Não
8444431378518,"RUA ODILO ALOYSIO DAUDT, N. 305, Apto 401, BL 10 PAV 04 VG 225",FEITORIA,"Apartamento, 88.79 de área total, 40.23 de área privativa, 0.00 de área do terreno,  2 qto(s), WC, 1 sala(s), cozinha, 1 vaga(s) de garagem.",202000.0,202000.0,0.0,Leilão SFI - Edital Único,,SAO LEOPOLDO,RS,Não
8787701223310,"RUA ODILO ALOYSIO DAUDT, N. 1199, Apto 53, BL B VG 10 5 PAV",FEITORIA,"Apartamento, 0.00 de área total, 63.24 de área privativa, 0.00 de área do terreno,  2 qto(s), a.serv, WC, 1 sala(s), cozinha, 1 vaga(s) de garagem.",210000.0,210000.0,0.0,Leilão SFI - Edital Único,,SAO LEOPOLDO,RS,Não
8787701804606,"RUA ANGOLA, N. 99,",FEITORIA,"Casa, 110.81 de área total, 61.02 de área privativa, 95.40 de área do terreno,  2 qto(s), a.serv, WC, 1 sala(s), cozinha.",235000.0,235000.0,0.0,Leilão SFI - Edital Único,,SAO LEOPOLDO,RS,Não
8787707693903,"RUA ANGOLA, N. 99, UNIDADE HABITACIONAL 05",FEITORIA,"Casa, 137.18 de área total, 55.41 de área privativa, 110.70 de área do terreno,  2 qto(s), a.serv, 1 sala(s), cozinha.",235000.0,235000.0,0.0,Leilão SFI - Edital Único,,SAO LEOPOLDO,RS,Não
8787714724487,"RUA ODILO ALOYSIO DAUDT, N. 423, Apto 24, BL J ANDAR 01 PAV 02 VG 208",FEITORIA,"Apartamento, 58.64 de área total, 53.69 de área privativa, 0.00 de área do terreno,  2 qto(s), WC, 1 sala(s), cozinha, 1 vaga(s) de garagem.",185875.58,185875.58,0.0,Leilão SFI - Edital Único,,SAO LEOPOLDO,RS,Não
8444411414004,"RUA ESTANCIA VELHA, N. 243, CASA 01",CAMPESTRE,"Casa, 56.00 de área total, 56.00 de área privativa, 150.06 de área do terreno,  2 qto(s), WC, 1 sala(s), cozinha, 1 vaga(s) de garagem.",184500.0,184500.0,0.0,Leilão SFI - Edital Único,,SAO LEOPOLDO,RS,Não
8787703258102,"RUA CORONEL BORDINI, N. 1151, Apto 402, BL 24",SANTO ANDRE,"Apartamento, 89.92 de área total, 40.23 de área privativa, 0.00 de área do terreno,  2 qto(s), WC, 1 sala(s), cozinha, 1 vaga(s) de garagem.",191000.0,191000.0,0.0,Leilão SFI - Edital Único,,SAO LEOPOLDO,RS,Não
8787700463937,"RUA RICARDO JOAO MERKER, N. 44, Apto AP 50, BL 4",SANTOS DUMONT,"Apartamento, 81.28 de área total, 41.19 de área privativa, 0.00 de área do terreno,  2 qto(s), WC, 1 sala(s), cozinha.",150000.0,150000.0,0.0,Leilão SFI - Edital Único,,SAO LEOPOLDO,RS,Não
8787700552816,"RUA RICARDO JOAO MERKER, N. 44, Apto 204, BL 03",SANTOS DUMONT,"Apartamento, 81.28 de área total, 41.19 de área privativa, 0.00 de área do terreno,  2 qto(s), WC, 1 sala(s), cozinha.",175000.0,175000.0,0.0,Leilão SFI - Edital Único,,SAO LEOPOLDO,RS,Não
8787700743379,"RUA RICARDO JOAO MERKER, N. 44, Apto 104, BL 021",SANTOS DUMONT,"Apartamento, 81.28 de área total, 41.19 de área privativa, 0.00 de área do terreno,  2 qto(s), WC, 1 sala(s), cozinha, 1 vaga(s) de garagem.",148000.0,148000.0,0.0,Leilão SFI - Edital Único,,SAO LEOPOLDO,RS,Não
8787701173169,"RUA RICARDO JOAO MERKER, N. 44, Apto AP 30, BL 10",SANTOS DUMONT,"Apartamento, 81.28 de área total, 41.19 de área privativa, 0.00 de área do terreno,  2 qto(s), WC, 1 sala(s), cozinha, 1 vaga(s) de garagem.",148000.0,148000.0,0.0,Leilão SFI - Edital Único,,SAO LEOPOLDO,RS,Não
8787703057883,"RUA RICARDO JOAO MERKER, N. 44, Apto 103, BL 08",SANTOS DUMONT,"Apartamento, 81.28 de área total, 41.19 de área privativa, 0.00 de área do terreno,  2 qto(s), WC, 1 sala(s), cozinha, 1 vaga(s) de garagem.",148000.0,148000.0,0.0,Leilão SFI - Edital Único,,SAO LEOPOLDO,RS,Não
8787704152995,"RUA RICARDO JOAO MERKER, N. 44, Apto 102, BL 23",SANTOS DUMONT,"Apartamento, 81.28 de área total, 41.19 de área privativa, 0.00 de área do terreno,  2 qto(s), WC, 1 sala(s), cozinha.",140000.0,140000.0,0.0,Leilão SFI - Edital Único,,SAO LEOPOLDO,RS,Não
8787705748832,"RUA RICARDO JOAO MERKER, N. 44, Apto 102, BL 29",SANTOS DUMONT,"Apartamento, 81.29 de área total, 41.19 de área privativa, 0.00 de área do terreno,  2 qto(s), WC, 1 sala(s), cozinha, 1 vaga(s) de garagem.",148000.0,148000.0,0.0,Leilão SFI - Edital Único,,SAO LEOPOLDO,RS,Não
8787708291485,"AVENIDA LIONS SCHARLAU, N. 343, Apto 403, BL 01 VG 11",SANTOS DUMONT,"Apartamento, 83.72 de área total, 40.82 de área privativa, 0.00 de área do terreno,  2 qto(s), WC, 1 sala(s), cozinha, 1 vaga(s) de garagem.",165000.0,165000.0,0.0,Leilão SFI - Edital Único,,SAO LEOPOLDO,RS,Não
8787710932476,"RUA RICARDO JOAO MERKER, N. 44, Apto 302, BL 35",SANTOS DUMONT,"Apartamento, 81.29 de área total, 41.19 de área privativa, 0.00 de área do terreno,  2 qto(s), WC, 1 sala(s), cozinha.",155000.0,155000.0,0.0,Leilão SFI - Edital Único,,SAO LEOPOLDO,RS,Não
8787713281727,"AVENIDA LIONS SCHARLAU, N. 131, Apto 504, BL 13 VG 389",SANTOS DUMONT,"Apartamento, 82.74 de área total, 40.82 de área privativa, 0.00 de área do terreno,  2 qto(s), WC, 1 sala(s), cozinha, 1 vaga(s) de garagem.",155000.0,155000.0,0.0,Leilão SFI - Edital Único,,SAO LEOPOLDO,RS,Não
1444422074899,"RUA GENERAL FRANCISCO JOSE S. DE SOUZA A., N. 48, LT 06 QD K",ARROIO DA MANTEIGA,"Casa, 134.17 de área total, 134.17 de área privativa, 325.00 de área do terreno,  2 qto(s), a.serv, WC, 1 sala(s), cozinha, 3 vaga(s) de garagem.",403193.91,402000.0,0.0,Leilão SFI - Edital Único,,SAO LEOPOLDO,RS,Não
8787707236065,"RUA RICARDO JOAO MERKER, N. 44, Apto 402,  BL 17 PAV 04",SANTOS DUMONT,"Apartamento, 81.28 de área total, 41.19 de área privativa, 0.00 de área do terreno,  2 qto(s), WC, 1 sala(s), cozinha.",135000.0,134000.0,0.0,Leilão SFI - Edital Único,,SAO LEOPOLDO,RS,Não
8787716290565,"RUA MARCELO DA ROCHA STRASBURG, N. 27, Apto AP 30, BL D",ARROIO DA MANTEIGA,"Apartamento, 69.42 de área total, 60.59 de área privativa, 0.00 de área do terreno,  2 qto(s), WC, 1 sala(s), cozinha, 1 vaga(s) de garagem.",185381.68,182000.0,0.0,Leilão SFI - Edital Único,,SAO LEOPOLDO,RS,Não
8787710489580,"RUA RICARDO JOAO MERKER, N. 44, Apto 503, BL 42",SANTOS DUMONT,"Apartamento, 81.32 de área total, 41.19 de área privativa, 0.00 de área do terreno,  2 qto(s), WC, 1 sala(s), cozinha, 1 vaga(s) de garagem.",145000.0,142000.0,0.0,Leilão SFI - Edital Único,,SAO LEOPOLDO,RS,Não
8787700802898,"RUA RICARDO JOAO MERKER, N. 44, Apto 402, BL 03",SANTOS DUMONT,"Apartamento, 81.28 de área total, 41.19 de área privativa, 0.00 de área do terreno,  2 qto(s), WC, 1 sala(s), cozinha.",145330.89,140000.0,0.0,Leilão SFI - Edital Único,,SAO LEOPOLDO,RS,Não
8787717522664,"AVENIDA LIONS SCHARLAU, N. 131, Apto 203, BLOCO 12 VAGA 143",SANTOS DUMONT,"Apartamento, 82.74 de área total, 40.82 de área privativa, 0.00 de área do terreno,  2 qto(s), WC, 1 sala(s), cozinha, 1 vaga(s) de garagem.",184525.51,175000.0,0.0,Leilão SFI - Edital Único,,SAO LEOPOLDO,RS,Não
8444402955154,"RUA BRASIL, N. 885, Apto 202, 2 PAV",CENTRO,"Apartamento, 61.84 de área total, 51.61 de área privativa, 0.00 de área do terreno,  1 qto(s), WC, 1 sala(s), cozinha.",116275.4,110000.0,0.0,Leilão SFI - Edital Único,,SAO LEOPOLDO,RS,Não
8444428544461,"RUA TENENTE CORONEL FREDERICO MESQUITA, N. 265, PARTE DO LT 09 QD 1598",ARROIO DA MANTEIGA,"Casa, 42.25 de área total, 42.25 de área privativa, 150.00 de área do terreno,  2 qto(s), a.serv, WC, 1 sala(s), cozinha, 1 vaga(s) de garagem.",200000.0,189000.0,0.0,Leilão SFI - Edital Único,,SAO LEOPOLDO,RS,Não
8787719201512,"AVENIDA LIONS SCHARLAU, N. 131, Apto 403, BL 20 VG 296",SANTOS DUMONT,"Apartamento, 82.74 de área total, 40.82 de área privativa, 0.00 de área do terreno,  2 qto(s), WC, 1 sala(s), cozinha, 1 vaga(s) de garagem.",192664.37,180000.0,0.0,Leilão SFI - Edital Único,,SAO LEOPOLDO,RS,Não
8444436549183,"RUA CORONEL BORDINI, N. 1151, Apto 304, BL 09 ANDAR 02 PAV 03 VG 170",SANTO ANDRE,"Apartamento, 89.92 de área total, 40.23 de área privativa, 0.00 de área do terreno,  2 qto(s), WC, 1 sala(s), cozinha, 1 vaga(s) de garagem.",220420.7,205000.0,0.0,Leilão SFI - Edital Único,,SAO LEOPOLDO,RS,Não
8787713408093,"RUA ANGOLA, N. 110, Apto 504, TORRE B",FEITORIA,"Apartamento, 62.43 de área total, 44.36 de área privativa, 0.00 de área do terreno,  2 qto(s), WC, 1 sala(s), cozinha.",178299.8,165000.0,0.0,Leilão SFI - Edital Único,,SAO LEOPOLDO,RS,Não
8444431176079,"RUA RICARDO JOAO MERKER, N. 44, Apto 504, BL 36",SANTOS DUMONT,"Apartamento, 81.28 de área total, 41.19 de área privativa, 0.00 de área do terreno,  2 qto(s), WC, 1 sala(s), cozinha.",145830.94,134000.0,0.0,Leilão SFI - Edital Único,,SAO LEOPOLDO,RS,Não
8787710372055,"RUA ANGOLA, N. 110, Apto 309, TORRE C PAV 03",FEITORIA,"Apartamento, 62.43 de área total, 44.36 de área privativa, 0.00 de área do terreno,  2 qto(s), WC, 1 sala(s), cozinha.",160639.11,147000.0,0.0,Leilão SFI - Edital Único,,SAO LEOPOLDO,RS,Não
8787716802930,"RUA ANGOLA, N. 110, Apto AP 31, TR E",FEITORIA,"Apartamento, 64.70 de área total, 45.98 de área privativa, 0.00 de área do terreno,  2 qto(s), WC, 1 sala(s), cozinha.",189982.36,172218.15,0.0,Leilão SFI - Edital Único,,SAO LEOPOLDO,RS,Não
8444416389563,"RUA INSTITUTO LENON JOEL, N. 50,",SAO MIGUEL,"Casa, 39.68 de área total, 39.68 de área privativa, 160.00 de área do terreno,  2 qto(s), WC, 1 sala(s), cozinha.",144660.95,131000.0,0.0,Leilão SFI - Edital Único,,SAO LEOPOLDO,RS,Não
8444439117675,"RUA RICARDO JOAO MERKER, N. 44, Apto 301, BL 27",SANTOS DUMONT,"Apartamento, 81.29 de área total, 41.19 de área privativa, 0.00 de área do terreno,  2 qto(s), WC, 1 sala(s), cozinha.",166976.4,148000.0,0.0,Leilão SFI - Edital Único,,SAO LEOPOLDO,RS,Não
8787716440788,"AVENIDA LIONS SCHARLAU, N. 131, Apto 203, BLOCO 08 VAGA 350",SANTOS DUMONT,"Apartamento, 82.74 de área total, 40.82 de área privativa, 0.00 de área do terreno,  2 qto(s), WC, 1 sala(s), cozinha, 1 vaga(s) de garagem.",195522.27,171000.0,0.0,Leilão SFI - Edital Único,,SAO LEOPOLDO,RS,Não
8787706229189,"RUA ANGOLA, N. 99, CS 17",FEITORIA,"Casa, 0.00 de área total, 45.58 de área privativa, 61.02 de área do terreno,  2 qto(s), WC, 1 sala(s), cozinha.",208200.0,180000.0,0.0,Leilão SFI - Edital Único,,SAO LEOPOLDO,RS,Não
8444428235426,"AVENIDA TOMAZ EDISON, N. 3500, Apto 402, BL 32",SAO MIGUEL,"Apartamento, 0.00 de área total, 42.64 de área privativa, 0.00 de área do terreno,  2 qto(s), WC, 1 sala(s), cozinha, 1 vaga(s) de garagem.",166594.3,143000.0,0.0,Leilão SFI - Edital Único,,SAO LEOPOLDO,RS,Não
1444420601298,"RUA MECA, N. 320, LT 06 QD 01",ARROIO DA MANTEIGA,"Casa, 139.60 de área total, 119.60 de área privativa, 330.00 de área do terreno,  3 qto(s), a.serv, WC, 1 sala(s), cozinha.",616027.5,528000.0,0.0,Leilão SFI - Edital Único,,SAO LEOPOLDO,RS,Não
8787719205950,"AVENIDA LIONS SCHARLAU, N. 131, Apto 404, BLOCO 03 VAGA 83",SANTOS DUMONT,"Apartamento, 82.74 de área total, 40.82 de área privativa, 0.00 de área do terreno,  2 qto(s), WC, 1 sala(s), cozinha, 1 vaga(s) de garagem.",202338.62,172000.0,0.0,Leilão SFI - Edital Único,,SAO LEOPOLDO,RS,Não
8787717144740,"AVENIDA LIONS SCHARLAU, N. 131, Apto 303, BL 11 VG 127",SANTOS DUMONT,"Apartamento, 82.74 de área total, 40.82 de área privativa, 0.00 de área do terreno,  2 qto(s), WC, 1 sala(s), cozinha, 1 vaga(s) de garagem.",194358.11,165000.0,0.0,Leilão SFI - Edital Único,,SAO LEOPOLDO,RS,Não
8787717090624,"AVENIDA LIONS SCHARLAU, N. 131, Apto AP 50, BL 20",SANTOS DUMONT,"Apartamento, 82.74 de área total, 40.82 de área privativa, 0.00 de área do terreno,  2 qto(s), WC, 1 sala(s), cozinha, 1 vaga(s) de garagem.",191498.3,160000.0,0.0,Leilão SFI - Edital Único,,SAO LEOPOLDO,RS,Não
8787720499147,"AVENIDA LIONS SCHARLAU, N. 131, Apto 201, BL 21 VG 169",SANTOS DUMONT,"Apartamento, 82.74 de área total, 40.82 de área privativa, 0.00 de área do terreno,  2 qto(s), WC, 1 sala(s), cozinha, 1 vaga(s) de garagem.",214040.79,175000.0,0.0,Leilão SFI - Edital Único,,SAO LEOPOLDO,RS,Não
8787720419283,"AVENIDA LIONS SCHARLAU, N. 131, Apto 201, BL 17 VG 205",SANTOS DUMONT,"Apartamento, 82.74 de área total, 40.82 de área privativa, 0.00 de área do terreno,  2 qto(s), WC, 1 sala(s), cozinha, 1 vaga(s) de garagem.",214480.69,175000.0,0.0,Leilão SFI - Edital Único,,SAO LEOPOLDO,RS,Não
8787716835413,"AVENIDA LIONS SCHARLAU, N. 131, Apto 403, BL 11",SANTOS DUMONT,"Apartamento, 82.74 de área total, 40.82 de área privativa, 0.00 de área do terreno,  2 qto(s), WC, 1 sala(s), cozinha, 1 vaga(s) de garagem.",192106.9,154000.0,0.0,Leilão SFI - Edital Único,,SAO LEOPOLDO,RS,Não
8787719448348,"AVENIDA LIONS SCHARLAU, N. 131, Apto 304, BL 05 VG 100",SANTOS DUMONT,"Apartamento, 82.74 de área total, 40.82 de área privativa, 0.00 de área do terreno,  2 qto(s), WC, 1 sala(s), cozinha, 1 vaga(s) de garagem.",202489.09,159000.0,0.0,Leilão SFI - Edital Único,,SAO LEOPOLDO,RS,Não
8444429764201,"TRAVESSA TOMAS ANTONIO GONZAGA, N. 150, Apto AP 43, BL H",DUQUE DE CAXIAS,"Apartamento, 0.00 de área total, 42.76 de área privativa, 0.00 de área do terreno,  2 qto(s), WC, 1 sala(s), cozinha.",185000.0,145000.0,0.0,Leilão SFI - Edital Único,,SAO LEOPOLDO,RS,Não
8787716546632,"AVENIDA LIONS SCHARLAU, N. 131, Apto 104, BL 11 VG 120",SANTOS DUMONT,"Apartamento, 82.74 de área total, 40.82 de área privativa, 0.00 de área do terreno,  2 qto(s), WC, 1 sala(s), cozinha, 1 vaga(s) de garagem.",192365.09,148500.0,0.0,Leilão SFI - Edital Único,,SAO LEOPOLDO,RS,Não
1444419393156,"RUA BRASIL, N. 1570, Apto 101, SUBBL 6B  BL 6  D3",SAO MIGUEL,"Apartamento, 72.46 de área total, 64.96 de área privativa, 0.00 de área do terreno,  3 qto(s), a.serv, WC, 1 sala(s), cozinha.",239260.48,161000.0,0.0,Leilão SFI - Edital Único,,SAO LEOPOLDO,RS,Não
8444410600211,"AVENIDA FEITORIA, N. 5518, Apto 201, BL N",FEITORIA,"Apartamento, 61.14 de área total, 54.09 de área privativa, 0.00 de área do terreno,  2 qto(s), WC, 1 sala(s), cozinha, 1 vaga(s) de garagem.",250000.0,167000.0,0.0,Leilão SFI - Edital Único,,SAO LEOPOLDO,RS,Não
8444434799166,"RUA WALTER ROST, N. SN, PARTE LT 08 QD A",CAMPESTRE,"Terreno, 0.00 de área total, 0.00 de área privativa, 160.48 de área do terreno.",231795.72,105000.0,0.0,Leilão SFI - Edital Único,,SAO LEOPOLDO,RS,Não
10258767,"RUA CORONEL ALFREDO BORN, N. 260, Apto 02",CENTRO,"Apartamento, 0.00 de área total, 224.26 de área privativa, 0.00 de área do terreno.",1150000.0,850000.0,0.0,Leilão SFI - Edital Único,,SAO LOURENCO DO SUL,RS,Sim
8444411709748,"TRAVESSA WALTER KURT BALLE, N. SN, QUADRA 115",BAIRRO PAZ,"Terreno, 0.00 de área total, 0.00 de área privativa, 313.50 de área do terreno.",39384.83,65000.0,39.41,Venda Direta Online,,SAO LUIZ GONZAGA,RS,Não
8444416356240,"RUA HENRIQUE MAXIMIL COELHO NETO, N. 196, LOTE 14 QD 142",SAO PEDRO DO SUL,"Casa, 0.00 de área total, 40.39 de área privativa, 229.85 de área do terreno.",72916.61,145000.0,49.72,Venda Direta Online,,SAO PEDRO DO SUL,RS,Sim
8444415063923,"RUA JOSÉ DRUZIAN BOLZAN, N. 60, LOTE 012 QUADRA 071",CENTRO,"Casa, 47.20 de área total, 47.20 de área privativa, 250.00 de área do terreno,  1 qto(s), WC, cozinha, 1 vaga(s) de garagem.",112728.68,162000.0,30.42,Leilão SFI - Edital Único,,SAO SEPE,RS,Não
8444416240365,"RUA CAPITAO ELAUTERIO GONÇALVES, N. 2022, LT 19 QD 000D",LOT DUDU CONSTRUÇÕES,"Casa, 37.70 de área total, 37.70 de área privativa, 263.51 de área do terreno,  1 qto(s).",139000.0,139000.0,0.0,Leilão SFI - Edital Único,,SAO SEPE,RS,Não
8444426494742,"RUA I, N. SN, LT 02 QD 130N",SAO LUIZ,"Terreno, 0.00 de área total, 0.00 de área privativa, 300.00 de área do terreno.",93037.35,157000.0,40.75,Licitação Aberta,,SAPIRANGA,RS,Não
8444422250857,"RUA DAVID MACHADO, N. SN, Apto 408, BL 29, SETOR 04G68",COHAB,"Apartamento, 0.00 de área total, 38.64 de área privativa, 0.00 de área do terreno,  2 qto(s), WC, 1 sala(s), cozinha.",38572.75,118000.0,67.32,Venda Direta Online,,SAPUCAIA DO SUL,RS,Não
8444414692900,"RUA MATHEUS RIBEIRO, N. S/N, Apto 405, BL 16",COHAB,"Apartamento, 0.00 de área total, 28.14 de área privativa, 0.00 de área do terreno,  2 qto(s), a.serv, WC, 1 sala(s), cozinha.",29726.86,90000.0,66.98,Venda Direta Online,,SAPUCAIA DO SUL,RS,Não
8444415796335,"RUA MATHEUS RIBEIRO, N. 0, Apto 401, BL 13  QD ALFA",COHAB,"Apartamento, 0.00 de área total, 38.70 de área privativa, 0.00 de área do terreno,  2 qto(s), WC, 1 sala(s), cozinha.",36364.39,90000.0,59.6,Venda Direta Online,,SAPUCAIA DO SUL,RS,Não
8444405870753,"RUA MATHEUS RIBEIRO, N. SN, Apto 103, BL 13",COHAB,"Apartamento, 0.00 de área total, 38.70 de área privativa, 0.00 de área do terreno,  2 qto(s), WC, 1 sala(s), cozinha, Terraco.",41947.2,103000.0,59.28,Venda Direta Online,,SAPUCAIA DO SUL,RS,Não
8444423401018,"RUA CELESTE CATTO, N. SN, Apto 408, BL 37 LT 06 QD 01 SETOR 04G78",COHAB,"Apartamento, 0.00 de área total, 38.64 de área privativa, 0.00 de área do terreno.",44873.81,95900.0,53.21,Venda Direta Online,,SAPUCAIA DO SUL,RS,Não
8444408925931,"RUA ENI CAMARGO ALVES, N. SN, LT 23 QD 15 SETOR 04H47",VARGAS,"Casa, 36.96 de área total, 36.96 de área privativa, 156.76 de área do terreno,  1 qto(s), WC, 1 sala(s), cozinha.",69424.44,142000.0,51.11,Venda Direta Online,,SAPUCAIA DO SUL,RS,Sim
8444416176624,"RUA RODOLFO HICKMANN, N. SN, Apto 108, BL 02",COHAB,"Apartamento, 38.70 de área total, 38.70 de área privativa, 0.00 de área do terreno,  2 qto(s), WC, 1 sala(s), cozinha.",55037.21,108560.99,49.31,Venda Direta Online,,SAPUCAIA DO SUL,RS,Não
8444407851241,"RUA DAVID MACHADO, N. SN, Apto 104, BL 29",COHAB,"Apartamento, 36.75 de área total, 33.66 de área privativa, 0.00 de área do terreno,  1 qto(s), a.serv, WC, 1 sala(s), cozinha.",38627.42,75000.0,48.5,Venda Direta Online,,SAPUCAIA DO SUL,RS,Não
8444423099192,"RUA MATHEUS RIBEIRO, N. SN, Apto 104, BL 13",COHAB,"Apartamento, 36.75 de área total, 33.66 de área privativa, 0.00 de área do terreno,  2 qto(s), a.serv, WC, 1 sala(s), cozinha.",39657.48,77000.0,48.5,Venda Direta Online,,SAPUCAIA DO SUL,RS,Não
8444427898847,"RUA DAVID MACHADO, N. SN, Apto 207, BL 26",COHAB,"Apartamento, 42.18 de área total, 38.64 de área privativa, 0.00 de área do terreno,  2 qto(s), WC, 1 sala(s), cozinha.",56922.3,110000.0,48.26,Venda Online,,SAPUCAIA DO SUL,RS,Não
8444426570929,"ESTRADA FEDERAL BR-116 KM 21, N. S/N, Apto 305, BLOCO 41",COHAB,"Apartamento, 30.98 de área total, 28.38 de área privativa, 0.00 de área do terreno,  1 qto(s), WC, 1 sala(s), cozinha.",42871.2,82000.0,47.72,Venda Direta Online,,SAPUCAIA DO SUL,RS,Não
8444432178857,"AVENIDA CORONEL THEODOMIRO PORTO DA FONS, N. 2435, Apto 551, BL 5 LT 22 QD 1 SETOR 04H51",IPIRANGA,"Apartamento, 47.20 de área total, 42.54 de área privativa, 0.00 de área do terreno,  2 qto(s), WC, 1 sala(s), cozinha.",85511.4,156000.0,45.19,Venda Direta Online,,SAPUCAIA DO SUL,RS,Sim
8444425488714,"R DAVID MACHADO, N. S/N, Apto 204, BL 32",COHAB,"Apartamento, 42.18 de área total, 38.64 de área privativa, 0.00 de área do terreno,  2 qto(s), WC, 1 sala(s), cozinha.",71654.14,125000.0,42.68,Venda Direta Online,,SAPUCAIA DO SUL,RS,Sim
8444409451569,"RUA DAVID MACHADO, N. SN, Apto 305, BL 26",COHAB,"Apartamento, 30.98 de área total, 28.38 de área privativa, 0.00 de área do terreno,  1 qto(s), WC, 1 sala(s), cozinha.",42596.2,74000.0,42.44,Venda Direta Online,,SAPUCAIA DO SUL,RS,Não
8444424639727,"R DAVID MACHADO, N. S/N, Apto 105, BL 26",COHAB,"Apartamento, 30.99 de área total, 28.38 de área privativa, 0.00 de área do terreno,  1 qto(s), WC, 1 sala(s), cozinha.",47053.76,81000.0,41.91,Venda Direta Online,,SAPUCAIA DO SUL,RS,Não
8787707045197,"AVENIDA JUSTINO CAMBOIM, N. 1049, Apto 104, BL 09 BOX 81",CAMBOIM,"Apartamento, 82.89 de área total, 39.62 de área privativa, 0.00 de área do terreno,  2 qto(s), a.serv, WC, 1 sala(s), cozinha, 1 vaga(s) de garagem.",87819.45,150000.0,41.46,Licitação Aberta,,SAPUCAIA DO SUL,RS,Não
8555534774302,"AVENIDA LUCIO BITTENCOURT, N. 1410, Apto 303, PAV 3",BAIRRO KURASHIKI,"Apartamento, 0.00 de área total, 50.15 de área privativa, 0.00 de área do terreno, 1 vaga(s) de garagem.",104296.65,176000.0,40.75,Licitação Aberta,,SAPUCAIA DO SUL,RS,Não
8555518648900,"RUA H32 H32 1181, N. 417, Apto 202, BL22",PASQUALINI,"Apartamento, 0.00 de área total, 38.81 de área privativa, 0.00 de área do terreno,  2 qto(s), a.serv, WC, 1 sala(s), cozinha.",96480.42,162810.16,40.75,Venda Online,,SAPUCAIA DO SUL,RS,Sim
8787711654720,"AVENIDA AMERICO VESPUCIO, N. 471, Apto 23, BL N PAV 2",NOVA SAPUCAIA,"Apartamento, 47.44 de área total, 54.17 de área privativa, 0.00 de área do terreno,  2 qto(s), a.serv, WC, 1 sala(s), cozinha, 1 vaga(s) de garagem.",95342.55,160890.0,40.75,Licitação Aberta,,SAPUCAIA DO SUL,RS,Não
8787706404851,"RUA PEJUCARA, N. 36, Apto 206, TORRE A FIGUEIRA 1 ANDAR OU 2 PAV VG 2",IPIRANGA,"Apartamento, 62.36 de área total, 45.35 de área privativa, 0.00 de área do terreno,  2 qto(s), WC, 1 sala(s), cozinha, 1 vaga(s) de garagem.",98963.3,167000.0,40.75,Venda Online,,SAPUCAIA DO SUL,RS,Sim
8444405745355,"RUA DONA ERNESTINA, N. 417, Apto 504, BL 13",PASQUALINI,"Apartamento, 75.25 de área total, 38.81 de área privativa, 0.00 de área do terreno,  2 qto(s), WC, 1 sala(s), cozinha.",88518.56,145000.0,38.96,Venda Online,,SAPUCAIA DO SUL,RS,Não
8444408916452,"RUA DONA ERNESTINA, N. 417, Apto 502, BL 09 LT 01 QD 12",PASQUALINI,"Apartamento, 75.25 de área total, 38.81 de área privativa, 0.00 de área do terreno,  2 qto(s), WC, 1 sala(s), cozinha.",92181.39,151000.0,38.96,Venda Online,,SAPUCAIA DO SUL,RS,Sim
8444406923770,"RUA H32-H31-1181, N. 417, Apto 501, BL 13",PASQUALINI,"Apartamento, 75.25 de área total, 38.81 de área privativa, 0.00 de área do terreno,  2 qto(s), a.serv, WC, 1 sala(s), cozinha.",98816.7,160000.0,38.24,Venda Direta Online,,SAPUCAIA DO SUL,RS,Sim
8444413872093,"RUA DONA ERNESTINA, N. 417, Apto 501, BL 06,",PASQUALINI,"Apartamento, 75.25 de área total, 38.81 de área privativa, 0.00 de área do terreno,  2 qto(s), WC, 1 sala(s), cozinha.",103757.54,168000.0,38.24,Venda Direta Online,,SAPUCAIA DO SUL,RS,Sim
8444408637308,"RUA DONA ERNESTINA, N. 417, Apto 403, BLOCO 14",PASQUALINI,"Apartamento, 0.00 de área total, 38.81 de área privativa, 0.00 de área do terreno,  2 qto(s), WC, 1 sala(s), cozinha, 1 vaga(s) de garagem.",128000.0,128000.0,0.0,Leilão SFI - Edital Único,,SAPUCAIA DO SUL,RS,Não
8444432574655,"AVENIDA AMERICO VESPUCIO, N. 591, Apto 336, BL 3 3 PAV",NOVA SAPUCAIA,"Apartamento, 48.02 de área total, 44.05 de área privativa, 0.00 de área do terreno,  2 qto(s), WC, 1 sala(s), cozinha.",170000.0,170000.0,0.0,Leilão SFI - Edital Único,,SAPUCAIA DO SUL,RS,Não
8555527473467,"AVENIDA LUCIO BITTENCOURT, N. 1410, Apto 306, BL 02 VG 460",KURASHIKI,"Apartamento, 68.74 de área total, 47.05 de área privativa, 0.00 de área do terreno,  2 qto(s), WC, 1 sala(s), cozinha, 1 vaga(s) de garagem.",195000.0,195000.0,0.0,Leilão SFI - Edital Único,,SAPUCAIA DO SUL,RS,Não
1444412587443,"RUA PROFESSORA ELENORA CORREA, N. 95, CASA 2",IPIRANGA,"Casa, 0.00 de área total, 52.48 de área privativa, 80.00 de área do terreno.",235000.0,235000.0,0.0,Leilão SFI - Edital Único,,SAPUCAIA DO SUL,RS,Não
8787701005134,"RUA IRMA EDVIGES, N. 816, Apto 42  A,",IPIRANGA,"Apartamento, 66.13 de área total, 60.64 de área privativa, 0.00 de área do terreno,  2 qto(s), a.serv, 1 sala(s), cozinha, 1 vaga(s) de garagem.",207500.0,207500.0,0.0,Leilão SFI - Edital Único,,SAPUCAIA DO SUL,RS,Não
1444418491065,"RUA HUGO LIMA, N. 326, LT 08 QD 04",COHAB,"Casa, 130.91 de área total, 130.91 de área privativa, 250.00 de área do terreno,  2 qto(s), WC, 1 sala(s), cozinha, 1 vaga(s) de garagem.",452146.3,452146.3,0.0,Leilão SFI - Edital Único,,SAPUCAIA DO SUL,RS,Não
8444406190713,"BR116 KM 21, N. SN, Apto 104, BL 48 LT 4 QD 3 ST 04G78",COHAB,"Apartamento, 36.75 de área total, 33.66 de área privativa, 0.00 de área do terreno,  2 qto(s), WC, 1 sala(s), cozinha.",80000.0,80000.0,0.0,Leilão SFI - Edital Único,,SAPUCAIA DO SUL,RS,Não
10306257,"RUA CAMPOS SALES, N. 138, STR 04G75, QD V, LT 04, QD 24 MAPA GER",DIHEL,"Comercial, 0.00 de área total, 179.64 de área privativa, 283.50 de área do terreno.",408000.0,408000.0,0.0,Leilão SFI - Edital Único,,SAPUCAIA DO SUL,RS,Não
8444415293651,"RUA LUIZA CLARINDA THIESEN, N. 32, CASA 03",LOMBA DA PALMEIRA,"Casa, 45.56 de área total, 45.56 de área privativa, 64.55 de área do terreno,  2 qto(s), WC, 1 sala(s), cozinha.",185000.0,185000.0,0.0,Leilão SFI - Edital Único,,SAPUCAIA DO SUL,RS,Não
8555526967849,"AVENIDA JUSTINO CAMBOIM, N. 2765, CS 01 LOT RECANTO JARDINS II",LOMBA DA PALMEIRA,"Casa, 55.40 de área total, 40.40 de área privativa, 154.00 de área do terreno,  2 qto(s), 1 vaga(s) de garagem.",237506.47,237506.47,0.0,Leilão SFI - Edital Único,,SAPUCAIA DO SUL,RS,Não
8787700367245,"RUA IRMA EDVIGES, N. 816, Apto 12, BL D",LOMBA DA PALMEIRA,"Apartamento, 80.11 de área total, 74.47 de área privativa, 0.00 de área do terreno,  2 qto(s), a.serv, WC, 1 sala(s), cozinha, 1 vaga(s) de garagem.",269911.0,269911.0,0.0,Leilão SFI - Edital Único,,SAPUCAIA DO SUL,RS,Não
8787700809728,"RUA IRMA EDVIGES, N. 816, Apto 53, BL D ANDAR 04 PAV 05 VG 217",LOMBA DA PALMEIRA,"Apartamento, 66.14 de área total, 60.64 de área privativa, 0.00 de área do terreno,  2 qto(s), WC, 1 sala(s), cozinha, 1 vaga(s) de garagem.",160000.0,160000.0,0.0,Leilão SFI - Edital Único,,SAPUCAIA DO SUL,RS,Não
8555529520977,"AVENIDA LUCIO BITTENCOURT, N. 1410, Apto 105,  BLOCO 01",CENTRO,"Apartamento, 72.18 de área total, 49.94 de área privativa, 0.00 de área do terreno,  2 qto(s), WC, 1 sala(s), cozinha, 1 vaga(s) de garagem.",158859.14,158500.0,0.0,Leilão SFI - Edital Único,,SAPUCAIA DO SUL,RS,Não
8444422871410,"RUA IRMA EDVIGES, N. 816, Apto 12, BL J LOT JD AMERICA",IPIRANGA,"Apartamento, 82.91 de área total, 77.23 de área privativa, 0.00 de área do terreno,  2 qto(s), WC, 1 sala(s), cozinha, 1 vaga(s) de garagem.",169086.59,167000.0,0.0,Leilão SFI - Edital Único,,SAPUCAIA DO SUL,RS,Não
8444412824990,"RUA DAVID MACHADO, N. SN, Apto 406, BL 28",COHAB,"Apartamento, 42.18 de área total, 38.64 de área privativa, 0.00 de área do terreno,  2 qto(s), WC, 1 sala(s), cozinha.",105810.0,100000.0,0.0,Leilão SFI - Edital Único,,SAPUCAIA DO SUL,RS,Não
8444433551926,"RUA DONA ERNESTINA, N. SN, Apto 503, BL 18 LT 1 SBLT 3 QD 12 ST 04H32",PASQUALINI,"Apartamento, 75.25 de área total, 38.81 de área privativa, 0.00 de área do terreno,  2 qto(s), WC, 1 sala(s), cozinha.",160123.18,150000.0,0.0,Leilão SFI - Edital Único,,SAPUCAIA DO SUL,RS,Não
8787713768847,"AVENIDA AMERICO VESPUCIO, N. 471, Apto 44, BL J ANDAR 03 PAV 04 VG 278",NOVA SAPUCAIA,"Apartamento, 58.96 de área total, 42.65 de área privativa, 0.00 de área do terreno,  2 qto(s), WC, 1 sala(s), cozinha, 1 vaga(s) de garagem.",161174.28,148000.0,0.0,Leilão SFI - Edital Único,,SAPUCAIA DO SUL,RS,Não
8787709937788,"RUA PEJUCARA, N. 66, Apto 206, TORRE A  PAINEIRA  LT 1 QD 20",BOA VISTA,"Apartamento, 62.36 de área total, 45.35 de área privativa, 0.00 de área do terreno,  2 qto(s), WC, 1 sala(s), cozinha, 1 vaga(s) de garagem.",154000.0,132000.0,0.0,Leilão SFI - Edital Único,,SAPUCAIA DO SUL,RS,Não
8555506485733,"AVENIDA SANTA GEMA, N. 11, CS 01",LT SANTA GEMA,"Casa, 59.24 de área total, 59.24 de área privativa, 97.86 de área do terreno,  2 qto(s), a.serv, WC, 1 sala(s), cozinha.",75305.5,130000.0,42.08,Licitação Aberta,,SARANDI,RS,Não
1444416143310,"R COSMO FAVRETTO, N. 1360, LOTE 6, 8 E 10",CENTRO,"Casa, 330.14 de área total, 330.14 de área privativa, 1020.00 de área do terreno,  5 qto(s), a.serv, WC, WC Emp, 3 sala(s), cozinha.",799574.52,1254600.0,36.27,Venda Direta Online,,SARANDI,RS,Sim
10210455,"RUA CEZAR PICCOLI, N. 191, QD F, LT 01",INDUSTRIAL SALETE,"Loja, 0.00 de área total, 149.90 de área privativa, 359.90 de área do terreno.",380784.99,831500.0,54.21,Venda Direta Online,,SERAFINA CORREA,RS,Não
8444428509429,"RUA PADRE ROBERTO CIOTOLA, N. 1180, SOBRADO 02 LT 01 QD E",LOT CALGARO,"Casa, 52.72 de área total, 52.72 de área privativa, 95.12 de área do terreno,  2 qto(s), a.serv, WC, 1 sala(s), cozinha, 1 vaga(s) de garagem.",226370.05,222000.0,0.0,Leilão SFI - Edital Único,,SERAFINA CORREA,RS,Não
10224695,"RUA DOS PIONEIROS (ANTIGA RUA A), N. 220, LT 12",Industrial,"Galpão, 0.00 de área total, 870.54 de área privativa, 2940.28 de área do terreno.",843007.49,1430000.0,41.05,Venda Direta Online,,SOBRADINHO,RS,Não
1444419637233,"RUA GUILHERME TELO, N. 0, QD184, LOTE 1-A",BAIRRO FARROUPILHA,"Terreno, 0.00 de área total, 0.00 de área privativa, 375.00 de área do terreno.",57509.99,115000.0,50.0,Venda Direta Online,,SOLEDADE,RS,Não
8444412475058,"RUA CENTO E QUINZE, N. 305, LOTE 11, QUADRA 40, ZONA E",LOT HAUMPENTHAL,"Casa, 59.17 de área total, 59.17 de área privativa, 191.25 de área do terreno,  2 qto(s), a.serv, WC, 1 sala(s), cozinha.",129000.0,215000.0,40.0,Leilão SFI - Edital Único,,TAPERA,RS,Não
8444429405902,"RUA MIRAGUAI, N. 796, LT 90 QD E ANTIGA RUA 5",EMPRESA,"Casa, 53.63 de área total, 41.63 de área privativa, 267.00 de área do terreno,  2 qto(s), WC, 1 sala(s), cozinha.",81672.09,155000.0,47.31,Venda Online,,TAQUARA,RS,Não
1444418687768,"RUA INACIO FELISBERTO MAGNUS, N. SN, SUB COND 06 UN AUT 01 QD F05",SALINAS,"Terreno, 0.00 de área total, 0.00 de área privativa, 0.00 de área do terreno.",226246.58,355000.0,36.27,Licitação Aberta,,TORRES,RS,Não
10208580,"RUA SÃO JORGE (ANTIGA A-15), N. 231, QD N-16, LT 28",BALNEARIO OASIS SUL,"Casa, 0.00 de área total, 180.00 de área privativa, 300.00 de área do terreno.",251337.93,445000.0,43.52,Venda Direta Online,,TRAMANDAI,RS,Não
8444434954552,"RUA JARDELINA IGNACIA CARDOSO, N. 214, LT 12, QD 63, ST 58,",INDIANOPOLIS,"Casa, 82.12 de área total, 82.12 de área privativa, 222.75 de área do terreno,  3 qto(s), a.serv, WC, 1 sala(s), cozinha, 1 vaga(s) de garagem.",97778.11,165000.0,40.75,Venda Online,,TRAMANDAI,RS,Não
8444415696284,"RUA DOMINGOS DE MORAES, N. 1568, CS 02 QD 272 LT 32",ZONA NOVA SUL,"Casa, 58.90 de área total, 58.90 de área privativa, 386.00 de área do terreno,  2 qto(s), a.serv, WC, 1 sala(s), cozinha.",138473.13,220000.0,37.06,Licitação Aberta,,TRAMANDAI,RS,Não
1444406711529,"AVENIDA FERNANDO AMARAL, N. 1000, Apto 1001, LT 02 QD 05",CENTRO,"Apartamento, 248.77 de área total, 161.78 de área privativa, 0.00 de área do terreno,  3 qto(s).",331403.44,520000.0,36.27,Licitação Aberta,,TRAMANDAI,RS,Sim
1444411456183,"RUA SETE DE SETEMBRO, N. 2602, CASA 2 LT 19 QD 73",ZONA NOVA,"Casa, 88.50 de área total, 82.60 de área privativa, 88.50 de área do terreno,  2 qto(s), a.serv, WC, 1 sala(s), 1 lavabo(s), cozinha, 1 vaga(s) de garagem.",314833.26,494000.0,36.27,Venda Direta Online,,TRAMANDAI,RS,Sim
1444412107115,"RUA RORAIMA, N. SN, LOTE N7 QD22",BALN NOVA TRAMANDAI,"Terreno, 0.00 de área total, 0.00 de área privativa, 150.00 de área do terreno.",70000.0,70000.0,0.0,Leilão SFI - Edital Único,,TRAMANDAI,RS,Não
10284144,"AVENIDA PROTASIO ALVES (ESQ R.PINHEIRO MACHADO), N. 3299, QD 20, LTS 18 E 19",ZONA NOVA,"Casa, 0.00 de área total, 481.46 de área privativa, 975.00 de área do terreno,  7 qto(s), varanda, a.serv, WC, 2 sala(s), DCE, cozinha, 2 vaga(s) de garagem.",2865000.0,2865000.0,0.0,Leilão SFI - Edital Único,,TRAMANDAI,RS,Não
1444419824564,"RUA 15, N. SN, LOTE 557 QUADRA 35",EMBOABA,"Terreno, 0.00 de área total, 0.00 de área privativa, 340.00 de área do terreno.",209803.7,119000.0,0.0,Leilão SFI - Edital Único,,TRAMANDAI,RS,Não
1555508152679,"RUA GASPAR SILVEIRA MARTINS, N. 395, Apto 103, LT 3A QD 211",Loteam. Leindecker,"Apartamento, 0.00 de área total, 82.74 de área privativa, 0.00 de área do terreno, 1 vaga(s) de garagem.",248552.58,390000.0,36.27,Licitação Aberta,,TRES PASSOS,RS,Não
1555525307685,"RUA  MANOEL OLVAVO DA ROSA, N. SN, LT 09 QD A",OLARIA,"Terreno, 0.00 de área total, 0.00 de área privativa, 361.83 de área do terreno.",47287.53,87000.0,45.65,Venda Direta Online,,TRIUNFO,RS,Não
8444407362275,"RUA DOUTOR GREGORIO BEHREGARAY FILHO, N. 4311,",CIDADE ALEGRIA,"Casa, 73.91 de área total, 73.91 de área privativa, 380.31 de área do terreno,  2 qto(s), a.serv, WC, 1 sala(s), cozinha.",103430.26,185000.0,44.1,Venda Online,,URUGUAIANA,RS,Sim
8444417729678,"RUA DOUTOR TASSO MAJOR DE OLIVEIRA, N. SN, LT 11 QD 05",SANTO INACIO,"Casa, 59.78 de área total, 59.78 de área privativa, 150.00 de área do terreno,  2 qto(s), WC, 1 sala(s), cozinha.",50944.77,88000.0,42.11,Venda Direta Online,,URUGUAIANA,RS,Não
8555511199930,"R ESTILAC LEAL, N. 1832, CS 3",ALEXANDRE ZACHIA,"Casa, 64.86 de área total, 64.86 de área privativa, 124.60 de área do terreno,  2 qto(s), WC, 1 sala(s), cozinha.",123753.66,210000.0,41.07,Venda Direta Online,,URUGUAIANA,RS,Sim
8444408673630,"RUA ESTILAC LEAL, N. 1450, Apto 101,  3495",SAO MIGUEL,"Apartamento, 80.97 de área total, 80.97 de área privativa, 0.00 de área do terreno,  3 qto(s), a.serv, WC, 1 sala(s), cozinha.",137806.28,228000.0,39.56,Venda Direta Online,,URUGUAIANA,RS,Sim
8444425449948,"RUA ALBERTINO PIRES, N. 4460, CS 67 RUA B",TABAJARA BRITES,"Casa, 84.17 de área total, 45.91 de área privativa, 129.93 de área do terreno,  1 qto(s), a.serv, WC, 1 sala(s), cozinha, 1 vaga(s) de garagem.",111816.5,185000.0,39.56,Venda Direta Online,,URUGUAIANA,RS,Sim
8787719769330,"RUA SANTOS DUMONT, N. 353, Apto 201, BL P BOX 72",CIDADE ALEGRIA,"Apartamento, 85.14 de área total, 47.21 de área privativa, 0.00 de área do terreno,  2 qto(s), WC, 1 sala(s), cozinha, 1 vaga(s) de garagem.",150014.6,245000.0,38.77,Licitação Aberta,,URUGUAIANA,RS,Não
8444423345029,"RUA DOUTOR MARCOS AZAMBUJA, N. 297, CASA 03, LT 06, QD 19",SANTO INACIO,"Casa, 79.59 de área total, 79.59 de área privativa, 79.78 de área do terreno,  2 qto(s), a.serv, WC, 1 sala(s), cozinha, 1 vaga(s) de garagem.",137843.7,219000.0,37.06,Venda Direta Online,,URUGUAIANA,RS,Sim
1444419612400,"RUA ALBERTINO PIRES, N. 4460, CS 47",TABAJARA BRITES,"Casa, 129.93 de área total, 45.91 de área privativa, 129.93 de área do terreno,  2 qto(s), WC, 1 sala(s), cozinha, 1 vaga(s) de garagem.",132178.89,210000.0,37.06,Venda Direta Online,,URUGUAIANA,RS,Não
8444407962558,"RUA CINCO, N. 401, LT 01 QD 05",LOT GUSTAVO IBARRA,"Casa, 56.00 de área total, 56.00 de área privativa, 235.00 de área do terreno,  2 qto(s), a.serv, WC, 1 sala(s), cozinha.",190000.0,190000.0,0.0,Leilão SFI - Edital Único,,URUGUAIANA,RS,Não
8444407362496,"RUA DOUTOR GREGORIO BEHREGARAY FILHO, N. 4323, 4323",CIDADE ALEGRIA,"Casa, 73.91 de área total, 73.91 de área privativa, 380.31 de área do terreno,  2 qto(s), a.serv, WC, 1 sala(s), cozinha.",193000.0,193000.0,0.0,Leilão SFI - Edital Único,,URUGUAIANA,RS,Não
8787713225274,"RUA SANTOS DUMONT, N. 353, Apto 402, BL F",CIDADE ALEGRIA,"Apartamento, 85.14 de área total, 47.21 de área privativa, 0.00 de área do terreno,  2 qto(s), WC, 1 sala(s), cozinha, 1 vaga(s) de garagem.",230000.0,230000.0,0.0,Leilão SFI - Edital Único,,URUGUAIANA,RS,Não
8787705207939,"RUA PREFEITO IRIS FERRARI VALLS, N. 3252, CASA 7B  PARTE DOS LTS 07 E 08 QD 236",NOVA ESPERANCA,"Casa, 82.70 de área total, 82.70 de área privativa, 69.72 de área do terreno,  2 qto(s), a.serv, WC, 1 sala(s), 1 lavabo(s), cozinha, 1 vaga(s) de garagem.",275000.0,275000.0,0.0,Leilão SFI - Edital Único,,URUGUAIANA,RS,Não
1444416687280,"RUA DOS JASMINS, N. 2175,",UNIAO DAS VILAS,"Casa, 116.82 de área total, 116.82 de área privativa, 188.00 de área do terreno,  2 qto(s), a.serv, WC, 1 sala(s), cozinha.",240000.0,240000.0,0.0,Leilão SFI - Edital Único,,URUGUAIANA,RS,Não
1444419745885,"RODOVIA BR472, N. SN, LT 17 QD 03",SALSO DE BAIXO,"Terreno, 0.00 de área total, 0.00 de área privativa, 1623.22 de área do terreno.",1070000.0,1070000.0,0.0,Leilão SFI - Edital Único,,URUGUAIANA,RS,Não
1444414849445,"RUA FELICIANO RIBEIRO, N. 2681, Apto AP 10,",SAO JOAO,"Apartamento, 108.48 de área total, 80.29 de área privativa, 0.00 de área do terreno,  2 qto(s), a.serv, WC, 1 sala(s), cozinha, 1 vaga(s) de garagem.",305546.56,290000.0,0.0,Leilão SFI - Edital Único,,URUGUAIANA,RS,Não
1787701578187,"RUA SANTOS DUMONT, N. 353, Apto 101, BL R PAV TERREO VG 81",CIDADE ALEGRIA,"Apartamento, 85.14 de área total, 47.21 de área privativa, 0.00 de área do terreno,  2 qto(s), WC, 1 sala(s), cozinha, Terraco, 1 vaga(s) de garagem.",267232.28,245000.0,0.0,Leilão SFI - Edital Único,,URUGUAIANA,RS,Não
1444417828473,"RUA PROFESSOR LUIZ ANTONIO LOPES, N. 1875, Apto 303, BL B 3° PAVIMENTO OU 2° ANDAR",SANTANA,"Apartamento, 77.70 de área total, 52.68 de área privativa, 0.00 de área do terreno,  2 qto(s), a.serv, WC, 1 sala(s), cozinha, 1 vaga(s) de garagem.",318756.89,290000.0,0.0,Leilão SFI - Edital Único,,URUGUAIANA,RS,Não
1444422425730,"RUA DOS LÍRIOS, N. SN, QD E LT 007",CENTRO,"Terreno, 170.10 de área total, 0.00 de área privativa, 372.00 de área do terreno, a.serv.",321206.41,504000.0,36.27,Venda Direta Online,,VALE DO SOL,RS,Não
8444438722478,"RUA SENADOR PINHEIRO MACHADO, N. 1685, Apto 304, BL 02  LT ADM 01 QD 725",AVIACAO,"Apartamento, 67.85 de área total, 50.79 de área privativa, 0.00 de área do terreno,  2 qto(s), WC, 1 sala(s), cozinha, 1 vaga(s) de garagem.",147507.26,130000.0,0.0,Leilão SFI - Edital Único,,VENANCIO AIRES,RS,Não
8444434887510,"RUA LINDON ELIAS PETRY, N. 53, LT 08  QD 265",LOT RES GRAMADO II,"Casa, 53.28 de área total, 53.28 de área privativa, 360.00 de área do terreno,  2 qto(s), a.serv, WC, 1 sala(s), cozinha, 1 vaga(s) de garagem.",246822.34,243000.0,0.0,Leilão SFI - Edital Único,,VERA CRUZ,RS,Não
1444401205676,"RUA ADRIANO FARINA, N. 549, LT 1246 QD 05 ZN 06",CENTRO,"Casa, 0.00 de área total, 170.50 de área privativa, 0.00 de área do terreno.",178448.0,280000.0,36.27,Licitação Aberta,,VERANOPOLIS,RS,Não
10211602,"RUA CAMPUS DA COLINA (ANTIGA RUA B), N. 190, QD D LT 30",SANTA ISABEL,"Casa, 0.00 de área total, 218.44 de área privativa, 300.00 de área do terreno, 1 vaga(s) de garagem.",181653.29,350000.0,48.1,Venda Direta Online,,VIAMAO,RS,Não
1444406709931,"AVENIDA LIBERDADE, N. 3500, SETOR SOL",SANTA ISABEL,"Terreno, 0.00 de área total, 0.00 de área privativa, 1047.07 de área do terreno.",228636.5,410000.0,44.24,Venda Direta Online,,VIAMAO,RS,Sim
1159120080399,"RUA TELMO GODOY PINTO, N. 837,",TARUMA,"Casa, 265.28 de área total, 199.54 de área privativa, 1000.37 de área do terreno,  4 qto(s), a.serv, WC, WC Emp, 2 sala(s), cozinha, 1 vaga(s) de garagem.",562111.2,980000.0,42.65,Venda Direta Online,,VIAMAO,RS,Sim
8787708845790,"RODOVIA TAPIR ROCHA(ANTIGAAV SENADOR SALGADO FILHO, N. 1820, Apto 402, BL 36 PAV 04",CECILIA,"Apartamento, 64.09 de área total, 40.82 de área privativa, 0.00 de área do terreno,  2 qto(s), WC, 1 sala(s), cozinha, 1 vaga(s) de garagem.",100741.08,170000.0,40.75,Licitação Aberta,,VIAMAO,RS,Não
8787718546028,"AVENIDA JOSE GARIBALDI, N. 1514, CS 68",ESTALAGEM,"Casa, 109.14 de área total, 78.00 de área privativa, 144.24 de área do terreno.",132366.56,219000.0,39.56,Venda Direta Online,,VIAMAO,RS,Não
8444435175514,"RUA VALTER DE AZEREDO, N. 200, Apto 505, BOX",CENTRO,"Apartamento, 69.07 de área total, 51.69 de área privativa, 0.00 de área do terreno,  2 qto(s), a.serv, WC, 1 sala(s), cozinha.",120882.7,200000.0,39.56,Licitação Aberta,,VIAMAO,RS,Não
1444401858033,"AV SENADOR SALGADO FILHO, N. 8450, UA  AC9 QD AC",QUERENCIA,"Casa, 0.00 de área total, 280.00 de área privativa, 330.00 de área do terreno,  3 qto(s), a.serv, WC, 1 sala(s), 1 lavabo(s), cozinha.",686924.21,1125000.0,38.95,Venda Direta Online,,VIAMAO,RS,Não
1444406664008,"AVENIDA LIBERDADE, N. 3500, ECO20 SETOR ÁGUA",SANTA ISABEL,"Terreno, 0.00 de área total, 0.00 de área privativa, 1037.50 de área do terreno.",130531.38,212700.0,38.64,Venda Direta Online,,VIAMAO,RS,Sim
1444412653896,"RUA PADRE REUS, N. 50, UNIDADE 12 QD 06",SAO TOME,"Casa, 0.00 de área total, 48.00 de área privativa, 303.55 de área do terreno,  2 qto(s), a.serv, WC, 1 sala(s), cozinha.",125884.66,200000.0,37.06,Licitação Aberta,,VIAMAO,RS,Não
8787702476114,"RUA PARANA, N. 226, Apto 402, 3 ANDAR",SANTA ISABEL,"Apartamento, 104.95 de área total, 44.84 de área privativa, 0.00 de área do terreno,  2 qto(s), WC, 1 sala(s), cozinha, 1 vaga(s) de garagem.",124625.81,198000.0,37.06,Licitação Aberta,,VIAMAO,RS,Não
8787701403318,"RUA PARANA, N. 226, Apto 401, TORRE 07",MORRO SANTANA,"Apartamento, 0.00 de área total, 43.88 de área privativa, 0.00 de área do terreno, 1 vaga(s) de garagem.",201493.57,201493.57,0.0,Leilão SFI - Edital Único,,VIAMAO,RS,Não
8787711497706,"RODOVIA TAPIR ROCHA, N. 1820, Apto 401, BL 44 VG 298",RINCAO DOS TELLES,"Apartamento, 74.66 de área total, 40.82 de área privativa, 0.00 de área do terreno,  2 qto(s), WC, 1 sala(s), cozinha, 1 vaga(s) de garagem.",180000.0,180000.0,0.0,Leilão SFI - Edital Único,,VIAMAO,RS,Não
8787709156620,"RUA ALCEBIADES AZEREDO DOS SANTOS, N. 1633, Apto 104,  TORRE 3",FIUZA,"Apartamento, 63.57 de área total, 44.65 de área privativa, 0.00 de área do terreno,  2 qto(s), WC, 1 sala(s), cozinha, 1 vaga(s) de garagem.",160000.0,160000.0,0.0,Leilão SFI - Edital Único,,VIAMAO,RS,Não
8787708945647,"RODOVIA TAPIR ROCHA, N. 1820, Apto 401, BL 35  BOX 269",CECILIA,"Apartamento, 74.66 de área total, 40.82 de área privativa, 0.00 de área do terreno,  2 qto(s), WC, 1 sala(s), cozinha, 1 vaga(s) de garagem.",170000.0,170000.0,0.0,Leilão SFI - Edital Único,,VIAMAO,RS,Não
8444424613442,"RUA PERO VAZ DE CAMINHA, N. 170, UN HAB 04 N 162 LT 01 02 03 QD 7A",TARUMA,"Casa, 52.70 de área total, 52.70 de área privativa, 50.23 de área do terreno,  2 qto(s), a.serv, WC, 1 sala(s), 1 lavabo(s), cozinha, 1 vaga(s) de garagem.",205000.0,205000.0,0.0,Leilão SFI - Edital Único,,VIAMAO,RS,Não
8444422167437,"RUA CANTEGRIL, N. 935, UNIDADE 08",QUERENCIA,"Casa, 60.48 de área total, 60.48 de área privativa, 66.89 de área do terreno,  2 qto(s), WC Emp, 1 sala(s), 1 lavabo(s), cozinha, Terraco.",191400.0,191400.0,0.0,Leilão SFI - Edital Único,,VIAMAO,RS,Não
8787712297913,"AVENIDA JOSE GARIBALDI, N. 1514, CASA 33",PASSO DO VIGARIO,"Casa, 75.21 de área total, 42.90 de área privativa, 75.21 de área do terreno,  2 qto(s), a.serv, WC, 1 sala(s), cozinha, 1 vaga(s) de garagem.",200377.08,188000.0,0.0,Leilão SFI - Edital Único,,VIAMAO,RS,Não
10286289,"ACESSO01, N. S/N, QD13, LT 37",CENTRO,"Casa, 0.00 de área total, 166.00 de área privativa, 277.67 de área do terreno.",1166922.48,1831000.0,36.27,Venda Direta Online,,XANGRI-LA,RS,Sim
1159500002063,"RUA B, N. SN, LT 12I QD I",PRAIA DE ATLANTIDA,"Casa, 0.00 de área total, 219.53 de área privativa, 678.94 de área do terreno.",1517840.83,1998000.0,24.04,Leilão SFI - Edital Único,,XANGRI-LA,RS,Não
