link,endereco,bairro,descricao,preco,avaliacao,desconto,modalidade,foto,cidade,estado,financiamento
8444402154143,"RUA SAO CRISTOVAO, N. 461, Apto 410, ED FUTURO",CENTRO,"Apartamento, 0.00 de área total, 42.84 de área privativa, 0.00 de área do terreno,  1 qto(s), varanda, WC, 1 sala(s), cozinha.",63615.36,137679.39,53.8,Venda Direta Online,,ARACAJU,SE,Não
8787701942928,"AVENIDA GENERAL EUCLIDES FIGUEIREDO, N. 3540, Apto 302, BL NANDINA",PORTO D'ANTAS,"Apartamento, 94.55 de área total, 43.55 de área privativa, 0.00 de área do terreno,  2 qto(s), a.serv, WC, 1 sala(s), cozinha.",76464.05,132000.0,42.08,Licitação Aberta,,ARACAJU,SE,Não
8787716571246,"AVENIDA GENERAL EUCLIDES FIGUEIREDO, N. 3661, Apto 104, BL FRESIA",PORTO D'ANTAS,"Apartamento, 98.10 de área total, 43.69 de área privativa, 0.00 de área do terreno,  2 qto(s), a.serv, WC, 1 sala(s), cozinha, 1 vaga(s) de garagem.",72988.41,126000.0,42.08,Licitação Aberta,,ARACAJU,SE,Não
8787715018250,"AVENIDA DOUTOR CARLOS RODRIGUES DA CRUZ, N. 445, Apto 402, BL 06",CAPUCHO,"Apartamento, 75.71 de área total, 40.83 de área privativa, 0.00 de área do terreno,  2 qto(s), a.serv, WC, 1 sala(s), cozinha, 1 vaga(s) de garagem.",106667.03,180000.0,40.75,Licitação Aberta,,ARACAJU,SE,Não
8555536426859,"RUA JOAO DE DEUS OLIVEIRA, N. 397, Apto 705, BL 03",JARDIM CENTENARIO,"Apartamento, 92.01 de área total, 65.21 de área privativa, 0.00 de área do terreno,  2 qto(s), a.serv, WC, 1 sala(s), cozinha.",120882.7,200000.0,39.56,Venda Online,,ARACAJU,SE,Não
1555538979725,"RUA DIVINA PASTORA, N. 865,",GETULIO VARGAS,"Casa, 345.00 de área total, 127.40 de área privativa, 127.40 de área do terreno,  3 qto(s), WC, 1 sala(s), cozinha.",312596.16,516305.04,39.46,Venda Direta Online,,ARACAJU,SE,Não
8555511572924,"AVENIDA BRASIL, N. 47,",AMERICA,"Casa, 0.00 de área total, 42.00 de área privativa, 0.00 de área do terreno,  1 qto(s), WC, 1 sala(s), cozinha.",108080.77,175000.0,38.24,Licitação Aberta,,ARACAJU,SE,Não
1444412129100,"RUA SAO JORGE, N. 150,",SANTOS DUMONT,"Casa, 190.00 de área total, 190.00 de área privativa, 240.00 de área do terreno,  7 qto(s), a.serv, WC, 3 sala(s), cozinha.",230132.94,310000.0,25.77,Leilão SFI - Edital Único,,ARACAJU,SE,Não
1555530786855,"RUA DO HORTO, N. 240, Apto 02,  EDF. JARANJEIRA",JABOTIANA,"Apartamento, 71.91 de área total, 60.39 de área privativa, 0.00 de área do terreno,  3 qto(s), a.serv, WC, 1 sala(s), cozinha, 1 vaga(s) de garagem.",251425.13,270000.0,6.88,Leilão SFI - Edital Único,,ARACAJU,SE,Não
8444411404840,"ESTRADA DA JABOTIANA, N. 70, Apto 02, TÉRREO  BLOCO 11",JABOTIANA,"Apartamento, 44.25 de área total, 44.25 de área privativa, 0.00 de área do terreno,  2 qto(s), a.serv, WC, 1 sala(s), cozinha, 1 vaga(s) de garagem.",130000.0,130000.0,0.0,Leilão SFI - Edital Único,,ARACAJU,SE,Não
8787701850012,"RUA JASIEL DE BRITO CORTES, N. 847, Apto 402, BL CERRADO",JABOTIANA,"Apartamento, 103.11 de área total, 56.48 de área privativa, 0.00 de área do terreno,  2 qto(s), varanda, a.serv, WC, 1 sala(s), cozinha, 1 vaga(s) de garagem.",227000.0,227000.0,0.0,Leilão SFI - Edital Único,,ARACAJU,SE,Não
8787702222678,"RUA QUIRINO, N. 85, Apto 506, TORRE 01  ALAMEDA DAS ÁGUAS",INACIO BARBOSA,"Apartamento, 51.84 de área total, 51.84 de área privativa, 0.00 de área do terreno,  2 qto(s), WC, 1 sala(s), cozinha, 1 vaga(s) de garagem.",200000.0,200000.0,0.0,Leilão SFI - Edital Único,,ARACAJU,SE,Não
8444428220178,"RUA PROJETADA 01, N. 110, Apto APT 3, BL 05 LOTEAMENTO MARIVAN",CENTRO,"Apartamento, 58.45 de área total, 58.45 de área privativa, 0.00 de área do terreno,  3 qto(s), a.serv, WC, 1 sala(s), 1 lavabo(s), cozinha, 1 vaga(s) de garagem.",150000.0,150000.0,0.0,Leilão SFI - Edital Único,,ARACAJU,SE,Não
8787705388259,"AVENIDA GENERAL EUCLIDES FIGUEIREDO, N. 4136, Apto 303, BL 004",PORTO D'ANTAS,"Apartamento, 57.39 de área total, 46.73 de área privativa, 0.00 de área do terreno,  2 qto(s), WC, 1 sala(s), cozinha, 1 vaga(s) de garagem.",150000.0,150000.0,0.0,Leilão SFI - Edital Único,,ARACAJU,SE,Não
8787713926000,"AVENIDA GENERAL EUCLIDES FIGUEIREDO, N. 3661, Apto 303,  BL QUINOA",PORTO D'ANTAS,"Apartamento, 98.10 de área total, 43.69 de área privativa, 0.00 de área do terreno,  2 qto(s), a.serv, WC, 1 sala(s), cozinha, 1 vaga(s) de garagem.",150000.0,150000.0,0.0,Leilão SFI - Edital Único,,ARACAJU,SE,Não
8555526614660,"RUA BOLIVIA, N. 385, Apto 04, BL 2",JAPAOZINHO,"Apartamento, 0.00 de área total, 48.76 de área privativa, 0.00 de área do terreno,  2 qto(s), varanda, a.serv, WC, 1 sala(s), cozinha.",120000.0,120000.0,0.0,Leilão SFI - Edital Único,,ARACAJU,SE,Não
8787711754679,"AVENIDA GENERAL EUCLIDES FIGUEIREDO, N. 900, Apto 302, BL 11",DOM LUCIANO,"Apartamento, 67.04 de área total, 47.44 de área privativa, 0.00 de área do terreno,  2 qto(s), a.serv, WC, 1 sala(s), cozinha, 1 vaga(s) de garagem.",140000.0,140000.0,0.0,Leilão SFI - Edital Único,,ARACAJU,SE,Não
8555539701567,"AVENIDA GENERAL EUCLIDES FIGUEIREDO, N. 1340, Apto 004, BL PQ DA MANGUEIRA VG 130",JAPAOZINHO,"Apartamento, 51.52 de área total, 51.52 de área privativa, 0.00 de área do terreno,  2 qto(s), WC, 1 sala(s), cozinha, 1 vaga(s) de garagem.",132517.03,132000.0,0.0,Leilão SFI - Edital Único,,ARACAJU,SE,Não
8444405066113,"RUA JOAO GENITON DA COSTA, N. 465, Apto 01, BLOCO I",JABOTIANA,"Apartamento, 71.70 de área total, 62.97 de área privativa, 0.00 de área do terreno,  3 qto(s), varanda, a.serv, WC, 1 sala(s), cozinha, 1 vaga(s) de garagem.",190692.03,170000.0,0.0,Leilão SFI - Edital Único,,ARACAJU,SE,Não
1787700627230,"AVENIDA AUGUSTO FRANCO, N. 3030, Apto 1202, TORRE COPACABANA",PONTO NOVO,"Apartamento, 104.03 de área total, 77.76 de área privativa, 0.00 de área do terreno,  3 qto(s), varanda, a.serv, WC, WC Emp, 1 sala(s), cozinha, 2 vaga(s) de garagem.",462006.25,400000.0,0.0,Leilão SFI - Edital Único,,ARACAJU,SE,Não
1444407482698,"RUA MATO GROSSO, N. 1011,",JOSE CONRADO DE ARAUJO,"Casa, 107.03 de área total, 107.03 de área privativa, 150.00 de área do terreno,  3 qto(s), varanda, WC, 2 sala(s), cozinha.",292078.84,220000.0,0.0,Leilão SFI - Edital Único,,ARACAJU,SE,Não
8444414261586,"RUA DA REDENÇÃO, N. 807, LT 05 QD D",CENTRO,"Casa, 62.93 de área total, 62.93 de área privativa, 133.00 de área do terreno,  2 qto(s), a.serv, WC, 1 sala(s), cozinha, 1 vaga(s) de garagem.",95000.0,95000.0,0.0,Leilão SFI - Edital Único,,ARAUA,SE,Não
1444418465641,"ALAMEDA CARAMBOLA, N. 0, QD AA L 06",CENTRO,"Terreno, 0.00 de área total, 0.00 de área privativa, 305.00 de área do terreno.",380403.36,780000.0,51.24,Venda Online,,BARRA DOS COQUEIROS,SE,Sim
8444422616290,"RUA 1, N. 22, QD B",Barra dos Coqueiros,"Casa, 66.40 de área total, 66.40 de área privativa, 257.88 de área do terreno,  2 qto(s), 1 sala(s), cozinha.",71654.14,125000.0,42.68,Licitação Aberta,,BARRA DOS COQUEIROS,SE,Não
8787708036795,"RODOVIA ENGENHEIRO EDILSON TAVORA, N. 4958, Apto 302, BL 06 VAGA 159",OLHOS D AGUA,"Apartamento, 51.06 de área total, 41.85 de área privativa, 0.00 de área do terreno,  2 qto(s), a.serv, WC, 1 sala(s), cozinha, 1 vaga(s) de garagem.",79939.69,138000.0,42.08,Licitação Aberta,,BARRA DOS COQUEIROS,SE,Não
1444416063953,"AVENIDA TERRAS ALPHAVILLE (ACESSO), RUA 7 - LT 10 QD M",ALPHAVILLE,"Terreno, 0.00 de área total, 0.00 de área privativa, 493.43 de área do terreno.",195391.78,320000.0,38.95,Licitação Aberta,,BARRA DOS COQUEIROS,SE,Não
8787711282378,"RODOVIA ENGENHEIRO EDILSON TAVORA, N. SN, Apto 402, BL 05 VG 147",Barra dos Coqueiros,"Apartamento, 51.06 de área total, 41.85 de área privativa, 0.00 de área do terreno,  2 qto(s), WC, 1 sala(s), cozinha, 1 vaga(s) de garagem.",175000.0,175000.0,0.0,Leilão SFI - Edital Único,,BARRA DOS COQUEIROS,SE,Não
1444418799566,"RUA OLAVO BILAC, N. 459",CAMINHO DA PRAIA,"Casa, 0.00 de área total, 106.40 de área privativa, 160.00 de área do terreno,  3 qto(s), a.serv, WC, 1 sala(s), cozinha, 1 vaga(s) de garagem.",330000.0,330000.0,0.0,Venda Direta Online,,BARRA DOS COQUEIROS,SE,Sim
8444410483525,"RUA PROJETADA A, N. 266, LT 46, QD A",AEROPORTO,"Casa, 69.85 de área total, 69.85 de área privativa, 91.44 de área do terreno,  3 qto(s), a.serv, WC, 1 sala(s), cozinha, 1 vaga(s) de garagem.",53268.9,110000.0,51.58,Venda Direta Online,,CAPELA,SE,Não
8444402210345,"RUA PRINCIPAL, N. 2, QB B",SOBRADINHO,"Casa, 0.00 de área total, 53.04 de área privativa, 81.60 de área do terreno,  2 qto(s), WC, 1 sala(s), cozinha, 1 vaga(s) de garagem.",21956.38,45000.0,51.21,Venda Online,,CAPELA,SE,Não
8444404396063,"RUA PROJETADA, N. SN, LT13 QDC",SOBRADINHO,"Casa, 0.00 de área total, 69.96 de área privativa, 84.00 de área do terreno,  2 qto(s), WC, 1 sala(s), cozinha, 1 vaga(s) de garagem.",13173.83,27000.0,51.21,Venda Direta Online,,CAPELA,SE,Não
8240500032675,"RUA DO BALTAZAR, N. 436,",CENTRO,"Terreno, 125.00 de área total, 0.00 de área privativa, 125.00 de área do terreno.",70955.76,143000.0,50.39,Venda Direta Online,,CAPELA,SE,Não
8555508607569,"AVENIDA ARIOVALDO BARRETO, N. 1211",São Cristóvão,"Casa, 0.00 de área total, 60.00 de área privativa, 190.00 de área do terreno,  4 qto(s), a.serv, WC, 1 sala(s), cozinha.",52093.44,95000.0,45.17,Venda Online,,CAPELA,SE,Não
8444402338031,"NOSSA SENHORA DA PAZ, N. 1254,",CENTRO,"Casa, 50.82 de área total, 50.82 de área privativa, 77.77 de área do terreno,  2 qto(s), WC, 1 sala(s).",34537.45,60000.0,42.44,Venda Direta Online,,CAPELA,SE,Não
8444428407456,"R AURELINO BARRETO DE MELO, N. 711,",VILA CONCEIÇÃO,"Casa, 0.00 de área total, 82.00 de área privativa, 132.22 de área do terreno.",83135.75,142000.0,41.46,Venda Direta Online,,CAPELA,SE,Não
8444409065723,"RUA PROJETADA A, N. 272, LT 47 QD A",AEROPORTO,"Casa, 69.85 de área total, 69.85 de área privativa, 91.30 de área do terreno,  3 qto(s), WC, 1 sala(s), cozinha, 1 vaga(s) de garagem.",156953.12,100000.0,0.0,Leilão SFI - Edital Único,,CAPELA,SE,Não
8444409181189,"RUA PROJETADA, N. 18, LT 08 QD 01",CENTRO,"Casa, 110.00 de área total, 99.80 de área privativa, 155.65 de área do terreno,  3 qto(s), a.serv, WC, 1 sala(s), cozinha.",135000.0,135000.0,0.0,Leilão SFI - Edital Único,,CARIRA,SE,Não
8444412819920,"RUA PROJETADA, N. 21,",CENTRO,"Casa, 68.60 de área total, 68.60 de área privativa, 149.50 de área do terreno,  2 qto(s), a.serv, WC, 1 sala(s), cozinha.",125600.0,125600.0,0.0,Leilão SFI - Edital Único,,CARIRA,SE,Não
8444413005667,"RUA JOSE NUNES DA SILVA, N. 215,",CENTRO,"Casa, 68.59 de área total, 68.59 de área privativa, 114.00 de área do terreno,  2 qto(s), a.serv, WC, 1 sala(s), cozinha, 1 vaga(s) de garagem.",94000.0,94000.0,0.0,Leilão SFI - Edital Único,,CARIRA,SE,Não
8444413328695,"AVENIDA DESEMBARGADOR FRANCISCO DE SANTOS FONTES, N. 262,",CENTRO,"Casa, 48.53 de área total, 48.53 de área privativa, 145.93 de área do terreno,  2 qto(s), WC, 1 sala(s), cozinha, 1 vaga(s) de garagem.",53260.44,92000.0,42.11,Venda Direta Online,,CRISTINAPOLIS,SE,Não
1444419413785,"ROD AYRTON SENNA, N. SN, LJ 02",CENTRO,"Loja, 19.50 de área total, 19.50 de área privativa, 0.00 de área do terreno, WC.",53100.59,97694.92,45.65,Venda Direta Online,,ESTANCIA,SE,Não
8444429495782,"RUA EMANUEL ARCIERI MENDONÇA, N. SN, SN,",VALTER CARDOSO COSTA,"Casa, 56.64 de área total, 56.64 de área privativa, 96.69 de área do terreno,  2 qto(s), a.serv, WC, 1 sala(s), cozinha, 1 vaga(s) de garagem.",71654.14,125000.0,42.68,Licitação Aberta,,ESTANCIA,SE,Não
10286401,"RUA DO LOTEAMENTO MORADA NOVA, N. 00, QD 13, LT 11",PRAIA DA BOA VIAGEM,"Terreno, 0.00 de área total, 0.00 de área privativa, 600.00 de área do terreno.",42414.43,70000.0,39.41,Venda Direta Online,,ESTANCIA,SE,Não
10286403,"RUA DO LOTEAMENTO MORADA NOVA, N. 00, QD 13, LT 10",PRAIA DA BOA VIAGEM,"Terreno, 0.00 de área total, 0.00 de área privativa, 600.00 de área do terreno.",42414.43,70000.0,39.41,Venda Direta Online,,ESTANCIA,SE,Não
10286404,"RUA DO LOTEAMENTO MORADA NOVA, N. 00, QD 13, LT 12",PRAIA DA BOA VIAGEM,"Terreno, 0.00 de área total, 0.00 de área privativa, 600.00 de área do terreno.",42414.43,70000.0,39.41,Venda Direta Online,,ESTANCIA,SE,Não
8555538260060,"RUA 01, N. SN, QD 01, LT 27",CENTRO,"Terreno, 0.00 de área total, 0.00 de área privativa, 160.00 de área do terreno.",32937.63,63000.0,47.72,Venda Direta Online,,FREI PAULO,SE,Não
8555533501574,"RUA 1, N. SN, LT 119 QD 06",RES JUDITH ABYLIA,"Casa, 39.79 de área total, 39.79 de área privativa, 160.00 de área do terreno,  2 qto(s), varanda, a.serv, WC, 1 sala(s), cozinha.",27404.45,51000.0,46.27,Venda Direta Online,,FREI PAULO,SE,Não
8555532237210,"RUA BR 235 (RUA B), N. SN, LT 13 QD 1",RES JUDITH ABYLIA,"Casa, 39.79 de área total, 39.79 de área privativa, 160.00 de área do terreno,  2 qto(s), a.serv, WC, 1 sala(s), cozinha, 1 vaga(s) de garagem.",33983.27,60000.0,43.37,Venda Direta Online,,FREI PAULO,SE,Não
8555534783638,"RUA 1, N. S/N, LT 22 QD 01",RES JUDITH ABYLIA,"Casa, 60.00 de área total, 60.00 de área privativa, 160.00 de área do terreno,  2 qto(s), a.serv, WC, 1 sala(s), cozinha.",62856.87,110000.0,42.86,Venda Direta Online,,FREI PAULO,SE,Não
8555537736673,"QUADRA 06, N. SN, LT 121",CENTRO,"Terreno, 0.00 de área total, 0.00 de área privativa, 160.00 de área do terreno.",29626.44,51000.0,41.91,Venda Direta Online,,FREI PAULO,SE,Não
1555516647576,"RUA ANIZIO AMANCIO DE OLIVEIRA, N. 346, Apto 02,",SERRANO,"Apartamento, 110.19 de área total, 60.65 de área privativa, 0.00 de área do terreno,  2 qto(s), a.serv, WC, 1 sala(s), cozinha.",68797.93,115000.0,40.18,Licitação Aberta,,ITABAIANA,SE,Não
8555532819104,"RODOVIA TOMAR DO GERÚ, N. S/N, CS 16 QD 01",Caraíbas,"Casa, 74.06 de área total, 48.70 de área privativa, 127.50 de área do terreno,  2 qto(s), a.serv, WC, 1 sala(s), cozinha, 1 vaga(s) de garagem.",82769.83,145000.0,42.92,Venda Direta Online,,ITABAIANINHA,SE,Não
10297325,"Rua 03, N. 00, Qd C, Lt 02",CENTRO,"Terreno, 0.00 de área total, 0.00 de área privativa, 125.96 de área do terreno.",25145.7,41500.0,39.41,Licitação Aberta,,ITAPORANGA D'AJUDA,SE,Não
10298831,"RUA 04, N. 00, QD C, LT 58",CENTRO,"Terreno, 0.00 de área total, 0.00 de área privativa, 125.96 de área do terreno.",25266.88,41700.0,39.41,Licitação Aberta,,ITAPORANGA D'AJUDA,SE,Não
10219345,"ESTRADA MUNICIPAL, N. 00",FAZENDA BOA VISTA,"Gleba, 0.00 de área total, 0.00 de área privativa, 9885.00 de área do terreno.",306707.51,550000.0,44.24,Venda Direta Online,,JAPARATUBA,SE,Sim
1444423869305,"RUA MARECHAL FLORIANO PEIXOTO, N. 291,",CENTRO,"Casa, 78.63 de área total, 78.63 de área privativa, 122.50 de área do terreno,  3 qto(s), a.serv, WC, 1 sala(s), cozinha, 1 vaga(s) de garagem.",94623.28,155000.0,38.96,Licitação Aberta,,JAPARATUBA,SE,Não
8444413901891,"RUA AURELINO DOS SANTOS, N. 153,",CENTRO,"Casa, 51.40 de área total, 51.40 de área privativa, 61.00 de área do terreno,  2 qto(s), varanda, WC, 2 sala(s), cozinha.",48473.63,80000.0,39.41,Venda Online,,JAPOATA,SE,Não
1444408700133,"RODOVIA RIACHAO DO DANTAS, N. SN, LT12 Q 01 RUA PROJETADA A",PRATAS,"Terreno, 0.00 de área total, 0.00 de área privativa, 199.78 de área do terreno.",54353.48,90000.0,39.61,Licitação Aberta,,LAGARTO,SE,Não
8444409216586,"RUA ERNESTO DA SILVA CARVALHO, N. 101,",ALTO DA BOA VISTA,"Casa, 68.77 de área total, 68.77 de área privativa, 140.00 de área do terreno,  2 qto(s), WC, 1 sala(s), cozinha, 1 vaga(s) de garagem.",57373.12,95000.0,39.61,Licitação Aberta,,LAGARTO,SE,Não
1444401911368,"TV S/D (3520) (ANTIGA RUA C), N. 25, LT 04 QD D",SILVIO ROMERO,"Casa, 0.00 de área total, 70.00 de área privativa, 150.00 de área do terreno,  2 qto(s), WC, 2 sala(s), cozinha, 1 vaga(s) de garagem.",117702.16,187000.0,37.06,Licitação Aberta,,LAGARTO,SE,Não
1444405651549,"ALFREDO DE SOUZA LIBORIO, N. 31,",LIBORIOS,"Casa, 112.00 de área total, 112.00 de área privativa, 56.00 de área do terreno,  3 qto(s), a.serv, WC, 3 sala(s), cozinha, 1 vaga(s) de garagem.",168762.56,264802.72,36.27,Venda Direta Online,,LAGARTO,SE,Sim
8444422757498,"RUA C, N. SN, LT 39, QD 02,",ROD FEDERAL BR 101,"Casa, 0.00 de área total, 67.50 de área privativa, 141.00 de área do terreno,  2 qto(s), a.serv, WC, 1 sala(s), cozinha.",40082.83,69000.0,41.91,Licitação Aberta,,MALHADA DOS BOIS,SE,Não
8444422925951,"RUA A, N. SN, LT 114 QD 04",CENTRO,"Casa, 67.74 de área total, 67.74 de área privativa, 149.81 de área do terreno,  2 qto(s), a.serv, WC, 1 sala(s), cozinha.",106000.0,106000.0,0.0,Leilão SFI - Edital Único,,MALHADA DOS BOIS,SE,Não
8444427716390,"RUA DIVINA PASTORA, N. 538,",CENTRO,"Casa, 108.35 de área total, 108.35 de área privativa, 180.00 de área do terreno,  2 qto(s), a.serv, WC, 1 sala(s), cozinha.",74280.62,145000.0,48.78,Venda Direta Online,,MONTE ALEGRE DE SERGIPE,SE,Não
1444407988036,"RUA JOSE NUNES FILHO, N. 102,",CENTRO,"Casa, 173.71 de área total, 173.71 de área privativa, 173.71 de área do terreno,  2 qto(s), a.serv, WC, 3 sala(s), cozinha, 1 vaga(s) de garagem.",94623.28,155000.0,38.96,Licitação Aberta,,NOSSA SENHORA APARECIDA,SE,Não
8444429271612,"RUA A, N. 88, QD 01",JARDIM DO SERTÃO,"Casa, 95.24 de área total, 95.24 de área privativa, 131.82 de área do terreno,  3 qto(s), a.serv, WC, 1 sala(s), cozinha, 1 vaga(s) de garagem.",88478.1,155000.0,42.92,Venda Online,,NOSSA SENHORA DA GLORIA,SE,Não
8444416853294,"RUA D, N. 85, LT 07 QD 11",JOVIANO BARBOSA,"Casa, 91.90 de área total, 91.90 de área privativa, 128.00 de área do terreno,  3 qto(s), a.serv, WC, 1 sala(s), cozinha.",86648.52,148000.0,41.46,Licitação Aberta,,NOSSA SENHORA DA GLORIA,SE,Não
8444428734015,"R A, N. 310, LT 48, QD 1",JARDIM DO SERTÃO,"Casa, 89.68 de área total, 89.68 de área privativa, 145.05 de área do terreno,  2 qto(s), a.serv, 1 sala(s), cozinha, 1 vaga(s) de garagem.",81964.82,140000.0,41.46,Venda Direta Online,,NOSSA SENHORA DA GLORIA,SE,Não
8444431831093,"RUA D, N. 254, LOTE 17 QUADRA 09",JARDIM DO SERTÃO,"Casa, 95.00 de área total, 95.00 de área privativa, 135.00 de área do terreno,  2 qto(s), a.serv, WC, 1 sala(s), cozinha, 1 vaga(s) de garagem.",81964.82,140000.0,41.46,Venda Online,,NOSSA SENHORA DA GLORIA,SE,Não
8444434859703,"RUA A, N. 328, QD 01 LT 51",CENTRO,"Casa, 89.68 de área total, 89.68 de área privativa, 147.09 de área do terreno,  2 qto(s), a.serv, WC, 1 sala(s), cozinha, 1 vaga(s) de garagem.",84892.14,145000.0,41.46,Venda Direta Online,,NOSSA SENHORA DA GLORIA,SE,Não
8444419830635,"RUA BOCA DA MATA, N. 397, LT 08, QD 02",CENTRO,"Casa, 100.00 de área total, 100.00 de área privativa, 110.00 de área do terreno,  3 qto(s), a.serv, WC, 2 sala(s), cozinha, 1 vaga(s) de garagem.",94623.28,155000.0,38.96,Venda Direta Online,,NOSSA SENHORA DA GLORIA,SE,Não
8444415663580,"RUA TEODORIO LIMA DE JESUS  RUA F, N. 78, QD 06",JOVIANO BARBOSA,"Casa, 86.87 de área total, 86.87 de área privativa, 117.26 de área do terreno,  3 qto(s), WC, 1 sala(s), cozinha, 1 vaga(s) de garagem.",160000.0,160000.0,0.0,Leilão SFI - Edital Único,,NOSSA SENHORA DA GLORIA,SE,Não
8444432469410,"RUA I, N. 65, QD 5  LT 33",JD DO SERTAO,"Casa, 86.75 de área total, 86.75 de área privativa, 132.00 de área do terreno,  2 qto(s), a.serv, WC, 1 sala(s), cozinha, 1 vaga(s) de garagem.",190000.0,190000.0,0.0,Leilão SFI - Edital Único,,NOSSA SENHORA DA GLORIA,SE,Não
8444438116659,"RUA E, N. 83, LT 45 QD 14",JARDIM DO SERTÃO,"Casa, 88.22 de área total, 88.22 de área privativa, 132.00 de área do terreno,  3 qto(s), a.serv, WC, 1 sala(s), cozinha, 1 vaga(s) de garagem.",173217.3,150000.0,0.0,Leilão SFI - Edital Único,,NOSSA SENHORA DA GLORIA,SE,Não
1444405900611,"AVENIDA LOURIVAL BATISTA, N. 713,",CENTRO,"Casa, 104.82 de área total, 104.82 de área privativa, 119.82 de área do terreno,  2 qto(s), a.serv, WC, 3 sala(s), cozinha.",119590.43,190000.0,37.06,Licitação Aberta,,NOSSA SENHORA DAS DORES,SE,Não
8444409622053,"RUA A, N. 2, QD 04",Nossa Sra das Dores,"Casa, 106.00 de área total, 106.00 de área privativa, 176.00 de área do terreno,  2 qto(s), WC, 1 sala(s), cozinha, 1 vaga(s) de garagem.",185000.0,185000.0,0.0,Leilão SFI - Edital Único,,NOSSA SENHORA DAS DORES,SE,Não
8444422581683,"RUA AURELINO OLIVEIRA DANTAS, N. 46, ANTIGA RUA D",CENTRO,"Casa, 91.50 de área total, 91.50 de área privativa, 132.00 de área do terreno,  2 qto(s), a.serv, WC, 1 sala(s), cozinha, 1 vaga(s) de garagem.",145000.0,145000.0,0.0,Leilão SFI - Edital Único,,NOSSA SENHORA DAS DORES,SE,Não
8555538064482,"RUA A, N. SN, LT 62 QD 4 TR LUSIVALDO BONFIM",CENTRO,"Casa, 0.00 de área total, 75.73 de área privativa, 180.00 de área do terreno,  3 qto(s), a.serv, WC, 1 sala(s), cozinha.",102142.26,100000.0,0.0,Leilão SFI - Edital Único,,NOSSA SENHORA DAS DORES,SE,Não
1444418697950,"RUA RICARDO DA CUNHA CLEMENTINO RUA A, N. 172,",CENTRO,"Casa, 235.75 de área total, 235.75 de área privativa, 304.00 de área do terreno,  5 qto(s), a.serv, WC, 4 sala(s), 1 vaga(s) de garagem.",318280.03,270000.0,0.0,Leilão SFI - Edital Único,,NOSSA SENHORA DAS DORES,SE,Não
1444402236273,"RUA JACKSON DE FIGUEIREDO, N. 410,",CENTRO,"Terreno, 200.00 de área total, 0.00 de área privativa, 10092.59 de área do terreno,  3 qto(s), a.serv, WC, 2 sala(s), cozinha.",305249.69,235000.0,0.0,Leilão SFI - Edital Único,,NOSSA SENHORA DAS DORES,SE,Não
1444405197651,"TRAVESSA CAMPO VELHO, N. SN,",CENTRO,"Terreno, 0.00 de área total, 0.00 de área privativa, 243.86 de área do terreno.",157448.98,85000.0,0.0,Leilão SFI - Edital Único,,NOSSA SENHORA DAS DORES,SE,Não
1444417258871,"AVENIDA PAULO VASCONCELOS, N. SN, LT 22 QD 02",CENTRO,"Casa, 0.00 de área total, 104.66 de área privativa, 245.00 de área do terreno,  3 qto(s), a.serv, WC, 2 sala(s), cozinha.",245471.3,132000.0,0.0,Leilão SFI - Edital Único,,NOSSA SENHORA DAS DORES,SE,Não
8444415480974,"RUA 06 DE JANEIRO, N. 22, LT 06A QD 17",SANTA INES,"Casa, 0.00 de área total, 69.72 de área privativa, 133.25 de área do terreno,  2 qto(s), a.serv, WC, 1 sala(s), cozinha.",19674.65,130000.0,84.87,Venda Direta Online,,NOSSA SENHORA DO SOCORRO,SE,Não
8444428370358,"RUA A, N. SN, QD 02, AREA 02",SANTA INES,"Terreno, 0.00 de área total, 0.00 de área privativa, 133.75 de área do terreno.",8312.93,50000.0,83.38,Venda Online,,NOSSA SENHORA DO SOCORRO,SE,Não
8444424882192,"RUA B3, N. 29, LT 31  QD 03",JARDIM,"Casa, 0.00 de área total, 68.75 de área privativa, 125.00 de área do terreno,  2 qto(s), varanda, a.serv, WC, 1 sala(s), cozinha.",27325.9,130000.0,78.99,Venda Direta Online,,NOSSA SENHORA DO SOCORRO,SE,Não
8444425977669,"RUA 9 DE MARCO LOT JD ROSA DE MAIO, N. 24, LT 02-A QD 63",SANTA INES,"Casa, 0.00 de área total, 55.75 de área privativa, 95.00 de área do terreno,  2 qto(s), WC, 1 sala(s), cozinha.",25139.83,107000.0,76.51,Venda Direta Online,,NOSSA SENHORA DO SOCORRO,SE,Não
8444419898035,"AVENIDA SEM DENOMINACAO, N. 154, LT 152 QD U",JARDIM,"Casa, 0.00 de área total, 62.54 de área privativa, 171.71 de área do terreno,  2 qto(s), a.serv, WC, 1 sala(s), cozinha, 1 vaga(s) de garagem.",35916.27,140000.0,74.35,Venda Online,,NOSSA SENHORA DO SOCORRO,SE,Não
8444417883472,"RUA 02 DE  RUA 02 DE FEVEREIRO, N. 10,  LT 26A QD 24",JARDIM,"Casa, 0.00 de área total, 66.46 de área privativa, 133.25 de área do terreno,  2 qto(s), a.serv, WC, 1 sala(s), cozinha, 1 vaga(s) de garagem.",30408.48,117000.0,74.01,Venda Direta Online,,NOSSA SENHORA DO SOCORRO,SE,Não
8444416291563,"RUA 03 DE JANEIRO, N. 21, QD12 LT 21",COMPLEXO JARDIM,"Casa, 62.40 de área total, 62.40 de área privativa, 200.00 de área do terreno,  2 qto(s), a.serv, WC, 1 sala(s), cozinha.",25223.41,96000.0,73.73,Venda Direta Online,,NOSSA SENHORA DO SOCORRO,SE,Não
8444413656234,"RUA 02, N. 485, QD P, LTS 482 E 483B",GUAJARA,"Casa, 0.00 de área total, 67.30 de área privativa, 133.50 de área do terreno,  2 qto(s), varanda, a.serv, WC, 1 sala(s), cozinha.",22333.23,85000.0,73.73,Venda Direta Online,,NOSSA SENHORA DO SOCORRO,SE,Não
8444417593393,"RUA 4 DE MARCO, N. 127, Apto ., QD 59, LT 5-A",SANTA INES,"Casa, 0.00 de área total, 66.25 de área privativa, 137.00 de área do terreno,  2 qto(s), varanda, a.serv, WC, 1 sala(s), cozinha.",38654.19,145000.0,73.35,Venda Direta Online,,NOSSA SENHORA DO SOCORRO,SE,Não
8444414012004,"RUA 05 DE MARCO, N. 49, LT 01 C QD 61",SANTA INES,"Casa, 0.00 de área total, 70.00 de área privativa, 125.00 de área do terreno,  2 qto(s), a.serv, WC, 1 sala(s), sacada, cozinha, 1 vaga(s) de garagem.",29686.75,109000.0,72.77,Venda Online,,NOSSA SENHORA DO SOCORRO,SE,Não
8444416182080,"RUA 04 DE FEVEREIRO, N. 20, LT 14AD02 QD30 COMPLEXO JARDIM",SANTA INES,"Casa, 0.00 de área total, 62.01 de área privativa, 145.00 de área do terreno,  2 qto(s), a.serv, WC, 1 sala(s), cozinha.",28612.8,99000.0,71.1,Venda Direta Online,,NOSSA SENHORA DO SOCORRO,SE,Não
8444425755828,"RUA SAO LUIZ, N. 419, AREA 25",GUAJARA COMPLEXO JAR,"Casa, 0.00 de área total, 66.53 de área privativa, 254.59 de área do terreno,  2 qto(s), a.serv, WC, 1 sala(s), sacada, cozinha, 1 vaga(s) de garagem.",36745.11,125000.0,70.61,Venda Direta Online,,NOSSA SENHORA DO SOCORRO,SE,Não
8444422262243,"RUA 13 DE MARCO, N. 206, LT 26-A3, QD 53",SANTA INES,"Casa, 0.00 de área total, 54.55 de área privativa, 125.00 de área do terreno,  2 qto(s), varanda, a.serv, WC, 1 sala(s), cozinha.",31756.65,106000.0,70.05,Venda Direta Online,,NOSSA SENHORA DO SOCORRO,SE,Não
8444411452712,"RUA 5, N. 145-A,  QD D-2",GUAJARA,"Casa, 0.00 de área total, 63.97 de área privativa, 151.88 de área do terreno,  2 qto(s), varanda, a.serv, WC, 1 sala(s), cozinha.",37388.96,120000.0,68.85,Venda Online,,NOSSA SENHORA DO SOCORRO,SE,Não
8444408558599,"AVENIDA 2, N. SN, LOTE 64B QUIADRA C2",GUAJARA,"Casa, 0.00 de área total, 64.62 de área privativa, 159.37 de área do terreno,  2 qto(s), WC, 1 sala(s), cozinha, 1 vaga(s) de garagem.",28376.34,90000.0,68.48,Venda Direta Online,,NOSSA SENHORA DO SOCORRO,SE,Não
8444414045646,"RUA 8 DE ABRIL, N. 25, QD73 LT01B",COMPLEXO JARDIM,"Casa, 59.97 de área total, 59.97 de área privativa, 125.00 de área do terreno,  2 qto(s), a.serv, WC, 1 sala(s), cozinha, 1 vaga(s) de garagem.",40069.24,127000.0,68.45,Venda Direta Online,,NOSSA SENHORA DO SOCORRO,SE,Não
8444426135343,"RUA A, N. SN, QD 19",LOT JARDIM SANTA INE,"Terreno, 0.00 de área total, 0.00 de área privativa, 175.00 de área do terreno.",7620.18,24000.0,68.25,Venda Direta Online,,NOSSA SENHORA DO SOCORRO,SE,Não
8444414957041,"RUA DAS HORTENCIAS, N. 05, QD 08 LT 01-E",SANTA INES,"Casa, 0.00 de área total, 58.57 de área privativa, 125.00 de área do terreno,  2 qto(s), a.serv, WC, 1 sala(s), cozinha.",9144.22,28000.0,67.35,Venda Online,,NOSSA SENHORA DO SOCORRO,SE,Não
8444403813574,"RUA 9 DE ABRIL, N. 35",SANTA INES,"Casa, 0.00 de área total, 64.54 de área privativa, 250.00 de área do terreno,  2 qto(s), WC, 1 sala(s), cozinha.",22265.36,62000.0,64.09,Venda Online,,NOSSA SENHORA DO SOCORRO,SE,Não
8444427561753,"RUA D, N. SN, QD 21, LT 62-C",JARDIM VILA NEY,"Casa, 0.00 de área total, 69.70 de área privativa, 133.75 de área do terreno,  2 qto(s), a.serv, WC, 1 sala(s), cozinha, 1 vaga(s) de garagem.",53025.18,146000.0,63.69,Venda Online,,NOSSA SENHORA DO SOCORRO,SE,Não
8444425565050,"RUA 03 DE FEVEREIRO, N. 279, LOTE 20 DA QUADRA 25, COMPLEXO JARDIM",LOTE JD ROSA DE MAIO,"Casa, 0.00 de área total, 69.15 de área privativa, 200.00 de área do terreno,  2 qto(s), a.serv, WC, 1 sala(s), sacada, cozinha.",44027.32,121000.0,63.62,Venda Direta Online,,NOSSA SENHORA DO SOCORRO,SE,Não
8444414391005,"RUA  M, N. 35, QD 18LT 26B",LOTEAMENTO JARDIM VI,"Casa, 0.00 de área total, 61.65 de área privativa, 125.00 de área do terreno,  2 qto(s), a.serv, WC, 1 sala(s), cozinha, 1 vaga(s) de garagem.",36784.14,100000.0,63.22,Venda Direta Online,,NOSSA SENHORA DO SOCORRO,SE,Não
8444426600305,"RUA 9 DE JANEIRO, N. S/N, QUADRA 19, LOTE 08",SANTA INES,"Casa, 0.00 de área total, 68.75 de área privativa, 125.00 de área do terreno,  2 qto(s), a.serv, WC, 1 sala(s), cozinha.",34788.77,94000.0,63.0,Venda Direta Online,,NOSSA SENHORA DO SOCORRO,SE,Não
8444413014674,"RUA  4 DE FEVEREIRO, N. 51, QD 30 LT 12A",SANTA INES,"Casa, 0.00 de área total, 67.57 de área privativa, 133.25 de área do terreno,  2 qto(s), varanda, a.serv, WC, 1 sala(s), cozinha, 1 vaga(s) de garagem.",57725.58,155000.0,62.76,Venda Direta Online,,NOSSA SENHORA DO SOCORRO,SE,Não
8444418007765,"RUA 4, N. 40, LT 112 QD R",LT JD GUAJARA,"Casa, 0.00 de área total, 76.83 de área privativa, 132.80 de área do terreno,  2 qto(s), a.serv, WC, 1 sala(s), cozinha, 1 vaga(s) de garagem.",37573.11,100000.0,62.43,Venda Online,,NOSSA SENHORA DO SOCORRO,SE,Não
8444417506849,"RUA 06 DE ABRIL, N. 24, LT 24 QD 80",JD ROSA DE MAIO,"Casa, 0.00 de área total, 69.52 de área privativa, 200.00 de área do terreno,  2 qto(s), a.serv, WC, 1 sala(s), cozinha, 1 vaga(s) de garagem.",41942.75,110000.0,61.88,Venda Direta Online,,NOSSA SENHORA DO SOCORRO,SE,Não
8444417537418,"RUA 09 DE FEVEREIRO, N. 10A, LT 10A QD 42",SANTA INES,"Casa, 0.00 de área total, 59.01 de área privativa, 135.00 de área do terreno,  2 qto(s), a.serv, WC, 1 sala(s), sacada, cozinha, 1 vaga(s) de garagem.",44833.02,115000.0,61.02,Venda Direta Online,,NOSSA SENHORA DO SOCORRO,SE,Não
8444425605176,"RUA 5-C, N. 49, QD C2 LT 76A",GUAJARA,"Terreno, 0.00 de área total, 65.02 de área privativa, 125.00 de área do terreno,  2 qto(s), varanda, a.serv, WC, 1 sala(s), cozinha.",54757.3,140000.0,60.89,Venda Online,,NOSSA SENHORA DO SOCORRO,SE,Não
8444413296068,"RUA 07 DE JANEIRO, N. 4, QD17 LT07A",JARDIM,"Casa, 0.00 de área total, 54.63 de área privativa, 125.00 de área do terreno,  2 qto(s), a.serv, WC, 1 sala(s), cozinha.",51269.7,130000.0,60.57,Venda Direta Online,,NOSSA SENHORA DO SOCORRO,SE,Não
8444415017336,"RUA 12 DE FEVEREIRO, N. 207, QD45 LT19A",JARDIM,"Casa, 0.00 de área total, 57.75 de área privativa, 125.00 de área do terreno,  2 qto(s), a.serv, WC, 1 sala(s), sacada, cozinha.",53241.61,135000.0,60.57,Venda Direta Online,,NOSSA SENHORA DO SOCORRO,SE,Não
8444417258853,"RUA 06 DE ABRIL, N. 125, QD 78  LT 3B",JARDIM ROSA DE MAIO,"Casa, 0.00 de área total, 62.21 de área privativa, 125.00 de área do terreno,  2 qto(s), varanda, a.serv, WC, 1 sala(s), cozinha, 1 vaga(s) de garagem.",31648.83,80000.0,60.44,Venda Direta Online,,NOSSA SENHORA DO SOCORRO,SE,Não
8444419246402,"RUA 8 DE ABRIL, N. 18B, QD 72",JARDIM,"Casa, 0.00 de área total, 59.13 de área privativa, 125.00 de área do terreno,  2 qto(s), varanda, a.serv, WC, 1 sala(s), cozinha, 1 vaga(s) de garagem.",31648.83,80000.0,60.44,Venda Direta Online,,NOSSA SENHORA DO SOCORRO,SE,Não
8444417072911,"RUA 05 DE ABRIL, N. 25-A, QD 75 LT 25-A",COMPEXO JARDIM,"Casa, 0.00 de área total, 61.96 de área privativa, 132.50 de área do terreno,  2 qto(s), varanda, a.serv, WC, 1 sala(s), cozinha.",44938.66,110000.0,59.15,Venda Direta Online,,NOSSA SENHORA DO SOCORRO,SE,Não
8444416048499,"RUA 10 DE JANEIRO, N. 22, LT 18-D1, QD 06",SANTA INES,"Casa, 0.00 de área total, 61.57 de área privativa, 125.74 de área do terreno,  2 qto(s), varanda, a.serv, WC, 1 sala(s), cozinha.",40586.9,98000.0,58.59,Venda Direta Online,,NOSSA SENHORA DO SOCORRO,SE,Não
8444421768100,"RUA PROFESSOR ANTÓNIO AYRES, N. 33, QD.36",JARDIM,"Casa, 0.00 de área total, 64.49 de área privativa, 125.00 de área do terreno,  2 qto(s), a.serv, WC, 1 sala(s), cozinha.",55946.5,135000.0,58.56,Venda Direta Online,,NOSSA SENHORA DO SOCORRO,SE,Não
8444415794367,"RUA C, N. 42, LT 24  QD 19",COMPLEXO JARDIM,"Casa, 0.00 de área total, 59.63 de área privativa, 200.00 de área do terreno,  2 qto(s), a.serv, WC, 1 sala(s), sacada, cozinha, 1 vaga(s) de garagem.",41198.24,98000.0,57.97,Venda Direta Online,,NOSSA SENHORA DO SOCORRO,SE,Não
8444420477560,"RUA M, N. 120, LT 35-A, QD 20",GUAJARA,"Casa, 0.00 de área total, 67.50 de área privativa, 125.00 de área do terreno,  2 qto(s), varanda, a.serv, WC, 1 sala(s), cozinha.",47934.57,110000.0,56.43,Venda Direta Online,,NOSSA SENHORA DO SOCORRO,SE,Não
8444417540990,"RUA 3 DE JANEIRO, N. 30, QD 12 ÁREA 02",SANTA INES,"Casa, 0.00 de área total, 62.93 de área privativa, 125.00 de área do terreno,  2 qto(s), a.serv, WC, 1 sala(s), cozinha, 1 vaga(s) de garagem.",45755.73,105000.0,56.43,Venda Direta Online,,NOSSA SENHORA DO SOCORRO,SE,Não
8444417681195,"RUA 6 DE FEVEREIRO, N. 27, LT 27-A QD 33",SANTA INES,"Casa, 0.00 de área total, 66.14 de área privativa, 132.50 de área do terreno,  2 qto(s), a.serv, WC, 1 sala(s), cozinha.",47498.8,109000.0,56.43,Venda Direta Online,,NOSSA SENHORA DO SOCORRO,SE,Não
8444419057863,"RUA 5 DE ABRIL, N. 48, QD 76 LT 14D-3",SANTA INES,"Casa, 0.00 de área total, 69.58 de área privativa, 125.00 de área do terreno,  2 qto(s), a.serv, WC, 1 sala(s), cozinha, 1 vaga(s) de garagem.",50279.66,115000.0,56.28,Venda Direta Online,,NOSSA SENHORA DO SOCORRO,SE,Não
8444419544098,"AVENIDA CHESF, N. 109, QD GN LT 8154",LOTEAMENTO MANGUINH,"Casa, 0.00 de área total, 62.15 de área privativa, 140.00 de área do terreno,  2 qto(s), varanda, a.serv, WC, 1 sala(s), cozinha.",48432.63,110000.0,55.98,Venda Direta Online,,NOSSA SENHORA DO SOCORRO,SE,Não
8444419090488,"AVENIDA ROSA DE MAIO, N. 83, LT 13 QD 03",COMPLEXO JARDIM,"Casa, 0.00 de área total, 63.10 de área privativa, 125.00 de área do terreno,  2 qto(s), varanda, a.serv, WC, 1 sala(s), cozinha.",39758.6,90000.0,55.83,Venda Direta Online,,NOSSA SENHORA DO SOCORRO,SE,Não
8444424879388,"RUA M, N. 223, LT 05A  QD 23",JARDIM,"Casa, 0.00 de área total, 66.50 de área privativa, 125.00 de área do terreno,  2 qto(s), WC, 1 sala(s), cozinha.",41450.47,92800.0,55.34,Venda Direta Online,,NOSSA SENHORA DO SOCORRO,SE,Não
8444417495219,"RUA 9 DE FEVEREIRO, N. 08-B, QD 42 LT 08-B",COMPLEXO JARDIM,"Casa, 0.00 de área total, 57.87 de área privativa, 132.50 de área do terreno,  2 qto(s), a.serv, WC, 1 sala(s), cozinha.",36845.58,80000.0,53.95,Venda Direta Online,,NOSSA SENHORA DO SOCORRO,SE,Não
8444416171509,"RUA A, N. 208, Apto 208, QD 15 LT 04-B LOTEAMENTO JARDIM VILA N",JARDIM,"Casa, 0.00 de área total, 66.77 de área privativa, 125.00 de área do terreno,  2 qto(s), varanda, a.serv, WC, 1 sala(s), cozinha.",50930.48,110000.0,53.7,Venda Direta Online,,NOSSA SENHORA DO SOCORRO,SE,Não
8444418818739,"RUA 7 DE JANEIRO, N. 18, LT 14 QD 19",JARDIM ROSA DE MAIO,"Casa, 62.85 de área total, 62.85 de área privativa, 126.00 de área do terreno,  2 qto(s), varanda, a.serv, WC, 1 sala(s), cozinha.",54351.22,117000.0,53.55,Venda Direta Online,,NOSSA SENHORA DO SOCORRO,SE,Não
8444427399700,"R 08 DE ABRIL, N. 173, LT 30-D3, QD 74",COMPLEXO JARDIM,"Casa, 0.00 de área total, 57.75 de área privativa, 125.00 de área do terreno,  2 qto(s), WC, 1 sala(s), cozinha.",52957.6,114000.0,53.55,Venda Direta Online,,NOSSA SENHORA DO SOCORRO,SE,Não
8444417393807,"RUA DAS HORTENCIAS, N. 07, LT 04-E QD 08",SANTA INES,"Casa, 58.30 de área total, 58.30 de área privativa, 125.00 de área do terreno,  2 qto(s), varanda, a.serv, WC, 1 sala(s), cozinha, 1 vaga(s) de garagem.",54815.76,118000.0,53.55,Venda Direta Online,,NOSSA SENHORA DO SOCORRO,SE,Não
8444418927759,"RUA 05 DE ABRIL, N. 80, QUADRA 75",COMPLEXO JARDIM,"Casa, 0.00 de área total, 59.90 de área privativa, 125.00 de área do terreno,  2 qto(s), WC, 1 sala(s), cozinha, 1 vaga(s) de garagem.",53799.62,115000.0,53.22,Venda Direta Online,,NOSSA SENHORA DO SOCORRO,SE,Não
8444418627836,"RUA 9 DE JANEIRO, N. 8, QD 08 LT 08",SANTA INES,"Casa, 0.00 de área total, 62.57 de área privativa, 133.75 de área do terreno,  2 qto(s), varanda, a.serv, WC, 1 sala(s), cozinha.",54735.26,117000.0,53.22,Venda Direta Online,,NOSSA SENHORA DO SOCORRO,SE,Não
8444414355254,"RUA 9, N. SN, LT 100C QD M N 115",COMPLEXO JARDIM,"Casa, 64.08 de área total, 64.08 de área privativa, 125.02 de área do terreno,  2 qto(s), varanda, a.serv, WC, 1 sala(s), cozinha.",39896.65,85000.0,53.07,Venda Direta Online,,NOSSA SENHORA DO SOCORRO,SE,Não
8444415951187,"RUA 10 DE JANEIRO, N. 20, QUADRA 6 LOTE 18D",SANTA INES,"Casa, 0.00 de área total, 61.57 de área privativa, 125.13 de área do terreno,  2 qto(s), a.serv, WC, 1 sala(s), sacada, cozinha, 1 vaga(s) de garagem.",62470.16,132000.0,52.68,Venda Direta Online,,NOSSA SENHORA DO SOCORRO,SE,Não
8444423961862,"AVENIDA 2, N. 24, LT 51D QD 01",GUAJARA,"Casa, 0.00 de área total, 65.50 de área privativa, 100.00 de área do terreno,  2 qto(s), varanda, a.serv, WC, 1 sala(s), cozinha.",48615.46,102000.0,52.34,Venda Direta Online,,NOSSA SENHORA DO SOCORRO,SE,Não
8444426766165,"RUA B, N. 558, QD 14  LT 01-B",COMPLEXO JARDIM,"Casa, 0.00 de área total, 59.70 de área privativa, 125.00 de área do terreno,  2 qto(s), varanda, a.serv, WC, 1 sala(s), cozinha, 1 vaga(s) de garagem.",37273.68,78000.0,52.22,Venda Online,,NOSSA SENHORA DO SOCORRO,SE,Não
8444417209887,"RUA G, N. 385, LT 385B QD 1",COMPLEXO JARDIM,"Casa, 0.00 de área total, 61.35 de área privativa, 132.50 de área do terreno,  2 qto(s), a.serv, WC, 1 sala(s), cozinha.",48872.93,102000.0,52.09,Venda Online,,NOSSA SENHORA DO SOCORRO,SE,Não
8444417984619,"RUA 3, N. 169, LT 423 B QD O",JARDIM,"Casa, 0.00 de área total, 62.68 de área privativa, 132.50 de área do terreno,  2 qto(s), WC, 1 sala(s), cozinha, 1 vaga(s) de garagem.",49831.22,104000.0,52.09,Venda Online,,NOSSA SENHORA DO SOCORRO,SE,Não
8444417592567,"RUA DAS MARGARIDAS, N. 20, QD 82 LT 09",SANTA INES,"Casa, 0.00 de área total, 63.19 de área privativa, 140.00 de área do terreno,  2 qto(s), varanda, a.serv, WC, 1 sala(s), cozinha, 1 vaga(s) de garagem.",58178.96,121000.0,51.92,Venda Online,,NOSSA SENHORA DO SOCORRO,SE,Não
8444419356046,"RUA 11, N. 118, QDO LT116F-2",COMPLEXO JARDIM,"Casa, 70.47 de área total, 70.47 de área privativa, 125.00 de área do terreno,  2 qto(s), varanda, a.serv, WC, 1 sala(s), cozinha, 1 vaga(s) de garagem.",53428.33,110000.0,51.43,Venda Direta Online,,NOSSA SENHORA DO SOCORRO,SE,Não
8444420287451,"RUA 9 DE FEVEREIRO, N. 58, QD40 LT 15N6",COMPLEXO JARDIM,"Casa, 68.20 de área total, 68.20 de área privativa, 132.50 de área do terreno,  2 qto(s), varanda, a.serv, WC, 1 sala(s), cozinha.",52456.91,108000.0,51.43,Venda Direta Online,,NOSSA SENHORA DO SOCORRO,SE,Não
8444424949823,"RUA 9 DE JANEIRO, N. 237, QD. 07 LOTE 18-B1",SANTA INES,"Casa, 60.97 de área total, 60.97 de área privativa, 130.00 de área do terreno,  2 qto(s), varanda, a.serv, WC, 1 sala(s), cozinha.",56033.53,115000.0,51.28,Venda Online,,NOSSA SENHORA DO SOCORRO,SE,Não
8444427296707,"RUA B, N. 197, QD 05, LT 24-A",SANTA INES,"Casa, 61.19 de área total, 61.19 de área privativa, 125.00 de área do terreno,  2 qto(s), varanda, a.serv, WC, 1 sala(s), cozinha, 1 vaga(s) de garagem.",60662.39,124500.0,51.28,Venda Online,,NOSSA SENHORA DO SOCORRO,SE,Não
8444420059858,"RUA B, N. 32A, QD11",COMPLEXO JARDIM,"Casa, 66.46 de área total, 66.46 de área privativa, 133.25 de área do terreno,  2 qto(s), varanda, a.serv, WC, 1 sala(s), cozinha.",53926.39,110000.0,50.98,Venda Direta Online,,NOSSA SENHORA DO SOCORRO,SE,Não
8444424440335,"RUA 9 DE JANEIRO, N. 213, QUADRA 07  LOTE 17A",COMPLEXO JARDIM,"Casa, 60.97 de área total, 60.97 de área privativa, 130.00 de área do terreno,  2 qto(s), varanda, a.serv, WC, 1 sala(s), cozinha, 1 vaga(s) de garagem.",53926.39,110000.0,50.98,Venda Direta Online,,NOSSA SENHORA DO SOCORRO,SE,Não
8444427474109,"RUA 5 DE MARCO, N. 188, QD 63",COMPLEXO JARDIM,"Casa, 68.55 de área total, 68.55 de área privativa, 150.00 de área do terreno,  2 qto(s), a.serv, WC, 1 sala(s), cozinha.",53926.39,110000.0,50.98,Venda Direta Online,,NOSSA SENHORA DO SOCORRO,SE,Não
8444421450682,"RUA BOTAFOGO, N. 04, LT 1369-E QD 26",PAI ANDRE,"Casa, 56.93 de área total, 56.93 de área privativa, 125.00 de área do terreno,  2 qto(s), a.serv, WC, 1 sala(s), cozinha.",53926.39,110000.0,50.98,Venda Direta Online,,NOSSA SENHORA DO SOCORRO,SE,Não
8444414484844,"RUA M, N. 45, LT 24A QD 18",COMPLEXO JARDIM,"Casa, 61.65 de área total, 61.65 de área privativa, 125.00 de área do terreno,  2 qto(s), varanda, a.serv, WC, 1 sala(s), cozinha.",56564.62,115000.0,50.82,Venda Online,,NOSSA SENHORA DO SOCORRO,SE,Não
8444419256637,"RUA A, N. 785, Q15 L10",JARDIM,"Casa, 66.90 de área total, 66.90 de área privativa, 135.00 de área do terreno,  2 qto(s), varanda, a.serv, WC, 1 sala(s), cozinha.",59023.95,120000.0,50.82,Venda Direta Online,,NOSSA SENHORA DO SOCORRO,SE,Não
8444422922669,"RUA 1, N. 10, QUADRA  B LOTE 19",GUAJARA,"Casa, 66.93 de área total, 66.93 de área privativa, 200.00 de área do terreno,  3 qto(s), a.serv, WC, 1 sala(s), cozinha, 1 vaga(s) de garagem.",59023.95,120000.0,50.82,Venda Direta Online,,NOSSA SENHORA DO SOCORRO,SE,Não
8444416065083,"RUA 8 DE ABRIL, N. 12, QUADRA 75 LOTE 04-2 LOTEAMENTO JD. ROS",SANTA INES,"Casa, 61.24 de área total, 61.24 de área privativa, 125.00 de área do terreno,  2 qto(s), varanda, a.serv, WC, 1 sala(s), cozinha, 1 vaga(s) de garagem.",60007.68,122000.0,50.82,Venda Online,,NOSSA SENHORA DO SOCORRO,SE,Não
8444427760446,"RUA 66, N. SN, LT 30-A QD DA",COMPEXO JARDIM,"Casa, 68.25 de área total, 68.25 de área privativa, 125.00 de área do terreno,  2 qto(s), a.serv, WC, 1 sala(s), cozinha, 1 vaga(s) de garagem.",49208.01,100000.0,50.8,Venda Direta Online,,NOSSA SENHORA DO SOCORRO,SE,Não
8444427589429,"RUA D, N. SN, QD 21 LT 62-B",COMPLEXO JARDIM,"Casa, 69.49 de área total, 69.49 de área privativa, 133.75 de área do terreno,  2 qto(s), a.serv, WC, 1 sala(s), cozinha.",64009.67,130000.0,50.77,Venda Online,,NOSSA SENHORA DO SOCORRO,SE,Não
8444428050337,"AVENIDA SANEAMENTO 1, N. SN, QD 12 LT 02-A",COMPEXO JARDIM,"Casa, 72.29 de área total, 72.29 de área privativa, 146.72 de área do terreno,  2 qto(s), a.serv, WC, 1 sala(s), cozinha.",66471.58,135000.0,50.77,Venda Online,,NOSSA SENHORA DO SOCORRO,SE,Não
8444424967007,"RUA 169, N. 191, LT 32A QD FB",DISTRITO NOSSA SENHORA DO SOCORRO,"Casa, 69.15 de área total, 69.15 de área privativa, 125.00 de área do terreno,  2 qto(s), a.serv, WC, 1 sala(s), cozinha, 1 vaga(s) de garagem.",64009.67,130000.0,50.77,Venda Online,,NOSSA SENHORA DO SOCORRO,SE,Não
8444429999675,"RUA PERIMETRAL CENTRO, N. SN, QD 33, LT 36C/36D-04",COMPEXO JARDIM,"Terreno, 0.00 de área total, 0.00 de área privativa, 156.74 de área do terreno.",11356.79,23000.0,50.63,Venda Direta Online,,NOSSA SENHORA DO SOCORRO,SE,Não
8444418051373,"RUA 4, N. SN, LT 111 QD R",BOA VIAGEM,"Casa, 64.90 de área total, 64.90 de área privativa, 130.90 de área do terreno,  2 qto(s), varanda, a.serv, WC, 1 sala(s), cozinha.",41477.01,84000.0,50.63,Venda Direta Online,,NOSSA SENHORA DO SOCORRO,SE,Não
8444425728839,"AVENIDA SANEAMENTO 1, N. SN, QD 21,LT 26-C",SANTA INES,"Terreno, 0.00 de área total, 0.00 de área privativa, 125.00 de área do terreno.",16064.91,32534.96,50.63,Venda Direta Online,,NOSSA SENHORA DO SOCORRO,SE,Não
8444420106880,"RUA 06 DE JANEIRO, N. 260, QUADRA 16 LOTE 11-A",COMPEXO JARDIM,"Casa, 58.52 de área total, 58.52 de área privativa, 151.65 de área do terreno,  2 qto(s), varanda, a.serv, WC, 1 sala(s), cozinha.",47213.34,95000.0,50.31,Venda Direta Online,,NOSSA SENHORA DO SOCORRO,SE,Não
8444420177966,"RUA 02 DE FEVEREIRO, N. 112, LT 11B QD 22",JARDIM ROSA DE MAIO,"Casa, 63.75 de área total, 63.75 de área privativa, 125.00 de área do terreno,  2 qto(s), a.serv, WC, 1 sala(s), cozinha.",49698.25,100000.0,50.31,Venda Direta Online,,NOSSA SENHORA DO SOCORRO,SE,Não
8444410916936,"TRAVESSA 02, N. 12, LT 12 AREA 03 QD 17",ITACANEMA,"Casa, 55.80 de área total, 55.80 de área privativa, 126.42 de área do terreno,  2 qto(s), WC, 1 sala(s), cozinha.",49698.25,100000.0,50.31,Venda Direta Online,,NOSSA SENHORA DO SOCORRO,SE,Não
8444416601430,"RUA 3 DE ABRIL, N. 214, LT 10-B QD 72",SANTA INES,"Casa, 64.00 de área total, 64.00 de área privativa, 125.00 de área do terreno,  2 qto(s), varanda, a.serv, WC Emp, 1 sala(s), cozinha.",49698.25,100000.0,50.31,Venda Direta Online,,NOSSA SENHORA DO SOCORRO,SE,Não
8444422749096,"RUA 6 DE FEVEREIRO, N. 225, QD 35 LT 22",SANTA INES,"Casa, 67.71 de área total, 67.71 de área privativa, 132.50 de área do terreno,  2 qto(s), varanda, a.serv, WC, 1 sala(s), cozinha.",48207.3,97000.0,50.31,Venda Direta Online,,NOSSA SENHORA DO SOCORRO,SE,Não
8444423382226,"RUA 9 DE JANEIRO, N. 65, LT 09-A QD 06",SANTA INES,"Casa, 59.25 de área total, 59.25 de área privativa, 125.00 de área do terreno,  2 qto(s), WC, 1 sala(s), cozinha.",47710.32,96000.0,50.31,Venda Direta Online,,NOSSA SENHORA DO SOCORRO,SE,Não
8444426288166,"RUA 9 DE JANEIRO, N. SN, QD 19 , LT 02",SANTA INES,"Casa, 125.00 de área total, 68.75 de área privativa, 125.00 de área do terreno,  2 qto(s), a.serv, WC, 1 sala(s), cozinha.",44728.42,90000.0,50.31,Venda Direta Online,,NOSSA SENHORA DO SOCORRO,SE,Não
8444406547689,"RUA 09 DE FEVEREIRO, N. 28, QD 40  LT 027",AREA RURAL DE NOSSA SENHORA DO SOCORRO,"Casa, 0.00 de área total, 77.07 de área privativa, 200.00 de área do terreno,  2 qto(s), WC, 1 sala(s), sacada, cozinha.",22375.86,45000.0,50.28,Venda Direta Online,,NOSSA SENHORA DO SOCORRO,SE,Não
8444417464640,"RUA 8 DE FEVEREIRO, N. 25, LT 25, QD 38",JARDIM,"Casa, 69.38 de área total, 69.38 de área privativa, 200.00 de área do terreno,  2 qto(s), WC, 1 sala(s), cozinha, 1 vaga(s) de garagem.",64649.29,130000.0,50.27,Venda Direta Online,,NOSSA SENHORA DO SOCORRO,SE,Não
8444416288929,"RUA 14 DE FEVEREIRO, N. 01, QD 39 LT AREA 01",SANTA INES,"Casa, 67.54 de área total, 67.54 de área privativa, 125.00 de área do terreno,  2 qto(s), varanda, a.serv, WC, 1 sala(s), cozinha.",63654.69,128000.0,50.27,Venda Online,,NOSSA SENHORA DO SOCORRO,SE,Não
8444420472798,"RUA 7 DE JANEIRO, N. 20, QD 19 LT 16",SANTA INES,"Casa, 62.85 de área total, 62.85 de área privativa, 126.00 de área do terreno,  2 qto(s), varanda, a.serv, WC, 1 sala(s), cozinha.",65643.9,132000.0,50.27,Venda Online,,NOSSA SENHORA DO SOCORRO,SE,Não
8444417685760,"RUA 3 DE JANEIRO, N. 40, QD 12 AREA 01",COMPLEXO JARDIM,"Casa, 62.93 de área total, 62.93 de área privativa, 125.00 de área do terreno,  2 qto(s), varanda, a.serv, WC, 1 sala(s), cozinha.",77134.75,155000.0,50.24,Venda Direta Online,,NOSSA SENHORA DO SOCORRO,SE,Não
8444423113691,"AVENIDA ROSA DE MAIO, N. SN, QD 50 LT 26E",SANTA INES,"Casa, 86.00 de área total, 86.00 de área privativa, 160.00 de área do terreno,  2 qto(s), a.serv, WC, 1 sala(s), cozinha, 1 vaga(s) de garagem.",71163.02,143000.0,50.24,Venda Online,,NOSSA SENHORA DO SOCORRO,SE,Não
8444418666904,"RUA 14 DE FEVEREIRO, N. 718, QD 40 LT 02",SANTA INES,"Casa, 61.95 de área total, 61.95 de área privativa, 125.00 de área do terreno,  2 qto(s), varanda, a.serv, WC, 1 sala(s), cozinha.",39902.08,80000.0,50.13,Venda Direta Online,,NOSSA SENHORA DO SOCORRO,SE,Não
8444415145717,"RUA B, N. 214, LT 18-A QD 17",COMPEXO JARDIM,"Casa, 64.24 de área total, 64.24 de área privativa, 133.25 de área do terreno,  2 qto(s), varanda, a.serv, WC, 1 sala(s), cozinha.",52499.77,105000.0,50.01,Venda Direta Online,,NOSSA SENHORA DO SOCORRO,SE,Não
8444424752043,"RUA 2, N. 147, QD H LT 174/175 B LOT SAO BENEDITO",COMPEXO JARDIM,"Casa, 55.00 de área total, 55.00 de área privativa, 125.00 de área do terreno,  2 qto(s), varanda, a.serv, WC, 1 sala(s), cozinha.",51999.77,104000.0,50.01,Venda Direta Online,,NOSSA SENHORA DO SOCORRO,SE,Não
8444416750053,"RUA 2 DE ABRIL, N. LT 05, QD 69",SANTA INES,"Casa, 64.00 de área total, 64.00 de área privativa, 200.00 de área do terreno,  2 qto(s), a.serv, WC, 1 sala(s), cozinha, 1 vaga(s) de garagem.",53999.76,108000.0,50.01,Venda Direta Online,,NOSSA SENHORA DO SOCORRO,SE,Não
8444417714662,"RUA 5 DE ABRIL, N. 100, QD. 79 LOTE CD-3",SANTA INES,"Casa, 68.95 de área total, 68.95 de área privativa, 133.25 de área do terreno,  2 qto(s), varanda, a.serv, WC, 1 sala(s), cozinha.",52499.77,105000.0,50.01,Venda Direta Online,,NOSSA SENHORA DO SOCORRO,SE,Não
8444415648557,"RUA 06, N. 04, QD A-5 LT 786-A",COMPEXO JARDIM,"Casa, 59.63 de área total, 59.63 de área privativa, 93.75 de área do terreno,  2 qto(s), varanda, a.serv, WC, 1 sala(s), cozinha.",58684.73,117000.0,49.85,Venda Direta Online,,NOSSA SENHORA DO SOCORRO,SE,Não
8444423534174,"RUA 1º DE MARÇO, N. 477, LOTES 13 E 15-C, QD 50",COMPLEXO JARDIM,"Casa, 54.55 de área total, 54.55 de área privativa, 133.25 de área do terreno,  2 qto(s), a.serv, WC, 1 sala(s), cozinha, 1 vaga(s) de garagem.",57681.58,115000.0,49.85,Venda Online,,NOSSA SENHORA DO SOCORRO,SE,Não
8444410868230,"RUA 67, N. SN, QD 91, LT 36-A",PARQUE DOS FAROIS,"Casa, 62.72 de área total, 62.72 de área privativa, 125.00 de área do terreno,  2 qto(s), varanda, a.serv, WC, 1 sala(s), cozinha, 1 vaga(s) de garagem.",62697.37,125000.0,49.85,Venda Direta Online,,NOSSA SENHORA DO SOCORRO,SE,Não
8444416681140,"RUA DAS HORTENCIAS, N. 12, LT 04B, QD 06",SANTA INES,"Casa, 59.13 de área total, 59.13 de área privativa, 125.00 de área do terreno,  2 qto(s), a.serv, WC, 1 sala(s), cozinha.",59186.32,118000.0,49.85,Venda Online,,NOSSA SENHORA DO SOCORRO,SE,Não
8444426059116,"RUA 9 DE JANEIRO, N. 114, QD 08, LOTE 18-A03",COMPLEXO JARDIM,"Casa, 68.75 de área total, 68.75 de área privativa, 125.00 de área do terreno,  2 qto(s), varanda, a.serv, WC, 1 sala(s), cozinha.",77945.34,155000.0,49.72,Venda Direta Online,,NOSSA SENHORA DO SOCORRO,SE,Sim
8444414926383,"RUA 5 DE FEVEREIRO, N. 228, QD 28, LT 23 E 25-A",COMPLEXO JARDIM,"Casa, 0.00 de área total, 66.36 de área privativa, 132.50 de área do terreno,  2 qto(s), varanda, a.serv, WC, 1 sala(s), cozinha.",54416.64,108000.0,49.62,Venda Online,,NOSSA SENHORA DO SOCORRO,SE,Não
8444416449094,"RUA 2 DE JANEIRO, N. 22, QD 12, AREA 17",COMPLEXO JARDIM,"Casa, 63.00 de área total, 63.00 de área privativa, 125.00 de área do terreno,  2 qto(s), varanda, a.serv, WC, 1 sala(s), cozinha.",55424.35,110000.0,49.62,Venda Online,,NOSSA SENHORA DO SOCORRO,SE,Não
8444418662984,"RUA 8 DE ABRIL, N. 18, QD 72, AREA 18",COMPLEXO JARDIM,"Casa, 59.13 de área total, 59.13 de área privativa, 125.00 de área do terreno,  2 qto(s), varanda, a.serv, WC, 1 sala(s), cozinha.",55424.35,110000.0,49.62,Venda Online,,NOSSA SENHORA DO SOCORRO,SE,Não
8444420153218,"RUA 6 DE MARCO, N. 105, QD62  LT20-A4",ROSA DE MAIO,"Casa, 67.20 de área total, 67.20 de área privativa, 125.00 de área do terreno,  2 qto(s), varanda, a.serv, WC, 1 sala(s), cozinha.",52905.06,105000.0,49.62,Venda Online,,NOSSA SENHORA DO SOCORRO,SE,Não
8444419098780,"RUA A, N. 791, LT 08A QD 15",COMPLEXO JARDIM,"Casa, 0.00 de área total, 65.66 de área privativa, 132.50 de área do terreno,  2 qto(s), varanda, a.serv, WC, 1 sala(s), cozinha.",60663.5,120000.0,49.45,Venda Online,,NOSSA SENHORA DO SOCORRO,SE,Não
8444422924084,"RUA N, N. 53, .QD 12, LT 31B",SANTA INES,"Casa, 0.00 de área total, 68.75 de área privativa, 125.00 de área do terreno,  2 qto(s), a.serv, WC, 1 sala(s), cozinha, 1 vaga(s) de garagem.",63191.15,125000.0,49.45,Venda Online,,NOSSA SENHORA DO SOCORRO,SE,Não
8444413997872,"RUA A, N. 784, QD 13 LT 09-A",COMPLEXO JARDIM,"Casa, 63.44 de área total, 63.44 de área privativa, 125.00 de área do terreno,  2 qto(s), varanda, a.serv, WC, 1 sala(s), cozinha, 1 vaga(s) de garagem.",50655.3,100000.0,49.35,Venda Direta Online,,NOSSA SENHORA DO SOCORRO,SE,Não
8444424052882,"RUA 12 DE MARÇO, N. 164, QD 57 LT 01A",JARDIM ROSA DE MAIO,"Casa, 55.05 de área total, 55.05 de área privativa, 125.00 de área do terreno,  2 qto(s), a.serv, WC, 1 sala(s), cozinha, 1 vaga(s) de garagem.",50655.3,100000.0,49.35,Venda Direta Online,,NOSSA SENHORA DO SOCORRO,SE,Não
8444429895810,"PC 1 DE FEVEREIRO E A C 1, N. SN, QD22 LT06",ROSA DE MAIO,"Casa, 124.00 de área total, 124.00 de área privativa, 200.00 de área do terreno,  2 qto(s), a.serv, WC, 1 sala(s), cozinha.",48122.54,95000.0,49.35,Venda Direta Online,,NOSSA SENHORA DO SOCORRO,SE,Não
8444415879095,"RUA 18, N. 25, QD V LT 164-E-B",COMPLEXO JARDIM,"Casa, 58.05 de área total, 58.05 de área privativa, 200.00 de área do terreno,  2 qto(s), varanda, WC, 1 sala(s), cozinha.",69947.22,138000.0,49.32,Venda Direta Online,,NOSSA SENHORA DO SOCORRO,SE,Não
8444426782047,"AVENIDA GASODUTO, N. SN, QD HJ LT 450-A",COMPLEXO JARDIM,"Casa, 65.00 de área total, 65.00 de área privativa, 125.00 de área do terreno,  2 qto(s), a.serv, WC, 1 sala(s), cozinha.",65892.31,130000.0,49.32,Venda Direta Online,,NOSSA SENHORA DO SOCORRO,SE,Não
8444416254358,"RUA 7 DE FEVEREIRO, N. 4, LT 04B, QD 37",SANTA INES,"Casa, 69.85 de área total, 69.85 de área privativa, 200.00 de área do terreno,  2 qto(s), a.serv, WC, 1 sala(s), cozinha, 1 vaga(s) de garagem.",52471.45,103500.0,49.31,Venda Direta Online,,NOSSA SENHORA DO SOCORRO,SE,Não
8444428181229,"RUA B, N. SN, LT 12-B QD 17",COMPLEXO JARDIM,"Terreno, 0.00 de área total, 0.00 de área privativa, 133.25 de área do terreno.",15248.9,30000.0,49.18,Venda Direta Online,,NOSSA SENHORA DO SOCORRO,SE,Não
8444429289813,"RUA A, N. 0, QD 17,LT 25/27-A",COMPEXO JARDIM,"Terreno, 0.00 de área total, 0.00 de área privativa, 132.50 de área do terreno.",15248.9,30000.0,49.18,Venda Direta Online,,NOSSA SENHORA DO SOCORRO,SE,Não
8444425179509,"TRAVESSA B, N. SN, LT 46A",JARDIM,"Terreno, 0.00 de área total, 0.00 de área privativa, 180.70 de área do terreno.",17536.24,34500.0,49.18,Venda Direta Online,,NOSSA SENHORA DO SOCORRO,SE,Não
8444420675281,"RUA 15, N. 364, LT 158 A2 QD U",GUAJARA,"Casa, 63.75 de área total, 63.75 de área privativa, 125.00 de área do terreno,  2 qto(s), a.serv, WC, 1 sala(s), cozinha.",40663.74,80000.0,49.18,Venda Direta Online,,NOSSA SENHORA DO SOCORRO,SE,Não
8444422328538,"RUA 13 DE MARÇO, N. 202, QD 53 LOTE 26 A1",DISTRITO NOSSA SENHORA DO SOCORRO,"Casa, 54.55 de área total, 54.55 de área privativa, 125.00 de área do terreno,  2 qto(s), a.serv, WC, 1 sala(s), cozinha, 1 vaga(s) de garagem.",39647.15,78000.0,49.18,Venda Direta Online,,NOSSA SENHORA DO SOCORRO,SE,Não
8444410891321,"RUA 13 DE MARCO, N. 01, LT. 01-A, QD. 54. Nº01",SANTA INES,"Casa, 65.20 de área total, 65.20 de área privativa, 125.00 de área do terreno,  2 qto(s), a.serv, WC, 1 sala(s), cozinha.",48524.82,95000.0,48.93,Venda Online,,NOSSA SENHORA DO SOCORRO,SE,Não
8444428746854,"RUA C1, N. 198,",JARDIM,"Casa, 75.00 de área total, 75.00 de área privativa, 150.00 de área do terreno,  2 qto(s), a.serv, WC, 1 sala(s), cozinha.",64196.2,125600.0,48.89,Venda Online,,NOSSA SENHORA DO SOCORRO,SE,Não
8444425416330,"RUA P, N. SN, LT 08-B, QD 38",COMPLEXO JARDIM,"Terreno, 0.00 de área total, 0.00 de área privativa, 133.75 de área do terreno.",17942.08,35000.0,48.74,Venda Online,,NOSSA SENHORA DO SOCORRO,SE,Não
8444426273673,"AVENIDA SANEAMENTO 1, N. S/N, QD 21, LT 26-E",COMPLEXO JARDIM,"Terreno, 0.00 de área total, 0.00 de área privativa, 125.00 de área do terreno.",20505.23,40000.0,48.74,Venda Online,,NOSSA SENHORA DO SOCORRO,SE,Não
8444428232516,"RUA A, N. SN, QD 02",COMPLEXO JARDIM,"Terreno, 0.00 de área total, 0.01 de área privativa, 133.75 de área do terreno.",12815.77,25000.0,48.74,Venda Online,,NOSSA SENHORA DO SOCORRO,SE,Não
8444422066282,"RUA 6 DE ABRIL, N. 49, LT 07 QD 76",SANTA INES,"Casa, 61.24 de área total, 61.24 de área privativa, 200.00 de área do terreno,  2 qto(s), varanda, a.serv, WC, 1 sala(s), cozinha.",38447.31,75000.0,48.74,Venda Online,,NOSSA SENHORA DO SOCORRO,SE,Não
8444409232867,"RUA 2 DE MARCO, N. 17-B, LT 17-B QD 52",Lot Rosa de Maio,"Casa, 65.20 de área total, 65.20 de área privativa, 125.00 de área do terreno,  2 qto(s), a.serv, WC, 1 sala(s), cozinha, 1 vaga(s) de garagem.",51556.38,100248.95,48.58,Venda Direta Online,,NOSSA SENHORA DO SOCORRO,SE,Não
8444413872026,"AVENIDA 2, N. 102, ÁREA 17, QD F N° 102",GUAJARA,"Casa, 69.75 de área total, 69.75 de área privativa, 146.87 de área do terreno,  2 qto(s), a.serv, WC, 1 sala(s), cozinha, 1 vaga(s) de garagem.",56571.18,110000.0,48.58,Venda Online,,NOSSA SENHORA DO SOCORRO,SE,Não
8444415725039,"RUA B, N. 8, LT 198, QD 9",GUAJARA,"Casa, 65.52 de área total, 65.52 de área privativa, 200.00 de área do terreno,  2 qto(s), varanda, a.serv, WC, 1 sala(s), cozinha.",56571.18,110000.0,48.58,Venda Online,,NOSSA SENHORA DO SOCORRO,SE,Não
8444407328930,"RUA 2 DE MARCO, N. 55, LT 32 QD 57",SANTA INES,"Casa, 75.84 de área total, 75.84 de área privativa, 200.00 de área do terreno,  2 qto(s), WC, 2 sala(s), 1 lavabo(s), cozinha.",60396.63,117417.48,48.57,Venda Direta Online,,NOSSA SENHORA DO SOCORRO,SE,Não
8444424024900,"RUA D, N. 409, LT 34-B QD 20",LOT JD VILA NEY,"Casa, 59.70 de área total, 59.70 de área privativa, 125.00 de área do terreno,  2 qto(s), varanda, a.serv, WC, 1 sala(s), cozinha.",61909.17,120000.0,48.41,Venda Online,,NOSSA SENHORA DO SOCORRO,SE,Não
8444428923772,"RUA PALESTINA (ANTIGA RUA VICINAL), N. SN, A 39",JARDIM,"Casa, 58.89 de área total, 58.89 de área privativa, 125.02 de área do terreno,  2 qto(s), a.serv, WC, 1 sala(s), cozinha, 1 vaga(s) de garagem.",64488.72,125000.0,48.41,Venda Online,,NOSSA SENHORA DO SOCORRO,SE,Não
8444427273642,"RUA F, N. 273, QD25 LT9-A",NOVO HORIZONTE,"Casa, 61.86 de área total, 61.86 de área privativa, 133.75 de área do terreno,  2 qto(s), varanda, a.serv, WC, 1 sala(s), cozinha.",77526.28,150000.0,48.32,Venda Direta Online,,NOSSA SENHORA DO SOCORRO,SE,Não
8444413611273,"RUA J, N. 26, LOT 26, QUADRA 15",COMPLEXO TAICOCA,"Casa, 70.00 de área total, 70.00 de área privativa, 160.00 de área do terreno,  2 qto(s), a.serv, WC, 1 sala(s), cozinha, 1 vaga(s) de garagem.",52102.6,100000.0,47.9,Venda Direta Online,,NOSSA SENHORA DO SOCORRO,SE,Não
8444425776957,"RUA 3, N. SN, LT 412A, QD 400",GUAJARA,"Casa, 64.30 de área total, 64.30 de área privativa, 137.50 de área do terreno,  2 qto(s), a.serv, WC, 1 sala(s), cozinha, 1 vaga(s) de garagem.",52102.6,100000.0,47.9,Venda Direta Online,,NOSSA SENHORA DO SOCORRO,SE,Não
8444406375900,"RUA 12 DE MARCO, N. 0, LT 18H QD 52 LOT JARDIM",SANTA INES,"Casa, 0.00 de área total, 62.90 de área privativa, 125.00 de área do terreno,  2 qto(s), a.serv, WC, 1 sala(s), cozinha.",52102.6,100000.0,47.9,Venda Direta Online,,NOSSA SENHORA DO SOCORRO,SE,Não
8444415680639,"RUA 8 DE JANEIRO, N. 01-A, LT 01-A QD 09",SANTA INES,"Casa, 56.11 de área total, 56.11 de área privativa, 141.00 de área do terreno,  2 qto(s), a.serv, WC, 1 sala(s), cozinha.",49497.47,95000.0,47.9,Venda Direta Online,,NOSSA SENHORA DO SOCORRO,SE,Não
8444408144948,"RUA 8 DE ABRIL, N. 7,  QUADRA 81 ÁREA N° 01",SANTA INES,"Casa, 59.59 de área total, 59.59 de área privativa, 160.00 de área do terreno,  2 qto(s), a.serv, WC, 1 sala(s), cozinha, 1 vaga(s) de garagem.",22154.6,42500.0,47.88,Venda Direta Online,,NOSSA SENHORA DO SOCORRO,SE,Não
8444427433518,"RUA A, N. 255, QD 10 LT 18-A",COMPEXO JARDIM,"Casa, 69.71 de área total, 69.71 de área privativa, 133.75 de área do terreno,  2 qto(s), varanda, a.serv, WC, 1 sala(s), cozinha.",71424.36,137000.0,47.87,Venda Direta Online,,NOSSA SENHORA DO SOCORRO,SE,Não
8444419172239,"RUA 52, N. 177, LT09B QDA62",PARQUE DOS FAROIS,"Casa, 60.25 de área total, 60.25 de área privativa, 125.00 de área do terreno,  2 qto(s), a.serv, WC, 1 sala(s), cozinha, 1 vaga(s) de garagem.",67774.95,130000.0,47.87,Venda Direta Online,,NOSSA SENHORA DO SOCORRO,SE,Não
8444424173493,"RUA U, N. 525, LT 525 AA2, QD 21",JARDIM,"Casa, 67.90 de área total, 67.90 de área privativa, 125.00 de área do terreno,  2 qto(s), a.serv, WC, 1 sala(s), cozinha, 1 vaga(s) de garagem.",9410.75,18000.0,47.72,Venda Direta Online,,NOSSA SENHORA DO SOCORRO,SE,Não
8444426611552,"R 09 DE JANEIRO, N. SN, QD 19 LT 09",SANTA INES,"Terreno, 0.00 de área total, 0.00 de área privativa, 125.00 de área do terreno.",21958.42,42000.0,47.72,Venda Direta Online,,NOSSA SENHORA DO SOCORRO,SE,Não
8444427057036,"RUA 4 DE ABRIL, N. SN, QD 75, LOTE 30",SANTA INES,"Terreno, 0.00 de área total, 0.00 de área privativa, 200.00 de área do terreno.",12547.66,24000.0,47.72,Venda Direta Online,,NOSSA SENHORA DO SOCORRO,SE,Não
8444428012494,"RUA B, N. SN, QD 17, LT 14A",SANTA INES,"Terreno, 0.00 de área total, 0.00 de área privativa, 133.25 de área do terreno.",14638.95,28000.0,47.72,Venda Direta Online,,NOSSA SENHORA DO SOCORRO,SE,Não
8444415733937,"AVENIDA ROSA DE MAIO, N. 03-B, LT03-B, QD 72",SANTA INES,"Casa, 0.00 de área total, 57.54 de área privativa, 127.50 de área do terreno,  2 qto(s), a.serv, WC, 1 sala(s), cozinha, 1 vaga(s) de garagem.",52459.26,100000.0,47.55,Venda Direta Online,,NOSSA SENHORA DO SOCORRO,SE,Não
8444428199845,"RUA R, N. 27, QD36 LT1/2-D",COMPEXO JARDIM,"Casa, 71.67 de área total, 71.67 de área privativa, 125.00 de área do terreno,  2 qto(s), varanda, a.serv, WC, 1 sala(s), cozinha.",73768.33,140000.0,47.31,Venda Direta Online,,NOSSA SENHORA DO SOCORRO,SE,Não
8555515870750,"RUA B1, N. 186B, LOTE 27 28A",PIABETA,"Casa, 0.00 de área total, 33.05 de área privativa, 220.82 de área do terreno,  2 qto(s), WC, 1 sala(s), cozinha.",53226.17,101000.0,47.31,Venda Online,,NOSSA SENHORA DO SOCORRO,SE,Não
8444421750627,"RUA 15, N. 540A2, QD 21",LOT PARQUE SANTA RIT,"Casa, 67.71 de área total, 67.71 de área privativa, 230.00 de área do terreno,  2 qto(s), a.serv, WC, 1 sala(s), cozinha, 1 vaga(s) de garagem.",49673.04,94000.0,47.16,Venda Direta Online,,NOSSA SENHORA DO SOCORRO,SE,Não
8444420714554,"RUA A, N. 105,",SANTA INES,"Casa, 59.25 de área total, 59.25 de área privativa, 125.00 de área do terreno,  2 qto(s), a.serv, WC, 1 sala(s), cozinha, Terraco, 1 vaga(s) de garagem.",52843.66,100000.0,47.16,Venda Direta Online,,NOSSA SENHORA DO SOCORRO,SE,Não
8444420154397,"RUA M, N. 144, LOTE 37-A QUADRA 20",LOT JD VILA NEY,"Casa, 67.50 de área total, 67.50 de área privativa, 125.00 de área do terreno,  2 qto(s), a.serv, WC, 1 sala(s), cozinha.",58142.6,110000.0,47.15,Venda Online,,NOSSA SENHORA DO SOCORRO,SE,Não
8444417729392,"RUA 4, N. 30, LT 114 QD R",GUAJARA,"Casa, 64.12 de área total, 64.12 de área privativa, 142.00 de área do terreno,  2 qto(s), varanda, a.serv, WC, 1 sala(s), cozinha.",58142.6,110000.0,47.15,Venda Online,,NOSSA SENHORA DO SOCORRO,SE,Não
8444426221177,"RUA D, N. 388, LT 17 QD 18",SANTA INES,"Casa, 66.80 de área total, 66.80 de área privativa, 200.00 de área do terreno,  2 qto(s), varanda, a.serv, WC, cozinha.",58142.6,110000.0,47.15,Venda Online,,NOSSA SENHORA DO SOCORRO,SE,Não
8444409177335,"RUA H, N. 11, A11-B",JARDIM,"Casa, 68.50 de área total, 68.50 de área privativa, 125.00 de área do terreno,  3 qto(s), a.serv, WC, 1 sala(s), cozinha, 1 vaga(s) de garagem.",60977.67,115000.0,46.98,Venda Direta Online,,NOSSA SENHORA DO SOCORRO,SE,Não
1444416369165,"AVENIDA 02 DE FEVEREIRO, N. SN, LT 01",CENTRO HISTORICO,"Casa, 0.00 de área total, 74.56 de área privativa, 141.75 de área do terreno.",171189.07,320414.15,46.58,Venda Direta Online,,NOSSA SENHORA DO SOCORRO,SE,Sim
8444404896384,"RUA 1º DE MARÇO, N. 100, QD 50 LT 19",SANTA INES,"Casa, 69.14 de área total, 69.14 de área privativa, 200.00 de área do terreno,  3 qto(s), varanda, a.serv, WC, 1 sala(s), cozinha.",52478.89,98000.0,46.46,Venda Direta Online,,NOSSA SENHORA DO SOCORRO,SE,Não
8444424804817,"RUA B, N. 35, LOTE 28 QUADRA 03",SANTA INES,"Casa, 54.43 de área total, 54.43 de área privativa, 125.00 de área do terreno,  2 qto(s), a.serv, WC, 1 sala(s), cozinha.",69657.58,130000.0,46.42,Venda Online,,NOSSA SENHORA DO SOCORRO,SE,Não
8444406095230,"RUA 6 DE ABRIL, N. S/N, LT 16A QD 81",SANTA INES,"Casa, 62.96 de área total, 62.96 de área privativa, 135.00 de área do terreno,  2 qto(s), a.serv, WC, 1 sala(s), cozinha.",56363.19,105000.0,46.33,Venda Online,,NOSSA SENHORA DO SOCORRO,SE,Não
8444425905340,"RUA DAS MARGARIDAS, N. 352, LT 15/17-C QD 10",SANTA INES,"Casa, 69.35 de área total, 69.35 de área privativa, 132.50 de área do terreno,  2 qto(s), varanda, a.serv, WC, 1 sala(s), cozinha.",78525.22,145000.0,45.85,Venda Direta Online,,NOSSA SENHORA DO SOCORRO,SE,Não
8444417823348,"RUA 02, N. 33, LT 41-A QD C",GUAJARA,"Casa, 0.00 de área total, 65.59 de área privativa, 132.50 de área do terreno,  2 qto(s), varanda, a.serv, WC, 1 sala(s), cozinha.",56999.75,105000.0,45.72,Venda Direta Online,,NOSSA SENHORA DO SOCORRO,SE,Não
8444417441011,"RUA 4 DE ABRIL, N. 15, LT 15 QD 72",SANTA INES,"Casa, 65.52 de área total, 65.52 de área privativa, 200.00 de área do terreno,  2 qto(s), a.serv, WC, 1 sala(s), cozinha.",59714.02,110000.0,45.72,Venda Direta Online,,NOSSA SENHORA DO SOCORRO,SE,Não
8444425691820,"R C, N. 0, QD22, LT 42-A,",COMPLEXO JARDIM,"Terreno, 0.00 de área total, 0.00 de área privativa, 133.75 de área do terreno.",10863.02,20000.0,45.69,Venda Direta Online,,NOSSA SENHORA DO SOCORRO,SE,Não
8444410056945,"RUA 13 DE MARCO, N. 456, LT 1B, QD 54",SANTA INES,"Casa, 0.00 de área total, 65.20 de área privativa, 125.00 de área do terreno,  2 qto(s), a.serv, WC, 1 sala(s), cozinha, 1 vaga(s) de garagem.",54353.48,100000.0,45.65,Venda Direta Online,,NOSSA SENHORA DO SOCORRO,SE,Não
8444425518699,"RUA 5-C, N. 31, C2 LT 77-B QD C2 LOT JD GUAJARA",COMPLEXO JARDIM,"Casa, 65.02 de área total, 65.02 de área privativa, 125.00 de área do terreno,  2 qto(s), a.serv, WC, 1 sala(s), cozinha, 1 vaga(s) de garagem.",46747.6,85000.0,45.01,Venda Direta Online,,NOSSA SENHORA DO SOCORRO,SE,Não
8444422144348,"RUA 3, N. 193, LT 425B QD O",GUAJARA,"Casa, 62.68 de área total, 62.68 de área privativa, 132.50 de área do terreno,  2 qto(s), varanda, a.serv, WC, 1 sala(s), cozinha, 1 vaga(s) de garagem.",52247.33,95000.0,45.01,Venda Direta Online,,NOSSA SENHORA DO SOCORRO,SE,Não
8444426432976,"RUA A, N. SN, AR 03 QD 19",SANTA INES,"Terreno, 0.00 de área total, 0.00 de área privativa, 175.00 de área do terreno.",12416.96,22500.0,44.82,Venda Direta Online,,NOSSA SENHORA DO SOCORRO,SE,Não
8444410113248,"RUA Y, N. 33, QD20 LT19",JARDIM,"Casa, 108.00 de área total, 108.00 de área privativa, 144.00 de área do terreno,  3 qto(s), a.serv, WC, 1 sala(s), cozinha.",94493.47,170000.0,44.42,Venda Online,,NOSSA SENHORA DO SOCORRO,SE,Sim
8444416400303,"RUA 2 DE JANEIRO, N. 34, LT 19 QD 12",JARDIM ROSA DE MAIO,"Casa, 63.00 de área total, 63.00 de área privativa, 125.00 de área do terreno,  2 qto(s), a.serv, WC, 1 sala(s), cozinha, 1 vaga(s) de garagem.",61285.44,110000.0,44.29,Venda Direta Online,,NOSSA SENHORA DO SOCORRO,SE,Não
8444418477915,"RUA 04 DE FEVEREIRO, N. 10, LT 14A-D-03 QD 30",JARDIM ROSA DE MAIO,"Casa, 68.57 de área total, 68.57 de área privativa, 126.32 de área do terreno,  2 qto(s), a.serv, WC, 1 sala(s), cozinha, 1 vaga(s) de garagem.",60171.16,108000.0,44.29,Venda Direta Online,,NOSSA SENHORA DO SOCORRO,SE,Não
8444429359889,"RUA 4 DE JANEIRO, N. 98, LT 16/18C QD 14",JARDIM ROSA DE MAIO,"Casa, 69.82 de área total, 69.82 de área privativa, 150.00 de área do terreno,  2 qto(s), a.serv, WC, 1 sala(s), cozinha, 1 vaga(s) de garagem.",61285.44,110000.0,44.29,Venda Direta Online,,NOSSA SENHORA DO SOCORRO,SE,Não
8444414336675,"RUA PERIMETRAL CENTRO, N. 52, LT 26-D QD 44",SANTA INES,"Casa, 65.48 de área total, 65.48 de área privativa, 135.88 de área do terreno,  2 qto(s), a.serv, WC, 1 sala(s), cozinha, 1 vaga(s) de garagem.",62399.72,112000.0,44.29,Venda Direta Online,,NOSSA SENHORA DO SOCORRO,SE,Não
8444416646043,"RUA 09, N. 134, QD N LOTE 106-C",GUAJARA,"Casa, 59.97 de área total, 59.97 de área privativa, 125.00 de área do terreno,  2 qto(s), varanda, a.serv, WC, 1 sala(s), cozinha, 1 vaga(s) de garagem.",64273.76,115000.0,44.11,Venda Direta Online,,NOSSA SENHORA DO SOCORRO,SE,Não
8444415196575,"RUA DAS HORTENCIAS, N. 3, QD 08 LOTE 01-C",SANTA INES,"Casa, 58.57 de área total, 58.57 de área privativa, 125.00 de área do terreno,  2 qto(s), varanda, a.serv, WC, 1 sala(s), cozinha, 1 vaga(s) de garagem.",63476.08,113572.79,44.11,Venda Direta Online,,NOSSA SENHORA DO SOCORRO,SE,Não
8444415544581,"RUA 5 DE JANEIRO, N. 16, QD 14  LOTE 05",SANTA INES,"Casa, 66.46 de área total, 66.46 de área privativa, 133.25 de área do terreno,  2 qto(s), a.serv, WC, 1 sala(s), cozinha, 1 vaga(s) de garagem.",67068.27,120000.0,44.11,Venda Direta Online,,NOSSA SENHORA DO SOCORRO,SE,Não
8444421264188,"RUA 4 DE JANEIRO, N. 50, LT 08A QD 14",COMPLEXO JARDIM,"Casa, 69.29 de área total, 69.29 de área privativa, 133.25 de área do terreno,  2 qto(s), a.serv, WC, 1 sala(s), cozinha.",56444.48,100000.0,43.56,Venda Online,,NOSSA SENHORA DO SOCORRO,SE,Não
8444422078612,"RUA PROJETADA S/D, N. 239,  QD A4 LT 733 1ºPAV",COMPEXO JARDIM,"Casa, 69.79 de área total, 69.79 de área privativa, 200.00 de área do terreno,  2 qto(s), a.serv, WC, 1 sala(s), cozinha.",76246.82,135000.0,43.53,Venda Direta Online,,NOSSA SENHORA DO SOCORRO,SE,Não
8444429639172,"RUA 1° MARÇO, N. 470, QD 54 LT 16 1ºPAV",TAICOCA DE FORA,"Casa, 70.46 de área total, 70.46 de área privativa, 200.00 de área do terreno,  3 qto(s), a.serv, WC, 1 sala(s), cozinha.",73422.86,130000.0,43.53,Venda Direta Online,,NOSSA SENHORA DO SOCORRO,SE,Não
8444424517222,"RUA 11, N. 457, LT 123-D QD Q",GUAJARA,"Casa, 63.48 de área total, 63.48 de área privativa, 400.00 de área do terreno,  2 qto(s), a.serv, WC, 1 sala(s), cozinha, 1 vaga(s) de garagem.",73826.9,130715.38,43.53,Venda Direta Online,,NOSSA SENHORA DO SOCORRO,SE,Não
8444426558899,"RUA D, N. 574, LT 35-B QD 19",SANTA INES,"Casa, 69.35 de área total, 69.35 de área privativa, 132.50 de área do terreno,  2 qto(s), a.serv, WC, 1 sala(s), cozinha, 1 vaga(s) de garagem.",76246.82,135000.0,43.53,Venda Direta Online,,NOSSA SENHORA DO SOCORRO,SE,Não
8444425502342,"RUA 2, N. S/N, LT 43 QD C",GUAJARA,"Terreno, 0.00 de área total, 0.00 de área privativa, 200.00 de área do terreno.",26826.8,47364.72,43.37,Venda Direta Online,,NOSSA SENHORA DO SOCORRO,SE,Não
8444402195060,"RUA 14 DE FEVEREIRO, N. 572, LT 01-B QD 33",SANTA INES,"Casa, 56.12 de área total, 56.12 de área privativa, 125.25 de área do terreno,  2 qto(s), varanda, a.serv, WC, 1 sala(s), cozinha.",36248.82,64000.0,43.37,Venda Direta Online,,NOSSA SENHORA DO SOCORRO,SE,Não
8444414489161,"RUA 06 DE FEVEREIRO, N. 565, QD 32",CASTELO,"Casa, 64.00 de área total, 64.00 de área privativa, 125.00 de área do terreno,  2 qto(s), WC, 1 sala(s), cozinha.",63999.72,112000.0,42.86,Venda Direta Online,,NOSSA SENHORA DO SOCORRO,SE,Não
8444419542460,"RUA PRESIDENTE VARGAS, N. 78, LT 03 QD L",PAI ANDRE,"Casa, 55.00 de área total, 55.00 de área privativa, 125.00 de área do terreno,  2 qto(s), varanda, a.serv, WC, 1 sala(s), cozinha.",61142.59,107000.0,42.86,Venda Direta Online,,NOSSA SENHORA DO SOCORRO,SE,Não
8444422630188,"RUA I, N. 239, QD 20 LT 515",GUAJARA,"Casa, 130.81 de área total, 60.75 de área privativa, 200.00 de área do terreno,  2 qto(s), varanda, a.serv, WC, 1 sala(s), cozinha.",59999.74,105000.0,42.86,Venda Direta Online,,NOSSA SENHORA DO SOCORRO,SE,Não
8444427919186,"RUA H, N. SN, LT 340 A",GUAJARA,"Casa, 69.49 de área total, 69.49 de área privativa, 125.00 de área do terreno,  2 qto(s), a.serv, WC, 1 sala(s), cozinha.",61142.59,107000.0,42.86,Venda Direta Online,,NOSSA SENHORA DO SOCORRO,SE,Não
8444415932999,"RUA 4 DE ABRIL, N. 66, LOTE 22 QUADRA 75",SANTA INES,"Casa, 56.26 de área total, 56.26 de área privativa, 200.00 de área do terreno,  2 qto(s), WC, 1 sala(s), cozinha.",64571.15,113000.0,42.86,Venda Online,,NOSSA SENHORA DO SOCORRO,SE,Não
8444419281305,"RUA B, N. 771, LT 06 QD 17",SANTA INES,"Casa, 61.95 de área total, 61.95 de área privativa, 200.00 de área do terreno,  2 qto(s), varanda, a.serv, WC, 1 sala(s), cozinha.",62856.87,110000.0,42.86,Licitação Aberta,,NOSSA SENHORA DO SOCORRO,SE,Não
8444425234151,"PRACA 15 DE JANEIRO, N. 26, LT 26 QD 19",SANTA INES,"Casa, 59.70 de área total, 59.70 de área privativa, 132.30 de área do terreno,  2 qto(s), a.serv, WC, 1 sala(s), cozinha.",63999.72,112000.0,42.86,Venda Direta Online,,NOSSA SENHORA DO SOCORRO,SE,Não
8444427116881,"RUA D, N. SN, LT 54A, QD 21",SANTA INES,"Casa, 69.03 de área total, 69.03 de área privativa, 132.50 de área do terreno,  2 qto(s), a.serv, WC, 1 sala(s), cozinha.",61884.86,108298.98,42.86,Licitação Aberta,,NOSSA SENHORA DO SOCORRO,SE,Não
8444429383569,"RUA DAS HORTENCIAS, N. SN, 04-D, QD 10 , LOT.JARDIM ROSA DE MAIO",SANTA INES,"Casa, 51.41 de área total, 51.41 de área privativa, 195.00 de área do terreno,  2 qto(s), WC, 1 sala(s), cozinha.",62856.87,110000.0,42.86,Venda Direta Online,,NOSSA SENHORA DO SOCORRO,SE,Não
8444415397589,"RUA 5 DE JANEIRO, N. 12, LT 03 QD 14",COMPLEXO JARDIM,"Casa, 66.46 de área total, 66.46 de área privativa, 133.25 de área do terreno,  2 qto(s), varanda, a.serv, WC, 1 sala(s), cozinha.",69934.44,122000.0,42.68,Licitação Aberta,,NOSSA SENHORA DO SOCORRO,SE,Não
8444416189815,"RUA  08 DE JANEIRO, N. SN, QUADRA 09 LOTE 01B",COMPLEXO JARDIM,"Casa, 0.00 de área total, 56.11 de área privativa, 150.00 de área do terreno,  2 qto(s), a.serv, WC, 1 sala(s), cozinha.",68787.97,120000.0,42.68,Licitação Aberta,,NOSSA SENHORA DO SOCORRO,SE,Não
8444420333984,"AVENIDA SANEAMENTO 1, N. 15-H, LT 15 H QD 71",COMPEXO JARDIM,"Casa, 70.00 de área total, 70.00 de área privativa, 127.12 de área do terreno,  2 qto(s), a.serv, WC, 1 sala(s), cozinha.",66495.04,116000.0,42.68,Venda Direta Online,,NOSSA SENHORA DO SOCORRO,SE,Não
8444427053766,"RUA 9 DE FEVEREIRO, N. 27, QD 42 LT 28D3",COMPLEXO JARDIM,"Casa, 63.90 de área total, 63.90 de área privativa, 138.75 de área do terreno,  2 qto(s), varanda, a.serv, WC, 1 sala(s), cozinha.",68862.49,120130.0,42.68,Licitação Aberta,,NOSSA SENHORA DO SOCORRO,SE,Não
8444418541974,"RUA 13 DE MARCO, N. 210, QD 53 LT 26-B2",CENTRO HISTORICO,"Casa, 0.00 de área total, 61.22 de área privativa, 125.00 de área do terreno,  2 qto(s), varanda, a.serv, WC, 1 sala(s), cozinha.",67641.51,118000.0,42.68,Venda Direta Online,,NOSSA SENHORA DO SOCORRO,SE,Não
8444426235038,"RUA PADRE MANOEL GOMES, N. SN, LT 06",CENTRO HISTORICO,"Casa, 0.00 de área total, 75.25 de área privativa, 141.40 de área do terreno,  2 qto(s), a.serv, WC, 1 sala(s), cozinha, 1 vaga(s) de garagem.",68214.74,119000.0,42.68,Venda Direta Online,,NOSSA SENHORA DO SOCORRO,SE,Não
8444410472094,"RUA 32, N. 03, QD 17 LT 03",ITACANEMA,"Casa, 55.80 de área total, 55.80 de área privativa, 127.78 de área do terreno,  2 qto(s), WC, 1 sala(s), cozinha.",68787.97,120000.0,42.68,Licitação Aberta,,NOSSA SENHORA DO SOCORRO,SE,Não
8444419828045,"RUA 4, N. 201, LT 110, QD R",JARDIM,"Casa, 64.25 de área total, 64.25 de área privativa, 138.30 de área do terreno,  2 qto(s), a.serv, WC, 1 sala(s), cozinha, 1 vaga(s) de garagem.",65921.81,115000.0,42.68,Venda Direta Online,,NOSSA SENHORA DO SOCORRO,SE,Não
8444413375278,"AVENIDA 02, N. 104, AREA 18 QUADRA F Nº 104",GUAJARA,"Casa, 69.98 de área total, 69.98 de área privativa, 153.47 de área do terreno,  2 qto(s), a.serv, WC, 1 sala(s), cozinha, 1 vaga(s) de garagem.",65921.81,115000.0,42.68,Venda Online,,NOSSA SENHORA DO SOCORRO,SE,Não
8444426817444,"AVENIDA SEM DENOMINAÇÃO, N. 270, LT 230-G QD Z-4",GUAJARA,"Casa, 61.44 de área total, 61.44 de área privativa, 61.44 de área do terreno,  2 qto(s), a.serv, WC, 1 sala(s), cozinha.",68787.97,120000.0,42.68,Venda Direta Online,,NOSSA SENHORA DO SOCORRO,SE,Não
8444415491666,"AVENIDA SANEAMENTO 2, N. 03, QD 10 LT 02 A",SANTA INES,"Casa, 65.76 de área total, 65.76 de área privativa, 125.00 de área do terreno,  2 qto(s), varanda, WC, 2 sala(s), cozinha.",69934.44,122000.0,42.68,Venda Direta Online,,NOSSA SENHORA DO SOCORRO,SE,Não
8444415594201,"RUA PERIMETRAL CENTRO, N. 125, LOT 14A-D-8 QUADRA 30",SANTA INES,"Casa, 66.50 de área total, 66.50 de área privativa, 128.19 de área do terreno,  2 qto(s), varanda, WC, 1 sala(s), cozinha.",68787.97,120000.0,42.68,Venda Direta Online,,NOSSA SENHORA DO SOCORRO,SE,Não
8444418252522,"AVENIDA SANEAMENTO 1, N. 03, LT 53-C  QD 09",SANTA INES,"Casa, 59.71 de área total, 59.71 de área privativa, 153.40 de área do terreno,  2 qto(s), varanda, a.serv, WC, 1 sala(s), cozinha.",65921.81,115000.0,42.68,Venda Direta Online,,NOSSA SENHORA DO SOCORRO,SE,Não
8444418923966,"RUA 12 DE MARÇO, N. 188, LT 04-C, QD 59",SANTA INES,"Casa, 70.00 de área total, 70.00 de área privativa, 125.00 de área do terreno,  3 qto(s), a.serv, WC, 1 sala(s), cozinha.",71654.14,125000.0,42.68,Venda Direta Online,,NOSSA SENHORA DO SOCORRO,SE,Não
8444426043830,"AVENIDA SANEAMENTO 2, N. 499, QD 37 LT 04A",SANTA INES,"Casa, 59.70 de área total, 59.70 de área privativa, 145.62 de área do terreno,  2 qto(s), varanda, a.serv, WC, 1 sala(s), cozinha.",68214.74,119000.0,42.68,Venda Direta Online,,NOSSA SENHORA DO SOCORRO,SE,Não
8444415200653,"RUA E, N. SN, LT 28-A QD 09",SANTA INES,"Casa, 68.50 de área total, 68.50 de área privativa, 133.50 de área do terreno,  2 qto(s), varanda, a.serv, WC, 1 sala(s), cozinha.",57373.12,100000.0,42.63,Venda Direta Online,,NOSSA SENHORA DO SOCORRO,SE,Não
8444418509809,"AVENIDA CANAL, N. 32B, QD C LT 32B",COMPLEXO JARDIM,"Casa, 57.75 de área total, 57.75 de área privativa, 125.00 de área do terreno,  2 qto(s), varanda, a.serv, WC, 1 sala(s), cozinha.",94494.1,163546.94,42.23,Venda Direta Online,,NOSSA SENHORA DO SOCORRO,SE,Não
8444413936326,"RUA U, N. 95, QD 20 LT 484-B",COMPLEXO JARDIM,"Casa, 57.75 de área total, 57.75 de área privativa, 125.00 de área do terreno,  2 qto(s), varanda, a.serv, 1 sala(s), cozinha.",54997.19,95000.0,42.11,Venda Direta Online,,NOSSA SENHORA DO SOCORRO,SE,Não
8444419455443,"RUA 06 DE FEVEREIRO, N. 45, QD 31 LT 11",COMPEXO JARDIM,"Casa, 65.78 de área total, 65.78 de área privativa, 200.00 de área do terreno,  2 qto(s), varanda, a.serv, WC, 1 sala(s), cozinha.",52102.6,90000.0,42.11,Venda Direta Online,,NOSSA SENHORA DO SOCORRO,SE,Não
8444422150356,"RUA C, N. 183, LT 01B QD 17",JARDIM VILA NEY,"Casa, 66.18 de área total, 66.18 de área privativa, 125.00 de área do terreno,  2 qto(s), a.serv, WC, 1 sala(s), cozinha, 1 vaga(s) de garagem.",57139.19,98700.0,42.11,Venda Direta Online,,NOSSA SENHORA DO SOCORRO,SE,Não
8444424945925,"R D, N. 547, LT 28/30, QD 21",COMPEXO JARDIM,"Casa, 65.75 de área total, 65.75 de área privativa, 125.00 de área do terreno,  2 qto(s), a.serv, WC, 1 sala(s), cozinha, 1 vaga(s) de garagem.",52102.6,90000.0,42.11,Venda Direta Online,,NOSSA SENHORA DO SOCORRO,SE,Não
8444427374163,"RUA PRINCIPAL, N. SN, QUADRA B, AREA 01",CJ JARDIM,"Casa, 112.00 de área total, 112.00 de área privativa, 125.00 de área do terreno,  2 qto(s), a.serv, WC, 1 sala(s), cozinha.",57891.78,100000.0,42.11,Venda Online,,NOSSA SENHORA DO SOCORRO,SE,Não
8444416927026,"RUA 6, N. 05, LOTE Nº 786-B QUADRA A5",CASTELO,"Casa, 59.63 de área total, 59.63 de área privativa, 101.25 de área do terreno,  2 qto(s), a.serv, WC, 1 sala(s), cozinha.",57891.78,100000.0,42.11,Venda Online,,NOSSA SENHORA DO SOCORRO,SE,Não
8444429382074,"RUA 126, N. SN, QD GH  LT 7692",SANTA CECILIA,"Casa, 64.97 de área total, 64.97 de área privativa, 140.00 de área do terreno,  2 qto(s), a.serv, WC, 1 sala(s), cozinha.",53260.44,92000.0,42.11,Venda Direta Online,,NOSSA SENHORA DO SOCORRO,SE,Não
8444411358600,"RUA 05, N. 144-A, QD D-2",GUAJARA,"Casa, 63.97 de área total, 63.97 de área privativa, 151.88 de área do terreno,  2 qto(s), a.serv, WC, 1 sala(s), cozinha, 1 vaga(s) de garagem.",53028.87,91600.0,42.11,Venda Direta Online,,NOSSA SENHORA DO SOCORRO,SE,Não
8444419540831,"RUA 6 DE MARCO, N. 16, QD 64 LT 16",SANTA INES,"Casa, 68.77 de área total, 68.77 de área privativa, 200.00 de área do terreno,  2 qto(s), varanda, a.serv, WC, 1 sala(s), cozinha.",53102.59,91727.34,42.11,Venda Direta Online,,NOSSA SENHORA DO SOCORRO,SE,Não
8444427396787,"RUA PERIMETRAL CENTRO, N. 1062, LT 36B-01 QD 33",SANTA INES,"Casa, 57.39 de área total, 57.39 de área privativa, 125.00 de área do terreno,  2 qto(s), a.serv, WC, 1 sala(s), cozinha.",57891.78,100000.0,42.11,Venda Direta Online,,NOSSA SENHORA DO SOCORRO,SE,Não
8444428599207,"RUA A, N. SN, LT 30B, QD 16",SANTA INES,"Casa, 69.75 de área total, 69.75 de área privativa, 125.00 de área do terreno,  2 qto(s), a.serv, WC, 1 sala(s), cozinha.",57891.78,100000.0,42.11,Venda Direta Online,,NOSSA SENHORA DO SOCORRO,SE,Não
8444431067431,"RUA B, N. 0, QD 18 LT 09B",SANTA INES,"Casa, 125.00 de área total, 125.00 de área privativa, 125.00 de área do terreno,  2 qto(s), a.serv, WC, 1 sala(s), cozinha.",57891.78,100000.0,42.11,Licitação Aberta,,NOSSA SENHORA DO SOCORRO,SE,Não
8444416131965,"TRAVESSA 12, N. 14, LT 04-B QD 100",COMPLEXO JARDIM,"Casa, 0.00 de área total, 57.75 de área privativa, 125.00 de área do terreno,  2 qto(s), varanda, a.serv, WC, 1 sala(s), cozinha.",75305.5,130000.0,42.08,Venda Direta Online,,NOSSA SENHORA DO SOCORRO,SE,Não
8444419284509,"RUA Q, N. 283A, LT 283A QD 13",LOT PARQUE SANTA RIT,"Casa, 62.55 de área total, 62.55 de área privativa, 125.00 de área do terreno,  2 qto(s), varanda, a.serv, WC, 1 sala(s), cozinha.",79939.69,138000.0,42.08,Licitação Aberta,,NOSSA SENHORA DO SOCORRO,SE,Não
8444427145105,"RUA A, N. 237,",JARDIM SANTA INES,"Casa, 69.35 de área total, 69.35 de área privativa, 132.50 de área do terreno,  2 qto(s), a.serv, WC, 1 sala(s), cozinha.",74146.96,128000.0,42.08,Venda Direta Online,,NOSSA SENHORA DO SOCORRO,SE,Não
8444429691000,"RUA 8 DE FEVEREIRO, N. SN, QD 39",COMPLEXO JARDIM,"Casa, 75.98 de área total, 75.98 de área privativa, 132.50 de área do terreno,  2 qto(s), a.serv, WC, 1 sala(s), cozinha.",79360.41,137000.0,42.08,Venda Direta Online,,NOSSA SENHORA DO SOCORRO,SE,Não
8444429688521,"RUA DA ESCOLA, N. 797, AREA 02",CENTRO HISTORICO,"Casa, 68.55 de área total, 68.55 de área privativa, 127.22 de área do terreno,  2 qto(s), a.serv, WC, 1 sala(s), cozinha, 1 vaga(s) de garagem.",78201.87,135000.0,42.08,Venda Direta Online,,NOSSA SENHORA DO SOCORRO,SE,Não
8787704127117,"RUA FLOR DE GARDENIA, N. 800, Apto 108, BL 04",TAICOCA DE FORA,"Apartamento, 74.73 de área total, 45.65 de área privativa, 0.00 de área do terreno,  2 qto(s), a.serv, WC, 1 sala(s), cozinha, 1 vaga(s) de garagem.",75305.5,130000.0,42.08,Licitação Aberta,,NOSSA SENHORA DO SOCORRO,SE,Não
8787704559890,"RUA FLOR DE GARDENIA, N. 800, Apto 103, BL 03, LT K, QD K, VAGA N 33",TAICOCA DE FORA,"Apartamento, 55.76 de área total, 45.59 de área privativa, 0.00 de área do terreno,  2 qto(s), WC, 1 sala(s), cozinha, 1 vaga(s) de garagem.",74146.96,128000.0,42.08,Licitação Aberta,,NOSSA SENHORA DO SOCORRO,SE,Não
8444425958346,"RUA JOSE ALUIZIO SILVA, N. 227,",PALESTINA DE FORA,"Casa, 97.48 de área total, 97.48 de área privativa, 540.00 de área do terreno,  2 qto(s), a.serv, WC, 1 sala(s), cozinha.",78201.87,135000.0,42.08,Venda Direta Online,,NOSSA SENHORA DO SOCORRO,SE,Não
8444420167740,"RUA 52, N. 1013, LT 10, QD 86",PARQUE DOS FAROIS,"Casa, 59.63 de área total, 59.63 de área privativa, 125.00 de área do terreno,  2 qto(s), varanda, a.serv, WC, 1 sala(s), cozinha, Terraco, 1 vaga(s) de garagem.",75305.5,130000.0,42.08,Venda Direta Online,,NOSSA SENHORA DO SOCORRO,SE,Não
8444417172509,"RUA 15, N. 615, LT 10B, QD 21,",GUAJARA,"Casa, 62.85 de área total, 62.85 de área privativa, 125.00 de área do terreno,  2 qto(s), varanda, a.serv, WC, 1 sala(s), cozinha, 1 vaga(s) de garagem.",79998.88,138102.19,42.08,Licitação Aberta,,NOSSA SENHORA DO SOCORRO,SE,Não
8444428164588,"RUA 18, N. 113, LT 165 A QD V",GUAJARA,"Casa, 50.14 de área total, 50.14 de área privativa, 400.00 de área do terreno,  2 qto(s), a.serv, WC, 1 sala(s), cozinha, 1 vaga(s) de garagem.",73587.44,127034.1,42.08,Venda Direta Online,,NOSSA SENHORA DO SOCORRO,SE,Não
8444414496400,"RUA 7 DE ABRIL, N. 43, QUADRA 80 LOTE 24D-2",SANTA INES,"Casa, 65.28 de área total, 65.28 de área privativa, 122.50 de área do terreno,  2 qto(s), a.serv, WC, 1 sala(s), cozinha.",79288.72,136876.24,42.08,Venda Direta Online,,NOSSA SENHORA DO SOCORRO,SE,Não
8444420058762,"RUA 08 DE ABRIL, N. 02, QUADRA 72, ÁREA 01",SANTA INES,"Casa, 0.00 de área total, 81.25 de área privativa, 100.00 de área do terreno,  2 qto(s), a.serv, WC, 1 sala(s), cozinha.",74146.96,128000.0,42.08,Licitação Aberta,,NOSSA SENHORA DO SOCORRO,SE,Não
8444425677169,"RUA 2 DE MARCO, N. SN, QD 54 AREA 03",SANTA INES,"Casa, 63.27 de área total, 63.27 de área privativa, 135.00 de área do terreno.",75305.5,130000.0,42.08,Venda Direta Online,,NOSSA SENHORA DO SOCORRO,SE,Não
8444426906382,"RUA 7 DE JANEIRO, N. 302, QD 20 LT 24-A",SANTA INES,"Casa, 60.09 de área total, 60.09 de área privativa, 150.00 de área do terreno,  2 qto(s), varanda, a.serv, WC, 1 sala(s), cozinha.",78201.87,135000.0,42.08,Venda Direta Online,,NOSSA SENHORA DO SOCORRO,SE,Não
8444427352496,"RUA A, N. SN, QD 17 LT 15-A",SANTA INES,"Casa, 51.85 de área total, 51.85 de área privativa, 133.25 de área do terreno,  2 qto(s), a.serv, WC, 1 sala(s), cozinha.",74726.23,129000.0,42.08,Venda Direta Online,,NOSSA SENHORA DO SOCORRO,SE,Não
8444428092161,"AVENIDA SANEAMENTO 2, N. 475, LT 01/02-C, QD 36,  LOT JARDIM VILA NE",SANTA INES,"Casa, 66.42 de área total, 66.42 de área privativa, 129.20 de área do terreno,  2 qto(s), varanda, a.serv, WC, 1 sala(s), cozinha.",78201.87,135000.0,42.08,Venda Direta Online,,NOSSA SENHORA DO SOCORRO,SE,Não
8444428829873,"RUA A, N. SN, QD 17 LT 19-A",SANTA INES,"Casa, 56.29 de área total, 56.29 de área privativa, 133.25 de área do terreno,  2 qto(s).",78201.87,135000.0,42.08,Venda Direta Online,,NOSSA SENHORA DO SOCORRO,SE,Não
8444429782480,"RUA A, N. SN, QD 16 LT 26A",SANTA INES,"Casa, 132.50 de área total, 132.50 de área privativa, 132.50 de área do terreno,  2 qto(s).",78201.87,135000.0,42.08,Licitação Aberta,,NOSSA SENHORA DO SOCORRO,SE,Não
8444413312233,"RUA D, N. 08A, LT 08A QD 21",GUAJARA,"Casa, 66.90 de área total, 66.90 de área privativa, 133.50 de área do terreno,  2 qto(s), varanda, a.serv, WC, 1 sala(s).",11618.21,20000.0,41.91,Venda Direta Online,,NOSSA SENHORA DO SOCORRO,SE,Não
8444415242666,"RUA 05, N. 43, QD 30 LT 02A",COMPLEXO JARDIM,"Casa, 61.65 de área total, 61.65 de área privativa, 125.00 de área do terreno,  2 qto(s), varanda, a.serv, WC, 1 sala(s), cozinha.",23236.42,40000.0,41.91,Venda Direta Online,,NOSSA SENHORA DO SOCORRO,SE,Não
8444429325631,"RUA  A, N. SN, QUADRA 17 LOTE 25/27-B",COMPLEXO JARDIM,"Terreno, 0.00 de área total, 0.00 de área privativa, 133.75 de área do terreno.",11618.21,20000.0,41.91,Venda Online,,NOSSA SENHORA DO SOCORRO,SE,Não
8444429580674,"RUA DA ESCOLA, N. 767, AREA 8",PALESTINA DE FORA,"Casa, 0.00 de área total, 65.88 de área privativa, 126.50 de área do terreno,  2 qto(s), varanda, a.serv, WC, 1 sala(s), cozinha, 1 vaga(s) de garagem.",37178.28,64000.0,41.91,Venda Direta Online,,NOSSA SENHORA DO SOCORRO,SE,Não
8444426816235,"RUA 1, N. SN, QD 15 LT 12-A E B1",SAO BRAS,"Terreno, 0.00 de área total, 0.00 de área privativa, 150.00 de área do terreno.",31950.08,55000.0,41.91,Licitação Aberta,,NOSSA SENHORA DO SOCORRO,SE,Não
8444415862664,"AVENIDA 2, N. 111,  AREA 15, QD F",GUAJARA,"Casa, 69.75 de área total, 69.75 de área privativa, 126.50 de área do terreno,  2 qto(s), a.serv, WC, 1 sala(s), cozinha, 1 vaga(s) de garagem.",36597.37,63000.0,41.91,Venda Direta Online,,NOSSA SENHORA DO SOCORRO,SE,Não
8444426182392,"AVENIDA QUISSAMA (ANTIGA ESTRADA PARA QUISSAMA), N. 630, LT 24A QD B",GUAJARA,"Casa, 0.00 de área total, 61.55 de área privativa, 125.00 de área do terreno,  2 qto(s), varanda, a.serv, WC, 1 sala(s), cozinha.",29626.44,51000.0,41.91,Venda Direta Online,,NOSSA SENHORA DO SOCORRO,SE,Não
8444414529465,"RUA DAS MARGARIDAS, N. 135, AREA C QD 13",SANTA INES,"Casa, 66.82 de área total, 66.82 de área privativa, 125.00 de área do terreno,  2 qto(s), varanda, a.serv, WC, 1 sala(s), cozinha.",41825.56,72000.0,41.91,Venda Direta Online,,NOSSA SENHORA DO SOCORRO,SE,Não
8444426057881,"RUA C, N. SN, QD 22 LT 38B",SANTA INES,"Terreno, 0.00 de área total, 0.00 de área privativa, 133.25 de área do terreno.",15684.59,27000.0,41.91,Venda Direta Online,,NOSSA SENHORA DO SOCORRO,SE,Não
8444426419430,"AVENIDA ROSA DE MAIO, N. 196, QD 65 AREA 01",SANTA INES,"Casa, 66.12 de área total, 66.12 de área privativa, 169.58 de área do terreno,  2 qto(s), WC, 2 sala(s), cozinha.",48215.58,83000.0,41.91,Venda Online,,NOSSA SENHORA DO SOCORRO,SE,Não
8444426595964,"RUA D, N. SN, QD 06 LT 61A",SANTA INES,"Casa, 60.00 de área total, 60.00 de área privativa, 132.50 de área do terreno,  2 qto(s), a.serv, WC, 1 sala(s), cozinha.",16614.04,28600.0,41.91,Licitação Aberta,,NOSSA SENHORA DO SOCORRO,SE,Não
8444426808410,"RUA 9 DE JANEIRO, N. SN, QUADRA 19, LOTE Nº 05",SANTA INES,"Terreno, 0.00 de área total, 0.00 de área privativa, 125.00 de área do terreno.",10456.39,18000.0,41.91,Venda Direta Online,,NOSSA SENHORA DO SOCORRO,SE,Não
8444427514224,"PRACA 15 DE JANEIRO, N. SN, LOTE Nº 28 QUADRA 19",SANTA INES,"Terreno, 0.00 de área total, 0.00 de área privativa, 132.90 de área do terreno.",22074.6,38000.0,41.91,Venda Online,,NOSSA SENHORA DO SOCORRO,SE,Não
8444429585315,"RUA D, N. SN, LT 28 QD 20",SANTA INES,"Casa, 69.90 de área total, 69.90 de área privativa, 200.00 de área do terreno,  2 qto(s), a.serv, WC, 1 sala(s), cozinha, 1 vaga(s) de garagem.",29045.53,50000.0,41.91,Licitação Aberta,,NOSSA SENHORA DO SOCORRO,SE,Não
8444429744669,"RUA 8 DE FEVEREIRO, N. SN, QD 39 AREA 03",SANTA INES,"Casa, 60.00 de área total, 60.00 de área privativa, 133.75 de área do terreno,  2 qto(s), a.serv, WC, 1 sala(s), cozinha, 1 vaga(s) de garagem.",17136.86,29500.0,41.91,Licitação Aberta,,NOSSA SENHORA DO SOCORRO,SE,Não
8444431691291,"AVENIDA SANEAMENTO 1, N. SN, LT 38-C QD 20",SANTA INES,"Terreno, 0.00 de área total, 0.00 de área privativa, 125.00 de área do terreno.",26140.98,45000.0,41.91,Venda Direta Online,,NOSSA SENHORA DO SOCORRO,SE,Não
8444418524530,"RUA 11, N. 1397, QD G LT 35-K",COMPEXO JARDIM,"Casa, 59.42 de área total, 59.42 de área privativa, 125.00 de área do terreno,  2 qto(s), varanda, a.serv, WC, 1 sala(s), cozinha.",81379.36,139000.0,41.46,Venda Direta Online,,NOSSA SENHORA DO SOCORRO,SE,Não
8444422536238,"RUA 6 DE FEVEREIRO, N. 231,  QUADRA 35 LOTE 20",COMPLEXP JARDIM,"Casa, 67.30 de área total, 67.30 de área privativa, 133.75 de área do terreno,  1 qto(s), varanda, a.serv, WC, 1 sala(s), cozinha, 1 vaga(s) de garagem.",81964.82,140000.0,41.46,Venda Direta Online,,NOSSA SENHORA DO SOCORRO,SE,Não
8444427167478,"RUA D, N. 380, LT 15, QD 18",COMPLEXO JARDIM,"Casa, 63.90 de área total, 63.90 de área privativa, 200.00 de área do terreno,  2 qto(s), a.serv, WC, 1 sala(s), cozinha.",84306.67,144000.0,41.46,Venda Direta Online,,NOSSA SENHORA DO SOCORRO,SE,Não
8444428053220,"RUA CENTO E VINTE E SEIS, N. SN, L 7693 QD GH",COMPLEXO JARD,"Terreno, 0.00 de área total, 0.00 de área privativa, 140.00 de área do terreno.",82028.9,140109.46,41.46,Licitação Aberta,,NOSSA SENHORA DO SOCORRO,SE,Não
8787704122077,"RUA FLOR DE GARDENIA, N. 800, Apto 302, BL 02",TAICOCA DE FORA,"Apartamento, 67.07 de área total, 46.40 de área privativa, 0.00 de área do terreno,  2 qto(s), a.serv, WC, 1 sala(s), cozinha, 1 vaga(s) de garagem.",81964.82,140000.0,41.46,Licitação Aberta,,NOSSA SENHORA DO SOCORRO,SE,Não
8787704226450,"RUA FLOR DE GARDENIA, N. 800, Apto 208, BL 04 VG 151",TAICOCA DE FORA,"Apartamento, 45.59 de área total, 45.59 de área privativa, 0.00 de área do terreno,  2 qto(s), a.serv, WC, 1 sala(s), cozinha, 1 vaga(s) de garagem.",90746.77,155000.0,41.46,Venda Online,,NOSSA SENHORA DO SOCORRO,SE,Não
8787710050775,"AVENIDA PREFEITO HUMBERTO DOS SANTOS, N. 1500, Apto 004, BL 01 ANTURIO ETAPA 2 VAGA DE GARAG 41",FERNANDO COLLOR,"Apartamento, 54.54 de área total, 50.89 de área privativa, 0.00 de área do terreno,  2 qto(s), a.serv, WC, 1 sala(s), cozinha, 1 vaga(s) de garagem.",88404.91,151000.0,41.46,Licitação Aberta,,NOSSA SENHORA DO SOCORRO,SE,Não
8444415058172,"RUA 133, N. 06-B, QD EY LT 06-B",SANTA CECILIA,"Casa, 59.63 de área total, 59.63 de área privativa, 125.00 de área do terreno,  2 qto(s), varanda, a.serv, WC, 1 sala(s), cozinha.",81964.82,140000.0,41.46,Venda Direta Online,,NOSSA SENHORA DO SOCORRO,SE,Não
8444421548305,"RUA PROFESSOR ANTONIO AYRES, N. 39, LT 1745D QD 36",PAI ANDRE,"Casa, 64.49 de área total, 64.49 de área privativa, 125.00 de área do terreno,  2 qto(s), varanda, a.serv, WC, 1 sala(s), cozinha.",81379.36,139000.0,41.46,Licitação Aberta,,NOSSA SENHORA DO SOCORRO,SE,Não
8444419634836,"RUA M, N. 152, LT 37-B, QD 20",JARDIM,"Casa, 67.50 de área total, 67.50 de área privativa, 125.00 de área do terreno,  2 qto(s), a.serv, WC, 1 sala(s), cozinha, 1 vaga(s) de garagem.",81964.82,140000.0,41.46,Venda Direta Online,,NOSSA SENHORA DO SOCORRO,SE,Não
8444427020485,"PRAÇA 15 DE JANEIRO, N. 139, QD 19 LT 29",JARDIM,"Casa, 68.99 de área total, 68.99 de área privativa, 134.55 de área do terreno,  2 qto(s), varanda, a.serv, WC, 1 sala(s), cozinha.",85477.6,146000.0,41.46,Venda Direta Online,,NOSSA SENHORA DO SOCORRO,SE,Não
8444426147546,"RUA 4 DE ABRIL, N. 95, LT 13 QD 72",SANTA INES,"Casa, 67.86 de área total, 67.86 de área privativa, 200.00 de área do terreno,  2 qto(s), varanda, a.serv, WC, 1 sala(s), cozinha, 1 vaga(s) de garagem.",81964.82,140000.0,41.46,Venda Online,,NOSSA SENHORA DO SOCORRO,SE,Não
8444426222327,"RUA DAS MARGARIDAS, N. 287, LT 09-A QD 80",SANTA INES,"Casa, 69.27 de área total, 69.27 de área privativa, 133.75 de área do terreno,  2 qto(s), a.serv, WC, 1 sala(s), cozinha, 1 vaga(s) de garagem.",81964.82,140000.0,41.46,Venda Direta Online,,NOSSA SENHORA DO SOCORRO,SE,Não
8444421737655,"RUA 7 DE JANEIRO, N. 281, LT 18 QD 19",COMPLEXO JARDIM,"Casa, 62.90 de área total, 62.90 de área privativa, 180.00 de área do terreno,  2 qto(s), a.serv, WC, 1 sala(s), cozinha.",47852.56,81000.0,40.93,Venda Online,,NOSSA SENHORA DO SOCORRO,SE,Não
8444417724137,"PRAÇA S, N. 58, LT 56 QD GU",COMPEXO JARDIM,"Casa, 64.20 de área total, 64.20 de área privativa, 125.00 de área do terreno,  2 qto(s), a.serv, WC, 1 sala(s), cozinha.",94815.14,160000.0,40.75,Venda Direta Online,,NOSSA SENHORA DO SOCORRO,SE,Não
8444426366825,"RUA PADRE MANOEL GOMES, N. SN, LT 04",NOSSA SENHORA DO SOC,"Casa, 77.22 de área total, 77.22 de área privativa, 141.40 de área do terreno,  3 qto(s), a.serv, WC, 1 sala(s), cozinha.",94815.14,160000.0,40.75,Venda Direta Online,,NOSSA SENHORA DO SOCORRO,SE,Não
8444426307527,"AVENIDA SANEAMENTO, N. SN, LOTE 02/04 B",SANTA CECILIA,"Casa, 60.74 de área total, 60.74 de área privativa, 125.00 de área do terreno,  1 qto(s), a.serv, WC, 1 sala(s), cozinha.",94815.14,160000.0,40.75,Venda Direta Online,,NOSSA SENHORA DO SOCORRO,SE,Não
8787706945879,"RUA SAO JOAO, N. 440, Apto 004, BLOCO 10 LOTUS DO MÓDULO II",JARDIM,"Apartamento, 50.47 de área total, 47.00 de área privativa, 0.00 de área do terreno,  2 qto(s), a.serv, WC, 1 sala(s), cozinha, 1 vaga(s) de garagem.",96592.92,163000.0,40.75,Venda Direta Online,,NOSSA SENHORA DO SOCORRO,SE,Não
8444415476454,"RUA A, N. 50, QD 03",SANTA INES,"Casa, 66.50 de área total, 66.50 de área privativa, 125.00 de área do terreno,  2 qto(s), a.serv, WC, 1 sala(s), cozinha.",96917.03,163546.94,40.75,Venda Direta Online,,NOSSA SENHORA DO SOCORRO,SE,Não
8444417506083,"RUA A, N. 50, LT 39-A QD 11",SANTA INES,"Casa, 65.15 de área total, 65.15 de área privativa, 150.00 de área do terreno,  2 qto(s), a.serv, WC, 1 sala(s), cozinha, 1 vaga(s) de garagem.",92444.76,156000.0,40.75,Venda Direta Online,,NOSSA SENHORA DO SOCORRO,SE,Não
8444417719400,"RUA 6 DE ABRIL, N. 440, LT 14-A3 QD 76",SANTA INES,"Casa, 69.58 de área total, 69.58 de área privativa, 69.58 de área do terreno,  2 qto(s), varanda, a.serv, WC, 1 sala(s), cozinha.",103704.06,175000.0,40.75,Venda Online,,NOSSA SENHORA DO SOCORRO,SE,Não
8444408907240,"RUA F, N. 79A, QD E LT 79A",PARQUE MAIO,"Casa, 53.40 de área total, 53.40 de área privativa, 60.00 de área do terreno,  2 qto(s), WC, 2 sala(s), cozinha.",61432.9,103000.0,40.36,Venda Direta Online,,NOSSA SENHORA DO SOCORRO,SE,Não
8444407751565,"RUA 49, N. 87, LT 2462B QD A65",PARQUE DOS FAROIS,"Casa, 65.92 de área total, 65.92 de área privativa, 125.00 de área do terreno,  2 qto(s), WC, 1 sala(s), cozinha, 1 vaga(s) de garagem.",61432.9,103000.0,40.36,Licitação Aberta,,NOSSA SENHORA DO SOCORRO,SE,Não
8444422036359,"R C, N. 397, LT 48-B, QD 3",COMPEXO JARDIM,"Casa, 64.35 de área total, 64.35 de área privativa, 133.75 de área do terreno,  2 qto(s), a.serv, WC, 1 sala(s), 1 vaga(s) de garagem.",71789.15,120000.0,40.18,Venda Direta Online,,NOSSA SENHORA DO SOCORRO,SE,Não
8444408063263,"AVENIDA TUPINIQUINS, N. 265, Apto 301, BL 19",SAO BRAS,"Apartamento, 43.83 de área total, 43.83 de área privativa, 0.00 de área do terreno,  2 qto(s), WC, 1 sala(s), cozinha.",68797.93,115000.0,40.18,Licitação Aberta,,NOSSA SENHORA DO SOCORRO,SE,Não
8444412720559,"RUA 65-62, N. 46, QUADRA 120116, LOTE 23",MARCOS FREIRE II,"Casa, 100.01 de área total, 100.01 de área privativa, 135.00 de área do terreno,  2 qto(s), 1 sala(s), cozinha.",109200.0,182000.0,40.0,Leilão SFI - Edital Único,,NOSSA SENHORA DO SOCORRO,SE,Não
8444422116824,"PRACA 10 DE MARCO, N. 232, LT 03B, QD 60",COMPLEXO JARDIM,"Casa, 0.00 de área total, 57.00 de área privativa, 125.00 de área do terreno,  2 qto(s), varanda, a.serv, WC, 1 sala(s), cozinha.",57373.12,95000.0,39.61,Venda Direta Online,,NOSSA SENHORA DO SOCORRO,SE,Não
8444426187033,"R PADRE MANOEL GOMES, N. S/N, LT 12",Centro,"Terreno, 141.40 de área total, 0.00 de área privativa, 141.40 de área do terreno,  2 qto(s), a.serv, WC, 1 sala(s), cozinha.",116933.24,193465.63,39.56,Venda Direta Online,,NOSSA SENHORA DO SOCORRO,SE,Não
8444406039977,"AVENIDA ROSA DE MAIO, N. 188, AREA 01 QD 65",SANTA INES,"Casa, 69.67 de área total, 69.67 de área privativa, 179.62 de área do terreno,  2 qto(s), a.serv, WC, 1 sala(s), cozinha.",45444.03,75000.0,39.41,Venda Direta Online,,NOSSA SENHORA DO SOCORRO,SE,Não
8444404188410,"RUA FABIO OLIVEIRA BARRETO, N. 03, LT 12-B QD 03",PIABETA,"Casa, 122.79 de área total, 122.79 de área privativa, 144.29 de área do terreno,  2 qto(s), a.serv, WC, 3 sala(s), cozinha, 1 vaga(s) de garagem.",94623.28,155000.0,38.96,Venda Direta Online,,NOSSA SENHORA DO SOCORRO,SE,Não
1444404678680,"RUA PORTO DA FOLHA, N. 602, QD 108, LT 29",JOAO ALVES,"Casa, 230.50 de área total, 27.00 de área privativa, 265.00 de área do terreno,  1 qto(s), WC, 1 sala(s), cozinha.",214774.92,337000.0,36.27,Venda Direta Online,,NOSSA SENHORA DO SOCORRO,SE,Sim
8444426827695,"RUA B, N. S/N, QD 05 LT 38A",SANTA INES,"Casa, 0.00 de área total, 62.75 de área privativa, 125.00 de área do terreno,  2 qto(s), varanda, a.serv, WC, 1 sala(s), cozinha, 1 vaga(s) de garagem.",67135.8,74000.0,9.28,Venda Direta Online,,NOSSA SENHORA DO SOCORRO,SE,Não
8444413867979,"RUA 12 DE MARCO, N. 18A-1, LOT JD ROSA DE MAIO COMPLEXO J",COMPLEXO JARDIM,"Casa, 58.73 de área total, 58.73 de área privativa, 162.50 de área do terreno,  2 qto(s), varanda, a.serv, WC, 1 sala(s), cozinha.",118500.0,118500.0,0.0,Leilão SFI - Edital Único,,NOSSA SENHORA DO SOCORRO,SE,Não
8444417448261,"RUA 13 DE MARÇO, N. 218, LT 26E QD 53",SANTA INES,"Casa, 61.22 de área total, 61.22 de área privativa, 125.00 de área do terreno,  2 qto(s), varanda, a.serv, WC, 1 sala(s), cozinha, 1 vaga(s) de garagem.",120000.0,120000.0,0.0,Leilão SFI - Edital Único,,NOSSA SENHORA DO SOCORRO,SE,Não
8444430708077,"RUA D, N. SN,  LT 16 18C QD 20",COMPEXO JARDIM,"Casa, 66.21 de área total, 66.21 de área privativa, 132.50 de área do terreno,  2 qto(s), a.serv, WC, 1 sala(s), cozinha.",145000.0,145000.0,0.0,Leilão SFI - Edital Único,,NOSSA SENHORA DO SOCORRO,SE,Não
8444416727817,"RUA C3, N. 346, QD 06 AREA 05 3 ETAPA",PIABETA,"Casa, 0.00 de área total, 67.50 de área privativa, 125.00 de área do terreno,  2 qto(s), varanda, a.serv, WC, 1 sala(s), cozinha.",160000.0,160000.0,0.0,Leilão SFI - Edital Único,,NOSSA SENHORA DO SOCORRO,SE,Não
8555524325653,"RUA CONSTRUTOR ORLANDO SILVA, N. 215, Apto 4,  BL. 5",SAO BRAS,"Apartamento, 56.94 de área total, 46.94 de área privativa, 0.00 de área do terreno,  2 qto(s), varanda, a.serv, WC, 1 sala(s), cozinha, 1 vaga(s) de garagem.",123000.0,123000.0,0.0,Leilão SFI - Edital Único,,NOSSA SENHORA DO SOCORRO,SE,Não
8444428295518,"RUA PRINCIPAL 1, N. SN, QB ÁREA 04",SOBRADO,"Terreno, 69.49 de área total, 0.00 de área privativa, 125.00 de área do terreno,  2 qto(s), a.serv, WC, 1 sala(s), cozinha.",140000.0,140000.0,0.0,Leilão SFI - Edital Único,,NOSSA SENHORA DO SOCORRO,SE,Não
8444415145687,"RUA 15, N. 629, LT 540A1 QD 21",GUAJARA,"Casa, 60.81 de área total, 60.81 de área privativa, 125.00 de área do terreno,  2 qto(s), a.serv, WC, 1 sala(s), cozinha, 1 vaga(s) de garagem.",126000.0,126000.0,0.0,Leilão SFI - Edital Único,,NOSSA SENHORA DO SOCORRO,SE,Não
8444415735557,"RUA I, N. 106, 21524ALOTEAMENTO PARQUE SANTA RITA",GUAJARA,"Casa, 64.65 de área total, 64.65 de área privativa, 135.50 de área do terreno,  2 qto(s), a.serv, WC, 1 sala(s), cozinha.",118000.0,118000.0,0.0,Leilão SFI - Edital Único,,NOSSA SENHORA DO SOCORRO,SE,Não
8444423208951,"PRAÇA SEM DENOMINAÇÃO, N. 47, LT 51H QD I",GUAJARA,"Casa, 58.50 de área total, 58.50 de área privativa, 100.00 de área do terreno,  2 qto(s), varanda, a.serv, WC, 1 sala(s), cozinha, 1 vaga(s) de garagem.",95000.0,95000.0,0.0,Leilão SFI - Edital Único,,NOSSA SENHORA DO SOCORRO,SE,Não
8444418052574,"RUA A, N. 53, QD 11 AREA LT 39B",SANTA INES,"Casa, 65.15 de área total, 65.15 de área privativa, 150.00 de área do terreno,  2 qto(s), a.serv, WC, 1 sala(s), cozinha.",115000.0,115000.0,0.0,Leilão SFI - Edital Único,,NOSSA SENHORA DO SOCORRO,SE,Não
8444422935388,"RUA N, N. 47, LT 31A QD 12 LT JD VILA NEY",SANTA INES,"Casa, 68.75 de área total, 68.75 de área privativa, 125.00 de área do terreno,  2 qto(s), a.serv, WC, 1 sala(s), cozinha.",160000.0,160000.0,0.0,Leilão SFI - Edital Único,,NOSSA SENHORA DO SOCORRO,SE,Não
8444423872681,"RUA D, N. 517, QD 21 LT 22B",SANTA INES,"Casa, 65.75 de área total, 65.75 de área privativa, 125.00 de área do terreno,  2 qto(s), varanda, a.serv, WC, 1 sala(s), cozinha.",120000.0,120000.0,0.0,Leilão SFI - Edital Único,,NOSSA SENHORA DO SOCORRO,SE,Não
8444427572232,"RUA D, N. SN, QD 21 LT 64 B",SANTA INES,"Casa, 69.70 de área total, 69.70 de área privativa, 133.75 de área do terreno,  2 qto(s), a.serv, WC, 1 sala(s), cozinha, 1 vaga(s) de garagem.",140000.0,140000.0,0.0,Leilão SFI - Edital Único,,NOSSA SENHORA DO SOCORRO,SE,Não
8444429207264,"RUA F, N. SN, QUADRA 25  LOTE Nº 37A",SANTA INES,"Terreno, 75.98 de área total, 0.00 de área privativa, 132.50 de área do terreno.",135000.0,135000.0,0.0,Leilão SFI - Edital Único,,NOSSA SENHORA DO SOCORRO,SE,Não
8444429933453,"RUA PERIMETRAL CENTRO, N. SN, LT 36C 36D05",SANTA INES,"Casa, 64.80 de área total, 64.80 de área privativa, 152.13 de área do terreno,  2 qto(s), a.serv, WC, 1 sala(s), cozinha, 1 vaga(s) de garagem.",145721.22,145000.0,0.0,Leilão SFI - Edital Único,,NOSSA SENHORA DO SOCORRO,SE,Não
8444421989085,"RUA 63, N. 532, LT 19A QD DH",SANTA CECILIA,"Casa, 62.49 de área total, 62.49 de área privativa, 125.00 de área do terreno,  2 qto(s), a.serv, WC, 1 sala(s), cozinha.",121789.13,120000.0,0.0,Leilão SFI - Edital Único,,NOSSA SENHORA DO SOCORRO,SE,Não
8444409123561,"RUA 49, N. SN, LT 2509 A QD A 67",PARQUE DOS FAROIS,"Casa, 69.87 de área total, 69.87 de área privativa, 125.00 de área do terreno,  3 qto(s), a.serv, WC, 1 sala(s), cozinha, 1 vaga(s) de garagem.",97440.8,95000.0,0.0,Leilão SFI - Edital Único,,NOSSA SENHORA DO SOCORRO,SE,Não
8444424713714,"RUA TRINTA E DOIS, N. 252, QD A36 LT 1386B",PARQUE DOS FAROIS,"Casa, 64.54 de área total, 64.54 de área privativa, 126.00 de área do terreno,  2 qto(s), a.serv, WC, 1 sala(s), cozinha, 1 vaga(s) de garagem.",147045.27,142000.0,0.0,Leilão SFI - Edital Único,,NOSSA SENHORA DO SOCORRO,SE,Não
8444424720044,"RUA DEZ, N. SN, 06  LOTEAMENTO GUAJARA CITY PARQUE",COMPLEXO JARDIM,"Casa, 68.75 de área total, 68.75 de área privativa, 128.18 de área do terreno,  2 qto(s), a.serv, WC, 1 sala(s), cozinha.",124445.1,120000.0,0.0,Leilão SFI - Edital Único,,NOSSA SENHORA DO SOCORRO,SE,Não
8444427402949,"AVENIDA SANEAMENTO 1, N. 104, LOTE B4 QUADRA 14",SANTA INES,"Casa, 67.86 de área total, 67.86 de área privativa, 0.00 de área do terreno,  2 qto(s), varanda, a.serv, WC, 1 sala(s), cozinha.",136319.45,130000.0,0.0,Leilão SFI - Edital Único,,NOSSA SENHORA DO SOCORRO,SE,Não
8444424417104,"RUA 12 DE MARCO, N. 170, QD 57 LT 01 B",COMPLEXO JARDIM,"Casa, 64.45 de área total, 64.45 de área privativa, 125.00 de área do terreno,  2 qto(s), a.serv, WC, 1 sala(s), cozinha, 1 vaga(s) de garagem.",116805.5,110000.0,0.0,Leilão SFI - Edital Único,,NOSSA SENHORA DO SOCORRO,SE,Não
8444416857435,"RUA 08 DE FEVEREIRO, N. 54, QD 37  LT 31",GUAJARA,"Casa, 66.09 de área total, 66.09 de área privativa, 200.00 de área do terreno,  2 qto(s), a.serv, WC, 1 sala(s), cozinha, 1 vaga(s) de garagem.",104516.81,95000.0,0.0,Leilão SFI - Edital Único,,NOSSA SENHORA DO SOCORRO,SE,Não
8444419964372,"RUA 8 DE FEVEREIRO, N. 352, QD 37 LOT JD ROSA DE MAI",COMPLEXO JARDIM,"Casa, 56.92 de área total, 56.92 de área privativa, 138.00 de área do terreno,  2 qto(s), a.serv, WC, 1 sala(s), cozinha, 1 vaga(s) de garagem.",119763.18,100000.0,0.0,Leilão SFI - Edital Único,,NOSSA SENHORA DO SOCORRO,SE,Não
8444425605672,"RUA 02, N. 242, QD K LOT GUAJARA CITY PQ ÁREA 15",COMPLEXO JARDIM,"Casa, 58.02 de área total, 58.02 de área privativa, 125.00 de área do terreno,  2 qto(s), varanda, a.serv, WC, 1 sala(s), cozinha, 1 vaga(s) de garagem.",128019.81,100000.0,0.0,Leilão SFI - Edital Único,,NOSSA SENHORA DO SOCORRO,SE,Não
8444425232060,"RUA 102, N. 557, LT 48A QD DG",SANTA CECILIA,"Casa, 68.16 de área total, 68.16 de área privativa, 125.00 de área do terreno,  2 qto(s), a.serv, WC, 1 sala(s), cozinha, 1 vaga(s) de garagem.",141560.84,105000.0,0.0,Leilão SFI - Edital Único,,NOSSA SENHORA DO SOCORRO,SE,Não
8444428010238,"RUA 126, N. SN, LT 7847 QD GI",SANTA CECILIA,"Casa, 64.97 de área total, 64.97 de área privativa, 140.00 de área do terreno,  2 qto(s), a.serv, WC, 1 sala(s), cozinha, 1 vaga(s) de garagem.",144238.24,101000.0,0.0,Leilão SFI - Edital Único,,NOSSA SENHORA DO SOCORRO,SE,Não
8444427060886,"RUA A, N. 231, LT 10 LT JD SANTA INES",COMPLEXO JARDIM,"Casa, 69.88 de área total, 69.88 de área privativa, 135.00 de área do terreno,  2 qto(s), a.serv, WC, 1 sala(s), cozinha.",137661.2,90000.0,0.0,Leilão SFI - Edital Único,,NOSSA SENHORA DO SOCORRO,SE,Não
8444426370628,"RUA PADRE MANOEL GOMES, N. SN, LOTE 20",CENTRO HISTORICO,"Terreno, 0.00 de área total, 0.00 de área privativa, 141.40 de área do terreno.",182310.31,65000.0,0.0,Leilão SFI - Edital Único,,NOSSA SENHORA DO SOCORRO,SE,Não
8444430977175,"RUA B, N. SN, QD 21 LT 01B",SANTA INES,"Terreno, 0.00 de área total, 0.00 de área privativa, 125.00 de área do terreno.",143283.3,51000.0,0.0,Leilão SFI - Edital Único,,NOSSA SENHORA DO SOCORRO,SE,Não
8444424189128,"RUA 04, N. SN, QD T LT AREA 01",GUAJARA,"Terreno, 0.00 de área total, 0.00 de área privativa, 128.36 de área do terreno.",140598.3,47700.0,0.0,Leilão SFI - Edital Único,,NOSSA SENHORA DO SOCORRO,SE,Não
8444428784861,"RUA PRINCIPAL, N. SN, AREA 5 QD B",LOT JARDIM TAYNA,"Terreno, 0.00 de área total, 0.00 de área privativa, 125.00 de área do terreno.",151139.6,35000.0,0.0,Leilão SFI - Edital Único,,NOSSA SENHORA DO SOCORRO,SE,Não
8444417699280,"RUA Q, N. 283-B, Q13  PARQUE SANTA RITA",COMPLEXO JARDIM,"Casa, 62.55 de área total, 62.55 de área privativa, 125.00 de área do terreno,  2 qto(s), a.serv, WC, 1 sala(s), cozinha.",114488.03,23000.0,0.0,Leilão SFI - Edital Único,,NOSSA SENHORA DO SOCORRO,SE,Não
8444423312970,"RUA A, N. SN, QD 10 LOT PQ SANTA RITA",COMPLEXO JARDIM,"Terreno, 0.00 de área total, 0.00 de área privativa, 132.50 de área do terreno.",113918.39,22500.0,0.0,Leilão SFI - Edital Único,,NOSSA SENHORA DO SOCORRO,SE,Não
8444428458450,"RUA F, N. SN, QD 25 LT 35B",COMPLEXO JARDIM,"Terreno, 0.00 de área total, 0.00 de área privativa, 133.75 de área do terreno.",128518.0,25000.0,0.0,Leilão SFI - Edital Único,,NOSSA SENHORA DO SOCORRO,SE,Não
8444428624422,"RUA A, N. SN, AREA 03 QD 02",JARDIM,"Terreno, 0.00 de área total, 0.00 de área privativa, 132.50 de área do terreno.",145139.25,27500.0,0.0,Leilão SFI - Edital Único,,NOSSA SENHORA DO SOCORRO,SE,Não
8444426997469,"RUA SEM DENOMINACAO, N. SN, QD A LOTES 01 02 03 E 04B",JD GUAJARA MIRIM,"Terreno, 0.00 de área total, 0.00 de área privativa, 125.16 de área do terreno.",148250.5,25000.0,0.0,Leilão SFI - Edital Único,,NOSSA SENHORA DO SOCORRO,SE,Não
8444426603789,"RUA 9 DE JANEIRO, N. SN, QD 19 LT 04",SANTA INES,"Terreno, 0.00 de área total, 0.00 de área privativa, 125.00 de área do terreno.",145310.78,20000.0,0.0,Leilão SFI - Edital Único,,NOSSA SENHORA DO SOCORRO,SE,Não
8444429724668,"RUA 8 DE FEVEREIRO, N. SN, QD 39 AREA 02",ROSA DE MAIO,"Terreno, 0.00 de área total, 0.00 de área privativa, 133.75 de área do terreno.",148443.6,20000.0,0.0,Leilão SFI - Edital Único,,NOSSA SENHORA DO SOCORRO,SE,Não
10286332,"RUA A, N. 00, QD 04, LT 21",POVOADO AREIA BRANCA,"Terreno, 0.00 de área total, 0.00 de área privativa, 192.00 de área do terreno.",14239.13,23500.0,39.41,Venda Direta Online,,PACATUBA,SE,Não
10286333,"RUA A, N. 00, QD 05, LT 13",POVOADO AREIA BRANCA,"Terreno, 0.00 de área total, 0.00 de área privativa, 210.14 de área do terreno.",15148.01,25000.0,39.41,Venda Direta Online,,PACATUBA,SE,Não
10286334,"RUA A, N. 00, QD 04, LT 25",POVOADO AREIA BRANCA,"Terreno, 0.00 de área total, 0.00 de área privativa, 228.72 de área do terreno.",15935.71,26300.0,39.41,Venda Direta Online,,PACATUBA,SE,Não
10286336,"RUA A, N. 00, QD 04, LT 19",POVOADO AREIA BRANCA,"Terreno, 0.00 de área total, 0.00 de área privativa, 192.00 de área do terreno.",14239.13,23500.0,39.41,Venda Direta Online,,PACATUBA,SE,Não
10286337,"RUA A, N. 00, QD 05, LT 12",POVOADO AREIA BRANCA,"Terreno, 0.00 de área total, 0.00 de área privativa, 176.40 de área do terreno.",13512.02,22300.0,39.41,Venda Direta Online,,PACATUBA,SE,Não
10286338,"RUA A, N. 00, QD 04, LT 17",POVOADO AREIA BRANCA,"Terreno, 0.00 de área total, 0.00 de área privativa, 192.00 de área do terreno.",14239.13,23500.0,39.41,Venda Direta Online,,PACATUBA,SE,Não
10286339,"RUA A, N. 00, QD 05, LT 10",POVOADO AREIA BRANCA,"Terreno, 0.00 de área total, 0.00 de área privativa, 176.40 de área do terreno.",13512.02,22300.0,39.41,Venda Direta Online,,PACATUBA,SE,Não
10286340,"RUA A, N. 00, QD 04, LT 15",POVOADO AREIA BRANCA,"Terreno, 0.00 de área total, 0.00 de área privativa, 192.00 de área do terreno.",14239.13,23500.0,39.41,Venda Direta Online,,PACATUBA,SE,Não
10286341,"RUA A, N. 00, QD 04, LT 23",POVOADO AREIA BRANCA,"Terreno, 0.00 de área total, 0.00 de área privativa, 192.00 de área do terreno.",14239.13,23500.0,39.41,Venda Direta Online,,PACATUBA,SE,Não
1444406350011,"RUA FRANCISCO TOLENTINO, N. 69,",CENTRO,"Casa, 103.55 de área total, 103.55 de área privativa, 178.21 de área do terreno,  3 qto(s), WC, 3 sala(s), cozinha.",73436.72,148000.0,50.39,Venda Direta Online,,PEDRINHAS,SE,Não
1444419790953,"RUA BUENOS AIRES, N. 221, LT 02 QD A",BUENOS AIRES,"Casa, 164.57 de área total, 164.57 de área privativa, 218.17 de área do terreno,  3 qto(s), varanda, a.serv, WC, 3 sala(s), cozinha, 1 vaga(s) de garagem.",110149.07,200000.0,44.93,Venda Direta Online,,PEDRINHAS,SE,Sim
8444429371455,"RUA SETE DE SETEMBRO, N. SN, LT 01 QD 01",CARAIBAS,"Terreno, 0.00 de área total, 0.00 de área privativa, 114.00 de área do terreno.",17717.77,30500.0,41.91,Licitação Aberta,,PORTO DA FOLHA,SE,Não
8444428319727,"RUA A, N. SN, QD 06 LT 02",CARAIBAS,"Casa, 103.05 de área total, 103.05 de área privativa, 105.00 de área do terreno,  2 qto(s), varanda, a.serv, WC, 1 sala(s), cozinha.",93629.95,158000.0,40.75,Licitação Aberta,,PORTO DA FOLHA,SE,Não
8444413447090,"RUA PROJETADA D, N. 06, LT 14 QD 13",Catende,"Casa, 95.68 de área total, 95.68 de área privativa, 144.87 de área do terreno,  3 qto(s), a.serv, WC, 1 sala(s), cozinha, 1 vaga(s) de garagem.",78201.87,135000.0,42.08,Licitação Aberta,,RIBEIROPOLIS,SE,Não
1444420507283,"RUA  A, N. 0, LT 36 QD A",POVOADO ZALOQ,"Terreno, 0.00 de área total, 0.00 de área privativa, 250.00 de área do terreno.",41559.3,96000.0,56.71,Venda Direta Online,,SAO CRISTOVAO,SE,Não
8444432307991,"RUA MANOEL CORREIA FARIAS, N. 260, Apto 01, BL 04",MADRE PAULINA,"Apartamento, 43.54 de área total, 43.54 de área privativa, 0.00 de área do terreno,  2 qto(s), a.serv, WC, 1 sala(s), cozinha, 1 vaga(s) de garagem.",83428.47,150000.0,44.39,Venda Direta Online,,SAO CRISTOVAO,SE,Sim
8444426612672,"RUA H, N. 14 B, QD A",ROMUALDO PRADO,"Terreno, 0.00 de área total, 0.00 de área privativa, 125.00 de área do terreno.",24354.68,43000.0,43.37,Venda Direta Online,,SAO CRISTOVAO,SE,Não
8444434351866,"RUA MANOEL CORREA FARIAS, N. S/N, Apto 304, QD 5, BL 3",EDUARDO GOMES,"Apartamento, 43.54 de área total, 43.54 de área privativa, 0.00 de área do terreno,  2 qto(s), a.serv, WC, 1 sala(s), cozinha.",78781.14,136000.0,42.08,Venda Direta Online,,SAO CRISTOVAO,SE,Não
8444426580550,"RUA A, N. SN, LT 38-A QD A",POVOADO ZALOQUE,"Terreno, 0.00 de área total, 0.00 de área privativa, 125.00 de área do terreno.",14522.77,25000.0,41.91,Licitação Aberta,,SAO CRISTOVAO,SE,Não
8444428546162,"RUA C, N. SN, QD B, LT 18",MARCELO DEDA,"Terreno, 0.00 de área total, 0.00 de área privativa, 147.00 de área do terreno.",20331.87,35000.0,41.91,Venda Direta Online,,SAO CRISTOVAO,SE,Não
8555534972554,"POVOADO CABRITA, N. 305, Apto 602, BL 05",Jabotiana,"Apartamento, 80.85 de área total, 64.96 de área privativa, 0.00 de área do terreno,  3 qto(s), varanda, a.serv, WC, 1 sala(s), cozinha.",103704.06,175000.0,40.75,Licitação Aberta,,SAO CRISTOVAO,SE,Não
8444406351814,"RUA JOSE MANUEL XAVIER DA SILVA, N. 1002, Apto 02, BL01",ROSA ELZE,"Apartamento, 61.71 de área total, 54.90 de área privativa, 0.00 de área do terreno,  3 qto(s), varanda, a.serv, WC, 1 sala(s), cozinha.",65607.95,110000.0,40.36,Licitação Aberta,,SAO CRISTOVAO,SE,Não
8444406457388,"AVENIDA PAULO BARRETO DE MENEZ (ANT AV SANTA CRUZ), N. 554,",SANTA CRUZ,"Casa, 59.32 de área total, 59.32 de área privativa, 100.00 de área do terreno,  2 qto(s), a.serv, WC, 1 sala(s), cozinha.",48473.63,80000.0,39.41,Licitação Aberta,,SAO CRISTOVAO,SE,Não
1555533731830,"ESTRADA DA CABRITA, N. 305, Apto 002, BL 07",VARZEA GRANDE,"Apartamento, 103.26 de área total, 82.96 de área privativa, 0.00 de área do terreno,  3 qto(s), varanda, a.serv, WC, 1 sala(s), cozinha.",203940.58,320000.0,36.27,Venda Online,,SAO CRISTOVAO,SE,Sim
8444428290176,"RUA C, N. SN, LT19 QD B",MARCELO DEDA,"Terreno, 0.00 de área total, 0.00 de área privativa, 147.00 de área do terreno.",72357.86,90000.0,19.61,Venda Online,,SAO CRISTOVAO,SE,Não
8444405259060,"RUA 1, N. 16, LT 16 ANEXO 001",ROSA ELZE,"Casa, 126.00 de área total, 44.21 de área privativa, 126.00 de área do terreno,  2 qto(s), a.serv, WC, 1 sala(s), cozinha.",100000.0,100000.0,0.0,Leilão SFI - Edital Único,,SAO CRISTOVAO,SE,Não
8555537762208,"RUA LAGARTO, N. 167,",LOT VILLA VERDE,"Casa, 44.39 de área total, 44.39 de área privativa, 150.00 de área do terreno,  2 qto(s), WC, 1 sala(s), cozinha.",70255.56,150000.0,53.17,Venda Direta Online,,TOBIAS BARRETO,SE,Não
8444406321923,"RUA D, N. SN, LT 118 QD 05",SANTOS DUMONT,"Casa, 55.70 de área total, 55.70 de área privativa, 160.00 de área do terreno,  2 qto(s), WC, 1 sala(s), cozinha, 1 vaga(s) de garagem.",62625.71,115000.0,45.55,Venda Direta Online,,TOBIAS BARRETO,SE,Não
8555520101475,"RUA TENISSON TAVARES VASCONCELOS, N. 95, 2 ANDAR",CENTRO,"Casa, 160.00 de área total, 160.00 de área privativa, 200.00 de área do terreno,  3 qto(s), varanda, a.serv, WC, 2 sala(s), cozinha.",140132.53,255000.0,45.05,Venda Online,,TOBIAS BARRETO,SE,Sim
8444407794418,"AVENIDA REVERENDO HORACI GRELLEY WILLIAMS JR., N. 1671, LT 248 QD 02",Santos Dumont,"Casa, 53.28 de área total, 53.28 de área privativa, 140.00 de área do terreno,  2 qto(s), varanda, a.serv, WC, 1 sala(s), cozinha.",43568.3,75000.0,41.91,Licitação Aberta,,TOBIAS BARRETO,SE,Não
1444410759280,"RUA JOSEFINA NOGUEIRA, N. 362, LT 3",TOBIAS BARRETO,"Casa, 92.33 de área total, 92.33 de área privativa, 180.18 de área do terreno,  3 qto(s), a.serv, WC, 1 sala(s), cozinha, 1 vaga(s) de garagem.",208000.0,208000.0,0.0,Leilão SFI - Edital Único,,TOBIAS BARRETO,SE,Não
1444403689352,"RUA 24, N. SN, QD 28 LT 12",MACAE,"Casa, 0.00 de área total, 58.34 de área privativa, 146.03 de área do terreno,  2 qto(s), varanda, a.serv, WC, 1 sala(s), cozinha.",423063.93,90000.0,0.0,Leilão SFI - Edital Único,,TOBIAS BARRETO,SE,Não
8444407569422,"RUA PROGETADA G, N. 76, LT 07",CENTRO,"Casa, 70.00 de área total, 70.00 de área privativa, 102.00 de área do terreno,  3 qto(s), a.serv, WC, 1 sala(s), cozinha, 1 vaga(s) de garagem.",80612.93,139000.0,42.01,Venda Direta Online,,TOMAR DO GERU,SE,Sim
1444419403119,"RUA SENHOR DO BOMFIM, N. 184, LT 23 QD A",CENTRO,"Casa, 70.00 de área total, 70.00 de área privativa, 140.00 de área do terreno,  3 qto(s), a.serv, WC, 1 sala(s), cozinha, 1 vaga(s) de garagem.",190092.14,125000.0,0.0,Leilão SFI - Edital Único,,TOMAR DO GERU,SE,Não
1444420107471,"R B, N. 47, LT 31 QD 02",PORTO BELLO,"Casa, 0.00 de área total, 77.94 de área privativa, 173.34 de área do terreno,  3 qto(s), varanda, a.serv, WC, 1 sala(s), cozinha.",87526.53,155000.0,43.54,Venda Direta Online,,UMBAUBA,SE,Não
8444424341434,"RUA D, N. SN, LT 14 QD 04",CENTRO,"Casa, 63.74 de área total, 63.74 de área privativa, 140.00 de área do terreno,  2 qto(s), a.serv, WC, 1 sala(s), cozinha, 1 vaga(s) de garagem.",120000.0,120000.0,0.0,Leilão SFI - Edital Único,,UMBAUBA,SE,Não
8787707368310,"RUA C BR 101 KM 178, N. 187, RESIDENCIAL PORTO BELLO IV  LOTE 187",RES PORTO BELLO IV,"Casa, 67.45 de área total, 67.45 de área privativa, 128.61 de área do terreno,  2 qto(s), a.serv, WC, 1 sala(s), cozinha.",110735.0,105000.0,0.0,Leilão SFI - Edital Único,,UMBAUBA,SE,Não
